date,fold,regime,prediction,pred_direction,actual_return,actual_direction,strategy_return,cumulative_return,confidence,aleatoric,epistemic,correct,pnl_bps,B_pred,B_actual,D_pred,D_actual
2008-10-14,fold_1,GFC peak crash (Lehman + Mar-2009 bottom),0.009122084826231003,1,-0.09382425993680954,-1,-0.09382425993680954,-0.09382425993680954,,,,0,-938.2425993680954,0.006071345880627632,-0.06547101587057114,0.009122084826231003,-2.109097253039619
2008-10-15,fold_1,GFC peak crash (Lehman + Mar-2009 bottom),0.008427482098340988,1,0.05282853543758392,1,0.05282853543758392,-0.040995724499225616,,,,1,528.2853543758392,0.007662849500775337,0.0003273205365985632,0.008427482098340988,1.1070436320743604
2008-10-16,fold_1,GFC peak crash (Lehman + Mar-2009 bottom),0.008339215070009232,1,0.0012392186326906085,1,0.0012392186326906085,-0.03975650586653501,,,,1,12.392186326906085,0.00501626543700695,-0.05642925575375557,0.008339215070009232,0.02550105319463656
2008-10-17,fold_1,GFC peak crash (Lehman + Mar-2009 bottom),0.008318692445755005,1,0.027482815086841583,1,0.027482815086841583,-0.012273690779693425,,,,1,274.82815086841583,0.005615847185254097,-0.09033822268247604,0.008318692445755005,0.5718398491366828
2008-10-20,fold_1,GFC peak crash (Lehman + Mar-2009 bottom),0.008517004549503326,1,-0.05319732427597046,-1,-0.05319732427597046,-0.06547101505566388,,,,0,-531.9732427597046,0.006006879732012749,-0.14600127935409546,0.008517004549503326,-1.12620021320199
2008-10-21,fold_1,GFC peak crash (Lehman + Mar-2009 bottom),0.007382962852716446,1,-0.028025925159454346,-1,-0.028025925159454346,-0.09349694021511823,,,,0,-280.25925159454346,0.004440488293766975,0.011998527683317661,0.007382962852716446,-0.5757042442051474
2008-10-22,fold_1,GFC peak crash (Lehman + Mar-2009 bottom),0.007846333086490631,1,-0.003928040619939566,-1,-0.003928040619939566,-0.0974249808350578,,,,0,-39.28040619939566,0.0071639325469732285,0.037510186433792114,0.007846333086490631,-0.08006814480336048
2008-10-23,fold_1,GFC peak crash (Lehman + Mar-2009 bottom),0.00837540253996849,1,-0.03266974538564682,-1,-0.03266974538564682,-0.13009472622070462,,,,0,-326.6974538564682,0.008225707337260246,0.07424870133399963,0.00837540253996849,-0.6675545237896594
2008-10-24,fold_1,GFC peak crash (Lehman + Mar-2009 bottom),0.009043063968420029,1,-0.028180237859487534,-1,-0.028180237859487534,-0.15827496408019215,,,,0,-281.80237859487534,0.008916443213820457,0.10843947529792786,0.009043063968420029,-0.5701113436673966
2008-10-27,fold_1,GFC peak crash (Lehman + Mar-2009 bottom),0.008113902062177658,1,0.10480247437953949,1,0.10480247437953949,-0.05347248970065266,,,,1,1048.024743795395,0.011467674747109413,0.13448895514011383,0.008113902062177658,2.264899617614946
2008-10-28,fold_1,GFC peak crash (Lehman + Mar-2009 bottom),0.008015263825654984,1,-0.002514267573133111,-1,-0.002514267573133111,-0.05598675727378577,,,,0,-25.14267573133111,0.008276509121060371,0.05762910470366478,0.008015263825654984,-0.048841884986909896
2008-10-29,fold_1,GFC peak crash (Lehman + Mar-2009 bottom),0.007437866181135178,1,0.03281047195196152,1,0.03281047195196152,-0.023176285321824253,,,,1,328.1047195196152,0.006790796294808388,0.006586431059986353,0.007437866181135178,0.6380102978731311
2008-10-30,fold_1,GFC peak crash (Lehman + Mar-2009 bottom),0.008250903338193893,1,0.0015210297424346209,1,0.0015210297424346209,-0.021655255579389632,,,,1,15.210297424346209,0.00535111129283905,-0.07195529341697693,0.008250903338193893,0.029885778865258273
2008-10-31,fold_1,GFC peak crash (Lehman + Mar-2009 bottom),0.007222026586532593,1,-0.002130764303728938,-1,-0.002130764303728938,-0.02378601988311857,,,,0,-21.30764303728938,0.0004906486719846725,-0.05307116359472275,0.007222026586532593,-0.04196421772856818
2008-11-03,fold_1,GFC peak crash (Lehman + Mar-2009 bottom),0.006844948977231979,1,0.027942635118961334,1,0.027942635118961334,0.004156615235842764,,,,1,279.42635118961334,-0.00032709166407585144,-0.06449751555919647,0.006844948977231979,0.5578122188998867
2008-11-04,fold_1,GFC peak crash (Lehman + Mar-2009 bottom),0.006786178797483444,1,-0.05355694144964218,-1,-0.05355694144964218,-0.04940032621379942,,,,0,-535.5694144964218,-0.0001438092440366745,-0.11445481330156326,0.006786178797483444,-1.1086007483566258
2008-11-05,fold_1,GFC peak crash (Lehman + Mar-2009 bottom),0.007725618779659271,1,-0.04573125019669533,-1,-0.04573125019669533,-0.09513157641049474,,,,0,-457.3125019669533,0.0005291979759931564,-0.10817801207304001,0.007725618779659271,-0.9193969803721691
2008-11-06,fold_1,GFC peak crash (Lehman + Mar-2009 bottom),0.006039287894964218,1,0.020405156537890434,1,0.020405156537890434,-0.07472641987260431,,,,1,204.05156537890434,0.0024923942983150482,-0.0032778142485767603,0.006039287894964218,0.4047481996307721
2008-11-07,fold_1,GFC peak crash (Lehman + Mar-2009 bottom),0.007676072418689728,1,-0.013557118363678455,-1,-0.013557118363678455,-0.08828353823628277,,,,0,-135.57118363678455,0.0027657486498355865,-0.07349137961864471,0.007676072418689728,-0.26792465922922915
2008-11-10,fold_1,GFC peak crash (Lehman + Mar-2009 bottom),0.007121074944734573,1,-0.022014662623405457,-1,-0.022014662623405457,-0.11029820085968822,,,,0,-220.14662623405457,0.00025964900851249695,-0.08120820671319962,0.007121074944734573,-0.5036393665804041
2008-11-11,fold_1,GFC peak crash (Lehman + Mar-2009 bottom),0.005605876445770264,1,-0.04728014022111893,-1,-0.04728014022111893,-0.15757834108080715,,,,0,-472.80140221118927,0.001974327489733696,-0.060251399874687195,0.005605876445770264,-1.1031007637312877
2008-11-12,fold_1,GFC peak crash (Lehman + Mar-2009 bottom),0.0048124901950359344,1,0.05916894972324371,1,0.05916894972324371,-0.09840939135756344,,,,1,591.6894972324371,0.0005426462739706039,-0.06660705804824829,0.0048124901950359344,1.5233259617194848
2008-11-13,fold_1,GFC peak crash (Lehman + Mar-2009 bottom),0.00512358546257019,1,-0.04980840906500816,-1,-0.04980840906500816,-0.1482178004225716,,,,0,-498.08409065008163,-0.0027710795402526855,-0.1753859519958496,0.00512358546257019,-1.2675075099672721
2008-11-14,fold_1,GFC peak crash (Lehman + Mar-2009 bottom),0.006597451865673065,1,-0.02127394825220108,-1,-0.02127394825220108,-0.16949174867477268,,,,0,-212.7394825220108,-0.000360686331987381,-0.0830669030547142,0.006597451865673065,-0.5208683941068185
2008-11-17,fold_1,GFC peak crash (Lehman + Mar-2009 bottom),0.007259063422679901,1,-0.001057852292433381,-1,-0.001057852292433381,-0.17054960096720606,,,,0,-10.57852292433381,0.001898597925901413,-0.0024704299867153168,0.007259063422679901,-0.02601861775965601
2008-11-18,fold_1,GFC peak crash (Lehman + Mar-2009 bottom),0.006608247756958008,1,-0.05363579839468002,-1,-0.05363579839468002,-0.22418539936188608,,,,0,-536.3579839468002,0.0014296174049377441,-0.0060164593160152435,0.006608247756958008,-1.3795502580863528
2008-11-19,fold_1,GFC peak crash (Lehman + Mar-2009 bottom),0.008021567016839981,1,-0.049609940499067307,-1,-0.049609940499067307,-0.2737953398609534,,,,0,-496.09940499067307,0.004319215193390846,0.08865413069725037,0.008021567016839981,-1.234032731259152
2008-11-20,fold_1,GFC peak crash (Lehman + Mar-2009 bottom),0.008657418191432953,1,0.042510632425546646,1,0.042510632425546646,-0.23128470743540674,,,,1,425.10632425546646,0.008632833138108253,0.13039687275886536,0.008657418191432953,1.0195702067929981
2008-11-21,fold_1,GFC peak crash (Lehman + Mar-2009 bottom),0.008730553090572357,1,0.059322528541088104,1,0.059322528541088104,-0.17196217889431864,,,,1,593.225285410881,0.007931681349873543,0.009702088311314583,0.008730553090572357,1.4078845529535253
2008-11-24,fold_1,GFC peak crash (Lehman + Mar-2009 bottom),0.007220655679702759,1,-0.0046038818545639515,-1,-0.0046038818545639515,-0.1765660607488826,,,,0,-46.038818545639515,0.004160335287451744,-0.016746971756219864,0.007220655679702759,-0.10529690246968396
2008-11-25,fold_1,GFC peak crash (Lehman + Mar-2009 bottom),0.007902149111032486,1,0.04103479161858559,1,0.04103479161858559,-0.135531269130297,,,,1,410.34791618585587,0.003124421462416649,0.015847941860556602,0.007902149111032486,1.111254334073887
2008-11-26,fold_1,GFC peak crash (Lehman + Mar-2009 bottom),0.007308728992938995,1,-0.007867200300097466,-1,-0.007867200300097466,-0.14339846943039447,,,,0,-78.67200300097466,-0.0005408823490142822,-0.053896866738796234,0.007308728992938995,-0.2067849103956423
2008-11-28,fold_1,GFC peak crash (Lehman + Mar-2009 bottom),0.007158033549785614,1,-0.07818415015935898,-1,-0.07818415015935898,-0.22158261958975345,,,,0,-781.8415015935898,-0.001481698825955391,-0.0062005408108234406,0.007158033549785614,-2.0920149030097552
2008-12-01,fold_1,GFC peak crash (Lehman + Mar-2009 bottom),0.007885832339525223,1,0.03287346661090851,1,0.03287346661090851,-0.18870915297884494,,,,1,328.7346661090851,0.0037748944014310837,0.11061938107013702,0.007885832339525223,0.7967744531761531
2008-12-02,fold_1,GFC peak crash (Lehman + Mar-2009 bottom),0.008189894258975983,1,0.027991032227873802,1,0.027991032227873802,-0.16071812075097114,,,,1,279.910322278738,0.004716403782367706,0.07541601359844208,0.008189894258975983,0.6679611691128471
2008-12-03,fold_1,GFC peak crash (Lehman + Mar-2009 bottom),0.007231488823890686,1,-0.0287100151181221,-1,-0.0287100151181221,-0.18942813586909324,,,,0,-287.100151181221,0.006008021533489227,0.04408736154437065,0.007231488823890686,-0.6850921338906252
2008-12-04,fold_1,GFC peak crash (Lehman + Mar-2009 bottom),0.00836445763707161,1,0.03982912749052048,1,0.03982912749052048,-0.14959900837857276,,,,1,398.2912749052048,0.011783154681324959,0.04499876871705055,0.00836445763707161,0.9793462647053741
2008-12-05,fold_1,GFC peak crash (Lehman + Mar-2009 bottom),0.008350763469934464,1,0.03863576799631119,1,0.03863576799631119,-0.11096324038226157,,,,1,386.3576799631119,0.010519688948988914,0.025248471647500992,0.008350763469934464,0.9573386069605946
2008-12-08,fold_1,GFC peak crash (Lehman + Mar-2009 bottom),0.007773946970701218,1,-0.0023298992309719324,-1,-0.0023298992309719324,-0.1132931396132335,,,,0,-23.298992309719324,0.009514467790722847,-0.031062552705407143,0.007773946970701218,-0.05680074135595529
2008-12-09,fold_1,GFC peak crash (Lehman + Mar-2009 bottom),0.008209194988012314,1,-0.0033376188948750496,-1,-0.0033376188948750496,-0.11663075850810856,,,,0,-33.376188948750496,0.009882869198918343,0.018161559477448463,0.008209194988012314,-0.08158449891293568
2008-12-10,fold_1,GFC peak crash (Lehman + Mar-2009 bottom),0.009656626731157303,1,-0.0277986079454422,-1,-0.0277986079454422,-0.14442936645355076,,,,0,-277.986079454422,0.006423549726605415,0.009317740797996521,0.009656626731157303,-0.6843648104632636
2008-12-11,fold_1,GFC peak crash (Lehman + Mar-2009 bottom),0.007256552577018738,1,0.020078828558325768,1,0.020078828558325768,-0.12435053789522499,,,,1,200.78828558325768,0.0031847264617681503,0.019404899328947067,0.007256552577018738,0.505647258021963
2008-12-12,fold_1,GFC peak crash (Lehman + Mar-2009 bottom),0.008192513138055801,1,-0.017675256356596947,-1,-0.017675256356596947,-0.14202579425182194,,,,0,-176.75256356596947,0.006334269419312477,0.007497432641685009,0.008192513138055801,-0.4687346241071723
2008-12-15,fold_1,GFC peak crash (Lehman + Mar-2009 bottom),0.009163253009319305,1,0.04689421504735947,1,0.04689421504735947,-0.09513157920446247,,,,1,468.94215047359467,0.002518096938729286,0.003164258087053895,0.009163253009319305,1.2939084794448272
2008-12-16,fold_1,GFC peak crash (Lehman + Mar-2009 bottom),0.0076095424592494965,1,-0.012181437574326992,-1,-0.012181437574326992,-0.10731301677878946,,,,0,-121.81437574326992,-0.005672886967658997,-0.04887895658612251,0.0076095424592494965,-0.32546634396738044
2008-12-17,fold_1,GFC peak crash (Lehman + Mar-2009 bottom),0.006402004510164261,1,-0.017711449414491653,-1,-0.017711449414491653,-0.12502446619328111,,,,0,-177.11449414491653,-0.005785543471574783,-0.033948201686143875,0.006402004510164261,-0.4719795642427665
2008-12-18,fold_1,GFC peak crash (Lehman + Mar-2009 bottom),0.008323397487401962,1,0.008171360939741135,1,0.008171360939741135,-0.11685310525353998,,,,1,81.71360939741135,-0.008128594607114792,-0.01657971180975437,0.008323397487401962,0.22839322156023914
2008-12-19,fold_1,GFC peak crash (Lehman + Mar-2009 bottom),0.0057985372841358185,1,-0.02200843021273613,-1,-0.02200843021273613,-0.1388615354662761,,,,0,-220.0843021273613,-0.004246590659022331,-0.03302434831857681,0.0057985372841358185,-0.6461012592114418
2008-12-22,fold_1,GFC peak crash (Lehman + Mar-2009 bottom),0.00792137160897255,1,-0.005149002652615309,-1,-0.005149002652615309,-0.14401053811889142,,,,0,-51.49002652615309,-0.0019143149256706238,0.009539843536913395,0.00792137160897255,-0.1556607008643919
2008-12-23,fold_1,GFC peak crash (Lehman + Mar-2009 bottom),0.006982684135437012,1,0.0027493173256516457,1,0.0027493173256516457,-0.14126122079323977,,,,1,27.493173256516457,-0.0009340234100818634,0.0231305118650198,0.006982684135437012,0.09066467300399882
2008-12-24,fold_1,GFC peak crash (Lehman + Mar-2009 bottom),0.006720632314682007,1,-0.0003429576463531703,-1,-0.0003429576463531703,-0.14160417843959294,,,,0,-3.4295764635317028,0.0007797852158546448,0.06284288316965103,0.006720632314682007,-0.01131396397522408
2008-12-26,fold_1,GFC peak crash (Lehman + Mar-2009 bottom),0.006058990955352783,1,-0.008273275569081306,-1,-0.008273275569081306,-0.14987745400867425,,,,0,-82.73275569081306,-0.005027756094932556,0.06286349147558212,0.006058990955352783,-0.28636381278925166
2008-12-29,fold_1,GFC peak crash (Lehman + Mar-2009 bottom),0.0065695419907569885,1,0.020555762574076653,1,0.020555762574076653,-0.1293216914345976,,,,1,205.55762574076653,-0.007387753576040268,0.08108048141002655,0.0065695419907569885,0.7113592667332982
2008-12-30,fold_1,GFC peak crash (Lehman + Mar-2009 bottom),0.005914762616157532,1,0.008441665209829807,1,0.008441665209829807,-0.12088002622476779,,,,1,84.41665209829807,-0.01676853373646736,0.0317063182592392,0.005914762616157532,0.359792261687734
2008-12-31,fold_1,GFC peak crash (Lehman + Mar-2009 bottom),0.004856329411268234,1,0.042461689561605453,1,0.042461689561605453,-0.07841833666316234,,,,1,424.61689561605453,-0.02006399631500244,0.033722203224897385,0.004856329411268234,1.8988990613166399
2009-01-02,fold_1,GFC peak crash (Lehman + Mar-2009 bottom),0.003948863595724106,1,-0.00032235000981017947,-1,-0.00032235000981017947,-0.07874068667297252,,,,0,-3.2235000981017947,-0.02508021891117096,-0.03142658993601799,0.003948863595724106,-0.013732587060522822
2009-01-05,fold_1,GFC peak crash (Lehman + Mar-2009 bottom),0.003877658396959305,1,0.00994371809065342,1,0.00994371809065342,-0.0687969685823191,,,,1,99.4371809065342,-0.021233562380075455,-0.04956405982375145,0.003877658396959305,0.440405604963444
2009-01-06,fold_1,GFC peak crash (Lehman + Mar-2009 bottom),0.0033204294741153717,1,-0.028818404302001,-1,-0.028818404302001,-0.0976153728843201,,,,0,-288.18404302001,-0.011154650710523129,-0.0591689758002758,0.0033204294741153717,-1.38107552841447
2009-01-07,fold_1,GFC peak crash (Lehman + Mar-2009 bottom),0.00436212494969368,1,0.010457552038133144,1,0.010457552038133144,-0.08715782084618695,,,,1,104.57552038133144,0.0009173229336738586,-0.06130253151059151,0.00436212494969368,0.5213772021956417
2009-01-08,fold_1,GFC peak crash (Lehman + Mar-2009 bottom),0.006439570337533951,1,-0.02268710546195507,-1,-0.02268710546195507,-0.10984492630814202,,,,0,-226.8710546195507,0.005943704396486282,-0.05547646805644035,0.006439570337533951,-1.123864984696404
2009-01-09,fold_1,GFC peak crash (Lehman + Mar-2009 bottom),0.007580716162919998,1,-0.018459821119904518,-1,-0.018459821119904518,-0.12830474742804654,,,,0,-184.59821119904518,0.017710870131850243,-0.021853338927030563,0.007580716162919998,-0.8874499725674849
2009-01-12,fold_1,GFC peak crash (Lehman + Mar-2009 bottom),0.009820874780416489,1,0.00033880159026011825,1,0.00033880159026011825,-0.12796594583778642,,,,1,3.3880159026011825,0.027726782485842705,-0.05429340526461601,0.009820874780416489,0.016710213945114464
2009-01-13,fold_1,GFC peak crash (Lehman + Mar-2009 bottom),0.0083259716629982,1,-0.030951958149671555,-1,-0.030951958149671555,-0.15891790398745798,,,,0,-309.51958149671555,0.03255990892648697,-0.012951979413628578,0.0083259716629982,-1.5654513740687834
2009-01-14,fold_1,GFC peak crash (Lehman + Mar-2009 bottom),0.006221819669008255,1,0.016283614560961723,1,0.016283614560961723,-0.14263428942649625,,,,1,162.83614560961723,0.03118603490293026,0.0045303646475076675,0.006221819669008255,0.7915411764355298
2009-01-15,fold_1,GFC peak crash (Lehman + Mar-2009 bottom),0.005792476236820221,1,0.01093602366745472,1,0.01093602366745472,-0.13169826575904153,,,,1,109.3602366745472,0.032100267708301544,-0.006897205486893654,0.005792476236820221,0.6052141544043578
2009-01-16,fold_1,GFC peak crash (Lehman + Mar-2009 bottom),0.005488421767950058,1,-0.05089988932013512,-1,-0.05089988932013512,-0.18259815507917665,,,,0,-508.99889320135117,0.018804112449288368,-0.010592788457870483,0.005488421767950058,-2.823098035338528
2009-01-20,fold_1,GFC peak crash (Lehman + Mar-2009 bottom),0.007889796048402786,1,0.0416802279651165,1,0.0416802279651165,-0.14091792711406015,,,,1,416.802279651165,0.018890393897891045,0.04749481379985809,0.007889796048402786,1.9894501200614343
2009-01-21,fold_1,GFC peak crash (Lehman + Mar-2009 bottom),0.0066792964935302734,1,-0.013469614088535309,-1,-0.013469614088535309,-0.15438754120259546,,,,0,-134.6961408853531,0.010643621906638145,0.04034192115068436,0.0066792964935302734,-0.5892937199583155
2009-01-22,fold_1,GFC peak crash (Lehman + Mar-2009 bottom),0.007277362048625946,1,0.004856044892221689,1,0.004856044892221689,-0.14953149631037377,,,,1,48.56044892221689,0.007424531504511833,0.02811305969953537,0.007277362048625946,0.21559962684167613
2009-01-23,fold_1,GFC peak crash (Lehman + Mar-2009 bottom),0.007538590580224991,1,0.00724044069647789,1,0.00724044069647789,-0.14229105561389588,,,,1,72.4044069647789,0.009473538026213646,0.005520956590771675,0.007538590580224991,0.32150893117112656
2009-01-26,fold_1,GFC peak crash (Lehman + Mar-2009 bottom),0.007400918751955032,1,0.007187714800238609,1,0.007187714800238609,-0.13510334081365727,,,,1,71.8771480023861,0.007109040394425392,0.01025271974503994,0.007400918751955032,0.318464132859641
2009-01-27,fold_1,GFC peak crash (Lehman + Mar-2009 bottom),0.006918158382177353,1,0.034527335315942764,1,0.034527335315942764,-0.1005760054977145,,,,1,345.27335315942764,0.004860933870077133,0.018584955483675003,0.006918158382177353,1.5259379429002036
2009-01-28,fold_1,GFC peak crash (Lehman + Mar-2009 bottom),0.005618128925561905,1,-0.025698475539684296,-1,-0.025698475539684296,-0.1262744810373988,,,,0,-256.98475539684296,0.0043463073670864105,-0.01460401713848114,0.005618128925561905,-1.0781286776485335
2009-01-29,fold_1,GFC peak crash (Lehman + Mar-2009 bottom),0.007038626819849014,1,-0.017736058682203293,-1,-0.017736058682203293,-0.1440105397196021,,,,0,-177.36058682203293,0.0028078164905309677,0.032920949161052704,0.007038626819849014,-0.7364133233704658
2009-01-30,fold_1,GFC peak crash (Lehman + Mar-2009 bottom),0.004943177103996277,1,0.011972203850746155,1,0.011972203850746155,-0.13203833586885594,,,,1,119.72203850746155,0.006345011293888092,0.07648946344852448,0.004943177103996277,0.4919620198706491
2009-02-02,fold_1,GFC peak crash (Lehman + Mar-2009 bottom),0.005372319370508194,1,0.015519951470196247,1,0.015519951470196247,-0.11651838439865969,,,,1,155.19951470196247,0.011515894904732704,0.06865273416042328,0.005372319370508194,0.6877479031448788
2009-02-03,fold_1,GFC peak crash (Lehman + Mar-2009 bottom),0.0042565688490867615,1,0.0013383622281253338,1,0.0013383622281253338,-0.11518002217053436,,,,1,13.383622281253338,0.00987265445291996,0.015612514689564705,0.0042565688490867615,0.05861908332521261
2009-02-04,fold_1,GFC peak crash (Lehman + Mar-2009 bottom),0.004762981086969376,1,0.021826492622494698,1,0.021826492622494698,-0.09335352954803966,,,,1,218.26492622494698,0.014876199886202812,0.009649120271205902,0.004762981086969376,0.9604636281767396
2009-02-05,fold_1,GFC peak crash (Lehman + Mar-2009 bottom),0.00459245964884758,1,0.02583245187997818,1,0.02583245187997818,-0.06752107766806148,,,,1,258.3245187997818,0.012325594201683998,0.0,0.00459245964884758,1.1567459466344763
2009-02-06,fold_1,GFC peak crash (Lehman + Mar-2009 bottom),0.0036194398999214172,1,0.004135478753596544,1,0.004135478753596544,-0.06338559891446494,,,,1,41.35478753596544,0.004466265439987183,-0.030422896146774292,0.0036194398999214172,0.18020994654689176
2009-02-09,fold_1,GFC peak crash (Lehman + Mar-2009 bottom),0.00547177717089653,1,-0.03752027079463005,-1,-0.03752027079463005,-0.10090586970909499,,,,0,-375.2027079463005,0.003485213965177536,-0.07513406872749329,0.00547177717089653,-1.6750522774946477
2009-02-10,fold_1,GFC peak crash (Lehman + Mar-2009 bottom),0.006318490952253342,1,-0.004625031724572182,-1,-0.004625031724572182,-0.10553090143366717,,,,0,-46.25031724572182,0.0077500659972429276,-0.03692920506000519,0.006318490952253342,-0.1963064211528487
2009-02-11,fold_1,GFC peak crash (Lehman + Mar-2009 bottom),0.004901431500911713,1,0.01217737141996622,1,0.01217737141996622,-0.09335353001370095,,,,1,121.77371419966221,0.009377947077155113,-0.04781389608979225,0.004901431500911713,0.5163659305223878
2009-02-12,fold_1,GFC peak crash (Lehman + Mar-2009 bottom),0.0047556012868881226,1,-0.004590444266796112,-1,-0.004590444266796112,-0.09794397428049706,,,,0,-45.90444266796112,0.01150856725871563,-0.057216279208660126,0.0047556012868881226,-0.20214900412444273
2009-02-13,fold_1,GFC peak crash (Lehman + Mar-2009 bottom),0.00458700954914093,1,-0.04057569429278374,-1,-0.04057569429278374,-0.1385196685732808,,,,0,-405.7569429278374,0.012099361047148705,-0.08823682367801666,0.00458700954914093,-1.8083558163302977
2009-02-17,fold_1,GFC peak crash (Lehman + Mar-2009 bottom),0.0052078962326049805,1,0.000684593163896352,1,0.000684593163896352,-0.13783507540938444,,,,1,6.8459316389635205,0.01611272059381008,-0.015172178857028484,0.0052078962326049805,0.02843112078509613
2009-02-18,fold_1,GFC peak crash (Lehman + Mar-2009 bottom),0.004501234740018845,1,-0.015509720891714096,-1,-0.015509720891714096,-0.15334479630109854,,,,0,-155.09720891714096,0.021440545096993446,-0.022480914369225502,0.004501234740018845,-0.7309061935277794
2009-02-19,fold_1,GFC peak crash (Lehman + Mar-2009 bottom),0.00498165562748909,1,0.002774988068267703,1,0.002774988068267703,-0.15056980823283084,,,,1,27.74988068267703,0.01915946789085865,-0.03535139560699463,0.00498165562748909,0.14321432013255497
2009-02-20,fold_1,GFC peak crash (Lehman + Mar-2009 bottom),0.007530666887760162,1,-0.03561098873615265,-1,-0.03561098873615265,-0.1861807969689835,,,,0,-356.1098873615265,0.01716403104364872,-0.04752684384584427,0.007530666887760162,-1.8594837500008825
2009-02-23,fold_1,GFC peak crash (Lehman + Mar-2009 bottom),0.006825525313615799,1,0.032488949596881866,1,0.032488949596881866,-0.15369184737210162,,,,1,324.88949596881866,0.016277479007840157,-0.04477813467383385,0.006825525313615799,1.5686010459481285
2009-02-24,fold_1,GFC peak crash (Lehman + Mar-2009 bottom),0.005830775946378708,1,-0.00662414263933897,-1,-0.00662414263933897,-0.1603159900114406,,,,0,-66.2414263933897,0.008405325934290886,-0.0780186802148819,0.005830775946378708,-0.3026191429693795
2009-02-25,fold_1,GFC peak crash (Lehman + Mar-2009 bottom),0.007385924458503723,1,-0.028380202129483223,-1,-0.028380202129483223,-0.1886961921409238,,,,0,-283.80202129483223,0.00788719393312931,-0.04507232457399368,0.007385924458503723,-1.2970558461101405
2009-02-26,fold_1,GFC peak crash (Lehman + Mar-2009 bottom),0.008357048034667969,1,-0.009400458075106144,-1,-0.009400458075106144,-0.19809665021602996,,,,0,-94.00458075106144,0.007546780630946159,-0.04715467616915703,0.008357048034667969,-0.4385750530238969
2009-02-27,fold_1,GFC peak crash (Lehman + Mar-2009 bottom),0.007186461240053177,1,-0.03286227956414223,-1,-0.03286227956414223,-0.23095892978017218,,,,0,-328.6227956414223,0.00705883651971817,-0.045707352459430695,0.007186461240053177,-1.5832543341428431
2009-03-02,fold_1,GFC peak crash (Lehman + Mar-2009 bottom),0.008265331387519836,1,-0.000751598970964551,-1,-0.000751598970964551,-0.23171052875113674,,,,0,-7.51598970964551,0.00925670750439167,-0.03436747193336487,0.008265331387519836,-0.034702426339665096
2009-03-03,fold_1,GFC peak crash (Lehman + Mar-2009 bottom),0.008582796901464462,1,0.026322215795516968,1,0.026322215795516968,-0.20538831295561977,,,,1,263.2221579551697,0.013430876657366753,0.026322215795516968,0.008582796901464462,1.2246895328254972
2009-03-04,fold_1,GFC peak crash (Lehman + Mar-2009 bottom),0.008095279335975647,1,-0.030462555587291718,-1,-0.030462555587291718,-0.23585086854291148,,,,0,-304.6255558729172,0.012026773765683174,0.015251108445227146,0.008095279335975647,-1.3838793595797154
2009-03-05,fold_1,GFC peak crash (Lehman + Mar-2009 bottom),0.008727550506591797,1,-0.007953135296702385,-1,-0.007953135296702385,-0.24380400383961387,,,,0,-79.53135296702385,0.013327637687325478,0.0783289447426796,0.008727550506591797,-0.34518343722180445
2009-03-06,fold_1,GFC peak crash (Lehman + Mar-2009 bottom),0.008852589875459671,1,-0.0215223990380764,-1,-0.0215223990380764,-0.26532640287769027,,,,0,-215.223990380764,0.013809176161885262,0.08872090280056,0.008852589875459671,-0.9528420129139734
2009-03-09,fold_1,GFC peak crash (Lehman + Mar-2009 bottom),0.008641544729471207,1,0.059938088059425354,1,0.059938088059425354,-0.20538831481826492,,,,1,599.3808805942535,0.012359539046883583,0.093400739133358,0.008641544729471207,2.6805293227550755
2009-03-10,fold_1,GFC peak crash (Lehman + Mar-2009 bottom),0.008261308073997498,1,0.015251108445227146,1,0.015251108445227146,-0.19013720637303777,,,,1,152.51108445227146,0.010455669835209846,0.07062570750713348,0.008261308073997498,0.5853840661056128
2009-03-11,fold_1,GFC peak crash (Lehman + Mar-2009 bottom),0.008120276033878326,1,0.03261528164148331,1,0.03261528164148331,-0.15752192473155446,,,,1,326.15281641483307,0.00960146076977253,0.0679113119840622,0.008120276033878326,1.3098519365463446
2009-03-12,fold_1,GFC peak crash (Lehman + Mar-2009 bottom),0.007629264146089554,1,0.0024388229940086603,1,0.0024388229940086603,-0.1550831017375458,,,,1,24.388229940086603,0.008249280974268913,0.03462249040603638,0.007629264146089554,0.09407075065924828
2009-03-13,fold_1,GFC peak crash (Lehman + Mar-2009 bottom),0.0078117214143276215,1,-0.016842564567923546,-1,-0.016842564567923546,-0.17192566630546935,,,,0,-168.42564567923546,0.009176304563879967,0.0168460663408041,0.0078117214143276215,-0.6531217118920715
2009-03-16,fold_1,GFC peak crash (Lehman + Mar-2009 bottom),0.00885513424873352,1,0.037163060158491135,1,0.037163060158491135,-0.13476260614697821,,,,1,371.63060158491135,0.011162171140313148,0.09096124023199081,0.00885513424873352,1.4270914904074783
2009-03-17,fold_1,GFC peak crash (Lehman + Mar-2009 bottom),0.007910232990980148,1,0.012536708265542984,1,0.012536708265542984,-0.12222589788143523,,,,1,125.36708265542984,0.011371353641152382,0.03517917916178703,0.007910232990980148,0.48619827721992376
2009-03-18,fold_1,GFC peak crash (Lehman + Mar-2009 bottom),0.008204042911529541,1,-0.000673539936542511,-1,-0.000673539936542511,-0.12289943781797774,,,,0,-6.73539936542511,0.011881383135914803,0.02724788524210453,0.008204042911529541,-0.025968645943417606
2009-03-19,fold_1,GFC peak crash (Lehman + Mar-2009 bottom),0.00896628201007843,1,-0.015337600372731686,-1,-0.015337600372731686,-0.13823703819070943,,,,0,-153.37600372731686,0.014284895732998848,0.05830502137541771,0.00896628201007843,-0.5966964858352954
2009-03-20,fold_1,GFC peak crash (Lehman + Mar-2009 bottom),0.009254597127437592,1,0.05727260932326317,1,0.05727260932326317,-0.08096442886744626,,,,1,572.7260932326317,0.012180497869849205,0.05468008294701576,0.009254597127437592,2.2092033033287364
2009-03-23,fold_1,GFC peak crash (Lehman + Mar-2009 bottom),0.009510938078165054,1,-0.018618999049067497,-1,-0.018618999049067497,-0.09958342791651376,,,,0,-186.18999049067497,0.005158327519893646,-0.027560722082853317,0.009510938078165054,-0.6698162405411248
2009-03-24,fold_1,GFC peak crash (Lehman + Mar-2009 bottom),0.006517793983221054,1,0.0046054162085056305,1,0.0046054162085056305,-0.09497801170800813,,,,1,46.054162085056305,-0.005860066041350365,-0.00033004675060510635,0.006517793983221054,0.16961509548873643
2009-03-25,fold_1,GFC peak crash (Lehman + Mar-2009 bottom),0.006568692624568939,1,0.03038359433412552,1,0.03038359433412552,-0.0645944173738826,,,,1,303.8359433412552,-0.007739627733826637,0.00979765597730875,0.006568692624568939,1.1198733440510578
2009-03-26,fold_1,GFC peak crash (Lehman + Mar-2009 bottom),0.0067352838814258575,1,-0.018962539732456207,-1,-0.018962539732456207,-0.08355695710633881,,,,0,-189.62539732456207,-0.005953704938292503,0.011081703938543797,0.0067352838814258575,-0.6961401824098795
2009-03-27,fold_1,GFC peak crash (Lehman + Mar-2009 bottom),0.0043070316314697266,1,-0.024968193843960762,-1,-0.024968193843960762,-0.10852515095029958,,,,0,-249.68193843960762,-0.0066901762038469315,0.048450127243995667,0.0043070316314697266,-0.9083529903405672
2009-03-30,fold_1,GFC peak crash (Lehman + Mar-2009 bottom),0.005795806646347046,1,0.008611675351858139,1,0.008611675351858139,-0.09991347559844144,,,,1,86.11675351858139,0.00615105964243412,0.0709424838423729,0.005795806646347046,0.31813871412694694
2011-09-15,fold_2,2011 US-downgrade + EU debt,0.0023729167878627777,1,0.009124577045440674,1,0.009124577045440674,0.009124577045440674,,,,1,91.24577045440674,-0.002190621569752693,-0.04553168639540672,0.0023729167878627777,0.4347056708931124
2011-09-16,fold_2,2011 US-downgrade + EU debt,0.004698663949966431,1,0.0003535690775606781,1,0.0003535690775606781,0.009478146123001352,,,,1,3.5356907756067812,0.0043112654238939285,-0.04407443106174469,0.004698663949966431,0.01982427670138496
2011-09-19,fold_2,2011 US-downgrade + EU debt,0.007589064538478851,1,-0.004426280502229929,-1,-0.004426280502229929,0.005051865620771423,,,,0,-44.26280502229929,0.016695113852620125,-0.032860659062862396,0.007589064538478851,-0.2549162745851953
2011-09-20,fold_2,2011 US-downgrade + EU debt,0.009413156658411026,1,-0.01754116453230381,-1,-0.01754116453230381,-0.012489298911532387,,,,0,-175.4116453230381,0.01746589131653309,-0.018082918599247932,0.009413156658411026,-1.0096621780694353
2011-09-21,fold_2,2011 US-downgrade + EU debt,0.004422858357429504,1,-0.033042386174201965,-1,-0.033042386174201965,-0.04553168508573435,,,,0,-330.42386174201965,0.026983829215168953,-0.015467620454728603,0.004422858357429504,-2.152660066156558
2011-09-22,fold_2,2011 US-downgrade + EU debt,0.0011171922087669373,1,0.010581832379102707,1,0.010581832379102707,-0.034949852706631646,,,,1,105.81832379102707,0.07852854579687119,0.005583454854786396,0.0011171922087669373,0.6244651039168694
2011-09-23,fold_2,2011 US-downgrade + EU debt,-0.0016079284250736237,-1,0.011567340232431889,1,-0.011567340232431889,-0.046517192939063534,,,,0,-115.67340232431889,0.09095693379640579,-0.031135154888033867,-0.0016079284250736237,0.6922635135380182
2011-09-26,fold_2,2011 US-downgrade + EU debt,0.011183198541402817,1,0.010351460427045822,1,0.010351460427045822,-0.03616573251201771,,,,1,103.51460427045822,0.06067497283220291,-0.06875809282064438,0.011183198541402817,0.647964709418546
2011-09-27,fold_2,2011 US-downgrade + EU debt,0.013261795043945312,1,-0.014925866387784481,-1,-0.014925866387784481,-0.05109159889980219,,,,0,-149.2586638778448,0.04774294048547745,-0.058785609900951385,0.013261795043945312,-0.9999033511891946
2011-09-28,fold_2,2011 US-downgrade + EU debt,0.015184219926595688,1,-0.011991309933364391,-1,-0.011991309933364391,-0.06308290883316658,,,,0,-119.91309933364391,0.035549014806747437,-0.018508419394493103,0.015184219926595688,-0.7875993579204961
2011-09-29,fold_2,2011 US-downgrade + EU debt,0.01231304183602333,1,-0.02613677829504013,-1,-0.02613677829504013,-0.08921968712820671,,,,0,-261.3677829504013,0.025099826976656914,0.010155943222343922,0.01231304183602333,-1.691140593132799
2011-09-30,fold_2,2011 US-downgrade + EU debt,0.011839527636766434,1,-0.02605559676885605,-1,-0.02605559676885605,-0.11527528389706276,,,,0,-260.5559676885605,0.022528579458594322,0.029656758531928062,0.011839527636766434,-1.5890624264028668
2011-10-03,fold_2,2011 US-downgrade + EU debt,0.01313958689570427,1,0.020323943346738815,1,0.020323943346738815,-0.09495134055032395,,,,1,203.23943346738815,0.02222040481865406,0.08971229940652847,0.01313958689570427,1.2264255117918808
2011-10-04,fold_2,2011 US-downgrade + EU debt,0.01079590618610382,1,0.025351323187351227,1,0.025351323187351227,-0.06960001736297272,,,,1,253.51323187351227,0.018443791195750237,0.07615866512060165,0.01079590618610382,1.4753303773046933
2011-10-05,fold_2,2011 US-downgrade + EU debt,0.010346140712499619,1,0.016673052683472633,1,0.016673052683472633,-0.05292696467950009,,,,1,166.73052683472633,0.016347652301192284,0.05576667934656143,0.010346140712499619,0.9689172428878959
2011-10-06,fold_2,2011 US-downgrade + EU debt,0.011677339673042297,1,-0.006635963451117277,-1,-0.006635963451117277,-0.059562928130617365,,,,0,-66.35963451117277,0.014896834269165993,0.04823896661400795,0.011677339673042297,-0.37753096585769524
2011-10-07,fold_2,2011 US-downgrade + EU debt,0.010358557105064392,1,0.03399994224309921,1,0.03399994224309921,-0.025562985887518153,,,,1,339.9994224309921,0.010240999981760979,0.07326241582632065,0.010358557105064392,2.0109698426755127
2011-10-10,fold_2,2011 US-downgrade + EU debt,0.00805223360657692,1,0.006770310457795858,1,0.006770310457795858,-0.018792675429722294,,,,1,67.70310457795858,0.006148183718323708,0.023672057315707207,0.00805223360657692,0.36958041822768833
2011-10-11,fold_2,2011 US-downgrade + EU debt,0.0084368996322155,1,0.004959336947649717,1,0.004959336947649717,-0.013833338482072577,,,,1,49.59336947649717,0.005678931251168251,0.029220879077911377,0.0084368996322155,0.27339337368955224
2011-10-12,fold_2,2011 US-downgrade + EU debt,0.009175699204206467,1,0.009145340882241726,1,0.009145340882241726,-0.004687997599830851,,,,1,91.45340882241726,0.007427407428622246,0.004759124014526606,0.009175699204206467,0.5110648573448996
2011-10-13,fold_2,2011 US-downgrade + EU debt,0.008098356425762177,1,0.018387483432888985,1,0.018387483432888985,0.013699485833058134,,,,1,183.87483432888985,0.007557062432169914,-0.00932210311293602,0.008098356425762177,1.0383404829196792
2011-10-14,fold_2,2011 US-downgrade + EU debt,0.009872078895568848,1,-0.015590416267514229,-1,-0.015590416267514229,-0.001890930434456095,,,,0,-155.9041626751423,0.011497845873236656,-0.015241407789289951,0.009872078895568848,-0.8630311332953978
2011-10-17,fold_2,2011 US-downgrade + EU debt,0.012453306466341019,1,0.012319132685661316,1,0.012319132685661316,0.01042820225120522,,,,1,123.19132685661316,0.018327435478568077,0.02090400457382202,0.012453306466341019,0.6695962803549923
2011-10-18,fold_2,2011 US-downgrade + EU debt,0.009232304990291595,1,-0.019502418115735054,-1,-0.019502418115735054,-0.009074215864529833,,,,0,-195.02418115735054,0.006086407229304314,-0.011272321455180645,0.009232304990291595,-1.0498388879697274
2011-10-19,fold_2,2011 US-downgrade + EU debt,0.00825468823313713,1,-0.004935885779559612,-1,-0.004935885779559612,-0.014010101644089445,,,,0,-49.35885779559612,0.007134037092328072,0.007008848246186972,0.00825468823313713,-0.26431722574440353
2011-10-20,fold_2,2011 US-downgrade + EU debt,0.006820499897003174,1,0.012468178756535053,1,0.012468178756535053,-0.0015419228875543922,,,,1,124.68178756535053,0.007008485496044159,0.03915964812040329,0.006820499897003174,0.7254950301428739
2011-10-21,fold_2,2011 US-downgrade + EU debt,0.008731666952371597,1,0.02055499702692032,1,0.02055499702692032,0.019013074139365926,,,,1,205.5499702692032,0.002885974943637848,0.028219684958457947,0.008731666952371597,1.1916707960141402
2011-10-24,fold_2,2011 US-downgrade + EU debt,0.007392868399620056,1,-0.019857194274663925,-1,-0.019857194274663925,-0.0008441201352979988,,,,0,-198.57194274663925,-0.00014552846550941467,-0.009274552576243877,0.007392868399620056,-1.1242654227451692
2011-10-25,fold_2,2011 US-downgrade + EU debt,0.010964978486299515,1,-0.0012212475994601846,-1,-0.0012212475994601846,-0.0020653677347581834,,,,0,-12.212475994601846,0.004476023837924004,-0.01582009345293045,0.010964978486299515,-0.06760576848215083
2011-10-26,fold_2,2011 US-downgrade + EU debt,0.0074994489550590515,1,0.027214914560317993,1,0.027214914560317993,0.02514954682555981,,,,1,272.14914560317993,-0.001434842124581337,-0.006130612455308437,0.0074994489550590515,1.5327721267443946
2011-10-27,fold_2,2011 US-downgrade + EU debt,0.006950587034225464,1,0.0015282155945897102,1,0.0015282155945897102,0.02667776242014952,,,,1,15.282155945897102,-0.009398678317666054,-0.012826281599700451,0.006950587034225464,0.08226495855020724
2011-10-28,fold_2,2011 US-downgrade + EU debt,0.0050605833530426025,1,-0.01693923957645893,-1,-0.01693923957645893,0.009738522843690589,,,,0,-169.3923957645893,-0.0030927248299121857,-0.019531505182385445,0.0050605833530426025,-0.9604499301628657
2011-10-31,fold_2,2011 US-downgrade + EU debt,0.00737004354596138,1,-0.026402734220027924,-1,-0.026402734220027924,-0.016664211376337335,,,,0,-264.02734220027924,-0.001335402950644493,0.004476445727050304,0.00737004354596138,-1.5465390044523744
2011-11-01,fold_2,2011 US-downgrade + EU debt,0.008448492735624313,1,0.008468233048915863,1,0.008468233048915863,-0.008195978327421471,,,,1,84.68233048915863,-0.0011451803147792816,0.04232337325811386,0.008448492735624313,0.48436570043620525
2011-11-02,fold_2,2011 US-downgrade + EU debt,0.005385562777519226,1,0.02051924541592598,1,0.02051924541592598,0.012323267088504508,,,,1,205.1924541592598,-9.882263839244843e-05,-0.0019340838771313429,0.005385562777519226,1.2326345198031936
2011-11-03,fold_2,2011 US-downgrade + EU debt,0.006333451718091965,1,-0.005177008453756571,-1,-0.005177008453756571,0.007146258634747937,,,,0,-51.77008453756571,-0.006616456434130669,-0.022981518879532814,0.006333451718091965,-0.3070564506044192
2011-11-04,fold_2,2011 US-downgrade + EU debt,0.004524979740381241,1,0.007068710867315531,1,0.007068710867315531,0.014214969502063468,,,,1,70.68710867315531,-0.011258465237915516,0.0008646357455290854,0.004524979740381241,0.4198931974338946
2011-11-07,fold_2,2011 US-downgrade + EU debt,0.003560025244951248,1,0.011444195173680782,1,0.011444195173680782,0.02565916467574425,,,,1,114.44195173680782,-0.012735587544739246,-0.012446429580450058,0.003560025244951248,0.7577434176658022
2011-11-08,fold_2,2011 US-downgrade + EU debt,0.004989176988601685,1,-0.03578922525048256,-1,-0.03578922525048256,-0.010130060574738309,,,,0,-357.8922525048256,-0.017096009105443954,-0.012819630093872547,0.004989176988601685,-2.3478716767528267
2011-11-09,fold_2,2011 US-downgrade + EU debt,0.010502941906452179,1,-0.0005281896446831524,-1,-0.0005281896446831524,-0.010658250219421461,,,,0,-5.281896446831524,-0.012040821835398674,0.006316989194601774,0.010502941906452179,-0.030743494779457137
2011-11-10,fold_2,2011 US-downgrade + EU debt,0.007747933268547058,1,0.018669145181775093,1,0.018669145181775093,0.008010894962353632,,,,1,186.69145181775093,0.0018784869462251663,-0.016872424632310867,0.007747933268547058,1.0943993430677403
2011-11-11,fold_2,2011 US-downgrade + EU debt,0.005058269947767258,1,-0.006242354400455952,-1,-0.006242354400455952,0.0017685405618976802,,,,0,-62.42354400455952,-0.017425382509827614,-0.04327357932925224,0.005058269947767258,-0.3656038217529387
2011-11-14,fold_2,2011 US-downgrade + EU debt,0.014118306338787079,1,0.011070994660258293,1,0.011070994660258293,0.012839535222155973,,,,1,110.70994660258293,0.02627936564385891,-0.056350450962781906,0.014118306338787079,0.660064405187602
2011-11-15,fold_2,2011 US-downgrade + EU debt,0.013065438717603683,1,-0.016652606427669525,-1,-0.016652606427669525,-0.003813071205513552,,,,0,-166.52606427669525,0.02778136543929577,-0.06411396712064743,0.013065438717603683,-0.9954319296180413
2011-11-16,fold_2,2011 US-downgrade + EU debt,0.008372519165277481,1,-0.023717602714896202,-1,-0.023717602714896202,-0.027530673920409754,,,,0,-237.17602714896202,0.014281054958701134,-0.07028059661388397,0.008372519165277481,-1.4309837360810318
2011-11-17,fold_2,2011 US-downgrade + EU debt,0.01560189202427864,1,-0.007732008118182421,-1,-0.007732008118182421,-0.035262682038592175,,,,0,-77.32008118182421,0.04723803699016571,-0.05428644269704819,0.01560189202427864,-0.44520972628588534
2011-11-18,fold_2,2011 US-downgrade + EU debt,0.013896018266677856,1,-0.01931922696530819,-1,-0.01931922696530819,-0.054581909003900364,,,,0,-193.1922696530819,0.02559150941669941,-0.012350264005362988,0.013896018266677856,-1.1213304566334896
2011-11-21,fold_2,2011 US-downgrade + EU debt,0.014295965433120728,1,0.003307477105408907,1,0.003307477105408907,-0.05127443189849146,,,,1,33.07477105408907,0.021307216957211494,0.0007365956553258002,0.014295965433120728,0.1927749391665025
2011-11-22,fold_2,2011 US-downgrade + EU debt,0.011161431670188904,1,-0.022819234058260918,-1,-0.022819234058260918,-0.07409366595675237,,,,0,-228.19234058260918,0.024438394233584404,0.03372405469417572,0.011161431670188904,-1.3755493653767066
2011-11-23,fold_2,2011 US-downgrade + EU debt,0.012778196483850479,1,-0.00772344833239913,-1,-0.00772344833239913,-0.0818171142891515,,,,0,-77.2344833239913,0.023289276286959648,0.06343542039394379,0.012778196483850479,-0.4450522951381622
2011-11-25,fold_2,2011 US-downgrade + EU debt,0.012592997401952744,1,0.03420417010784149,1,0.03420417010784149,-0.04761294418131001,,,,1,342.0417010784149,0.01713681034743786,0.06833713501691818,0.012592997401952744,2.0928216108284197
2011-11-28,fold_2,2011 US-downgrade + EU debt,0.009846553206443787,1,-0.006232367362827063,-1,-0.006232367362827063,-0.053845311544137076,,,,0,-62.323673628270626,0.012014789506793022,0.045023635029792786,0.009846553206443787,-0.3454483536275587
2011-11-29,fold_2,2011 US-downgrade + EU debt,0.01039116084575653,1,0.03629493713378906,1,0.03629493713378906,-0.017550374410348013,,,,1,362.9493713378906,0.0071991924196481705,0.048457056283950806,0.01039116084575653,2.051226385858985
2011-11-30,fold_2,2011 US-downgrade + EU debt,0.008278779685497284,1,0.006892128381878138,1,0.006892128381878138,-0.010658246028469875,,,,1,68.92128381878138,0.0022819433361291885,0.012162119150161743,0.008278779685497284,0.37154584442518823
2011-12-01,fold_2,2011 US-downgrade + EU debt,0.007868077605962753,1,-0.002821733010932803,-1,-0.002821733010932803,-0.013479979039402679,,,,0,-28.21733010932803,-0.0016002897173166275,-0.011691782623529434,0.007868077605962753,-0.15238429575365461
2011-12-02,fold_2,2011 US-downgrade + EU debt,0.008486442267894745,1,0.010890672914683819,1,0.010890672914683819,-0.00258930612471886,,,,1,108.90672914683819,-2.93925404548645e-06,0.007039838936179876,0.008486442267894745,0.6066935826487395
2011-12-05,fold_2,2011 US-downgrade + EU debt,0.008014112710952759,1,-0.0027989486698061228,-1,-0.0027989486698061228,-0.005388254794524983,,,,0,-27.989486698061228,-0.0001388993114233017,-0.015138103626668453,0.008014112710952759,-0.15482394903360208
2011-12-06,fold_2,2011 US-downgrade + EU debt,0.008594248443841934,1,0.0,0,0.0,-0.005388254794524983,,,,0,0.0,0.0008903350681066513,-0.02339749038219452,0.008594248443841934,0.0
2011-12-07,fold_2,2011 US-downgrade + EU debt,0.007273077964782715,1,-0.016961773857474327,-1,-0.016961773857474327,-0.02235002865199931,,,,0,-169.61773857474327,0.007234504446387291,-0.039122771471738815,0.007273077964782715,-0.9509170080754884
2011-12-08,fold_2,2011 US-downgrade + EU debt,0.009612273424863815,1,0.015909889712929726,1,0.015909889712929726,-0.006440138939069584,,,,1,159.09889712929726,0.010854022577404976,-0.024897422641515732,0.009612273424863815,0.9709272968258564
2011-12-09,fold_2,2011 US-downgrade + EU debt,0.011309590190649033,1,-0.011287270113825798,-1,-0.011287270113825798,-0.017727409052895382,,,,0,-112.87270113825798,0.012805687263607979,-0.035672057420015335,0.011309590190649033,-0.6731594202347267
2011-12-12,fold_2,2011 US-downgrade + EU debt,0.010462939739227295,1,-0.01105833426117897,-1,-0.01105833426117897,-0.028785743314074352,,,,0,-110.5833426117897,0.02154274843633175,-0.03427647426724434,0.010462939739227295,-0.6728694141096118
2011-12-13,fold_2,2011 US-downgrade + EU debt,0.009250923991203308,1,-0.015725282952189445,-1,-0.015725282952189445,-0.0445110262662638,,,,0,-157.25282952189445,0.011522328481078148,0.0059900484047830105,0.009250923991203308,-0.9495455651902264
2011-12-14,fold_2,2011 US-downgrade + EU debt,0.003507602959871292,1,-0.002736423397436738,-1,-0.002736423397436738,-0.047247449663700536,,,,0,-27.36423397436738,0.009862793609499931,0.007308221887797117,0.003507602959871292,-0.16338743523011157
2011-12-15,fold_2,2011 US-downgrade + EU debt,0.008861862123012543,1,0.005135253071784973,1,0.005135253071784973,-0.04211219659191556,,,,1,51.35253071784973,0.018964683637022972,0.018533855676651,0.008861862123012543,0.3142684862593917
2011-12-16,fold_2,2011 US-downgrade + EU debt,0.012042190879583359,1,-0.009891687892377377,-1,-0.009891687892377377,-0.05200388448429294,,,,0,-98.91687892377377,0.01901412196457386,0.021994922310113907,0.012042190879583359,-0.6382412654649806
2011-12-19,fold_2,2011 US-downgrade + EU debt,0.013464394956827164,1,0.029208188876509666,1,0.029208188876509666,-0.022795695607783273,,,,1,292.08188876509666,0.015824003145098686,0.03560950607061386,0.013464394956827164,1.8771779916831859
2011-12-20,fold_2,2011 US-downgrade + EU debt,0.01015494018793106,1,-0.014407109469175339,-1,-0.014407109469175339,-0.03720280507695861,,,,0,-144.0710946917534,0.00780838169157505,-0.005223233252763748,0.01015494018793106,-0.8831967265206787
2011-12-21,fold_2,2011 US-downgrade + EU debt,0.009062781929969788,1,0.008489210158586502,1,0.008489210158586502,-0.02871359491837211,,,,1,84.89210158586502,-0.0014738813042640686,0.016353648155927658,0.009062781929969788,0.5110574939016249
2011-12-22,fold_2,2011 US-downgrade + EU debt,0.009901382029056549,1,0.008596319705247879,1,0.008596319705247879,-0.02011727521312423,,,,1,85.96319705247879,-0.0049013979732990265,0.005002554971724749,0.009901382029056549,0.5399180228938677
2011-12-23,fold_2,2011 US-downgrade + EU debt,0.007033735513687134,1,0.0037228951696306467,1,0.0037228951696306467,-0.016394380043493584,,,,1,37.22895169630647,-0.008253837004303932,0.015389706939458847,0.007033735513687134,0.23349997107919782
2011-12-27,fold_2,2011 US-downgrade + EU debt,0.007262606173753738,1,-0.011624548584222794,-1,-0.011624548584222794,-0.028018928627716377,,,,0,-116.24548584222794,-0.011115480214357376,0.015876110643148422,0.007262606173753738,-0.8294704762865347
2011-12-28,fold_2,2011 US-downgrade + EU debt,0.007611345499753952,1,0.007169771008193493,1,0.007169771008193493,-0.020849157619522884,,,,1,71.69771008193493,-0.004623200744390488,0.03569252789020538,0.007611345499753952,0.5054421435318919
2011-12-29,fold_2,2011 US-downgrade + EU debt,0.005842544138431549,1,-0.002861881861463189,-1,-0.002861881861463189,-0.023711039480986074,,,,0,-28.61881861463189,-0.019382592290639877,0.03198814019560814,0.005842544138431549,-0.24368794404464716
2011-12-30,fold_2,2011 US-downgrade + EU debt,0.00711962953209877,1,0.018983472138643265,1,0.018983472138643265,-0.004727567342342809,,,,1,189.83472138643265,-0.002123594284057617,0.03155828267335892,0.00711962953209877,1.6280766304793013
2012-01-03,fold_2,2011 US-downgrade + EU debt,0.00860392302274704,1,0.004209298174828291,1,0.004209298174828291,-0.0005182691675145179,,,,1,42.09298174828291,0.0022235214710235596,0.019837142899632454,0.00860392302274704,0.3396611501012018
2012-01-04,fold_2,2011 US-downgrade + EU debt,0.011034343391656876,1,0.008191867731511593,1,0.008191867731511593,0.007673598563997075,,,,1,81.91867731511593,0.004134133458137512,0.01769336871802807,0.011034343391656876,0.672157943262196
2012-01-05,fold_2,2011 US-downgrade + EU debt,0.005921699106693268,1,0.0034653828479349613,1,0.0034653828479349613,0.011138981411932036,,,,1,34.65382847934961,0.002584436908364296,0.01344839483499527,0.005921699106693268,0.28154617876989074
2012-01-06,fold_2,2011 US-downgrade + EU debt,0.009417608380317688,1,-0.0032917384523898363,-1,-0.0032917384523898363,0.0078472429595422,,,,0,-32.91738452389836,0.010770080611109734,0.00638009374961257,0.009417608380317688,-0.26690995994171485
2012-01-09,fold_2,2011 US-downgrade + EU debt,0.008227095007896423,1,0.0072623323649168015,1,0.0072623323649168015,0.015109575324459001,,,,1,72.62332364916801,0.008997892960906029,0.018740149214863777,0.008227095007896423,0.6176430054681394
2012-01-10,fold_2,2011 US-downgrade + EU debt,0.009860802441835403,1,0.0020655242260545492,1,0.0020655242260545492,0.01717509955051355,,,,1,20.655242260545492,0.01729178987443447,0.024675680324435234,0.009860802441835403,0.18240113183113085
2012-01-11,fold_2,2011 US-downgrade + EU debt,0.008051175624132156,1,0.003946894314140081,1,0.003946894314140081,0.021121993864653632,,,,1,39.468943141400814,0.02336893416941166,0.028810633346438408,0.008051175624132156,0.3572210027434997
2012-01-12,fold_2,2011 US-downgrade + EU debt,0.011135384440422058,1,-0.0036029184702783823,-1,-0.0036029184702783823,0.01751907539437525,,,,0,-36.02918470278382,0.025193536654114723,0.023359356448054314,0.011135384440422058,-0.33345716869875647
2012-01-13,fold_2,2011 US-downgrade + EU debt,0.01090165227651596,1,0.009068316780030727,1,0.009068316780030727,0.026587392174405977,,,,1,90.68316780030727,0.02438773401081562,0.027296697720885277,0.01090165227651596,0.8848621991021048
2012-01-17,fold_2,2011 US-downgrade + EU debt,0.011469408869743347,1,0.013197863474488258,1,0.013197863474488258,0.039785255648894235,,,,1,131.97863474488258,0.02244635857641697,0.01638673059642315,0.011469408869743347,1.2654933739685277
2012-01-18,fold_2,2011 US-downgrade + EU debt,0.008348371833562851,1,0.006200478412210941,1,0.006200478412210941,0.04598573406110518,,,,1,62.00478412210941,0.014129890128970146,0.015677636489272118,0.008348371833562851,0.5753151595477494
2012-01-19,fold_2,2011 US-downgrade + EU debt,0.0071062445640563965,1,-0.0015043833991512656,-1,-0.0015043833991512656,0.04448135066195391,,,,0,-15.043833991512656,0.011136161163449287,0.005996078252792358,0.0071062445640563965,-0.14140463209322943
2012-01-20,fold_2,2011 US-downgrade + EU debt,0.008533146232366562,1,0.0003344228898640722,1,0.0003344228898640722,0.04481577355181798,,,,1,3.344228898640722,0.014783693477511406,0.010485036298632622,0.008533146232366562,0.039788999324111236
2012-01-23,fold_2,2011 US-downgrade + EU debt,0.007578268647193909,1,-0.001841651159338653,-1,-0.001841651159338653,0.04297412239247933,,,,0,-18.41651159338653,0.014408985152840614,0.010978174395859241,0.007578268647193909,-0.23722331805890484
2012-01-24,fold_2,2011 US-downgrade + EU debt,0.01005585491657257,1,0.012488769367337227,1,0.012488769367337227,0.05546289175981656,,,,1,124.88769367337227,0.013473102822899818,0.014142458327114582,0.01005585491657257,1.6565615210635705
2012-01-25,fold_2,2011 US-downgrade + EU debt,0.007134478539228439,1,-0.0034810793586075306,-1,-0.0034810793586075306,0.05198181240120903,,,,0,-34.810793586075306,0.011457284912467003,0.009716147556900978,0.007134478539228439,-0.44592694704213065
2012-01-26,fold_2,2011 US-downgrade + EU debt,0.008219577372074127,1,0.0029845747631043196,1,0.0029845747631043196,0.054966387164313346,,,,1,29.845747631043196,0.00983714871108532,0.01630597747862339,0.008219577372074127,0.38259811683906547
2012-01-27,fold_2,2011 US-downgrade + EU debt,0.007517468184232712,1,0.000827561307232827,1,0.000827561307232827,0.05579394847154617,,,,1,8.27561307232827,0.00786527432501316,0.026951424777507782,0.007517468184232712,0.11205640185162051
2012-01-30,fold_2,2011 US-downgrade + EU debt,0.006955079734325409,1,0.0013226325390860438,1,0.0013226325390860438,0.05711658101063222,,,,1,13.226325390860438,0.008653977885842323,0.025317996740341187,0.006955079734325409,0.18340650606887668
2012-01-31,fold_2,2011 US-downgrade + EU debt,0.005855455994606018,1,0.008062458597123623,1,0.008062458597123623,0.06517903960775584,,,,1,80.62458597123623,0.006023073568940163,0.026089711114764214,0.005855455994606018,1.1214809968773007
2012-02-01,fold_2,2011 US-downgrade + EU debt,0.005233187228441238,1,0.003108750795945525,1,0.003108750795945525,0.06828779040370136,,,,1,31.08750795945525,0.009637059643864632,0.023324616253376007,0.005233187228441238,0.5116638443727852
2012-02-02,fold_2,2011 US-downgrade + EU debt,0.007906738668680191,1,0.01363002136349678,1,0.01363002136349678,0.08191781176719815,,,,1,136.3002136349678,0.006956504657864571,0.027394801378250122,0.007906738668680191,2.2556782061599634
2012-02-03,fold_2,2011 US-downgrade + EU debt,0.006908629089593887,1,-0.0008058656821958721,-1,-0.0008058656821958721,0.08111194608500227,,,,0,-8.05865682195872,0.0065895263105630875,0.006745867431163788,0.006908629089593887,-0.12369304079839814
2012-02-06,fold_2,2011 US-downgrade + EU debt,0.008062705397605896,1,0.0020943458657711744,1,0.0020943458657711744,0.08320629195077345,,,,1,20.943458657711744,0.008234171196818352,0.01679355278611183,0.008062705397605896,0.3236356149482816
2012-02-07,fold_2,2011 US-downgrade + EU debt,0.007647227495908737,1,0.005297363270074129,1,0.005297363270074129,0.08850365522084758,,,,1,52.97363270074129,0.012014241889119148,0.01723337359726429,0.007647227495908737,0.8217622714312218
2012-02-08,fold_2,2011 US-downgrade + EU debt,0.00781983882188797,1,0.0071789356879889965,1,0.0071789356879889965,0.09568259090883657,,,,1,71.78935687988997,0.010029545053839684,0.004950869362801313,0.00781983882188797,1.130556543370586
2012-02-09,fold_2,2011 US-downgrade + EU debt,0.008349083364009857,1,-0.007018911652266979,-1,-0.007018911652266979,0.0886636792565696,,,,0,-70.18911652266979,0.009895337745547295,0.01137989480048418,0.008349083364009857,-1.074317083326856
2012-02-10,fold_2,2011 US-downgrade + EU debt,0.007936686277389526,1,0.009241819381713867,1,0.009241819381713867,0.09790549863828346,,,,1,92.41819381713867,0.012301931157708168,0.015250276774168015,0.007936686277389526,1.3874465085316885
2012-02-13,fold_2,2011 US-downgrade + EU debt,0.007759109139442444,1,0.00253416714258492,1,0.00253416714258492,0.10043966578086838,,,,1,25.3416714258492,0.008993757888674736,0.00884240958839655,0.007759109139442444,0.3658105560002509
2012-02-14,fold_2,2011 US-downgrade + EU debt,0.00707453116774559,1,-0.006985141430050135,-1,-0.006985141430050135,0.09345452435081825,,,,0,-69.85141430050135,0.004460029304027557,0.001738892518915236,0.00707453116774559,-1.0506623351197235
2012-02-15,fold_2,2011 US-downgrade + EU debt,0.006391875445842743,1,0.013607961125671864,1,0.013607961125671864,0.10706248547649011,,,,1,136.07961125671864,0.006179235875606537,0.015335114672780037,0.006391875445842743,2.209520931384703
2012-02-16,fold_2,2011 US-downgrade + EU debt,0.004858497530221939,1,-0.003148529212921858,-1,-0.003148529212921858,0.10391395626356825,,,,0,-31.48529212921858,-0.0005356334149837494,0.005172334145754576,0.004858497530221939,-0.4679680087542468
2012-02-17,fold_2,2011 US-downgrade + EU debt,0.005373440682888031,1,0.0028339524287730455,1,0.0028339524287730455,0.1067479086923413,,,,1,28.339524287730455,-0.001048913225531578,0.009727438911795616,0.005373440682888031,0.41944385103734144
2012-02-21,fold_2,2011 US-downgrade + EU debt,0.004557933658361435,1,-0.004569350276142359,-1,-0.004569350276142359,0.10217855841619894,,,,0,-45.69350276142359,0.003527948632836342,0.016990341246128082,0.004557933658361435,-0.6733801069912754
2012-02-22,fold_2,2011 US-downgrade + EU debt,0.006646435707807541,1,0.006611080374568701,1,0.006611080374568701,0.10878963879076764,,,,1,66.11080374568701,0.0032164938747882843,0.01706789620220661,0.006646435707807541,0.9651470783620054
2012-02-23,fold_2,2011 US-downgrade + EU debt,0.005115780979394913,1,0.003445180831477046,1,0.003445180831477046,0.11223481962224469,,,,1,34.45180831477046,0.004541466012597084,0.018343226984143257,0.005115780979394913,0.5360447494646549
2012-02-24,fold_2,2011 US-downgrade + EU debt,0.004270691424608231,1,0.001406575320288539,1,0.001406575320288539,0.11364139494253322,,,,1,14.06575320288539,0.003564693033695221,0.014127819798886776,0.004270691424608231,0.21888569425971233
2012-02-27,fold_2,2011 US-downgrade + EU debt,0.005549754947423935,1,0.010096855461597443,1,0.010096855461597443,0.12373825040413067,,,,1,100.96855461597443,0.0018714554607868195,0.002339030848816037,0.005549754947423935,1.5778658998156045
2012-02-28,fold_2,2011 US-downgrade + EU debt,0.005276143550872803,1,-0.004491796251386404,-1,-0.004491796251386404,0.11924645415274426,,,,0,-44.91796251386404,0.0016812793910503387,-0.01761925034224987,0.005276143550872803,-0.662199871345816
2012-02-29,fold_2,2011 US-downgrade + EU debt,0.00404474139213562,1,0.007886411622166634,1,0.007886411622166634,0.1271328657749109,,,,1,78.86411622166634,0.0006637126207351685,-0.005449074786156416,0.00404474139213562,1.151179852539622
2012-03-01,fold_2,2011 US-downgrade + EU debt,0.0037705563008785248,1,-0.0007702261791564524,-1,-0.0007702261791564524,0.12636263959575444,,,,0,-7.702261791564524,0.0020592622458934784,-0.0026220991276204586,0.0037705563008785248,-0.1125984819999919
2012-03-02,fold_2,2011 US-downgrade + EU debt,0.005682535469532013,1,-0.0103822136297822,-1,-0.0103822136297822,0.11598042596597224,,,,0,-103.822136297822,0.001508796587586403,0.0023094317875802517,0.005682535469532013,-1.5251736877537474
2012-03-05,fold_2,2011 US-downgrade + EU debt,0.0052547454833984375,1,-0.009861424565315247,-1,-0.009861424565315247,0.106119001400657,,,,0,-98.61424565315247,0.004658563062548637,0.013153144158422947,0.0052547454833984375,-1.5137589597575667
2012-03-06,fold_2,2011 US-downgrade + EU debt,0.0037474557757377625,1,0.007678378373384476,1,0.007678378373384476,0.11379737977404147,,,,1,76.78378373384476,0.006671525537967682,0.04144495725631714,0.0037474557757377625,1.1168153240786654
2012-03-07,fold_2,2011 US-downgrade + EU debt,0.0035292282700538635,1,0.010713387280702591,1,0.010713387280702591,0.12451076705474406,,,,1,107.13387280702591,0.0050425417721271515,0.037231557071208954,0.0035292282700538635,1.5151388808677082
2012-03-08,fold_2,2011 US-downgrade + EU debt,0.00526832789182663,1,0.004161304794251919,1,0.004161304794251919,0.12867207184899598,,,,1,41.61304794251919,0.001425648108124733,0.029371794313192368,0.00526832789182663,0.5645424096506517
2012-03-09,fold_2,2011 US-downgrade + EU debt,0.00429626926779747,1,0.0004614990612026304,1,0.0004614990612026304,0.12913357091019861,,,,1,4.614990612026304,-0.005184633657336235,0.024503981694579124,0.00429626926779747,0.06361889606810102
2012-03-12,fold_2,2011 US-downgrade + EU debt,0.007917430251836777,1,0.01843038946390152,1,0.01843038946390152,0.14756396037410013,,,,1,184.3038946390152,-0.0030232276767492294,0.03108314424753189,0.007917430251836777,2.602040314567907
2012-03-13,fold_2,2011 US-downgrade + EU debt,0.00031265988945961,1,0.0034649777226150036,1,0.0034649777226150036,0.15102893809671514,,,,1,34.649777226150036,-0.016473809257149696,0.01444236095994711,0.00031265988945961,0.43695195041424706
2012-03-14,fold_2,2011 US-downgrade + EU debt,0.0053269341588020325,1,0.0028536233585327864,1,0.0028536233585327864,0.15388256145524792,,,,1,28.536233585327864,-0.006453102454543114,0.011126581579446793,0.0053269341588020325,0.35906071161865233
2012-03-15,fold_2,2011 US-downgrade + EU debt,0.005065631121397018,1,-0.0007065081736072898,-1,-0.0007065081736072898,0.15317605328164063,,,,0,-7.065081736072898,0.005755206570029259,0.006184988189488649,0.005065631121397018,-0.09036301955303956
2012-03-16,fold_2,2011 US-downgrade + EU debt,0.005573399364948273,1,0.007040662225335836,1,0.007040662225335836,0.16021671550697647,,,,1,70.40662225335836,0.009526828303933144,0.006294159684330225,0.005573399364948273,0.9773428193550118
2012-03-19,fold_2,2011 US-downgrade + EU debt,0.00804257020354271,1,0.0017896058270707726,1,0.0017896058270707726,0.16200632133404724,,,,1,17.896058270707726,0.01354038156569004,0.016580747440457344,0.00804257020354271,0.24380827020648896
2012-03-20,fold_2,2011 US-downgrade + EU debt,0.009418647736310959,1,0.0001491978910053149,1,0.0001491978910053149,0.16215551922505256,,,,1,1.4919789100531489,0.016887133941054344,0.01625809818506241,0.009418647736310959,0.020371779229221194
2012-03-21,fold_2,2011 US-downgrade + EU debt,0.008984610438346863,1,-0.002087969798594713,-1,-0.002087969798594713,0.16006754942645784,,,,0,-20.879697985947132,0.010272154584527016,0.01214273739606142,0.008984610438346863,-0.2879080999137984
2012-03-22,fold_2,2011 US-downgrade + EU debt,0.00754186138510704,1,-0.0005973368533886969,-1,-0.0005973368533886969,0.15947021257306915,,,,0,-5.973368533886969,0.013321185484528542,0.010396905243396759,0.00754186138510704,-0.0839512847838132
2012-03-23,fold_2,2011 US-downgrade + EU debt,0.010892923921346664,1,0.01732725091278553,1,0.01732725091278553,0.17679746348585468,,,,1,173.2725091278553,0.015319949015974998,0.009071050211787224,0.010892923921346664,2.4491804812367133
2012-03-26,fold_2,2011 US-downgrade + EU debt,0.007434874773025513,1,0.001466956571675837,1,0.001466956571675837,0.17826442005753051,,,,1,14.66956571675837,0.0072585102170705795,0.0020533644128590822,0.007434874773025513,0.18200350488989153
2012-03-27,fold_2,2011 US-downgrade + EU debt,0.006454944610595703,1,-0.003966162912547588,-1,-0.003966162912547588,0.17429825714498293,,,,0,-39.66162912547588,0.007282475009560585,0.0002936256059911102,0.006454944610595703,-0.5121378390983127
2012-03-28,fold_2,2011 US-downgrade + EU debt,0.007027145475149155,1,-0.0038338019512593746,-1,-0.0038338019512593746,0.17046445519372355,,,,0,-38.338019512593746,0.008185641840100288,-0.0094646867364645,0.007027145475149155,-0.49596645392931077
2012-03-29,fold_2,2011 US-downgrade + EU debt,0.007474876940250397,1,-0.001923191943205893,-1,-0.001923191943205893,0.16854126325051766,,,,0,-19.23191943205893,0.007802342996001244,0.000590998271945864,0.007474876940250397,-0.2538937655513964
2014-01-15,fold_3,Taper tantrum and 2014 H1,0.004953417927026749,1,0.0001126616625697352,1,0.0001126616625697352,0.0001126616625697352,,,,1,1.126616625697352,-0.012654755264520645,0.0012436264660209417,0.004953417927026749,0.013950900778237539
2014-01-16,fold_3,Taper tantrum and 2014 H1,0.006518431007862091,1,-0.005673323292285204,-1,-0.005673323292285204,-0.005560661629715469,,,,0,-56.73323292285204,-0.011801397427916527,-0.01873062178492546,0.006518431007862091,-0.7035983118439286
2014-01-17,fold_3,Taper tantrum and 2014 H1,0.007375407963991165,1,0.007595003116875887,1,0.007595003116875887,0.002034341487160418,,,,1,75.95003116875887,0.002273205667734146,-0.022787921130657196,0.007375407963991165,0.9809625016845549
2014-01-21,fold_3,Taper tantrum and 2014 H1,0.007290080189704895,1,0.002594240242615342,1,0.002594240242615342,0.00462858172977576,,,,1,25.94240242615342,-0.000888308510184288,-0.03096586838364601,0.007290080189704895,0.32830651915834724
2014-01-22,fold_3,Taper tantrum and 2014 H1,0.005255892872810364,1,-0.003384955460205674,-1,-0.003384955460205674,0.0012436262695700862,,,,0,-33.84955460205674,0.0030541550368070602,-0.04433417320251465,0.005255892872810364,-0.44583861680612996
2014-01-23,fold_3,Taper tantrum and 2014 H1,0.006276007741689682,1,-0.019861586391925812,-1,-0.019861586391925812,-0.018617960122355726,,,,0,-198.61586391925812,0.009142955765128136,-0.022632019594311714,0.006276007741689682,-2.7349038759462183
2014-01-24,fold_3,Taper tantrum and 2014 H1,0.007793929427862167,1,-0.009730622172355652,-1,-0.009730622172355652,-0.028348582294711377,,,,0,-97.30622172355652,0.021121421828866005,-0.00543285021558404,0.007793929427862167,-1.1431654320502362
2014-01-27,fold_3,Taper tantrum and 2014 H1,0.002064090222120285,1,-0.000582944368943572,-1,-0.000582944368943572,-0.02893152666365495,,,,0,-5.82944368943572,0.018331939354538918,-0.01892089657485485,0.002064090222120285,-0.06658835206544884
2014-01-28,fold_3,Taper tantrum and 2014 H1,0.00409514456987381,1,-0.010774065740406513,-1,-0.010774065740406513,-0.03970559240406146,,,,0,-107.74065740406513,0.010736441239714622,-0.01100925076752901,0.00409514456987381,-1.2330962221756665
2014-01-29,fold_3,Taper tantrum and 2014 H1,0.005242425948381424,1,0.018317200243473053,1,0.018317200243473053,-0.02138839216058841,,,,1,183.17200243473053,0.008107533678412437,-0.002829657169058919,0.005242425948381424,2.022355057104581
2014-01-30,fold_3,Taper tantrum and 2014 H1,0.005108039826154709,1,-0.002662418410181999,-1,-0.002662418410181999,-0.02405081057077041,,,,0,-26.624184101819992,0.0033852383494377136,-0.008475491777062416,0.005108039826154709,-0.27074895491327616
2014-01-31,fold_3,Taper tantrum and 2014 H1,0.008967872709035873,1,-0.0232186671346426,-1,-0.0232186671346426,-0.04726947770541301,,,,0,-232.186671346426,-0.0013023857027292252,0.011868431232869625,0.008967872709035873,-2.3954371602570377
2014-02-03,fold_3,Taper tantrum and 2014 H1,0.010307062417268753,1,0.00732870027422905,1,0.00732870027422905,-0.03994077743118396,,,,1,73.2870027422905,0.008833097293972969,0.04079838842153549,0.010307062417268753,0.6738547334707149
2014-02-04,fold_3,Taper tantrum and 2014 H1,0.010540042072534561,1,-0.0025944721419364214,-1,-0.0025944721419364214,-0.04253524957312038,,,,0,-25.944721419364214,0.008086273446679115,0.044794484972953796,0.010540042072534561,-0.2365624843890007
2014-02-05,fold_3,Taper tantrum and 2014 H1,0.00958288088440895,1,0.012671365402638912,1,0.012671365402638912,-0.02986388417048147,,,,1,126.71365402638912,0.009038301184773445,0.04930127039551735,0.00958288088440895,1.1746588584135984
2014-02-06,fold_3,Taper tantrum and 2014 H1,0.009572844952344894,1,0.017681505531072617,1,0.017681505531072617,-0.012182378639408853,,,,1,176.81505531072617,0.009422065690159798,0.044020943343639374,0.009572844952344894,1.586847935678539
2014-02-07,fold_3,Taper tantrum and 2014 H1,0.00948585569858551,1,0.005711291451007128,1,0.005711291451007128,-0.006471087188401725,,,,1,57.11291451007128,0.005608921870589256,0.02834596298635006,0.00948585569858551,0.4840179030918917
2014-02-10,fold_3,Taper tantrum and 2014 H1,0.009397480636835098,1,0.01132479403167963,1,0.01132479403167963,0.004853706843277905,,,,1,113.2479403167963,0.004300886765122414,0.027522001415491104,0.009397480636835098,0.9559290777305137
2014-02-11,fold_3,Taper tantrum and 2014 H1,0.008679751306772232,1,0.0019123154925182462,1,0.0019123154925182462,0.006766022335796151,,,,1,19.12315492518246,0.0043237414211034775,0.009303354658186436,0.008679751306772232,0.1641730970530303
2014-02-12,fold_3,Taper tantrum and 2014 H1,0.009187567979097366,1,0.007391038816422224,1,0.007391038816422224,0.014157061152218375,,,,1,73.91038816422224,0.0010631699115037918,0.012065837159752846,0.009187567979097366,0.6803320448787504
2014-02-13,fold_3,Taper tantrum and 2014 H1,0.0075026750564575195,1,0.002006523311138153,1,0.002006523311138153,0.01616358446335653,,,,1,20.06523311138153,0.0013853516429662704,0.003341410309076309,0.0075026750564575195,0.18518020522137435
2014-02-14,fold_3,Taper tantrum and 2014 H1,0.009160123765468597,1,0.004887329414486885,1,0.004887329414486885,0.021050913877843414,,,,1,48.87329414486885,0.0045952145010232925,0.006658549886196852,0.009160123765468597,0.4506622092338748
2014-02-18,fold_3,Taper tantrum and 2014 H1,0.009576164186000824,1,-0.006893852725625038,-1,-0.006893852725625038,0.014157061152218375,,,,0,-68.93852725625038,-0.0012230966240167618,0.0006642256048507988,0.009576164186000824,-0.6368089736087781
2014-02-19,fold_3,Taper tantrum and 2014 H1,0.006765976548194885,1,0.004674798343330622,1,0.004674798343330622,0.018831859495548997,,,,1,46.74798343330622,0.002708297222852707,0.006672346033155918,0.006765976548194885,0.4327661199719058
2014-02-20,fold_3,Taper tantrum and 2014 H1,0.00448530912399292,1,-0.0013333880342543125,-1,-0.0013333880342543125,0.017498471461294685,,,,0,-13.333880342543125,0.0016041845083236694,0.008464290760457516,0.00448530912399292,-0.12303941265819411
2014-02-21,fold_3,Taper tantrum and 2014 H1,0.005913577973842621,1,0.005323662888258696,1,0.005323662888258696,0.02282213434955338,,,,1,53.236628882586956,0.002380635589361191,0.008691264316439629,0.005913577973842621,0.49226051732137377
2014-02-24,fold_3,Taper tantrum and 2014 H1,0.004890479147434235,1,-0.001106994808651507,-1,-0.001106994808651507,0.021715139540901873,,,,0,-11.069948086515069,0.0031716004014015198,-0.00407614978030324,0.004890479147434235,-0.11145365394766149
2014-02-25,fold_3,Taper tantrum and 2014 H1,0.005115218460559845,1,-0.000885732239112258,-1,-0.000885732239112258,0.020829407301789615,,,,0,-8.85732239112258,0.00019861385226249695,0.009663728065788746,0.005115218460559845,-0.09136686309462048
2014-02-26,fold_3,Taper tantrum and 2014 H1,0.006797723472118378,1,0.006466743536293507,1,0.006466743536293507,0.027296150838083122,,,,1,64.66743536293507,0.0015773158520460129,0.013298643752932549,0.006797723472118378,0.6669918548421834
2014-02-27,fold_3,Taper tantrum and 2014 H1,0.0063428618013858795,1,-0.0011064147111028433,-1,-0.0011064147111028433,0.02618973612698028,,,,0,-11.064147111028433,0.0012260284274816513,0.005953503772616386,0.0063428618013858795,-0.1164405687605777
2014-02-28,fold_3,Taper tantrum and 2014 H1,0.0067407600581645966,1,-0.007443751208484173,-1,-0.007443751208484173,0.018745984918496106,,,,0,-74.43751208484173,0.0022465698421001434,0.002101438818499446,0.0067407600581645966,-0.8678280809274966
2014-03-03,fold_3,Taper tantrum and 2014 H1,0.007207568734884262,1,0.0126328831538558,1,0.0126328831538558,0.031378868072351906,,,,1,126.328831538558,0.0034448839724063873,0.010427766479551792,0.007207568734884262,1.449198935767308
2014-03-04,fold_3,Taper tantrum and 2014 H1,0.004902739077806473,1,0.002749183913692832,1,0.002749183913692832,0.03412805198604474,,,,1,27.49183913692832,0.0010976716876029968,-0.006517944857478142,0.004902739077806473,0.36409727286672033
2014-03-05,fold_3,Taper tantrum and 2014 H1,0.006218962371349335,1,-0.000878396793268621,-1,-0.000878396793268621,0.03324965519277612,,,,0,-8.78396793268621,0.0007014051079750061,-0.00550622446462512,0.006218962371349335,-0.11876164717620236
2014-03-06,fold_3,Taper tantrum and 2014 H1,0.008795563131570816,1,-0.004958479665219784,-1,-0.004958479665219784,0.028291175527556334,,,,0,-49.58479665219784,0.00633077509701252,-0.018862556666135788,0.008795563131570816,-0.6722333900953021
2014-03-07,fold_3,Taper tantrum and 2014 H1,0.009280890226364136,1,0.0008825759869068861,1,0.0008825759869068861,0.02917375151446322,,,,1,8.825759869068861,0.0035628564655780792,-0.020760266110301018,0.009280890226364136,0.1279116911000885
2014-03-10,fold_3,Taper tantrum and 2014 H1,0.00726298987865448,1,-0.004312828183174133,-1,-0.004312828183174133,0.024860923331289086,,,,0,-43.12828183174133,0.0010253768414258957,-0.012884118594229221,0.00726298987865448,-0.7622219523205848
2014-03-11,fold_3,Taper tantrum and 2014 H1,0.005860216915607452,1,0.0037609043065458536,1,0.0037609043065458536,0.02862182763783494,,,,1,37.609043065458536,0.003185426816344261,0.003430252429097891,0.005860216915607452,0.6720760088848108
2014-03-12,fold_3,Taper tantrum and 2014 H1,0.007415931671857834,1,-0.01423472911119461,-1,-0.01423472911119461,0.01438709852664033,,,,0,-142.3472911119461,0.002477087080478668,-0.00575813977047801,0.007415931671857834,-2.812872408524843
2014-03-13,fold_3,Taper tantrum and 2014 H1,0.006451323628425598,1,-0.006856187712401152,-1,-0.006856187712401152,0.007530910814239178,,,,0,-68.56187712401152,0.0017325207591056824,0.01124925073236227,0.006451323628425598,-1.1497802921245706
2014-03-14,fold_3,Taper tantrum and 2014 H1,0.005111671984195709,1,0.008758722804486752,1,0.008758722804486752,0.01628963361872593,,,,1,87.58722804486752,-0.0017940979450941086,0.005999579560011625,0.005111671984195709,1.4767679021712654
2014-03-17,fold_3,Taper tantrum and 2014 H1,0.0049273669719696045,1,0.012001542374491692,1,0.012001542374491692,0.02829117599321762,,,,1,120.01542374491692,-0.010926012881100178,-0.011562190018594265,0.0049273669719696045,1.926450667269544
2014-03-18,fold_3,Taper tantrum and 2014 H1,0.004368212074041367,1,-0.005427488125860691,-1,-0.005427488125860691,0.02286368786735693,,,,0,-54.27488125860691,-0.018344853073358536,-0.020281963050365448,0.004368212074041367,-0.8107154202653549
2014-03-19,fold_3,Taper tantrum and 2014 H1,0.003626171499490738,1,0.0027726609259843826,1,0.0027726609259843826,0.025636348793341313,,,,1,27.726609259843826,-0.010306986048817635,-0.02781808003783226,0.003626171499490738,0.41839638687375774
2014-03-20,fold_3,Taper tantrum and 2014 H1,0.005197465419769287,1,-0.012105858884751797,-1,-0.012105858884751797,0.013530489908589516,,,,0,-121.05858884751797,-0.01423601247370243,-0.03621464595198631,0.005197465419769287,-1.8416946564998837
2014-03-21,fold_3,Taper tantrum and 2014 H1,0.00574435293674469,1,-0.008803046308457851,-1,-0.008803046308457851,0.004727443600131664,,,,0,-88.03046308457851,-0.00480557419359684,-0.02215406857430935,0.00574435293674469,-1.239424755320805
2014-03-24,fold_3,Taper tantrum and 2014 H1,0.006502177566289902,1,0.003281768411397934,1,0.003281768411397934,0.008009212011529598,,,,1,32.81768411397934,6.958283483982086e-05,-0.0062537225894629955,0.006502177566289902,0.4511965566791618
2014-03-25,fold_3,Taper tantrum and 2014 H1,0.007964182645082474,1,-0.012963604182004929,-1,-0.012963604182004929,-0.00495439217047533,,,,0,-129.6360418200493,0.00316719152033329,0.00787755660712719,0.007964182645082474,-1.7743265739366645
2014-03-26,fold_3,Taper tantrum and 2014 H1,0.008897926658391953,1,-0.005623903591185808,-1,-0.005623903591185808,-0.010578295761661138,,,,0,-56.23903591185808,0.00642106868326664,0.02341604046523571,0.008897926658391953,-0.7157141756594412
2014-03-27,fold_3,Taper tantrum and 2014 H1,0.008911684155464172,1,0.0019547175616025925,1,0.0019547175616025925,-0.008623578200058546,,,,1,19.547175616025925,0.0009245611727237701,0.02107001282274723,0.008911684155464172,0.24979581633408446
2014-03-28,fold_3,Taper tantrum and 2014 H1,0.012545179575681686,1,0.0070972987450659275,1,0.0070972987450659275,-0.0015262794549926184,,,,1,70.97298745065928,-0.0056288596242666245,-0.007842288352549076,0.012545179575681686,0.9060127079641355
2014-03-31,fold_3,Taper tantrum and 2014 H1,0.0045062825083732605,1,0.017413048073649406,1,0.017413048073649406,0.015886768618656788,,,,1,174.13048073649406,-0.002133956179022789,-0.0244788508862257,0.0045062825083732605,2.2274561662872308
2014-04-01,fold_3,Taper tantrum and 2014 H1,0.005220968276262283,1,0.0025748794432729483,1,0.0025748794432729483,0.018461648061929736,,,,1,25.748794432729483,-0.004168547689914703,-0.03270028531551361,0.005220968276262283,0.31157741244076076
2014-04-02,fold_3,Taper tantrum and 2014 H1,0.007658757269382477,1,-0.007969930768013,-1,-0.007969930768013,0.010491717293916736,,,,0,-79.69930768013,-0.003456229344010353,-0.018278267234563828,0.007658757269382477,-0.9647420670863133
2014-04-03,fold_3,Taper tantrum and 2014 H1,0.00954202190041542,1,-0.02695758268237114,-1,-0.02695758268237114,-0.016465865388454404,,,,0,-269.5758268237114,0.006791327148675919,-0.04177101328969002,0.00954202190041542,-3.1906397371676727
2014-04-04,fold_3,Taper tantrum and 2014 H1,0.010111238807439804,1,-0.009539262391626835,-1,-0.009539262391626835,-0.02600512778008124,,,,0,-95.39262391626835,0.013195129111409187,-0.026514969766139984,0.010111238807439804,-0.9243960077394551
2014-04-07,fold_3,Taper tantrum and 2014 H1,0.00985519215464592,1,0.009191613644361496,1,0.009191613644361496,-0.016813514135719743,,,,1,91.91613644361496,0.017669348046183586,-0.00915968231856823,0.00985519215464592,0.8724212064864433
2014-04-08,fold_3,Taper tantrum and 2014 H1,0.008958742022514343,1,0.016996895894408226,1,0.016996895894408226,0.0001833817586884834,,,,1,169.96895894408226,0.019545333459973335,-0.015053289011120796,0.008958742022514343,1.5898401667635498
2014-04-09,fold_3,Taper tantrum and 2014 H1,0.004920598119497299,1,-0.03146267682313919,-1,-0.03146267682313919,-0.03127929506445071,,,,0,-314.6267682313919,0.009321523830294609,-0.018851255998015404,0.004920598119497299,-2.7805663507372933
2014-04-10,fold_3,Taper tantrum and 2014 H1,0.008401241153478622,1,-0.01170154195278883,-1,-0.01170154195278883,-0.04298083701723954,,,,0,-117.0154195278883,0.012590846046805382,0.012843403033912182,0.008401241153478622,-0.9044168442628483
2014-04-11,fold_3,Taper tantrum and 2014 H1,0.008372444659471512,1,0.007816024124622345,1,0.007816024124622345,-0.03516481289261719,,,,1,78.16024124622345,0.012965062633156776,0.031941864639520645,0.008372444659471512,0.5961510368720718
2014-04-14,fold_3,Taper tantrum and 2014 H1,0.008793339133262634,1,0.0032980076503008604,1,0.0032980076503008604,-0.03186680524231633,,,,1,32.980076503008604,0.007309651002287865,0.0320403128862381,0.008793339133262634,0.25212227676228055
2014-04-15,fold_3,Taper tantrum and 2014 H1,0.009043250232934952,1,0.013198929838836193,1,0.013198929838836193,-0.01866787540348014,,,,1,131.98929838836193,0.005797643214464188,0.01990613155066967,0.009043250232934952,1.029239149505944
2014-04-16,fold_3,Taper tantrum and 2014 H1,0.009617291390895844,1,0.0002319830673513934,1,0.0002319830673513934,-0.018435892336128745,,,,1,2.319830673513934,0.0042585451155900955,0.016228817403316498,0.009617291390895844,0.017704409515367756
2014-04-17,fold_3,Taper tantrum and 2014 H1,0.008651062846183777,1,0.007396920118480921,1,0.007396920118480921,-0.011038972217647824,,,,1,73.96920118480921,0.002711394801735878,-0.00011613046081038192,0.008651062846183777,0.5651443196261554
2014-04-21,fold_3,Taper tantrum and 2014 H1,0.007931418716907501,1,0.007914471440017223,1,0.007914471440017223,-0.003124500777630601,,,,1,79.14471440017223,0.0027354545891284943,-0.004269872326403856,0.007931418716907501,0.6129573868021266
2014-04-22,fold_3,Taper tantrum and 2014 H1,0.008629024028778076,1,-0.008836171589791775,-1,-0.008836171589791775,-0.011960672367422376,,,,0,-88.36171589791775,0.002736413851380348,-0.004236620385199785,0.008629024028778076,-0.685870461320646
2014-04-23,fold_3,Taper tantrum and 2014 H1,0.008795060217380524,1,0.009521614760160446,1,0.009521614760160446,-0.0024390576072619297,,,,1,95.21614760160446,0.004251023754477501,0.007235391531139612,0.008795060217380524,0.7316941727822702
2014-04-24,fold_3,Taper tantrum and 2014 H1,0.0067380256950855255,1,-0.01611296460032463,-1,-0.01611296460032463,-0.01855202220758656,,,,0,-161.1296460032463,0.00603422150015831,0.0006843045121058822,0.0067380256950855255,-1.252605071352228
2014-04-25,fold_3,Taper tantrum and 2014 H1,0.009048227220773697,1,0.0032431783620268106,1,0.0032431783620268106,-0.01530884384555975,,,,1,32.43178362026811,0.009617546573281288,0.01497045811265707,0.009048227220773697,0.2438609425001167
2014-04-28,fold_3,Taper tantrum and 2014 H1,0.006275113672018051,1,0.00794772244989872,1,0.00794772244989872,-0.00736112139566103,,,,1,79.4772244989872,0.010303625836968422,0.016970984637737274,0.006275113672018051,0.5970399685811895
2014-04-29,fold_3,Taper tantrum and 2014 H1,0.00523729994893074,1,0.0026358403265476227,1,0.0026358403265476227,-0.004725281069113407,,,,1,26.358403265476227,0.008000234141945839,-0.004023039247840643,0.00523729994893074,0.19765020906525657
2014-04-30,fold_3,Taper tantrum and 2014 H1,-0.007789302617311478,-1,0.002970527159050107,1,-0.002970527159050107,-0.007695808228163514,,,,0,-29.70527159050107,-0.015306728892028332,-0.00954312551766634,-0.007789302617311478,0.2326464559028697
2014-05-01,fold_3,Taper tantrum and 2014 H1,-0.0031127743422985077,-1,-0.0018268103012815118,-1,0.0018268103012815118,-0.0058689979268820025,,,,1,18.268103012815118,-0.027047088369727135,-0.013438626192510128,-0.0031127743422985077,-0.14302445624634064
2014-05-02,fold_3,Taper tantrum and 2014 H1,0.0013177581131458282,1,0.005243705119937658,1,0.005243705119937658,-0.0006252928069443442,,,,1,52.43705119937658,-0.03912173956632614,-0.007918200455605984,0.0013177581131458282,0.41437903964715017
2014-05-05,fold_3,Taper tantrum and 2014 H1,-0.003638390451669693,-1,-0.013046301901340485,-1,0.013046301901340485,0.01242100909439614,,,,1,130.46301901340485,-0.04352141171693802,0.003178476123139262,-0.003638390451669693,-1.1660932572157228
2014-05-06,fold_3,Taper tantrum and 2014 H1,0.003914535045623779,1,-0.002884245477616787,-1,-0.002884245477616787,0.009536763616779353,,,,0,-28.84245477616787,-0.005746738985180855,0.016904594376683235,0.003914535045623779,-0.25381310969980364
2014-05-07,fold_3,Taper tantrum and 2014 H1,0.0058753155171871185,1,-0.0009249738068319857,-1,-0.0009249738068319857,0.008611789809947368,,,,0,-9.249738068319857,0.012675633653998375,0.01456519030034542,0.0058753155171871185,-0.08262502824968634
2014-05-08,fold_3,Taper tantrum and 2014 H1,-0.005715940147638321,-1,0.003693615784868598,1,-0.003693615784868598,0.00491817402507877,,,,0,-36.93615784868598,0.010110421106219292,0.00760283088311553,-0.005715940147638321,0.3507050202758788
2014-05-09,fold_3,Taper tantrum and 2014 H1,0.0034339241683483124,1,0.016340382397174835,1,0.016340382397174835,0.021258556422253605,,,,1,163.40382397174835,0.027974696829915047,0.010429514572024345,0.0034339241683483124,2.073398925339283
2014-05-12,fold_3,Taper tantrum and 2014 H1,0.005275774747133255,1,0.0006798167596571147,1,0.0006798167596571147,0.02193837318191072,,,,1,6.798167596571147,0.03169725090265274,0.0010198835516348481,0.005275774747133255,0.08207038410880037
2014-05-13,fold_3,Taper tantrum and 2014 H1,0.00913960486650467,1,-0.005223650485277176,-1,-0.005223650485277176,0.016714722696633544,,,,0,-52.23650485277176,0.01873386837542057,-0.00328986463136971,0.00913960486650467,-0.6450313470035096
2014-05-14,fold_3,Taper tantrum and 2014 H1,0.0070115551352500916,1,-0.007887332700192928,-1,-0.007887332700192928,0.008827389996440616,,,,0,-78.87332700192928,0.00238986499607563,0.011433972977101803,0.0070115551352500916,-0.9679146831549944
2014-05-15,fold_3,Taper tantrum and 2014 H1,0.00888260081410408,1,0.006520299706608057,1,0.006520299706608057,0.015347689703048673,,,,1,65.20299706608057,0.020341476425528526,0.023701516911387444,0.00888260081410408,0.8361923425833073
2014-05-16,fold_3,Taper tantrum and 2014 H1,0.014868240803480148,1,0.0069307503290474415,1,0.0069307503290474415,0.022278440032096114,,,,1,69.30750329047441,0.020341159775853157,0.02443923056125641,0.014868240803480148,0.8737077739859721
2014-05-19,fold_3,Taper tantrum and 2014 H1,0.004339244216680527,1,-0.0036299314815551043,-1,-0.0036299314815551043,0.01864850855054101,,,,0,-36.29931481555104,0.01339765079319477,0.029892729595303535,0.004339244216680527,-0.45881738372934977
2014-05-20,fold_3,Taper tantrum and 2014 H1,0.0037736929953098297,1,0.009500186890363693,1,0.009500186890363693,0.028148695440904703,,,,1,95.00186890363693,0.036937445402145386,0.03044099360704422,0.0037736929953098297,1.225258190591561
2014-05-21,fold_3,Taper tantrum and 2014 H1,0.006619196385145187,1,0.004380210768431425,1,0.004380210768431425,0.03252890620933613,,,,1,43.80210768431425,0.023450402542948723,0.027313604950904846,0.006619196385145187,0.5620858252523185
2014-05-22,fold_3,Taper tantrum and 2014 H1,0.008519232273101807,1,0.007258014287799597,1,0.007258014287799597,0.039786920497135725,,,,1,72.58014287799597,0.007173111662268639,0.023042934015393257,0.008519232273101807,0.9600542360580507
2014-05-23,fold_3,Taper tantrum and 2014 H1,0.0035816170275211334,1,0.012384248897433281,1,0.012384248897433281,0.052171169394569006,,,,1,123.84248897433281,0.004871264100074768,0.014798999764025211,0.0035816170275211334,1.8101637895137987
2014-05-27,fold_3,Taper tantrum and 2014 H1,0.002988044172525406,1,-0.0030816674698144197,-1,-0.0030816674698144197,0.049089501924754586,,,,0,-30.816674698144197,0.002612316980957985,0.0019759966526180506,0.002988044172525406,-0.4195607894926704
2014-05-28,fold_3,Taper tantrum and 2014 H1,0.0054280124604702,1,0.006372798699885607,1,0.006372798699885607,0.05546230062464019,,,,1,63.72798699885607,0.011597314849495888,0.008779807947576046,0.0054280124604702,0.8900581927586882
2014-05-29,fold_3,Taper tantrum and 2014 H1,0.003921926021575928,1,0.00010953944001812488,1,0.00010953944001812488,0.05557184006465832,,,,1,1.0953944001812488,0.012654488906264305,0.010785252787172794,0.003921926021575928,0.015053706886225565
2014-05-30,fold_3,Taper tantrum and 2014 H1,0.008034799247980118,1,-0.0009859201963990927,-1,-0.0009859201963990927,0.054585919868259225,,,,0,-9.859201963990927,0.01377040334045887,0.01640191674232483,0.008034799247980118,-0.13605960599780215
2014-06-02,fold_3,Taper tantrum and 2014 H1,0.00759844109416008,1,-0.00043875392293557525,-1,-0.00043875392293557525,0.05414716594532365,,,,0,-4.3875392293557525,0.010442180559039116,0.016633290797472,0.00759844109416008,-0.060617508986671356
2014-06-03,fold_3,Taper tantrum and 2014 H1,0.008770313113927841,1,0.003722143592312932,1,0.003722143592312932,0.05786930953763658,,,,1,37.22143592312932,0.013327328488230705,0.018795523792505264,0.008770313113927841,0.52107920808085
2014-06-04,fold_3,Taper tantrum and 2014 H1,0.007731355726718903,1,0.008378244005143642,1,0.008378244005143642,0.06624755354278022,,,,1,83.78244005143642,0.011756191030144691,0.014858423732221127,0.007731355726718903,1.2746072309545615
2014-06-05,fold_3,Taper tantrum and 2014 H1,0.007866762578487396,1,0.005726202856749296,1,0.005726202856749296,0.07197375639952952,,,,1,57.26202856749296,0.009080754593014717,-0.002603821223601699,0.007866762578487396,0.841536314923747
2014-06-06,fold_3,Taper tantrum and 2014 H1,0.009040884673595428,1,-0.0007545453845523298,-1,-0.0007545453845523298,0.07121921101497719,,,,0,-7.545453845523298,0.009238837286829948,-0.005401598289608955,0.009040884673595428,-0.1090258095653863
2014-06-09,fold_3,Taper tantrum and 2014 H1,0.007526472210884094,1,0.0017234788974747062,1,0.0017234788974747062,0.0729426899124519,,,,1,17.23478897474706,0.0050132013857364655,-0.0037802942097187042,0.007526472210884094,0.2507459024618815
2014-06-10,fold_3,Taper tantrum and 2014 H1,0.007214635610580444,1,-0.00021495713735930622,-1,-0.00021495713735930622,0.07272773277509259,,,,0,-2.149571373593062,0.00669114850461483,-0.004963437560945749,0.007214635610580444,-0.036842175568203905
2014-06-11,fold_3,Taper tantrum and 2014 H1,0.006923068314790726,1,-0.009084000252187252,-1,-0.009084000252187252,0.06364373252290534,,,,0,-90.84000252187252,0.006615670397877693,0.0008610818767920136,0.006923068314790726,-1.557411019774264
2014-06-12,fold_3,Taper tantrum and 2014 H1,0.007891561836004257,1,0.0029284260235726833,1,0.0029284260235726833,0.06657215854647802,,,,1,29.284260235726833,0.0084067452698946,0.009298957884311676,0.007891561836004257,0.48285032094804403
2014-06-13,fold_3,Taper tantrum and 2014 H1,0.007419180124998093,1,0.0008667586953379214,1,0.0008667586953379214,0.06743891724181594,,,,1,8.667586953379214,0.008798224851489067,0.007546482607722282,0.007419180124998093,0.1484276600289527
2014-06-16,fold_3,Taper tantrum and 2014 H1,0.007658902555704117,1,0.0005403357790783048,1,0.0005403357790783048,0.06797925302089425,,,,1,5.403357790783048,0.007717953994870186,0.006895371712744236,0.007658902555704117,0.09549964981027752
2014-06-17,fold_3,Taper tantrum and 2014 H1,0.007579036056995392,1,0.005609562154859304,1,0.005609562154859304,0.07358881517575355,,,,1,56.095621548593044,0.006286438554525375,0.005384569056332111,0.007579036056995392,1.0306115744567852
2014-06-18,fold_3,Taper tantrum and 2014 H1,0.007324192672967911,1,-0.000646124710328877,-1,-0.000646124710328877,0.07294269046542468,,,,0,-6.46124710328877,0.004688825458288193,0.006119376048445702,0.007324192672967911,-0.11691776295906459
2014-06-19,fold_3,Taper tantrum and 2014 H1,0.008240774273872375,1,0.001175950514152646,1,0.001175950514152646,0.07411864097957732,,,,1,11.75950514152646,0.0012468844652175903,0.007301395758986473,0.008240774273872375,0.2304085862318534
2014-06-20,fold_3,Taper tantrum and 2014 H1,0.00845680758357048,1,0.0002156479167751968,1,0.0002156479167751968,0.07433428889635252,,,,1,2.156479167751968,0.0007462650537490845,0.010508253239095211,0.00845680758357048,0.04299375123078296
2014-06-23,fold_3,Taper tantrum and 2014 H1,0.006166774779558182,1,-0.0009704668773338199,-1,-0.0009704668773338199,0.0733638220190187,,,,0,-9.704668773338199,-0.00036944448947906494,0.011997771449387074,0.006166774779558182,-0.20447154155560207
2014-06-24,fold_3,Taper tantrum and 2014 H1,0.005690429359674454,1,0.006344369146972895,1,0.006344369146972895,0.0797081911659916,,,,1,63.44369146972895,0.0019296947866678238,0.023876363411545753,0.005690429359674454,1.643309511582408
2014-06-25,fold_3,Taper tantrum and 2014 H1,0.005096174776554108,1,0.0005358947673812509,1,0.0005358947673812509,0.08024408593337284,,,,1,5.358947673812509,0.00025606341660022736,0.019215893000364304,0.005096174776554108,0.13215691458243795
2014-06-26,fold_3,Taper tantrum and 2014 H1,0.005151528865098953,1,0.00438280776143074,1,0.00438280776143074,0.08462689369480358,,,,1,43.828077614307404,-0.0028292592614889145,0.024969423189759254,0.005151528865098953,1.1539035577103673
2014-06-27,fold_3,Taper tantrum and 2014 H1,0.005269091576337814,1,0.0017051667673513293,1,0.0017051667673513293,0.08633206046215491,,,,1,17.051667673513293,-0.0034815948456525803,0.01755196787416935,0.005269091576337814,0.4347071467681163
2014-06-30,fold_3,Taper tantrum and 2014 H1,0.0059115029871463776,1,0.010908124968409538,1,0.010908124968409538,0.09724018543056445,,,,1,109.08124968409538,-0.0011105630546808243,0.0037202120292931795,0.0059115029871463776,2.7721612507452202
2014-07-01,fold_3,Taper tantrum and 2014 H1,0.004968322813510895,1,0.0016838997835293412,1,0.0016838997835293412,0.0989240852140938,,,,1,16.838997835293412,-0.0012211557477712631,0.0002107195177813992,0.004968322813510895,0.36381104072122655
2014-07-02,fold_3,Taper tantrum and 2014 H1,0.004998166114091873,1,0.00628942484036088,1,0.00628942484036088,0.10521351005445467,,,,1,62.8942484036088,0.0013661142438650131,-0.0046371459029614925,0.004998166114091873,1.3766643287193563
2014-07-03,fold_3,Taper tantrum and 2014 H1,0.0059591904282569885,1,-0.0030346480198204517,-1,-0.0030346480198204517,0.10217886203463422,,,,0,-30.346480198204517,0.0015111025422811508,-0.004503125324845314,0.0059591904282569885,-0.6900461447877146
2014-07-07,fold_3,Taper tantrum and 2014 H1,0.006708420813083649,1,-0.012126589193940163,-1,-0.012126589193940163,0.09005227284069406,,,,0,-121.26589193940163,0.005091799423098564,0.004496706649661064,0.006708420813083649,-2.8455543192125514
2014-07-08,fold_3,Taper tantrum and 2014 H1,0.006602440029382706,1,0.007398632355034351,1,0.007398632355034351,0.09745090519572841,,,,1,73.98632355034351,0.009910227730870247,0.013173858635127544,0.006602440029382706,1.4655670883826315
2014-07-09,fold_3,Taper tantrum and 2014 H1,0.005218960344791412,1,-0.0031639656517654657,-1,-0.0031639656517654657,0.09428693954396294,,,,0,-31.639656517654657,0.012179328128695488,0.00974604208022356,0.005218960344791412,-0.5971461092102441
2014-07-10,fold_3,Taper tantrum and 2014 H1,0.00592799112200737,1,0.006423445418477058,1,0.006423445418477058,0.10071038496244,,,,1,64.23445418477058,0.010680841282010078,-0.0004228194011375308,0.00592799112200737,1.2017025952140485
2014-07-11,fold_3,Taper tantrum and 2014 H1,0.00723300501704216,1,0.0059651839546859264,1,0.0059651839546859264,0.10667556891712593,,,,1,59.651839546859264,0.010352862998843193,0.008882122114300728,0.00723300501704216,1.1585792441699563
2014-07-14,fold_3,Taper tantrum and 2014 H1,0.005757257342338562,1,-0.003449437441304326,-1,-0.003449437441304326,0.1032261314758216,,,,0,-34.49437441304326,0.0015762429684400558,0.0016677516978234053,0.005757257342338562,-0.6535234140812817
2014-07-15,fold_3,Taper tantrum and 2014 H1,0.005169745534658432,1,0.003970816265791655,1,0.003970816265791655,0.10719694774161326,,,,1,39.708162657916546,0.0004475843161344528,0.01145125925540924,0.005169745534658432,0.7448884330714018
2014-07-16,fold_3,Taper tantrum and 2014 H1,0.0032432638108730316,1,-0.013332827016711235,-1,-0.013332827016711235,0.09386412072490202,,,,0,-133.32827016711235,-0.004183931276202202,0.013877581804990768,0.0032432638108730316,-2.467743478875805
2014-07-17,fold_3,Taper tantrum and 2014 H1,0.004980888217687607,1,0.015728386119008064,1,0.015728386119008064,0.10959250684391009,,,,1,157.28386119008064,0.0023788120597600937,0.026078633964061737,0.004980888217687607,2.603183061654549
2014-07-18,fold_3,Taper tantrum and 2014 H1,0.00022425875067710876,1,-0.0012491863453760743,-1,-0.0012491863453760743,0.10834332049853401,,,,0,-12.491863453760743,0.004593361169099808,0.006429646164178848,0.00022425875067710876,-0.17872204598867492
2014-07-21,fold_3,Taper tantrum and 2014 H1,0.00028894469141960144,1,0.006334070116281509,1,0.006334070116281509,0.11467739061481552,,,,1,63.340701162815094,0.0014631208032369614,0.007989144884049892,0.00028894469141960144,0.9061378421587718
2014-07-22,fold_3,Taper tantrum and 2014 H1,0.003593806177377701,1,0.00639713928103447,1,0.00639713928103447,0.12107452989584999,,,,1,63.971392810344696,0.007395954802632332,-0.00010333875979995355,0.003593806177377701,0.8969545824667564
2014-07-23,fold_3,Taper tantrum and 2014 H1,0.0016100481152534485,1,-0.0011317766038700938,-1,-0.0011317766038700938,0.1199427532919799,,,,0,-11.317766038700938,0.0022093448787927628,-0.002574207494035363,0.0016100481152534485,-0.15565918702123097
2014-07-24,fold_3,Taper tantrum and 2014 H1,0.006641991436481476,1,-0.003920600283890963,-1,-0.003920600283890963,0.11602215300808894,,,,0,-39.206002838909626,0.006125180050730705,-0.021860044449567795,0.006641991436481476,-0.5494414230069968
2014-07-25,fold_3,Taper tantrum and 2014 H1,0.002109106630086899,1,0.0003103120543528348,1,0.0003103120543528348,0.11633246506244177,,,,1,3.103120543528348,0.0027374662458896637,-0.021629933267831802,0.002109106630086899,0.04316926421390465
2014-07-28,fold_3,Taper tantrum and 2014 H1,0.005086291581392288,1,-0.001758413389325142,-1,-0.001758413389325142,0.11457405167311663,,,,0,-17.58413389325142,0.008900737389922142,-0.015097670257091522,0.005086291581392288,-0.24691679954321788
2014-07-29,fold_3,Taper tantrum and 2014 H1,0.0023005567491054535,1,0.003926270641386509,1,0.003926270641386509,0.11850032231450314,,,,1,39.26270641386509,0.006413081660866737,-0.02102711983025074,0.0023005567491054535,0.5512776424635283
2014-07-30,fold_3,Taper tantrum and 2014 H1,-0.0012576468288898468,-1,-0.02041761204600334,-1,0.02041761204600334,0.13891793436050648,,,,1,204.17612046003342,0.006496801972389221,-0.025693856179714203,-0.0012576468288898468,-3.0253746553661913
2014-07-31,fold_3,Taper tantrum and 2014 H1,0.0038036108016967773,1,-0.003690489800646901,-1,-0.003690489800646901,0.13522744455985958,,,,0,-36.90489800646901,0.015910835936665535,-0.008454873226583004,0.0038036108016967773,-0.4534157647166218
2014-08-01,fold_3,Taper tantrum and 2014 H1,0.00175466388463974,1,0.0068425750359892845,1,0.0068425750359892845,0.14207001959584886,,,,1,68.42575035989285,0.00688830204308033,0.0024269213899970055,0.00175466388463974,0.8490340969905606
2014-08-04,fold_3,Taper tantrum and 2014 H1,0.0026945509016513824,1,-0.007687862496823072,-1,-0.007687862496823072,0.1343821570990258,,,,0,-76.87862496823072,-0.003245638683438301,0.001467795460484922,0.0026945509016513824,-0.9404013445423478
2014-08-05,fold_3,Taper tantrum and 2014 H1,0.004434704780578613,1,-0.0007404669304378331,-1,-0.0007404669304378331,0.13364169016858796,,,,0,-7.404669304378331,0.004499251022934914,0.008736382238566875,0.004434704780578613,-0.0937116027863874
2014-08-06,fold_3,Taper tantrum and 2014 H1,0.007349509745836258,1,-0.00317862955853343,-1,-0.00317862955853343,0.13046306061005453,,,,0,-31.7862955853343,0.009928496554493904,0.02000616118311882,0.007349509745836258,-0.41130322963078586
2014-08-07,fold_3,Taper tantrum and 2014 H1,0.00907336175441742,1,0.007191305048763752,1,0.007191305048763752,0.13765436565881828,,,,1,71.91305048763752,0.009156836196780205,0.028356796130537987,0.00907336175441742,0.9304928116568347
2014-08-08,fold_3,Taper tantrum and 2014 H1,0.008945614099502563,1,0.005883449222892523,1,0.005883449222892523,0.1435378148817108,,,,1,58.83449222892523,0.009179504588246346,0.02600216120481491,0.008945614099502563,0.757958197237931
2014-08-11,fold_3,Taper tantrum and 2014 H1,0.010129302740097046,1,-0.0004192753112874925,-1,-0.0004192753112874925,0.1431185395704233,,,,0,-4.192753112874925,0.008449872955679893,0.02778947539627552,0.010129302740097046,-0.05403648788866629
2014-08-12,fold_3,Taper tantrum and 2014 H1,0.009422190487384796,1,0.010529312305152416,1,0.010529312305152416,0.15364785187557572,,,,1,105.29312305152416,0.006820164620876312,0.03379705175757408,0.009422190487384796,1.363679603234186
2014-08-13,fold_3,Taper tantrum and 2014 H1,0.008095145225524902,1,0.0051720053888857365,1,0.0051720053888857365,0.15881985726446146,,,,1,51.720053888857365,0.006307585164904594,0.02326774038374424,0.008095145225524902,0.6446265908960627
2014-08-14,fold_3,Taper tantrum and 2014 H1,0.008987165987491608,1,0.004836669657379389,1,0.004836669657379389,0.16365652692184085,,,,1,48.36669657379389,0.005844861268997192,0.020119888707995415,0.008987165987491608,0.6416355422554882
2014-08-15,fold_3,Taper tantrum and 2014 H1,0.008240621536970139,1,0.007670763414353132,1,0.007670763414353132,0.17132729033619398,,,,1,76.70763414353132,0.005964901298284531,0.016798965632915497,0.008240621536970139,1.135661916793589
2014-08-18,fold_3,Taper tantrum and 2014 H1,0.008386097848415375,1,0.005588300991803408,1,0.005588300991803408,0.1769155913279974,,,,1,55.88300991803408,0.004488270729780197,0.012655028142035007,0.008386097848415375,0.8025449421832442
2014-08-19,fold_3,Taper tantrum and 2014 H1,0.008870694786310196,1,0.0,0,0.0,0.1769155913279974,,,,0,0.0,0.002607397735118866,0.008072314783930779,0.008870694786310196,0.0
2014-08-20,fold_3,Taper tantrum and 2014 H1,0.00752103328704834,1,0.0020241537131369114,1,0.0020241537131369114,0.1789397450411343,,,,1,20.241537131369114,0.00600210577249527,0.008273630402982235,0.00752103328704834,0.2984589132808147
2014-08-21,fold_3,Taper tantrum and 2014 H1,0.006608728319406509,1,0.0015157470479607582,1,0.0015157470479607582,0.18045549208909506,,,,1,15.157470479607582,0.009273404255509377,0.005143505055457354,0.006608728319406509,0.22315366394154962
2014-08-22,fold_3,Taper tantrum and 2014 H1,0.00791599228978157,1,0.00352682638913393,1,0.00352682638913393,0.183982318478229,,,,1,35.2682638913393,0.01146969385445118,0.007342625875025988,0.00791599228978157,0.5229497782812355
2014-08-25,fold_3,Taper tantrum and 2014 H1,0.006506964564323425,1,0.0010055879829451442,1,0.0010055879829451442,0.18498790646117413,,,,1,10.055879829451442,0.010275451466441154,0.00671806838363409,0.006506964564323425,0.14810494098229504
2014-08-26,fold_3,Taper tantrum and 2014 H1,0.006614331156015396,1,0.0002013150224229321,1,0.0002013150224229321,0.18518922148359707,,,,1,2.013150224229321,0.010482849553227425,-0.00020076821965631098,0.006614331156015396,0.029683580416780462
2014-08-27,fold_3,Taper tantrum and 2014 H1,0.006965134292840958,1,-0.0011059711687266827,-1,-0.0011059711687266827,0.18408325031487038,,,,0,-11.059711687266827,0.01089831255376339,-0.0013072571018710732,0.006965134292840958,-0.16445378893942256
2014-08-28,fold_3,Taper tantrum and 2014 H1,0.00808710977435112,1,0.0037148678675293922,1,0.0037148678675293922,0.18779811818239978,,,,1,37.14867867529392,0.014985533431172371,0.004816656932234764,0.00808710977435112,0.7513692050723919
2014-08-29,fold_3,Taper tantrum and 2014 H1,0.009129572659730911,1,0.002902268897742033,1,0.002902268897742033,0.1907003870801418,,,,1,29.02268897742033,0.012609051540493965,0.0030023581348359585,0.009129572659730911,0.5869045800932715
2014-09-02,fold_3,Taper tantrum and 2014 H1,0.009340956807136536,1,-0.005913248751312494,-1,-0.005913248751312494,0.18478713832882931,,,,0,-59.13248751312494,0.013780491426587105,-0.008227802813053131,0.009340956807136536,-1.2456932093143112
2014-09-03,fold_3,Taper tantrum and 2014 H1,0.00973936915397644,1,-0.0009051738306879997,-1,-0.0009051738306879997,0.18388196449814131,,,,0,-9.051738306879997,0.017115013673901558,0.005913248751312494,0.00973936915397644,-0.19600618181372603
2014-09-04,fold_3,Taper tantrum and 2014 H1,0.010472539812326431,1,0.005017942748963833,1,0.005017942748963833,0.18889990724710515,,,,1,50.17942748963833,0.019023800268769264,0.0060186004266142845,0.010472539812326431,1.0862393282937621
2014-09-05,fold_3,Taper tantrum and 2014 H1,0.011263035237789154,1,0.0019005690701305866,1,0.0019005690701305866,0.19080047631723573,,,,1,19.005690701305866,0.015435786917805672,-0.004112768918275833,0.011263035237789154,0.40433892746950595
2014-09-08,fold_3,Taper tantrum and 2014 H1,0.0077390968799591064,1,-0.008327892050147057,-1,-0.008327892050147057,0.18247258426708868,,,,0,-83.27892050147057,0.013296091929078102,-0.01571054756641388,0.0077390968799591064,-1.8768245623151516
2014-09-09,fold_3,Taper tantrum and 2014 H1,0.009580615907907486,1,0.008227802813053131,1,0.008227802813053131,0.1907003870801418,,,,1,82.27802813053131,0.013164428994059563,0.001308427657932043,0.009580615907907486,1.777519263451231
2014-09-10,fold_3,Taper tantrum and 2014 H1,0.00820891186594963,1,-0.0007998223882168531,-1,-0.0007998223882168531,0.18990056469192496,,,,0,-7.998223882168531,0.012558618560433388,-0.00541094271466136,0.00820891186594963,-0.16060189297344188
2014-09-11,fold_3,Taper tantrum and 2014 H1,0.007335040718317032,1,-0.005113426595926285,-1,-0.005113426595926285,0.18478713809599867,,,,0,-51.13426595926285,0.010028274729847908,0.0028961822390556335,0.007335040718317032,-1.1642305984975365
2014-09-12,fold_3,Taper tantrum and 2014 H1,0.009198565036058426,1,-0.009697210043668747,-1,-0.009697210043668747,0.17508992805232992,,,,0,-96.97210043668747,0.010992264375090599,0.007389549165964127,0.009198565036058426,-2.2095975746885537
2014-09-15,fold_3,Taper tantrum and 2014 H1,0.010604549199342728,1,0.008691084571182728,1,0.008691084571182728,0.18378101262351265,,,,1,86.91084571182728,0.016006728634238243,0.00774153508245945,0.010604549199342728,1.8204422697855847
2014-09-16,fold_3,Taper tantrum and 2014 H1,0.009495455771684647,1,0.0015084322076290846,1,0.0015084322076290846,0.18528944483114174,,,,1,15.084322076290846,0.015083564445376396,-0.003679014276713133,0.009495455771684647,0.3103262284268353
2014-09-17,fold_3,Taper tantrum and 2014 H1,0.005857940763235092,1,0.0075073023326694965,1,0.0075073023326694965,0.19279674716381123,,,,1,75.07302332669497,0.0059447456151247025,0.005486177280545235,0.005857940763235092,1.594067302481406
2014-09-18,fold_3,Taper tantrum and 2014 H1,0.005639165639877319,1,-0.0006200594361871481,-1,-0.0006200594361871481,0.19217668772762408,,,,0,-6.200594361871481,0.0018377695232629776,-0.0232794601470232,0.005639165639877319,-0.12401778789185415
2014-09-19,fold_3,Taper tantrum and 2014 H1,0.005804639309644699,1,-0.009345224127173424,-1,-0.009345224127173424,0.18283146360045066,,,,0,-93.45224127173424,-0.0020208973437547684,-0.012074689380824566,0.005804639309644699,-1.876112941336521
2014-09-22,fold_3,Taper tantrum and 2014 H1,0.0034851841628551483,1,-0.002729465253651142,-1,-0.002729465253651142,0.18010199834679952,,,,0,-27.29465253651142,0.0069140177220106125,-0.0040466017089784145,0.0034851841628551483,-0.5062925958727779
2014-09-23,fold_3,Taper tantrum and 2014 H1,0.0035475194454193115,1,0.010673623532056808,1,0.010673623532056808,0.19077562187885633,,,,1,106.73623532056808,0.0037696976214647293,0.00010115558688994497,0.0035475194454193115,1.9884172085794183
2014-09-24,fold_3,Taper tantrum and 2014 H1,0.0018101036548614502,1,-0.021258333697915077,-1,-0.021258333697915077,0.16951728818094125,,,,0,-212.58333697915077,0.00539042241871357,-0.026695234701037407,0.0018101036548614502,-3.6213541307532724
2014-09-25,fold_3,Taper tantrum and 2014 H1,0.0061904676258563995,1,0.010584711097180843,1,0.010584711097180843,0.1801019992781221,,,,1,105.84711097180843,0.0221701767295599,-0.005436900071799755,0.0061904676258563995,1.4013167095476196
2014-09-26,fold_3,Taper tantrum and 2014 H1,0.008961852639913559,1,-0.0013171363389119506,-1,-0.0013171363389119506,0.17878486293921014,,,,0,-13.171363389119506,0.01978522725403309,-0.0061947559006512165,0.008961852639913559,-0.1664801500173341
2014-09-29,fold_3,Taper tantrum and 2014 H1,0.004681739956140518,1,0.0014182919403538108,1,0.0014182919403538108,0.18020315487956395,,,,1,14.182919403538108,0.02212524600327015,-0.007019097916781902,0.004681739956140518,0.1801359166050565
2015-09-15,fold_4,China devaluation and oil crash,0.0068721771240234375,1,0.005618483759462833,1,0.005618483759462833,0.005618483759462833,,,,1,56.184837594628334,-0.0014241524040699005,-0.02026941254734993,0.0068721771240234375,0.2423541223530864
2015-09-16,fold_4,China devaluation and oil crash,0.007346779108047485,1,0.00037324512959457934,1,0.00037324512959457934,0.005991728889057413,,,,1,3.7324512959457934,-0.005217544734477997,-0.025119448080658913,0.007346779108047485,0.01609604162384066
2015-09-17,fold_4,China devaluation and oil crash,0.005083445459604263,1,-0.014325105585157871,-1,-0.014325105585157871,-0.008333376696100459,,,,0,-143.2510558515787,-0.008045123890042305,-0.02914709784090519,0.005083445459604263,-0.6190175770752189
2015-09-18,fold_4,China devaluation and oil crash,0.005963686853647232,1,0.0031276640947908163,1,0.0031276640947908163,-0.005205712601309642,,,,1,31.276640947908163,-0.007882580161094666,-0.023336129263043404,0.005963686853647232,0.13899245747091407
2015-09-21,fold_4,China devaluation and oil crash,0.0047261640429496765,1,-0.015063699334859848,-1,-0.015063699334859848,-0.02026941193616949,,,,0,-150.63699334859848,-0.01760942116379738,-0.055345356464385986,0.0047261640429496765,-0.746687887394059
2015-09-22,fold_4,China devaluation and oil crash,0.005823332816362381,1,0.0007684477022849023,1,0.0007684477022849023,-0.019500964233884588,,,,1,7.684477022849023,-0.012723501771688461,-0.04549579694867134,0.005823332816362381,0.04159180316692615
2015-09-23,fold_4,China devaluation and oil crash,0.006368163973093033,1,-0.003654405241832137,-1,-0.003654405241832137,-0.023155369475716725,,,,0,-36.54405241832137,-0.011458303779363632,-0.02350310981273651,0.006368163973093033,-0.19798969234792727
2015-09-24,fold_4,China devaluation and oil crash,0.00455440953373909,1,-0.00851413607597351,-1,-0.00851413607597351,-0.031669505551690236,,,,0,-85.14136075973511,-0.013616973534226418,-0.015338551253080368,0.00455440953373909,-0.5731943020936433
2015-09-25,fold_4,China devaluation and oil crash,0.005700834095478058,1,-0.028881562873721123,-1,-0.028881562873721123,-0.06055106842541136,,,,0,-288.8156287372112,-0.00760078988969326,0.010535220615565777,0.005700834095478058,-2.07910398068912
2015-09-28,fold_4,China devaluation and oil crash,0.008456684648990631,1,-0.005214141681790352,-1,-0.005214141681790352,-0.06576521010720171,,,,0,-52.14141681790352,0.0029163621366024017,0.053640756756067276,0.008456684648990631,-0.34036847806668635
2015-09-29,fold_4,China devaluation and oil crash,0.009858675301074982,1,0.022761136293411255,1,0.022761136293411255,-0.043004073813790455,,,,1,227.61136293411255,0.009214537218213081,0.05410434678196907,0.009858675301074982,1.5065800472282846
2015-09-30,fold_4,China devaluation and oil crash,0.008687585592269897,1,0.004510152153670788,1,0.004510152153670788,-0.03849392166011967,,,,1,45.10152153670788,0.006540976464748383,0.03732498735189438,0.008687585592269897,0.31597404724577227
2015-10-01,fold_4,China devaluation and oil crash,0.010071810334920883,1,0.01735963486135006,1,0.01735963486135006,-0.021134286798769608,,,,1,173.5963486135006,0.005351800471544266,0.036783184856176376,0.010071810334920883,1.3470453856996372
2015-10-02,fold_4,China devaluation and oil crash,0.00801939144730568,1,0.014223971404135227,1,0.014223971404135227,-0.006910315394634381,,,,1,142.23971404135227,-0.001399373635649681,0.02393958531320095,0.00801939144730568,1.0603778627484988
2015-10-05,fold_4,China devaluation and oil crash,0.0068319253623485565,1,-0.0047505502589046955,-1,-0.0047505502589046955,-0.011660865653539076,,,,0,-47.505502589046955,-0.005225451663136482,0.012153252959251404,0.0068319253623485565,-0.3512746338909319
2015-10-06,fold_4,China devaluation and oil crash,0.007415156811475754,1,0.005981777794659138,1,0.005981777794659138,-0.005679087858879939,,,,1,59.81777794659138,-0.0030649323016405106,0.010421394370496273,0.007415156811475754,0.4961165984798305
2015-10-07,fold_4,China devaluation and oil crash,0.006309162825345993,1,0.003968350123614073,1,0.003968350123614073,-0.001710737735265866,,,,1,39.68350123614073,-0.00017034076154232025,0.0028364972677081823,0.006309162825345993,0.33445216226270147
2015-10-08,fold_4,China devaluation and oil crash,0.007081329822540283,1,0.004516035784035921,1,0.004516035784035921,0.002805298048770055,,,,1,45.16035784035921,-0.00016285665333271027,0.015160449780523777,0.007081329822540283,0.3876521817562764
2015-10-09,fold_4,China devaluation and oil crash,0.007794614881277084,1,0.002437639283016324,1,0.002437639283016324,0.005242937331786379,,,,1,24.37639283016324,0.003430631011724472,0.014815110713243484,0.007794614881277084,0.20962937932366787
2015-10-12,fold_4,China devaluation and oil crash,0.008784636855125427,1,-0.006482408381998539,-1,-0.006482408381998539,-0.0012394710502121598,,,,0,-64.82408381998539,0.007410528138279915,0.018095392733812332,0.008784636855125427,-0.5578045619965765
2015-10-13,fold_4,China devaluation and oil crash,0.00787556916475296,1,-0.0016031190752983093,-1,-0.0016031190752983093,-0.002842590125510469,,,,0,-16.031190752983093,0.009943662211298943,0.019414884969592094,0.00787556916475296,-0.14044291647671067
2015-10-14,fold_4,China devaluation and oil crash,0.0076691508293151855,1,0.016292301937937737,1,0.016292301937937737,0.013449711812427267,,,,1,162.92301937937737,0.008397495374083519,0.014898093417286873,0.0076691508293151855,1.4353121076134057
2015-10-15,fold_4,China devaluation and oil crash,0.002879451960325241,1,0.004170697182416916,1,0.004170697182416916,0.017620408994844183,,,,1,41.70697182416916,0.0007311012595891953,0.01876967027783394,0.002879451960325241,0.34985995436791084
2015-10-16,fold_4,China devaluation and oil crash,0.0034133829176425934,1,0.005717921536415815,1,0.005717921536415815,0.02333833053126,,,,1,57.17921536415815,-0.006708020344376564,0.042197540402412415,0.0034133829176425934,0.4963281646211488
2015-10-19,fold_4,China devaluation and oil crash,0.003904305398464203,1,-0.005162917543202639,-1,-0.005162917543202639,0.01817541298805736,,,,0,-51.629175432026386,-0.009012393653392792,0.03709967061877251,0.003904305398464203,-0.4462308188451556
2015-10-20,fold_4,China devaluation and oil crash,0.007189173251390457,1,-0.006119910627603531,-1,-0.006119910627603531,0.01205550236045383,,,,0,-61.19910627603531,-0.007730977609753609,0.04429900646209717,0.007189173251390457,-0.549909513091617
2015-10-21,fold_4,China devaluation and oil crash,0.004113122820854187,1,0.02016388066112995,1,0.02016388066112995,0.03221938302158378,,,,1,201.63880661129951,-0.004218550398945808,0.05869702249765396,0.004113122820854187,1.7985088349856173
2015-10-22,fold_4,China devaluation and oil crash,0.002273824065923691,1,0.02759856916964054,1,0.02759856916964054,0.05981795219122432,,,,1,275.9856916964054,-0.004699563607573509,0.03695332258939743,0.002273824065923691,2.2891135509366194
2015-10-23,fold_4,China devaluation and oil crash,0.004725497215986252,1,0.0006200486677698791,1,0.0006200486677698791,0.0604380008589942,,,,1,6.200486677698791,-0.008710922673344612,0.004864683840423822,0.004725497215986252,0.046239165445014885
2015-10-26,fold_4,China devaluation and oil crash,0.002236291766166687,1,0.0020364215597510338,1,0.0020364215597510338,0.062474422418745235,,,,1,20.364215597510338,-0.005137469619512558,0.015475906431674957,0.002236291766166687,0.17327052468370258
2015-10-27,fold_4,China devaluation and oil crash,0.0048923976719379425,1,0.008278105407953262,1,0.008278105407953262,0.0707525278266985,,,,1,82.78105407953262,0.002153828740119934,0.0169235672801733,0.0048923976719379425,0.7073047718117413
2015-10-28,fold_4,China devaluation and oil crash,0.006136879324913025,1,-0.001579819479957223,-1,-0.001579819479957223,0.06917270834674127,,,,0,-15.79819479957223,-0.002010231837630272,0.008732274174690247,0.006136879324913025,-0.1476400958413283
2015-10-29,fold_4,China devaluation and oil crash,0.004268623888492584,1,-0.0044900719076395035,-1,-0.0044900719076395035,0.06468263643910177,,,,0,-44.900719076395035,0.0016865339130163193,0.0076130894012749195,0.004268623888492584,-0.42125876748744795
2015-10-30,fold_4,China devaluation and oil crash,0.006796814501285553,1,0.011231271550059319,1,0.011231271550059319,0.07591390798916109,,,,1,112.31271550059319,0.0016543641686439514,0.012800556607544422,0.006796814501285553,1.125673331570117
2015-11-02,fold_4,China devaluation and oil crash,0.007848937064409256,1,0.0034840821754187346,1,0.0034840821754187346,0.07939799016457982,,,,1,34.840821754187346,0.004494750872254372,-0.009115763008594513,0.007848937064409256,0.35607678947438853
2015-11-03,fold_4,China devaluation and oil crash,0.007454942911863327,1,8.681241888552904e-05,1,8.681241888552904e-05,0.07948480258346535,,,,1,0.8681241888552904,0.0054640863090753555,-0.015156766399741173,0.007454942911863327,0.008896579534874601
2015-11-04,fold_4,China devaluation and oil crash,0.006876707077026367,1,-0.0026990047190338373,-1,-0.0026990047190338373,0.07678579786443152,,,,0,-26.990047190338373,0.004924926906824112,-0.0164802223443985,0.006876707077026367,-0.27923049992307447
2015-11-05,fold_4,China devaluation and oil crash,0.0069353654980659485,1,0.0006973955896683037,1,0.0006973955896683037,0.07748319345409982,,,,1,6.973955896683037,0.0006631910800933838,-0.02355119399726391,0.0069353654980659485,0.07231429521597253
2015-11-06,fold_4,China devaluation and oil crash,0.00451960414648056,1,-0.010685048997402191,-1,-0.010685048997402191,0.06679814445669763,,,,0,-106.85048997402191,-0.0008138418197631836,-0.044079799205064774,0.00451960414648056,-1.113930360360376
2015-11-09,fold_4,China devaluation and oil crash,0.004523109644651413,1,-0.002556920750066638,-1,-0.002556920750066638,0.06424122370663099,,,,0,-25.56920750066638,0.0015879161655902863,-0.01911265403032303,0.004523109644651413,-0.2590533167347578
2015-11-10,fold_4,China devaluation and oil crash,0.007667969912290573,1,-0.0012366441078484058,-1,-0.0012366441078484058,0.06300457959878258,,,,0,-12.366441078484058,-0.0018663052469491959,-0.0159277506172657,0.007667969912290573,-0.12644673556114616
2015-11-11,fold_4,China devaluation and oil crash,0.006110761314630508,1,-0.009769977070391178,-1,-0.009769977070391178,0.053234602528391406,,,,0,-97.69977070391178,-0.00474311038851738,0.004321797750890255,0.006110761314630508,-0.9992510511783043
2015-11-12,fold_4,China devaluation and oil crash,0.0064605772495269775,1,-0.019831210374832153,-1,-0.019831210374832153,0.03340339215355925,,,,0,-198.31210374832153,0.0028013624250888824,0.014795579016208649,0.0064605772495269775,-2.124953703021285
2015-11-13,fold_4,China devaluation and oil crash,0.007302511483430862,1,0.014282097108662128,1,0.014282097108662128,0.04768548926222138,,,,1,142.82097108662128,0.012436727061867714,0.041375380009412766,0.007302511483430862,1.3879178394405955
2015-11-16,fold_4,China devaluation and oil crash,0.004351019859313965,1,0.0006279842928051949,1,0.0006279842928051949,0.048313473555026576,,,,1,6.2798429280519485,0.003374023362994194,0.024206893518567085,0.004351019859313965,0.058699210833415644
2015-11-17,fold_4,China devaluation and oil crash,0.0028735846281051636,1,0.019012903794646263,1,0.019012903794646263,0.06732637734967284,,,,1,190.12903794646263,-0.0002483390271663666,0.022702451795339584,0.0028735846281051636,1.7874648466146612
2015-11-18,fold_4,China devaluation and oil crash,0.0014402084052562714,1,0.0007038041949272156,1,0.0007038041949272156,0.06803018154460005,,,,1,7.038041949272156,-0.00962878204882145,0.004566005896776915,0.0014402084052562714,0.06188420412372024
2015-11-19,fold_4,China devaluation and oil crash,0.006179574877023697,1,0.006748592015355825,1,0.006748592015355825,0.07477877355995588,,,,1,67.48592015355825,-0.010615719482302666,0.005262549035251141,0.006179574877023697,0.6462822591666338
2015-11-20,fold_4,China devaluation and oil crash,0.007319796830415726,1,-0.0028863900806754827,-1,-0.0028863900806754827,0.0718923834792804,,,,0,-28.863900806754827,-0.007001122459769249,-0.004026245791465044,0.007319796830415726,-0.33729056284664266
2015-11-23,fold_4,China devaluation and oil crash,0.0033990144729614258,1,-0.0008764576632529497,-1,-0.0008764576632529497,0.07101592581602745,,,,0,-8.764576632529497,0.00221407413482666,0.008809004910290241,0.0033990144729614258,-0.10214217951414425
2015-11-24,fold_4,China devaluation and oil crash,0.0072023458778858185,1,0.0008764576632529497,1,0.0008764576632529497,0.0718923834792804,,,,1,8.764576632529497,0.005236364901065826,0.0035007991828024387,0.0072023458778858185,0.10225956340385596
2015-11-25,fold_4,China devaluation and oil crash,0.007200583815574646,1,0.0014003473334014416,1,0.0014003473334014416,0.07329273081268184,,,,1,14.003473334014416,0.016335004940629005,-0.014471632428467274,0.007200583815574646,0.16728680282196637
2015-11-27,fold_4,China devaluation and oil crash,0.011348560452461243,1,-0.002540202811360359,-1,-0.002540202811360359,0.07075252800132148,,,,0,-25.402028113603592,0.016204530373215675,0.0072346641682088375,0.011348560452461243,-0.3035129411512779
2015-11-30,fold_4,China devaluation and oil crash,0.006668649613857269,1,0.009948860853910446,1,0.009948860853910446,0.08070138885523193,,,,1,99.48860853910446,0.0066559650003910065,0.005248351488262415,0.006668649613857269,1.194586063857271
2015-12-01,fold_4,China devaluation and oil crash,0.010052911937236786,1,-0.006184663623571396,-1,-0.006184663623571396,0.07451672523166053,,,,0,-61.84663623571396,0.0012412574142217636,-0.0046132574789226055,0.010052911937236786,-0.7499876485171226
2015-12-02,fold_4,China devaluation and oil crash,0.0057561397552490234,1,-0.01709597371518612,-1,-0.01709597371518612,0.05742075151647441,,,,0,-170.9597371518612,0.004474986344575882,-0.013724218122661114,0.0057561397552490234,-2.0535364294682603
2015-12-03,fold_4,China devaluation and oil crash,0.007087673991918564,1,0.023106643930077553,1,0.023106643930077553,0.08052739544655196,,,,1,231.06643930077553,0.02013343758881092,0.007879506796598434,0.007087673991918564,2.5223255326409033
2015-12-04,fold_4,China devaluation and oil crash,0.013785060495138168,1,-0.004526515491306782,-1,-0.004526515491306782,0.07600087995524518,,,,0,-45.26515491306782,0.015371857210993767,-0.038512103259563446,0.013785060495138168,-0.43109129945658503
2015-12-07,fold_4,China devaluation and oil crash,0.013457387685775757,1,8.725155930733308e-05,1,8.725155930733308e-05,0.07608813151455252,,,,1,0.8725155930733308,0.0037330742925405502,-0.026432102546095848,0.013457387685775757,0.008272132186391416
2015-12-08,fold_4,China devaluation and oil crash,0.0038678646087646484,1,-0.015295623801648617,-1,-0.015295623801648617,0.0607925077129039,,,,0,-152.95623801648617,0.011414548382163048,-0.020446723327040672,0.0038678646087646484,-1.4888426203459677
2015-12-09,fold_4,China devaluation and oil crash,0.004913449287414551,1,0.004507751204073429,1,0.004507751204073429,0.06530025891697733,,,,1,45.07751204073429,0.03274766355752945,0.00960917305201292,0.004913449287414551,0.4168919601981546
2015-12-10,fold_4,China devaluation and oil crash,0.014514047652482986,1,-0.02328496426343918,-1,-0.02328496426343918,0.04201529465353815,,,,0,-232.84964263439178,0.02993451990187168,-0.009569364599883556,0.014514047652482986,-2.144870930139299
2015-12-11,fold_4,China devaluation and oil crash,0.013015910983085632,1,0.007553484290838242,1,0.007553484290838242,0.04956877894437639,,,,1,75.53484290838242,0.04261907935142517,-0.005653249565511942,0.013015910983085632,0.6379484307264066
2015-12-14,fold_4,China devaluation and oil crash,0.015441462397575378,1,0.006072630640119314,1,0.006072630640119314,0.055641409584495705,,,,1,60.72630640119314,0.029394062235951424,-0.00215992983430624,0.015441462397575378,0.5467045773028342
2015-12-15,fold_4,China devaluation and oil crash,0.010668817907571793,1,0.014760272577404976,1,0.014760272577404976,0.07040168216190068,,,,1,147.60272577404976,0.01504022441804409,-0.00168037845287472,0.010668817907571793,1.376247394325145
2015-12-16,fold_4,China devaluation and oil crash,0.010156404227018356,1,-0.014670786447823048,-1,-0.014670786447823048,0.05573089571407763,,,,0,-146.70786447823048,0.0076405685395002365,-0.009042750112712383,0.010156404227018356,-1.3074991347175047
2015-12-17,fold_4,China devaluation and oil crash,0.009487319737672806,1,-0.01936884969472885,-1,-0.01936884969472885,0.03636204601934878,,,,0,-193.6884969472885,5.91035932302475e-05,0.005450133234262466,0.009487319737672806,-1.7786319863299034
2015-12-18,fold_4,China devaluation and oil crash,0.011168625205755234,1,0.011046803556382656,1,0.011046803556382656,0.04740884957573144,,,,1,110.46803556382656,0.0060064345598220825,0.02428596094250679,0.011168625205755234,0.9426938408301507
2015-12-21,fold_4,China devaluation and oil crash,0.008711431175470352,1,0.006552181672304869,1,0.006552181672304869,0.053961031248036306,,,,1,65.52181672304869,0.006340246647596359,0.028845859691500664,0.008711431175470352,0.5515120227529856
2015-12-22,fold_4,China devaluation and oil crash,0.011060021817684174,1,0.007397900801151991,1,0.007397900801151991,0.0613589320491883,,,,1,73.97900801151991,0.0034820344299077988,0.013241508975625038,0.011060021817684174,0.6189166429136861
2015-12-23,fold_4,China devaluation and oil crash,0.008126575499773026,1,-0.00017790279525797814,-1,-0.00017790279525797814,0.06118102925393032,,,,0,-1.7790279525797814,-0.0005664676427841187,-0.006682647857815027,0.008126575499773026,-0.014744975855360434
2015-12-24,fold_4,China devaluation and oil crash,0.007425479590892792,1,-0.0005330225685611367,-1,-0.0005330225685611367,0.06064800668536918,,,,0,-5.330225685611367,-0.009923153556883335,-0.027828186750411987,0.007425479590892792,-0.04418367105827519
2015-12-28,fold_4,China devaluation and oil crash,0.006304550915956497,1,0.01560670230537653,1,0.01560670230537653,0.07625470899074571,,,,1,156.0670230537653,-0.009536190889775753,-0.02903185784816742,0.006304550915956497,1.2940542927429068
2015-12-29,fold_4,China devaluation and oil crash,0.0018718056380748749,1,-0.00905216857790947,-1,-0.00905216857790947,0.06720254041283624,,,,0,-90.5216857790947,-0.021082086488604546,-0.05429093912243843,0.0018718056380748749,-0.7217363218677224
2015-12-30,fold_4,China devaluation and oil crash,0.007428109645843506,1,-0.012526256032288074,-1,-0.012526256032288074,0.05467628438054817,,,,0,-125.26256032288074,-0.01258232444524765,-0.07705271244049072,0.007428109645843506,-1.0014434086057409
2015-12-31,fold_4,China devaluation and oil crash,0.002712234854698181,1,-0.021323442459106445,-1,-0.021323442459106445,0.03335284192144172,,,,0,-213.23442459106445,-0.00010467320680618286,-0.07276111096143723,0.002712234854698181,-1.6733253467462836
2016-01-04,fold_4,China devaluation and oil crash,0.004287306219339371,1,-0.0017366929678246379,-1,-0.0017366929678246379,0.031616148953617085,,,,0,-17.36692967824638,0.027884775772690773,-0.048365604132413864,0.004287306219339371,-0.13299938311556678
2016-01-05,fold_4,China devaluation and oil crash,0.005580887198448181,1,-0.009652378037571907,-1,-0.009652378037571907,0.021963770916045178,,,,0,-96.52378037571907,0.044531919062137604,-0.03509790077805519,0.005580887198448181,-0.804466051931289
2016-01-06,fold_4,China devaluation and oil crash,0.011012103408575058,1,-0.03181394189596176,-1,-0.03181394189596176,-0.009850170979916584,,,,0,-318.1394189596176,0.03894940763711929,-0.06054344400763512,0.011012103408575058,-2.618651198542985
2016-01-07,fold_4,China devaluation and oil crash,0.012703977525234222,1,-0.008234658278524876,-1,-0.008234658278524876,-0.01808482925844146,,,,0,-82.34658278524876,0.0318891704082489,-0.007657906971871853,0.012703977525234222,-0.5849109099819225
2016-01-08,fold_4,China devaluation and oil crash,0.011416196823120117,1,0.0030720664653927088,1,0.0030720664653927088,-0.01501276279304875,,,,1,30.720664653927088,0.01859227754175663,-0.030952053144574165,0.011416196823120117,0.22293194032832703
2016-01-11,fold_4,China devaluation and oil crash,0.011067714542150497,1,0.011531009338796139,1,0.011531009338796139,-0.003481753454252612,,,,1,115.31009338796139,0.015757085755467415,-0.031844522804021835,0.011067714542150497,0.8379769965657005
2016-01-12,fold_4,China devaluation and oil crash,0.009687092155218124,1,-0.03509791940450668,-1,-0.03509791940450668,-0.038579672858759295,,,,0,-350.97919404506683,0.011622628197073936,-0.04644802585244179,0.009687092155218124,-2.7007112948895324
2016-01-13,fold_4,China devaluation and oil crash,0.010456260293722153,1,0.021071596071124077,1,0.021071596071124077,-0.01750807678763522,,,,1,210.71596071124077,0.01230270229279995,-0.010357847437262535,0.010456260293722153,1.396629864588817
2016-01-14,fold_4,China devaluation and oil crash,0.009384993463754654,1,-0.03152880445122719,-1,-0.03152880445122719,-0.049036881238862406,,,,0,-315.2880445122719,0.01000175066292286,-0.0028869316447526217,0.009384993463754654,-2.0021287642035857
2016-01-15,fold_4,China devaluation and oil crash,0.009069535881280899,1,0.002179595874622464,1,0.002179595874622464,-0.04685728536423994,,,,1,21.795958746224642,0.009819498285651207,0.013690323568880558,0.009069535881280899,0.12870273806938973
2016-01-19,fold_4,China devaluation and oil crash,0.009566444903612137,1,-0.0030724939424544573,-1,-0.0030724939424544573,-0.0499297793066944,,,,0,-30.724939424544573,0.010486559942364693,0.020469823852181435,0.009566444903612137,-0.1848506249669811
2016-01-20,fold_4,China devaluation and oil crash,0.00902731716632843,1,0.0009922586614266038,1,0.0009922586614266038,-0.048937520645267796,,,,1,9.922586614266038,0.009166071191430092,-0.0016886454541236162,0.00902731716632843,0.061776704168400025
2016-01-21,fold_4,China devaluation and oil crash,0.008757062256336212,1,0.02854251302778721,1,0.02854251302778721,-0.020395007617480587,,,,1,285.4251302778721,0.008783845230937004,0.011338510550558567,0.008757062256336212,1.7982371089670433
2016-01-22,fold_4,China devaluation and oil crash,0.00797363743185997,1,-0.014951549470424652,-1,-0.014951549470424652,-0.03534655708790524,,,,0,-149.51549470424652,0.0057262517511844635,0.0034633507020771503,0.00797363743185997,-0.8771940457603843
2016-01-25,fold_4,China devaluation and oil crash,0.008525263518095016,1,0.008959095925092697,1,0.008959095925092697,-0.026387461162812542,,,,1,89.59095925092697,0.005164226517081261,0.021100182086229324,0.008525263518095016,0.5181487944941808
2016-01-26,fold_4,China devaluation and oil crash,0.0073725320398807526,1,-0.02523096278309822,-1,-0.02523096278309822,-0.05161842394591076,,,,0,-252.3096278309822,0.005025288090109825,-0.00974215380847454,0.0073725320398807526,-1.4495383138895608
2016-01-27,fold_4,China devaluation and oil crash,0.007174231112003326,1,0.014019414782524109,1,0.014019414782524109,-0.037599009163386654,,,,1,140.1941478252411,0.004544368013739586,0.01068068016320467,0.007174231112003326,0.7662004856589724
2016-01-28,fold_4,China devaluation and oil crash,0.007485855370759964,1,0.02066735178232193,1,0.02066735178232193,-0.016931657381064724,,,,1,206.6735178232193,0.0046693868935108185,-0.003437303937971592,0.007485855370759964,1.1335163489035494
2016-01-29,fold_4,China devaluation and oil crash,0.0067373961210250854,1,0.0026852828450500965,1,0.0026852828450500965,-0.014246374536014628,,,,1,26.852828450500965,0.0018427371978759766,-0.059448905289173126,0.0067373961210250854,0.14359585346548528
2016-02-01,fold_4,China devaluation and oil crash,0.00798523798584938,1,-0.021883239969611168,-1,-0.021883239969611168,-0.036129614505625796,,,,0,-218.83239969611168,0.002225993201136589,-0.07753972709178925,0.00798523798584938,-1.182937129687806
2016-02-02,fold_4,China devaluation and oil crash,0.007820069789886475,1,-0.004808129742741585,-1,-0.004808129742741585,-0.04093774424836738,,,,0,-48.08129742741585,0.006273679435253143,-0.05876627564430237,0.007820069789886475,-0.25945388234654193
2016-02-03,fold_4,China devaluation and oil crash,0.008440602570772171,1,-9.856902761384845e-05,-1,-9.856902761384845e-05,-0.04103631327598123,,,,0,-0.9856902761384845,0.007635435089468956,-0.05012403801083565,0.008440602570772171,-0.005311166214399696
2016-02-04,fold_4,China devaluation and oil crash,0.00782778114080429,1,-0.03534424677491188,-1,-0.03534424677491188,-0.07638056005089311,,,,0,-353.4424677491188,0.0090287234634161,-0.05147428438067436,0.00782778114080429,-1.9174533501424986
2016-02-05,fold_4,China devaluation and oil crash,0.00902768224477768,1,-0.015405537560582161,-1,-0.015405537560582161,-0.09178609761147527,,,,0,-154.0553756058216,0.01174020953476429,-0.0010195453651249409,0.00902768224477768,-0.8215536769418437
2016-02-08,fold_4,China devaluation and oil crash,0.008947700262069702,1,-0.0031097931787371635,-1,-0.0031097931787371635,-0.09489589079021243,,,,0,-31.097931787371635,0.014451207593083382,0.03668167442083359,0.008947700262069702,-0.16387711720760295
2016-02-09,fold_4,China devaluation and oil crash,0.007875807583332062,1,0.0038341099862009287,1,0.0038341099862009287,-0.0910617808040115,,,,1,38.34109986200929,0.013383118435740471,0.06218694522976875,0.007875807583332062,0.2020432474718451
2016-02-10,fold_4,China devaluation and oil crash,0.009322259575128555,1,-0.0014488183660432696,-1,-0.0014488183660432696,-0.09251059917005477,,,,0,-14.488183660432696,0.01172858290374279,0.04687260091304779,0.009322259575128555,-0.07698195258095755
2016-02-11,fold_4,China devaluation and oil crash,0.008760746568441391,1,0.015110493637621403,1,0.015110493637621403,-0.07740010553243337,,,,1,151.10493637621403,0.009763678535819054,0.05127744376659393,0.008760746568441391,0.8831972019828036
2016-02-12,fold_4,China devaluation and oil crash,0.00804547592997551,1,0.02229568362236023,1,0.02229568362236023,-0.05510442191007314,,,,1,222.9568362236023,0.004692578688263893,0.052272047847509384,0.00804547592997551,1.3278565186649587
2016-02-16,fold_4,China devaluation and oil crash,0.007014308124780655,1,0.022395476698875427,1,0.022395476698875427,-0.032708945211197715,,,,1,223.95476698875427,0.00118216872215271,0.013379471376538277,0.007014308124780655,1.3967733286032078
2016-02-17,fold_4,China devaluation and oil crash,0.006290532648563385,1,-0.011480232700705528,-1,-0.011480232700705528,-0.044189177911903244,,,,0,-114.80232700705528,-0.0018113311380147934,0.0004877016763202846,0.006290532648563385,-0.6837341414653121
2016-02-18,fold_4,China devaluation and oil crash,0.007091797888278961,1,0.0029560215771198273,1,0.0029560215771198273,-0.041233156334783416,,,,1,29.560215771198273,-0.001947423443198204,0.02176855504512787,0.007091797888278961,0.17417363544250247
2016-02-19,fold_4,China devaluation and oil crash,0.007249459624290466,1,0.016105100512504578,1,0.016105100512504578,-0.02512805582227884,,,,1,161.05100512504578,-0.0003960058093070984,0.017556218430399895,0.007249459624290466,0.9483009542696542
2016-02-22,fold_4,China devaluation and oil crash,0.00694752112030983,1,-0.016596894711256027,-1,-0.016596894711256027,-0.041724950533534866,,,,0,-165.96894711256027,-0.0006574876606464386,-0.007580889854580164,0.00694752112030983,-1.027989766492414
2016-02-23,fold_4,China devaluation and oil crash,0.008317094296216965,1,0.00950370728969574,1,0.00950370728969574,-0.032221243243839126,,,,1,95.0370728969574,0.00284690223634243,0.040609244257211685,0.008317094296216965,0.5857381864444753
2016-02-24,fold_4,China devaluation and oil crash,0.009135980159044266,1,0.009800620377063751,1,0.009800620377063751,-0.022420622866775375,,,,1,98.00620377063751,0.00636981800198555,0.031483400613069534,0.009135980159044266,0.603461779103473
2016-02-25,fold_4,China devaluation and oil crash,0.007123451679944992,1,-0.001256314804777503,-1,-0.001256314804777503,-0.023676937671552878,,,,0,-12.56314804777503,0.002015935257077217,0.019791029393672943,0.007123451679944992,-0.08165264511119744
2016-02-26,fold_4,China devaluation and oil crash,0.006171192973852158,1,-0.009032007306814194,-1,-0.009032007306814194,-0.03270894497836707,,,,0,-90.32007306814194,-0.006550878286361694,0.021426400169730186,0.006171192973852158,-0.599497246806656
2016-02-29,fold_4,China devaluation and oil crash,0.00565163791179657,1,0.031593240797519684,1,0.031593240797519684,-0.0011157041808473878,,,,1,315.93240797519684,4.6703964471817017e-05,0.02428814396262169,0.00565163791179657,2.1816719207427404
2016-03-01,fold_4,China devaluation and oil crash,0.002544611692428589,1,0.00037786204484291375,1,0.00037786204484291375,-0.000737842136004474,,,,1,3.7786204484291375,-0.0079332385212183,-0.015623753890395164,0.002544611692428589,0.023467816817346564
2016-03-02,fold_4,China devaluation and oil crash,0.004695102572441101,1,-0.0018917503766715527,-1,-0.0018917503766715527,-0.0026295925126760267,,,,0,-18.917503766715527,-0.006684524938464165,-0.009589391760528088,0.004695102572441101,-0.12332163128581751
2016-03-03,fold_4,China devaluation and oil crash,0.00784337893128395,1,0.000379056204110384,1,0.000379056204110384,-0.0022505363085656427,,,,1,3.79056204110384,0.0014749839901924133,-0.009225158020853996,0.00784337893128395,0.024761813468867088
2016-03-04,fold_4,China devaluation and oil crash,0.009115967899560928,1,-0.006170264445245266,-1,-0.006170264445245266,-0.008420800753810909,,,,0,-61.70264445245266,0.0021744966506958008,0.0077295913361012936,0.009115967899560928,-0.40306623955910803
2016-03-07,fold_4,China devaluation and oil crash,0.007756829261779785,1,-0.00831865705549717,-1,-0.00831865705549717,-0.016739457809308078,,,,0,-83.1865705549717,-0.0008390452712774277,0.01558910682797432,0.007756829261779785,-0.6310215495998357
2016-03-08,fold_4,China devaluation and oil crash,0.008986681699752808,1,0.0064122239127755165,1,0.0064122239127755165,-0.010327233896532562,,,,1,64.12223912775517,0.003796897828578949,0.023532414808869362,0.008986681699752808,0.49861595348445165
2016-03-09,fold_4,China devaluation and oil crash,0.007046438753604889,1,-0.0015275164041668177,-1,-0.0015275164041668177,-0.01185475030069938,,,,0,-15.275164041668177,-0.006276123225688934,0.025990260764956474,0.007046438753604889,-0.11821938015982
2016-03-10,fold_4,China devaluation and oil crash,0.008175786584615707,1,0.017333805561065674,1,0.017333805561065674,0.0054790552603662945,,,,1,173.33805561065674,-0.005156086757779121,0.026959849521517754,0.008175786584615707,1.3440099143160127
2016-03-11,fold_4,China devaluation and oil crash,0.005989868193864822,1,0.001689250930212438,1,0.001689250930212438,0.007168306190578733,,,,1,16.89250930212438,-0.00625108927488327,0.011191518045961857,0.005989868193864822,0.12547344482987752
2016-03-14,fold_4,China devaluation and oil crash,0.0072312429547309875,1,-0.0003753479686565697,-1,-0.0003753479686565697,0.006792958221922163,,,,0,-3.753479686565697,-0.010140695609152317,0.01340685784816742,0.0072312429547309875,-0.028789643508014145
2016-03-15,fold_4,China devaluation and oil crash,0.004106339067220688,1,0.008870068937540054,1,0.008870068937540054,0.015663027159462217,,,,1,88.70068937540054,-0.010124197229743004,0.016838986426591873,0.004106339067220688,0.7362859028048112
2016-03-16,fold_4,China devaluation and oil crash,0.004018809646368027,1,-0.0005579286371357739,-1,-0.0005579286371357739,0.015105098522326443,,,,0,-5.579286371357739,-0.013503918424248695,-0.00029687152709811926,0.004018809646368027,-0.050106030756215725
2016-03-17,fold_4,China devaluation and oil crash,0.005935274064540863,1,0.0015654738526791334,1,0.0015654738526791334,0.016670572375005577,,,,1,15.654738526791334,-0.02061408944427967,0.000540980021469295,0.005935274064540863,0.14447327970051663
2016-03-18,fold_4,China devaluation and oil crash,0.004486057907342911,1,0.0039045915473252535,1,0.0039045915473252535,0.02057516392233083,,,,1,39.045915473252535,-0.01013830304145813,-0.0024239751510322094,0.004486057907342911,0.36082740226055715
2016-03-21,fold_4,China devaluation and oil crash,0.004614364355802536,1,0.003056779270991683,1,0.003056779270991683,0.023631943193322513,,,,1,30.56779270991683,-0.013745492324233055,0.009602147154510021,0.004614364355802536,0.2984641932522144
2016-03-22,fold_4,China devaluation and oil crash,0.00410967692732811,1,-0.008265787735581398,-1,-0.008265787735581398,0.015366155457741115,,,,0,-82.65787735581398,-0.012876326218247414,0.011403592303395271,0.00410967692732811,-0.8637103386924586
2016-03-23,fold_4,China devaluation and oil crash,0.006118655204772949,1,0.0002799229114316404,1,0.0002799229114316404,0.015646078369172756,,,,1,2.799229114316404,-0.004175039008259773,0.01820463314652443,0.006118655204772949,0.029426987994186592
2016-03-24,fold_4,China devaluation and oil crash,0.004067778587341309,1,-0.001399481319822371,-1,-0.001399481319822371,0.014246597049350385,,,,0,-13.99481319822371,-0.0075214933604002,0.028491921722888947,0.004067778587341309,-0.1511843418165445
2016-03-28,fold_4,China devaluation and oil crash,0.004816558212041855,1,0.015930714085698128,1,0.015930714085698128,0.030177311135048512,,,,1,159.30714085698128,-0.004531512036919594,0.02607828378677368,0.004816558212041855,1.720785580467
2016-03-29,fold_4,China devaluation and oil crash,0.00694647803902626,1,0.004858225118368864,1,0.004858225118368864,0.035035536253417376,,,,1,48.58225118368864,0.005489163100719452,0.0004590361495502293,0.00694647803902626,0.5002431355891801
2016-03-30,fold_4,China devaluation and oil crash,0.008925117552280426,1,-0.0014647470088675618,-1,-0.0014647470088675618,0.033570789244549815,,,,0,-14.647470088675618,0.004312461242079735,0.011907192878425121,0.008925117552280426,-0.2169314072734547
2016-03-31,fold_4,China devaluation and oil crash,0.01028401032090187,1,0.010567210614681244,1,0.010567210614681244,0.04413799985923106,,,,1,105.67210614681244,0.0028155632317066193,-0.0010990502778440714,0.01028401032090187,1.5633052445202813
2016-04-01,fold_4,China devaluation and oil crash,0.009132042527198792,1,-0.003813117742538452,-1,-0.003813117742538452,0.040324882116692606,,,,0,-38.13117742538452,-0.0020429883152246475,-0.012399908155202866,0.009132042527198792,-0.5334434279302764
2016-04-04,fold_4,China devaluation and oil crash,0.007246010005474091,1,-0.009688534773886204,-1,-0.009688534773886204,0.030636347342806403,,,,0,-96.88534773886204,-0.009931137785315514,-0.012263499200344086,0.007246010005474091,-1.3459487874714837
2016-04-05,fold_4,China devaluation and oil crash,0.007356289774179459,1,0.016306381672620773,1,0.016306381672620773,0.046942729015427176,,,,1,163.06381672620773,0.0011656172573566437,0.005769746843725443,0.007356289774179459,2.206686146330935
2016-04-06,fold_4,China devaluation and oil crash,0.007311534136533737,1,-0.014470990747213364,-1,-0.014470990747213364,0.03247173826821381,,,,0,-144.70990747213364,-0.001668805256485939,0.0021664733067154884,0.007311534136533737,-1.8026860920018872
2016-04-07,fold_4,China devaluation and oil crash,0.009698279201984406,1,-0.0007336472626775503,-1,-0.0007336472626775503,0.03173809100553626,,,,0,-7.336472626775503,0.002800988033413887,0.016727684065699577,0.009698279201984406,-0.0859524674195636
2016-04-08,fold_4,China devaluation and oil crash,0.01050892099738121,1,-0.0036767087876796722,-1,-0.0036767087876796722,0.02806138221785659,,,,0,-36.76708787679672,0.0037161316722631454,0.014934007078409195,0.01050892099738121,-0.4310205214851261
2016-04-11,fold_4,China devaluation and oil crash,0.014559909701347351,1,0.008344711735844612,1,0.008344711735844612,0.0364060939537012,,,,1,83.44711735844612,0.005388226360082626,0.023929070681333542,0.014559909701347351,1.0917883100498842
2016-04-12,fold_4,China devaluation and oil crash,0.009048130363225937,1,0.012703108601272106,1,0.012703108601272106,0.04910920255497331,,,,1,127.03108601272106,-0.011554253287613392,0.009451969526708126,0.009048130363225937,1.6164684369758442
2016-04-13,fold_4,China devaluation and oil crash,0.005339179188013077,1,9.022023732541129e-05,1,9.022023732541129e-05,0.04919942279229872,,,,1,0.9022023732541129,-0.029521945863962173,-0.002437104005366564,0.005339179188013077,0.010797402454357615
2016-04-14,fold_4,China devaluation and oil crash,0.0036604851484298706,1,-0.0025273242499679327,-1,-0.0025273242499679327,0.04667209854233079,,,,0,-25.273242499679327,-0.038277991116046906,-0.002437179908156395,0.0036604851484298706,-0.3113639257109552
2016-04-15,fold_4,China devaluation and oil crash,0.004785589873790741,1,0.005318354815244675,1,0.005318354815244675,0.05199045335757546,,,,1,53.18354815244675,-0.02738221362233162,-0.01511763408780098,0.004785589873790741,0.6537108107086823
2016-04-18,fold_4,China devaluation and oil crash,0.00360310822725296,1,-0.006132390350103378,-1,-0.006132390350103378,0.04585806300747208,,,,0,-61.32390350103378,-0.01646098494529724,-0.020435988903045654,0.00360310822725296,-0.746519575063396
2016-04-19,fold_4,China devaluation and oil crash,0.007331017404794693,1,0.0008140353602357209,1,0.0008140353602357209,0.046672098367707804,,,,1,8.140353602357209,-0.008371535688638687,-0.019178731366991997,0.007331017404794693,0.09828481736239875
2016-04-20,fold_4,China devaluation and oil crash,0.004608824849128723,1,9.014434181153774e-05,1,9.014434181153774e-05,0.04676224270951934,,,,1,0.9014434181153774,0.0021724700927734375,-0.028047095984220505,0.004608824849128723,0.01091842629886139
2016-04-21,fold_4,China devaluation and oil crash,0.006752181798219681,1,-0.015207778662443161,-1,-0.015207778662443161,0.03155446404707618,,,,0,-152.0777866244316,0.0003787148743867874,-0.04029499739408493,0.006752181798219681,-1.889952292367294
2016-04-22,fold_4,China devaluation and oil crash,0.005546022206544876,1,0.0,0,0.0,0.03155446404707618,,,,0,0.0,0.00430493988096714,-0.0303702000528574,0.005546022206544876,0.0
2016-04-25,fold_4,China devaluation and oil crash,0.00666746124625206,1,-0.0048751323483884335,-1,-0.0048751323483884335,0.026679331698687747,,,,0,-48.751323483884335,0.006206674501299858,-0.020955650135874748,0.00666746124625206,-0.5584431452323555
2016-04-26,fold_4,China devaluation and oil crash,0.0039532966911792755,1,-0.008054329082369804,-1,-0.008054329082369804,0.018625002616317943,,,,0,-80.54329082369804,-0.004091057926416397,-0.025400573387742043,0.0039532966911792755,-1.0012567341013854
2016-04-27,fold_4,China devaluation and oil crash,0.00012209638953208923,1,-0.012157757766544819,-1,-0.012157757766544819,0.006467244849773124,,,,0,-121.57757766544819,-0.0113095473498106,-0.023798203095793724,0.00012209638953208923,-1.4878294773292926
2016-04-28,fold_4,China devaluation and oil crash,0.006858173757791519,1,-0.005282980855554342,-1,-0.005282980855554342,0.0011842639942187816,,,,0,-52.82980855554342,-0.0062475260347127914,-0.011926179751753807,0.006858173757791519,-0.6139008000621646
2018-08-14,fold_5,2018 Vol-mageddon + Q4 sell-off,0.005547109991312027,1,-0.012310362420976162,-1,-0.012310362420976162,-0.012310362420976162,,,,0,-123.10362420976162,0.010700875893235207,-0.006025122478604317,0.005547109991312027,-1.5377193445424446
2018-08-15,fold_5,2018 Vol-mageddon + Q4 sell-off,0.005231555551290512,1,0.0032866154797375202,1,0.0032866154797375202,-0.009023746941238642,,,,1,32.8661547973752,0.023799827322363853,0.01015878189355135,0.005231555551290512,0.3887142468544823
2018-08-16,fold_5,2018 Vol-mageddon + Q4 sell-off,0.00822678953409195,1,0.00022241576516535133,1,0.00022241576516535133,-0.00880133117607329,,,,1,2.2241576516535133,0.017845863476395607,0.005435173399746418,0.00822678953409195,0.026438458137545466
2018-08-17,fold_5,2018 Vol-mageddon + Q4 sell-off,0.009266253560781479,1,-0.0008900492684915662,-1,-0.0008900492684915662,-0.009691380444564857,,,,0,-8.900492684915662,0.012831883504986763,0.01446197833865881,0.009266253560781479,-0.10579976211303016
2018-08-20,fold_5,2018 Vol-mageddon + Q4 sell-off,0.01247701421380043,1,0.0036662581842392683,1,0.0036662581842392683,-0.006025122260325588,,,,1,36.66258184239268,0.014470955356955528,0.02549304999411106,0.01247701421380043,0.43724791695062576
2018-08-21,fold_5,2018 Vol-mageddon + Q4 sell-off,0.013387210667133331,1,0.0038735417183488607,1,0.0038735417183488607,-0.0021515805419767275,,,,1,38.73541718348861,0.006426826119422913,0.023290682584047318,0.013387210667133331,0.46254067897825857
2018-08-22,fold_5,2018 Vol-mageddon + Q4 sell-off,0.016052238643169403,1,-0.0014369931304827332,-1,-0.0014369931304827332,-0.003588573672459461,,,,0,-14.369931304827332,0.006890088319778442,0.03088875114917755,0.016052238643169403,-0.1836131444658376
2018-08-23,fold_5,2018 Vol-mageddon + Q4 sell-off,0.007011547684669495,1,0.009249220602214336,1,0.009249220602214336,0.005660646929754876,,,,1,92.49220602214336,0.006975920870900154,0.030556749552488327,0.007011547684669495,1.312007862239074
2018-08-24,fold_5,2018 Vol-mageddon + Q4 sell-off,0.009942222386598587,1,0.010141022503376007,1,0.010141022503376007,0.015801669433130883,,,,1,101.41022503376007,0.00783446989953518,0.022594677284359932,0.009942222386598587,1.5160676042116923
2018-08-27,fold_5,2018 Vol-mageddon + Q4 sell-off,0.008649218827486038,1,0.0014638900756835938,1,0.0014638900756835938,0.017265559508814476,,,,1,14.638900756835938,0.004263445734977722,0.008158083073794842,0.008649218827486038,0.23216552607430826
2018-08-28,fold_5,2018 Vol-mageddon + Q4 sell-off,0.00856214389204979,1,0.011471610516309738,1,0.011471610516309738,0.028737170025124215,,,,1,114.71610516309738,0.010967949405312538,-0.0063036587089300156,0.00856214389204979,1.8869571273454948
2018-08-29,fold_5,2018 Vol-mageddon + Q4 sell-off,0.008486680686473846,1,-0.0017689941450953484,-1,-0.0017689941450953484,0.026968175880028866,,,,0,-17.689941450953484,0.01196284405887127,-0.026754802092909813,0.008486680686473846,-0.2703320881805462
2018-08-30,fold_5,2018 Vol-mageddon + Q4 sell-off,0.011129513382911682,1,0.0012871483340859413,1,0.0012871483340859413,0.028255324214114808,,,,1,12.871483340859413,0.013016579672694206,-0.028843693435192108,0.011129513382911682,0.22124895708706202
2018-08-31,fold_5,2018 Vol-mageddon + Q4 sell-off,0.009407289326190948,1,-0.00429557217285037,-1,-0.00429557217285037,0.023959752041264437,,,,0,-42.955721728503704,0.013785595074295998,-0.026768488809466362,0.009407289326190948,-0.7426059889692106
2018-09-04,fold_5,2018 Vol-mageddon + Q4 sell-off,0.008071459829807281,1,-0.012997850775718689,-1,-0.012997850775718689,0.010961901265545748,,,,0,-129.9785077571869,0.013151982799172401,-0.014797898940742016,0.008071459829807281,-2.274368868583156
2018-09-05,fold_5,2018 Vol-mageddon + Q4 sell-off,0.007277633994817734,1,-0.00897953286767006,-1,-0.00897953286767006,0.001982368397875689,,,,0,-89.79532867670059,0.016133302822709084,-0.004753672983497381,0.007277633994817734,-1.4119354233931694
2018-09-06,fold_5,2018 Vol-mageddon + Q4 sell-off,0.007078852504491806,1,-0.0038578850217163563,-1,-0.0038578850217163563,-0.0018755166238406673,,,,0,-38.57885021716356,0.01843160204589367,0.014849498867988586,0.007078852504491806,-0.5789416532339245
2018-09-07,fold_5,2018 Vol-mageddon + Q4 sell-off,0.011280074715614319,1,0.0033623524941504,1,0.0033623524941504,0.0014868358703097329,,,,1,33.623524941504,0.015008145943284035,0.015776794403791428,0.011280074715614319,0.5005041863548502
2018-09-10,fold_5,2018 Vol-mageddon + Q4 sell-off,0.008915871381759644,1,0.007675017695873976,1,0.007675017695873976,0.009161853566183709,,,,1,76.75017695873976,0.011768041178584099,-0.0020932797342538834,0.008915871381759644,1.1737890568017
2018-09-11,fold_5,2018 Vol-mageddon + Q4 sell-off,0.011185206472873688,1,-0.0029536255169659853,-1,-0.0029536255169659853,0.006208228049217723,,,,0,-29.536255169659853,0.010228345170617104,-0.0015308947768062353,0.011185206472873688,-0.4372117422280712
2018-09-12,fold_5,2018 Vol-mageddon + Q4 sell-off,0.011498436331748962,1,0.010623639449477196,1,0.010623639449477196,0.01683186749869492,,,,1,106.23639449477196,0.009314505383372307,0.0006569302058778703,0.011498436331748962,1.5993389285599509
2018-09-13,fold_5,2018 Vol-mageddon + Q4 sell-off,0.006089542061090469,1,-0.002930588787421584,-1,-0.002930588787421584,0.013901278711273335,,,,0,-29.30588787421584,-0.0003345869481563568,0.0010289637139067054,0.006089542061090469,-0.45118622445558054
2018-09-14,fold_5,2018 Vol-mageddon + Q4 sell-off,0.0068482160568237305,1,-0.014507722109556198,-1,-0.014507722109556198,-0.0006064433982828632,,,,0,-145.07722109556198,-0.005460191518068314,-0.0015230397693812847,0.0068482160568237305,-2.2365085644815483
2018-09-17,fold_5,2018 Vol-mageddon + Q4 sell-off,0.0102774016559124,1,0.008237402886152267,1,0.008237402886152267,0.007630959487869404,,,,1,82.37402886152267,0.0006906986236572266,0.01576199196279049,0.0102774016559124,1.13579438217693
2018-09-18,fold_5,2018 Vol-mageddon + Q4 sell-off,0.013847332447767258,1,-0.0007658004760742188,-1,-0.0007658004760742188,0.0068651590117951855,,,,0,-7.6580047607421875,-0.00839230790734291,0.00888301432132721,0.013847332447767258,-0.10237775008834965
2018-09-19,fold_5,2018 Vol-mageddon + Q4 sell-off,0.012575972825288773,1,0.010995673015713692,1,0.010995673015713692,0.017860832027508877,,,,1,109.95673015713692,-0.005032934248447418,0.010354790836572647,0.012575972825288773,1.4784977216211306
2018-09-20,fold_5,2018 Vol-mageddon + Q4 sell-off,0.009463530033826828,1,-0.00548259261995554,-1,-0.00548259261995554,0.012378239407553338,,,,0,-54.8259261995554,-0.010443393141031265,0.007789247203618288,0.009463530033826828,-0.7042587737554218
2018-09-21,fold_5,2018 Vol-mageddon + Q4 sell-off,0.016820956021547318,1,0.002777309622615576,1,0.002777309622615576,0.015155549030168913,,,,1,27.773096226155758,-0.0054725948721170425,0.013056525960564613,0.016820956021547318,0.35270575058628745
2018-09-24,fold_5,2018 Vol-mageddon + Q4 sell-off,0.009917724877595901,1,0.0013584248954430223,1,0.0013584248954430223,0.016513973925611936,,,,1,13.584248954430223,0.004201948642730713,0.01232261210680008,0.009917724877595901,0.17819671546611277
2018-09-25,fold_5,2018 Vol-mageddon + Q4 sell-off,0.004095938056707382,1,0.0007059755735099316,1,0.0007059755735099316,0.017219949499121867,,,,1,7.059755735099316,-0.00779641792178154,0.008705517277121544,0.004095938056707382,0.09691556136553459
2018-09-26,fold_5,2018 Vol-mageddon + Q4 sell-off,0.006195388734340668,1,0.00843012984842062,1,0.00843012984842062,0.025650079347542487,,,,1,84.3012984842062,-0.0009165648370981216,0.009075534529983997,0.006195388734340668,1.1581767856288074
2018-09-27,fold_5,2018 Vol-mageddon + Q4 sell-off,0.0041269585490226746,1,-0.0002153137611458078,-1,-0.0002153137611458078,0.02543476558639668,,,,0,-2.153137611458078,-0.007493333891034126,-0.018739888444542885,0.0041269585490226746,-0.030463890037563997
2018-09-28,fold_5,2018 Vol-mageddon + Q4 sell-off,0.0050233155488967896,1,0.002043396234512329,1,0.002043396234512329,0.02747816182090901,,,,1,20.43396234512329,-0.01649993285536766,-0.030826954171061516,0.0050233155488967896,0.28955915449981495
2018-10-01,fold_5,2018 Vol-mageddon + Q4 sell-off,0.003949437290430069,1,-0.0022586702834814787,-1,-0.0022586702834814787,0.02521949153742753,,,,0,-22.586702834814787,-0.014837812632322311,-0.03899511694908142,0.003949437290430069,-0.3196605862331189
2018-10-02,fold_5,2018 Vol-mageddon + Q4 sell-off,0.005206365138292313,1,0.0010759925935417414,1,0.0010759925935417414,0.02629548413096927,,,,1,10.759925935417414,-0.009108004160225391,-0.0335022509098053,0.005206365138292313,0.1533092755250861
2018-10-03,fold_5,2018 Vol-mageddon + Q4 sell-off,0.007102306932210922,1,-0.019385293126106262,-1,-0.019385293126106262,0.006910191004863009,,,,0,-193.85293126106262,-0.005009448155760765,-0.07955434173345566,0.007102306932210922,-3.032313178191907
2018-10-04,fold_5,2018 Vol-mageddon + Q4 sell-off,0.009546887129545212,1,-0.012302380055189133,-1,-0.012302380055189133,-0.005392189050326124,,,,0,-123.02380055189133,0.00754878856241703,-0.07264971733093262,0.009546887129545212,-1.649475386727381
2018-10-05,fold_5,2018 Vol-mageddon + Q4 sell-off,0.0056514739990234375,1,-0.006124766077846289,-1,-0.006124766077846289,-0.011516955128172413,,,,0,-61.24766077846289,0.027886608615517616,-0.032896917313337326,0.0056514739990234375,-0.7750360940234491
2018-10-08,fold_5,2018 Vol-mageddon + Q4 sell-off,0.003796178847551346,1,0.003234193893149495,1,0.003234193893149495,-0.008282761235022917,,,,1,32.34193893149495,0.028030501678586006,-0.03895066678524017,0.003796178847551346,0.4050319915801271
2018-10-09,fold_5,2018 Vol-mageddon + Q4 sell-off,0.004170116037130356,1,-0.04497610032558441,-1,-0.04497610032558441,-0.05325886156060733,,,,0,-449.7610032558441,0.024819372221827507,-0.013507483527064323,0.004170116037130356,-5.74268986795803
2018-10-10,fold_5,2018 Vol-mageddon + Q4 sell-off,0.010539107024669647,1,-0.012480662204325199,-1,-0.012480662204325199,-0.06573952376493253,,,,0,-124.80662204325199,0.02745017595589161,0.03186367079615593,0.010539107024669647,-0.9804380361378571
2018-10-11,fold_5,2018 Vol-mageddon + Q4 sell-off,0.01155378669500351,1,0.02745041809976101,1,0.02745041809976101,-0.03828910566517152,,,,1,274.5041809976101,0.021245887503027916,0.020888805389404297,0.01155378669500351,2.142276908545707
2018-10-12,fold_5,2018 Vol-mageddon + Q4 sell-off,0.008325137197971344,1,-0.012178515084087849,-1,-0.012178515084087849,-0.05046762074925937,,,,0,-121.78515084087849,0.012317804619669914,-0.007485735230147839,0.008325137197971344,-0.8580742505676323
2018-10-15,fold_5,2018 Vol-mageddon + Q4 sell-off,0.00938679650425911,1,0.028677375987172127,1,0.028677375987172127,-0.02179024476208724,,,,1,286.77375987172127,0.008543061092495918,0.009823471307754517,0.00938679650425911,2.0363214130848357
2018-10-16,fold_5,2018 Vol-mageddon + Q4 sell-off,0.008631311357021332,1,0.0003950525133404881,1,0.0003950525133404881,-0.021395192248746753,,,,1,3.9505251334048808,0.005409399047493935,-0.022540796548128128,0.008631311357021332,0.025712687103086888
2018-10-17,fold_5,2018 Vol-mageddon + Q4 sell-off,0.008565541356801987,1,-0.023455524817109108,-1,-0.023455524817109108,-0.04485071706585586,,,,0,-234.55524817109108,0.0012912433594465256,-0.0697828084230423,0.008565541356801987,-1.526713668475972
2018-10-18,fold_5,2018 Vol-mageddon + Q4 sell-off,0.007948551326990128,1,-0.00092412339290604,-1,-0.00092412339290604,-0.0457748404587619,,,,0,-9.2412339290604,0.003208702430129051,-0.012317018583416939,0.007948551326990128,-0.05758955729145474
2018-10-19,fold_5,2018 Vol-mageddon + Q4 sell-off,0.008646935224533081,1,0.005130691919475794,1,0.005130691919475794,-0.04064414853928611,,,,1,51.30691919475794,0.003973143175244331,-0.037451568990945816,0.008646935224533081,0.3206451188195099
2018-10-22,fold_5,2018 Vol-mageddon + Q4 sell-off,0.00866544246673584,1,-0.003686893032863736,-1,-0.003686893032863736,-0.04433104157214984,,,,0,-36.86893032863736,0.004909908398985863,-0.06337808072566986,0.00866544246673584,-0.22999663911757656
2018-10-23,fold_5,2018 Vol-mageddon + Q4 sell-off,0.007275987416505814,1,-0.04684695973992348,-1,-0.04684695973992348,-0.09117800131207332,,,,0,-468.4695973992348,0.008166702464222908,-0.04334544390439987,0.007275987416505814,-2.9190838441089455
2018-10-24,fold_5,2018 Vol-mageddon + Q4 sell-off,0.009567312896251678,1,0.03401026502251625,1,0.03401026502251625,-0.05716773628955707,,,,1,340.1026502251625,0.013465603813529015,0.026734814047813416,0.009567312896251678,1.77468860016443
2018-10-25,fold_5,2018 Vol-mageddon + Q4 sell-off,0.009162824600934982,1,-0.026058673858642578,-1,-0.026058673858642578,-0.08322641014819965,,,,0,-260.5867385864258,0.011672021821141243,0.00582903204485774,0.009162824600934982,-1.2692032756157483
2018-10-26,fold_5,2018 Vol-mageddon + Q4 sell-off,0.008666452020406723,1,-0.02079581841826439,-1,-0.02079581841826439,-0.10402222856646404,,,,0,-207.9581841826439,0.012729695066809654,0.016188867390155792,0.008666452020406723,-0.9743944970941217
2018-10-29,fold_5,2018 Vol-mageddon + Q4 sell-off,0.010047465562820435,1,0.01634574495255947,1,0.01634574495255947,-0.08767648361390457,,,,1,163.4574495255947,0.01249680481851101,0.03450203314423561,0.010047465562820435,0.7484921883353494
2018-10-30,fold_5,2018 Vol-mageddon + Q4 sell-off,0.009094633162021637,1,0.02323329448699951,1,0.02323329448699951,-0.06444318912690505,,,,1,232.33294486999512,0.008165093138813972,0.025703391060233116,0.009094633162021637,1.0495600485665344
2018-10-31,fold_5,2018 Vol-mageddon + Q4 sell-off,0.008394323289394379,1,0.013104485347867012,1,0.013104485347867012,-0.05133870377903804,,,,1,131.04485347867012,0.006002673879265785,0.03335581719875336,0.008394323289394379,0.5763659324773915
2018-11-01,fold_5,2018 Vol-mageddon + Q4 sell-off,0.007884427905082703,1,-0.015698837116360664,-1,-0.015698837116360664,-0.0670375408953987,,,,0,-156.98837116360664,0.0051251742988824844,0.013852041214704514,0.007884427905082703,-0.6973882163455799
2018-11-02,fold_5,2018 Vol-mageddon + Q4 sell-off,0.008702360093593597,1,-0.002482652897015214,-1,-0.002482652897015214,-0.06952019379241392,,,,0,-24.82652897015214,0.004070376977324486,0.012555296532809734,0.008702360093593597,-0.10977283931015479
2018-11-05,fold_5,2018 Vol-mageddon + Q4 sell-off,0.007178314030170441,1,0.007547101005911827,1,0.007547101005911827,-0.06197309278650209,,,,1,75.47101005911827,0.003572911024093628,-0.01568807289004326,0.007178314030170441,0.33421468347266076
2018-11-06,fold_5,2018 Vol-mageddon + Q4 sell-off,0.007063247263431549,1,0.0308857224881649,1,0.0308857224881649,-0.03108737029833719,,,,1,308.857224881649,0.0036765653640031815,-0.022393720224499702,0.007063247263431549,1.3646313407784774
2018-11-07,fold_5,2018 Vol-mageddon + Q4 sell-off,0.008026249706745148,1,-0.006399292498826981,-1,-0.006399292498826981,-0.03748666279716417,,,,0,-63.992924988269806,0.002042185515165329,-0.0609380342066288,0.008026249706745148,-0.2987561094118364
2018-11-08,fold_5,2018 Vol-mageddon + Q4 sell-off,0.006727594882249832,1,-0.01699558086693287,-1,-0.01699558086693287,-0.05448224366409704,,,,0,-169.9558086693287,-0.0003044363111257553,-0.03719615936279297,0.006727594882249832,-0.7984634592381895
2018-11-09,fold_5,2018 Vol-mageddon + Q4 sell-off,0.006136465817689896,1,-0.030726023018360138,-1,-0.030726023018360138,-0.08520826668245718,,,,0,-307.2602301836014,-0.0015674140304327011,-0.023716740310192108,0.006136465817689896,-1.4820286766987243
2018-11-12,fold_5,2018 Vol-mageddon + Q4 sell-off,0.006181009113788605,1,0.000841454544570297,1,0.000841454544570297,-0.08436681213788688,,,,1,8.41454544570297,-0.0010958686470985413,-0.026007166132330894,0.006181009113788605,0.03882904903812807
2018-11-13,fold_5,2018 Vol-mageddon + Q4 sell-off,0.008623003959655762,1,-0.007658591028302908,-1,-0.007658591028302908,-0.09202540316618979,,,,0,-76.58591028302908,0.0050349608063697815,-0.044905394315719604,0.008623003959655762,-0.3699598816985418
2018-11-14,fold_5,2018 Vol-mageddon + Q4 sell-off,0.00765639916062355,1,0.01734258234500885,1,0.01734258234500885,-0.07468282082118094,,,,1,173.4258234500885,0.005878373980522156,-0.029672911390662193,0.00765639916062355,0.8349153533134935
2018-11-15,fold_5,2018 Vol-mageddon + Q4 sell-off,0.007302667945623398,1,-0.0035161625128239393,-1,-0.0035161625128239393,-0.07819898333400488,,,,0,-35.16162512823939,0.008698305115103722,-0.05427509918808937,0.007302667945623398,-0.17177737056518852
2018-11-16,fold_5,2018 Vol-mageddon + Q4 sell-off,0.0066810064017772675,1,-0.033016450703144073,-1,-0.033016450703144073,-0.11121543403714895,,,,0,-330.16450703144073,0.0054750945419073105,-0.027908116579055786,0.0066810064017772675,-1.611867493491997
2018-11-19,fold_5,2018 Vol-mageddon + Q4 sell-off,0.009553220123052597,1,-0.018056772649288177,-1,-0.018056772649288177,-0.12927220668643713,,,,0,-180.56772649288177,0.004763312637805939,0.008479170501232147,0.009553220123052597,-0.8304656952937203
2018-11-20,fold_5,2018 Vol-mageddon + Q4 sell-off,0.00883495807647705,1,0.007573891896754503,1,0.007573891896754503,-0.12169831478968263,,,,1,75.73891896754503,0.00734674371778965,0.058211855590343475,0.00883495807647705,0.342721089958986
2018-11-21,fold_5,2018 Vol-mageddon + Q4 sell-off,0.008900750428438187,1,-0.007259607780724764,-1,-0.007259607780724764,-0.1289579225704074,,,,0,-72.59607780724764,0.0036724358797073364,0.047372590750455856,0.008900750428438187,-0.37166995530783903
2018-11-23,fold_5,2018 Vol-mageddon + Q4 sell-off,0.008575286716222763,1,0.022850820794701576,1,0.022850820794701576,-0.10610710177570581,,,,1,228.50820794701576,0.004682010039687157,0.06186139956116676,0.008575286716222763,1.2649789142725905
2018-11-26,fold_5,2018 Vol-mageddon + Q4 sell-off,0.008219990879297256,1,0.0033708387054502964,1,0.0033708387054502964,-0.10273626307025552,,,,1,33.708387054502964,0.003675844520330429,0.05633609741926193,0.008219990879297256,0.1888876302400691
2018-11-27,fold_5,2018 Vol-mageddon + Q4 sell-off,0.008010458201169968,1,0.03167591243982315,1,0.03167591243982315,-0.07106035063043237,,,,1,316.7591243982315,0.0015075523406267166,0.013853813521564007,0.008010458201169968,1.8367398910174983
2018-11-28,fold_5,2018 Vol-mageddon + Q4 sell-off,0.006842818111181259,1,-0.0032653752714395523,-1,-0.0032653752714395523,-0.07432572590187192,,,,0,-32.65375271439552,0.0002996232360601425,-0.01078720297664404,0.006842818111181259,-0.17861348239722183
2018-11-29,fold_5,2018 Vol-mageddon + Q4 sell-off,0.007983744144439697,1,0.007229202892631292,1,0.007229202892631292,-0.06709652300924063,,,,1,72.29202892631292,-0.00042016059160232544,-0.04109470173716545,0.007983744144439697,0.4120773526837548
2018-11-30,fold_5,2018 Vol-mageddon + Q4 sell-off,0.008131124079227448,1,0.017325518652796745,1,0.017325518652796745,-0.04977100435644388,,,,1,173.25518652796745,-0.00335099920630455,-0.037905894219875336,0.008131124079227448,0.997310767714053
2018-12-03,fold_5,2018 Vol-mageddon + Q4 sell-off,0.006412237882614136,1,-0.03911144658923149,-1,-0.03911144658923149,-0.08888245094567537,,,,0,-391.1144658923149,-0.0030397064983844757,-0.05192564055323601,0.006412237882614136,-2.241424192443102
2018-12-04,fold_5,2018 Vol-mageddon + Q4 sell-off,0.008796710520982742,1,0.007034897338598967,1,0.007034897338598967,-0.0818475536070764,,,,1,70.34897338598967,0.0019508376717567444,-0.004051308147609234,0.008796710520982742,0.3605707093956329
2018-12-06,fold_5,2018 Vol-mageddon + Q4 sell-off,0.008658178150653839,1,-0.03357287496328354,-1,-0.03357287496328354,-0.11542042857035995,,,,0,-335.7287496328354,0.005579428747296333,-0.010783231817185879,0.008658178150653839,-1.7216083160429345
2018-12-07,fold_5,2018 Vol-mageddon + Q4 sell-off,0.008522041141986847,1,0.01041800994426012,1,0.01041800994426012,-0.10500241862609982,,,,1,104.1800994426012,0.008234227076172829,-0.0018603972857818007,0.008522041141986847,0.5282515780582366
2018-12-10,fold_5,2018 Vol-mageddon + Q4 sell-off,0.008627589792013168,1,0.003305772552266717,1,0.003305772552266717,-0.10169664607383311,,,,1,33.05772552266717,0.013399941846728325,-0.03519889712333679,0.008627589792013168,0.16689777918986154
2018-12-11,fold_5,2018 Vol-mageddon + Q4 sell-off,0.007378142327070236,1,0.008762886747717857,1,0.008762886747717857,-0.09293375932611525,,,,1,87.62886747717857,0.012238303199410439,-0.032235823571681976,0.007378142327070236,0.45045938463094426
2018-12-12,fold_5,2018 Vol-mageddon + Q4 sell-off,0.009243234992027283,1,0.0003029732615686953,1,0.0003029732615686953,-0.09263078606454656,,,,1,3.029732615686953,0.0075299981981515884,-0.06586034595966339,0.009243234992027283,0.016551644777471525
2018-12-13,fold_5,2018 Vol-mageddon + Q4 sell-off,0.006364542990922928,1,-0.02465003915131092,-1,-0.02465003915131092,-0.11728082521585748,,,,0,-246.5003915131092,0.005313586443662643,-0.08076487481594086,0.006364542990922928,-1.3467111284400528
2018-12-14,fold_5,2018 Vol-mageddon + Q4 sell-off,0.009344834834337234,1,-0.02292048931121826,-1,-0.02292048931121826,-0.14020131452707574,,,,0,-229.20489311218262,0.0024123135954141617,-0.08759868144989014,0.009344834834337234,-1.2038753790062104
2018-12-17,fold_5,2018 Vol-mageddon + Q4 sell-off,0.008218731731176376,1,0.006268845871090889,1,0.006268845871090889,-0.13393246865598485,,,,1,62.68845871090889,0.005904044955968857,-0.08978883922100067,0.008218731731176376,0.3242801571004377
2018-12-18,fold_5,2018 Vol-mageddon + Q4 sell-off,0.009000115096569061,1,-0.024861635640263557,-1,-0.024861635640263557,-0.1587941042962484,,,,0,-248.61635640263557,0.007673049345612526,-0.035490769892930984,0.009000115096569061,-1.283752666124262
2018-12-19,fold_5,2018 Vol-mageddon + Q4 sell-off,0.008695974946022034,1,-0.014601556584239006,-1,-0.014601556584239006,-0.1733956608804874,,,,0,-146.01556584239006,0.009323759004473686,-0.006766404490917921,0.008695974946022034,-0.7788662930931695
2018-12-20,fold_5,2018 Vol-mageddon + Q4 sell-off,0.00968538224697113,1,-0.03148384019732475,-1,-0.03148384019732475,-0.20487950107781217,,,,0,-314.8384019732475,0.012949543073773384,0.007312349509447813,0.00968538224697113,-1.6930339809025827
2018-12-21,fold_5,2018 Vol-mageddon + Q4 sell-off,0.010466735810041428,1,-0.025110647082328796,-1,-0.025110647082328796,-0.22999014816014096,,,,0,-251.10647082328796,0.014745200052857399,0.047193724662065506,0.010466735810041428,-1.2674572673187545
2018-12-24,fold_5,2018 Vol-mageddon + Q4 sell-off,0.011061519384384155,1,0.06056690961122513,1,0.06056690961122513,-0.16942323854891583,,,,1,605.6690961122513,0.015705594792962074,0.07631570100784302,0.011061519384384155,2.950446690963408
2018-12-26,fold_5,2018 Vol-mageddon + Q4 sell-off,0.009920723736286163,1,0.0038627306930720806,1,0.0038627306930720806,-0.16556050785584375,,,,1,38.627306930720806,0.011715790256857872,-0.017467688769102097,0.009920723736286163,0.1605697928539248
2018-12-27,fold_5,2018 Vol-mageddon + Q4 sell-off,0.009675253182649612,1,-0.0005228033987805247,-1,-0.0005228033987805247,-0.16608331125462428,,,,0,-5.228033987805247,0.006932303309440613,0.020564427599310875,0.009675253182649612,-0.021729065604608522
2018-12-28,fold_5,2018 Vol-mageddon + Q4 sell-off,0.008600234985351562,1,0.008397532626986504,1,0.008397532626986504,-0.15768577862763777,,,,1,83.97532626986504,0.004323462024331093,0.03292231634259224,0.008600234985351562,0.36520208009465255
2018-12-31,fold_5,2018 Vol-mageddon + Q4 sell-off,0.007995832711458206,1,0.00401133019477129,1,0.00401133019477129,-0.15367444843286648,,,,1,40.1133019477129,0.0007507968693971634,0.03352988138794899,0.007995832711458206,0.17395794166586181
2019-01-02,fold_5,2018 Vol-mageddon + Q4 sell-off,0.007864676415920258,1,-0.033216480165719986,-1,-0.033216480165719986,-0.18689092859858647,,,,0,-332.16480165719986,0.0012359898537397385,0.03763500228524208,0.007864676415920258,-1.4429433525971453
2019-01-03,fold_5,2018 Vol-mageddon + Q4 sell-off,0.008319728076457977,1,0.04189484566450119,1,0.04189484566450119,-0.14499608293408528,,,,1,418.9484566450119,0.00507543608546257,0.07370780408382416,0.008319728076457977,1.7546651131761455
2019-01-04,fold_5,2018 Vol-mageddon + Q4 sell-off,0.008367173373699188,1,0.011835084296762943,1,0.011835084296762943,-0.13316099863732234,,,,1,118.35084296762943,0.002774331718683243,0.028147896751761436,0.008367173373699188,0.4908543546392967
2019-01-07,fold_5,2018 Vol-mageddon + Q4 sell-off,0.006593555212020874,1,0.009005100466310978,1,0.009005100466310978,-0.12415589817101136,,,,1,90.05100466310978,0.0009410995990037918,0.0074369218200445175,0.006593555212020874,0.37203579793221414
2019-01-08,fold_5,2018 Vol-mageddon + Q4 sell-off,0.008494134992361069,1,0.008116450160741806,1,0.008116450160741806,-0.11603944801026955,,,,1,81.16450160741806,0.002269582822918892,0.01776972971856594,0.008494134992361069,0.3513725713332447
2019-01-09,fold_5,2018 Vol-mageddon + Q4 sell-off,0.00763118639588356,1,0.0028563211672008038,1,0.0028563211672008038,-0.11318312684306875,,,,1,28.563211672008038,-0.0013664290308952332,0.009468733333051205,0.00763118639588356,0.12390206631015782
2019-01-10,fold_5,2018 Vol-mageddon + Q4 sell-off,0.006807856261730194,1,-0.0036650579422712326,-1,-0.0036650579422712326,-0.11684818478533998,,,,0,-36.650579422712326,-0.00468297116458416,0.014465805143117905,0.006807856261730194,-0.15900432044947757
2019-01-11,fold_5,2018 Vol-mageddon + Q4 sell-off,0.005548745393753052,1,-0.00887589156627655,-1,-0.00887589156627655,-0.12572407635161653,,,,0,-88.7589156627655,-0.0030656419694423676,0.027982445433735847,0.005548745393753052,-0.3862234557550303
2019-01-14,fold_5,2018 Vol-mageddon + Q4 sell-off,0.00884101539850235,1,0.019337907433509827,1,0.019337907433509827,-0.1063861689181067,,,,1,193.37907433509827,-0.005324237048625946,0.016624685376882553,0.00884101539850235,0.8383482210297947
2019-01-15,fold_5,2018 Vol-mageddon + Q4 sell-off,0.005873691290616989,1,-0.0001845464576035738,-1,-0.0001845464576035738,-0.10657071537571028,,,,0,-1.845464576035738,-0.005703045055270195,-0.0014171712100505829,0.005873691290616989,-0.00808987921917732
2019-01-16,fold_5,2018 Vol-mageddon + Q4 sell-off,0.00614345446228981,1,0.007853393442928791,1,0.007853393442928791,-0.09871732193278149,,,,1,78.53393442928791,-0.009254774078726768,0.0052218688651919365,0.00614345446228981,0.35329712750900966
2019-01-17,fold_5,2018 Vol-mageddon + Q4 sell-off,0.005624499171972275,1,0.009851583279669285,1,0.009851583279669285,-0.0888657386531122,,,,1,98.51583279669285,-0.017192870378494263,0.009246372617781162,0.005624499171972275,0.4426878625243031
2019-01-18,fold_5,2018 Vol-mageddon + Q4 sell-off,0.002931937575340271,1,-0.020233651623129845,-1,-0.020233651623129845,-0.10909939027624205,,,,0,-202.33651623129845,-0.019517427310347557,-0.013034457340836525,0.002931937575340271,-0.9341151823620253
2019-01-22,fold_5,2018 Vol-mageddon + Q4 sell-off,0.0038291960954666138,1,0.0012960510794073343,1,0.0012960510794073343,-0.10780333919683471,,,,1,12.960510794073343,-0.015193694271147251,-0.002287453506141901,0.0038291960954666138,0.05921816890991798
2019-01-23,fold_5,2018 Vol-mageddon + Q4 sell-off,0.003773115575313568,1,0.006454493384808302,1,0.006454493384808302,-0.10134884581202641,,,,1,64.54493384808302,-0.012364614754915237,0.0215363297611475,0.003773115575313568,0.31143682154349095
2019-01-24,fold_5,2018 Vol-mageddon + Q4 sell-off,0.004333905875682831,1,0.011877898126840591,1,0.011877898126840591,-0.08947094768518582,,,,1,118.77898126840591,-0.009038809686899185,0.02993958815932274,0.004333905875682831,0.5938378744339285
2019-01-25,fold_5,2018 Vol-mageddon + Q4 sell-off,0.005594216287136078,1,-0.012429247610270977,-1,-0.012429247610270977,-0.1019001952954568,,,,0,-124.29247610270977,-0.010484675876796246,0.013830570504069328,0.005594216287136078,-0.8309956368039547
2019-01-28,fold_5,2018 Vol-mageddon + Q4 sell-off,0.003835253417491913,1,-0.009486648254096508,-1,-0.009486648254096508,-0.1113868435495533,,,,0,-94.86648254096508,-0.006747696548700333,0.038604870438575745,0.003835253417491913,-0.62459246102514
2019-01-29,fold_5,2018 Vol-mageddon + Q4 sell-off,0.0063322074711322784,1,0.025119835510849953,1,0.025119835510849953,-0.08626700803870335,,,,1,251.19835510849953,-0.011397458612918854,0.05690077319741249,0.0063322074711322784,1.6380173508875673
2019-01-30,fold_5,2018 Vol-mageddon + Q4 sell-off,0.0016956888139247894,1,0.01485775038599968,1,0.01485775038599968,-0.07140925765270367,,,,1,148.5775038599968,-0.016233043745160103,0.028794310986995697,0.0016956888139247894,0.9158159736361503
2019-01-31,fold_5,2018 Vol-mageddon + Q4 sell-off,0.0038081444799900055,1,-0.004231119528412819,-1,-0.004231119528412819,-0.07564037718111649,,,,0,-42.31119528412819,-0.01955748163163662,0.00041609382606111467,0.0038081444799900055,-0.25587502014519004
2019-02-01,fold_5,2018 Vol-mageddon + Q4 sell-off,0.005824588239192963,1,0.01234505232423544,1,0.01234505232423544,-0.06329532485688105,,,,1,123.4505232423544,-0.01537835318595171,0.006606902461498976,0.005824588239192963,0.8338895394396779
2019-02-04,fold_5,2018 Vol-mageddon + Q4 sell-off,0.005125261843204498,1,0.008809252642095089,1,0.008809252642095089,-0.05448607221478596,,,,1,88.09252642095089,-0.011886327527463436,-0.006687937770038843,0.005125261843204498,0.7471241039746336
2019-02-05,fold_5,2018 Vol-mageddon + Q4 sell-off,0.0026029497385025024,1,-0.0029866250697523355,-1,-0.0029866250697523355,-0.0574726972845383,,,,0,-29.866250697523355,-0.008357265964150429,-0.0008191018714569509,0.0026029497385025024,-0.25619367299360474
2019-02-06,fold_5,2018 Vol-mageddon + Q4 sell-off,0.004623305052518845,1,-0.013520467095077038,-1,-0.013520467095077038,-0.07099316437961534,,,,0,-135.20467095077038,0.0008914954960346222,0.002869384828954935,0.004623305052518845,-1.175501688232634
2019-02-07,fold_5,2018 Vol-mageddon + Q4 sell-off,0.00782083347439766,1,0.001959689659997821,1,0.001959689659997821,-0.06903347471961752,,,,1,19.59689659997821,0.0051169972866773605,0.017617112025618553,0.00782083347439766,0.1667357073202623
2019-02-08,fold_5,2018 Vol-mageddon + Q4 sell-off,0.0062451958656311035,1,-0.0009497877908870578,-1,-0.0009497877908870578,-0.06998326251050457,,,,0,-9.497877908870578,-8.381344377994537e-05,0.019853880628943443,0.0062451958656311035,-0.08087375287144566
2019-02-11,fold_5,2018 Vol-mageddon + Q4 sell-off,0.007205381989479065,1,0.014678088948130608,1,0.014678088948130608,-0.055305173562373966,,,,1,146.78088948130608,0.004333946853876114,0.022779028862714767,0.007205381989479065,1.2526771766344347
2019-02-12,fold_5,2018 Vol-mageddon + Q4 sell-off,0.008772417902946472,1,0.0007018616888672113,1,0.0007018616888672113,-0.054603311873506755,,,,1,7.018616888672113,0.0008406601846218109,0.00792672112584114,0.008772417902946472,0.05846206533534345
2019-02-13,fold_5,2018 Vol-mageddon + Q4 sell-off,0.006000548601150513,1,0.001227260334417224,1,0.001227260334417224,-0.05337605153908953,,,,1,12.27260334417224,-0.004895821213722229,0.0035608201287686825,0.006000548601150513,0.10956938104039882
2019-02-14,fold_5,2018 Vol-mageddon + Q4 sell-off,0.005184486508369446,1,0.004196458030492067,1,0.004196458030492067,-0.04917959350859746,,,,1,41.96458030492067,-0.00567612424492836,0.00970625039190054,0.005184486508369446,0.3745484592003061
2019-02-15,fold_5,2018 Vol-mageddon + Q4 sell-off,0.005474470555782318,1,0.001975360093638301,1,0.001975360093638301,-0.04720423341495916,,,,1,19.75360093638301,-0.008798981085419655,0.009147333912551403,0.005474470555782318,0.1778756870323239
2019-02-19,fold_5,2018 Vol-mageddon + Q4 sell-off,0.006652135401964188,1,-0.00017421865777578205,-1,-0.00017421865777578205,-0.047378452072734945,,,,0,-1.7421865777578205,-0.004808198660612106,0.008208819665014744,0.006652135401964188,-0.015992804153815002
2019-02-20,fold_5,2018 Vol-mageddon + Q4 sell-off,0.006018985062837601,1,-0.0036640395410358906,-1,-0.0036640395410358906,-0.051042491613770835,,,,0,-36.640395410358906,-0.00502883642911911,0.007749252486974001,0.006018985062837601,-0.3697444191702923
2019-02-21,fold_5,2018 Vol-mageddon + Q4 sell-off,0.004736155271530151,1,0.007372690364718437,1,0.007372690364718437,-0.0436698012490524,,,,1,73.72690364718437,-0.0013451986014842987,0.009106521494686604,0.004736155271530151,0.7417759552143991
2019-02-22,fold_5,2018 Vol-mageddon + Q4 sell-off,0.008815295994281769,1,0.0036375417839735746,1,0.0036375417839735746,-0.04003225946507882,,,,1,36.375417839735746,-0.0029299966990947723,0.00863878894597292,0.008815295994281769,0.36480757635248523
2019-02-25,fold_5,2018 Vol-mageddon + Q4 sell-off,0.006614994257688522,1,0.0010368457296863198,1,0.0010368457296863198,-0.0389954137353925,,,,1,10.368457296863198,-0.0025511011481285095,0.005173328332602978,0.006614994257688522,0.10749815623397956
2019-02-26,fold_5,2018 Vol-mageddon + Q4 sell-off,0.007857996970415115,1,-0.0006337863160297275,-1,-0.0006337863160297275,-0.03962920005142223,,,,0,-6.337863160297275,-0.0022916607558727264,0.004881580825895071,0.007857996970415115,-0.06859860697891929
2019-02-27,fold_5,2018 Vol-mageddon + Q4 sell-off,0.004314802587032318,1,-0.002306770533323288,-1,-0.002306770533323288,-0.04193597058474552,,,,0,-23.06770533323288,-0.003046030178666115,-0.00017281183681916445,0.004314802587032318,-0.2564972928000794
2019-02-28,fold_5,2018 Vol-mageddon + Q4 sell-off,0.0048738159239292145,1,0.006904958747327328,1,0.006904958747327328,-0.03503101183741819,,,,1,69.04958747327328,0.002152690663933754,-0.010214511305093765,0.0048738159239292145,0.9804763321443797
2019-03-01,fold_5,2018 Vol-mageddon + Q4 sell-off,0.008177395910024643,1,0.00017208090866915882,1,0.00017208090866915882,-0.03485893092874903,,,,1,1.7208090866915882,0.00017904490232467651,-0.018637001514434814,0.008177395910024643,0.026893411076215196
2019-03-04,fold_5,2018 Vol-mageddon + Q4 sell-off,0.007760103791952133,1,0.0007450981065630913,1,0.0007450981065630913,-0.03411383282218594,,,,1,7.450981065630913,-0.0011043436825275421,0.0017753717256709933,0.007760103791952133,0.11773856278902868
2019-03-05,fold_5,2018 Vol-mageddon + Q4 sell-off,0.00743628665804863,1,-0.005688178818672895,-1,-0.005688178818672895,-0.039802011640858836,,,,0,-56.881788186728954,0.001899171620607376,0.0065093920566141605,0.00743628665804863,-0.9984404366472546
2019-03-06,fold_5,2018 Vol-mageddon + Q4 sell-off,0.006197042763233185,1,-0.012348470278084278,-1,-0.012348470278084278,-0.052150481918943115,,,,0,-123.48470278084278,0.004716312512755394,0.01968303509056568,0.006197042763233185,-2.2472515457824884
2019-03-07,fold_5,2018 Vol-mageddon + Q4 sell-off,0.0063475072383880615,1,-0.0015175314620137215,-1,-0.0015175314620137215,-0.053668013380956836,,,,0,-15.175314620137215,0.00927184708416462,0.030335213989019394,0.0063475072383880615,-0.2482345434549959
2019-03-08,fold_5,2018 Vol-mageddon + Q4 sell-off,0.0031234659254550934,1,0.020584454759955406,1,0.020584454759955406,-0.03308355862100143,,,,1,205.84454759955406,0.008827222511172295,0.041090596467256546,0.0031234659254550934,3.8661865610744894
2019-03-11,fold_5,2018 Vol-mageddon + Q4 sell-off,0.003478746861219406,1,0.005479118321090937,1,0.005479118321090937,-0.027604440299910493,,,,1,54.79118321090937,-0.007124427706003189,0.022885199636220932,0.003478746861219406,0.7800188928272659
2019-03-12,fold_5,2018 Vol-mageddon + Q4 sell-off,-0.0005361959338188171,-1,0.007485463283956051,1,-0.007485463283956051,-0.035089903583866544,,,,0,-74.85463283956051,-0.013516363687813282,0.020762847736477852,-0.0005361959338188171,1.0502638374398423
2019-03-13,fold_5,2018 Vol-mageddon + Q4 sell-off,0.005373571068048477,1,-0.0016962912632152438,-1,-0.0016962912632152438,-0.03678619484708179,,,,0,-16.962912632152438,-0.00977272167801857,0.01723448745906353,0.005373571068048477,-0.259205191477666
2019-03-14,fold_5,2018 Vol-mageddon + Q4 sell-off,0.001042783260345459,1,0.009237850084900856,1,0.009237850084900856,-0.027548344762180932,,,,1,92.37850084900856,-0.021927226334810257,0.03444202244281769,0.001042783260345459,1.409647264496538
2019-03-15,fold_5,2018 Vol-mageddon + Q4 sell-off,-0.002589832991361618,-1,0.0023790590930730104,1,-0.0023790590930730104,-0.029927403855253942,,,,0,-23.790590930730104,-0.0021434854716062546,0.0029952730983495712,-0.002589832991361618,0.34651527241994967
2019-03-18,fold_5,2018 Vol-mageddon + Q4 sell-off,0.0031158216297626495,1,0.003356766188517213,1,0.003356766188517213,-0.02657063766673673,,,,1,33.56766188517213,0.007946806028485298,-0.0012897165725007653,0.0031158216297626495,0.49204903498740066
2019-03-19,fold_5,2018 Vol-mageddon + Q4 sell-off,0.0037191249430179596,1,0.003957103006541729,1,0.003957103006541729,-0.022613534660195,,,,1,39.57103006541729,0.005432233214378357,0.0,0.0037191249430179596,0.5777674207829703
2019-03-20,fold_5,2018 Vol-mageddon + Q4 sell-off,0.001303005963563919,1,0.015511245466768742,1,0.015511245466768742,-0.007102289193426259,,,,1,155.11245466768742,0.0028993766754865646,-0.010400827042758465,0.001303005963563919,2.2461296638731625
2019-03-21,fold_5,2018 Vol-mageddon + Q4 sell-off,0.004701510071754456,1,-0.02220890112221241,-1,-0.02220890112221241,-0.02931119031563867,,,,0,-222.0890112221241,-0.003208095207810402,-0.023610059171915054,0.004701510071754456,-2.890170330312154
2019-03-22,fold_5,2018 Vol-mageddon + Q4 sell-off,0.007101904600858688,1,-0.001905930577777326,-1,-0.001905930577777326,-0.031217120893415995,,,,0,-19.05930577777326,0.005811017006635666,0.006141345482319593,0.007101904600858688,-0.21178024690818373
2019-03-25,fold_5,2018 Vol-mageddon + Q4 sell-off,0.00564064085483551,1,0.004646482411772013,1,0.004646482411772013,-0.026570638481643982,,,,1,46.46482411772013,0.01153227873146534,0.021207502111792564,0.00564064085483551,0.5178372879620403
2019-03-26,fold_5,2018 Vol-mageddon + Q4 sell-off,0.0023705177009105682,1,-0.006443724036216736,-1,-0.006443724036216736,-0.03301436251786072,,,,0,-64.43724036216736,0.005623042583465576,0.02034425549209118,0.0023705177009105682,-0.7136034369894386
2019-03-27,fold_5,2018 Vol-mageddon + Q4 sell-off,0.004577107727527618,1,0.0023020142689347267,1,0.0023020142689347267,-0.03071234824892599,,,,1,23.020142689347267,0.009635960683226585,0.03251755237579346,0.004577107727527618,0.25177956690205505
2019-03-28,fold_5,2018 Vol-mageddon + Q4 sell-off,0.0071067847311496735,1,0.007542503532022238,1,0.007542503532022238,-0.023169844716903754,,,,1,75.42503532022238,0.011003492400050163,0.029834916815161705,0.0071067847311496735,0.8249561163490199
2019-03-29,fold_5,2018 Vol-mageddon + Q4 sell-off,0.00951039046049118,1,0.013160225003957748,1,0.013160225003957748,-0.010009619712946005,,,,1,131.60225003957748,-0.00016766227781772614,0.027450084686279297,0.00951039046049118,1.4354417979438217
2019-04-01,fold_5,2018 Vol-mageddon + Q4 sell-off,0.003029782325029373,1,0.0037832369562238455,1,0.0037832369562238455,-0.00622638275672216,,,,1,37.832369562238455,-0.012894597835838795,0.01683189906179905,0.003029782325029373,0.3929132302604623
2019-04-02,fold_5,2018 Vol-mageddon + Q4 sell-off,-0.00395776703953743,-1,0.005729572847485542,1,-0.005729572847485542,-0.011955955604207702,,,,0,-57.29572847485542,-0.03328009694814682,0.009531304240226746,-0.00395776703953743,0.5928572924656258
2019-04-03,fold_5,2018 Vol-mageddon + Q4 sell-off,-0.0026087425649166107,-1,-0.0003806223103310913,-1,0.0003806223103310913,-0.01157533329387661,,,,1,3.806223103310913,-0.008057879284024239,0.009153859689831734,-0.0026087425649166107,-0.03937922860941791
2019-04-04,fold_5,2018 Vol-mageddon + Q4 sell-off,0.0022056326270103455,1,0.00515767140313983,1,0.00515767140313983,-0.006417661890736781,,,,1,51.576714031398296,0.0028124023228883743,0.007159198634326458,0.0022056326270103455,0.5567941972777216
2019-04-05,fold_5,2018 Vol-mageddon + Q4 sell-off,0.004473954439163208,1,0.0025420398451387882,1,0.0025420398451387882,-0.003875622045597993,,,,1,25.420398451387882,0.004170389845967293,0.006315842270851135,0.004473954439163208,0.2725024093881886
2019-04-08,fold_5,2018 Vol-mageddon + Q4 sell-off,0.00686931237578392,1,-0.0035173578653484583,-1,-0.0035173578653484583,-0.007392979910946451,,,,0,-35.17357865348458,0.0032466761767864227,0.003935340326279402,0.00686931237578392,-0.43243918616901417
2019-04-09,fold_5,2018 Vol-mageddon + Q4 sell-off,0.00799885019659996,1,0.005352128762751818,1,0.005352128762751818,-0.0020408511481946334,,,,1,53.52128762751818,0.010258814319968224,0.010890415869653225,0.00799885019659996,0.6624467096671369
2019-04-10,fold_5,2018 Vol-mageddon + Q4 sell-off,0.0068048276007175446,1,-0.0023752839770168066,-1,-0.0023752839770168066,-0.00441613512521144,,,,0,-23.752839770168066,0.010951617732644081,0.009017187170684338,0.0068048276007175446,-0.29712804898278294
2019-04-11,fold_5,2018 Vol-mageddon + Q4 sell-off,0.006713155657052994,1,0.004314315505325794,1,0.004314315505325794,-0.00010181961988564581,,,,1,43.14315505325794,0.009178856387734413,0.012674174271523952,0.006713155657052994,0.5391018631979752
2019-04-12,fold_5,2018 Vol-mageddon + Q4 sell-off,0.007688533514738083,1,0.0001615378278074786,1,0.0001615378278074786,5.97182079218328e-05,,,,1,1.615378278074786,0.010611006990075111,0.011184216476976871,0.007688533514738083,0.020732427437063147
2019-04-15,fold_5,2018 Vol-mageddon + Q4 sell-off,0.006918065249919891,1,0.0034377172123640776,1,0.0034377172123640776,0.0034974354202859104,,,,1,34.377172123640776,0.0077433157712221146,0.02366057224571705,0.006918065249919891,0.4422379245469731
2019-04-16,fold_5,2018 Vol-mageddon + Q4 sell-off,0.006532154977321625,1,0.0034789007622748613,1,0.0034789007622748613,0.006976336182560772,,,,1,34.78900762274861,0.003567216917872429,0.0170652624219656,0.006532154977321625,0.44743409613884627
2019-04-17,fold_5,2018 Vol-mageddon + Q4 sell-off,0.006453320384025574,1,0.001281703356653452,1,0.001281703356653452,0.008258039539214224,,,,1,12.81703356653452,0.0007789582014083862,0.017636874690651894,0.006453320384025574,0.16508748451011285
2019-04-18,fold_5,2018 Vol-mageddon + Q4 sell-off,0.00684022530913353,1,0.002824357245117426,1,0.002824357245117426,0.01108239678433165,,,,1,28.24357245117426,0.003086179494857788,0.01724712736904621,0.00684022530913353,0.4062728922046816
2019-04-22,fold_5,2018 Vol-mageddon + Q4 sell-off,0.0070118047297000885,1,0.012637894600629807,1,0.012637894600629807,0.023720291384961456,,,,1,126.37894600629807,-0.002941938117146492,0.016361890360713005,0.0070118047297000885,2.5761801972299163
2019-04-23,fold_5,2018 Vol-mageddon + Q4 sell-off,0.004720751196146011,1,-0.0031575928442180157,-1,-0.0031575928442180157,0.02056269854074344,,,,0,-31.575928442180157,-0.0028997045010328293,-0.004054222255945206,0.004720751196146011,-0.5593278337476337
2019-04-24,fold_5,2018 Vol-mageddon + Q4 sell-off,0.0056273676455020905,1,0.004050512798130512,1,0.004050512798130512,0.024613211338873953,,,,1,40.50512798130512,0.003502489998936653,-0.004119951277971268,0.0056273676455020905,0.7241279199257808
2019-04-25,fold_5,2018 Vol-mageddon + Q4 sell-off,0.006099417805671692,1,0.0008919559768401086,1,0.0008919559768401086,0.02550516731571406,,,,1,8.919559768401086,0.004088699817657471,-0.012520142830908298,0.006099417805671692,0.16275839997497182
2019-04-26,fold_5,2018 Vol-mageddon + Q4 sell-off,0.007762771099805832,1,0.0019391197711229324,1,0.0019391197711229324,0.027444287086836994,,,,1,19.391197711229324,0.006820548325777054,0.002410326385870576,0.007762771099805832,0.3551721476100761
2019-04-29,fold_5,2018 Vol-mageddon + Q4 sell-off,0.008854024112224579,1,-0.007778218016028404,-1,-0.007778218016028404,0.01966606907080859,,,,0,-77.78218016028404,0.006529824808239937,-0.005670021288096905,0.008854024112224579,-1.4927381154327648
2020-02-14,fold_6,COVID crash and V-recovery,0.0037373974919319153,1,0.00038334113196469843,1,0.00038334113196469843,0.00038334113196469843,,,,1,3.8334113196469843,-0.0014492534101009369,-0.058126457035541534,0.0037373974919319153,0.037054692594182814
2020-02-18,fold_6,COVID crash and V-recovery,0.0039734505116939545,1,0.009539753198623657,1,0.009539753198623657,0.009923094330588356,,,,1,95.39753198623657,-0.0015420038253068924,-0.0860784575343132,0.0039734505116939545,0.9273987048674636
2020-02-19,fold_6,COVID crash and V-recovery,0.0028388090431690216,1,-0.00932669173926115,-1,-0.00932669173926115,0.0005964025913272053,,,,0,-93.2669173926115,-0.002232631668448448,-0.09047750383615494,0.0028388090431690216,-0.8878382572068921
2020-02-20,fold_6,COVID crash and V-recovery,0.001049492508172989,1,-0.019396374002099037,-1,-0.019396374002099037,-0.018799971410771832,,,,0,-193.96374002099037,-0.0015046335756778717,-0.1325218379497528,0.001049492508172989,-1.8138145511056467
2020-02-21,fold_6,COVID crash and V-recovery,0.003090750426054001,1,-0.03932648524641991,-1,-0.03932648524641991,-0.05812645665719174,,,,0,-393.26485246419907,0.0059127043932676315,-0.1123478040099144,0.003090750426054001,-3.4145285841041195
2020-02-24,fold_6,COVID crash and V-recovery,0.004957783967256546,1,-0.02756866067647934,-1,-0.02756866067647934,-0.08569511733367108,,,,0,-275.6866067647934,0.01966521330177784,-0.022704971954226494,0.004957783967256546,-1.9188995714738115
2020-02-25,fold_6,COVID crash and V-recovery,0.0053520165383815765,1,0.005140705965459347,1,0.005140705965459347,-0.08055441136821173,,,,1,51.40705965459347,0.03950916975736618,-0.027729181572794914,0.0053520165383815765,0.3445345680463664
2020-02-26,fold_6,COVID crash and V-recovery,0.0071910470724105835,1,-0.051371023058891296,-1,-0.051371023058891296,-0.13192543442710303,,,,0,-513.710230588913,0.0287801381200552,0.008005531504750252,0.0071910470724105835,-3.5254205032207495
2020-02-27,fold_6,COVID crash and V-recovery,0.0115496926009655,1,0.0007776540005579591,1,0.0007776540005579591,-0.13114778042654507,,,,1,7.776540005579591,0.02627173252403736,0.02852322906255722,0.0115496926009655,0.041919228265831186
2020-02-28,fold_6,COVID crash and V-recovery,0.01184859499335289,1,0.05031634867191315,1,0.05031634867191315,-0.08083143175463192,,,,1,503.16348671913147,0.021767785772681236,0.010729601606726646,0.01184859499335289,2.714663724904528
2020-03-02,fold_6,COVID crash and V-recovery,0.009378857910633087,1,-0.03259287029504776,-1,-0.03259287029504776,-0.11342430204967968,,,,0,-325.9287029504776,0.010304925963282585,-0.11158188432455063,0.009378857910633087,-1.524033495503508
2020-03-03,fold_6,COVID crash and V-recovery,0.01034553349018097,1,0.04087541997432709,1,0.04087541997432709,-0.0725488820753526,,,,1,408.7541997432709,0.010209659114480019,-0.02596919983625412,0.01034553349018097,1.8294166450010205
2020-03-04,fold_6,COVID crash and V-recovery,0.009938418865203857,1,-0.03085332363843918,-1,-0.03085332363843918,-0.10340220571379177,,,,0,-308.5332363843918,0.0069844089448452,-0.11137661337852478,0.009938418865203857,-1.3071079771292768
2020-03-05,fold_6,COVID crash and V-recovery,0.009586639702320099,1,-0.01701597310602665,-1,-0.01701597310602665,-0.12041817881981842,,,,0,-170.1597310602665,0.004316806793212891,-0.17669427394866943,0.009586639702320099,-0.6922464338547529
2020-03-06,fold_6,COVID crash and V-recovery,0.009362347424030304,1,-0.07199513912200928,-1,-0.07199513912200928,-0.1924133179418277,,,,0,-719.9513912200928,0.007101705297827721,-0.07836981117725372,0.009362347424030304,-2.9031253955405036
2020-03-09,fold_6,COVID crash and V-recovery,0.010591290891170502,1,0.05301981791853905,1,0.05301981791853905,-0.13939350002328865,,,,1,530.1981791853905,0.0138318482786417,-0.13396690785884857,0.010591290891170502,1.7942068231919444
2020-03-10,fold_6,COVID crash and V-recovery,0.01052413135766983,1,-0.04453199356794357,-1,-0.04453199356794357,-0.18392549359123223,,,,0,-445.31993567943573,0.0132270697504282,-0.11388345062732697,0.01052413135766983,-1.4036184204922437
2020-03-11,fold_6,COVID crash and V-recovery,0.009297948330640793,1,-0.09617097675800323,-1,-0.09617097675800323,-0.28009647034923546,,,,0,-961.7097675800323,0.017081497237086296,-0.10023970156908035,0.009297948330640793,-2.892143262870561
2020-03-12,fold_6,COVID crash and V-recovery,0.011778093874454498,1,0.08130848407745361,1,0.08130848407745361,-0.19878798627178185,,,,1,813.0848407745361,0.022473415359854698,0.0019156171474605799,0.011778093874454498,2.0563200326309063
2020-03-13,fold_6,COVID crash and V-recovery,0.00926075130701065,1,-0.12759223580360413,-1,-0.12759223580360413,-0.326380222075386,,,,0,-1275.9223580360413,0.016663288697600365,-0.11935686320066452,0.00926075130701065,-2.9318428061847235
2020-03-16,fold_6,COVID crash and V-recovery,0.009916454553604126,1,0.07310327887535095,1,0.07310327887535095,-0.253276943200035,,,,1,731.0327887535095,0.016082344576716423,0.008956932462751865,0.009916454553604126,1.4049170246314153
2020-03-17,fold_6,COVID crash and V-recovery,0.00965297594666481,1,-0.03088824450969696,-1,-0.03088824450969696,-0.284165187709732,,,,0,-308.8824450969696,0.014936024323105812,0.01043920498341322,0.00965297594666481,-0.5663306840910367
2020-03-18,fold_6,COVID crash and V-recovery,0.009169261902570724,1,0.005984340328723192,1,0.005984340328723192,-0.2781808473810088,,,,1,59.84340328723192,0.010525090619921684,0.03389502316713333,0.009169261902570724,0.10893455432192647
2020-03-19,fold_6,COVID crash and V-recovery,0.008746437728404999,1,-0.03996399790048599,-1,-0.03996399790048599,-0.3181448452814948,,,,0,-399.6399790048599,0.009642506018280983,0.07923150807619095,0.008746437728404999,-0.7277839597663036
2020-03-20,fold_6,COVID crash and V-recovery,0.008777271956205368,1,0.0007215568330138922,1,0.0007215568330138922,-0.3174232884484809,,,,1,7.215568330138922,0.010364515706896782,0.08419716358184814,0.008777271956205368,0.013009237616722924
2020-03-23,fold_6,COVID crash and V-recovery,0.009814854711294174,1,0.07458554953336716,1,0.07458554953336716,-0.24283773891511373,,,,1,745.8554953336716,0.01017637737095356,0.11920323222875595,0.009814854711294174,1.3619532583716727
2020-03-24,fold_6,COVID crash and V-recovery,0.00795850157737732,1,-0.007432425860315561,-1,-0.007432425860315561,-0.2502701647754293,,,,0,-74.32425860315561,0.0077571142464876175,0.03604106232523918,0.00795850157737732,-0.13059038406955709
2020-03-25,fold_6,COVID crash and V-recovery,0.008717123419046402,1,0.05132082477211952,1,0.05132082477211952,-0.19894934000330977,,,,1,513.2082477211952,0.006188323721289635,5.4859290685271844e-05,0.008717123419046402,0.9015247831095355
2020-03-26,fold_6,COVID crash and V-recovery,0.007638894021511078,1,-0.034998346120119095,-1,-0.034998346120119095,-0.23394768612342887,,,,0,-349.98346120119095,0.0023937001824378967,-0.031174037605524063,0.007638894021511078,-0.6148211832518793
2020-03-27,fold_6,COVID crash and V-recovery,0.007473055273294449,1,0.03572762385010719,1,0.03572762385010719,-0.19822006227332167,,,,1,357.27623850107193,0.0014887955039739609,-0.010470139794051647,0.007473055273294449,0.6217869710557287
2020-03-30,fold_6,COVID crash and V-recovery,0.007470492273569107,1,-0.008576614782214165,-1,-0.008576614782214165,-0.20679667705553584,,,,0,-85.76614782214165,0.00022668391466140747,0.02285684272646904,0.007470492273569107,-0.15070272679850347
2020-03-31,fold_6,COVID crash and V-recovery,0.007260814309120178,1,-0.043418630957603455,-1,-0.043418630957603455,-0.2502153080131393,,,,0,-434.18630957603455,0.001062477007508278,0.031026244163513184,0.007260814309120178,-0.7688141008966403
2020-04-01,fold_6,COVID crash and V-recovery,0.007547661662101746,1,0.02009192667901516,1,0.02009192667901516,-0.23012338133412413,,,,1,200.9192667901516,0.002756817266345024,0.09545475989580154,0.007547661662101746,0.355171613440864
2020-04-02,fold_6,COVID crash and V-recovery,0.006050176918506622,1,-0.014294445514678955,-1,-0.014294445514678955,-0.2444178268488031,,,,0,-142.94445514678955,0.0014949776232242584,0.07680775225162506,0.006050176918506622,-0.25377689003712767
2020-04-03,fold_6,COVID crash and V-recovery,0.006820928305387497,1,0.06905461102724075,1,0.06905461102724075,-0.17536321582156233,,,,1,690.5461102724075,-0.0006483420729637146,0.10184760391712189,0.006820928305387497,1.2267871397796892
2020-04-06,fold_6,COVID crash and V-recovery,0.0041121430695056915,1,-0.00040721436380408704,-1,-0.00040721436380408704,-0.17577043018536642,,,,0,-4.07214363804087,-0.006588790565729141,0.07536505907773972,0.0041121430695056915,-0.007258143756962585
2020-04-07,fold_6,COVID crash and V-recovery,0.004168909043073654,1,0.021009888499975204,1,0.021009888499975204,-0.15476054168539122,,,,1,210.09888499975204,-0.008712898008525372,0.0642361268401146,0.004168909043073654,0.38312905774086525
2020-04-08,fold_6,COVID crash and V-recovery,0.0022796951234340668,1,0.0014449184527620673,1,0.0014449184527620673,-0.15331562323262915,,,,1,14.449184527620673,-0.01491373497992754,0.06130203232169151,0.0022796951234340668,0.026693376605347516
2020-04-09,fold_6,COVID crash and V-recovery,0.003376886248588562,1,0.010745402425527573,1,0.010745402425527573,-0.14257022080710158,,,,1,107.45402425527573,-0.015172707848250866,0.0693778470158577,0.003376886248588562,0.2163080765123416
2020-04-13,fold_6,COVID crash and V-recovery,0.0052001141011714935,1,0.04257206618785858,1,0.04257206618785858,-0.099998154619243,,,,1,425.7206618785858,-0.01475059986114502,0.046717315912246704,0.0052001141011714935,0.9196391109077393
2020-04-14,fold_6,COVID crash and V-recovery,0.004989501088857651,1,-0.011536145582795143,-1,-0.011536145582795143,-0.11153430020203814,,,,0,-115.36145582795143,-0.013811460696160793,-0.03345223888754845,0.004989501088857651,-0.3061814340177442
2020-04-15,fold_6,COVID crash and V-recovery,0.005170468240976334,1,0.018075792118906975,1,0.018075792118906975,-0.09345850808313116,,,,1,180.75792118906975,-0.01589542254805565,0.007326609455049038,0.005170468240976334,0.5309427510377467
2020-04-16,fold_6,COVID crash and V-recovery,0.0031631886959075928,1,0.00952073186635971,1,0.00952073186635971,-0.08393777621677145,,,,1,95.2073186635971,-0.01759633608162403,-0.012884554453194141,0.0031631886959075928,0.28351655070026416
2020-04-17,fold_6,COVID crash and V-recovery,0.0011617913842201233,1,-0.011915127746760845,-1,-0.011915127746760845,-0.0958529039635323,,,,0,-119.15127746760845,-0.025146039202809334,-0.006757906638085842,0.0011617913842201233,-0.35438838311293325
2020-04-20,fold_6,COVID crash and V-recovery,0.0011985190212726593,1,-0.03759749233722687,-1,-0.03759749233722687,-0.13345039630075917,,,,0,-375.9749233722687,-0.0230100154876709,0.013168531470000744,0.0011985190212726593,-1.156075156829076
2020-04-21,fold_6,COVID crash and V-recovery,0.0011378191411495209,1,0.029242703691124916,1,0.029242703691124916,-0.10420769260963425,,,,1,292.42703691124916,-0.018762249499559402,0.031751591712236404,0.0011378191411495209,0.8705687119503405
2020-04-22,fold_6,COVID crash and V-recovery,0.002055630087852478,1,-0.002135372254997492,-1,-0.002135372254997492,-0.10634306486463174,,,,0,-21.35372254997492,-0.025506949052214622,0.03735563904047012,0.002055630087852478,-0.07146079430570496
2020-04-23,fold_6,COVID crash and V-recovery,0.002981521189212799,1,0.01564737968146801,1,0.01564737968146801,-0.09069568518316373,,,,1,156.4737968146801,-0.03092455118894577,0.03907999396324158,0.002981521189212799,0.524388295378778
2020-04-24,fold_6,COVID crash and V-recovery,0.00047095492482185364,1,0.00801131036132574,1,0.00801131036132574,-0.08268437482183799,,,,1,80.11310361325741,-0.03133983910083771,-0.005157221108675003,0.00047095492482185364,0.28853254756205166
2020-04-27,fold_6,COVID crash and V-recovery,-0.0014838464558124542,-1,-0.019014431163668633,-1,0.019014431163668633,-0.06366994365816936,,,,1,190.14431163668633,-0.037284158170223236,-0.0015784892020747066,-0.0014838464558124542,-0.7121462546267044
2020-04-28,fold_6,COVID crash and V-recovery,-0.005205173045396805,-1,0.034846752882003784,1,-0.034846752882003784,-0.09851669654017314,,,,0,-348.46752882003784,-0.038537342101335526,0.02870927006006241,-0.005205173045396805,1.349116258860208
2020-04-29,fold_6,COVID crash and V-recovery,-0.004229426383972168,-1,-0.00041101736132986844,-1,0.00041101736132986844,-0.09810567917884327,,,,1,4.110173613298684,-0.03669080510735512,0.0,-0.004229426383972168,-0.015273329603258962
2020-04-30,fold_6,COVID crash and V-recovery,-0.0037364326417446136,-1,-0.02858983725309372,-1,0.02858983725309372,-0.06951584192574956,,,,1,285.8983725309372,-0.042108312249183655,0.013205603696405888,-0.0037364326417446136,-1.139100475499464
2020-05-01,fold_6,COVID crash and V-recovery,-0.0019245706498622894,-1,0.011590042151510715,1,-0.011590042151510715,-0.08110588407726027,,,,0,-115.90042151510715,-0.022751783952116966,0.05540729686617851,-0.0019245706498622894,0.454380527434365
2020-05-04,fold_6,COVID crash and V-recovery,-0.0028894878923892975,-1,0.011273329146206379,1,-0.011273329146206379,-0.09237921322346665,,,,0,-112.73329146206379,-0.021488718688488007,0.05271638184785843,-0.0028894878923892975,0.4431575926811178
2020-05-05,fold_6,COVID crash and V-recovery,-0.004389911890029907,-1,0.006137482821941376,1,-0.006137482821941376,-0.09851669604540803,,,,0,-61.37482821941376,-0.01873307302594185,0.020283684134483337,-0.004389911890029907,0.3012582525123526
2020-05-06,fold_6,COVID crash and V-recovery,-0.002362295985221863,-1,0.012794585898518562,1,-0.012794585898518562,-0.11131128194392659,,,,0,-127.94585898518562,-0.003947410732507706,0.0015512654790654778,-0.002362295985221863,0.6266082108417178
2020-05-07,fold_6,COVID crash and V-recovery,0.0008457936346530914,1,0.013611855916678905,1,0.013611855916678905,-0.09769942602724768,,,,1,136.11855916678905,-0.006143184378743172,4.5156863052397966e-05,0.0008457936346530914,0.6780198336118983
2020-05-08,fold_6,COVID crash and V-recovery,0.0024495087563991547,1,0.008899128064513206,1,0.008899128064513206,-0.08880029796273448,,,,1,88.99128064513206,-0.012596938759088516,-0.007096275221556425,0.0024495087563991547,0.4383214928755762
2020-05-11,fold_6,COVID crash and V-recovery,0.003531448543071747,1,-0.021159369498491287,-1,-0.021159369498491287,-0.10995966746122576,,,,0,-211.59369498491287,-0.003591218963265419,0.002465191762894392,0.003531448543071747,-1.0444928112474263
2020-05-12,fold_6,COVID crash and V-recovery,0.004015039652585983,1,-0.012594935484230518,-1,-0.012594935484230518,-0.12255460294545628,,,,0,-125.94935484230518,-0.002312850207090378,0.021115215495228767,0.004015039652585983,-0.6809020398622824
2020-05-13,fold_6,COVID crash and V-recovery,-0.0002698078751564026,-1,0.011288478039205074,1,-0.011288478039205074,-0.13384308098466136,,,,0,-112.88478039205074,0.016703223809599876,0.053481537848711014,-0.0002698078751564026,0.6091367844048735
2020-05-14,fold_6,COVID crash and V-recovery,0.0023505687713623047,1,0.006470423191785812,1,0.006470423191785812,-0.12737265779287554,,,,1,64.70423191785812,0.0291066262871027,0.031242623925209045,0.0023505687713623047,0.3543286206546096
2020-05-15,fold_6,COVID crash and V-recovery,0.0028151869773864746,1,0.018460595980286598,1,0.018460595980286598,-0.10891206181258895,,,,1,184.60595980286598,0.03563348948955536,0.028218109160661697,0.0028151869773864746,1.0146429521600169
2020-05-18,fold_6,COVID crash and V-recovery,-0.0032822825014591217,-1,-0.002509345533326268,-1,0.002509345533326268,-0.10640271627926268,,,,1,25.093455333262682,-0.00691855326294899,0.0070541235618293285,-0.0032822825014591217,-0.1358947902996018
2020-05-19,fold_6,COVID crash and V-recovery,-0.0006555728614330292,-1,0.019771385937929153,1,-0.019771385937929153,-0.12617410221719183,,,,0,-197.71385937929153,-0.01359740924090147,0.015006253495812416,-0.0006555728614330292,1.2019011447599568
2020-05-20,fold_6,COVID crash and V-recovery,-0.0009416528046131134,-1,-0.010950435884296894,-1,0.010950435884296894,-0.11522366633289494,,,,1,109.50435884296894,-0.03456846624612808,-0.006068696733564138,-0.0009416528046131134,-0.6962042515893885
2020-05-21,fold_6,COVID crash and V-recovery,-0.000769641250371933,-1,0.003445908660069108,1,-0.003445908660069108,-0.11866957499296404,,,,0,-34.45908660069108,-0.037852898240089417,0.01942809484899044,-0.000769641250371933,0.21657318928388547
2020-05-22,fold_6,COVID crash and V-recovery,0.0007621534168720245,1,-0.0027033903170377016,-1,-0.0027033903170377016,-0.12137296531000175,,,,0,-27.033903170377016,-0.01695561781525612,0.018977487459778786,0.0007621534168720245,-0.17395546199459244
2020-05-26,fold_6,COVID crash and V-recovery,-0.003972455859184265,-1,0.005442784167826176,1,-0.005442784167826176,-0.12681574947782792,,,,0,-54.42784167826176,-0.013957404531538486,0.028366241604089737,-0.003972455859184265,0.3523078665915714
2020-05-27,fold_6,COVID crash and V-recovery,-0.0006134770810604095,-1,-0.00130356359295547,-1,0.00130356359295547,-0.12551218588487245,,,,1,13.0356359295547,-0.010046287439763546,0.02741178125143051,-0.0006134770810604095,-0.08747495646310993
2020-05-28,fold_6,COVID crash and V-recovery,0.0027004219591617584,1,0.014546356163918972,1,0.014546356163918972,-0.11096582972095348,,,,1,145.46356163918972,5.77438622713089e-05,0.02167745679616928,0.0027004219591617584,1.144836825768415
2020-05-29,fold_6,COVID crash and V-recovery,0.009990174323320389,1,0.002995300805196166,1,0.002995300805196166,-0.10797052891575731,,,,1,29.95300805196166,-0.00504184328019619,0.026764295995235443,0.009990174323320389,0.22837949258839393
2020-06-01,fold_6,COVID crash and V-recovery,0.005650192499160767,1,0.006685362663120031,1,0.006685362663120031,-0.10128516625263728,,,,1,66.85362663120031,-0.00898799393326044,0.03149901330471039,0.005650192499160767,0.5827813231771511
2020-06-02,fold_6,COVID crash and V-recovery,0.0067938342690467834,1,0.004488324746489525,1,0.004488324746489525,-0.09679684150614776,,,,1,44.88324746489525,-0.012043420225381851,0.032032568007707596,0.0067938342690467834,0.3980972830499163
2020-06-03,fold_6,COVID crash and V-recovery,0.004822444170713425,1,-0.007037887815386057,-1,-0.007037887815386057,-0.10383472932153381,,,,0,-70.37887815386057,-0.013033407740294933,0.03947428986430168,0.004822444170713425,-0.6377926107384717
2020-06-04,fold_6,COVID crash and V-recovery,0.004729453474283218,1,0.01963319443166256,1,0.01963319443166256,-0.08420153488987125,,,,1,196.3319443166256,-0.011693019419908524,-0.0043064602650702,0.004729453474283218,1.7748960173917738
2020-06-05,fold_6,COVID crash and V-recovery,0.005194034427404404,1,0.00773001741617918,1,0.00773001741617918,-0.07647151747369207,,,,1,77.3001741617918,-0.012248062528669834,-0.016023224219679832,0.005194034427404404,0.6691537153486794
2020-06-08,fold_6,COVID crash and V-recovery,0.006064135581254959,1,0.007218916900455952,1,0.007218916900455952,-0.06925260057323612,,,,1,72.18916900455952,-0.011758394539356232,-0.011659504845738411,0.006064135581254959,0.6401453804806366
2020-06-09,fold_6,COVID crash and V-recovery,0.006105527281761169,1,0.01193004846572876,1,0.01193004846572876,-0.05732255210750736,,,,1,119.3004846572876,-0.00990927405655384,-0.0018512934911996126,0.006105527281761169,1.0635877806641232
2020-06-10,fold_6,COVID crash and V-recovery,0.004537660628557205,1,-0.050818637013435364,-1,-0.050818637013435364,-0.10814118912094273,,,,0,-508.18637013435364,-0.007114501670002937,-0.01061584148555994,0.004537660628557205,-4.833366497560921
2020-06-11,fold_6,COVID crash and V-recovery,0.00715000182390213,1,0.007916430942714214,1,0.007916430942714214,-0.10022475817822851,,,,1,79.16430942714214,0.002840433269739151,0.04290812090039253,0.00715000182390213,0.5200283997094477
2020-06-12,fold_6,COVID crash and V-recovery,0.008258100599050522,1,0.012093736790120602,1,0.012093736790120602,-0.08813102138810791,,,,1,120.93736790120602,0.00624513253569603,0.0348283015191555,0.008258100599050522,0.8000435567549711
2020-06-15,fold_6,COVID crash and V-recovery,0.005290031433105469,1,0.017027128487825394,1,0.017027128487825394,-0.07110389290028252,,,,1,170.27128487825394,0.006224885582923889,0.03465566039085388,0.005290031433105469,1.1137561430626872
2020-06-16,fold_6,COVID crash and V-recovery,0.006826173514127731,1,0.0031655009370297194,1,0.0031655009370297194,-0.0679383919632528,,,,1,31.655009370297194,0.0033124536275863647,0.026103550568223,0.006826173514127731,0.20819354101787516
2020-06-17,fold_6,COVID crash and V-recovery,0.00870874896645546,1,0.002705324674025178,1,0.002705324674025178,-0.06523306728922762,,,,1,27.05324674025178,0.009199211373925209,0.002107067499309778,0.00870874896645546,0.1778563538394904
2020-06-18,fold_6,COVID crash and V-recovery,0.011017285287380219,1,-0.00016339019930455834,-1,-0.00016339019930455834,-0.06539645748853218,,,,0,-1.6339019930455834,0.005923507735133171,0.008876042440533638,0.011017285287380219,-0.011216744710318296
2020-06-19,fold_6,COVID crash and V-recovery,0.008600078523159027,1,0.01192109752446413,1,0.01192109752446413,-0.05347535996406805,,,,1,119.2109752446413,0.010873643681406975,-0.01485886238515377,0.008600078523159027,0.8301943175953945
2020-06-22,fold_6,COVID crash and V-recovery,0.011381059885025024,1,0.008475018665194511,1,0.008475018665194511,-0.045000341298873536,,,,1,84.75018665194511,0.033061325550079346,-0.01593226008117199,0.011381059885025024,0.5811019860795387
2020-06-23,fold_6,COVID crash and V-recovery,0.000939931720495224,1,-0.02083098329603672,-1,-0.02083098329603672,-0.06583132459491026,,,,0,-208.3098329603672,0.030009998008608818,-0.004995599389076233,0.000939931720495224,-1.4175974704980616
2020-06-24,fold_6,COVID crash and V-recovery,0.010961230844259262,1,0.009474299848079681,1,0.009474299848079681,-0.056357024746830575,,,,1,94.74299848079681,0.07783686369657516,0.02743980661034584,0.010961230844259262,0.6165341995312399
2020-06-25,fold_6,COVID crash and V-recovery,0.019062187522649765,1,-0.023898296058177948,-1,-0.023898296058177948,-0.08025532080500852,,,,0,-238.98296058177948,0.054104484617710114,0.02472933940589428,0.019062187522649765,-1.5408676806680528
2020-06-26,fold_6,COVID crash and V-recovery,0.017143987119197845,1,0.010847700759768486,1,0.010847700759768486,-0.06940762004524004,,,,1,108.47700759768486,0.060598500072956085,0.07291491329669952,0.017143987119197845,0.6746617427209867
2020-06-29,fold_6,COVID crash and V-recovery,0.00904114916920662,1,0.01941167749464512,1,0.01941167749464512,-0.04999594255059492,,,,1,194.1167749464512,0.033616743981838226,0.05515451729297638,0.00904114916920662,1.1947957833765366
2020-06-30,fold_6,COVID crash and V-recovery,0.0070767514407634735,1,0.011604422703385353,1,0.011604422703385353,-0.038391519847209565,,,,1,116.04422703385353,0.020118767395615578,0.048828642815351486,0.0070767514407634735,0.692796584541074
2020-07-01,fold_6,COVID crash and V-recovery,0.003564111888408661,1,0.00676383264362812,1,0.00676383264362812,-0.031627687203581445,,,,1,67.6383264362812,0.003789100795984268,0.04561207443475723,0.003564111888408661,0.39974959804786203
2020-07-02,fold_6,COVID crash and V-recovery,0.005997449159622192,1,0.024287275969982147,1,0.024287275969982147,-0.007340411233599298,,,,1,242.87275969982147,0.004896571859717369,0.04565257206559181,0.005997449159622192,1.4358778581058032
2020-07-06,fold_6,COVID crash and V-recovery,0.005091030150651932,1,-0.006912693381309509,-1,-0.006912693381309509,-0.014253104614908807,,,,0,-69.12693381309509,-0.004746606573462486,0.0005803222302347422,0.005091030150651932,-0.40157268428087856
2020-07-07,fold_6,COVID crash and V-recovery,-0.0006281472742557526,-1,0.01308580581098795,1,-0.01308580581098795,-0.027338910425896756,,,,0,-130.8580581098795,0.001851724460721016,0.014546205289661884,-0.0006281472742557526,0.760950319818398
2020-07-08,fold_6,COVID crash and V-recovery,0.003847029060125351,1,0.008387851528823376,1,0.008387851528823376,-0.01895105889707338,,,,1,83.87851528823376,0.021949438378214836,0.0034939206670969725,0.003847029060125351,0.4829213491086964
2020-07-09,fold_6,COVID crash and V-recovery,0.004648901522159576,1,0.006804332137107849,1,0.006804332137107849,-0.012146726759965532,,,,1,68.04332137107849,0.015852121636271477,-0.01173989288508892,0.004648901522159576,0.39410950525264227
2020-07-10,fold_6,COVID crash and V-recovery,0.006207343190908432,1,-0.020784974098205566,-1,-0.020784974098205566,-0.0329317008581711,,,,0,-207.84974098205566,0.01787636987864971,-0.017386941239237785,0.006207343190908432,-1.5882076019087286
2020-07-13,fold_6,COVID crash and V-recovery,0.005337174981832504,1,0.007053189445286989,1,0.007053189445286989,-0.02587851141288411,,,,1,70.53189445286989,0.0105100367218256,0.031374141573905945,0.005337174981832504,0.5120446139780346
2020-07-14,fold_6,COVID crash and V-recovery,0.00888669490814209,1,0.0020335218869149685,1,0.0020335218869149685,-0.02384498952596914,,,,1,20.335218869149685,0.00558648444712162,0.013845482841134071,0.00888669490814209,0.14954269287114882
2020-07-15,fold_6,COVID crash and V-recovery,0.004555530846118927,1,-0.006845961790531874,-1,-0.006845961790531874,-0.030690951316501014,,,,0,-68.45961790531874,-0.002331845462322235,0.01532869040966034,0.004555530846118927,-0.5241009812391734
2020-07-16,fold_6,COVID crash and V-recovery,0.004859793931245804,1,0.0011572843650355935,1,0.0011572843650355935,-0.02953366695146542,,,,1,11.572843650355935,-0.004023868590593338,-0.004292608238756657,0.004859793931245804,0.08812283189001813
2020-07-17,fold_6,COVID crash and V-recovery,0.005488548427820206,1,0.027976106852293015,1,0.027976106852293015,-0.001557560099172406,,,,1,279.76106852293015,-0.0002932753413915634,-0.01499137282371521,0.005488548427820206,2.132123708338193
2020-07-20,fold_6,COVID crash and V-recovery,0.005199108272790909,1,-0.010475467890501022,-1,-0.010475467890501022,-0.012033027989673428,,,,0,-104.75467890501022,-0.0073652006685733795,-0.025281477719545364,0.005199108272790909,-0.7206510227050099
2020-07-21,fold_6,COVID crash and V-recovery,0.001580856740474701,1,0.0035167301539331675,1,0.0035167301539331675,-0.00851629783574026,,,,1,35.167301539331675,-0.008152706548571587,-0.027612756937742233,0.001580856740474701,0.24286262614215368
2020-07-22,fold_6,COVID crash and V-recovery,0.005406804382801056,1,-0.026467259973287582,-1,-0.026467259973287582,-0.03498355780902784,,,,0,-264.6725997328758,-0.0028387922793626785,-0.019669238477945328,0.005406804382801056,-1.8409053843650716
2020-07-23,fold_6,COVID crash and V-recovery,0.006463039666414261,1,-0.009541480801999569,-1,-0.009541480801999569,-0.04452503861102741,,,,0,-95.41480801999569,-0.003943264484405518,0.012019885703921318,0.006463039666414261,-0.6432334964953011
2020-07-24,fold_6,COVID crash and V-recovery,0.0033921226859092712,1,0.01768600009381771,1,0.01768600009381771,-0.0268390385172097,,,,1,176.8600009381771,-0.004543520510196686,0.03924935311079025,0.0033921226859092712,1.1921186983156284
2020-07-27,fold_6,COVID crash and V-recovery,0.004632234573364258,1,-0.012806747108697891,-1,-0.012806747108697891,-0.03964578562590759,,,,0,-128.0674710869789,-0.004881596192717552,0.034980401396751404,0.004632234573364258,-0.8897363445671662
2020-07-28,fold_6,COVID crash and V-recovery,0.006833989173173904,1,0.011460249312222004,1,0.011460249312222004,-0.02818553631368559,,,,1,114.60249312222004,-0.0035961754620075226,0.05149209499359131,0.006833989173173904,0.7917747031445751
2020-07-29,fold_6,COVID crash and V-recovery,0.0006302408874034882,1,0.0052218628115952015,1,0.0052218628115952015,-0.022963673502090387,,,,1,52.218628115952015,-0.014215180650353432,0.042506542056798935,0.0006302408874034882,0.3718284970110825
2020-07-30,fold_6,COVID crash and V-recovery,0.0005953051149845123,1,0.01768798753619194,1,0.01768798753619194,-0.005275685965898447,,,,1,176.8798753619194,-0.019450366497039795,0.05044260248541832,0.0005953051149845123,1.2769965562045513
2020-07-31,fold_6,COVID crash and V-recovery,0.0029847249388694763,1,0.013417048379778862,1,0.013417048379778862,0.008141362413880415,,,,1,134.17048379778862,-0.019533557817339897,0.021145181730389595,0.0029847249388694763,0.9366016124301634
2020-08-03,fold_6,COVID crash and V-recovery,0.0015374645590782166,1,0.003704946953803301,1,0.003704946953803301,0.011846309367683716,,,,1,37.04946953803301,-0.01962571032345295,0.0034460306633263826,0.0015374645590782166,0.27259952974596996
2020-08-04,fold_6,COVID crash and V-recovery,0.0019047334790229797,1,0.0024746968410909176,1,0.0024746968410909176,0.014321006208774634,,,,1,24.746968410909176,-0.021225225180387497,-0.01938198134303093,0.0019047334790229797,0.18292635050540385
2020-08-05,fold_6,COVID crash and V-recovery,0.0013741552829742432,1,0.013157923705875874,1,0.013157923705875874,0.027478929914650507,,,,1,131.57923705875874,-0.011592570692300797,0.0029841316863894463,0.0013741552829742432,0.9953246352301299
2020-08-06,fold_6,COVID crash and V-recovery,0.004837892949581146,1,-0.011609433218836784,-1,-0.011609433218836784,0.015869496695813723,,,,0,-116.09433218836784,-0.007707627490162849,-0.00789579376578331,0.004837892949581146,-0.8655564505121134
2020-08-07,fold_6,COVID crash and V-recovery,0.003228951245546341,1,-0.004282103851437569,-1,-0.004282103851437569,0.011587392844376154,,,,0,-42.82103851437569,-0.0031835269182920456,0.002538258209824562,0.003228951245546341,-0.315403274167436
2020-08-10,fold_6,COVID crash and V-recovery,0.004703618586063385,1,-0.01912306621670723,-1,-0.01912306621670723,-0.007535673372331075,,,,0,-191.2306621670723,-0.0002305842936038971,0.018364673480391502,0.004703618586063385,-1.4949017218268141
2020-08-11,fold_6,COVID crash and V-recovery,0.005031608045101166,1,0.024840809404850006,1,0.024840809404850006,0.01730513603251893,,,,1,248.40809404850006,0.001443617045879364,0.04706699773669243,0.005031608045101166,1.854425462059186
2020-08-12,fold_6,COVID crash and V-recovery,0.0041922517120838165,1,0.002277998486533761,1,0.002277998486533761,0.019583134519052692,,,,1,22.77998486533761,-0.006964519619941711,0.015475744381546974,0.0041922517120838165,0.1571654526123982
2020-08-13,fold_6,COVID crash and V-recovery,0.0029013678431510925,1,-0.0011753810103982687,-1,-0.0011753810103982687,0.018407753508654423,,,,0,-11.753810103982687,-0.00563596747815609,0.026974011212587357,0.0029013678431510925,-0.08149801908205123
2020-08-14,fold_6,COVID crash and V-recovery,0.004769913852214813,1,0.011544312350451946,1,0.011544312350451946,0.02995206585910637,,,,1,115.44312350451946,-0.008191460743546486,0.03505614399909973,0.004769913852214813,0.8004500661944717
2020-08-17,fold_6,COVID crash and V-recovery,0.0032077431678771973,1,0.009579257108271122,1,0.009579257108271122,0.03953132296737749,,,,1,95.79257108271122,-0.011927112936973572,0.029736364260315895,0.0032077431678771973,0.7230246261558297
2020-08-18,fold_6,COVID crash and V-recovery,0.003274194896221161,1,-0.006750442553311586,-1,-0.006750442553311586,0.032780880414065905,,,,0,-67.50442553311586,-0.014843510463833809,0.027988793328404427,0.003274194896221161,-0.510820204822413
2020-08-19,fold_6,COVID crash and V-recovery,0.0030211247503757477,1,0.013776266016066074,1,0.013776266016066074,0.04655714643013198,,,,1,137.76266016066074,-0.007441079244017601,0.05585353076457977,0.0030211247503757477,1.037559246659717
2020-08-20,fold_6,COVID crash and V-recovery,0.0020093508064746857,1,0.0069067515432834625,1,0.0069067515432834625,0.05346389797341544,,,,1,69.06751543283463,-0.009634462185204029,0.038955897092819214,0.0020093508064746857,0.5625156236933915
2020-08-21,fold_6,COVID crash and V-recovery,0.004490777850151062,1,0.006224532146006823,1,0.006224532146006823,0.059688430119422264,,,,1,62.245321460068226,-0.004696059972047806,0.0371214896440506,0.004490777850151062,0.5106356876868382
2020-08-24,fold_6,COVID crash and V-recovery,0.0036765262484550476,1,0.007831685245037079,1,0.007831685245037079,0.06752011536445934,,,,1,78.31685245037079,0.0016927625983953476,0.038897957652807236,0.0036765262484550476,0.6743238686894301
2020-08-25,fold_6,COVID crash and V-recovery,0.0024537332355976105,1,0.021114297211170197,1,0.021114297211170197,0.08863441257562954,,,,1,211.14297211170197,-0.0016635172069072723,0.04801339656114578,0.0024537332355976105,1.8535998038712649
2020-08-26,fold_6,COVID crash and V-recovery,0.003168337047100067,1,-0.003121370915323496,-1,-0.003121370915323496,0.08551304166030604,,,,0,-31.21370915323496,-0.0013854708522558212,0.036324240267276764,0.003168337047100067,-0.2587895593319744
2020-08-27,fold_6,COVID crash and V-recovery,0.00501483678817749,1,0.005072346422821283,1,0.005072346422821283,0.09058538808312733,,,,1,50.72346422821283,0.0018553510308265686,-0.012585151940584183,0.00501483678817749,0.42181512853870085
2020-08-28,fold_6,COVID crash and V-recovery,0.0059275999665260315,1,0.008001000620424747,1,0.008001000620424747,0.09858638870355207,,,,1,80.01000620424747,-0.0006956662982702255,-0.03107313998043537,0.0059275999665260315,0.7010740917333799
2020-08-31,fold_6,COVID crash and V-recovery,0.005186062306165695,1,0.016947124153375626,1,0.016947124153375626,0.1155335128569277,,,,1,169.47124153375626,0.0032859575003385544,-0.08833174407482147,0.005186062306165695,1.519174036231336
2020-09-01,fold_6,COVID crash and V-recovery,0.0046186260879039764,1,0.009425140917301178,1,0.009425140917301178,0.12495865377422888,,,,1,94.25140917301178,0.0035714004188776016,-0.07632622867822647,0.0046186260879039764,0.8019761973282619
2020-09-02,fold_6,COVID crash and V-recovery,0.003857165575027466,1,-0.052030764520168304,-1,-0.052030764520168304,0.07292788925406057,,,,0,-520.307645201683,0.0023413989692926407,-0.10588965564966202,0.003857165575027466,-4.362421233254415
2020-09-03,fold_6,COVID crash and V-recovery,0.007044114172458649,1,-0.013415642082691193,-1,-0.013415642082691193,0.05951224717136938,,,,0,-134.15642082691193,0.010389337316155434,-0.0608224980533123,0.007044114172458649,-0.8180304219831065
2020-09-04,fold_6,COVID crash and V-recovery,0.00681043416261673,1,-0.04925760254263878,-1,-0.04925760254263878,0.010254644628730603,,,,0,-492.5760254263878,0.009338269010186195,-0.03014158084988594,0.00681043416261673,-2.99098501352186
2020-09-08,fold_6,COVID crash and V-recovery,0.006896723061800003,1,0.028952637687325478,1,0.028952637687325478,0.03920728231605608,,,,1,289.5263768732548,0.018410010263323784,0.033189885318279266,0.006896723061800003,1.4630448928429223
2020-09-09,fold_6,COVID crash and V-recovery,0.008507229387760162,1,-0.020138287916779518,-1,-0.020138287916779518,0.019068994399276562,,,,0,-201.38287916779518,0.014250768348574638,-0.011837474070489407,0.008507229387760162,-0.9882583616877233
2020-09-10,fold_6,COVID crash and V-recovery,0.003514431416988373,1,-0.006963605526834726,-1,-0.006963605526834726,0.012105388872441836,,,,0,-69.63605526834726,0.010324573144316673,-0.007444728631526232,0.003514431416988373,-0.3461658618806676
2020-09-11,fold_6,COVID crash and V-recovery,0.006990659981966019,1,0.017265276983380318,1,0.017265276983380318,0.029370665855822153,,,,1,172.65276983380318,0.005790643393993378,-0.01332566887140274,0.006990659981966019,0.8559825585801524
2020-09-14,fold_6,COVID crash and V-recovery,0.0038255713880062103,1,0.014073864556849003,1,0.014073864556849003,0.043444530412671156,,,,1,140.73864556849003,-0.006798660382628441,-0.028195757418870926,0.0038255713880062103,0.6853734804594767
2020-09-15,fold_6,COVID crash and V-recovery,0.008429665118455887,1,-0.01607472263276577,-1,-0.01607472263276577,0.027369807779905386,,,,0,-160.7472263276577,-0.006468597799539566,-0.023861397057771683,0.008429665118455887,-0.7798215646588044
2020-09-16,fold_6,COVID crash and V-recovery,0.005544167011976242,1,-0.01574554108083248,-1,-0.01574554108083248,0.011624266699072905,,,,0,-157.4554108083248,-0.0029120687395334244,-0.03879699110984802,0.005544167011976242,-0.7564717033725888
2020-09-17,fold_6,COVID crash and V-recovery,0.006442602723836899,1,-0.01284454483538866,-1,-0.01284454483538866,-0.0012202781363157555,,,,0,-128.4454483538866,-0.0036640074104070663,-0.018405728042125702,0.006442602723836899,-0.6100156525437823
2020-09-18,fold_6,COVID crash and V-recovery,0.005994375795125961,1,0.0023951882030814886,1,0.0023951882030814886,0.001174910066765733,,,,1,23.951882030814886,-0.0013416055589914322,0.017421115189790726,0.005994375795125961,0.11391217076698176
2020-09-21,fold_6,COVID crash and V-recovery,0.007357493042945862,1,0.01840822398662567,1,0.01840822398662567,0.019583134053391404,,,,1,184.0822398662567,0.005509262904524803,0.035582274198532104,0.007357493042945862,0.8775572328014063
2020-09-22,fold_6,COVID crash and V-recovery,0.008126456290483475,1,-0.03101031668484211,-1,-0.03101031668484211,-0.011427182631450705,,,,0,-310.1031668484211,0.00850960798561573,0.012654685415327549,0.008126456290483475,-1.4537438731940597
2020-09-23,fold_6,COVID crash and V-recovery,0.007958505302667618,1,0.0046457210555672646,1,0.0046457210555672646,-0.006781461575883441,,,,1,46.457210555672646,0.01546415500342846,0.050490401685237885,0.007958505302667618,0.20775431739486164
2020-09-24,fold_6,COVID crash and V-recovery,0.009431052953004837,1,0.022982297465205193,1,0.022982297465205193,0.016200835889321752,,,,1,229.82297465205193,0.016252195462584496,0.061592526733875275,0.009431052953004837,1.0502742819316198
2020-09-25,fold_6,COVID crash and V-recovery,0.008154097944498062,1,0.02055634744465351,1,0.02055634744465351,0.03675718333397526,,,,1,205.5634744465351,0.013489043340086937,0.010075737722218037,0.008154097944498062,0.9149699726863618
2020-09-28,fold_6,COVID crash and V-recovery,0.0089377760887146,1,-0.004519365727901459,-1,-0.004519365727901459,0.032237817606073804,,,,0,-45.19365727901459,0.013299280777573586,0.010621445253491402,0.0089377760887146,-0.1973176015235255
2020-09-29,fold_6,COVID crash and V-recovery,0.009122587740421295,1,0.0068253991194069386,1,0.0068253991194069386,0.03906321672548074,,,,1,68.25399119406939,0.012262808158993721,-0.002867152215912938,0.009122587740421295,0.298621087736763
2020-09-30,fold_6,COVID crash and V-recovery,0.009196005761623383,1,0.01574784703552723,1,0.01574784703552723,0.05481106376100797,,,,1,157.4784703552723,0.007404481992125511,0.007458656560629606,0.009196005761623383,0.697064423708603
2020-10-01,fold_6,COVID crash and V-recovery,0.008560769259929657,1,-0.02853449247777462,-1,-0.02853449247777462,0.026276571283233352,,,,0,-285.3449247777462,0.008284581825137138,-0.0029803828801959753,0.008560769259929657,-1.2533205081188008
2020-10-02,fold_6,COVID crash and V-recovery,0.009700052440166473,1,0.02110205590724945,1,0.02110205590724945,0.0473786271904828,,,,1,211.0205590724945,0.010774089023470879,0.04071858525276184,0.009700052440166473,1.0251783952435474
2020-10-05,fold_6,COVID crash and V-recovery,0.008710052818059921,1,-0.01800796203315258,-1,-0.01800796203315258,0.029370665157330222,,,,0,-180.0796203315258,0.009799716994166374,0.0500197559595108,0.008710052818059921,-0.8614788499208522
2020-10-06,fold_6,COVID crash and V-recovery,0.009132150560617447,1,0.017151206731796265,1,0.017151206731796265,0.04652187188912649,,,,1,171.51206731796265,0.014289846643805504,0.06799398362636566,0.009132150560617447,0.9414975943994984
2020-10-07,fold_6,COVID crash and V-recovery,0.010971345007419586,1,0.005308808758854866,1,0.005308808758854866,0.05183068064798135,,,,1,53.08808758854866,0.013343727216124535,0.0424555167555809,0.010971345007419586,0.30415484714686564
2020-10-08,fold_6,COVID crash and V-recovery,0.012196902185678482,1,0.015164476819336414,1,0.015164476819336414,0.06699515746731777,,,,1,151.64476819336414,0.011940503492951393,0.03041280247271061,0.012196902185678482,0.8970329885777675
2020-10-09,fold_6,COVID crash and V-recovery,0.011097051203250885,1,0.030403228476643562,1,0.030403228476643562,0.09739838594396133,,,,1,304.0322847664356,-0.005575403571128845,0.009752639569342136,0.011097051203250885,1.770571887040376
2020-10-12,fold_6,COVID crash and V-recovery,0.009468916803598404,1,-3.373719300725497e-05,-1,-3.373719300725497e-05,0.09736464875095407,,,,0,-0.33737193007254973,-0.009500800631940365,-0.037110790610313416,0.009468916803598404,-0.0018680407759308338
2020-10-13,fold_6,COVID crash and V-recovery,0.009368177503347397,1,-0.00838725920766592,-1,-0.00838725920766592,0.08897738954328815,,,,0,-83.8725920766592,-0.014138195663690567,-0.03492961823940277,0.009368177503347397,-0.4716208204510821
2020-10-14,fold_6,COVID crash and V-recovery,0.006381560117006302,1,-0.006733904592692852,-1,-0.006733904592692852,0.0822434849505953,,,,0,-67.33904592692852,-0.0046993885189294815,-0.0273162629455328,0.006381560117006302,-0.38440893439136203
2020-10-15,fold_6,COVID crash and V-recovery,0.00833519920706749,1,-0.005495686549693346,-1,-0.005495686549693346,0.07674779840090196,,,,0,-54.95686549693346,0.0029354095458984375,-0.020617766305804253,0.00833519920706749,-0.31903396928304123
2020-10-16,fold_6,COVID crash and V-recovery,0.006010565906763077,1,-0.016460204496979713,-1,-0.016460204496979713,0.06028759390392224,,,,0,-164.60204496979713,-0.002759745344519615,-0.013153640553355217,0.006010565906763077,-0.9665816644113905
2020-10-19,fold_6,COVID crash and V-recovery,0.0045899078249931335,1,0.002147437771782279,1,0.002147437771782279,0.06243503167570452,,,,1,21.47437771782279,0.005898643285036087,-0.011803005822002888,0.0045899078249931335,0.12331480174769346
2020-10-20,fold_6,COVID crash and V-recovery,0.008794888854026794,1,-0.0007739050779491663,-1,-0.0007739050779491663,0.061661126597755356,,,,0,-7.739050779491663,0.004783352836966515,-0.006172140594571829,0.008794888854026794,-0.04571847515718098
2020-10-21,fold_6,COVID crash and V-recovery,0.006095007061958313,1,-3.5408695111982524e-05,-1,-3.5408695111982524e-05,0.06162571790264337,,,,0,-0.35408695111982524,0.0009748861193656921,-0.045165520161390305,0.006095007061958313,-0.0022928343745738243
2020-10-22,fold_6,COVID crash and V-recovery,0.0066731832921504974,1,0.001968440366908908,1,0.001968440366908908,0.06359415826955228,,,,1,19.68440366908908,-0.007992127910256386,-0.02779475226998329,0.0066731832921504974,0.12775259426091953
2020-10-23,fold_6,COVID crash and V-recovery,0.003954172134399414,1,-0.015109569765627384,-1,-0.015109569765627384,0.0484845885039249,,,,0,-151.09569765627384,-0.016628164798021317,-0.055452797561883926,0.003954172134399414,-1.039698635608039
2020-10-26,fold_6,COVID crash and V-recovery,-0.00177668035030365,-1,0.007778302300721407,1,-0.007778302300721407,0.04070628620320349,,,,0,-77.78302300721407,-0.011285953223705292,-0.03811882436275482,-0.00177668035030365,0.5479790991713467
2020-10-27,fold_6,COVID crash and V-recovery,0.00567791610956192,1,-0.03976728767156601,-1,-0.03976728767156601,0.0009389985316374805,,,,0,-397.6728767156601,0.002994537353515625,-0.028747210279107094,0.00567791610956192,-2.787764890068613
2020-10-28,fold_6,COVID crash and V-recovery,0.010635048151016235,1,0.01733536086976528,1,0.01733536086976528,0.018274359401402762,,,,1,173.35360869765282,0.02277630753815174,0.054690517485141754,0.010635048151016235,1.0355589815970991
2020-10-29,fold_6,COVID crash and V-recovery,0.011433210223913193,1,-0.025689605623483658,-1,-0.025689605623483658,-0.007415246222080896,,,,0,-256.8960562348366,0.02305666171014309,0.06309220939874649,0.011433210223913193,-1.5274747106782163
2020-10-30,fold_6,COVID crash and V-recovery,0.010219123214483261,1,0.0022244045976549387,1,0.0022244045976549387,-0.005190841624425957,,,,1,22.244045976549387,0.01886218599975109,0.08952881395816803,0.010219123214483261,0.13410157396693856
2020-11-02,fold_6,COVID crash and V-recovery,0.011885017156600952,1,0.017149915918707848,1,0.017149915918707848,0.01195907429428189,,,,1,171.49915918707848,0.01407618261873722,0.06665904819965363,0.011885017156600952,1.0779367386887289
2020-11-03,fold_6,COVID crash and V-recovery,0.009535446763038635,1,0.04367043823003769,1,0.04367043823003769,0.05562951252431958,,,,1,436.7043823003769,0.007096515968441963,0.031432218849658966,0.009535446763038635,2.75306621443569
2020-11-04,fold_6,COVID crash and V-recovery,0.009565748274326324,1,0.025737054646015167,1,0.025737054646015167,0.08136656717033475,,,,1,257.3705464601517,-0.0029032286256551743,0.009885048493742943,0.009565748274326324,1.4119405213839278
2020-11-05,fold_6,COVID crash and V-recovery,0.006057765334844589,1,0.0007469941047020257,1,0.0007469941047020257,0.08211356127503677,,,,1,7.4699410470202565,-0.00607394240796566,-0.020557139068841934,0.006057765334844589,0.03915442701452015
2020-11-06,fold_6,COVID crash and V-recovery,0.006487216800451279,1,-0.02064535580575466,-1,-0.02064535580575466,0.06146820546928211,,,,0,-206.45355805754662,-0.0062237754464149475,-0.012569820508360863,0.006487216800451279,-1.099611526163606
2020-11-09,fold_6,COVID crash and V-recovery,0.004291847348213196,1,-0.01807691529393196,-1,-0.01807691529393196,0.04339129017535015,,,,0,-180.7691529393196,-0.00404951348900795,0.015848102048039436,0.004291847348213196,-0.9987407535989247
2020-11-10,fold_6,COVID crash and V-recovery,0.006869785487651825,1,0.022123269736766815,1,0.022123269736766815,0.06551455991211697,,,,1,221.23269736766815,0.0012933220714330673,0.030747581273317337,0.006869785487651825,1.1929141000624843
2020-11-11,fold_6,COVID crash and V-recovery,0.00906207412481308,1,-0.0047051324509084225,-1,-0.0047051324509084225,0.06080942746120854,,,,0,-47.051324509084225,0.001283884048461914,0.0012066756607964635,0.00906207412481308,-0.24631408484931272
2020-11-12,fold_6,COVID crash and V-recovery,0.010734457522630692,1,0.00873431283980608,1,0.00873431283980608,0.06954374030101462,,,,1,87.3431283980608,0.006632734090089798,0.013706258498132229,0.010734457522630692,0.45797074181542646
2020-11-13,fold_6,COVID crash and V-recovery,0.0075784288346767426,1,0.007772567216306925,1,0.007772567216306925,0.07731630751732155,,,,1,77.72567216306925,0.0017779655754566193,-0.0018917557317763567,0.0075784288346767426,0.4062582307615261
2020-11-16,fold_6,COVID crash and V-recovery,0.007679525762796402,1,-0.0031774360686540604,-1,-0.0031774360686540604,0.07413887144866749,,,,0,-31.774360686540604,-0.0006301198154687881,-0.009630321525037289,0.007679525762796402,-0.16851969730067273
2020-11-17,fold_6,COVID crash and V-recovery,0.004846733063459396,1,-0.007417635060846806,-1,-0.007417635060846806,0.06672123638782068,,,,0,-74.17635060846806,-0.001655619591474533,0.007499608676880598,0.004846733063459396,-0.3932528488787517
2020-11-18,fold_6,COVID crash and V-recovery,0.004740703850984573,1,0.007794450502842665,1,0.007794450502842665,0.07451568689066335,,,,1,77.94450502842665,-0.0029909182339906693,0.021044887602329254,0.004740703850984573,0.41165884580625633
2020-11-19,fold_6,COVID crash and V-recovery,0.007779866456985474,1,-0.006863702088594437,-1,-0.006863702088594437,0.06765198480206891,,,,0,-68.63702088594437,-0.00014064088463783264,0.02242281287908554,0.007779866456985474,-0.36097592278577006
2020-11-20,fold_6,COVID crash and V-recovery,0.00567379966378212,1,3.400091009098105e-05,1,3.400091009098105e-05,0.06768598571215989,,,,1,0.3400091009098105,0.004359159618616104,0.03132430091500282,0.00567379966378212,0.0017828542565550293
2020-11-23,fold_6,COVID crash and V-recovery,0.0058209821581840515,1,0.013952494598925114,1,0.013952494598925114,0.081638480311085,,,,1,139.52494598925114,0.0010320227593183517,0.04402534291148186,0.0058209821581840515,0.7433640469029835
2020-11-24,fold_6,COVID crash and V-recovery,0.0015682578086853027,1,0.006127643398940563,1,0.006127643398940563,0.08776612371002557,,,,1,61.27643398940563,-0.010456976480782032,0.03135693445801735,0.0015682578086853027,0.3234052070137997
2020-11-25,fold_6,COVID crash and V-recovery,0.001264825463294983,1,0.009172377176582813,1,0.009172377176582813,0.09693850088660838,,,,1,91.72377176582813,-0.011498779058456421,0.02664339542388916,0.001264825463294983,0.5463967394333243
2020-11-27,fold_6,COVID crash and V-recovery,0.006399814039468765,1,0.0020377866458147764,1,0.0020377866458147764,0.09897628753242316,,,,1,20.377866458147764,-0.012130898423492908,0.02153753489255905,0.006399814039468765,0.12379010218913579
2020-11-30,fold_6,COVID crash and V-recovery,0.006471645087003708,1,0.012735040858387947,1,0.012735040858387947,0.1117113283908111,,,,1,127.35040858387947,-0.009514683857560158,0.025146711617708206,0.006471645087003708,0.825152095544987
2020-12-01,fold_6,COVID crash and V-recovery,0.0055033303797245026,1,0.0012840845156461,1,0.0012840845156461,0.1129954129064572,,,,1,12.840845156461,-0.003299623727798462,0.0157906636595726,0.0055033303797245026,0.08186080873771634
2020-12-02,fold_6,COVID crash and V-recovery,0.0047033727169036865,1,0.0014141055289655924,1,0.0014141055289655924,0.1144095184354228,,,,1,14.141055289655924,0.001052597537636757,-0.008394548669457436,0.0047033727169036865,0.09295420381384639
2020-12-03,fold_6,COVID crash and V-recovery,0.004739623516798019,1,0.004066517110913992,1,0.004066517110913992,0.11847603554633679,,,,1,40.66517110913992,0.0016696825623512268,-0.005801084917038679,0.004739623516798019,0.34847327562232994
2020-12-04,fold_6,COVID crash and V-recovery,0.006262879818677902,1,0.005646963603794575,1,0.005646963603794575,0.12412299915013136,,,,1,56.46963603794575,0.0012582987546920776,-0.012084580026566982,0.006262879818677902,0.5540372958545712
2020-12-07,fold_6,COVID crash and V-recovery,0.006240420043468475,1,0.003378992434591055,1,0.003378992434591055,0.12750199158472242,,,,1,33.78992434591055,0.005561228841543198,-0.010502398945391178,0.006240420043468475,0.329049495914118
2020-12-08,fold_6,COVID crash and V-recovery,0.007314659655094147,1,-0.022901127114892006,-1,-0.022901127114892006,0.10460086446983041,,,,0,-229.01127114892006,0.004721660166978836,-0.0032489225268363953,0.007314659655094147,-2.4882146420684146
2020-12-09,fold_6,COVID crash and V-recovery,0.005717825144529343,1,0.004007569048553705,1,0.004007569048553705,0.10860843351838412,,,,1,40.07569048553705,0.003937453031539917,0.025136673822999,0.005717825144529343,0.4120471886712415
2020-12-10,fold_6,COVID crash and V-recovery,0.006142385303974152,1,-0.0022169779986143112,-1,-0.0022169779986143112,0.1063914555197698,,,,0,-22.169779986143112,0.00409962423145771,0.0276457741856575,0.006142385303974152,-0.2632439802492302
2020-12-11,fold_6,COVID crash and V-recovery,0.0058890171349048615,1,0.007229145150631666,1,0.007229145150631666,0.11362060067040147,,,,1,72.29145150631666,0.0034570079296827316,0.0268356055021286,0.0058890171349048615,0.8636478044932318
2020-12-14,fold_6,COVID crash and V-recovery,0.006403185427188873,1,0.01063246838748455,1,0.01063246838748455,0.12425306905788602,,,,1,106.3246838748455,0.0040066782385110855,0.017734089866280556,0.006403185427188873,1.2812665826263265
2020-12-15,fold_6,COVID crash and V-recovery,0.006497006863355637,1,0.0054844701662659645,1,0.0054844701662659645,0.129737539224152,,,,1,54.844701662659645,0.002820199355483055,0.00981712993234396,0.006497006863355637,0.6486281134756449
2020-12-16,fold_6,COVID crash and V-recovery,0.005394045263528824,1,0.006516668945550919,1,0.006516668945550919,0.1362542081697029,,,,1,65.16668945550919,0.0008800160139799118,-0.0007163272821344435,0.005394045263528824,0.7653729375236511
2020-12-17,fold_6,COVID crash and V-recovery,0.0046458132565021515,1,-0.0030271466821432114,-1,-0.0030271466821432114,0.1332270614875597,,,,0,-30.271466821432114,-0.0048191361129283905,-0.002830306999385357,0.0046458132565021515,-0.3570831286606675
2020-12-18,fold_6,COVID crash and V-recovery,0.0063135139644145966,1,-0.001872371882200241,-1,-0.001872371882200241,0.13135468960535945,,,,0,-18.72371882200241,-0.0014588888734579086,0.010225623846054077,0.0063135139644145966,-0.22493926581037224
2020-12-21,fold_6,COVID crash and V-recovery,0.007871340960264206,1,0.002715509617701173,1,0.002715509617701173,0.13407019922306063,,,,1,27.15509617701173,0.010907905176281929,0.01299302838742733,0.007871340960264206,0.3314875297474319
2020-12-22,fold_6,COVID crash and V-recovery,0.004598390311002731,1,-0.005048987455666065,-1,-0.005048987455666065,0.12902121176739456,,,,0,-50.48987455666065,0.01794704981148243,0.010309210978448391,0.004598390311002731,-0.6146537584216499
2020-12-23,fold_6,COVID crash and V-recovery,0.007889911532402039,1,0.004402689635753632,1,0.004402689635753632,0.1334239014031482,,,,1,44.026896357536316,0.016628580167889595,0.017815537750720978,0.007889911532402039,0.5731001337807812
2020-12-24,fold_6,COVID crash and V-recovery,0.007986262440681458,1,0.010028784163296223,1,0.010028784163296223,0.14345268556644442,,,,1,100.28784163296223,0.02051941491663456,-0.0008076458470895886,0.007986262440681458,1.3156138038421608
2020-12-28,fold_6,COVID crash and V-recovery,0.007260717451572418,1,0.0008950326009653509,1,0.0008950326009653509,0.14434771816740977,,,,1,8.950326009653509,0.014846356585621834,-0.0026263040490448475,0.007260717451572418,0.11659180941941093
2020-12-29,fold_6,COVID crash and V-recovery,0.0071569159626960754,1,3.169193587382324e-05,1,3.169193587382324e-05,0.1443794101032836,,,,1,0.3169193587382324,0.009812356904149055,-0.017470380291342735,0.0071569159626960754,0.004134245642294804
2020-12-30,fold_6,COVID crash and V-recovery,0.008380252867937088,1,0.0024573400150984526,1,0.0024573400150984526,0.14683675011838204,,,,1,24.573400150984526,0.005179854109883308,0.00640215864405036,0.008380252867937088,0.34526923346710536
2024-04-12,fold_7,"Inflation bear, AI rally and 2025",0.004434928297996521,1,-0.016587810590863228,-1,-0.016587810590863228,-0.016587810590863228,,,,0,-165.87810590863228,-0.00034597888588905334,-0.05540034547448158,0.004434928297996521,-1.915637977737409
2024-04-15,fold_7,"Inflation bear, AI rally and 2025",0.0085374154150486,1,9.28273075260222e-05,1,9.28273075260222e-05,-0.016494983283337206,,,,1,0.928273075260222,0.00827663205564022,-0.028806107118725777,0.0085374154150486,0.010276851524955881
2024-04-16,fold_7,"Inflation bear, AI rally and 2025",0.00586136057972908,1,-0.012276514433324337,-1,-0.012276514433324337,-0.028771497716661543,,,,0,-122.76514433324337,0.014081558212637901,-0.014086250215768814,0.00586136057972908,-1.398273534739221
2024-04-17,fold_7,"Inflation bear, AI rally and 2025",0.00802239403128624,1,-0.005722694098949432,-1,-0.005722694098949432,-0.034494191815610975,,,,0,-57.226940989494324,0.014139210805296898,0.0015721198869869113,0.00802239403128624,-0.6232469284784488
2024-04-18,fold_7,"Inflation bear, AI rally and 2025",0.0072726719081401825,1,-0.020906154066324234,-1,-0.020906154066324234,-0.05540034588193521,,,,0,-209.06154066324234,0.008439185097813606,0.002453271532431245,0.0072726719081401825,-2.3521081873632403
2024-04-19,fold_7,"Inflation bear, AI rally and 2025",0.009215380996465683,1,0.010006428696215153,1,0.010006428696215153,-0.045393917185720056,,,,1,100.06428696215153,0.0033265799283981323,0.038673385977745056,0.009215380996465683,1.001945669500256
2024-04-22,fold_7,"Inflation bear, AI rally and 2025",0.007118411362171173,1,0.014812683686614037,1,0.014812683686614037,-0.03058123349910602,,,,1,148.12683686614037,-0.0007986370474100113,0.03271905705332756,0.007118411362171173,1.4477695045384535
2024-04-23,fold_7,"Inflation bear, AI rally and 2025",0.006196416914463043,1,0.0033818555530160666,1,0.0033818555530160666,-0.027199377946089953,,,,1,33.818555530160666,-0.005693791434168816,-0.0011298799654468894,0.006196416914463043,0.3153720124031093
2024-04-24,fold_7,"Inflation bear, AI rally and 2025",0.007890000939369202,1,-0.004841542802751064,-1,-0.004841542802751064,-0.03204092074884102,,,,0,-48.41542802751064,-0.004947178065776825,-0.011768510565161705,0.007890000939369202,-0.4514034651311373
2024-04-25,fold_7,"Inflation bear, AI rally and 2025",0.006739083677530289,1,0.015313959680497646,1,0.015313959680497646,-0.01672696106834337,,,,1,153.13959680497646,-0.006219128146767616,0.005755472928285599,0.006739083677530289,1.4241324448891393
2024-04-26,fold_7,"Inflation bear, AI rally and 2025",0.006139885634183884,1,0.004052098840475082,1,0.004052098840475082,-0.012674862227868289,,,,1,40.520988404750824,-0.005688825622200966,0.010340644046664238,0.006139885634183884,0.3593017104789151
2024-04-29,fold_7,"Inflation bear, AI rally and 2025",0.006304338574409485,1,-0.019036252051591873,-1,-0.019036252051591873,-0.03171111427946016,,,,0,-190.36252051591873,-0.003893733024597168,0.01718253269791603,0.006304338574409485,-1.684004190632592
2024-04-30,fold_7,"Inflation bear, AI rally and 2025",0.007708460092544556,1,-0.007256774697452784,-1,-0.007256774697452784,-0.038967888976912946,,,,0,-72.56774697452784,0.000710953027009964,0.036377713084220886,0.007708460092544556,-0.6086610786073906
2024-05-01,fold_7,"Inflation bear, AI rally and 2025",0.007053758949041367,1,0.01268244069069624,1,0.01268244069069624,-0.026285448286216706,,,,1,126.8244069069624,0.00263257697224617,0.043043844401836395,0.007053758949041367,1.0549368441432632
2024-05-02,fold_7,"Inflation bear, AI rally and 2025",0.0077849701046943665,1,0.01989912986755371,1,0.01989912986755371,-0.006386318418662995,,,,1,198.9912986755371,0.002923237159848213,0.03254050761461258,0.0077849701046943665,1.6776006709564757
2024-05-03,fold_7,"Inflation bear, AI rally and 2025",0.011101413518190384,1,0.01089398842304945,1,0.01089398842304945,0.004507670004386455,,,,1,108.9398842304945,0.0034303050488233566,0.014996875077486038,0.011101413518190384,0.8789025385636756
2024-05-06,fold_7,"Inflation bear, AI rally and 2025",0.01192232221364975,1,0.00015892888768576086,1,0.00015892888768576086,0.004666598892072216,,,,1,1.5892888768576086,0.0014525912702083588,0.006407518871128559,0.01192232221364975,0.012581531524142072
2024-05-07,fold_7,"Inflation bear, AI rally and 2025",0.009675320237874985,1,-0.0005906449514441192,-1,-0.0005906449514441192,0.0040759539406280965,,,,0,-5.906449514441192,-0.0014431606978178024,0.012660286389291286,0.009675320237874985,-0.04685816338663532
2024-05-08,fold_7,"Inflation bear, AI rally and 2025",0.009766634553670883,1,0.002179105766117573,1,0.002179105766117573,0.006255059706745669,,,,1,21.791057661175728,0.0020313020795583725,0.028760163113474846,0.009766634553670883,0.1749964145930725
2024-05-09,fold_7,"Inflation bear, AI rally and 2025",0.013514935970306396,1,0.002355497097596526,1,0.002355497097596526,0.008610556804342195,,,,1,23.55497097596526,-0.0006291884928941727,0.02454777993261814,0.013514935970306396,0.19715011812391026
2024-05-10,fold_7,"Inflation bear, AI rally and 2025",0.01358809694647789,1,0.002304631983861327,1,0.002304631983861327,0.010915188788203523,,,,1,23.04631983861327,0.006093768402934074,0.02170546166598797,0.01358809694647789,0.20204176077495256
2024-05-13,fold_7,"Inflation bear, AI rally and 2025",0.013390634208917618,1,0.006411696784198284,1,0.006411696784198284,0.017326885572401807,,,,1,64.11696784198284,0.010187426581978798,0.026349298655986786,0.013390634208917618,0.5937243334603832
2024-05-14,fold_7,"Inflation bear, AI rally and 2025",0.01110050454735756,1,0.015509231947362423,1,0.015509231947362423,0.03283611751976423,,,,1,155.09231947362423,0.005820676684379578,0.02189207263290882,0.01110050454735756,1.4236688665281578
2024-05-15,fold_7,"Inflation bear, AI rally and 2025",0.008633919060230255,1,-0.002033278113231063,-1,-0.002033278113231063,0.030802839406533167,,,,0,-20.33278113231063,0.004565689712762833,0.006185304373502731,0.008633919060230255,-0.18321011445197363
2024-05-16,fold_7,"Inflation bear, AI rally and 2025",0.009497497230768204,1,-0.0004868214309681207,-1,-0.0004868214309681207,0.030316017975565046,,,,0,-4.868214309681207,0.003635697066783905,0.00371000450104475,0.009497497230768204,-0.044122443394488634
2024-05-17,fold_7,"Inflation bear, AI rally and 2025",0.00778728723526001,1,0.006948469206690788,1,0.006948469206690788,0.037264487182255834,,,,1,69.48469206690788,0.0007946528494358063,0.013608839362859726,0.00778728723526001,0.6952125898010301
2024-05-20,fold_7,"Inflation bear, AI rally and 2025",0.007165469229221344,1,0.0019544712267816067,1,0.0019544712267816067,0.03921895840903744,,,,1,19.544712267816067,-0.00023653730750083923,0.010431037284433842,0.007165469229221344,0.19813782720354398
2024-05-21,fold_7,"Inflation bear, AI rally and 2025",0.0059072040021419525,1,-0.00019753658853005618,-1,-0.00019753658853005618,0.039021421820507385,,,,0,-1.9753658853005618,0.0009389426559209824,0.00140322744846344,0.0059072040021419525,-0.02123648203471224
2024-05-22,fold_7,"Inflation bear, AI rally and 2025",0.0051516033709049225,1,-0.0045085777528584,-1,-0.0045085777528584,0.034512844067648984,,,,0,-45.085777528584,0.0013996511697769165,-0.00917046144604683,0.0051516033709049225,-0.4863059884639499
2024-05-23,fold_7,"Inflation bear, AI rally and 2025",0.006613988429307938,1,0.009412013925611973,1,0.009412013925611973,0.04392485799326096,,,,1,94.12013925611973,0.005851881578564644,-0.006523867137730122,0.006613988429307938,1.0161228281011665
2024-05-24,fold_7,"Inflation bear, AI rally and 2025",0.005676541477441788,1,0.003770666429772973,1,0.003770666429772973,0.04769552442303393,,,,1,37.70666429772973,0.008223408833146095,-0.0105808787047863,0.005676541477441788,0.42558054147400476
2024-05-28,fold_7,"Inflation bear, AI rally and 2025",0.006051793694496155,1,-0.007073338143527508,-1,-0.007073338143527508,0.04062218627950642,,,,0,-70.73338143527508,0.007626650854945183,-0.011618755757808685,0.006051793694496155,-0.7989006844998127
2024-05-29,fold_7,"Inflation bear, AI rally and 2025",0.006774719804525375,1,-0.010771225206553936,-1,-0.010771225206553936,0.029850961072952487,,,,0,-107.71225206553936,0.012995274737477303,0.015413827262818813,0.006774719804525375,-1.3594968419813447
2024-05-30,fold_7,"Inflation bear, AI rally and 2025",0.0061708055436611176,1,-0.0018619840266183019,-1,-0.0018619840266183019,0.027988977046334185,,,,0,-18.61984026618302,0.01767740584909916,0.02583981119096279,0.0061708055436611176,-0.2292967954822727
2024-05-31,fold_7,"Inflation bear, AI rally and 2025",0.00887497141957283,1,0.005355002358555794,1,0.005355002358555794,0.03334397940488998,,,,1,53.55002358555794,0.013782309368252754,0.026816576719284058,0.00887497141957283,0.7027090494998068
2024-06-03,fold_7,"Inflation bear, AI rally and 2025",0.010058857500553131,1,0.002732788911089301,1,0.002732788911089301,0.03607676831597928,,,,1,27.32788911089301,0.016100378707051277,0.025492563843727112,0.010058857500553131,0.43368193802744326
2024-06-04,fold_7,"Inflation bear, AI rally and 2025",0.012270461767911911,1,0.01995924487709999,1,0.01995924487709999,0.05603601319307927,,,,1,199.5924487709999,0.01699078269302845,0.02959909848868847,0.012270461767911911,3.4156224962840676
2024-06-05,fold_7,"Inflation bear, AI rally and 2025",0.009959615767002106,1,-0.0003452417440712452,-1,-0.0003452417440712452,0.055690771449008025,,,,0,-3.452417440712452,0.012098358944058418,0.022652629762887955,0.009959615767002106,-0.04695363633241321
2024-06-06,fold_7,"Inflation bear, AI rally and 2025",0.014632511883974075,1,-0.0008852180326357484,-1,-0.0008852180326357484,0.05480555341637228,,,,0,-8.852180326357484,0.01706071011722088,0.028403399512171745,0.014632511883974075,-0.12040439171168577
2024-06-07,fold_7,"Inflation bear, AI rally and 2025",0.008132021874189377,1,0.004030989948660135,1,0.004030989948660135,0.05883654336503241,,,,1,40.30989948660135,0.0035588573664426804,0.03445643186569214,0.008132021874189377,0.5492899450229848
2024-06-10,fold_7,"Inflation bear, AI rally and 2025",0.002756904810667038,1,0.006839322857558727,1,0.006839322857558727,0.06567586622259114,,,,1,68.39322857558727,0.00030582211911678314,0.04260094463825226,0.002756904810667038,0.9273771940684392
2024-06-11,fold_7,"Inflation bear, AI rally and 2025",0.0034815967082977295,1,0.013012777082622051,1,0.013012777082622051,0.07868864330521319,,,,1,130.1277708262205,-0.00997359212487936,0.03607082739472389,0.0034815967082977295,1.731768227856263
2024-06-12,fold_7,"Inflation bear, AI rally and 2025",0.0019229203462600708,1,0.005405528470873833,1,0.005405528470873833,0.08409417177608702,,,,1,54.05528470873833,-0.006844900548458099,0.015320060774683952,0.0019229203462600708,0.6817164243853996
2024-06-13,fold_7,"Inflation bear, AI rally and 2025",0.00309564545750618,1,0.005167814902961254,1,0.005167814902961254,0.08926198667904828,,,,1,51.67814902961254,-0.015378196723759174,0.0072316755540668964,0.00309564545750618,0.71453510413117
2024-06-14,fold_7,"Inflation bear, AI rally and 2025",0.006243962794542313,1,0.012175502255558968,1,0.012175502255558968,0.10143748893460725,,,,1,121.75502255558968,-0.005063137039542198,-0.009386073797941208,0.006243962794542313,1.6655900350437747
2024-06-17,fold_7,"Inflation bear, AI rally and 2025",0.005607500672340393,1,0.0003092046536039561,1,0.0003092046536039561,0.1017466935882112,,,,1,3.092046536039561,-0.0033055171370506287,-0.010190867818892002,0.005607500672340393,0.03964268442676233
2024-06-18,fold_7,"Inflation bear, AI rally and 2025",0.006234761327505112,1,-0.007737989537417889,-1,-0.007737989537417889,0.09400870405079331,,,,0,-77.37989537417889,0.00128227099776268,-0.008436965756118298,0.006234761327505112,-1.0123242809306967
2024-06-20,fold_7,"Inflation bear, AI rally and 2025",0.007424198091030121,1,-0.002682856749743223,-1,-0.002682856749743223,0.09132584730105009,,,,0,-26.828567497432232,0.014237059280276299,0.0018790541216731071,0.007424198091030121,-0.34285804932426206
2024-06-21,fold_7,"Inflation bear, AI rally and 2025",0.007760748267173767,1,-0.011449933983385563,-1,-0.011449933983385563,0.07987591331766453,,,,0,-114.49933983385563,0.020209675654768944,-0.00064253801247105,0.007760748267173767,-1.4589962236954837
2024-06-24,fold_7,"Inflation bear, AI rally and 2025",0.006032217293977737,1,0.011370707303285599,1,0.011370707303285599,0.09124662062095013,,,,1,113.70707303285599,0.0229079220443964,0.01665533147752285,0.006032217293977737,1.387839319558593
2024-06-25,fold_7,"Inflation bear, AI rally and 2025",0.008584722876548767,1,0.002063107443973422,1,0.002063107443973422,0.09330972806492355,,,,1,20.63107443973422,0.023302139714360237,0.015729578211903572,0.008584722876548767,0.2480774401688555
2024-06-26,fold_7,"Inflation bear, AI rally and 2025",0.009566567838191986,1,0.0025780298747122288,1,0.0025780298747122288,0.09588775793963578,,,,1,25.780298747122288,0.02117147110402584,0.021968942135572433,0.009566567838191986,0.3111163482075264
2024-06-27,fold_7,"Inflation bear, AI rally and 2025",0.007633086293935776,1,-0.005204448942095041,-1,-0.005204448942095041,0.09068330899754073,,,,0,-52.04448942095041,0.013670520856976509,0.029763752594590187,0.007633086293935776,-0.6382350260450105
2024-06-28,fold_7,"Inflation bear, AI rally and 2025",0.010840173810720444,1,0.005847935099154711,1,0.005847935099154711,0.09653124409669545,,,,1,58.47935099154711,0.0062584951519966125,0.037343580275774,0.010840173810720444,0.7423997926176615
2024-07-01,fold_7,"Inflation bear, AI rally and 2025",0.007283955812454224,1,0.010444954968988895,1,0.010444954968988895,0.10697619906568434,,,,1,104.44954968988895,-0.00029723159968852997,0.032359976321458817,0.007283955812454224,1.3098751779381625
2024-07-02,fold_7,"Inflation bear, AI rally and 2025",0.0022942572832107544,1,0.008302470669150352,1,0.008302470669150352,0.1152786697348347,,,,1,83.02470669150352,-0.008991925977170467,0.032287489622831345,0.0022942572832107544,1.0097531611324242
2024-07-03,fold_7,"Inflation bear, AI rally and 2025",0.004799365997314453,1,0.010372839868068695,1,0.010372839868068695,0.1256515096029034,,,,1,103.72839868068695,-0.010873863473534584,0.0018107411451637745,0.004799365997314453,1.2338218881148515
2024-07-05,fold_7,"Inflation bear, AI rally and 2025",0.00523337721824646,1,0.002375379903241992,1,0.002375379903241992,0.12802688950614538,,,,1,23.75379903241992,-0.006173355504870415,-0.0027043852023780346,0.00523337721824646,0.3170268540244118
2024-07-08,fold_7,"Inflation bear, AI rally and 2025",0.0050327368080616,1,0.0008643296314403415,1,0.0008643296314403415,0.12889121913758572,,,,1,8.643296314403415,-0.0176216010004282,-0.0023955574724823236,0.0050327368080616,0.11507389364579725
2024-07-09,fold_7,"Inflation bear, AI rally and 2025",0.0038230232894420624,1,0.010372469201683998,1,0.010372469201683998,0.13926368833926972,,,,1,103.72469201683998,-0.008392630144953728,-0.002877016318961978,0.0038230232894420624,1.3809774385746778
2024-07-10,fold_7,"Inflation bear, AI rally and 2025",0.004222121089696884,1,-0.022174276411533356,-1,-0.022174276411533356,0.11708941192773636,,,,0,-221.74276411533356,0.007808307185769081,-0.0430438406765461,0.004222121089696884,-2.8395556157698416
2024-07-11,fold_7,"Inflation bear, AI rally and 2025",0.006882283836603165,1,0.005857713054865599,1,0.005857713054865599,0.12294712498260196,,,,1,58.57713054865599,0.015080893412232399,-0.025613289326429367,0.006882283836603165,0.6420877278904823
2024-07-12,fold_7,"Inflation bear, AI rally and 2025",0.007536053657531738,1,0.002684207633137703,1,0.002684207633137703,0.12563133261573967,,,,1,26.84207633137703,0.011350991204380989,-0.040374159812927246,0.007536053657531738,0.30693872466430683
2024-07-15,fold_7,"Inflation bear, AI rally and 2025",0.009052827954292297,1,0.00038287072675302625,1,0.00038287072675302625,0.1260142033424927,,,,1,3.8287072675302625,0.010698391124606133,-0.028270574286580086,0.009052827954292297,0.044099727267770325
2024-07-16,fold_7,"Inflation bear, AI rally and 2025",0.007040377706289291,1,-0.02979435585439205,-1,-0.02979435585439205,0.09621984748810064,,,,0,-297.9435585439205,0.011512761935591698,-0.03218429908156395,0.007040377706289291,-3.462402666184191
2024-07-17,fold_7,"Inflation bear, AI rally and 2025",0.009213458746671677,1,-0.004743724595755339,-1,-0.004743724595755339,0.0914761228923453,,,,0,-47.43724595755339,0.0134818647056818,-0.038919322192668915,0.009213458746671677,-0.45021193175523166
2024-07-18,fold_7,"Inflation bear, AI rally and 2025",0.012623302638530731,1,-0.008903156965970993,-1,-0.008903156965970993,0.08257296592637431,,,,0,-89.03156965970993,0.011351840570569038,-0.045264601707458496,0.012623302638530731,-0.8407390180070969
2024-07-19,fold_7,"Inflation bear, AI rally and 2025",0.007828425616025925,1,0.014787793159484863,1,0.014787793159484863,0.09736075908585917,,,,1,147.87793159484863,0.012732135131955147,-0.026157695800065994,0.007828425616025925,1.3904370170925573
2024-07-22,fold_7,"Inflation bear, AI rally and 2025",0.006439633667469025,1,-0.0035308548249304295,-1,-0.0035308548249304295,0.09382990426092874,,,,0,-35.308548249304295,0.013402437791228294,-0.038938675075769424,0.006439633667469025,-0.31748379855643816
2024-07-23,fold_7,"Inflation bear, AI rally and 2025",0.008781827986240387,1,-0.03652937710285187,-1,-0.03652937710285187,0.057300527158076875,,,,0,-365.2937710285187,0.008344793692231178,-0.049234386533498764,0.008781827986240387,-3.366324504216688
2024-07-24,fold_7,"Inflation bear, AI rally and 2025",0.007105909287929535,1,-0.011089004576206207,-1,-0.011089004576206207,0.04621152258187067,,,,0,-110.89004576206207,-0.001874612644314766,0.016459202393889427,0.007105909287929535,-0.8311367073785129
2024-07-25,fold_7,"Inflation bear, AI rally and 2025",0.008163727819919586,1,0.01020374707877636,1,0.01020374707877636,0.05641526966064703,,,,1,102.0374707877636,-0.009527716785669327,0.003028667066246271,0.008163727819919586,0.7523452168158241
2024-07-26,fold_7,"Inflation bear, AI rally and 2025",0.009408451616764069,1,0.0020068141166120768,1,0.0020068141166120768,0.058422083777259104,,,,1,20.068141166120768,-0.013780112378299236,-0.031196199357509613,0.009408451616764069,0.14604485969080083
2024-07-29,fold_7,"Inflation bear, AI rally and 2025",0.010146595537662506,1,-0.013826565816998482,-1,-0.013826565816998482,0.04459551796026062,,,,0,-138.26565816998482,-0.005607185885310173,-0.063472680747509,0.010146595537662506,-1.0093074248608767
2024-07-30,fold_7,"Inflation bear, AI rally and 2025",0.008299682289361954,1,0.029164211824536324,1,0.029164211824536324,0.07375972978479695,,,,1,291.64211824536324,-0.0032582804560661316,-0.04013648256659508,0.008299682289361954,2.085750291487153
2024-07-31,fold_7,"Inflation bear, AI rally and 2025",0.006795097142457962,1,-0.02451954036951065,-1,-0.02451954036951065,0.049240189415286295,,,,0,-245.1954036951065,-0.0058628227561712265,-0.080189548432827,0.006795097142457962,-1.6077581412371202
2024-08-01,fold_7,"Inflation bear, AI rally and 2025",0.0074960701167583466,1,-0.024021118879318237,-1,-0.024021118879318237,0.025219070535968058,,,,0,-240.21118879318237,-0.00599227100610733,-0.025537710636854172,0.0074960701167583466,-1.4920247357675547
2024-08-02,fold_7,"Inflation bear, AI rally and 2025",0.010723337531089783,1,-0.030269667506217957,-1,-0.030269667506217957,-0.005050596970249899,,,,0,-302.69667506217957,0.0016458388417959213,0.0036923731677234173,0.010723337531089783,-1.8003931776647635
2024-08-05,fold_7,"Inflation bear, AI rally and 2025",0.012511547654867172,1,0.009509631432592869,1,0.009509631432592869,0.00445903446234297,,,,1,95.09631432592869,0.008593542501330376,0.03611313924193382,0.012511547654867172,0.524920691891243
2024-08-06,fold_7,"Inflation bear, AI rally and 2025",0.010737549513578415,1,-0.01088885311037302,-1,-0.01088885311037302,-0.00642981864803005,,,,0,-108.8885311037302,0.01164497621357441,0.05111347883939743,0.010737549513578415,-0.5969875219152809
2024-08-07,fold_7,"Inflation bear, AI rally and 2025",0.009632080793380737,1,0.030132297426462173,1,0.030132297426462173,0.023702478778432123,,,,1,301.32297426462173,0.012709109112620354,0.062326643615961075,0.009632080793380737,1.6506589822195037
2024-08-08,fold_7,"Inflation bear, AI rally and 2025",0.010912563651800156,1,0.005208965390920639,1,0.005208965390920639,0.028911444169352762,,,,1,52.08965390920639,0.008662788197398186,0.05714362487196922,0.010912563651800156,0.2768349311927352
2024-08-09,fold_7,"Inflation bear, AI rally and 2025",0.008794344961643219,1,0.0021510969381779432,1,0.0021510969381779432,0.031062541107530706,,,,1,21.510969381779432,0.006169239059090614,0.05321963131427765,0.008794344961643219,0.1143798882170997
2024-08-12,fold_7,"Inflation bear, AI rally and 2025",0.009913038462400436,1,0.02450997196137905,1,0.02450997196137905,0.05557251306890976,,,,1,245.0997196137905,0.005664672702550888,0.06411891430616379,0.009913038462400436,1.303501943679819
2024-08-13,fold_7,"Inflation bear, AI rally and 2025",0.009442795068025589,1,0.00032431332510896027,1,0.00032431332510896027,0.05589682639401872,,,,1,3.2431332510896027,0.0033152978867292404,0.03750813379883766,0.009442795068025589,0.01655891126018704
2024-08-14,fold_7,"Inflation bear, AI rally and 2025",0.009372729808092117,1,0.024949276819825172,1,0.024949276819825172,0.08084610321384389,,,,1,249.49276819825172,0.0027097202837467194,0.041837096214294434,0.009372729808092117,1.3546411923098562
2024-08-15,fold_7,"Inflation bear, AI rally and 2025",0.008062515407800674,1,0.0012849696213379502,1,0.0012849696213379502,0.08213107283518184,,,,1,12.849696213379502,0.004157921299338341,0.0009060029406100512,0.008062515407800674,0.0668740747706282
2024-08-16,fold_7,"Inflation bear, AI rally and 2025",0.009479328989982605,1,0.0130503810942173,1,0.0130503810942173,0.09518145392939914,,,,1,130.503810942173,0.004964806139469147,0.010408023372292519,0.009479328989982605,0.6827829402239022
2024-08-19,fold_7,"Inflation bear, AI rally and 2025",0.010330069810152054,1,-0.002100807148963213,-1,-0.002100807148963213,0.09308064678043593,,,,0,-21.00807148963213,0.008806759491562843,-0.012398049235343933,0.010330069810152054,-0.11027773996348064
2024-08-20,fold_7,"Inflation bear, AI rally and 2025",0.010335288941860199,1,0.004653274081647396,1,0.004653274081647396,0.09773392086208332,,,,1,46.53274081647396,0.011485936120152473,-0.007314376067370176,0.010335288941860199,0.2444000893406978
2024-08-21,fold_7,"Inflation bear, AI rally and 2025",0.014225117862224579,1,-0.01598181575536728,-1,-0.01598181575536728,0.08175210510671604,,,,0,-159.8181575536728,0.016059527173638344,-0.023379897698760033,0.014225117862224579,-0.9275646245457356
2024-08-22,fold_7,"Inflation bear, AI rally and 2025",0.013568222522735596,1,0.010786990635097027,1,0.010786990635097027,0.09253909574181307,,,,1,107.86990635097027,0.020862260833382607,-0.008863111026585102,0.013568222522735596,0.6191949924164502
2024-08-23,fold_7,"Inflation bear, AI rally and 2025",0.011218879371881485,1,-0.009755691513419151,-1,-0.009755691513419151,0.08278340422839392,,,,0,-97.55691513419151,0.015677882358431816,-0.007801180239766836,0.011218879371881485,-0.559432470656507
2024-08-26,fold_7,"Inflation bear, AI rally and 2025",0.009595107287168503,1,0.0029828662518411875,1,0.0029828662518411875,0.08576627048023511,,,,1,29.828662518411875,0.011971773579716682,-0.028876792639493942,0.009595107287168503,0.16978265810020524
2024-08-27,fold_7,"Inflation bear, AI rally and 2025",0.009799178689718246,1,-0.011412248015403748,-1,-0.011412248015403748,0.07435402246483136,,,,0,-114.12248015403748,0.009307993575930595,-0.03446156159043312,0.009799178689718246,-0.659384942491126
2024-08-28,fold_7,"Inflation bear, AI rally and 2025",0.007794283330440521,1,-0.0014650279190391302,-1,-0.0014650279190391302,0.07288899454579223,,,,0,-14.650279190391302,0.005132980644702911,-0.02211609296500683,0.007794283330440521,-0.0902464387601881
2024-08-29,fold_7,"Inflation bear, AI rally and 2025",0.010081995278596878,1,0.011848920956254005,1,0.011848920956254005,0.08473791550204623,,,,1,118.48920956254005,-0.005163513123989105,-0.04780372232198715,0.010081995278596878,0.7752877777932282
2024-08-30,fold_7,"Inflation bear, AI rally and 2025",0.00789935514330864,1,-0.03083130531013012,-1,-0.03083130531013012,0.053906610191916116,,,,0,-308.3130531013012,-0.0033051930367946625,-0.046875014901161194,0.00789935514330864,-2.118767250124786
2024-09-03,fold_7,"Inflation bear, AI rally and 2025",0.009967274963855743,1,-0.0026019022334367037,-1,-0.0026019022334367037,0.05130470795847941,,,,0,-26.019022334367037,-0.0070839859545230865,-0.006844343151897192,0.009967274963855743,-0.17808602031578946
2024-09-04,fold_7,"Inflation bear, AI rally and 2025",0.01221780851483345,1,0.0009332209010608494,1,0.0009332209010608494,0.05223792885954026,,,,1,9.332209010608494,0.00511062890291214,0.017240503802895546,0.01221780851483345,0.06450909024050137
2024-09-05,fold_7,"Inflation bear, AI rally and 2025",0.012266989797353745,1,-0.02715265564620495,-1,-0.02715265564620495,0.025085273213335313,,,,0,-271.5265564620495,0.003232726827263832,0.026075517758727074,0.012266989797353745,-1.9038919504433214
2024-09-06,fold_7,"Inflation bear, AI rally and 2025",0.014891467988491058,1,0.012777626514434814,1,0.012777626514434814,0.03786289972777013,,,,1,127.77626514434814,0.003989668563008308,0.05769813060760498,0.014891467988491058,0.9153524726053623
2024-09-09,fold_7,"Inflation bear, AI rally and 2025",0.0068441517651081085,1,0.009199365973472595,1,0.009199365973472595,0.04706226570124272,,,,1,91.99365973472595,-0.003303423523902893,0.040492791682481766,0.0068441517651081085,0.6477990684838638
2024-09-10,fold_7,"Inflation bear, AI rally and 2025",0.010205667465925217,1,0.02148294448852539,1,0.02148294448852539,0.06854521018976811,,,,1,214.8294448852539,-0.005476741120219231,0.03182163089513779,0.010205667465925217,1.4979981112463576
2024-09-11,fold_7,"Inflation bear, AI rally and 2025",0.008426904678344727,1,0.009768233634531498,1,0.009768233634531498,0.07831344382429961,,,,1,97.68233634531498,-0.002493837848305702,0.005999751389026642,0.008426904678344727,0.6929635978910342
2024-09-12,fold_7,"Inflation bear, AI rally and 2025",0.0092441625893116,1,0.004469958133995533,1,0.004469958133995533,0.08278340195829514,,,,1,44.69958133995533,-0.01113975327461958,0.02120135724544525,0.0092441625893116,0.31336561528243373
2024-09-13,fold_7,"Inflation bear, AI rally and 2025",0.008336856961250305,1,-0.004427712876349688,-1,-0.004427712876349688,0.07835568908194546,,,,0,-44.277128763496876,-0.015551673248410225,0.014826271682977676,0.008336856961250305,-0.3362951999478053
2024-09-16,fold_7,"Inflation bear, AI rally and 2025",0.008184708654880524,1,0.0005282060010358691,1,0.0005282060010358691,0.07888389508298133,,,,1,5.282060010358691,-0.008171256631612778,0.021901145577430725,0.008184708654880524,0.04001501336320814
2024-09-17,fold_7,"Inflation bear, AI rally and 2025",0.01085299625992775,1,-0.0043389336206018925,-1,-0.0043389336206018925,0.07454496146237943,,,,0,-43.389336206018925,-0.006922539323568344,0.026184871792793274,0.01085299625992775,-0.33702704962507524
2024-09-18,fold_7,"Inflation bear, AI rally and 2025",0.009643461555242538,1,0.024969838559627533,1,0.024969838559627533,0.09951480002200697,,,,1,249.69838559627533,-0.001536540687084198,0.031450558453798294,0.009643461555242538,1.9353316350330982
2024-09-19,fold_7,"Inflation bear, AI rally and 2025",0.010807424783706665,1,-0.001905126846395433,-1,-0.001905126846395433,0.09760967317561153,,,,0,-19.05126846395433,0.0017905421555042267,0.013965615071356297,0.010807424783706665,-0.13588783905280025
2024-09-20,fold_7,"Inflation bear, AI rally and 2025",0.011370625346899033,1,0.00264716031961143,1,0.00264716031961143,0.10025683349522296,,,,1,26.4716031961143,0.004538562148809433,0.010298335924744606,0.011370625346899033,0.19516890485055438
2024-09-23,fold_7,"Inflation bear, AI rally and 2025",0.010671794414520264,1,0.004811933264136314,1,0.004811933264136314,0.10506876675935928,,,,1,48.119332641363144,0.011812811717391014,0.010359362699091434,0.010671794414520264,0.3601650575373757
2024-09-24,fold_7,"Inflation bear, AI rally and 2025",0.008079387247562408,1,0.000926753506064415,1,0.000926753506064415,0.10599552026542369,,,,1,9.26753506064415,0.013040022924542427,-0.00848300475627184,0.008079387247562408,0.07007636915393543
2024-09-25,fold_7,"Inflation bear, AI rally and 2025",0.01007872074842453,1,0.007484894711524248,1,0.007484894711524248,0.11348041497694794,,,,1,74.84894711524248,0.012138830497860909,-0.0079979058355093,0.01007872074842453,0.5666209948426726
2024-09-26,fold_7,"Inflation bear, AI rally and 2025",0.01128452643752098,1,-0.005572405643761158,-1,-0.005572405643761158,0.10790800933318678,,,,0,-55.72405643761158,0.005484029650688171,-0.01623002626001835,0.01128452643752098,-0.42640010528638966
2024-09-27,fold_7,"Inflation bear, AI rally and 2025",0.011614207178354263,1,0.002708186861127615,1,0.002708186861127615,0.1106161961943144,,,,1,27.08186861127615,0.004430387169122696,0.0011703327763825655,0.011614207178354263,0.20635895787142886
2024-09-30,fold_7,"Inflation bear, AI rally and 2025",0.006309062242507935,1,-0.01403043419122696,-1,-0.01403043419122696,0.09658576200308744,,,,0,-140.3043419122696,0.0027741678059101105,-0.01230729091912508,0.006309062242507935,-1.0903610458416224
2024-10-01,fold_7,"Inflation bear, AI rally and 2025",0.007286276668310165,1,0.0014118520775809884,1,0.0014118520775809884,0.09799761408066843,,,,1,14.118520775809884,0.0070454031229019165,0.01654731296002865,0.007286276668310165,0.12484405696456018
2024-10-02,fold_7,"Inflation bear, AI rally and 2025",0.008947014808654785,1,-0.0007472253055311739,-1,-0.0007472253055311739,0.09725038877513725,,,,0,-7.4722530553117394,0.013399021700024605,0.022973094135522842,0.008947014808654785,-0.06613572954546378
2024-10-03,fold_7,"Inflation bear, AI rally and 2025",0.006786558777093887,1,0.011827953159809113,1,0.011827953159809113,0.10907834193494637,,,,1,118.27953159809113,0.0062111299484968185,0.022584062069654465,0.006786558777093887,1.0469375004229724
2024-10-04,fold_7,"Inflation bear, AI rally and 2025",0.006081476807594299,1,-0.010769437067210674,-1,-0.010769437067210674,0.09830890486773569,,,,0,-107.69437067210674,-0.007773952558636665,0.012317989021539688,0.006081476807594299,-1.0891617760661183
2024-10-07,fold_7,"Inflation bear, AI rally and 2025",0.009305402636528015,1,0.014824170619249344,1,0.014824170619249344,0.11313307548698504,,,,1,148.24170619249344,-0.00921405665576458,0.03144397586584091,0.009305402636528015,1.5176988523165102
2024-10-08,fold_7,"Inflation bear, AI rally and 2025",0.006175104528665543,1,0.007837631739675999,1,0.007837631739675999,0.12097070722666103,,,,1,78.37631739675999,-0.022533424198627472,0.0031628955621272326,0.006175104528665543,0.7754292898477891
2024-10-09,fold_7,"Inflation bear, AI rally and 2025",0.004245921969413757,1,-0.0011362562654539943,-1,-0.0011362562654539943,0.11983445096120704,,,,0,-11.362562654539943,-0.022860046476125717,-0.004552541300654411,0.004245921969413757,-0.1253588476074635
2024-10-10,fold_7,"Inflation bear, AI rally and 2025",0.018354270607233047,1,0.001561879413202405,1,0.001561879413202405,0.12139633037440944,,,,1,15.61879413202405,-0.0031990911811590195,-0.0027240037452429533,0.018354270607233047,0.17747454318489056
2024-10-11,fold_7,"Inflation bear, AI rally and 2025",0.010329362004995346,1,0.008356551639735699,1,0.008356551639735699,0.12975288201414514,,,,1,83.56551639735699,-0.0026973243802785873,0.002247402211651206,0.010329362004995346,0.9549677424647902
2024-10-14,fold_7,"Inflation bear, AI rally and 2025",0.013485189527273178,1,-0.013456911779940128,-1,-0.013456911779940128,0.11629597023420502,,,,0,-134.56911779940128,-0.00929307285696268,-0.004189664032310247,0.013485189527273178,-1.5132110812818254
2024-10-15,fold_7,"Inflation bear, AI rally and 2025",0.010561216622591019,1,0.0001221949642058462,1,0.0001221949642058462,0.11641816519841086,,,,1,1.221949642058462,0.01715751551091671,0.010356641374528408,0.010561216622591019,0.013016782504661328
2024-10-16,fold_7,"Inflation bear, AI rally and 2025",0.017742428928613663,1,0.0006922814645804465,1,0.0006922814645804465,0.11711044666299131,,,,1,6.922814645804465,0.031690411269664764,-0.005208073649555445,0.017742428928613663,0.07414180294465159
2024-10-17,fold_7,"Inflation bear, AI rally and 2025",0.012001179158687592,1,0.006533285602927208,1,0.006533285602927208,0.12364373226591852,,,,1,65.33285602927208,0.01982695795595646,0.002175822388380766,0.012001179158687592,0.8727836942491176
2024-10-18,fold_7,"Inflation bear, AI rally and 2025",0.015004429966211319,1,0.0019194857450202107,1,0.0019194857450202107,0.12556321801093873,,,,1,19.194857450202107,0.023431258276104927,0.0017176733817905188,0.015004429966211319,0.2520701414263569
2024-10-21,fold_7,"Inflation bear, AI rally and 2025",0.011660195887088776,1,0.0010893935104832053,1,0.0010893935104832053,0.12665261152142193,,,,1,10.893935104832053,0.018617307767271996,-4.0421302401227877e-05,0.011660195887088776,0.1432664185763382
2024-10-22,fold_7,"Inflation bear, AI rally and 2025",0.012008477002382278,1,-0.015442520380020142,-1,-0.015442520380020142,0.11121009114140179,,,,0,-154.42520380020142,0.020377861335873604,0.008432736620306969,0.012008477002382278,-2.05041872134211
2024-10-23,fold_7,"Inflation bear, AI rally and 2025",0.011338774114847183,1,0.008076177909970284,1,0.008076177909970284,0.11928626905137207,,,,1,80.76177909970284,0.008315438404679298,0.016289012506604195,0.011338774114847183,0.975069619641989
2024-10-24,fold_7,"Inflation bear, AI rally and 2025",0.014558028429746628,1,0.006075136363506317,1,0.006075136363506317,0.1253614054148784,,,,1,60.75136363506317,-0.006617601960897446,-0.01735398918390274,0.014558028429746628,0.7310287339358255
2024-10-25,fold_7,"Inflation bear, AI rally and 2025",0.003973126411437988,1,0.00016139104263857007,1,0.00016139104263857007,0.12552279645751696,,,,1,1.6139104263857007,-0.0023183636367321014,-0.016057491302490234,0.003973126411437988,0.019379350634746075
2024-10-28,fold_7,"Inflation bear, AI rally and 2025",0.005118407309055328,1,0.00956255104392767,1,0.00956255104392767,0.13508534750144463,,,,1,95.6255104392767,-0.01856663078069687,-0.019136182963848114,0.005118407309055328,1.1512792631994628
2024-10-29,fold_7,"Inflation bear, AI rally and 2025",0.0025352686643600464,1,-0.007586243096739054,-1,-0.007586243096739054,0.12749910440470558,,,,0,-75.86243096739054,-0.01131311897188425,-0.016022659838199615,0.0025352686643600464,-0.9503655323814653
2024-10-30,fold_7,"Inflation bear, AI rally and 2025",0.009594842791557312,1,-0.02556682378053665,-1,-0.02556682378053665,0.10193228062416892,,,,0,-255.66823780536652,-0.003741031512618065,0.018364498391747475,0.009594842791557312,-3.135267415563969
2024-10-31,fold_7,"Inflation bear, AI rally and 2025",0.012532684952020645,1,0.007371632847934961,1,0.007371632847934961,0.10930391347210389,,,,1,73.71632847934961,0.00993245281279087,0.05955290049314499,0.012532684952020645,0.7403067553257175
2024-11-01,fold_7,"Inflation bear, AI rally and 2025",0.014845278114080429,1,-0.0029172992799431086,-1,-0.0029172992799431086,0.10638661419216078,,,,0,-29.172992799431086,0.005707776173949242,0.05334897339344025,0.014845278114080429,-0.29950634869518994
2024-11-04,fold_7,"Inflation bear, AI rally and 2025",0.010967511683702469,1,0.012676074169576168,1,0.012676074169576168,0.11906268836173695,,,,1,126.76074169576168,0.01099458895623684,0.055682770907878876,0.010967511683702469,1.3398945483494553
2024-11-05,fold_7,"Inflation bear, AI rally and 2025",0.013071168214082718,1,0.026800915598869324,1,0.026800915598869324,0.14586360396060627,,,,1,268.00915598869324,0.009450415149331093,0.04119488596916199,0.013071168214082718,2.8808626073089583
2024-11-06,fold_7,"Inflation bear, AI rally and 2025",0.00924057886004448,1,0.015621576458215714,1,0.015621576458215714,0.16148518041882198,,,,1,156.21576458215714,-0.008756542578339577,0.01310655102133751,0.00924057886004448,1.4296840550942842
2024-11-07,fold_7,"Inflation bear, AI rally and 2025",0.0010572969913482666,1,0.0011677085421979427,1,0.0011677085421979427,0.16265288896101993,,,,1,11.677085421979427,-0.013525695540010929,-0.00948903989046812,0.0010572969913482666,0.10181834569816123
2024-11-08,fold_7,"Inflation bear, AI rally and 2025",0.002001766115427017,1,-0.0005835042102262378,-1,-0.0005835042102262378,0.1620693847507937,,,,0,-5.835042102262378,-0.01104491576552391,-0.034771133214235306,0.002001766115427017,-0.05088905969453027
2024-11-11,fold_7,"Inflation bear, AI rally and 2025",0.008521050214767456,1,-0.0018118094885721803,-1,-0.0018118094885721803,0.1602575752622215,,,,0,-18.118094885721803,-0.0010374505072832108,-0.02726396732032299,0.008521050214767456,-0.16014334393689053
2024-11-12,fold_7,"Inflation bear, AI rally and 2025",0.006646107882261276,1,-0.0012874208623543382,-1,-0.0012874208623543382,0.15897015439986717,,,,0,-12.874208623543382,0.005997845903038979,-0.018596025183796883,0.006646107882261276,-0.11796369941144873
2024-11-13,fold_7,"Inflation bear, AI rally and 2025",0.008410215377807617,1,-0.006974013987928629,-1,-0.006974013987928629,0.15199614041193854,,,,0,-69.74013987928629,0.01775890402495861,-0.01788480579853058,0.008410215377807617,-0.6387942340020782
2024-11-14,fold_7,"Inflation bear, AI rally and 2025",0.012498505413532257,1,-0.02411438338458538,-1,-0.02411438338458538,0.12788175702735316,,,,0,-241.1438338458538,0.016153207048773766,-0.00732002779841423,0.012498505413532257,-2.1868111876517204
2024-11-15,fold_7,"Inflation bear, AI rally and 2025",0.01194353774189949,1,0.006923658773303032,1,0.006923658773303032,0.1348054158006562,,,,1,69.23658773303032,0.02489159069955349,0.018397189676761627,0.01194353774189949,0.5680860031384004
2024-11-18,fold_7,"Inflation bear, AI rally and 2025",0.01014593243598938,1,0.006856133230030537,1,0.006856133230030537,0.14166154903068673,,,,1,68.56133230030537,0.019174495711922646,0.01305388379842043,0.01014593243598938,0.558401971919163
2024-11-19,fold_7,"Inflation bear, AI rally and 2025",0.007525455206632614,1,-0.0005762007203884423,-1,-0.0005762007203884423,0.1410853483102983,,,,0,-5.762007203884423,0.008853500708937645,0.01155262440443039,0.007525455206632614,-0.046576442710721276
2024-11-20,fold_7,"Inflation bear, AI rally and 2025",0.00974380224943161,1,0.0035907637793570757,1,0.0035907637793570757,0.14467611208965536,,,,1,35.90763779357076,-0.008309168741106987,0.0042242552153766155,0.00974380224943161,0.30225052300490235
2024-11-21,fold_7,"Inflation bear, AI rally and 2025",0.007589470595121384,1,0.0016028343234211206,1,0.0016028343234211206,0.14627894641307648,,,,1,16.028343234211206,-0.024863511323928833,0.00938198808580637,0.007589470595121384,0.1361859766994263
2024-11-22,fold_7,"Inflation bear, AI rally and 2025",0.006029039621353149,1,0.0015803531277924776,1,0.0015803531277924776,0.14785929954086896,,,,1,15.803531277924776,-0.03570236638188362,0.01860809698700905,0.006029039621353149,0.13511581519797833
2024-11-25,fold_7,"Inflation bear, AI rally and 2025",0.007322341203689575,1,0.0053548733703792095,1,0.0053548733703792095,0.15321417291124817,,,,1,53.548733703792095,-0.03185609355568886,0.020089376717805862,0.007322341203689575,0.457620211764222
2024-11-26,fold_7,"Inflation bear, AI rally and 2025",0.010194648057222366,1,-0.007904569618403912,-1,-0.007904569618403912,0.14530960329284426,,,,0,-79.04569618403912,-0.015323435887694359,0.027021605521440506,0.010194648057222366,-0.6833908702918953
2024-11-27,fold_7,"Inflation bear, AI rally and 2025",0.010703064501285553,1,0.008748495951294899,1,0.008748495951294899,0.15405809924413916,,,,1,87.48495951294899,-0.005001267418265343,0.03215114027261734,0.010703064501285553,0.7556567176370566
2024-11-29,fold_7,"Inflation bear, AI rally and 2025",0.016059793531894684,1,0.010828942991793156,1,0.010828942991793156,0.1648870422359323,,,,1,108.28942991793156,0.005415666848421097,0.03231269493699074,0.016059793531894684,1.055899376910174
2024-12-02,fold_7,"Inflation bear, AI rally and 2025",0.01929786428809166,1,0.003061633324250579,1,0.003061633324250579,0.1679486755601829,,,,1,30.61633324250579,0.017083657905459404,0.013665560632944107,0.01929786428809166,0.29416382393420215
2024-12-03,fold_7,"Inflation bear, AI rally and 2025",0.01901882514357567,1,0.01228710263967514,1,0.01228710263967514,0.18023577819985803,,,,1,122.8710263967514,0.01265597902238369,0.007190646603703499,0.01901882514357567,1.180318253081192
2024-12-04,fold_7,"Inflation bear, AI rally and 2025",0.011521823704242706,1,-0.0027750355657190084,-1,-0.0027750355657190084,0.17746074263413902,,,,0,-27.750355657190084,0.022557398304343224,0.012647631578147411,0.011521823704242706,-0.2671733985316268
2024-12-05,fold_7,"Inflation bear, AI rally and 2025",0.012090679258108139,1,0.008910051546990871,1,0.008910051546990871,0.1863707941811299,,,,1,89.10051546990871,0.016553333029150963,0.008947910740971565,0.012090679258108139,1.0474948066388639
2024-12-06,fold_7,"Inflation bear, AI rally and 2025",0.009156711399555206,1,-0.007818191312253475,-1,-0.007818191312253475,0.17855260286887642,,,,0,-78.18191312253475,0.015076545998454094,0.007663036696612835,0.009156711399555206,-0.9763530416449152
2024-12-09,fold_7,"Inflation bear, AI rally and 2025",0.012380000203847885,1,-0.0034132804721593857,-1,-0.0034132804721593857,0.17513932239671703,,,,0,-34.13280472159386,0.020197195932269096,0.029779212549328804,0.012380000203847885,-0.41666036610704454
2024-12-10,fold_7,"Inflation bear, AI rally and 2025",0.01333129033446312,1,0.017744088545441628,1,0.017744088545441628,0.19288341094215866,,,,1,177.44088545441628,0.026767762377858162,0.028778880834579468,0.01333129033446312,2.1569583437642637
2024-12-11,fold_7,"Inflation bear, AI rally and 2025",0.00940459594130516,1,-0.006474756635725498,-1,-0.006474756635725498,0.18640865430643316,,,,0,-64.74756635725498,0.02145521156489849,-0.025708824396133423,0.00940459594130516,-0.7096169509710132
2024-12-12,fold_7,"Inflation bear, AI rally and 2025",0.011122249066829681,1,0.007625177036970854,1,0.007625177036970854,0.19403383134340402,,,,1,76.25177036970854,0.023610522970557213,-0.023697493597865105,0.011122249066829681,0.8257751735954242
2024-12-13,fold_7,"Inflation bear, AI rally and 2025",0.008435599505901337,1,0.01429798360913992,1,0.01429798360913992,0.20833181495254394,,,,1,142.9798360913992,0.029903041198849678,-0.022628068923950195,0.008435599505901337,1.5441146298969766
2024-12-16,fold_7,"Inflation bear, AI rally and 2025",0.00875847414135933,1,-0.004413610324263573,-1,-0.004413610324263573,0.20391820462828036,,,,0,-44.13610324263573,0.02796926535665989,-0.02723037078976631,0.00875847414135933,-0.5396602766272658
2024-12-17,fold_7,"Inflation bear, AI rally and 2025",0.00831664726138115,1,-0.03674361854791641,-1,-0.03674361854791641,0.16717458608036395,,,,0,-367.4361854791641,0.029800983145833015,-0.00934807863086462,0.00831664726138115,-4.541270883179465
2024-12-18,fold_7,"Inflation bear, AI rally and 2025",0.009618282318115234,1,-0.004463426768779755,-1,-0.004463426768779755,0.1627111593115842,,,,0,-44.634267687797546,0.05953112244606018,0.026716021820902824,0.009618282318115234,-0.39053926853043847
2024-12-19,fold_7,"Inflation bear, AI rally and 2025",0.010243970900774002,1,0.00869460217654705,1,0.00869460217654705,0.17140576148813125,,,,1,86.9460217654705,0.043940454721450806,0.017797116190195084,0.010243970900774002,0.7579205871356646
2024-12-20,fold_7,"Inflation bear, AI rally and 2025",0.013893604278564453,1,0.009695682674646378,1,0.009695682674646378,0.18110144416277763,,,,1,96.95682674646378,0.03793821483850479,-0.004286685958504677,0.013893604278564453,0.8352949709807537
2024-12-23,fold_7,"Inflation bear, AI rally and 2025",0.01823290064930916,1,0.013468680903315544,1,0.013468680903315544,0.19457012506609317,,,,1,134.68680903315544,0.036209285259246826,-0.02251328155398369,0.01823290064930916,1.1411439948871818
2024-12-24,fold_7,"Inflation bear, AI rally and 2025",0.0159585140645504,1,-0.000679517223034054,-1,-0.000679517223034054,0.19389060784305912,,,,0,-6.79517223034054,0.017163967713713646,-0.03793996945023537,0.0159585140645504,-0.05580862951838488
2024-12-26,fold_7,"Inflation bear, AI rally and 2025",0.010517057031393051,1,-0.01338233333081007,-1,-0.01338233333081007,0.18050827451224905,,,,0,-133.8233333081007,0.003400474786758423,-0.02102765068411827,0.010517057031393051,-1.104355311002339
2024-12-27,fold_7,"Inflation bear, AI rally and 2025",0.009064286947250366,1,-0.013389199040830135,-1,-0.013389199040830135,0.1671190754714189,,,,0,-133.89199040830135,-0.0001475699245929718,0.0037819980643689632,0.009064286947250366,-1.0836190505276386
2024-12-30,fold_7,"Inflation bear, AI rally and 2025",0.01141820102930069,1,-0.008530912920832634,-1,-0.008530912920832634,0.15858816255058628,,,,0,-85.30912920832634,-0.002958042547106743,-0.0008342231158167124,0.01141820102930069,-0.6790967534261981
2024-12-31,fold_7,"Inflation bear, AI rally and 2025",0.00905914232134819,1,-0.001958006527274847,-1,-0.001958006527274847,0.15663015602331143,,,,0,-19.58006527274847,-0.0017154552042484283,0.007871338166296482,0.00905914232134819,-0.15697591873959477
2025-01-02,fold_7,"Inflation bear, AI rally and 2025",0.008171487599611282,1,0.016232801601290703,1,0.016232801601290703,0.17286295762460213,,,,1,162.32801601290703,0.0037857331335544586,-0.005975963082164526,0.008171487599611282,1.302564693849145
2025-01-03,fold_7,"Inflation bear, AI rally and 2025",0.010736603289842606,1,0.011427314952015877,1,0.011427314952015877,0.184290272576618,,,,1,114.27314952015877,0.0022798478603363037,-0.025427700951695442,0.010736603289842606,0.9007871628095191
2025-01-06,fold_7,"Inflation bear, AI rally and 2025",0.008794404566287994,1,-0.01800542138516903,-1,-0.01800542138516903,0.16628485119144898,,,,0,-180.0542138516903,9.43802297115326e-06,-0.037804875522851944,0.008794404566287994,-1.3929812999224083
2025-01-07,fold_7,"Inflation bear, AI rally and 2025",0.00769544392824173,1,0.00017464857955928892,1,0.00017464857955928892,0.16645949977100827,,,,1,1.7464857955928892,-0.001657990738749504,0.0029459847137331963,0.00769544392824173,0.013042302412667819
2025-01-08,fold_7,"Inflation bear, AI rally and 2025",0.010009091347455978,1,-0.015805307775735855,-1,-0.015805307775735855,0.1506541919952724,,,,0,-158.05307775735855,-0.004298282787203789,-0.004259203560650349,0.010009091347455978,-1.1904829162064468
2025-01-10,fold_7,"Inflation bear, AI rally and 2025",0.009813286364078522,1,-0.0032189367339015007,-1,-0.0032189367339015007,0.1474352552613709,,,,0,-32.18936733901501,-0.001484038308262825,0.028283799067139626,0.009813286364078522,-0.23465888856546038
2025-01-13,fold_7,"Inflation bear, AI rally and 2025",0.008962556719779968,1,-0.0009498588042333722,-1,-0.0009498588042333722,0.14648539645713754,,,,0,-9.498588042333722,-0.001184007152915001,0.03735056519508362,0.008962556719779968,-0.07222777190658458
2025-01-14,fold_7,"Inflation bear, AI rally and 2025",0.008641600608825684,1,0.022745439782738686,1,0.022745439782738686,0.16923083623987623,,,,1,227.45439782738686,-0.0022008847445249557,0.05100506544113159,0.008641600608825684,1.7399232613692317
2025-01-15,fold_7,"Inflation bear, AI rally and 2025",0.008625894784927368,1,-0.007030539680272341,-1,-0.007030539680272341,0.16220029655960388,,,,0,-70.30539680272341,-0.0062646809965372086,0.030383583158254623,0.008625894784927368,-0.5049517597581288
2025-01-16,fold_7,"Inflation bear, AI rally and 2025",0.006723430007696152,1,0.016737693920731544,1,0.016737693920731544,0.17893799048033543,,,,1,167.37693920731544,-0.00881202146410942,0.03174690529704094,0.006723430007696152,1.2269209099107852
2025-01-17,fold_7,"Inflation bear, AI rally and 2025",0.008402328938245773,1,0.005847829394042492,1,0.005847829394042492,0.18478581987437792,,,,1,58.47829394042492,-0.01587197557091713,-0.014537647366523743,0.008402328938245773,0.4143973905147078
2025-01-21,fold_7,"Inflation bear, AI rally and 2025",0.005175713449716568,1,0.012704640626907349,1,0.012704640626907349,0.19749046050128527,,,,1,127.04640626907349,-0.022794382646679878,-0.005713867023587227,0.005175713449716568,1.100211193259038
2025-01-22,fold_7,"Inflation bear, AI rally and 2025",0.006942417472600937,1,0.0021239574998617172,1,0.0021239574998617172,0.199614418001147,,,,1,21.239574998617172,-0.01640159823000431,-0.02029821276664734,0.006942417472600937,0.1792397771662967
2025-01-23,fold_7,"Inflation bear, AI rally and 2025",0.007735438644886017,1,-0.005667216144502163,-1,-0.005667216144502163,0.19394720185664482,,,,0,-56.67216144502163,-0.005915991961956024,-0.018168844282627106,0.007735438644886017,-0.4844238379339672
2025-01-24,fold_7,"Inflation bear, AI rally and 2025",0.008936986327171326,1,-0.029546858742833138,-1,-0.029546858742833138,0.1644003431138117,,,,0,-295.4685874283314,-0.0015451591461896896,-0.013955770991742611,0.008936986327171326,-2.554659461653467
2025-01-27,fold_7,"Inflation bear, AI rally and 2025",0.00993361696600914,1,0.014671609736979008,1,0.014671609736979008,0.1790719528507907,,,,1,146.71609736979008,0.011517016217112541,0.007555878255516291,0.00993361696600914,1.1307622690069064
2025-01-28,fold_7,"Inflation bear, AI rally and 2025",0.016736675053834915,1,-0.0018797048833221197,-1,-0.0018797048833221197,0.17719224796746857,,,,0,-18.797048833221197,0.01304023526608944,0.00508470181375742,0.016736675053834915,-0.14046057405372117
2025-01-29,fold_7,"Inflation bear, AI rally and 2025",0.009933438152074814,1,0.004253325052559376,1,0.004253325052559376,0.18144557302002795,,,,1,42.53325052559376,0.013829158619046211,0.011492137797176838,0.009933438152074814,0.3259162506482828
2025-01-30,fold_7,"Inflation bear, AI rally and 2025",0.011640746146440506,1,-0.0014541425043717027,-1,-0.0014541425043717027,0.17999143051565625,,,,0,-14.541425043717027,0.016730016097426414,0.01244503352791071,0.011640746146440506,-0.11415912596668515
2025-01-31,fold_7,"Inflation bear, AI rally and 2025",0.012209665030241013,1,-0.008035209029912949,-1,-0.008035209029912949,0.1719562214857433,,,,0,-80.35209029912949,0.007954427972435951,0.0012055110419169068,0.012209665030241013,-0.6377956415929221
2025-02-03,fold_7,"Inflation bear, AI rally and 2025",0.012050673365592957,1,0.01220043282955885,1,0.01220043282955885,0.18415665431530215,,,,1,122.0043282955885,-0.003654647618532181,0.021273206919431686,0.012050673365592957,0.9592780334475167
2025-02-04,fold_7,"Inflation bear, AI rally and 2025",0.005879111588001251,1,0.004527731332927942,1,0.004527731332927942,0.1886843856482301,,,,1,45.27731332927942,-0.012828316539525986,0.006689184810966253,0.005879111588001251,0.36248105051066565
2025-02-05,fold_7,"Inflation bear, AI rally and 2025",0.01372644305229187,1,0.00520622031763196,1,0.00520622031763196,0.19389060596586205,,,,1,52.0622031763196,-0.029732387512922287,0.0027484078891575336,0.01372644305229187,0.424351776164534
2025-02-06,fold_7,"Inflation bear, AI rally and 2025",0.00857318565249443,1,-0.01269366405904293,-1,-0.01269366405904293,0.18119694190681912,,,,0,-126.9366405904293,-0.03167587146162987,0.011825453490018845,0.00857318565249443,-1.0898155390432156
2025-02-07,fold_7,"Inflation bear, AI rally and 2025",0.007573511451482773,1,0.012032486498355865,1,0.012032486498355865,0.19322942840517499,,,,1,120.32486498355865,-0.026546191424131393,0.028708897531032562,0.007573511451482773,1.0036834697670374
2025-02-10,fold_7,"Inflation bear, AI rally and 2025",0.010516446083784103,1,-0.002383588580414653,-1,-0.002383588580414653,0.19084583982476033,,,,0,-23.83588580414653,-0.030431058257818222,0.018940920010209084,0.010516446083784103,-0.20256088020514224
2025-02-11,fold_7,"Inflation bear, AI rally and 2025",0.010997075587511063,1,0.0005869545857422054,1,0.0005869545857422054,0.19143279441050254,,,,1,5.869545857422054,-0.031023114919662476,0.021602557972073555,0.010997075587511063,0.04992246657520241
2025-02-12,fold_7,"Inflation bear, AI rally and 2025",0.007879052311182022,1,0.014283265918493271,1,0.014283265918493271,0.2057160603289958,,,,1,142.8326591849327,-0.021714890375733376,0.016762059181928635,0.007879052311182022,1.2149625157575195
2025-02-13,fold_7,"Inflation bear, AI rally and 2025",0.0049849264323711395,1,0.004189779050648212,1,0.004189779050648212,0.20990583937964402,,,,1,41.897790506482124,-0.021312126889824867,-0.01849435083568096,0.0049849264323711395,0.3784886720745663
2025-02-14,fold_7,"Inflation bear, AI rally and 2025",0.007398977875709534,1,0.002264508744701743,1,0.002264508744701743,0.21217034812434576,,,,1,22.64508744701743,-0.01186821237206459,-0.034558553248643875,0.007398977875709534,0.20591048791693217
2025-02-18,fold_7,"Inflation bear, AI rally and 2025",0.0067942775785923,1,0.0002780499344225973,1,0.0002780499344225973,0.21244839805876836,,,,1,2.780499344225973,-0.003906669095158577,-0.049502383917570114,0.0067942775785923,0.02685567236901609
2025-02-19,fold_7,"Inflation bear, AI rally and 2025",0.008065402507781982,1,-0.00425354391336441,-1,-0.00425354391336441,0.20819485414540395,,,,0,-42.535439133644104,-0.0036930739879608154,-0.04736772179603577,0.008065402507781982,-0.4141406173823227
2025-02-20,fold_7,"Inflation bear, AI rally and 2025",0.0065123774111270905,1,-0.020973144099116325,-1,-0.020973144099116325,0.18722171004628763,,,,0,-209.73144099116325,0.002826603129506111,-0.07127831876277924,0.0065123774111270905,-2.115124717352403
2025-02-21,fold_7,"Inflation bear, AI rally and 2025",0.007584128528833389,1,-0.011874424293637276,-1,-0.011874424293637276,0.17534728575265035,,,,0,-118.74424293637276,0.016388854011893272,-0.03463706746697426,0.007584128528833389,-1.083570530091159
2025-02-24,fold_7,"Inflation bear, AI rally and 2025",0.012102805078029633,1,-0.012679321691393852,-1,-0.012679321691393852,0.1626679640612565,,,,0,-126.79321691393852,0.03616339713335037,-0.04488817974925041,0.012102805078029633,-1.1316524071712148
2025-02-25,fold_7,"Inflation bear, AI rally and 2025",0.009344618767499924,1,0.002412711502984166,1,0.002412711502984166,0.16508067556424066,,,,1,24.12711502984166,0.03708405792713165,-0.035231202840805054,0.009344618767499924,0.2544313760054517
2025-02-26,fold_7,"Inflation bear, AI rally and 2025",0.012203168123960495,1,-0.02816414088010788,-1,-0.02816414088010788,0.13691653468413278,,,,0,-281.6414088010788,0.03416620194911957,-0.02469206415116787,0.012203168123960495,-3.1597074203238327
2025-02-27,fold_7,"Inflation bear, AI rally and 2025",0.01209341362118721,1,0.015668107196688652,1,0.015668107196688652,0.15258464188082144,,,,1,156.68107196688652,0.025174258276820183,-0.02442282810807228,0.01209341362118721,1.436683933453293
2025-02-28,fold_7,"Inflation bear, AI rally and 2025",0.009455997496843338,1,-0.02212553843855858,-1,-0.02212553843855858,0.13045910344226286,,,,0,-221.25538438558578,0.012629291042685509,-0.0327642448246479,0.009455997496843338,-1.9382641638574425
2025-03-03,fold_7,"Inflation bear, AI rally and 2025",0.009481929242610931,1,-0.0030223436187952757,-1,-0.0030223436187952757,0.12743675982346758,,,,0,-30.223436187952757,0.008634762838482857,-0.05016609653830528,0.009481929242610931,-0.2430142505803539
2025-03-04,fold_7,"Inflation bear, AI rally and 2025",0.01199057325720787,1,0.012951849959790707,1,0.012951849959790707,0.1403886097832583,,,,1,129.51849959790707,0.010134020820260048,-0.04953701049089432,0.01199057325720787,1.0508624067943906
2025-03-05,fold_7,"Inflation bear, AI rally and 2025",0.010650645941495895,1,-0.02789490483701229,-1,-0.02789490483701229,0.112493704946246,,,,0,-278.9490483701229,0.008137540891766548,-0.05127124860882759,0.010650645941495895,-2.2562760531011747
2025-03-06,fold_7,"Inflation bear, AI rally and 2025",0.011489950120449066,1,0.007326692808419466,1,0.007326692808419466,0.11982039775466546,,,,1,73.26692808419466,0.008150888606905937,-0.04153061285614967,0.011489950120449066,0.530514293447537
2025-03-07,fold_7,"Inflation bear, AI rally and 2025",0.010162856429815292,1,-0.039527393877506256,-1,-0.039527393877506256,0.08029300387715921,,,,0,-395.27393877506256,0.008182378485798836,-0.024974392727017403,0.010162856429815292,-2.8521982387636458
2025-03-10,fold_7,"Inflation bear, AI rally and 2025",0.010502371937036514,1,-0.002393258037045598,-1,-0.002393258037045598,0.07789974584011361,,,,0,-23.93258037045598,0.0066502895206213,0.021015793085098267,0.010502371937036514,-0.14782092154955517
2025-03-11,fold_7,"Inflation bear, AI rally and 2025",0.01030164584517479,1,0.011217612773180008,1,0.011217612773180008,0.08911735861329362,,,,1,112.17612773180008,0.009031737223267555,0.0062147388234734535,0.01030164584517479,0.7022379003606621
2025-03-12,fold_7,"Inflation bear, AI rally and 2025",0.00890175998210907,1,-0.018154267221689224,-1,-0.018154267221689224,0.0709630913916044,,,,0,-181.54267221689224,0.0058813318610191345,0.008289692923426628,0.00890175998210907,-1.1233351275181127
2025-03-13,fold_7,"Inflation bear, AI rally and 2025",0.00962870940566063,1,0.0238829106092453,1,0.0238829106092453,0.0948460020008497,,,,1,238.829106092453,0.0055148545652627945,0.023048678413033485,0.00962870940566063,1.433327728065527
2025-03-14,fold_7,"Inflation bear, AI rally and 2025",0.007728897035121918,1,0.006462794728577137,1,0.006462794728577137,0.10130879672942683,,,,1,64.62794728577137,0.0028389040380716324,0.002457075286656618,0.007728897035121918,0.3756676896084284
2025-03-17,fold_7,"Inflation bear, AI rally and 2025",0.008750725537538528,1,-0.017194312065839767,-1,-0.017194312065839767,0.08411448466358706,,,,0,-171.94312065839767,-0.0007859859615564346,0.017701327800750732,0.008750725537538528,-0.997428633637089
2025-03-18,fold_7,"Inflation bear, AI rally and 2025",0.008061397820711136,1,0.013292566873133183,1,0.013292566873133183,0.09740705153672025,,,,1,132.92566873133183,0.00020578689873218536,0.040585990995168686,0.008061397820711136,0.7529097085664618
2025-03-19,fold_7,"Inflation bear, AI rally and 2025",0.007957205176353455,1,-0.0033952805679291487,-1,-0.0033952805679291487,0.0940117709687911,,,,0,-33.95280567929149,-0.00038992613554000854,0.00872135628014803,0.007957205176353455,-0.189645777621097
2025-03-20,fold_7,"Inflation bear, AI rally and 2025",0.00760878250002861,1,0.0032913063187152147,1,0.0032913063187152147,0.09730307728750631,,,,1,32.91306318715215,-0.001527152955532074,0.006402337457984686,0.00760878250002861,0.18393242786491146
2025-03-21,fold_7,"Inflation bear, AI rally and 2025",0.007555093616247177,1,0.021707046777009964,1,0.021707046777009964,0.11901012406451628,,,,1,217.07046777009964,0.002017419785261154,-0.023569578304886818,0.007555093616247177,1.2558823168990274
2025-03-24,fold_7,"Inflation bear, AI rally and 2025",0.00792824849486351,1,0.005690351594239473,1,0.005690351594239473,0.12470047565875575,,,,1,56.90351594239473,0.0020817704498767853,-0.04531926289200783,0.00792824849486351,0.32048442258407656
2025-03-25,fold_7,"Inflation bear, AI rally and 2025",0.0076843202114105225,1,-0.018572067841887474,-1,-0.018572067841887474,0.10612840781686828,,,,0,-185.72067841887474,0.0024760309606790543,-0.04298087954521179,0.0076843202114105225,-1.0568059807657881
2025-03-26,fold_7,"Inflation bear, AI rally and 2025",0.008219782263040543,1,-0.005714299622923136,-1,-0.005714299622923136,0.10041410819394514,,,,0,-57.14299622923136,0.008204067125916481,-0.017136819660663605,0.008219782263040543,-0.3165865709902819
2025-03-27,fold_7,"Inflation bear, AI rally and 2025",0.010247230529785156,1,-0.026680609211325645,-1,-0.026680609211325645,0.0737334989826195,,,,0,-266.80609211325645,0.0068011656403541565,-0.06644228845834732,0.010247230529785156,-1.5728139846911706
2025-03-28,fold_7,"Inflation bear, AI rally and 2025",0.009505383670330048,1,-4.263700975570828e-05,-1,-4.263700975570828e-05,0.07369086197286379,,,,0,-0.4263700975570828,0.010533301159739494,-0.10388310998678207,0.009505383670330048,-0.002417402521640605
2025-03-31,fold_7,"Inflation bear, AI rally and 2025",0.010090857744216919,1,0.008028735406696796,1,0.008028735406696796,0.08171959737956058,,,,1,80.28735406696796,0.01055111177265644,-0.10143010318279266,0.010090857744216919,0.4742472209972108
2025-04-01,fold_7,"Inflation bear, AI rally and 2025",0.010519865900278091,1,0.007271991111338139,1,0.007271991111338139,0.08899158849089872,,,,1,72.71991111338139,0.006129451096057892,-0.12763145565986633,0.010519865900278091,0.42748922377433163
2025-04-02,fold_7,"Inflation bear, AI rally and 2025",0.008990481495857239,1,-0.055019769817590714,-1,-0.055019769817590714,0.03397181867330801,,,,0,-550.1976981759071,0.0033234301954507828,-0.021547358483076096,0.008990481495857239,-3.2669603826950797
2025-04-03,fold_7,"Inflation bear, AI rally and 2025",0.00935918465256691,1,-0.06412143260240555,-1,-0.06412143260240555,-0.03014961392909754,,,,0,-641.2143260240555,0.008976200595498085,-0.009990752674639225,0.00935918465256691,-3.2218939204937738
2025-04-04,fold_7,"Inflation bear, AI rally and 2025",0.011619791388511658,1,0.0024103696923702955,1,0.0024103696923702955,-0.027739244236727245,,,,1,24.103696923702955,0.015534481033682823,0.07238619029521942,0.011619791388511658,0.09848710582561052
2025-04-07,fold_7,"Inflation bear, AI rally and 2025",0.010681450366973877,1,-0.01817261427640915,-1,-0.01817261427640915,-0.045911858513136394,,,,0,-181.7261427640915,0.018722569569945335,0.0767311081290245,0.010681450366973877,-0.796046233471477
2025-04-08,fold_7,"Inflation bear, AI rally and 2025",0.011180691421031952,1,0.1133560836315155,1,0.1133560836315155,0.06744422511837911,,,,1,1133.560836315155,0.02003464289009571,0.09601788967847824,0.011180691421031952,4.889990120928103
2025-04-09,fold_7,"Inflation bear, AI rally and 2025",0.010055489838123322,1,-0.04346316307783127,-1,-0.04346316307783127,0.02398106204054784,,,,0,-434.6316307783127,0.013284692540764809,-0.0479557141661644,0.010055489838123322,-1.2687291452129743
2025-04-10,fold_7,"Inflation bear, AI rally and 2025",0.009506314992904663,1,0.01825551502406597,1,0.01825551502406597,0.04223657706461381,,,,1,182.5551502406597,0.009732378646731377,-0.004672687966376543,0.009506314992904663,0.5160277596305618
2025-04-11,fold_7,"Inflation bear, AI rally and 2025",0.009331412613391876,1,0.006755282171070576,1,0.006755282171070576,0.04899185923568439,,,,1,67.55282171070576,0.007728544995188713,-0.04798625782132149,0.009331412613391876,0.19186220783259403
2025-04-14,fold_7,"Inflation bear, AI rally and 2025",0.008984290063381195,1,0.0011141699505969882,1,0.0011141699505969882,0.050106029186281376,,,,1,11.141699505969882,0.0009711813181638718,-0.028828177601099014,0.008984290063381195,0.0316419716434806
2025-04-15,fold_7,"Inflation bear, AI rally and 2025",0.008579790592193604,1,-0.030617518350481987,-1,-0.030617518350481987,0.01948851083579939,,,,0,-306.17518350481987,-0.0010260045528411865,-0.007517511025071144,0.008579790592193604,-0.8747330783313502
2025-04-16,fold_7,"Inflation bear, AI rally and 2025",0.007380276918411255,1,-0.00018013635417446494,-1,-0.00018013635417446494,0.019308374481624924,,,,0,-1.8013635417446494,0.0008028652518987656,0.05084860697388649,0.007380276918411255,-0.005068363389150477
2025-04-17,fold_7,"Inflation bear, AI rally and 2025",0.00790201872587204,1,-0.02505805715918541,-1,-0.02505805715918541,-0.005749682677560486,,,,0,-250.5805715918541,-0.0024797990918159485,0.06211496889591217,0.00790201872587204,-0.7052004373844853
2025-04-21,fold_7,"Inflation bear, AI rally and 2025",0.006647784262895584,1,0.025913363322615623,1,0.025913363322615623,0.020163680645055138,,,,1,259.13363322615623,-0.0024432912468910217,0.08685559034347534,0.006647784262895584,0.720520723984611
2025-04-22,fold_7,"Inflation bear, AI rally and 2025",0.007688790559768677,1,0.022424837574362755,1,0.022424837574362755,0.04258851821941789,,,,1,224.24837574362755,-0.0035704653710126877,0.06752496212720871,0.007688790559768677,0.6211222406699431
2025-04-23,fold_7,"Inflation bear, AI rally and 2025",0.006193708628416061,1,0.027748601511120796,1,0.027748601511120796,0.07033711973053869,,,,1,277.48601511120796,-0.00825524888932705,0.04497391730546951,0.006193708628416061,0.7617366307611424
2025-04-24,fold_7,"Inflation bear, AI rally and 2025",0.0046297721564769745,1,0.01108622271567583,1,0.01108622271567583,0.08142334244621452,,,,1,110.86222715675831,-0.010031566023826599,0.03020145744085312,0.0046297721564769745,0.30192364164997343
2025-04-25,fold_7,"Inflation bear, AI rally and 2025",0.004455868154764175,1,-0.00031743646832183003,-1,-0.00031743646832183003,0.08110590597789269,,,,0,-3.1743646832183003,-0.009637650102376938,0.03385004773736,0.004455868154764175,-0.008630674926025761
2025-04-28,fold_7,"Inflation bear, AI rally and 2025",0.005576673895120621,1,0.0065827397629618645,1,0.0065827397629618645,0.08768864574085455,,,,1,65.82739762961864,-0.01024866383522749,0.028217311948537827,0.005576673895120621,0.18137760637662514
2025-04-29,fold_7,"Inflation bear, AI rally and 2025",0.005959056317806244,1,-0.00012620817869901657,-1,-0.00012620817869901657,0.08756243756215554,,,,0,-1.2620817869901657,-0.006578193977475166,0.012289345264434814,0.005959056317806244,-0.0034746220771629953
2025-04-30,fold_7,"Inflation bear, AI rally and 2025",0.0067265890538692474,1,0.012976137921214104,1,0.012976137921214104,0.10053857548336964,,,,1,129.76137921214104,-0.005032416433095932,0.01633375883102417,0.0067265890538692474,0.35768155522795286
2025-05-01,fold_7,"Inflation bear, AI rally and 2025",0.006540555506944656,1,0.014734814874827862,1,0.014734814874827862,0.1152733903581975,,,,1,147.34814874827862,-0.006847089156508446,0.013629618100821972,0.006540555506944656,0.40527054453153283
2025-05-02,fold_7,"Inflation bear, AI rally and 2025",0.006477858871221542,1,-0.005950172431766987,-1,-0.005950172431766987,0.10932321792643052,,,,0,-59.50172431766987,-0.007475083693861961,-0.0017607435584068298,0.006477858871221542,-0.17311363003944677
2025-05-05,fold_7,"Inflation bear, AI rally and 2025",0.005641873925924301,1,-0.009345225989818573,-1,-0.009345225989818573,0.09997799193661194,,,,0,-93.45225989818573,-0.010180970653891563,0.0441216379404068,0.005641873925924301,-0.29888984103191907
2025-05-06,fold_7,"Inflation bear, AI rally and 2025",0.005738168954849243,1,0.003918205387890339,1,0.003918205387890339,0.10389619732450228,,,,1,39.18205387890339,-0.014033989980816841,0.06859263777732849,0.005738168954849243,0.1250561344734105
2025-05-07,fold_7,"Inflation bear, AI rally and 2025",0.002498280256986618,1,0.010271997191011906,1,0.010271997191011906,0.11416819451551419,,,,1,102.71997191011906,-0.024202432483434677,0.07064971327781677,0.002498280256986618,0.3305092844591725
2025-05-08,fold_7,"Inflation bear, AI rally and 2025",0.001314256340265274,1,-0.00065554742468521,-1,-0.00065554742468521,0.11351264709082898,,,,0,-6.5554742468521,-0.02876966819167137,0.06147606670856476,0.001314256340265274,-0.036156972066067466
2025-05-09,fold_7,"Inflation bear, AI rally and 2025",0.0009300708770751953,1,0.03993220627307892,1,0.03993220627307892,0.1534448533639079,,,,1,399.3220627307892,-0.0374235063791275,0.06647443026304245,0.0009300708770751953,2.6088471223946046
2025-05-12,fold_7,"Inflation bear, AI rally and 2025",0.001280173659324646,1,0.01512577198445797,1,0.01512577198445797,0.16857062534836587,,,,1,151.2577198445797,-0.04463409632444382,0.027500687167048454,0.001280173659324646,0.8771644078400747
2025-05-13,fold_7,"Inflation bear, AI rally and 2025",-0.0008424334228038788,-1,0.005975283216685057,1,-0.005975283216685057,0.1625953421316808,,,,0,-59.75283216685057,-0.03445274010300636,0.009036059491336346,-0.0008424334228038788,0.34129920720393586
2025-05-14,fold_7,"Inflation bear, AI rally and 2025",-0.000384259968996048,-1,0.0010983524844050407,1,-0.0010983524844050407,0.16149698964727577,,,,0,-10.983524844050407,-0.02384646050632,-0.010933410376310349,-0.000384259968996048,0.06256064208819194
2025-05-15,fold_7,"Inflation bear, AI rally and 2025",0.0018195398151874542,1,0.004342813044786453,1,0.004342813044786453,0.16583980269206222,,,,1,43.42813044786453,-0.00998594705015421,-0.010162297636270523,0.0018195398151874542,0.26859577139762664
2025-05-16,fold_7,"Inflation bear, AI rally and 2025",0.0034670978784561157,1,0.0009584668441675603,1,0.0009584668441675603,0.16679826953622978,,,,1,9.584668441675603,-0.0017808321863412857,-0.023808997124433517,0.0034670978784561157,0.059173135968984825
2025-05-19,fold_7,"Inflation bear, AI rally and 2025",0.006971865892410278,1,-0.00333885638974607,-1,-0.00333885638974607,0.1634594131464837,,,,0,-33.3885638974607,0.008310722187161446,-0.0015147612430155277,0.006971865892410278,-0.21967344676553358
2025-05-20,fold_7,"Inflation bear, AI rally and 2025",0.00936969369649887,1,-0.01399418618530035,-1,-0.01399418618530035,0.14946522696118336,,,,0,-139.9418618530035,0.011288633570075035,-0.002617579186335206,0.00936969369649887,-0.9945301163410145
2025-05-21,fold_7,"Inflation bear, AI rally and 2025",0.010352030396461487,1,0.0018694656901061535,1,0.0018694656901061535,0.15133469265128952,,,,1,18.694656901061535,0.011283474043011665,0.013340315781533718,0.010352030396461487,0.13832889935319634
2025-05-22,fold_7,"Inflation bear, AI rally and 2025",0.008218865841627121,1,-0.009303887374699116,-1,-0.009303887374699116,0.1420308052765904,,,,0,-93.03887374699116,0.011823857203125954,0.009892607107758522,0.008218865841627121,-0.774461020632546
2025-05-23,fold_7,"Inflation bear, AI rally and 2025",0.006329569965600967,1,0.0232527032494545,1,0.0232527032494545,0.1652835085260449,,,,1,232.52703249454498,0.010797718539834023,0.027063505724072456,0.006329569965600967,1.9478699600537477
2025-05-27,fold_7,"Inflation bear, AI rally and 2025",0.0064224861562252045,1,-0.004441674333065748,-1,-0.004441674333065748,0.16084183419297915,,,,0,-44.41674333065748,-0.001912211999297142,0.011597446165978909,0.0064224861562252045,-0.34112939391963787
2025-05-28,fold_7,"Inflation bear, AI rally and 2025",0.0037419013679027557,1,0.0019637085497379303,1,0.0019637085497379303,0.16280554274271708,,,,1,19.637085497379303,-0.010729455389082432,0.018823090940713882,0.0037419013679027557,0.15134440968446183
2025-05-29,fold_7,"Inflation bear, AI rally and 2025",0.004988860338926315,1,-0.0015782431000843644,-1,-0.0015782431000843644,0.16122729964263272,,,,0,-15.782431000843644,-0.01630956307053566,0.009304034523665905,0.004988860338926315,-0.12156701262634625
2025-05-30,fold_7,"Inflation bear, AI rally and 2025",0.0036970339715480804,1,0.007867010310292244,1,0.007867010310292244,0.16909430995292496,,,,1,78.67010310292244,-0.024981357157230377,0.02061014249920845,0.0036970339715480804,0.62145509353276
2025-06-02,fold_7,"Inflation bear, AI rally and 2025",0.0028363727033138275,1,0.007786644622683525,1,0.007786644622683525,0.17688095457560848,,,,1,77.86644622683525,-0.03866235166788101,0.014214090071618557,0.0028363727033138275,0.630565866011398
2025-06-03,fold_7,"Inflation bear, AI rally and 2025",-0.010749544948339462,-1,0.0027839706744998693,1,-0.0027839706744998693,0.17409698390110862,,,,0,-27.839706744998693,-0.04661543667316437,0.013019595295190811,-0.010749544948339462,0.22452047709836354
2025-06-04,fold_7,"Inflation bear, AI rally and 2025",-6.476417183876038e-05,-1,-0.0075553483329713345,-1,0.0075553483329713345,0.18165233223407995,,,,1,75.55348332971334,-0.030872290953993797,0.006860374938696623,-6.476417183876038e-05,-0.617361654631516
2025-06-05,fold_7,"Inflation bear, AI rally and 2025",0.0013507083058357239,1,0.009727864526212215,1,0.009727864526212215,0.19138019676029216,,,,1,97.27864526212215,-0.011028038337826729,0.01676086150109768,0.0013507083058357239,0.7894022209341992
2025-06-06,fold_7,"Inflation bear, AI rally and 2025",0.0035862550139427185,1,0.001470958348363638,1,0.001470958348363638,0.1928511551086558,,,,1,14.70958348363638,-0.013156980276107788,-0.00560140423476696,0.0035862550139427185,0.11958058444466334
2025-06-09,fold_7,"Inflation bear, AI rally and 2025",0.0034954771399497986,1,0.006592150311917067,1,0.006592150311917067,0.19944330542057287,,,,1,65.92150311917067,-0.010556487366557121,0.0067417314276099205,0.0034954771399497986,0.5357510440066177
2025-06-10,fold_7,"Inflation bear, AI rally and 2025",0.0027303285896778107,1,-0.003375249681994319,-1,-0.003375249681994319,0.19606805573857855,,,,0,-33.75249681994319,-0.013696916401386261,-0.009649480693042278,0.0027303285896778107,-0.3927775601112056
2025-06-11,fold_7,"Inflation bear, AI rally and 2025",0.0037764087319374084,1,0.002345137996599078,1,0.002345137996599078,0.19841319373517763,,,,1,23.451379965990782,-0.012318365275859833,-0.0064444150775671005,0.0037764087319374084,0.2955188983284086
2025-06-12,fold_7,"Inflation bear, AI rally and 2025",0.005889121443033218,1,-0.012634401209652424,-1,-0.012634401209652424,0.1857787925255252,,,,0,-126.34401209652424,-0.011508208699524403,-0.012881052680313587,0.005889121443033218,-1.6115450914958678
2025-06-13,fold_7,"Inflation bear, AI rally and 2025",0.005111981183290482,1,0.013814094476401806,1,0.013814094476401806,0.199592887001927,,,,1,138.14094476401806,-0.0005320478230714798,0.009983260184526443,0.005111981183290482,1.658394163013713
2025-06-16,fold_7,"Inflation bear, AI rally and 2025",0.005973588675260544,1,-0.00979906227439642,-1,-0.00979906227439642,0.1897938247275306,,,,0,-97.9906227439642,-0.0035444162786006927,0.011345419101417065,0.005973588675260544,-1.109638710114522
2025-06-17,fold_7,"Inflation bear, AI rally and 2025",0.002651035785675049,1,-0.00017018403741531074,-1,-0.00017018403741531074,0.18962364069011528,,,,0,-1.7018403741531074,-0.002203041687607765,0.02369767054915428,0.002651035785675049,-0.018709541966715384
2025-06-18,fold_7,"Inflation bear, AI rally and 2025",0.002442464232444763,1,-0.004091499838978052,-1,-0.004091499838978052,0.18553214085113723,,,,0,-40.91499838978052,0.006395529955625534,0.03317466005682945,0.002442464232444763,-0.45132657086905426
2025-06-20,fold_7,"Inflation bear, AI rally and 2025",0.006890438497066498,1,0.010229912586510181,1,0.010229912586510181,0.1957620534376474,,,,1,102.29912586510181,0.005058476701378822,0.04068398103117943,0.006890438497066498,1.1954519155541303
2025-06-23,fold_7,"Inflation bear, AI rally and 2025",0.010350879281759262,1,0.015176253393292427,1,0.015176253393292427,0.21093830683093984,,,,1,151.76253393292427,0.00245785154402256,0.03691010922193527,0.010350879281759262,1.7152282168837871
2025-06-24,fold_7,"Inflation bear, AI rally and 2025",0.0055959634482860565,1,0.002553190104663372,1,0.002553190104663372,0.2134914969356032,,,,1,25.53190104663372,0.004647612571716309,0.01326880045235157,0.0055959634482860565,0.2761633476020483
2025-06-25,fold_7,"Inflation bear, AI rally and 2025",0.012434318661689758,1,0.009306803345680237,1,0.009306803345680237,0.22279830028128345,,,,1,93.06803345680237,0.007431583479046822,0.0176568441092968,0.012434318661689758,1.2140570495435146
2025-06-26,fold_7,"Inflation bear, AI rally and 2025",0.010374166071414948,1,0.0034178236965090036,1,0.0034178236965090036,0.22621612397779245,,,,1,34.178236965090036,0.001069970428943634,0.018142199143767357,0.010374166071414948,0.4336796183005765
2025-06-27,fold_7,"Inflation bear, AI rally and 2025",0.008635252714157104,1,0.006456038448959589,1,0.006456038448959589,0.23267216242675204,,,,1,64.56038448959589,0.0008235666900873184,0.007162868976593018,0.008635252714157104,0.8166233479195625
2025-06-30,fold_7,"Inflation bear, AI rally and 2025",0.0046283043920993805,1,-0.008465055376291275,-1,-0.008465055376291275,0.22420710705046076,,,,0,-84.65055376291275,0.009958574548363686,0.0012683197855949402,0.0046283043920993805,-1.0543437575637744
2025-07-01,fold_7,"Inflation bear, AI rally and 2025",0.00891946256160736,1,0.006941234227269888,1,0.006941234227269888,0.23114834127773065,,,,1,69.41234227269888,0.012557899579405785,0.016787249594926834,0.00891946256160736,0.8612915520447721
2025-07-02,fold_7,"Inflation bear, AI rally and 2025",0.01010901853442192,1,0.009792158380150795,1,0.009792158380150795,0.24094049965788145,,,,1,97.92158380150795,0.0056221820414066315,0.00840685609728098,0.01010901853442192,1.2209093004921368
2025-07-03,fold_7,"Inflation bear, AI rally and 2025",0.008954986929893494,1,-0.007561507169157267,-1,-0.007561507169157267,0.23337899248872418,,,,0,-75.61507169157267,0.004362981766462326,-0.003638129448518157,0.008954986929893494,-0.912062731944434
2025-07-07,fold_7,"Inflation bear, AI rally and 2025",0.008998148143291473,1,0.0005614891997538507,1,0.0005614891997538507,0.23394048168847803,,,,1,5.614891997538507,0.004511017352342606,0.007543554063886404,0.008998148143291473,0.06772407021490523
2025-07-08,fold_7,"Inflation bear, AI rally and 2025",0.00885464996099472,1,0.007053874898701906,1,0.007053874898701906,0.24099435658717994,,,,1,70.53874898701906,0.002323828637599945,0.007898572832345963,0.00885464996099472,0.8815816587750563
2025-07-09,fold_7,"Inflation bear, AI rally and 2025",0.008143145591020584,1,-0.0014391591539606452,-1,-0.0014391591539606452,0.2395551974332193,,,,0,-14.391591539606452,0.000646764412522316,0.0018679917557165027,0.008143145591020584,-0.17661141588879875
2025-07-10,fold_7,"Inflation bear, AI rally and 2025",0.007936995476484299,1,-0.0022528269328176975,-1,-0.0022528269328176975,0.2373023705004016,,,,0,-22.528269328176975,-9.41157341003418e-05,0.011367371305823326,0.007936995476484299,-0.2808745383451295
2025-07-11,fold_7,"Inflation bear, AI rally and 2025",0.007478348910808563,1,0.003620176576077938,1,0.003620176576077938,0.24092254707647953,,,,1,36.20176576077938,-0.00161006860435009,0.012658500112593174,0.007478348910808563,0.4524629565912329
2025-07-14,fold_7,"Inflation bear, AI rally and 2025",0.008982211351394653,1,0.0009165076771751046,1,0.0009165076771751046,0.24183905475365464,,,,1,9.165076771751046,0.0007830150425434113,0.014209684915840626,0.008982211351394653,0.11420975350014795
2025-07-15,fold_7,"Inflation bear, AI rally and 2025",0.004864312708377838,1,0.0010232938220724463,1,0.0010232938220724463,0.24286234857572708,,,,1,10.232938220724463,-0.0026782583445310593,0.008103914558887482,0.004864312708377838,0.13618806482870882
2025-07-16,fold_7,"Inflation bear, AI rally and 2025",0.0055585093796253204,1,0.008060220628976822,1,0.008060220628976822,0.2509225692047039,,,,1,80.60220628976822,0.0025516804307699203,0.011631511151790619,0.0055585093796253204,1.1760979880152769
2025-07-17,fold_7,"Inflation bear, AI rally and 2025",0.007004309445619583,1,-0.0009616987663321197,-1,-0.0009616987663321197,0.24996087043837178,,,,0,-9.616987663321197,0.003966432064771652,0.005697506945580244,0.007004309445619583,-0.14270382450815308
2025-07-18,fold_7,"Inflation bear, AI rally and 2025",0.00728340819478035,1,0.005171361844986677,1,0.005171361844986677,0.25513223228335846,,,,1,51.71361844986677,0.005659153684973717,0.00906337145715952,0.00728340819478035,0.7669859185624802
2025-07-21,fold_7,"Inflation bear, AI rally and 2025",0.007199730724096298,1,-0.005189262330532074,-1,-0.005189262330532074,0.2499429699528264,,,,0,-51.89262330532074,0.012051166966557503,0.007012150716036558,0.007199730724096298,-0.7654419130645659
2025-07-22,fold_7,"Inflation bear, AI rally and 2025",0.008217599242925644,1,0.004550890065729618,1,0.004550890065729618,0.254493860018556,,,,1,45.50890065729618,0.012027310207486153,0.0106513611972332,0.008217599242925644,0.7015949302939439
2025-07-23,fold_7,"Inflation bear, AI rally and 2025",0.007645409554243088,1,0.0021262161899358034,1,0.0021262161899358034,0.2566200762084918,,,,1,21.262161899358034,0.008818866685032845,0.007439480163156986,0.007645409554243088,0.37827171020139594
2025-07-24,fold_7,"Inflation bear, AI rally and 2025",0.008330229669809341,1,0.002404165454208851,1,0.002404165454208851,0.25902424166270066,,,,1,24.04165454208851,0.009774846956133842,0.0,0.008330229669809341,0.4283990359534204
2025-07-25,fold_7,"Inflation bear, AI rally and 2025",0.008299224078655243,1,0.0031201415695250034,1,0.0031201415695250034,0.26214438323222566,,,,1,31.201415695250034,0.0043068621307611465,-0.022299613803625107,0.008299224078655243,0.595502653685041
2025-07-28,fold_7,"Inflation bear, AI rally and 2025",0.007516384124755859,1,-0.0015500520821660757,-1,-0.0015500520821660757,0.2605943311500596,,,,0,-15.500520821660757,0.010461559519171715,-0.007136274129152298,0.007516384124755859,-0.2963649319322456
2025-07-29,fold_7,"Inflation bear, AI rally and 2025",0.006898775696754456,1,0.001339009148068726,1,0.001339009148068726,0.2619333402981283,,,,1,13.39009148068726,0.009736599400639534,-0.012398889288306236,0.006898775696754456,0.26573052952608295
2025-07-30,fold_7,"Inflation bear, AI rally and 2025",0.0032959207892417908,1,-0.005313263740390539,-1,-0.005313263740390539,0.2566200765577378,,,,0,-53.13263740390539,0.0013806726783514023,-0.0012331786565482616,0.0032959207892417908,-1.1354257306530724
2025-07-31,fold_7,"Inflation bear, AI rally and 2025",0.005329001694917679,1,-0.01989544928073883,-1,-0.01989544928073883,0.23672462727699894,,,,0,-198.9544928073883,0.005992908030748367,0.00745871476829052,0.005329001694917679,-4.351860117887104
2025-08-01,fold_7,"Inflation bear, AI rally and 2025",0.007084202021360397,1,0.018283480778336525,1,0.018283480778336525,0.25500810805533547,,,,1,182.83480778336525,0.016269823536276817,0.03663913160562515,0.007084202021360397,3.051587052731937
2025-08-04,fold_7,"Inflation bear, AI rally and 2025",0.0065581947565078735,1,-0.006812667474150658,-1,-0.006812667474150658,0.2481954405811848,,,,0,-68.12667474150658,0.014311106875538826,0.015392293222248554,0.0065581947565078735,-0.9658439511808814
2025-08-05,fold_7,"Inflation bear, AI rally and 2025",0.011462043970823288,1,0.012504720129072666,1,0.012504720129072666,0.2607001607102575,,,,1,125.04720129072666,0.02470201440155506,0.03469543159008026,0.011462043970823288,1.7331264565623796
2025-08-06,fold_7,"Inflation bear, AI rally and 2025",0.010286454111337662,1,0.0033786294516175985,1,0.0033786294516175985,0.2640787901618751,,,,1,33.786294516175985,0.026709554716944695,0.0226906705647707,0.010286454111337662,0.44599293756289404
2025-08-07,fold_7,"Inflation bear, AI rally and 2025",0.013649672269821167,1,0.009284966625273228,1,0.009284966625273228,0.2733637567871483,,,,1,92.84966625273228,0.015348536893725395,0.01853628270328045,0.013649672269821167,1.2206949690026645
2025-08-08,fold_7,"Inflation bear, AI rally and 2025",0.01562999188899994,1,-0.002963355975225568,-1,-0.002963355975225568,0.27040040081192274,,,,0,-29.633559752255678,0.020587192848324776,0.004844300914555788,0.01562999188899994,-0.3766124078785977
2025-08-11,fold_7,"Inflation bear, AI rally and 2025",0.014623310416936874,1,0.012490469962358475,1,0.012490469962358475,0.2828908707742812,,,,1,124.90469962358475,0.01528104953467846,0.007409026846289635,0.014623310416936874,1.5901907501999453
2025-08-12,fold_7,"Inflation bear, AI rally and 2025",0.013836972415447235,1,0.0004999605007469654,1,0.0004999605007469654,0.2833908312750282,,,,1,4.999605007469654,0.01046031154692173,-0.018741806969046593,0.013836972415447235,0.059990749109096714
2025-08-13,fold_7,"Inflation bear, AI rally and 2025",0.005530036985874176,1,-0.000775758468080312,-1,-0.000775758468080312,0.28261507280694786,,,,0,-7.75758468080312,0.010404372587800026,-0.02519688941538334,0.005530036985874176,-0.09311073597075677
2025-08-14,fold_7,"Inflation bear, AI rally and 2025",0.014927070587873459,1,-0.004407014697790146,-1,-0.004407014697790146,0.2782080581091577,,,,0,-44.07014697790146,0.014374839141964912,-0.029061537235975266,0.014927070587873459,-0.5416591906536531
2025-08-15,fold_7,"Inflation bear, AI rally and 2025",0.011112924665212631,1,-0.0003986301308032125,-1,-0.0003986301308032125,0.2778094279783545,,,,0,-3.9863013080321252,0.008627472445368767,-0.00934495497494936,0.011112924665212631,-0.04865628722997111
2025-08-18,fold_7,"Inflation bear, AI rally and 2025",0.00965164601802826,1,-0.013660364784300327,-1,-0.013660364784300327,0.2641490631940542,,,,0,-136.60364784300327,0.007400603964924812,-0.011835196986794472,0.00965164601802826,-1.68412534415897
2025-08-19,fold_7,"Inflation bear, AI rally and 2025",0.011336646974086761,1,-0.005955122411251068,-1,-0.005955122411251068,0.2581939407828031,,,,0,-59.55122411251068,0.012295687571167946,0.005832357332110405,0.011336646974086761,-0.6933178700891818
2025-08-20,fold_7,"Inflation bear, AI rally and 2025",0.011379845440387726,1,-0.004640405066311359,-1,-0.004640405066311359,0.25355353571649175,,,,0,-46.404050663113594,0.01065768487751484,0.013323167338967323,0.011379845440387726,-0.5375727616004295
2025-08-21,fold_7,"Inflation bear, AI rally and 2025",0.011655107140541077,1,0.01530956756323576,1,0.01530956756323576,0.2688631032797275,,,,1,153.0956756323576,0.01866891421377659,0.024203982204198837,0.011655107140541077,1.7635160886517867
2025-08-22,fold_7,"Inflation bear, AI rally and 2025",0.009420063346624374,1,-0.0028888722881674767,-1,-0.0028888722881674767,0.26597423099156003,,,,0,-28.888722881674767,0.005694471299648285,-0.0027484886813908815,0.009420063346624374,-0.31008575290815854
2025-08-25,fold_7,"Inflation bear, AI rally and 2025",0.007104035466909409,1,0.004007190000265837,1,0.004007190000265837,0.26998142099182587,,,,1,40.07190000265837,0.0012227166444063187,-0.008275248110294342,0.007104035466909409,0.43029600122841694
2025-08-26,fold_7,"Inflation bear, AI rally and 2025",0.008383277803659439,1,0.001535687712021172,1,0.001535687712021172,0.27151710870384704,,,,1,15.35687712021172,-0.004690462723374367,-0.0044456529431045055,0.008383277803659439,0.16425835506509845
2025-08-27,fold_7,"Inflation bear, AI rally and 2025",0.002066865563392639,1,0.006240409333258867,1,0.006240409333258867,0.2777575180371059,,,,1,62.40409333258867,-0.010908657684922218,0.003029386978596449,0.002066865563392639,0.667371148535967
2025-08-28,fold_7,"Inflation bear, AI rally and 2025",0.005808290094137192,1,-0.011642903089523315,-1,-0.011642903089523315,0.2661146149475826,,,,0,-116.42903089523315,-0.018635209649801254,-0.0017690984532237053,0.005808290094137192,-1.241336584782596
2025-08-29,fold_7,"Inflation bear, AI rally and 2025",0.008732941001653671,1,-0.00841563194990158,-1,-0.00841563194990158,0.257698982997681,,,,0,-84.15631949901581,-0.0023307278752326965,0.01473993994295597,0.008732941001653671,-0.9720242852407744
2025-09-02,fold_7,"Inflation bear, AI rally and 2025",0.018746238201856613,1,0.007836785167455673,1,0.007836785167455673,0.2655357681651367,,,,1,78.36785167455673,0.004880793392658234,0.025984633713960648,0.018746238201856613,0.9970023351283237
2025-09-03,fold_7,"Inflation bear, AI rally and 2025",0.01821506768465042,1,0.009010727517306805,1,0.009010727517306805,0.2745464956824435,,,,1,90.10727517306805,0.009075654670596123,0.018475046381354332,0.01821506768465042,1.1394559757618208
2025-09-04,fold_7,"Inflation bear, AI rally and 2025",0.012573078274726868,1,0.0014419236686080694,1,0.0014419236686080694,0.27598841935105156,,,,1,14.419236686080694,0.010954035446047783,0.015268106013536453,0.012573078274726868,0.18807909607239273
2025-09-05,fold_7,"Inflation bear, AI rally and 2025",0.012439250946044922,1,0.004866134840995073,1,0.004866134840995073,0.28085455419204663,,,,1,48.66134840995073,0.01236068643629551,0.01823362335562706,0.012439250946044922,0.6372558726449794
2025-09-08,fold_7,"Inflation bear, AI rally and 2025",0.013068810105323792,1,0.002829062519595027,1,0.002829062519595027,0.28368361671164166,,,,1,28.29062519595027,0.010107157751917839,0.02188795804977417,0.013068810105323792,0.38083729456508125
2025-09-09,fold_7,"Inflation bear, AI rally and 2025",0.012690942734479904,1,0.0003271980385761708,1,0.0003271980385761708,0.28401081475021783,,,,1,3.271980385761708,0.009372474625706673,0.018213454633951187,0.012690942734479904,0.04406164831320266
2025-09-10,fold_7,"Inflation bear, AI rally and 2025",0.00989430770277977,1,0.005803787149488926,1,0.005803787149488926,0.28981460189970676,,,,1,58.03787149488926,-0.0025382451713085175,0.01588842086493969,0.00989430770277977,0.8434438852361171
2025-09-11,fold_7,"Inflation bear, AI rally and 2025",0.012179665267467499,1,0.004407439846545458,1,0.004407439846545458,0.2942220417462522,,,,1,44.07439846545458,0.000351807102560997,0.019061127677559853,0.012179665267467499,0.6295015227957373
2025-09-12,fold_7,"Inflation bear, AI rally and 2025",0.010772179812192917,1,0.00852047000080347,1,0.00852047000080347,0.3027425117470557,,,,1,85.2047000080347,0.0021232236176729202,0.021400216966867447,0.010772179812192917,1.2054363075401078
2025-09-15,fold_7,"Inflation bear, AI rally and 2025",0.009739898145198822,1,-0.0008454403723590076,-1,-0.0008454403723590076,0.3018970713746967,,,,0,-8.454403723590076,0.0023107174783945084,0.01878230646252632,0.009739898145198822,-0.11654796916406615
2025-09-16,fold_7,"Inflation bear, AI rally and 2025",0.00929158553481102,1,-0.0019978368654847145,-1,-0.0019978368654847145,0.29989923450921196,,,,0,-19.978368654847145,0.002069171518087387,0.012963303364813328,0.00929158553481102,-0.2753385942654289
2025-09-17,fold_7,"Inflation bear, AI rally and 2025",0.00686388835310936,1,0.008976494893431664,1,0.008976494893431664,0.30887572940264363,,,,1,89.76494893431664,0.01125979982316494,0.01144441682845354,0.00686388835310936,1.3607346414331145
2025-09-18,fold_7,"Inflation bear, AI rally and 2025",0.006545413285493851,1,0.006746530067175627,1,0.006746530067175627,0.31562225946981926,,,,1,67.46530067175627,0.00810924731194973,-0.001852678949944675,0.006545413285493851,0.9971799293033602
2025-09-19,fold_7,"Inflation bear, AI rally and 2025",0.010321617126464844,1,0.005902559962123632,1,0.005902559962123632,0.3215248194319429,,,,1,59.025599621236324,0.019951531663537025,-0.004496766719967127,0.010321617126464844,0.8612280707817476
2025-09-22,fold_7,"Inflation bear, AI rally and 2025",0.008286342024803162,1,-0.00666444469243288,-1,-0.00666444469243288,0.31486037473951,,,,0,-66.6444469243288,0.023970240727066994,-0.005778889171779156,0.008286342024803162,-1.095695263592265
2025-09-23,fold_7,"Inflation bear, AI rally and 2025",0.009932518005371094,1,-0.003516722936183214,-1,-0.003516722936183214,0.3113436518033268,,,,0,-35.16722936183214,0.02272115834057331,0.0036210042890161276,0.009932518005371094,-0.5645837122021672
2025-09-24,fold_7,"Inflation bear, AI rally and 2025",0.00853952020406723,1,-0.004320601467043161,-1,-0.004320601467043161,0.30702305033628363,,,,0,-43.206014670431614,0.015049958601593971,0.011923212558031082,0.00853952020406723,-0.6952956867216374
2025-09-25,fold_7,"Inflation bear, AI rally and 2025",0.00999036431312561,1,0.004102441947907209,1,0.004102441947907209,0.31112549228419084,,,,1,41.024419479072094,0.012434562668204308,0.02034645900130272,0.00999036431312561,0.6533257981723073
2025-09-26,fold_7,"Inflation bear, AI rally and 2025",0.010085176676511765,1,0.0046204375103116035,1,0.0046204375103116035,0.31574592979450244,,,,1,46.204375103116035,0.008436711505055428,0.012025424279272556,0.010085176676511765,0.746356600807675
2025-09-29,fold_7,"Inflation bear, AI rally and 2025",0.008226640522480011,1,0.002735448768362403,1,0.002735448768362403,0.31848137856286485,,,,1,27.35448768362403,0.005564907565712929,0.014887053519487381,0.008226640522480011,0.4789916015347059
2025-09-30,fold_7,"Inflation bear, AI rally and 2025",0.006696589291095734,1,0.004785485565662384,1,0.004785485565662384,0.32326686412852723,,,,1,47.85485565662384,0.004903875291347504,0.006872063037008047,0.006696589291095734,0.881875034282518
2025-10-01,fold_7,"Inflation bear, AI rally and 2025",0.006841234862804413,1,0.004102644510567188,1,0.004102644510567188,0.3273695086390944,,,,1,41.02644510567188,0.008565282449126244,0.01348517369478941,0.006841234862804413,0.7820441076156708
2025-10-02,fold_7,"Inflation bear, AI rally and 2025",0.01122257113456726,1,-0.004218591842800379,-1,-0.004218591842800379,0.32315091679629404,,,,0,-42.18591842800379,0.009587576612830162,0.008171569555997849,0.01122257113456726,-0.8557317218921436
2025-10-03,fold_7,"Inflation bear, AI rally and 2025",0.010227739810943604,1,0.007482066750526428,1,0.007482066750526428,0.33063298354682047,,,,1,74.82066750526428,0.009140169247984886,-0.02294095605611801,0.010227739810943604,1.4937609204365878
2025-10-06,fold_7,"Inflation bear, AI rally and 2025",0.009900052100419998,1,-0.005279541946947575,-1,-0.005279541946947575,0.3253534415998729,,,,0,-52.795419469475746,0.008599938824772835,-0.00942372065037489,0.009900052100419998,-1.0216646254540132
2025-10-07,fold_7,"Inflation bear, AI rally and 2025",0.009039565920829773,1,0.01139859575778246,1,0.01139859575778246,0.33675203735765535,,,,1,113.98595757782459,0.006860105320811272,-0.010827412828803062,0.009039565920829773,2.165864902452659
2025-10-08,fold_7,"Inflation bear, AI rally and 2025",0.007112372666597366,1,-0.0012109596282243729,-1,-0.0012109596282243729,0.335541077729431,,,,0,-12.109596282243729,0.003984922543168068,-0.015193992294371128,0.007112372666597366,-0.20710450937279112
2025-10-09,fold_7,"Inflation bear, AI rally and 2025",0.006930612027645111,1,-0.0353311188519001,-1,-0.0353311188519001,0.3002099588775309,,,,0,-353.311188519001,-0.0020815450698137283,-0.01769283600151539,0.006930612027645111,-6.190099209469844
2025-10-10,fold_7,"Inflation bear, AI rally and 2025",0.010591313242912292,1,0.020999303087592125,1,0.020999303087592125,0.321209261965123,,,,1,209.99303087592125,0.013869551941752434,0.024183519184589386,0.010591313242912292,2.1656736954973526
2025-10-13,fold_7,"Inflation bear, AI rally and 2025",0.008786190301179886,1,-0.006683234125375748,-1,-0.006683234125375748,0.31452602783974726,,,,0,-66.83234125375748,0.006270287558436394,0.01570628583431244,0.008786190301179886,-0.6302711987652501
2025-10-14,fold_7,"Inflation bear, AI rally and 2025",0.00793793797492981,1,0.007032016292214394,1,0.007032016292214394,0.32155804413196165,,,,1,70.32016292214394,0.010330243036150932,0.022127928212285042,0.00793793797492981,0.656776523455626
2025-10-15,fold_7,"Inflation bear, AI rally and 2025",0.005405977368354797,1,-0.0037098024040460587,-1,-0.0037098024040460587,0.3178482417279156,,,,0,-37.09802404046059,0.015179591253399849,0.005415184423327446,0.005405977368354797,-0.3431036216291272
2025-10-16,fold_7,"Inflation bear, AI rally and 2025",0.00755014643073082,1,0.006545236799865961,1,0.006545236799865961,0.32439347852778155,,,,1,65.45236799865961,0.0033328812569379807,0.017496326938271523,0.00755014643073082,0.6141795166647341
2025-10-17,fold_7,"Inflation bear, AI rally and 2025",0.013291098177433014,1,0.012522069737315178,1,0.012522069737315178,0.33691554826509673,,,,1,125.22069737315178,0.00961359404027462,0.021572764962911606,0.013291098177433014,1.1757149166181942
2025-10-20,fold_7,"Inflation bear, AI rally and 2025",0.0031189583241939545,1,-0.00026159174740314484,-1,-0.00026159174740314484,0.3366539565176936,,,,0,-2.6159174740314484,-0.01531294547021389,0.02670317515730858,0.0031189583241939545,-0.023926513409431638
2025-10-21,fold_7,"Inflation bear, AI rally and 2025",0.016081739217042923,1,-0.009680728428065777,-1,-0.009680728428065777,0.3269732280896278,,,,0,-96.80728428065777,-0.013426903635263443,0.03462529554963112,0.016081739217042923,-0.8937772036216127
2025-10-22,fold_7,"Inflation bear, AI rally and 2025",0.006444498896598816,1,0.008371341042220592,1,0.008371341042220592,0.3353445691318484,,,,1,83.71341042220592,-0.0008950773626565933,0.04879889264702797,0.006444498896598816,0.7598277720253334
2025-10-23,fold_7,"Inflation bear, AI rally and 2025",0.007055412977933884,1,0.010621673427522182,1,0.010621673427522182,0.3459662425593706,,,,1,106.21673427522182,-0.0013675782829523087,0.025020860135555267,0.007055412977933884,0.9540309455168327
2025-10-24,fold_7,"Inflation bear, AI rally and 2025",0.012491557747125626,1,0.01765247993171215,1,0.01765247993171215,0.36361872249108274,,,,1,176.5247993171215,-0.005399145185947418,0.019211603328585625,0.012491557747125626,1.5557006495301577
2025-10-27,fold_7,"Inflation bear, AI rally and 2025",0.004536718130111694,1,0.007660527713596821,1,0.007660527713596821,0.37127925020467956,,,,1,76.60527713596821,-0.01063888892531395,0.006332420278340578,0.004536718130111694,0.6400089901114824
2025-10-28,fold_7,"Inflation bear, AI rally and 2025",0.004267733544111252,1,0.004492870531976223,1,0.004492870531976223,0.3757721207366558,,,,1,44.92870531976223,-0.014752157963812351,-0.021835021674633026,0.004267733544111252,0.37205342136019226
2025-10-29,fold_7,"Inflation bear, AI rally and 2025",0.0063981711864471436,1,-0.015406693331897259,-1,-0.015406693331897259,0.3603654274047585,,,,0,-154.0669333189726,0.002709031105041504,-0.019840959459543228,0.0063981711864471436,-1.2764184630714328
2025-10-30,fold_7,"Inflation bear, AI rally and 2025",0.007531501352787018,1,0.00481241662055254,1,0.00481241662055254,0.36517784402531106,,,,1,48.1241662055254,0.004520131275057793,-0.02323727495968342,0.007531501352787018,0.3844184108543597
2025-10-31,fold_7,"Inflation bear, AI rally and 2025",0.007453087717294693,1,0.004773298278450966,1,0.004773298278450966,0.369951142303762,,,,1,47.73298278450966,0.005771676078438759,-0.03121001087129116,0.007453087717294693,0.3809678203254386
2025-11-03,fold_7,"Inflation bear, AI rally and 2025",0.0073213763535022736,1,-0.02050691470503807,-1,-0.02050691470503807,0.34944422759872396,,,,0,-205.0691470503807,0.01254519633948803,-0.014100291766226292,0.0073213763535022736,-1.645425497330582
2025-11-04,fold_7,"Inflation bear, AI rally and 2025",0.007693782448768616,1,0.006486933678388596,1,0.006486933678388596,0.35593116127711255,,,,1,64.86933678388596,0.01879151351749897,0.003739549545571208,0.007693782448768616,0.4904235227950415
2025-11-05,fold_7,"Inflation bear, AI rally and 2025",0.008854404091835022,1,-0.018803009763360023,-1,-0.018803009763360023,0.3371281515137525,,,,0,-188.03009763360023,0.021031593903899193,-0.0035360476467758417,0.008854404091835022,-1.4397275540722754
2025-11-06,fold_7,"Inflation bear, AI rally and 2025",0.011294960975646973,1,-0.0031603185925632715,-1,-0.0031603185925632715,0.33396783292118926,,,,0,-31.603185925632715,0.02686050347983837,-0.005360324867069721,0.011294960975646973,-0.23038518248782683
2025-11-07,fold_7,"Inflation bear, AI rally and 2025",0.009858943521976471,1,0.02188301645219326,1,0.02188301645219326,0.3558508493733825,,,,1,218.8301645219326,0.027030372992157936,-0.0014442570973187685,0.009858943521976471,1.9475170148969252
2025-11-10,fold_7,"Inflation bear, AI rally and 2025",0.01209060475230217,1,-0.002667073393240571,-1,-0.002667073393240571,0.35318377598014195,,,,0,-26.67073393240571,0.015595579519867897,-0.03190450370311737,0.01209060475230217,-0.23559951962183132
2025-11-11,fold_7,"Inflation bear, AI rally and 2025",0.014167018234729767,1,-0.0007886635139584541,-1,-0.0007886635139584541,0.3523951124661835,,,,0,-7.886635139584541,0.006268402561545372,-0.04148799180984497,0.014167018234729767,-0.07018370771346462
2025-11-12,fold_7,"Inflation bear, AI rally and 2025",0.01047585904598236,1,-0.020627286285161972,-1,-0.020627286285161972,0.3317678261810215,,,,0,-206.27286285161972,-0.00671202689409256,-0.034746989607810974,0.01047585904598236,-1.853642922140871
2025-11-13,fold_7,"Inflation bear, AI rally and 2025",0.016712281852960587,1,0.0007557492353953421,1,0.0007557492353953421,0.33252357541641686,,,,1,7.557492353953421,-0.015249421820044518,-0.03807619959115982,0.016712281852960587,0.06288792179286838
2025-11-14,fold_7,"Inflation bear, AI rally and 2025",0.007773440331220627,1,-0.008577228523790836,-1,-0.008577228523790836,0.323946346892626,,,,0,-85.77228523790836,-0.015997812151908875,-0.03134717792272568,0.007773440331220627,-0.7190147203950206
2025-11-17,fold_7,"Inflation bear, AI rally and 2025",0.007306903600692749,1,-0.012250563129782677,-1,-0.012250563129782677,0.31169578376284335,,,,0,-122.50563129782677,-0.012999364174902439,0.0024817129597067833,0.007306903600692749,-1.042298205062926
2025-11-18,fold_7,"Inflation bear, AI rally and 2025",0.010572679340839386,1,0.0059523372910916805,1,0.0059523372910916805,0.31764812105393503,,,,1,59.523372910916805,-0.0006912965327501297,0.020877135917544365,0.010572679340839386,0.49322207919352573
2025-11-19,fold_7,"Inflation bear, AI rally and 2025",0.0059800706803798676,1,-0.02395649440586567,-1,-0.02395649440586567,0.29369162664806936,,,,0,-239.5649440586567,0.004959907382726669,0.02372167818248272,0.0059800706803798676,-2.0052447494274688
2025-11-20,fold_7,"Inflation bear, AI rally and 2025",0.006680399179458618,1,0.007484769448637962,1,0.007484769448637962,0.3011763960967073,,,,1,74.84769448637962,0.003621203824877739,0.055752597749233246,0.006680399179458618,0.5775990910985691
2025-11-21,fold_7,"Inflation bear, AI rally and 2025",0.008369188755750656,1,0.025251662358641624,1,0.025251662358641624,0.32642805845534895,,,,1,252.51662358641624,0.004279224202036858,0.04490327462553978,0.008369188755750656,1.9653590753917458
2025-11-24,fold_7,"Inflation bear, AI rally and 2025",0.00814213976264,1,0.006144860293716192,1,0.006144860293716192,0.33257291874906514,,,,1,61.44860293716192,-0.0010279882699251175,0.027447156608104706,0.00814213976264,0.45626205881541687
2025-11-25,fold_7,"Inflation bear, AI rally and 2025",0.008693233132362366,1,0.008796879090368748,1,0.008796879090368748,0.3413697978394339,,,,1,87.96879090368748,-0.002640422433614731,0.02374311164021492,0.008693233132362366,0.6550691216377408
2025-11-26,fold_7,"Inflation bear, AI rally and 2025",0.007881976664066315,1,0.008074427023530006,1,0.008074427023530006,0.3494442248629639,,,,1,80.74427023530006,-0.004228500649333,0.014015650376677513,0.007881976664066315,0.5965591048813538
2025-11-28,fold_7,"Inflation bear, AI rally and 2025",0.008739907294511795,1,-0.0033645550720393658,-1,-0.0033645550720393658,0.3460796697909245,,,,0,-33.64555072039366,-0.0051353201270103455,0.010010326281189919,0.008739907294511795,-0.25463658553309576
2025-12-01,fold_7,"Inflation bear, AI rally and 2025",0.00677938386797905,1,0.007795544341206551,1,0.007795544341206551,0.3538752141321311,,,,1,77.9554434120655,-0.003721565008163452,0.011454490013420582,0.00677938386797905,0.5909859154765658
2025-12-02,fold_7,"Inflation bear, AI rally and 2025",0.007893815636634827,1,0.0024408164899796247,1,0.0024408164899796247,0.3563160306221107,,,,1,24.408164899796247,0.0005164258182048798,0.004891549237072468,0.007893815636634827,0.18403833411928913
2025-12-03,fold_7,"Inflation bear, AI rally and 2025",0.008664362132549286,1,-0.0009305825224146247,-1,-0.0009305825224146247,0.3553854480996961,,,,0,-9.305825224146247,0.0017508771270513535,0.00653810752555728,0.008664362132549286,-0.07470613097210492
2025-12-04,fold_7,"Inflation bear, AI rally and 2025",0.008155882358551025,1,0.004069102928042412,1,0.004069102928042412,0.3594545510277385,,,,1,40.69102928042412,0.007509944960474968,0.004229042213410139,0.008155882358551025,0.3288540497593342
2025-12-05,fold_7,"Inflation bear, AI rally and 2025",0.010366395115852356,1,-0.0019203914562240243,-1,-0.0019203914562240243,0.35753415957151446,,,,0,-19.203914562240243,0.007382823154330254,-0.01914352923631668,0.010366395115852356,-0.16451758365576602
2025-12-08,fold_7,"Inflation bear, AI rally and 2025",0.008382592350244522,1,0.0012326041469350457,1,0.0012326041469350457,0.3587667637184495,,,,1,12.326041469350457,0.007659001275897026,-0.02225513942539692,0.008382592350244522,0.10571795040473164
2025-12-09,fold_7,"Inflation bear, AI rally and 2025",0.008713144809007645,1,0.00408737501129508,1,0.00408737501129508,0.3628541387297446,,,,1,40.8737501129508,0.012224981561303139,-0.02150787226855755,0.008713144809007645,0.3860940742634263
2025-12-10,fold_7,"Inflation bear, AI rally and 2025",0.007379408925771713,1,-0.0032396477181464434,-1,-0.0032396477181464434,0.35961449101159815,,,,0,-32.396477181464434,0.010829715058207512,-0.04430621117353439,0.007379408925771713,-0.305364873438464
2025-12-11,fold_7,"Inflation bear, AI rally and 2025",0.009887266904115677,1,-0.019303468987345695,-1,-0.019303468987345695,0.34031102202425245,,,,0,-193.03468987345695,0.011371353641152382,-0.02668045461177826,0.009887266904115677,-1.8155420144186112
2025-12-12,fold_7,"Inflation bear, AI rally and 2025",0.009739264845848083,1,-0.005032000597566366,-1,-0.005032000597566366,0.3352790214266861,,,,0,-50.32000597566366,0.024072488769888878,0.005574300419539213,0.009739264845848083,-0.47890443142588723
2025-12-15,fold_7,"Inflation bear, AI rally and 2025",0.009761426597833633,1,0.0019798711873590946,1,0.0019798711873590946,0.3372588926140452,,,,1,19.798711873590946,0.02209566719830036,0.01538827270269394,0.009761426597833633,0.18738061852739712
2025-12-16,fold_7,"Inflation bear, AI rally and 2025",0.009827759116888046,1,-0.018710967153310776,-1,-0.018710967153310776,0.3185479254607344,,,,0,-187.10967153310776,0.03330559283494949,0.018080780282616615,0.009827759116888046,-1.7991417330474324
2025-12-17,fold_7,"Inflation bear, AI rally and 2025",0.013875909149646759,1,0.014386109076440334,1,0.014386109076440334,0.33293403453717474,,,,1,143.86109076440334,0.031102335080504417,0.039713069796562195,0.013875909149646759,1.3234520309883862
2025-12-18,fold_7,"Inflation bear, AI rally and 2025",0.010765515267848969,1,0.012951286509633064,1,0.012951286509633064,0.3458853210468078,,,,1,129.51286509633064,0.016114002093672752,0.025262802839279175,0.010765515267848969,1.1504351940592996
2025-12-19,fold_7,"Inflation bear, AI rally and 2025",0.011122651398181915,1,0.00478197168558836,1,0.00478197168558836,0.35066729273239616,,,,1,47.8197168558836,-0.011492564342916012,0.007459201384335756,0.011122651398181915,0.4635322635963407
