date,fold,regime,prediction,pred_direction,actual_return,actual_direction,strategy_return,cumulative_return,confidence,aleatoric,epistemic,correct,pnl_bps,B_pred,B_actual,D_pred,D_actual
2008-12-24,fold_1,GFC peak crash (Lehman + Mar-2009 bottom),-0.00541884646082232,-1,-0.0003429576390683309,-1,0.0003429576390683309,0.0003429576390683309,,,,1,3.4295763906833088,-0.024744027494701344,0.06284288391980031,-0.024744027494701344,-0.01131396397522408
2008-12-26,fold_1,GFC peak crash (Lehman + Mar-2009 bottom),-0.004501206811347658,-1,-0.008273275393674506,-1,0.008273275393674506,0.008616233032742837,,,,1,82.73275393674507,-0.015369104069040025,0.06286349155477033,-0.015369104069040025,-0.28636381278925166
2008-12-29,fold_1,GFC peak crash (Lehman + Mar-2009 bottom),-0.003793935973443378,-1,0.020555761880902246,1,-0.020555761880902246,-0.011939528848159409,,,,0,-205.55761880902247,-0.008691457283654853,0.08108048507161447,-0.008691457283654853,0.7113592667332982
2008-12-30,fold_1,GFC peak crash (Lehman + Mar-2009 bottom),0.0012609089395885808,1,0.008441665573091228,1,0.008441665573091228,-0.0034978632750681804,,,,1,84.41665573091228,-0.025564531866121766,0.03170631801858814,-0.025564531866121766,0.359792261687734
2008-12-31,fold_1,GFC peak crash (Lehman + Mar-2009 bottom),0.009215917175890256,1,0.04246168949854967,1,0.04246168949854967,0.03896382622348149,,,,1,424.6168949854967,-0.025659240178130396,0.03372220461992237,-0.025659240178130396,1.8988990613166399
2009-01-02,fold_1,GFC peak crash (Lehman + Mar-2009 bottom),-0.004092725890056438,-1,-0.00032235000409830405,-1,0.00032235000409830405,0.039286176227579794,,,,1,3.2235000409830405,-0.0326323033133945,-0.031426589968615026,-0.0326323033133945,-0.013732587060522822
2009-01-05,fold_1,GFC peak crash (Lehman + Mar-2009 bottom),0.000998649159815838,1,0.009943718123169631,1,0.009943718123169631,0.049229894350749426,,,,1,99.43718123169631,-0.0334180298779724,-0.049564060866630566,-0.0334180298779724,0.440405604963444
2009-01-06,fold_1,GFC peak crash (Lehman + Mar-2009 bottom),-0.010615446804963421,-1,-0.028818405172124084,-1,0.028818405172124084,0.07804829952287351,,,,1,288.18405172124085,-0.0346647076766392,-0.05916897739149052,-0.0346647076766392,-1.38107552841447
2009-01-07,fold_1,GFC peak crash (Lehman + Mar-2009 bottom),-0.004606007051406489,-1,0.010457552174425455,1,-0.010457552174425455,0.06759074734844805,,,,0,-104.57552174425456,-0.02068935425941087,-0.06130253003347663,-0.02068935425941087,0.5213772021956417
2009-01-08,fold_1,GFC peak crash (Lehman + Mar-2009 bottom),-0.013685972668039902,-1,-0.022687105089987725,-1,0.022687105089987725,0.09027785243843578,,,,1,226.87105089987725,-0.016595582915255244,-0.05547646741468615,-0.016595582915255244,-1.123864984696404
2009-01-09,fold_1,GFC peak crash (Lehman + Mar-2009 bottom),-0.002593041916423428,-1,-0.018459820902113844,-1,0.018459820902113844,0.10873767334054962,,,,1,184.59820902113844,-0.005696542417099477,-0.021853338975653447,-0.005696542417099477,-0.8874499725674849
2009-01-12,fold_1,GFC peak crash (Lehman + Mar-2009 bottom),-0.0028177164038476338,-1,0.00033880159830967926,1,-0.00033880159830967926,0.10839887174223994,,,,0,-3.3880159830967926,0.007165768274367595,-0.05429340651503356,0.007165768274367595,0.016710213945114464
2009-01-13,fold_1,GFC peak crash (Lehman + Mar-2009 bottom),-0.010097634625397253,-1,-0.030951957814110198,-1,0.030951957814110198,0.13935082955635014,,,,1,309.519578141102,0.008266823211291435,-0.0129519797698614,0.008266823211291435,-1.5654513740687834
2009-01-14,fold_1,GFC peak crash (Lehman + Mar-2009 bottom),0.009074502896677892,1,0.01628361479321594,1,0.01628361479321594,0.15563444434956608,,,,1,162.8361479321594,0.003159179036159899,0.004530364418594779,0.003159179036159899,0.7915411764355298
2009-01-15,fold_1,GFC peak crash (Lehman + Mar-2009 bottom),0.001311009507001708,1,0.010936023349044977,1,0.010936023349044977,0.16657046769861106,,,,1,109.36023349044976,0.003746076428957453,-0.006897205442565557,0.003746076428957453,0.6052141544043578
2009-01-16,fold_1,GFC peak crash (Lehman + Mar-2009 bottom),0.0011015358076059086,1,-0.05089988844149396,-1,-0.05089988844149396,0.1156705792571171,,,,0,-508.99888441493954,-0.002497213581628894,-0.010592788211425397,-0.002497213581628894,-2.823098035338528
2009-01-20,fold_1,GFC peak crash (Lehman + Mar-2009 bottom),0.007184671974256342,1,0.04168022834348184,1,0.04168022834348184,0.15735080760059894,,,,1,416.8022834348184,0.007985275770846898,0.04749481517916987,0.007985275770846898,1.9894501200614343
2009-01-21,fold_1,GFC peak crash (Lehman + Mar-2009 bottom),0.002144677778114647,1,-0.01346961362565402,-1,-0.01346961362565402,0.14388119397494492,,,,0,-134.6961362565402,-0.008355640481435712,0.04034192203252829,-0.008355640481435712,-0.5892937199583155
2009-01-22,fold_1,GFC peak crash (Lehman + Mar-2009 bottom),-0.0015198454236222412,-1,0.004856044932055603,1,-0.004856044932055603,0.13902514904288932,,,,0,-48.56044932055603,-0.00932245037066902,0.028113060013808422,-0.00932245037066902,0.21559962684167613
2009-01-23,fold_1,GFC peak crash (Lehman + Mar-2009 bottom),-0.0055234792196733684,-1,0.007240440580185137,1,-0.007240440580185137,0.13178470846270418,,,,0,-72.40440580185137,-0.0038577710778489004,0.005520956518233255,-0.0038577710778489004,0.32150893117112656
2009-01-26,fold_1,GFC peak crash (Lehman + Mar-2009 bottom),0.0008210933209983732,1,0.007187714949101309,1,0.007187714949101309,0.1389724234118055,,,,1,71.87714949101309,0.0012056676045126536,0.010252719519080244,0.0012056676045126536,0.318464132859641
2009-01-27,fold_1,GFC peak crash (Lehman + Mar-2009 bottom),0.0006221514014974757,1,0.03452733519684026,1,0.03452733519684026,0.17349975860864575,,,,1,345.2733519684026,-0.00033575491184163536,0.018584956170498046,-0.00033575491184163536,1.5259379429002036
2009-01-28,fold_1,GFC peak crash (Lehman + Mar-2009 bottom),0.00014239027851220196,1,-0.025698475644373886,-1,-0.025698475644373886,0.14780128296427186,,,,0,-256.9847564437389,-0.016684398593925523,-0.01460401682818313,-0.016684398593925523,-1.0781286776485335
2009-01-29,fold_1,GFC peak crash (Lehman + Mar-2009 bottom),0.0006260403359722458,1,-0.017736058563519563,-1,-0.017736058563519563,0.1300652244007523,,,,0,-177.36058563519563,-0.02416743814138702,0.03292095074012469,-0.02416743814138702,-0.7364133233704658
2009-01-30,fold_1,GFC peak crash (Lehman + Mar-2009 bottom),-0.006368471440201805,-1,0.011972203581032126,1,-0.011972203581032126,0.11809302081972017,,,,0,-119.72203581032126,-0.014292411152152344,0.07648946188910521,-0.014292411152152344,0.4919620198706491
2009-02-02,fold_1,GFC peak crash (Lehman + Mar-2009 bottom),-0.0012864993706093425,-1,0.01551995160051911,1,-0.01551995160051911,0.10257306921920106,,,,0,-155.1995160051911,-0.013759783858150909,0.06865273721417298,-0.013759783858150909,0.6877479031448788
2009-02-03,fold_1,GFC peak crash (Lehman + Mar-2009 bottom),-0.007062978674755669,-1,0.001338362198159082,1,-0.001338362198159082,0.10123470702104198,,,,0,-13.38362198159082,-0.012301407115820935,0.015612514270084255,-0.012301407115820935,0.05861908332521261
2009-02-04,fold_1,GFC peak crash (Lehman + Mar-2009 bottom),-0.011564091918092394,-1,0.021826491923933933,1,-0.021826491923933933,0.07940821509710805,,,,0,-218.26491923933932,0.005348642844435182,0.009649120185158289,0.005348642844435182,0.9604636281767396
2009-02-05,fold_1,GFC peak crash (Lehman + Mar-2009 bottom),-0.004160813488583518,-1,0.025832452585460963,1,-0.025832452585460963,0.053575762511647085,,,,0,-258.32452585460965,0.002618643554637807,0.0,0.002618643554637807,1.1567459466344763
2009-02-06,fold_1,GFC peak crash (Lehman + Mar-2009 bottom),-0.0032745762814324697,-1,0.0041354789060998876,1,-0.0041354789060998876,0.0494402836055472,,,,0,-41.354789060998876,-0.01379988799819266,-0.03042289669935938,-0.01379988799819266,0.18020994654689176
2009-02-09,fold_1,GFC peak crash (Lehman + Mar-2009 bottom),0.004282260960022004,1,-0.03752027134356961,-1,-0.03752027134356961,0.011920012261977586,,,,0,-375.2027134356961,-0.015603623329665691,-0.07513407108965442,-0.015603623329665691,-1.6750522774946477
2009-02-10,fold_1,GFC peak crash (Lehman + Mar-2009 bottom),0.002663740270143355,1,-0.004625031886766884,-1,-0.004625031886766884,0.007294980375210702,,,,0,-46.25031886766884,-0.007992952167023242,-0.0369292065801714,-0.007992952167023242,-0.1963064211528487
2009-02-11,fold_1,GFC peak crash (Lehman + Mar-2009 bottom),-0.006476402112345414,-1,0.012177371738775644,1,-0.012177371738775644,-0.004882391363564942,,,,0,-121.77371738775645,-0.017532839150982832,-0.047813895541862994,-0.017532839150982832,0.5163659305223878
2009-02-12,fold_1,GFC peak crash (Lehman + Mar-2009 bottom),-1.7945240060658206e-05,-1,-0.0045904441138984176,-1,0.0045904441138984176,-0.0002919472496665243,,,,1,45.904441138984176,-0.01748052594504849,-0.05721627928055195,-0.01748052594504849,-0.20214900412444273
2009-02-13,fold_1,GFC peak crash (Lehman + Mar-2009 bottom),0.002265786415845856,1,-0.04057569548419515,-1,-0.04057569548419515,-0.040867642733861675,,,,0,-405.7569548419515,0.0014429260843446703,-0.08823682293503232,0.0014429260843446703,-1.8083558163302977
2009-02-17,fold_1,GFC peak crash (Lehman + Mar-2009 bottom),-0.0018469049577251283,-1,0.0006845931659134052,1,-0.0006845931659134052,-0.04155223589977508,,,,0,-6.845931659134052,0.016481551052676437,-0.015172178561529748,0.016481551052676437,0.02843112078509613
2009-02-18,fold_1,GFC peak crash (Lehman + Mar-2009 bottom),0.001482517636364832,1,-0.015509720848458475,-1,-0.015509720848458475,-0.057061956748233555,,,,0,-155.09720848458474,0.018263500689974503,-0.022480914358796067,0.018263500689974503,-0.7309061935277794
2009-02-19,fold_1,GFC peak crash (Lehman + Mar-2009 bottom),0.004429565627008891,1,0.0027749880000866867,1,0.0027749880000866867,-0.05428696874814687,,,,1,27.749880000866867,0.009802435556255307,-0.03535139652566155,0.009802435556255307,0.14321432013255497
2009-02-20,fold_1,GFC peak crash (Lehman + Mar-2009 bottom),0.012318980623230601,1,-0.03561098776837879,-1,-0.03561098776837879,-0.08989795651652566,,,,0,-356.1098776837879,-0.002267544912049217,-0.04752684263743756,-0.002267544912049217,-1.8594837500008825
2009-02-23,fold_1,GFC peak crash (Lehman + Mar-2009 bottom),0.009057344840313758,1,0.03248894888930742,1,0.03248894888930742,-0.057409007627218234,,,,1,324.88948889307426,-0.0021592340439291462,-0.04477813429059285,-0.0021592340439291462,1.5686010459481285
2009-02-24,fold_1,GFC peak crash (Lehman + Mar-2009 bottom),0.001874476770544077,1,-0.006624142631352914,-1,-0.006624142631352914,-0.06403315025857115,,,,0,-66.24142631352913,-0.023362089851512568,-0.07801868216778951,-0.023362089851512568,-0.3026191429693795
2009-02-25,fold_1,GFC peak crash (Lehman + Mar-2009 bottom),-0.007708642094934191,-1,-0.028380203015323957,-1,0.028380203015323957,-0.03565294724324719,,,,1,283.80203015323957,-0.016436000797741823,-0.04507232301119313,-0.016436000797741823,-1.2970558461101405
2009-02-26,fold_1,GFC peak crash (Lehman + Mar-2009 bottom),0.0017562217757387086,1,-0.009400458111689325,-1,-0.009400458111689325,-0.045053405354936515,,,,0,-94.00458111689325,-0.007908536425383259,-0.04715467488504599,-0.007908536425383259,-0.4385750530238969
2009-02-27,fold_1,GFC peak crash (Lehman + Mar-2009 bottom),-0.006675000474218418,-1,-0.03286227942153408,-1,0.03286227942153408,-0.012191125933402436,,,,1,328.6227942153408,-0.0013435205416661008,-0.045707351863269796,-0.0013435205416661008,-1.5832543341428431
2009-03-02,fold_1,GFC peak crash (Lehman + Mar-2009 bottom),0.002032443564253442,1,-0.0007515989878892348,-1,-0.0007515989878892348,-0.01294272492129167,,,,0,-7.5159898788923485,0.010278355477416616,-0.0343674712336548,0.010278355477416616,-0.034702426339665096
2009-03-03,fold_1,GFC peak crash (Lehman + Mar-2009 bottom),-0.0005179672861875661,-1,0.02632221652524347,1,-0.02632221652524347,-0.03926494144653514,,,,0,-263.2221652524347,0.016472976446623256,0.02632221652524347,0.016472976446623256,1.2246895328254972
2009-03-04,fold_1,GFC peak crash (Lehman + Mar-2009 bottom),-0.0006216642163462734,-1,-0.03046255488917682,-1,0.03046255488917682,-0.008802386557358322,,,,1,304.6255488917682,0.007876842420193474,0.015251108240779576,0.007876842420193474,-1.3838793595797154
2009-03-05,fold_1,GFC peak crash (Lehman + Mar-2009 bottom),0.0009609618791817295,1,-0.007953135089913133,-1,-0.007953135089913133,-0.016755521647271454,,,,0,-79.53135089913133,0.023222535517217004,0.07832894307823901,0.023222535517217004,-0.34518343722180445
2009-03-06,fold_1,GFC peak crash (Lehman + Mar-2009 bottom),0.0061020142651628,1,-0.021522398791919084,-1,-0.021522398791919084,-0.03827792043919054,,,,0,-215.22398791919085,0.02387631098029345,0.08872090118324438,0.02387631098029345,-0.9528420129139734
2009-03-09,fold_1,GFC peak crash (Lehman + Mar-2009 bottom),0.0030648921612189584,1,0.059938088771009035,1,0.059938088771009035,0.021660168331818497,,,,1,599.3808877100903,0.024120922529055656,0.09340073601991739,0.024120922529055656,2.6805293227550755
2009-03-10,fold_1,GFC peak crash (Lehman + Mar-2009 bottom),0.0006794986905478769,1,0.015251108240779576,1,0.015251108240779576,0.03691127657259807,,,,1,152.51108240779575,0.015206359331814131,0.07062570924586575,0.015206359331814131,0.5853840661056128
2009-03-11,fold_1,GFC peak crash (Lehman + Mar-2009 bottom),-0.0037553497838165237,-1,0.032615279948282616,1,-0.032615279948282616,0.004295996624315457,,,,0,-326.15279948282614,0.00429939917734372,0.06791130897083963,0.00429939917734372,1.3098519365463446
2009-03-12,fold_1,GFC peak crash (Lehman + Mar-2009 bottom),-0.0033728545073461666,-1,0.0024388230150922396,1,-0.0024388230150922396,0.0018571736092232172,,,,0,-24.388230150922396,0.005328421737018637,0.034622489097632325,0.005328421737018637,0.09407075065924828
2009-03-13,fold_1,GFC peak crash (Lehman + Mar-2009 bottom),-0.00042900806370431356,-1,-0.01684256395524608,-1,0.01684256395524608,0.0186997375644693,,,,1,168.4256395524608,-0.0010328042852746407,0.016846065912613284,-0.0010328042852746407,-0.6531217118920715
2009-03-16,fold_1,GFC peak crash (Lehman + Mar-2009 bottom),-0.0007690407313675303,-1,0.0371630619969574,1,-0.0371630619969574,-0.018463324432488104,,,,0,-371.630619969574,0.005053762557264025,0.09096123945825907,0.005053762557264025,1.4270914904074783
2009-03-17,fold_1,GFC peak crash (Lehman + Mar-2009 bottom),-0.0053720837604837165,-1,0.012536707965753457,1,-0.012536707965753457,-0.03100003239824156,,,,0,-125.36707965753457,-0.00807721944791514,0.0351791780528945,-0.00807721944791514,0.48619827721992376
2009-03-18,fold_1,GFC peak crash (Lehman + Mar-2009 bottom),0.0039216080536907325,1,-0.0006735399249246932,-1,-0.0006735399249246932,-0.031673572323166255,,,,0,-6.735399249246932,-0.0038926051015330584,0.027247886063707316,-0.0038926051015330584,-0.025968645943417606
2009-03-19,fold_1,GFC peak crash (Lehman + Mar-2009 bottom),-0.0002906012267740684,-1,-0.015337600169926802,-1,0.015337600169926802,-0.016335972153239453,,,,1,153.37600169926802,-0.00248810848294364,0.058305021035454985,-0.00248810848294364,-0.5966964858352954
2009-03-20,fold_1,GFC peak crash (Lehman + Mar-2009 bottom),-0.0037485565281522356,-1,0.0572726095903997,1,-0.0572726095903997,-0.07360858174363916,,,,0,-572.726095903997,0.0069241054860118235,0.05468008217187359,0.0069241054860118235,2.2092033033287364
2009-03-23,fold_1,GFC peak crash (Lehman + Mar-2009 bottom),-0.004561644397483532,-1,-0.018618999408407166,-1,0.018618999408407166,-0.05498958233523199,,,,1,186.18999408407166,-0.0010036792701287327,-0.027560721632039265,-0.0010036792701287327,-0.6698162405411248
2009-03-24,fold_1,GFC peak crash (Lehman + Mar-2009 bottom),0.0020706387125727045,1,0.004605415976566274,1,0.004605415976566274,-0.050384166358665716,,,,1,46.05415976566274,-0.004092850566871909,-0.00033004675113179616,-0.004092850566871909,0.16961509548873643
2009-03-25,fold_1,GFC peak crash (Lehman + Mar-2009 bottom),-0.0005570017141461707,-1,0.030383595046822975,1,-0.030383595046822975,-0.08076776140548869,,,,0,-303.8359504682297,-0.005967276521836991,0.009797656124062915,-0.005967276521836991,1.1198733440510578
2009-03-26,fold_1,GFC peak crash (Lehman + Mar-2009 bottom),0.0005898674569354204,1,-0.018962539033508197,-1,-0.018962539033508197,-0.09973030043899689,,,,0,-189.62539033508196,-0.01077803805694803,0.011081704353842259,-0.01077803805694803,-0.6961401824098795
2009-03-27,fold_1,GFC peak crash (Lehman + Mar-2009 bottom),0.0027581459320707527,1,-0.02496819421351315,-1,-0.02496819421351315,-0.12469849465251004,,,,0,-249.68194213513152,-0.010263701419157226,0.04845012821744321,-0.010263701419157226,-0.9083529903405672
2009-03-30,fold_1,GFC peak crash (Lehman + Mar-2009 bottom),0.0005596722943465891,1,0.008611675472500302,1,0.008611675472500302,-0.11608681918000974,,,,1,86.11675472500302,0.007649403600369987,0.07094248315224094,0.007649403600369987,0.31813871412694694
2009-03-31,fold_1,GFC peak crash (Lehman + Mar-2009 bottom),-0.0002660850254340879,-1,0.014733118851760985,1,-0.014733118851760985,-0.13081993803177072,,,,0,-147.33118851760986,0.005667364723105445,0.03563751244276814,0.005667364723105445,0.5429198998004757
2011-11-25,fold_2,2011 US-downgrade + EU debt,0.007615378299297298,1,0.03420416936520221,1,0.03420416936520221,0.03420416936520221,,,,1,342.0416936520221,0.035142966339829135,0.06833713271099695,0.035142966339829135,2.0928216108284197
2011-11-28,fold_2,2011 US-downgrade + EU debt,0.0009066035118374163,1,-0.006232367551849194,-1,-0.006232367551849194,0.027971801813353014,,,,0,-62.32367551849194,0.020129257896761468,0.0450236360786791,0.020129257896761468,-0.3454483536275587
2011-11-29,fold_2,2011 US-downgrade + EU debt,0.005337350003666746,1,0.036294935719730415,1,0.036294935719730415,0.06426673753308343,,,,1,362.94935719730415,0.02007114667282285,0.04845705505821307,0.02007114667282285,2.051226385858985
2011-11-30,fold_2,2011 US-downgrade + EU debt,0.003485237888712467,1,0.0068921281681606494,1,0.0068921281681606494,0.07115886570124408,,,,1,68.9212816816065,0.010105246102604052,0.012162119338482658,0.010105246102604052,0.37154584442518823
2011-12-01,fold_2,2011 US-downgrade + EU debt,-0.0002086236011068852,-1,-0.0028217329902471278,-1,0.0028217329902471278,0.0739805986914912,,,,1,28.217329902471278,0.010087675492838944,-0.011691782953417995,0.010087675492838944,-0.15238429575365461
2011-12-02,fold_2,2011 US-downgrade + EU debt,-0.0011591759063387043,-1,0.010890672732884354,1,-0.010890672732884354,0.06308992595860685,,,,0,-108.90672732884354,0.015563019470352246,0.007039839079539867,0.015563019470352246,0.6066935826487395
2011-12-05,fold_2,2011 US-downgrade + EU debt,0.0009169563866449056,1,-0.0027989485723152185,-1,-0.0027989485723152185,0.06029097738629163,,,,0,-27.989485723152185,0.006613172309636162,-0.015138104077752068,0.006613172309636162,-0.15482394903360208
2011-12-06,fold_2,2011 US-downgrade + EU debt,-0.0014897018758200523,-1,0.0,0,-0.0,0.06029097738629163,,,,0,-0.0,0.009723926055297134,-0.023397489704310992,0.009723926055297134,0.0
2011-12-07,fold_2,2011 US-downgrade + EU debt,0.0013291929436169236,1,-0.016961774123740003,-1,-0.016961774123740003,0.04332920326255163,,,,0,-169.61774123740003,0.007414831451385253,-0.03912277267896158,0.007414831451385253,-0.9509170080754884
2011-12-08,fold_2,2011 US-downgrade + EU debt,0.006882778098884161,1,0.015909889042710734,1,0.015909889042710734,0.059239092305262364,,,,1,159.09889042710734,0.010011204159311716,-0.02489742192766453,0.010011204159311716,0.9709272968258564
2011-12-09,fold_2,2011 US-downgrade + EU debt,0.003548404219610667,1,-0.01128727042440758,-1,-0.01128727042440758,0.047951821880854784,,,,0,-112.8727042440758,-0.0006549481806648019,-0.03567205798938433,-0.0006549481806648019,-0.6731594202347267
2011-12-12,fold_2,2011 US-downgrade + EU debt,0.0036980286364041363,1,-0.011058334198874142,-1,-0.011058334198874142,0.03689348768198064,,,,0,-110.58334198874142,0.009231278525864577,-0.0342764754841034,0.009231278525864577,-0.6728694141096118
2011-12-13,fold_2,2011 US-downgrade + EU debt,-0.0018669685852816605,-1,-0.01572528297465059,-1,0.01572528297465059,0.05261877065663123,,,,1,157.25282974650588,0.016642097032612786,0.005990048412773952,0.016642097032612786,-0.9495455651902264
2011-12-14,fold_2,2011 US-downgrade + EU debt,0.0036665206096643385,1,-0.002736423372442953,-1,-0.002736423372442953,0.04988234728418828,,,,0,-27.364233724429532,0.015687269138565718,0.007308221839928297,0.015687269138565718,-0.16338743523011157
2011-12-15,fold_2,2011 US-downgrade + EU debt,0.0027098697149508365,1,0.005135252980990934,1,0.005135252980990934,0.05501760026517921,,,,1,51.35252980990934,0.01054247690298446,0.01853385564880483,0.01054247690298446,0.3142684862593917
2011-12-16,fold_2,2011 US-downgrade + EU debt,0.0034001427194702335,1,-0.009891687919126646,-1,-0.009891687919126646,0.045125912346052566,,,,0,-98.91687919126646,0.004865533733019957,0.02199492198748665,0.004865533733019957,-0.6382412654649806
2011-12-19,fold_2,2011 US-downgrade + EU debt,0.006104170498303489,1,0.029208189698003206,1,0.029208189698003206,0.07433410204405577,,,,1,292.08189698003207,0.016024864578118355,0.035609505144091,0.016024864578118355,1.8771779916831859
2011-12-20,fold_2,2011 US-downgrade + EU debt,-0.0017346142611458478,-1,-0.014407109547496244,-1,0.014407109547496244,0.08874121159155202,,,,1,144.07109547496245,0.004673084498022794,-0.005223233382844583,0.004673084498022794,-0.8831967265206787
2011-12-21,fold_2,2011 US-downgrade + EU debt,-0.002681904187022366,-1,0.00848921043643358,1,-0.00848921043643358,0.08025200115511844,,,,0,-84.89210436433581,-0.001788034308250675,0.01635364726120292,-0.001788034308250675,0.5110574939016249
2011-12-22,fold_2,2011 US-downgrade + EU debt,0.0006228663834728805,1,0.008596319319672752,1,0.008596319319672752,0.08884832047479119,,,,1,85.96319319672752,-0.008168594367828633,0.0050025550085961434,-0.008168594367828633,0.5399180228938677
2011-12-23,fold_2,2011 US-downgrade + EU debt,-0.00021772437365903392,-1,0.003722895237477708,1,-0.003722895237477708,0.08512542523731348,,,,0,-37.22895237477708,-0.0014819066767094253,0.015389707265675678,-0.0014819066767094253,0.23349997107919782
2011-12-27,fold_2,2011 US-downgrade + EU debt,0.0007397492286710262,1,-0.01162454882893238,-1,-0.01162454882893238,0.0735008764083811,,,,0,-116.24548828932379,0.000586053868298879,0.015876110099573015,0.000586053868298879,-0.8294704762865347
2011-12-28,fold_2,2011 US-downgrade + EU debt,0.0005415216873914716,1,0.0071697710965512584,1,0.0071697710965512584,0.08067064750493236,,,,1,71.69771096551258,0.00027089831463000683,0.03569252653448585,0.00027089831463000683,0.5054421435318919
2011-12-29,fold_2,2011 US-downgrade + EU debt,-0.0005341377814805134,-1,-0.002861881816173195,-1,0.002861881816173195,0.08353252932110555,,,,1,28.61881816173195,-0.0015337037656577403,0.03198813837748826,-0.0015337037656577403,-0.24368794404464716
2011-12-30,fold_2,2011 US-downgrade + EU debt,-0.002503233620988546,-1,0.018983471576752287,1,-0.018983471576752287,0.06454905774435327,,,,0,-189.83471576752288,0.0064745624467280605,0.0315582817557285,0.0064745624467280605,1.6280766304793013
2012-01-03,fold_2,2011 US-downgrade + EU debt,-0.00047887834528933236,-1,0.004209298071375045,1,-0.004209298071375045,0.06033975967297822,,,,0,-42.09298071375045,0.0005704619726172779,0.01983714263830727,0.0005704619726172779,0.3396611501012018
2012-01-04,fold_2,2011 US-downgrade + EU debt,-0.0005807928554272083,-1,0.008191867605980452,1,-0.008191867605980452,0.05214789206699777,,,,0,-81.91867605980451,0.008827733612173013,0.017693368736095838,0.008827733612173013,0.672157943262196
2012-01-05,fold_2,2011 US-downgrade + EU debt,-0.0008066350415054282,-1,0.003465382939553674,1,-0.003465382939553674,0.048682509127444096,,,,0,-34.65382939553674,0.015358611920072256,0.013448395226714371,0.015358611920072256,0.28154617876989074
2012-01-06,fold_2,2011 US-downgrade + EU debt,0.0008867558985756058,1,-0.003291738437932956,-1,-0.003291738437932956,0.04539077068951114,,,,0,-32.91738437932956,0.01362428864955228,0.006380093756410243,0.01362428864955228,-0.26690995994171485
2012-01-09,fold_2,2011 US-downgrade + EU debt,0.004797087621148109,1,0.007262332459331056,1,0.007262332459331056,0.052653103148842195,,,,1,72.62332459331056,0.010419601640998779,0.018740148730171047,0.010419601640998779,0.6176430054681394
2012-01-10,fold_2,2011 US-downgrade + EU debt,0.006135552405104769,1,0.002065524169163613,1,0.002065524169163613,0.05471862731800581,,,,1,20.655241691636128,0.0024709108739720035,0.024675679536613426,0.0024709108739720035,0.18240113183113085
2012-01-11,fold_2,2011 US-downgrade + EU debt,0.002982600697602671,1,0.003946894096598985,1,0.003946894096598985,0.05866552141460479,,,,1,39.46894096598985,0.0021459670513184073,0.028810633585219403,0.0021459670513184073,0.3572210027434997
2012-01-12,fold_2,2011 US-downgrade + EU debt,0.00152037567060734,1,-0.003602918530750454,-1,-0.003602918530750454,0.05506260288385434,,,,0,-36.02918530750454,0.001143367846755068,0.023359356060768555,0.001143367846755068,-0.33345716869875647
2012-01-13,fold_2,2011 US-downgrade + EU debt,-0.00106323875187166,-1,0.009068316535827847,1,-0.009068316535827847,0.04599428634802649,,,,0,-90.68316535827847,0.004563906362092997,0.027296697484576082,0.004563906362092997,0.8848621991021048
2012-01-17,fold_2,2011 US-downgrade + EU debt,0.0025124646753860646,1,0.013197863265773435,1,0.013197863265773435,0.05919214961379993,,,,1,131.97863265773435,0.004593141749707678,0.016386729742993378,0.004593141749707678,1.2654933739685277
2012-01-18,fold_2,2011 US-downgrade + EU debt,0.0015764436494768367,1,0.006200478217769589,1,0.006200478217769589,0.06539262783156952,,,,1,62.004782177695894,0.005923315431872826,0.015677635933896372,0.005923315431872826,0.5753151595477494
2012-01-19,fold_2,2011 US-downgrade + EU debt,0.00029305268970610535,1,-0.001504383427851863,-1,-0.001504383427851863,0.06388824440371765,,,,0,-15.04383427851863,0.010212329702510632,0.005996078242575642,0.010212329702510632,-0.14140463209322943
2012-01-20,fold_2,2011 US-downgrade + EU debt,0.0014254460007414693,1,0.0003344228930570736,1,0.0003344228930570736,0.06422266729677473,,,,1,3.3442289305707362,0.01031626935745078,0.010485036393615754,0.01031626935745078,0.039788999324111236
2012-01-23,fold_2,2011 US-downgrade + EU debt,0.0009479796246910231,1,-0.0018416512057548573,-1,-0.0018416512057548573,0.06238101609101987,,,,0,-18.416512057548573,0.012814595669971174,0.010978174829786802,0.012814595669971174,-0.23722331805890484
2012-01-24,fold_2,2011 US-downgrade + EU debt,0.004239226719655447,1,0.01248876945667643,1,0.01248876945667643,0.0748697855476963,,,,1,124.8876945667643,0.011509046945318365,0.014142458542669267,0.011509046945318365,1.6565615210635705
2012-01-25,fold_2,2011 US-downgrade + EU debt,0.004109348498829565,1,-0.0034810794735511408,-1,-0.0034810794735511408,0.07138870607414516,,,,0,-34.81079473551141,0.01334415131626011,0.009716147368161732,0.01334415131626011,-0.44592694704213065
2012-01-26,fold_2,2011 US-downgrade + EU debt,0.00021742002620334826,1,0.002984574723188249,1,0.002984574723188249,0.07437328079733341,,,,1,29.84574723188249,0.014084752530037289,0.016305977688213957,0.014084752530037289,0.38259811683906547
2012-01-27,fold_2,2011 US-downgrade + EU debt,0.004104453284204313,1,0.0008275613292281214,1,0.0008275613292281214,0.07520084212656153,,,,1,8.275613292281214,0.014388644752621601,0.0269514240916231,0.014388644752621601,0.11205640185162051
2012-01-30,fold_2,2011 US-downgrade + EU debt,0.003086632754625952,1,0.001322632507127608,1,0.001322632507127608,0.07652347463368914,,,,1,13.22632507127608,0.011825732901549965,0.025317997107759282,0.011825732901549965,0.18340650606887668
2012-01-31,fold_2,2011 US-downgrade + EU debt,0.0012880564063522952,1,0.008062458282168894,1,0.008062458282168894,0.08458593291585803,,,,1,80.62458282168893,0.007904635471792076,0.02608971043290431,0.007904635471792076,1.1214809968773007
2012-02-01,fold_2,2011 US-downgrade + EU debt,0.0030549783200078586,1,0.003108750846501085,1,0.003108750846501085,0.08769468376235912,,,,1,31.08750846501085,0.006845005691673239,0.02332461551685272,0.006845005691673239,0.5116638443727852
2012-02-02,fold_2,2011 US-downgrade + EU debt,0.0010668427175289817,1,0.013630021126597391,1,0.013630021126597391,0.10132470488895651,,,,1,136.30021126597393,0.002582861776726545,0.02739480054657939,0.002582861776726545,2.2556782061599634
2012-02-03,fold_2,2011 US-downgrade + EU debt,0.0020533634967025574,1,-0.0008058656546356957,-1,-0.0008058656546356957,0.10051883923432081,,,,0,-8.058656546356957,0.0016456732065993683,0.0067458675843061755,0.0016456732065993683,-0.12369304079839814
2012-02-06,fold_2,2011 US-downgrade + EU debt,0.0014319364421251798,1,0.002094345832272637,1,0.002094345832272637,0.10261318506659345,,,,1,20.94345832272637,0.0027238824699829982,0.016793552988005445,0.0027238824699829982,0.3236356149482816
2012-02-07,fold_2,2011 US-downgrade + EU debt,-0.0027255649744542627,-1,0.0052973633661173025,1,-0.0052973633661173025,0.09731582170047615,,,,0,-52.973633661173025,0.0011386776429196334,0.017233374184373318,0.0011386776429196334,0.8217622714312218
2012-02-08,fold_2,2011 US-downgrade + EU debt,-0.0005721324099858742,-1,0.007178935876227754,1,-0.007178935876227754,0.09013688582424839,,,,0,-71.78935876227754,0.0018260908996161147,0.0049508694438538114,0.0018260908996161147,1.130556543370586
2012-02-09,fold_2,2011 US-downgrade + EU debt,0.0017090893470222254,1,-0.007018911835675823,-1,-0.007018911835675823,0.08311797398857257,,,,0,-70.18911835675823,0.004980214577525665,0.011379894563765092,0.004980214577525665,-1.074317083326856
2012-02-10,fold_2,2011 US-downgrade + EU debt,0.0010514476048869342,1,0.009241819749063573,1,0.009241819749063573,0.09235979373763614,,,,1,92.41819749063573,0.006046517779159731,0.015250277173419313,0.006046517779159731,1.3874465085316885
2012-02-13,fold_2,2011 US-downgrade + EU debt,0.002269989720397445,1,0.0025341670286405105,1,0.0025341670286405105,0.09489396076627665,,,,1,25.341670286405105,0.004042508632224295,0.008842409894056047,0.004042508632224295,0.3658105560002509
2012-02-14,fold_2,2011 US-downgrade + EU debt,0.0024244923424467492,1,-0.006985141374402204,-1,-0.006985141374402204,0.08790881939187445,,,,0,-69.85141374402204,-0.005439207820553753,0.0017388924979737652,-0.005439207820553753,-1.0506623351197235
2012-02-15,fold_2,2011 US-downgrade + EU debt,0.0024960607113711213,1,0.013607960996139035,1,0.013607960996139035,0.10151678038801348,,,,1,136.07960996139036,0.00033161364926873613,0.015335114347755585,0.00033161364926873613,2.209520931384703
2012-02-16,fold_2,2011 US-downgrade + EU debt,-0.0016812352017479765,-1,-0.0031485292260216013,-1,0.0031485292260216013,0.10466530961403508,,,,1,31.485292260216013,-0.0064922301849017865,0.005172334205088447,-0.0064922301849017865,-0.4679680087542468
2012-02-17,fold_2,2011 US-downgrade + EU debt,-0.0036599081848339137,-1,0.002833952469700307,1,-0.002833952469700307,0.10183135714433478,,,,0,-28.33952469700307,-0.0076754703652754785,0.009727438747721529,-0.0076754703652754785,0.41944385103734144
2012-02-21,fold_2,2011 US-downgrade + EU debt,-0.004944843570983714,-1,-0.004569350367441771,-1,0.004569350367441771,0.10640070751177655,,,,1,45.69350367441771,-0.009502171243916568,0.01699034186912396,-0.009502171243916568,-0.6733801069912754
2012-02-22,fold_2,2011 US-downgrade + EU debt,0.0008876679340070132,1,0.006611080475379616,1,0.006611080475379616,0.11301178798715616,,,,1,66.11080475379616,-0.007255361191162948,0.01706789593382041,-0.007255361191162948,0.9651470783620054
2012-02-23,fold_2,2011 US-downgrade + EU debt,0.0014586260116928812,1,0.0034451808534718964,1,0.0034451808534718964,0.11645696884062806,,,,1,34.451808534718964,-0.0037193744138908497,0.018343226790380918,-0.0037193744138908497,0.5360447494646549
2012-02-24,fold_2,2011 US-downgrade + EU debt,-0.0006567449597215964,-1,0.0014065753166114803,1,-0.0014065753166114803,0.11505039352401658,,,,0,-14.065753166114803,-0.0037852010778868014,0.014127819785015205,-0.0037852010778868014,0.21888569425971233
2012-02-27,fold_2,2011 US-downgrade + EU debt,0.0010346530940670102,1,0.010096855591102738,1,0.010096855591102738,0.12514724911511932,,,,1,100.96855591102738,5.2343392696739544e-05,0.002339030959367605,5.2343392696739544e-05,1.5778658998156045
2012-02-28,fold_2,2011 US-downgrade + EU debt,0.00020651792358283936,1,-0.004491796302745321,-1,-0.004491796302745321,0.120655452812374,,,,0,-44.91796302745321,-0.003094526980532814,-0.017619249495659517,-0.003094526980532814,-0.662199871345816
2012-02-29,fold_2,2011 US-downgrade + EU debt,0.001428651283855837,1,0.007886411331940124,1,0.007886411331940124,0.12854186414431412,,,,1,78.86411331940124,-0.0016679956348021286,-0.005449074787081898,-0.0016679956348021286,1.151179852539622
2012-03-01,fold_2,2011 US-downgrade + EU debt,-0.0007752747362524664,-1,-0.0007702261518938158,-1,0.0007702261518938158,0.12931209029620794,,,,1,7.702261518938158,-0.004805103115342812,-0.0026220991192076326,-0.004805103115342812,-0.1125984819999919
2012-03-02,fold_2,2011 US-downgrade + EU debt,0.0014490933736794288,1,-0.01038221350903612,-1,-0.01038221350903612,0.11892987678717182,,,,0,-103.8221350903612,-0.0003964265362164394,0.002309431802173023,-0.0003964265362164394,-1.5251736877537474
2012-03-05,fold_2,2011 US-downgrade + EU debt,0.002507966671910013,1,-0.009861424863924384,-1,-0.009861424863924384,0.10906845192324743,,,,0,-98.61424863924384,0.0009785223441406534,0.013153144362089364,0.0009785223441406534,-1.5137589597575667
2012-03-06,fold_2,2011 US-downgrade + EU debt,0.003747008140099015,1,0.007678378405832298,1,0.007678378405832298,0.11674683032907973,,,,1,76.78378405832298,0.008874265900311703,0.041444958209370775,0.008874265900311703,1.1168153240786654
2012-03-07,fold_2,2011 US-downgrade + EU debt,0.0013366851524386012,1,0.01071338699981439,1,0.01071338699981439,0.12746021732889412,,,,1,107.1338699981439,0.007297087179318344,0.037231557457475084,0.007297087179318344,1.5151388808677082
2012-03-08,fold_2,2011 US-downgrade + EU debt,0.0006727934346913395,1,0.00416130476948684,1,0.00416130476948684,0.13162152209838096,,,,1,41.6130476948684,0.003796860828781729,0.02937179382164601,0.003796860828781729,0.5645424096506517
2012-03-09,fold_2,2011 US-downgrade + EU debt,3.564517368754227e-05,1,0.0004614990508802208,1,0.0004614990508802208,0.13208302114926118,,,,1,4.614990508802208,-0.0006716689590854372,0.024503980889384103,-0.0006716689590854372,0.06361889606810102
2012-03-12,fold_2,2011 US-downgrade + EU debt,-0.0022471800122719344,-1,0.018430388983357027,1,-0.018430388983357027,0.11365263216590415,,,,0,-184.30388983357028,-0.002092655420065373,0.03108314424421632,-0.002092655420065373,2.602040314567907
2012-03-13,fold_2,2011 US-downgrade + EU debt,-0.0010247608196108453,-1,0.0034649776539366073,1,-0.0034649776539366073,0.11018765451196755,,,,0,-34.64977653936607,-0.008112219804078849,0.014442361131495218,-0.008112219804078849,0.43695195041424706
2012-03-14,fold_2,2011 US-downgrade + EU debt,0.00041631472522098254,1,0.0028536233639853137,1,0.0028536233639853137,0.11304127787595286,,,,1,28.536233639853137,-0.004737715354008847,0.011126581375498823,-0.004737715354008847,0.35906071161865233
2012-03-15,fold_2,2011 US-downgrade + EU debt,-0.0005576373479003081,-1,-0.0007065081627750658,-1,0.0007065081627750658,0.11374778603872793,,,,1,7.065081627750658,-0.0024526183037295642,0.006184988279710701,-0.0024526183037295642,-0.09036301955303956
2012-03-16,fold_2,2011 US-downgrade + EU debt,-0.00020888682943820522,-1,0.007040662405712439,1,-0.007040662405712439,0.10670712363301549,,,,0,-70.40662405712439,-0.002529373505610718,0.0062941596129828525,-0.002529373505610718,0.9773428193550118
2012-03-19,fold_2,2011 US-downgrade + EU debt,0.0017117490769828808,1,0.0017896058706359241,1,0.0017896058706359241,0.10849672950365141,,,,1,17.89605870635924,0.00023594719332510963,0.01658074808606358,0.00023594719332510963,0.24380827020648896
2012-03-20,fold_2,2011 US-downgrade + EU debt,-0.0005269020557581521,-1,0.000149197897940212,1,-0.000149197897940212,0.1083475316057112,,,,0,-1.4919789794021199,9.658646078279914e-05,0.016258098745178806,9.658646078279914e-05,0.020371779229221194
2012-03-21,fold_2,2011 US-downgrade + EU debt,0.0002856698655623224,1,-0.002087969731802808,-1,-0.002087969731802808,0.10625956187390839,,,,0,-20.87969731802808,-0.003802510650534127,0.01214273774923047,-0.003802510650534127,-0.2879080999137984
2012-03-22,fold_2,2011 US-downgrade + EU debt,0.0004986842694006006,1,-0.0005973368295029147,-1,-0.0005973368295029147,0.10566222504440548,,,,0,-5.973368295029147,-0.0010209985720060002,0.010396905475777096,-0.0010209985720060002,-0.0839512847838132
2012-03-23,fold_2,2011 US-downgrade + EU debt,0.00010440248117108016,1,0.017327250878793166,1,0.017327250878793166,0.12298947592319864,,,,1,173.27250878793166,-0.00018039470870639908,0.009071050319295892,-0.00018039470870639908,2.4491804812367133
2012-03-26,fold_2,2011 US-downgrade + EU debt,0.0003389157052531563,1,0.001466956529751151,1,0.001466956529751151,0.1244564324529498,,,,1,14.669565297511511,-0.006598545269005931,0.002053364296631166,-0.006598545269005931,0.18200350488989153
2012-03-27,fold_2,2011 US-downgrade + EU debt,0.0022340365486048365,1,-0.003966163098008124,-1,-0.003966163098008124,0.12049026935494167,,,,0,-39.66163098008124,-0.0023023229970236866,0.00029362560244905467,-0.0023023229970236866,-0.5121378390983127
2012-03-28,fold_2,2011 US-downgrade + EU debt,0.0017223241910210767,1,-0.0038338020052561816,-1,-0.0038338020052561816,0.11665646734968549,,,,0,-38.338020052561816,-0.0005000213354086546,-0.00946468674674783,-0.0005000213354086546,-0.49596645392931077
2012-03-29,fold_2,2011 US-downgrade + EU debt,0.001644655404684664,1,-0.0019231919859841184,-1,-0.0019231919859841184,0.11473327536370137,,,,0,-19.231919859841184,0.0003656477860064277,0.0005909982552134707,0.0003656477860064277,-0.2538937655513964
2012-03-30,fold_2,2011 US-downgrade + EU debt,0.00314630568108488,1,0.01030956485612844,1,0.01030956485612844,0.1250428402198298,,,,1,103.09564856128439,0.004601902897411364,-0.005045821762370117,0.004601902897411364,1.3591985286562074
2014-03-28,fold_3,Taper tantrum and 2014 H1,0.0031400736932519417,1,0.007097298860206713,1,0.007097298860206713,0.007097298860206713,,,,1,70.97298860206713,0.010906895559908609,-0.00784228868463277,0.010906895559908609,0.9060127079641355
2014-03-31,fold_3,Taper tantrum and 2014 H1,-0.0002037418998995364,-1,0.017413047729315956,1,-0.017413047729315956,-0.010315748869109242,,,,0,-174.13047729315957,0.008042498976239036,-0.024478850215903236,0.008042498976239036,2.2274561662872308
2014-04-01,fold_3,Taper tantrum and 2014 H1,0.0019793847032411084,1,0.0025748794635287453,1,0.0025748794635287453,-0.007740869405580497,,,,1,25.748794635287453,0.006245692866690952,-0.03270028433121919,0.006245692866690952,0.31157741244076076
2014-04-02,fold_3,Taper tantrum and 2014 H1,2.3246340534669244e-05,1,-0.007969931128947394,-1,-0.007969931128947394,-0.01571080053452789,,,,0,-79.69931128947394,0.008310043602625734,-0.01827826761228213,0.008310043602625734,-0.9647420670863133
2014-04-03,fold_3,Taper tantrum and 2014 H1,0.0014921703306294309,1,-0.02695758360873679,-1,-0.02695758360873679,-0.04266838414326468,,,,0,-269.5758360873679,0.008497752561373497,-0.04177101193162969,0.008497752561373497,-3.1906397371676727
2014-04-04,fold_3,Taper tantrum and 2014 H1,0.0018097784622200424,1,-0.009539262671063753,-1,-0.009539262671063753,-0.052207646814328434,,,,0,-95.39262671063753,0.00847048131492023,-0.026514969829984913,0.00847048131492023,-0.9243960077394551
2014-04-07,fold_3,Taper tantrum and 2014 H1,0.0022925326994547492,1,0.009191613614000005,1,0.009191613614000005,-0.04301603320032843,,,,1,91.91613614000005,0.01172386516612504,-0.009159682780464529,0.01172386516612504,0.8724212064864433
2014-04-08,fold_3,Taper tantrum and 2014 H1,0.0019341805204106132,1,0.016996896182465804,1,0.016996896182465804,-0.026019137017862626,,,,1,169.96896182465804,0.00971699371955121,-0.015053288841317958,0.00971699371955121,1.5898401667635498
2014-04-09,fold_3,Taper tantrum and 2014 H1,0.0034175603150583423,1,-0.03146267544829495,-1,-0.03146267544829495,-0.05748181246615758,,,,0,-314.62675448294954,0.0028633033811915963,-0.018851255606995743,0.0028633033811915963,-2.7805663507372933
2014-04-10,fold_3,Taper tantrum and 2014 H1,0.005286830272365656,1,-0.011701541507092017,-1,-0.011701541507092017,-0.0691833539732496,,,,0,-117.01541507092017,0.008566899077604478,0.012843402907672719,0.008566899077604478,-0.9044168442628483
2014-04-11,fold_3,Taper tantrum and 2014 H1,0.00328604076758547,1,0.007816024378456632,1,0.007816024378456632,-0.06136732959479296,,,,1,78.16024378456632,0.015315663560873567,0.03194186443755154,0.015315663560873567,0.5961510368720718
2014-04-14,fold_3,Taper tantrum and 2014 H1,0.004906422173836043,1,0.003298007553146576,1,0.003298007553146576,-0.05806932204164639,,,,1,32.98007553146576,0.012413642486155169,0.03204031126027829,0.012413642486155169,0.25212227676228055
2014-04-15,fold_3,Taper tantrum and 2014 H1,0.000278592760321454,1,0.013198929416788019,1,0.013198929416788019,-0.04487039262485837,,,,1,131.9892941678802,0.011002000169883529,0.01990613181964651,0.011002000169883529,1.029239149505944
2014-04-16,fold_3,Taper tantrum and 2014 H1,-0.00033829960250471823,-1,0.00023198306637350896,1,-0.00023198306637350896,-0.04510237569123188,,,,0,-2.3198306637350896,-0.002058675389252039,0.0162288167145217,-0.002058675389252039,0.017704409515367756
2014-04-17,fold_3,Taper tantrum and 2014 H1,-0.0012932675551360307,-1,0.0073969200227868015,1,-0.0073969200227868015,-0.05249929571401868,,,,0,-73.96920022786801,0.00289215957294253,-0.0001161304631898119,0.00289215957294253,0.5651443196261554
2014-04-21,fold_3,Taper tantrum and 2014 H1,-0.004077455191457428,-1,0.007914471201183382,1,-0.007914471201183382,-0.06041376691520206,,,,0,-79.14471201183382,0.006453283623583297,-0.004269872158284116,0.006453283623583297,0.6129573868021266
2014-04-22,fold_3,Taper tantrum and 2014 H1,0.0019840932428395654,1,-0.0088361718874852,-1,-0.0088361718874852,-0.06924993880268726,,,,0,-88.361718874852,0.003382273502543857,-0.00423662047979434,0.003382273502543857,-0.685870461320646
2014-04-23,fold_3,Taper tantrum and 2014 H1,0.0005977198632543858,1,0.009521614311663207,1,0.009521614311663207,-0.059728324491024054,,,,1,95.21614311663207,0.003569015870093787,0.007235391749238929,0.003569015870093787,0.7316941727822702
2014-04-24,fold_3,Taper tantrum and 2014 H1,0.0009870979860576302,1,-0.016112964111338002,-1,-0.016112964111338002,-0.07584128860236206,,,,0,-161.12964111338002,-0.00012107634138975405,0.0006843045043707363,-0.00012107634138975405,-1.252605071352228
2014-04-25,fold_3,Taper tantrum and 2014 H1,0.0009052270673698924,1,0.0032431783276924975,1,0.0032431783276924975,-0.07259811027466956,,,,1,32.431783276924975,0.004570291316813671,0.014970458350778593,0.004570291316813671,0.2438609425001167
2014-04-28,fold_3,Taper tantrum and 2014 H1,0.0015941691071950062,1,0.007947722879673158,1,0.007947722879673158,-0.0646503873949964,,,,1,79.47722879673158,0.006807155036157923,0.016970985335267308,0.006807155036157923,0.5970399685811895
2014-04-29,fold_3,Taper tantrum and 2014 H1,-0.00038051899468558687,-1,0.002635840341548068,1,-0.002635840341548068,-0.06728622773654447,,,,0,-26.35840341548068,0.0021348007918388836,-0.004023039441396037,0.0021348007918388836,0.19765020906525657
2014-04-30,fold_3,Taper tantrum and 2014 H1,0.0018534096341031347,1,0.0029705270667950145,1,0.0029705270667950145,-0.06431570066974945,,,,1,29.705270667950145,0.0035147383164838616,-0.009543125309582123,0.0035147383164838616,0.2326464559028697
2014-05-01,fold_3,Taper tantrum and 2014 H1,-0.00013823245282220667,-1,-0.0018268102649301454,-1,0.0018268102649301454,-0.06248889040481931,,,,1,18.268102649301454,0.003307628655985894,-0.013438626162026068,0.003307628655985894,-0.14302445624634064
2014-05-02,fold_3,Taper tantrum and 2014 H1,-0.0009709103333427687,-1,0.005243705312181213,1,-0.005243705312181213,-0.06773259571700052,,,,0,-52.43705312181213,0.0023901764698234093,-0.007918200227581274,0.0023901764698234093,0.41437903964715017
2014-05-05,fold_3,Taper tantrum and 2014 H1,9.512848486037336e-05,1,-0.013046301896990187,-1,-0.013046301896990187,-0.08077889761399071,,,,0,-130.46301896990187,-0.00029115021554567983,0.003178476237140515,-0.00029115021554567983,-1.1660932572157228
2014-05-06,fold_3,Taper tantrum and 2014 H1,-0.0008950639035112354,-1,-0.0028842455266380185,-1,0.0028842455266380185,-0.07789465208735269,,,,1,28.842455266380185,0.006120941872650834,0.016904594872471534,0.006120941872650834,-0.25381310969980364
2014-05-07,fold_3,Taper tantrum and 2014 H1,0.0011032583815299831,1,-0.0009249737856489304,-1,-0.0009249737856489304,-0.07881962587300162,,,,0,-9.249737856489304,0.002720018478625189,0.014565190105597203,0.002720018478625189,-0.08262502824968634
2014-05-08,fold_3,Taper tantrum and 2014 H1,0.0006696835107168119,1,0.0036936156695146494,1,0.0036936156695146494,-0.07512601020348697,,,,1,36.936156695146494,0.01041962128654374,0.0076028309656486215,0.01041962128654374,0.3507050202758788
2014-05-09,fold_3,Taper tantrum and 2014 H1,0.0003543494626616876,1,0.016340381776903,1,0.016340381776903,-0.05878562842658397,,,,1,163.40381776903,0.007356982759806409,0.01042951499779754,0.007356982759806409,2.073398925339283
2014-05-12,fold_3,Taper tantrum and 2014 H1,0.00040677289288288266,1,0.0006798167383408327,1,0.0006798167383408327,-0.058105811688243136,,,,1,6.798167383408327,0.002711129658189094,0.0010198835493913094,0.002711129658189094,0.08207038410880037
2014-05-13,fold_3,Taper tantrum and 2014 H1,0.0004292956507926154,1,-0.00522365029351235,-1,-0.00522365029351235,-0.06332946198175549,,,,0,-52.2365029351235,0.00733472019526239,-0.0032898645761818557,0.00733472019526239,-0.6450313470035096
2014-05-14,fold_3,Taper tantrum and 2014 H1,-0.0017848693482091934,-1,-0.007887332925597512,-1,0.007887332925597512,-0.055442129056157974,,,,1,78.87332925597512,0.006240668559133515,0.011433972577732376,0.006240668559133515,-0.9679146831549944
2014-05-15,fold_3,Taper tantrum and 2014 H1,-0.0006818028861202325,-1,0.006520299701663568,1,-0.006520299701663568,-0.06196242875782154,,,,0,-65.20299701663568,0.009976231695245256,0.02370151630168582,0.009976231695245256,0.8361923425833073
2014-05-16,fold_3,Taper tantrum and 2014 H1,0.0022080369299556733,1,0.006930750328496771,1,0.006930750328496771,-0.05503167842932477,,,,1,69.30750328496771,0.005773163034539161,0.02443923075168719,0.005773163034539161,0.8737077739859721
2014-05-19,fold_3,Taper tantrum and 2014 H1,0.0012227312553571511,1,-0.0036299313872323324,-1,-0.0036299313872323324,-0.0586616098165571,,,,0,-36.299313872323324,0.0007535801967780812,0.02989272929731346,0.0007535801967780812,-0.45881738372934977
2014-05-20,fold_3,Taper tantrum and 2014 H1,0.0007342526548019419,1,0.009500186860401882,1,0.009500186860401882,-0.04916142295615522,,,,1,95.00186860401882,-0.0006566780599256763,0.03044099329554495,-0.0006566780599256763,1.225258190591561
2014-05-21,fold_3,Taper tantrum and 2014 H1,0.0014712106426478856,1,0.004380210798355932,1,0.004380210798355932,-0.04478121215779929,,,,1,43.802107983559324,0.002684235650031245,0.027313605214425607,0.002684235650031245,0.5620858252523185
2014-05-22,fold_3,Taper tantrum and 2014 H1,0.0003718890082782465,1,0.007258014151664938,1,0.007258014151664938,-0.03752319800613435,,,,1,72.58014151664938,0.004790547802110575,0.023042933857825965,0.004790547802110575,0.9600542360580507
2014-05-23,fold_3,Taper tantrum and 2014 H1,0.001083458966288977,1,0.012384248874123038,1,0.012384248874123038,-0.025138949132011312,,,,1,123.84248874123038,0.003028989692896851,0.014798999502884769,0.003028989692896851,1.8101637895137987
2014-05-27,fold_3,Taper tantrum and 2014 H1,0.002794928688427081,1,-0.0030816673890008417,-1,-0.0030816673890008417,-0.028220616521012154,,,,0,-30.816673890008417,0.0029166090885913726,0.001975996692061166,0.0029166090885913726,-0.4195607894926704
2014-05-28,fold_3,Taper tantrum and 2014 H1,0.0017219743148632466,1,0.00637279877928254,1,0.00637279877928254,-0.021847817741729614,,,,1,63.7279877928254,0.006858388563585806,0.008779807649203164,0.006858388563585806,0.8900581927586882
2014-05-29,fold_3,Taper tantrum and 2014 H1,-0.00043637035789195755,-1,0.00010953944175629005,1,-0.00010953944175629005,-0.021957357183485904,,,,0,-1.0953944175629005,0.0021880346790887567,0.010785253152281626,0.0021880346790887567,0.015053706886225565
2014-05-30,fold_3,Taper tantrum and 2014 H1,-0.00047963977776185884,-1,-0.0009859202032762582,-1,0.0009859202032762582,-0.020971436980209646,,,,1,9.859202032762582,0.0058759888213356926,0.01640191678993652,0.0058759888213356926,-0.13605960599780215
2014-06-02,fold_3,Taper tantrum and 2014 H1,-6.504555868387023e-05,-1,-0.0004387539367005644,-1,0.0004387539367005644,-0.02053268304350908,,,,1,4.387539367005644,0.005435835688839467,0.016633291633661784,0.005435835688839467,-0.060617508986671356
2014-06-03,fold_3,Taper tantrum and 2014 H1,0.0013977510664726716,1,0.0037221435681411563,1,0.0037221435681411563,-0.016810539475367925,,,,1,37.22143568141156,0.004689917274596011,0.018795524524090723,0.004689917274596011,0.52107920808085
2014-06-04,fold_3,Taper tantrum and 2014 H1,0.00026379840021241636,1,0.008378244282361003,1,0.008378244282361003,-0.008432295193006922,,,,1,83.78244282361003,0.003783800069257444,0.014858423811864085,0.003783800069257444,1.2746072309545615
2014-06-05,fold_3,Taper tantrum and 2014 H1,-0.0002829197347307237,-1,0.005726203079411185,1,-0.005726203079411185,-0.014158498272418107,,,,0,-57.26203079411185,0.007562556208381662,-0.0026038211179164605,0.007562556208381662,0.841536314923747
2014-06-06,fold_3,Taper tantrum and 2014 H1,0.0005293508751323512,1,-0.0007545453595509954,-1,-0.0007545453595509954,-0.014913043631969103,,,,0,-7.545453595509954,0.00738164237008657,-0.005401598257992468,0.00738164237008657,-0.1090258095653863
2014-06-09,fold_3,Taper tantrum and 2014 H1,0.0015947006085942786,1,0.0017234789537283746,1,0.0017234789537283746,-0.013189564678240728,,,,1,17.234789537283746,0.009633522726914052,-0.0037802942156135444,0.009633522726914052,0.2507459024618815
2014-06-10,fold_3,Taper tantrum and 2014 H1,0.0011875423753613507,1,-0.0002149571440854814,-1,-0.0002149571440854814,-0.01340452182232621,,,,0,-2.149571440854814,0.008651035689058336,-0.004963437390083314,0.008651035689058336,-0.036842175568203905
2014-06-11,fold_3,Taper tantrum and 2014 H1,0.00024020155835849995,1,-0.009084000647419543,-1,-0.009084000647419543,-0.022488522469745753,,,,0,-90.84000647419543,0.005904113740362968,0.0008610818704326562,0.005904113740362968,-1.557411019774264
2014-06-12,fold_3,Taper tantrum and 2014 H1,0.0011141169356267968,1,0.0029284259393351775,1,0.0029284259393351775,-0.019560096530410576,,,,1,29.284259393351775,0.011391148685084637,0.009298957791505025,0.011391148685084637,0.48285032094804403
2014-06-13,fold_3,Taper tantrum and 2014 H1,0.0014130410138899125,1,0.0008667586828279283,1,0.0008667586828279283,-0.018693337847582647,,,,1,8.667586828279283,0.008713908659796096,0.007546482423831158,0.008713908659796096,0.1484276600289527
2014-06-16,fold_3,Taper tantrum and 2014 H1,0.00027101360111641957,1,0.000540335779258605,1,0.000540335779258605,-0.018153002068324042,,,,1,5.40335779258605,0.00797754867412713,0.006895371656538529,0.00797754867412713,0.09549964981027752
2014-06-17,fold_3,Taper tantrum and 2014 H1,0.00036841269917749274,1,0.005609562116430489,1,0.005609562116430489,-0.012543439951893554,,,,1,56.09562116430489,0.003842269371988293,0.005384568979392768,0.003842269371988293,1.0306115744567852
2014-06-18,fold_3,Taper tantrum and 2014 H1,0.00032944228947178584,1,-0.0006461247263471748,-1,-0.0006461247263471748,-0.013189564678240728,,,,0,-6.461247263471748,-0.0006065654363737317,0.00611937617562841,-0.0006065654363737317,-0.11691776295906459
2014-06-19,fold_3,Taper tantrum and 2014 H1,0.0008741043521355658,1,0.0011759505716613106,1,0.0011759505716613106,-0.012013614106579418,,,,1,11.759505716613106,0.000825563658202431,0.0073013956418552795,0.000825563658202431,0.2304085862318534
2014-06-20,fold_3,Taper tantrum and 2014 H1,-0.0006091395265041431,-1,0.00021564791553529972,1,-0.00021564791553529972,-0.012229262022114717,,,,0,-2.156479155352997,0.00045620036685250663,0.010508252854303457,0.00045620036685250663,0.04299375123078296
2014-06-23,fold_3,Taper tantrum and 2014 H1,-0.0004781142385988709,-1,-0.0009704668978871567,-1,0.0009704668978871567,-0.01125879512422756,,,,1,9.704668978871567,-0.004138154337727529,0.01199777169994487,-0.004138154337727529,-0.20447154155560207
2014-06-24,fold_3,Taper tantrum and 2014 H1,0.0003284663071482541,1,0.006344369312666132,1,0.006344369312666132,-0.004914425811561429,,,,1,63.443693126661316,-0.00018325629238868978,0.023876363383824817,-0.00018325629238868978,1.643309511582408
2014-06-25,fold_3,Taper tantrum and 2014 H1,-0.0010990666189798666,-1,0.0005358947398796943,1,-0.0005358947398796943,-0.0054503205514411235,,,,0,-5.358947398796943,-0.0018135415592203602,0.019215893894867442,-0.0018135415592203602,0.13215691458243795
2014-06-26,fold_3,Taper tantrum and 2014 H1,0.00015082437485118815,1,0.004382807784109488,1,0.004382807784109488,-0.0010675127673316354,,,,1,43.82807784109488,-0.0007096159523488797,0.024969424087904812,-0.0007096159523488797,1.1539035577103673
2014-06-27,fold_3,Taper tantrum and 2014 H1,-0.0007760651168706102,-1,0.001705166761176713,1,-0.001705166761176713,-0.0027726795285083483,,,,0,-17.05166761176713,-0.0010004097531655797,0.01755196817330784,-0.0010004097531655797,0.4347071467681163
2014-06-30,fold_3,Taper tantrum and 2014 H1,0.001104528460001614,1,0.01090812478599279,1,0.01090812478599279,0.008135445257484442,,,,1,109.0812478599279,-0.0002084218663682318,0.00372021198810657,-0.0002084218663682318,2.7721612507452202
2014-07-01,fold_3,Taper tantrum and 2014 H1,-0.0002634157198950417,-1,0.0016838998237087566,1,-0.0016838998237087566,0.006451545433775685,,,,0,-16.838998237087566,-0.003174400929675544,0.00021071952355633528,-0.003174400929675544,0.36381104072122655
2014-07-02,fold_3,Taper tantrum and 2014 H1,-0.0009576814027204893,-1,0.006289424932917065,1,-0.006289424932917065,0.00016212050085862018,,,,0,-62.89424932917065,-0.003521973431134335,-0.004637145913718221,-0.003521973431134335,1.3766643287193563
2014-07-03,fold_3,Taper tantrum and 2014 H1,0.00030394872515812643,1,-0.003034648130487483,-1,-0.003034648130487483,-0.0028725276296288627,,,,0,-30.34648130487483,2.8280554007501218e-05,-0.004503125450242784,2.8280554007501218e-05,-0.6900461447877146
2014-07-07,fold_3,Taper tantrum and 2014 H1,0.00014083132207325701,1,-0.012126589424024559,-1,-0.012126589424024559,-0.014999117053653421,,,,0,-121.26589424024559,-0.0030021634493375806,0.004496706586250454,-0.0030021634493375806,-2.8455543192125514
2014-07-08,fold_3,Taper tantrum and 2014 H1,-0.0009978294227969903,-1,0.007398632321442555,1,-0.007398632321442555,-0.022397749375095977,,,,0,-73.98632321442555,0.0049426436293479835,0.013173858495044044,0.0049426436293479835,1.4655670883826315
2014-07-09,fold_3,Taper tantrum and 2014 H1,-1.2517407845130907e-05,-1,-0.0031639656135658,-1,0.0031639656135658,-0.019233783761530177,,,,1,31.639656135658,0.0014061420550602085,0.009746042449652492,0.0014061420550602085,-0.5971461092102441
2014-07-10,fold_3,Taper tantrum and 2014 H1,-0.00040609144076168943,-1,0.006423445396392502,1,-0.006423445396392502,-0.02565722915792268,,,,0,-64.23445396392502,0.006305935981514918,-0.0004228194126687512,0.006305935981514918,1.2017025952140485
2014-07-11,fold_3,Taper tantrum and 2014 H1,-0.0006751913132699609,-1,0.005965183906005755,1,-0.005965183906005755,-0.031622413063928434,,,,0,-59.651839060057554,0.0031358891378772996,0.008882122000844817,0.0031358891378772996,1.1585792441699563
2014-07-14,fold_3,Taper tantrum and 2014 H1,0.0010385345746707871,1,-0.0034494375152309686,-1,-0.0034494375152309686,-0.0350718505791594,,,,0,-34.494375152309686,0.0014422791020252581,0.0016677516934651138,0.0014422791020252581,-0.6535234140812817
2014-07-15,fold_3,Taper tantrum and 2014 H1,0.00011288333298923431,1,0.0039708162760510035,1,0.0039708162760510035,-0.0311010343031084,,,,1,39.708162760510035,-0.000207482180816869,0.011451259174222628,-0.000207482180816869,0.7448884330714018
2014-07-16,fold_3,Taper tantrum and 2014 H1,0.0009291459121174024,1,-0.013332827475887044,-1,-0.013332827475887044,-0.04443386177899544,,,,0,-133.32827475887044,0.00044127151976499105,0.01387758214868029,0.00044127151976499105,-2.467743478875805
2014-07-17,fold_3,Taper tantrum and 2014 H1,0.002151819478437877,1,0.01572838680990607,1,0.01572838680990607,-0.028705474969089373,,,,1,157.2838680990607,0.0063461708158459446,0.026078633050222955,0.0063461708158459446,2.603183061654549
2014-07-18,fold_3,Taper tantrum and 2014 H1,0.00016305880058027189,1,-0.0012491864013739473,-1,-0.0012491864013739473,-0.02995466137046332,,,,0,-12.491864013739473,0.0011072133667126552,0.006429646184845872,0.0011072133667126552,-0.17872204598867492
2014-07-21,fold_3,Taper tantrum and 2014 H1,0.00018100061807494502,1,0.006334069965526545,1,0.006334069965526545,-0.023620591404936775,,,,1,63.34069965526545,-0.000980194559284108,0.007989144641252999,-0.000980194559284108,0.9061378421587718
2014-07-22,fold_3,Taper tantrum and 2014 H1,0.0011081622118505978,1,0.0063971392505086655,1,0.0063971392505086655,-0.01722345215442811,,,,1,63.971392505086655,-0.003303953758228658,-0.00010333875784596103,-0.003303953758228658,0.8969545824667564
2014-07-23,fold_3,Taper tantrum and 2014 H1,0.0011219673977400173,1,-0.0011317765743443786,-1,-0.0011317765743443786,-0.018355228728772488,,,,0,-11.317765743443786,-0.006578492591198828,-0.0025742075528665254,-0.006578492591198828,-0.15565918702123097
2014-07-24,fold_3,Taper tantrum and 2014 H1,0.0019408413449361543,1,-0.003920600055471013,-1,-0.003920600055471013,-0.0222758287842435,,,,0,-39.20600055471013,-0.0019045896094653765,-0.021860043583609823,-0.0019045896094653765,-0.5494414230069968
2014-07-25,fold_3,Taper tantrum and 2014 H1,-0.0002346777161294849,-1,0.0003103120550331795,1,-0.0003103120550331795,-0.02258614083927668,,,,0,-3.103120550331795,-0.002084630769163055,-0.021629933420365788,-0.002084630769163055,0.04316926421390465
2014-07-28,fold_3,Taper tantrum and 2014 H1,-0.0002307804036356416,-1,-0.0017584134335724144,-1,0.0017584134335724144,-0.020827727405704266,,,,1,17.584134335724144,-0.0018559637353609913,-0.015097670451384992,-0.0018559637353609913,-0.24691679954321788
2014-07-29,fold_3,Taper tantrum and 2014 H1,0.0004769333182364447,1,0.003926270455488101,1,0.003926270455488101,-0.016901456950216165,,,,1,39.26270455488101,0.0008300118838005645,-0.021027119416856088,0.0008300118838005645,0.5512776424635283
2014-07-30,fold_3,Taper tantrum and 2014 H1,-0.0005543505104704291,-1,-0.020417612605087676,-1,0.020417612605087676,0.003516155654871511,,,,1,204.17612605087675,0.002249964120419301,-0.025693856792265102,0.002249964120419301,-3.0253746553661913
2014-07-31,fold_3,Taper tantrum and 2014 H1,0.0033431528849427144,1,-0.003690489892226978,-1,-0.003690489892226978,-0.00017433423735546683,,,,0,-36.90489892226978,0.011023749564489909,-0.008454873669650809,0.011023749564489909,-0.4534157647166218
2014-08-01,fold_3,Taper tantrum and 2014 H1,0.002310585600785779,1,0.006842575024013975,1,0.006842575024013975,0.006668240786658508,,,,1,68.42575024013975,0.010946654108527128,0.0024269213622254426,0.010946654108527128,0.8490340969905606
2014-08-04,fold_3,Taper tantrum and 2014 H1,0.0013460182178241242,1,-0.00768786239904351,-1,-0.00768786239904351,-0.0010196216123850022,,,,0,-76.8786239904351,0.008327072921308925,0.0014677954424779927,0.008327072921308925,-0.9404013445423478
2014-08-05,fold_3,Taper tantrum and 2014 H1,0.0034513950265481503,1,-0.0007404669199209124,-1,-0.0007404669199209124,-0.0017600885323059146,,,,0,-7.404669199209124,0.01272678374313741,0.008736382541442822,0.01272678374313741,-0.0937116027863874
2014-08-06,fold_3,Taper tantrum and 2014 H1,0.002446573670495152,1,-0.003178629482473383,-1,-0.003178629482473383,-0.0049387180147792975,,,,0,-31.78629482473383,0.007287449032254774,0.020006161998423977,0.007287449032254774,-0.41130322963078586
2014-08-07,fold_3,Taper tantrum and 2014 H1,0.00208231993113182,1,0.007191305139649273,1,0.007191305139649273,0.002252587124869976,,,,1,71.91305139649273,0.007062014288052447,0.028356796954152053,0.007062014288052447,0.9304928116568347
2014-08-08,fold_3,Taper tantrum and 2014 H1,0.003766888003582302,1,0.005883449104266525,1,0.005883449104266525,0.0081360362291365,,,,1,58.83449104266525,0.006429992002642766,0.02600216151659751,0.006429992002642766,0.757958197237931
2014-08-11,fold_3,Taper tantrum and 2014 H1,0.002877672453438726,1,-0.00041927530007868086,-1,-0.00041927530007868086,0.00771676092905782,,,,0,-4.192753000786809,0.0023907713735872877,0.027789475922302742,0.0023907713735872877,-0.05403648788866629
2014-08-12,fold_3,Taper tantrum and 2014 H1,0.0001717669840908332,1,0.010529312537060243,1,0.010529312537060243,0.018246073466118062,,,,1,105.29312537060243,0.0005774468503788386,0.03379705240459341,0.0005774468503788386,1.363679603234186
2014-08-13,fold_3,Taper tantrum and 2014 H1,-0.00019427139184396123,-1,0.005172005473254693,1,-0.005172005473254693,0.01307406799286337,,,,0,-51.72005473254693,-0.0018378249556273802,0.023267739867533166,-0.0018378249556273802,0.6446265908960627
2014-08-14,fold_3,Taper tantrum and 2014 H1,0.0010549652677724888,1,0.004836669702094731,1,0.004836669702094731,0.0179107376949581,,,,1,48.36669702094731,-0.002038511077386787,0.020119888142419384,-0.002038511077386787,0.6416355422554882
2014-08-15,fold_3,Taper tantrum and 2014 H1,0.0005343918846217,1,0.007670763509971756,1,0.007670763509971756,0.025581501204929857,,,,1,76.70763509971756,-0.0003529775300472643,0.016798965507792474,-0.0003529775300472643,1.135661916793589
2014-08-18,fold_3,Taper tantrum and 2014 H1,0.00021954214595786914,1,0.0055883011822119855,1,0.0055883011822119855,0.031169802387141843,,,,1,55.883011822119855,-0.0017434606357381423,0.012655028285802672,-0.0017434606357381423,0.8025449421832442
2014-08-19,fold_3,Taper tantrum and 2014 H1,0.00149590339687663,1,0.0,0,0.0,0.031169802387141843,,,,0,0.0,-0.0009230970713799817,0.008072315079342474,-0.0009230970713799817,0.0
2014-08-20,fold_3,Taper tantrum and 2014 H1,-0.0005738552886498968,-1,0.002024153748140911,1,-0.002024153748140911,0.02914564863900093,,,,0,-20.24153748140911,-0.0033164129793409386,0.008273630103306395,-0.0033164129793409386,0.2984589132808147
2014-08-21,fold_3,Taper tantrum and 2014 H1,-0.0010429617844798895,-1,0.0015157470674678208,1,-0.0015157470674678208,0.02762990157153311,,,,0,-15.157470674678208,0.0019645898102949137,0.005143505135561277,0.0019645898102949137,0.22315366394154962
2014-08-22,fold_3,Taper tantrum and 2014 H1,0.0006917935018083059,1,0.0035268262879819545,1,0.0035268262879819545,0.031156727859515065,,,,1,35.268262879819545,0.005536376938384373,0.007342625922214907,0.005536376938384373,0.5229497782812355
2014-08-25,fold_3,Taper tantrum and 2014 H1,0.0012063142228024744,1,0.0010055879757517872,1,0.0010055879757517872,0.03216231583526685,,,,1,10.055879757517872,0.004507336761439619,0.006718068520257248,0.004507336761439619,0.14810494098229504
2014-08-26,fold_3,Taper tantrum and 2014 H1,0.002009331755499187,1,0.00020131502396392165,1,0.00020131502396392165,0.032363630859230774,,,,1,2.0131502396392165,0.002744021981224913,-0.0002007682138565059,0.002744021981224913,0.029683580416780462
2014-08-27,fold_3,Taper tantrum and 2014 H1,0.001155853816615214,1,-0.001105971219604207,-1,-0.001105971219604207,0.03125765963962657,,,,0,-11.05971219604207,0.00045106888633407926,-0.0013072570901799807,0.00045106888633407926,-0.16445378893942256
2014-08-28,fold_3,Taper tantrum and 2014 H1,0.0010170031620453737,1,0.003714867854121451,1,0.003714867854121451,0.03497252749374802,,,,1,37.14867854121451,-0.0022381784331044286,0.004816656855036072,-0.0022381784331044286,0.7513692050723919
2014-08-29,fold_3,Taper tantrum and 2014 H1,0.0016095363705416006,1,0.002902268886024295,1,0.002902268886024295,0.03787479637977231,,,,1,29.02268886024295,-0.0008574644829830169,0.0030023580989588794,-0.0008574644829830169,0.5869045800932715
2014-09-02,fold_3,Taper tantrum and 2014 H1,0.0007101175134322232,1,-0.005913248758361966,-1,-0.005913248758361966,0.03196154762141035,,,,0,-59.132487583619664,0.0038915090454593043,-0.00822780238673193,0.0038915090454593043,-1.2456932093143112
2014-09-03,fold_3,Taper tantrum and 2014 H1,0.0005446836845095968,1,-0.0009051738523595532,-1,-0.0009051738523595532,0.031056373769050793,,,,0,-9.051738523595532,0.009580110997268156,0.005913248758361966,0.009580110997268156,-0.19600618181372603
2014-09-04,fold_3,Taper tantrum and 2014 H1,-0.0005618873365944752,-1,0.005017942725611846,1,-0.005017942725611846,0.026038431043438948,,,,0,-50.17942725611846,0.009102181643771745,0.006018600239621641,0.009102181643771745,1.0862393282937621
2014-09-05,fold_3,Taper tantrum and 2014 H1,0.0017047300600490686,1,0.001900569098044258,1,0.001900569098044258,0.027939000141483206,,,,1,19.00569098044258,0.007011396560183204,-0.004112768873252293,0.007011396560183204,0.40433892746950595
2014-09-08,fold_3,Taper tantrum and 2014 H1,0.00027107432750739615,1,-0.008327891599666515,-1,-0.008327891599666515,0.01961110854181669,,,,0,-83.27891599666515,0.005202330622739003,-0.015710548094658883,0.005202330622739003,-1.8768245623151516
2014-09-09,fold_3,Taper tantrum and 2014 H1,0.001536111211028758,1,0.00822780238673193,1,0.00822780238673193,0.02783891092854862,,,,1,82.2780238673193,0.011655077214651442,0.001308427676688595,0.011655077214651442,1.777519263451231
2014-09-10,fold_3,Taper tantrum and 2014 H1,0.0019884718726527633,1,-0.0007998223710998786,-1,-0.0007998223710998786,0.027039088557448743,,,,0,-7.998223710998786,0.0035998917152744447,-0.005410942526392404,0.0035998917152744447,-0.16060189297344188
2014-09-11,fold_3,Taper tantrum and 2014 H1,0.0017923502482729621,1,-0.005113426387262088,-1,-0.005113426387262088,0.021925662170186655,,,,0,-51.13426387262088,0.004278866947964801,0.0028961822491000433,0.004278866947964801,-1.1642305984975365
2014-09-12,fold_3,Taper tantrum and 2014 H1,0.0028046841830497342,1,-0.009697210123362332,-1,-0.009697210123362332,0.012228452046824323,,,,0,-96.97210123362332,0.010184541156827986,0.007389549207527324,0.010184541156827986,-2.2095975746885537
2014-09-15,fold_3,Taper tantrum and 2014 H1,0.0025218929469152714,1,0.008691084171680963,1,0.008691084171680963,0.020919536218505286,,,,1,86.91084171680963,0.012260317132496399,0.00774153506889963,0.012260317132496399,1.8204422697855847
2014-09-16,fold_3,Taper tantrum and 2014 H1,0.0016696165308717557,1,0.0015084321836509318,1,0.0015084321836509318,0.022427968402156218,,,,1,15.084321836509318,-0.0005957105267109897,-0.0036790142618476906,-0.0005957105267109897,0.3103262284268353
2014-09-17,fold_3,Taper tantrum and 2014 H1,0.000643773553353977,1,0.0075073024043925685,1,0.0075073024043925685,0.029935270806548786,,,,1,75.07302404392568,-0.006302922828954539,0.005486177186417862,-0.006302922828954539,1.594067302481406
2014-09-18,fold_3,Taper tantrum and 2014 H1,0.0008404590677869743,1,-0.0006200594288348071,-1,-0.0006200594288348071,0.02931521137771398,,,,0,-6.200594288348071,-0.007306428837094484,-0.02327945984333102,-0.007306428837094484,-0.12401778789185415
2014-09-19,fold_3,Taper tantrum and 2014 H1,-2.23081377992841e-05,-1,-0.009345224261990026,-1,0.009345224261990026,0.038660435639704005,,,,1,93.45224261990026,-0.010234518965619487,-0.012074689421056384,-0.010234518965619487,-1.876112941336521
2014-09-22,fold_3,Taper tantrum and 2014 H1,-0.0025926612447150664,-1,-0.0027294651590663577,-1,0.0027294651590663577,0.04138990079877036,,,,1,27.294651590663577,-0.0027206797945018898,-0.004046601523938875,-0.0027206797945018898,-0.5062925958727779
2014-09-23,fold_3,Taper tantrum and 2014 H1,5.2591144579317646e-05,1,0.010673623631916485,1,0.010673623631916485,0.05206352443068685,,,,1,106.73623631916485,0.0022787518393917435,0.00010115558462420182,0.0022787518393917435,1.9884172085794183
2014-09-24,fold_3,Taper tantrum and 2014 H1,-0.00031938952451505823,-1,-0.021258334625356312,-1,0.021258334625356312,0.07332185905604316,,,,1,212.58334625356312,-0.0007710643923027291,-0.026695234785823807,-0.0007710643923027291,-3.6213541307532724
2014-09-25,fold_3,Taper tantrum and 2014 H1,0.004023942495982905,1,0.010584710993439828,1,0.010584710993439828,0.08390657004948299,,,,1,105.84710993439828,0.008574718767669472,-0.005436900160467495,0.008574718767669472,1.4013167095476196
2014-09-26,fold_3,Taper tantrum and 2014 H1,0.0008384552969581947,1,-0.0013171363648725176,-1,-0.0013171363648725176,0.08258943368461047,,,,0,-13.171363648725176,0.006496298386506699,-0.00619475583632223,0.006496298386506699,-0.1664801500173341
2014-09-29,fold_3,Taper tantrum and 2014 H1,0.001788083122424978,1,0.0014182919494967194,1,0.0014182919494967194,0.08400772563410719,,,,1,14.182919494967194,0.0070220831435046415,-0.007019098014763969,0.0070220831435046415,0.1801359166050565
2014-09-30,fold_3,Taper tantrum and 2014 H1,0.001099727709641791,1,-0.016122766738531524,-1,-0.016122766738531524,0.06788495889557566,,,,0,-161.22766738531524,0.007545822077059448,-0.022728352809354035,0.007545822077059448,-2.0530527675279586
2015-11-24,fold_4,China devaluation and oil crash,0.0012084015136706316,1,0.0008764576885784692,1,0.0008764576885784692,0.0008764576885784692,,,,1,8.764576885784692,-0.011852066594745032,0.0035007992041755642,-0.011852066594745032,0.10225956340385596
2015-11-25,fold_4,China devaluation and oil crash,2.121732984261852e-05,1,0.0014003472757559976,1,0.0014003472757559976,0.0022768049643344668,,,,1,14.003472757559976,-0.010377586655058705,-0.014471631990519818,-0.010377586655058705,0.16728680282196637
2015-11-27,fold_4,China devaluation and oil crash,0.0011820723171030616,1,-0.002540202821309734,-1,-0.002540202821309734,-0.0002633978569752671,,,,0,-25.40202821309734,-0.006244579394328639,0.007234664297770976,-0.006244579394328639,-0.3035129411512779
2015-11-30,fold_4,China devaluation and oil crash,0.0008136811682701694,1,0.009948860764459333,1,0.009948860764459333,0.009685462907484066,,,,1,99.48860764459333,-0.0030161453703579748,0.005248351538311269,-0.0030161453703579748,1.194586063857271
2015-12-01,fold_4,China devaluation and oil crash,0.004146692645353164,1,-0.006184663703308502,-1,-0.006184663703308502,0.0035007992041755642,,,,0,-61.84663703308502,-0.008395286812277603,-0.004613257670226467,-0.008395286812277603,-0.7499876485171226
2015-12-02,fold_4,China devaluation and oil crash,0.0007671498823250364,1,-0.017095973506116913,-1,-0.017095973506116913,-0.013595174301941348,,,,0,-170.9597350611691,0.0026826407084967123,-0.013724217741621914,0.0026826407084967123,-2.0535364294682603
2015-12-03,fold_4,China devaluation and oil crash,0.0027094435861143573,1,0.02310664356404679,1,0.02310664356404679,0.009511469262105443,,,,1,231.06643564046792,0.006764715366503006,0.007879507018109244,0.006764715366503006,2.5223255326409033
2015-12-04,fold_4,China devaluation and oil crash,0.001590760077941633,1,-0.004526515580769441,-1,-0.004526515580769441,0.004984953681336002,,,,0,-45.26515580769441,0.0001237710394863603,-0.03851210172128816,0.0001237710394863603,-0.43109129945658503
2015-12-07,fold_4,China devaluation and oil crash,0.0007923625335058575,1,8.725155592159695e-05,1,8.725155592159695e-05,0.005072205237257599,,,,1,0.8725155592159695,0.002140395717140254,-0.026432101946643805,0.002140395717140254,0.008272132186391416
2015-12-08,fold_4,China devaluation and oil crash,-0.0012969723344131551,-1,-0.015295623774703948,-1,0.015295623774703948,0.020367829011961547,,,,1,152.9562377470395,0.00583579790368206,-0.020446723073498596,0.00583579790368206,-1.4888426203459677
2015-12-09,fold_4,China devaluation and oil crash,-0.0005528236777842795,-1,0.004507751253614245,1,-0.004507751253614245,0.015860077758347302,,,,0,-45.07751253614245,0.02218747796549369,0.009609173340809463,0.02218747796549369,0.4168919601981546
2015-12-10,fold_4,China devaluation and oil crash,0.004540944589689812,1,-0.023284965175350614,-1,-0.023284965175350614,-0.007424887417003312,,,,0,-232.84965175350612,0.02052238857168529,-0.009569364397984614,0.02052238857168529,-2.144870930139299
2015-12-11,fold_4,China devaluation and oil crash,0.00450437357571709,1,0.007553484193874915,1,0.007553484193874915,0.00012859677687160342,,,,1,75.53484193874915,0.026465363581659875,-0.005653249536601734,0.026465363581659875,0.6379484307264066
2015-12-14,fold_4,China devaluation and oil crash,0.006878230997007256,1,0.006072630429066805,1,0.006072630429066805,0.006201227205938409,,,,1,60.726304290668054,0.020761281048212503,-0.0021599298566981062,0.020761281048212503,0.5467045773028342
2015-12-15,fold_4,China devaluation and oil crash,0.0027310413474036575,1,0.01476027263960411,1,0.01476027263960411,0.02096149984554252,,,,1,147.6027263960411,0.011319402033269603,-0.0016803784522014809,0.011319402033269603,1.376247394325145
2015-12-16,fold_4,China devaluation and oil crash,0.0022947099708489653,1,-0.014670786485179832,-1,-0.014670786485179832,0.0062907133603626875,,,,0,-146.70786485179832,0.0037282046290395172,-0.009042750345876094,0.0037282046290395172,-1.3074991347175047
2015-12-17,fold_4,China devaluation and oil crash,0.0023213859966476104,1,-0.019368850313967734,-1,-0.019368850313967734,-0.013078136953605046,,,,0,-193.68850313967732,0.0016154992543199668,0.005450133337149943,0.0016154992543199668,-1.7786319863299034
2015-12-18,fold_4,China devaluation and oil crash,0.003248072120867003,1,0.011046803873778543,1,0.011046803873778543,-0.002031333079826503,,,,1,110.46803873778543,0.008605930510483625,0.024285961104851594,0.008605930510483625,0.9426938408301507
2015-12-21,fold_4,China devaluation and oil crash,0.0024263962665059136,1,0.006552181833563431,1,0.006552181833563431,0.004520848753736928,,,,1,65.52181833563431,0.005787360807704159,0.028845859504134097,0.005787360807704159,0.5515120227529856
2015-12-22,fold_4,China devaluation and oil crash,0.003295179476967712,1,0.007397900745929498,1,0.007397900745929498,0.011918749499666426,,,,1,73.97900745929498,0.0017960003123515486,0.013241509439983368,0.0017960003123515486,0.6189166429136861
2015-12-23,fold_4,China devaluation and oil crash,-0.0024911688316293077,-1,-0.0001779028021537954,-1,0.0001779028021537954,0.012096652301820221,,,,1,1.779028021537954,0.0026392646516877095,-0.006682647773850192,0.0026392646516877095,-0.014744975855360434
2015-12-24,fold_4,China devaluation and oil crash,0.0012444686180118655,1,-0.000533022546266082,-1,-0.000533022546266082,0.011563629755554139,,,,0,-5.33022546266082,0.008297720684649077,-0.02782818727775105,0.008297720684649077,-0.04418367105827519
2015-12-28,fold_4,China devaluation and oil crash,0.00019468694412110927,1,0.015606702273061046,1,0.015606702273061046,0.027170332028615185,,,,1,156.06702273061046,0.007353617759921376,-0.029031857688356588,0.007353617759921376,1.2940542927429068
2015-12-29,fold_4,China devaluation and oil crash,0.0022003615531590408,1,-0.009052168230587299,-1,-0.009052168230587299,0.018118163798027886,,,,0,-90.52168230587299,0.004979233170769747,-0.05429093809874885,0.004979233170769747,-0.7217363218677224
2015-12-30,fold_4,China devaluation and oil crash,-0.00023132046176290355,-1,-0.012526256467904062,-1,0.012526256467904062,0.03064442026593195,,,,1,125.26256467904062,0.00613289986047112,-0.07705271176332484,0.00613289986047112,-1.0014434086057409
2015-12-31,fold_4,China devaluation and oil crash,0.0015770952992360243,1,-0.021323442306054652,-1,-0.021323442306054652,0.009320977959877297,,,,0,-213.23442306054653,0.009659684058629436,-0.07276111367530103,0.009659684058629436,-1.6733253467462836
2016-01-04,fold_4,China devaluation and oil crash,0.003945336501292247,1,-0.0017366929568716216,-1,-0.0017366929568716216,0.007584285003005675,,,,0,-17.366929568716216,0.018742214094164333,-0.048365604828682685,0.018742214094164333,-0.13299938311556678
2016-01-05,fold_4,China devaluation and oil crash,-0.0013606744552400421,-1,-0.009652378137331219,-1,0.009652378137331219,0.017236663140336894,,,,1,96.52378137331219,0.021634952239988535,-0.03509790230464471,0.021634952239988535,-0.804466051931289
2016-01-06,fold_4,China devaluation and oil crash,0.003339212247979366,1,-0.03181394189516329,-1,-0.03181394189516329,-0.014577278754826395,,,,0,-318.1394189516329,0.018934329540647915,-0.06054344482040541,0.018934329540647915,-2.618651198542985
2016-01-07,fold_4,China devaluation and oil crash,0.009386618939677897,1,-0.008234658379880244,-1,-0.008234658379880244,-0.02281193713470664,,,,0,-82.34658379880244,0.029945708934716528,-0.007657906834388051,0.029945708934716528,-0.5849109099819225
2016-01-08,fold_4,China devaluation and oil crash,0.01155051137389309,1,0.0030720665405636893,1,0.0030720665405636893,-0.01973987059414295,,,,1,30.720665405636893,0.02705059732544286,-0.03095205308339377,0.02705059732544286,0.22293194032832703
2016-01-11,fold_4,China devaluation and oil crash,0.007261365009531902,1,0.01153100956716635,1,0.01153100956716635,-0.0082088610269766,,,,1,115.3100956716635,0.026194811875763578,-0.0318445237085303,0.026194811875763578,0.8379769965657005
2016-01-12,fold_4,China devaluation and oil crash,0.0069009435249424425,1,-0.03509792065309192,-1,-0.03509792065309192,-0.04330678168006852,,,,0,-350.9792065309192,0.02184238362108194,-0.0464480271351313,0.02184238362108194,-2.7007112948895324
2016-01-13,fold_4,China devaluation and oil crash,0.011699771280382677,1,0.021071596090854072,1,0.021071596090854072,-0.022235185589214446,,,,1,210.71596090854072,0.03351905047664126,-0.01035784777784432,0.03351905047664126,1.396629864588817
2016-01-14,fold_4,China devaluation and oil crash,0.007858265178178801,1,-0.031528804628885965,-1,-0.031528804628885965,-0.05376399021810041,,,,0,-315.2880462888596,0.016909402390645673,-0.0028869316224797714,0.016909402390645673,-2.0021287642035857
2016-01-15,fold_4,China devaluation and oil crash,0.007142907652607972,1,0.002179595915427157,1,0.002179595915427157,-0.05158439430267325,,,,1,21.79595915427157,0.03127138858758061,0.013690323937772142,0.03127138858758061,0.12870273806938973
2016-01-19,fold_4,China devaluation and oil crash,0.00944185863577467,1,-0.003072493859434644,-1,-0.003072493859434644,-0.0546568881621079,,,,0,-30.72493859434644,0.025855889983721316,0.0204698238879919,0.025855889983721316,-0.1848506249669811
2016-01-20,fold_4,China devaluation and oil crash,0.004457398187212795,1,0.0009922587041950592,1,0.0009922587041950592,-0.05366462945791284,,,,1,9.922587041950592,0.029435476267394543,-0.001688645411934253,0.029435476267394543,0.061776704168400025
2016-01-21,fold_4,China devaluation and oil crash,0.0023391337830827763,1,0.02854251224621862,1,0.02854251224621862,-0.025122117211694217,,,,1,285.4251224621862,0.024341104350093193,0.011338510799247636,0.024341104350093193,1.7982371089670433
2016-01-22,fold_4,China devaluation and oil crash,0.001626452779543693,1,-0.014951549068634051,-1,-0.014951549068634051,-0.04007366628032827,,,,0,-149.5154906863405,0.004517514680800411,0.0034633507173591482,0.004517514680800411,-0.8771940457603843
2016-01-25,fold_4,China devaluation and oil crash,0.0071392345582816,1,0.008959095865646916,1,0.008959095865646916,-0.031114570414681353,,,,1,89.59095865646916,0.00702071766343917,0.02110018263435265,0.00702071766343917,0.5181487944941808
2016-01-26,fold_4,China devaluation and oil crash,-0.0005619455774847682,-1,-0.025230963159360797,-1,0.025230963159360797,-0.005883607255320555,,,,1,252.30963159360797,0.0008101834715738168,-0.009742153537954046,0.0008101834715738168,-1.4495383138895608
2016-01-27,fold_4,China devaluation and oil crash,0.004043093152502486,1,0.014019414915376949,1,0.014019414915376949,0.008135807660056393,,,,1,140.1941491537695,0.0159499292459244,0.01068068007790135,0.0159499292459244,0.7662004856589724
2016-01-28,fold_4,China devaluation and oil crash,0.0017338088194510644,1,0.020667352164330133,1,0.020667352164330133,0.028803159824386526,,,,1,206.67352164330134,0.006255986975037288,-0.0034373038657280475,0.006255986975037288,1.1335163489035494
2016-01-29,fold_4,China devaluation and oil crash,-0.0002744698215649448,-1,0.0026852828483594493,1,-0.0026852828483594493,0.026117876976027077,,,,0,-26.852828483594493,0.0012286117817809563,-0.05944890351643117,0.0012286117817809563,0.14359585346548528
2016-02-01,fold_4,China devaluation and oil crash,0.0025875688432893443,1,-0.02188324030665978,-1,-0.02188324030665978,0.004234636669367298,,,,0,-218.8324030665978,0.0019266373668832986,-0.07753972347255367,0.0019266373668832986,-1.182937129687806
2016-02-02,fold_4,China devaluation and oil crash,0.0056161922462701205,1,-0.004808129543505402,-1,-0.004808129543505402,-0.000573492874138104,,,,0,-48.08129543505402,0.007430960075231557,-0.05876627638759757,0.007430960075231557,-0.25945388234654193
2016-02-03,fold_4,China devaluation and oil crash,0.003287091955921662,1,-9.856902825244873e-05,-1,-9.856902825244873e-05,-0.0006720619023905527,,,,0,-0.9856902825244873,0.011386446886494784,-0.05012403683963029,0.011386446886494784,-0.005311166214399696
2016-02-04,fold_4,China devaluation and oil crash,-0.0007130407160000206,-1,-0.03534424748637299,-1,0.03534424748637299,0.03467218558398244,,,,1,353.4424748637299,0.008588181444376435,-0.051474286127126234,0.008588181444376435,-1.9174533501424986
2016-02-05,fold_4,China devaluation and oil crash,0.003701187075982176,1,-0.015405537107763045,-1,-0.015405537107763045,0.019266648476219395,,,,0,-154.05537107763047,0.020766168852044065,-0.0010195453078347683,0.020766168852044065,-0.8215536769418437
2016-02-08,fold_4,China devaluation and oil crash,0.008837274724568423,1,-0.0031097932217036828,-1,-0.0031097932217036828,0.016156855254515712,,,,0,-31.097932217036828,0.028136029479902683,0.03668167469128747,0.028136029479902683,-0.16387711720760295
2016-02-09,fold_4,China devaluation and oil crash,0.00727102245138977,1,0.003834110004461877,1,0.003834110004461877,0.01999096525897759,,,,1,38.34110004461877,0.02705199178198648,0.06218694474727471,0.02705199178198648,0.2020432474718451
2016-02-10,fold_4,China devaluation and oil crash,0.008352144817136429,1,-0.0014488183157483903,-1,-0.0014488183157483903,0.0185421469432292,,,,0,-14.488183157483903,0.025275566518451784,0.04687260224871892,0.025275566518451784,-0.07698195258095755
2016-02-11,fold_4,China devaluation and oil crash,0.009268050163843935,1,0.015110493332918473,1,0.015110493332918473,0.03365264027614767,,,,1,151.10493332918475,0.01930700984989865,0.05127744217501817,0.01930700984989865,0.8831972019828036
2016-02-12,fold_4,China devaluation and oil crash,-8.93312760808754e-06,-1,0.022295682891359192,1,-0.022295682891359192,0.01135695738478848,,,,0,-222.95682891359192,0.010678468414555926,0.05227204937381735,0.010678468414555926,1.3278565186649587
2016-02-16,fold_4,China devaluation and oil crash,0.005781293200573476,1,0.022395476834283556,1,0.022395476834283556,0.033752434219072036,,,,1,223.95476834283556,-0.004501081595702892,0.013379471606890014,-0.004501081595702892,1.3967733286032078
2016-02-17,fold_4,China devaluation and oil crash,0.0023598124930030136,1,-0.011480232494093912,-1,-0.011480232494093912,0.022272201724978125,,,,0,-114.80232494093912,-0.006514501224062131,0.00048770168428280414,-0.006514501224062131,-0.6837341414653121
2016-02-18,fold_4,China devaluation and oil crash,0.0015653198356092531,1,0.002956021610550863,1,0.002956021610550863,0.025228223335528988,,,,1,29.56021610550863,-0.00475793931515132,0.02176855450693438,-0.00475793931515132,0.17417363544250247
2016-02-19,fold_4,China devaluation and oil crash,-0.0019313813986433846,-1,0.016105100531717653,1,-0.016105100531717653,0.009123122803811334,,,,0,-161.05100531717653,-0.0041952788544818605,0.017556218075548635,-0.0041952788544818605,0.9483009542696542
2016-02-22,fold_4,China devaluation and oil crash,-0.0019617034686251742,-1,-0.016596894875568147,-1,0.016596894875568147,0.02572001767937948,,,,1,165.96894875568148,-0.011271115018206854,-0.007580889648174605,-0.011271115018206854,-1.027989766492414
2016-02-23,fold_4,China devaluation and oil crash,-0.001778280343910307,-1,0.009503706911676346,1,-0.009503706911676346,0.016216310767703135,,,,0,-95.03706911676346,-0.003926156385277044,0.04060924520764342,-0.003926156385277044,0.5857381864444753
2016-02-24,fold_4,China devaluation and oil crash,-7.373072445125727e-05,-1,0.009800620328557663,1,-0.009800620328557663,0.006415690439145472,,,,0,-98.00620328557663,-0.011493365601976252,0.03148340033564434,-0.011493365601976252,0.603461779103473
2016-02-25,fold_4,China devaluation and oil crash,-0.000827017673697159,-1,-0.0012563148208348807,-1,0.0012563148208348807,0.007672005259980352,,,,1,12.563148208348807,-0.012540835618102915,0.019791029590616738,-0.012540835618102915,-0.08165264511119744
2016-02-26,fold_4,China devaluation and oil crash,-0.0038845827692343586,-1,-0.009032007192005587,-1,0.009032007192005587,0.01670401245198594,,,,1,90.32007192005587,-0.009863666335663608,0.021426400612703844,-0.009863666335663608,-0.599497246806656
2016-02-29,fold_4,China devaluation and oil crash,0.00060457623047358,1,0.031593239980249876,1,0.031593239980249876,0.048297252432235815,,,,1,315.93239980249876,-0.01008397249521033,0.024288143198628376,-0.01008397249521033,2.1816719207427404
2016-03-01,fold_4,China devaluation and oil crash,-0.004350516713288582,-1,0.00037786203967726806,1,-0.00037786203967726806,0.04791939039255855,,,,0,-3.7786203967726806,-0.01872860347946636,-0.015623753563713372,-0.01872860347946636,0.023467816817346564
2016-03-02,fold_4,China devaluation and oil crash,-0.0029656368826341288,-1,-0.0018917504164699395,-1,0.0018917504164699395,0.04981114080902849,,,,1,18.917504164699395,-0.01477787867222578,-0.009589391725174146,-0.01477787867222578,-0.12332163128581751
2016-03-03,fold_4,China devaluation and oil crash,-0.0009737309167313459,-1,0.00037905620125222583,1,-0.00037905620125222583,0.04943208460777626,,,,0,-3.7905620125222583,-0.00508922381358102,-0.009225157674825901,-0.00508922381358102,0.024761813468867088
2016-03-04,fold_4,China devaluation and oil crash,-0.001850940969440877,-1,-0.006170264606081055,-1,0.006170264606081055,0.055602349213857316,,,,1,61.70264606081055,-0.004331827095670255,0.0077295913149093565,-0.004331827095670255,-0.40306623955910803
2016-03-07,fold_4,China devaluation and oil crash,-0.0025569403439902904,-1,-0.008318656782091871,-1,0.008318656782091871,0.06392100599594919,,,,1,83.18656782091871,0.004278676248739459,0.015589106887190063,0.004278676248739459,-0.6310215495998357
2016-03-08,fold_4,China devaluation and oil crash,0.005180293898893086,1,0.006412223878216494,1,0.006412223878216494,0.07033322987416568,,,,1,64.12223878216494,0.004650514091338109,0.023532415694048403,0.004650514091338109,0.49861595348445165
2016-03-09,fold_4,China devaluation and oil crash,0.0018638633843260956,1,-0.001527516366121695,-1,-0.001527516366121695,0.06880571350804399,,,,0,-15.27516366121695,-0.0012633907619366636,0.02599026118506753,-0.0012633907619366636,-0.11821938015982
2016-03-10,fold_4,China devaluation and oil crash,-0.00163419971667809,-1,0.017333805190987484,1,-0.017333805190987484,0.0514719083170565,,,,0,-173.33805190987482,-0.0007879729441441258,0.026959848913549855,-0.0007879729441441258,1.3440099143160127
2016-03-11,fold_4,China devaluation and oil crash,0.002994950220908229,1,0.0016892509661996513,1,0.0016892509661996513,0.053161159283256154,,,,1,16.892509661996513,-0.012033174274486443,0.011191517588097888,-0.012033174274486443,0.12547344482987752
2016-03-14,fold_4,China devaluation and oil crash,-0.0025596943258155286,-1,-0.0003753479752335309,-1,0.0003753479752335309,0.053536507258489685,,,,1,3.753479752335309,-0.011080119369039285,0.013406858269301658,-0.011080119369039285,-0.028789643508014145
2016-03-15,fold_4,China devaluation and oil crash,-0.0012672784716380838,-1,0.008870069369235623,1,-0.008870069369235623,0.04466643788925406,,,,0,-88.70069369235623,-0.009888031050514334,0.01683898549783347,-0.009888031050514334,0.7362859028048112
2016-03-16,fold_4,China devaluation and oil crash,-0.00227007643773929,-1,-0.0005579286376393711,-1,0.0005579286376393711,0.045224366526893434,,,,1,5.579286376393711,-0.012533771414829963,-0.0002968715351476803,-0.012533771414829963,-0.050106030756215725
2016-03-17,fold_4,China devaluation and oil crash,0.0006500502087198393,1,0.001565473865535516,1,0.001565473865535516,0.04678984039242895,,,,1,15.65473865535516,-0.01010533276520795,0.0005409800117490704,-0.01010533276520795,0.14447327970051663
2016-03-18,fold_4,China devaluation and oil crash,-0.0018768770265217348,-1,0.0039045916474034215,1,-0.0039045916474034215,0.04288524874502553,,,,0,-39.045916474034215,-0.008117640328439294,-0.0024239751939028054,-0.008117640328439294,0.36082740226055715
2016-03-21,fold_4,China devaluation and oil crash,-0.006886738225855157,-1,0.0030567792532982807,1,-0.0030567792532982807,0.03982846949172725,,,,0,-30.567792532982807,-0.007710141441779837,0.009602146703159065,-0.007710141441779837,0.2984641932522144
2016-03-22,fold_4,China devaluation and oil crash,-0.004516009798958912,-1,-0.008265787663745527,-1,0.008265787663745527,0.048094257155472775,,,,1,82.65787663745527,-0.0068789277945686955,0.01140359248276468,-0.0068789277945686955,-0.8637103386924586
2016-03-23,fold_4,China devaluation and oil crash,-0.001844792284833337,-1,0.0002799229092573796,1,-0.0002799229092573796,0.047814334246215395,,,,0,-2.799229092573796,0.0020572606278802786,0.01820463318737975,0.0020572606278802786,0.029426987994186592
2016-03-24,fold_4,China devaluation and oil crash,-0.0007693990245375025,-1,-0.0013994813401163597,-1,0.0013994813401163597,0.049213815586331755,,,,1,13.994813401163597,-0.0022325680301095215,0.028491921052673952,-0.0022325680301095215,-0.1511843418165445
2016-03-28,fold_4,China devaluation and oil crash,-0.006043841589322142,-1,0.01593071354446529,1,-0.01593071354446529,0.033283102041866464,,,,0,-159.3071354446529,-0.0022510889009667483,0.026078284554237996,-0.0022510889009667483,1.720785580467
2016-03-29,fold_4,China devaluation and oil crash,-0.0005190317656193189,-1,0.004858225032903896,1,-0.004858225032903896,0.028424877008962568,,,,0,-48.582250329038956,-0.011945972179754138,0.0004590361480163452,-0.011945972179754138,0.5002431355891801
2016-03-30,fold_4,China devaluation and oil crash,-0.003313957153836431,-1,-0.0014647469591304585,-1,0.0014647469591304585,0.029889623968093026,,,,1,14.647469591304585,-0.014307597307057631,0.01190719320415834,-0.014307597307057631,-0.2169314072734547
2016-03-31,fold_4,China devaluation and oil crash,-0.005987347108342037,-1,0.010567210774551583,1,-0.010567210774551583,0.019322413193541443,,,,0,-105.67210774551583,-0.014712958298421546,-0.0010990502815797498,-0.014712958298421546,1.5633052445202813
2016-04-01,fold_4,China devaluation and oil crash,-0.0067253680722389455,-1,-0.0038131178385523157,-1,0.0038131178385523157,0.02313553103209376,,,,1,38.13117838552316,-0.019673871351637447,-0.012399908345893884,-0.019673871351637447,-0.5334434279302764
2016-04-04,fold_4,China devaluation and oil crash,-0.006585272920244106,-1,-0.00968853486175636,-1,0.00968853486175636,0.03282406589385012,,,,1,96.8853486175636,-0.015871331741343878,-0.012263499334329353,-0.015871331741343878,-1.3459487874714837
2016-04-05,fold_4,China devaluation and oil crash,-0.007401741836202137,-1,0.01630638208904589,1,-0.01630638208904589,0.01651768380480423,,,,0,-163.06382089045889,-0.004623403292525217,0.005769746992666747,-0.004623403292525217,2.206686146330935
2016-04-06,fold_4,China devaluation and oil crash,-0.002614074900592394,-1,-0.014470990444868548,-1,0.014470990444868548,0.030988674249672776,,,,1,144.70990444868548,-0.013159127056583324,0.002166473313034878,-0.013159127056583324,-1.8026860920018872
2016-04-07,fold_4,China devaluation and oil crash,-0.0042245598655823845,-1,-0.0007336472897625512,-1,0.0007336472897625512,0.03172232153943533,,,,1,7.336472897625512,-0.008904070132733703,0.016727683995013898,-0.008904070132733703,-0.0859524674195636
2016-04-08,fold_4,China devaluation and oil crash,-0.0017348143754038346,-1,-0.0036767088269877846,-1,0.0036767088269877846,0.03539903036642311,,,,1,36.767088269877846,-0.011034806932550604,0.01493400709588144,-0.011034806932550604,-0.4310205214851261
2016-04-11,fold_4,China devaluation and oil crash,-0.0025018692519688576,-1,0.00834471146523974,1,-0.00834471146523974,0.027054318901183372,,,,0,-83.4471146523974,-0.015286085146939687,0.023929070908531358,-0.015286085146939687,1.0917883100498842
2016-04-12,fold_4,China devaluation and oil crash,-0.003650719542437204,-1,0.012703108409414021,1,-0.012703108409414021,0.01435121049176935,,,,0,-127.03108409414021,-0.017081211430746118,0.009451969123351667,-0.017081211430746118,1.6164684369758442
2016-04-13,fold_4,China devaluation and oil crash,-0.002474061458220138,-1,9.022023711047211e-05,1,-9.022023711047211e-05,0.014260990254658878,,,,0,-0.9022023711047211,-0.02719098048784856,-0.002437103951784536,-0.02719098048784856,0.010797402454357615
2016-04-14,fold_4,China devaluation and oil crash,-0.004977555507996664,-1,-0.002527324188895008,-1,0.002527324188895008,0.016788314443553887,,,,1,25.273241888950082,-0.019731878492490133,-0.0024371798446480852,-0.019731878492490133,-0.3113639257109552
2016-04-15,fold_4,China devaluation and oil crash,-0.005706455335110873,-1,0.005318354985662133,1,-0.005318354985662133,0.011469959457891754,,,,0,-53.183549856621326,-0.025486332130662613,-0.015117634545455338,-0.025486332130662613,0.6537108107086823
2016-04-18,fold_4,China devaluation and oil crash,-0.0035910300019655695,-1,-0.006132390319939951,-1,0.006132390319939951,0.017602349777831705,,,,1,61.32390319939951,-0.028704928200593803,-0.02043598953111747,-0.028704928200593803,-0.746519575063396
2016-04-19,fold_4,China devaluation and oil crash,-0.00589734897935577,-1,0.0008140353342778184,1,-0.0008140353342778184,0.016788314443553887,,,,0,-8.140353342778184,-0.02362357832480102,-0.01917873140010773,-0.02362357832480102,0.09828481736239875
2016-04-20,fold_4,China devaluation and oil crash,-0.005796803427645488,-1,9.014434424692297e-05,1,-9.014434424692297e-05,0.016698170099306964,,,,0,-0.9014434424692297,-0.017394930994776733,-0.02804709604071043,-0.017394930994776733,0.01091842629886139
2016-04-21,fold_4,China devaluation and oil crash,-0.007746150646213415,-1,-0.015207778889702261,-1,0.015207778889702261,0.031905948989009225,,,,1,152.07778889702263,-0.00929897371176384,-0.04029499839482842,-0.00929897371176384,-1.889952292367294
2016-04-22,fold_4,China devaluation and oil crash,-0.004266489015278892,-1,0.0,0,-0.0,0.031905948989009225,,,,0,-0.0,0.002713163377788119,-0.030370200489366894,0.002713163377788119,0.0
2016-04-25,fold_4,China devaluation and oil crash,-5.875553761006309e-05,-1,-0.004875132188930209,-1,0.004875132188930209,0.036781081177939434,,,,1,48.75132188930209,0.010212546000746914,-0.020955649296954704,0.010212546000746914,-0.5584431452323555
2016-04-26,fold_4,China devaluation and oil crash,0.0031365326218102374,1,-0.008054329306324881,-1,-0.008054329306324881,0.028726751871614553,,,,0,-80.54329306324881,0.008524032739364602,-0.02540057409069263,0.008524032739364602,-1.0012567341013854
2016-04-27,fold_4,China devaluation and oil crash,0.002694314871778517,1,-0.012157758009871067,-1,-0.012157758009871067,0.016568993861743486,,,,0,-121.57758009871067,0.004407475452892622,-0.02379820290211132,0.004407475452892622,-1.4878294773292926
2016-04-28,fold_4,China devaluation and oil crash,0.0026145719066851722,1,-0.005282980984240737,-1,-0.005282980984240737,0.011286012877502749,,,,0,-52.82980984240737,0.003765399398414186,-0.011926179550536098,0.003765399398414186,-0.6139008000621646
2016-04-29,fold_4,China devaluation and oil crash,0.0016238618456514502,1,0.00941455119241219,1,0.00941455119241219,0.02070056406991494,,,,1,94.1455119241219,0.005773679820124439,-0.0013251758851184903,0.005773679820124439,1.12631297320167
2018-10-24,fold_5,2018 Vol-mageddon + Q4 sell-off,0.007986616021380946,1,0.034010266368697195,1,0.034010266368697195,0.034010266368697195,,,,1,340.10266368697194,0.023067439979203908,0.026734813441015248,0.023067439979203908,1.77468860016443
2018-10-25,fold_5,2018 Vol-mageddon + Q4 sell-off,0.0019928156281461863,1,-0.026058673488593698,-1,-0.026058673488593698,0.007951592880103497,,,,0,-260.58673488593695,0.014520132285063613,0.0058290321997995775,0.014520132285063613,-1.2692032756157483
2018-10-26,fold_5,2018 Vol-mageddon + Q4 sell-off,0.004438497977332109,1,-0.020795819297068086,-1,-0.020795819297068086,-0.012844226416964588,,,,0,-207.95819297068084,0.021403309476334217,0.01618886828485966,0.021403309476334217,-0.9743944970941217
2018-10-29,fold_5,2018 Vol-mageddon + Q4 sell-off,0.006351498680361213,1,0.0163457444725168,1,0.0163457444725168,0.0035015180555522107,,,,1,163.457444725168,0.02569594600067244,0.034502034773601586,0.02569594600067244,0.7484921883353494
2018-10-30,fold_5,2018 Vol-mageddon + Q4 sell-off,0.004942227348900822,1,0.023233295385463038,1,0.023233295385463038,0.026734813441015248,,,,1,232.33295385463038,0.015384277673607243,0.02570339121001286,0.015384277673607243,1.0495600485665344
2018-10-31,fold_5,2018 Vol-mageddon + Q4 sell-off,0.004926251413566682,1,0.013104485127481524,1,0.013104485127481524,0.03983929856849677,,,,1,131.04485127481524,0.009914361993980794,0.033355818611542354,0.009914361993980794,0.5763659324773915
2018-11-01,fold_5,2018 Vol-mageddon + Q4 sell-off,0.0017829265466660384,1,-0.015698837403533616,-1,-0.015698837403533616,0.024140461164963156,,,,0,-156.98837403533616,0.009741488179113467,0.013852040931864096,0.009741488179113467,-0.6973882163455799
2018-11-02,fold_5,2018 Vol-mageddon + Q4 sell-off,0.002790905270010637,1,-0.002482652808326158,-1,-0.002482652808326158,0.021657808356637,,,,0,-24.82652808326158,0.014879854966682855,0.012555296681250994,0.014879854966682855,-0.10977283931015479
2018-11-05,fold_5,2018 Vol-mageddon + Q4 sell-off,-0.0026965895980773443,-1,0.007547100908928073,1,-0.007547100908928073,0.014110707447708926,,,,0,-75.47100908928073,0.0053340261806589405,-0.015688073633696398,0.0053340261806589405,0.33421468347266076
2018-11-06,fold_5,2018 Vol-mageddon + Q4 sell-off,-0.00019500104587471363,-1,0.03088572278699253,1,-0.03088572278699253,-0.016775015339283605,,,,0,-308.8572278699253,0.006805243265027181,-0.022393719975439375,0.006805243265027181,1.3646313407784774
2018-11-07,fold_5,2018 Vol-mageddon + Q4 sell-off,-0.003121790778851199,-1,-0.006399292552196734,-1,0.006399292552196734,-0.010375722787086872,,,,1,63.99292552196734,0.008421511861262727,-0.06093803374393936,0.008421511861262727,-0.2987561094118364
2018-11-08,fold_5,2018 Vol-mageddon + Q4 sell-off,0.0015122420254898529,1,-0.01699558165414672,-1,-0.01699558165414672,-0.02737130444123359,,,,0,-169.9558165414672,0.006591461192240942,-0.03719615933728182,0.006591461192240942,-0.7984634592381895
2018-11-09,fold_5,2018 Vol-mageddon + Q4 sell-off,2.2963432337338107e-05,1,-0.03072602312327355,-1,-0.03072602312327355,-0.05809732756450714,,,,0,-307.26023123273546,0.003868362758679489,-0.023716740175321327,0.003868362758679489,-1.4820286766987243
2018-11-12,fold_5,2018 Vol-mageddon + Q4 sell-off,0.0003073244229257478,1,0.0008414545671850959,1,0.0008414545671850959,-0.057255872997322044,,,,1,8.41454567185096,0.010805603194857957,-0.026007166052449904,0.010805603194857957,0.03882904903812807
2018-11-13,fold_5,2018 Vol-mageddon + Q4 sell-off,0.0054546570205220805,1,-0.0076585909815074515,-1,-0.0076585909815074515,-0.0649144639788295,,,,0,-76.58590981507452,0.008849256193461809,-0.04490539324939835,0.008849256193461809,-0.3699598816985418
2018-11-14,fold_5,2018 Vol-mageddon + Q4 sell-off,0.0031007392895583217,1,0.017342581854460803,1,0.017342581854460803,-0.04757188212436869,,,,1,173.42581854460803,0.01835810125735985,-0.029672910499225935,0.01835810125735985,0.8349153533134935
2018-11-15,fold_5,2018 Vol-mageddon + Q4 sell-off,-0.0006095978001078126,-1,-0.0035161624921862256,-1,0.0035161624921862256,-0.044055719632182466,,,,1,35.161624921862256,0.007705223587041322,-0.05427510000742952,0.007705223587041322,-0.17177737056518852
2018-11-16,fold_5,2018 Vol-mageddon + Q4 sell-off,-0.0002752075756417173,-1,-0.033016449000402126,-1,0.033016449000402126,-0.01103927063178034,,,,1,330.1644900040213,0.015763066426823832,-0.027908117265008414,0.015763066426823832,-1.611867493491997
2018-11-19,fold_5,2018 Vol-mageddon + Q4 sell-off,0.0034100207464390344,1,-0.01805677262976335,-1,-0.01805677262976335,-0.02909604326154369,,,,0,-180.5677262976335,0.025213087585230862,0.008479170337531095,0.025213087585230862,-0.8304656952937203
2018-11-20,fold_5,2018 Vol-mageddon + Q4 sell-off,0.002141245435870821,1,0.007573891768664964,1,0.007573891768664964,-0.021522151492878727,,,,1,75.73891768664964,0.023201907597812273,0.05821185674423912,0.023201907597812273,0.342721089958986
2018-11-21,fold_5,2018 Vol-mageddon + Q4 sell-off,0.007163409786562248,1,-0.007259607653742783,-1,-0.007259607653742783,-0.02878175914662151,,,,0,-72.59607653742783,0.02040371739626412,0.04737258960820423,0.02040371739626412,-0.37166995530783903
2018-11-23,fold_5,2018 Vol-mageddon + Q4 sell-off,0.006610620987180964,1,0.022850820250234882,1,0.022850820250234882,-0.005930938896386628,,,,1,228.5082025023488,0.018942903028701615,0.06186140031479326,0.018942903028701615,1.2649789142725905
2018-11-26,fold_5,2018 Vol-mageddon + Q4 sell-off,0.002312694664696186,1,0.0033708386021373826,1,0.0033708386021373826,-0.0025601002942492457,,,,1,33.708386021373826,0.008595801930454805,0.05633609898167613,0.008595801930454805,0.1888876302400691
2018-11-27,fold_5,2018 Vol-mageddon + Q4 sell-off,0.00467356208352563,1,0.031675913776944675,1,0.031675913776944675,0.02911581348269543,,,,1,316.75913776944674,-0.0011753897005226475,0.013853813451494723,-0.0011753897005226475,1.8367398910174983
2018-11-28,fold_5,2018 Vol-mageddon + Q4 sell-off,0.0028997072801187156,1,-0.003265375367369927,-1,-0.003265375367369927,0.025850438115325503,,,,0,-32.65375367369927,-0.009454196196710372,-0.01078720309487835,-0.009454196196710372,-0.17861348239722183
2018-11-29,fold_5,2018 Vol-mageddon + Q4 sell-off,0.0004793835202179772,1,0.007229203052846245,1,0.007229203052846245,0.03307964116817175,,,,1,72.29203052846245,-0.010534879984822327,-0.04109470215479227,-0.010534879984822327,0.4120773526837548
2018-11-30,fold_5,2018 Vol-mageddon + Q4 sell-off,8.289104116536395e-05,1,0.017325518917117755,1,0.017325518917117755,0.0504051600852895,,,,1,173.25518917117756,-0.012268202314949517,-0.0379058953172855,-0.012268202314949517,0.997310767714053
2018-12-03,fold_5,2018 Vol-mageddon + Q4 sell-off,-0.001606301276640118,-1,-0.039111446928044025,-1,0.039111446928044025,0.08951660701333353,,,,1,391.11446928044023,-0.012922099137328249,-0.05192564165236124,-0.012922099137328249,-2.241424192443102
2018-12-04,fold_5,2018 Vol-mageddon + Q4 sell-off,-0.0023819418102670707,-1,0.007034897230571602,1,-0.007034897230571602,0.08248170978276192,,,,0,-70.34897230571602,-0.004650621794789545,-0.004051307970267537,-0.004650621794789545,0.3605707093956329
2018-12-06,fold_5,2018 Vol-mageddon + Q4 sell-off,0.00130100704218795,1,-0.03357287442728385,-1,-0.03357287442728385,0.048908835355478075,,,,0,-335.7287442728385,0.00021669045034939738,-0.010783231938821025,0.00021669045034939738,-1.7216083160429345
2018-12-07,fold_5,2018 Vol-mageddon + Q4 sell-off,0.0013397751762993302,1,0.01041800989035302,1,0.01041800989035302,0.059326845245831095,,,,1,104.1800989035302,0.014032469209076671,-0.0018603973007458308,0.014032469209076671,0.5282515780582366
2018-12-10,fold_5,2018 Vol-mageddon + Q4 sell-off,0.003557071769826722,1,0.0033057725820420103,1,0.0033057725820420103,0.0626326178278731,,,,1,33.0577258204201,0.015314413511242988,-0.03519889722647296,0.015314413511242988,0.16689777918986154
2018-12-11,fold_5,2018 Vol-mageddon + Q4 sell-off,-0.003661674605547058,-1,0.008762886754049681,1,-0.008762886754049681,0.053869731073823424,,,,0,-87.62886754049681,0.017787831397218998,-0.032235823934803065,0.017787831397218998,0.45045938463094426
2018-12-12,fold_5,2018 Vol-mageddon + Q4 sell-off,0.004610281280719703,1,0.0003029732620181136,1,0.0003029732620181136,0.05417270433584154,,,,1,3.029732620181136,0.012744875684158502,-0.06586034710844757,0.012744875684158502,0.016551644777471525
2018-12-13,fold_5,2018 Vol-mageddon + Q4 sell-off,0.0015900267688275145,1,-0.024650039789208655,-1,-0.024650039789208655,0.029522664546632882,,,,0,-246.50039789208654,0.012017096420052447,-0.08076487739698379,0.012017096420052447,-1.3467111284400528
2018-12-14,fold_5,2018 Vol-mageddon + Q4 sell-off,0.009225698865458109,1,-0.022920490035374108,-1,-0.022920490035374108,0.006602174511258774,,,,0,-229.2049003537411,0.018984245828942727,-0.08759867804192645,0.018984245828942727,-1.2038753790062104
2018-12-17,fold_5,2018 Vol-mageddon + Q4 sell-off,0.005404347177630343,1,0.0062688458737119035,1,0.0062688458737119035,0.012871020384970677,,,,1,62.688458737119035,0.015385705176618468,-0.08978883567516416,0.015385705176618468,0.3242801571004377
2018-12-18,fold_5,2018 Vol-mageddon + Q4 sell-off,0.006827072315299281,1,-0.024861636419594824,-1,-0.024861636419594824,-0.011990616034624146,,,,0,-248.61636419594822,0.019338301146387193,-0.035490771563958745,0.019338301146387193,-1.283752666124262
2018-12-19,fold_5,2018 Vol-mageddon + Q4 sell-off,0.0051060935350873155,1,-0.014601557026518108,-1,-0.014601557026518108,-0.026592173061142255,,,,0,-146.01557026518108,0.021457892884688946,-0.006766404361776779,0.021457892884688946,-0.7788662930931695
2018-12-20,fold_5,2018 Vol-mageddon + Q4 sell-off,0.008350756080236837,1,-0.03148384043415131,-1,-0.03148384043415131,-0.058076013495293566,,,,0,-314.8384043415131,0.01966089124090852,0.007312349281205499,0.01966089124090852,-1.6930339809025827
2018-12-21,fold_5,2018 Vol-mageddon + Q4 sell-off,0.008365100118880987,1,-0.02511064766861182,-1,-0.02511064766861182,-0.08318666116390538,,,,0,-251.10647668611819,0.033669123449620475,0.04719372280089562,0.033669123449620475,-1.2674572673187545
2018-12-24,fold_5,2018 Vol-mageddon + Q4 sell-off,0.007324014302647216,1,0.060566909984917316,1,0.060566909984917316,-0.022619751178988068,,,,1,605.6690998491731,0.031336616710256296,0.07631570050769287,0.031336616710256296,2.950446690963408
2018-12-26,fold_5,2018 Vol-mageddon + Q4 sell-off,0.002630554297035841,1,0.0038627307825871426,1,0.0038627307825871426,-0.018757020396400925,,,,1,38.627307825871426,0.014566934400316707,-0.017467687966457035,0.014566934400316707,0.1605697928539248
2018-12-27,fold_5,2018 Vol-mageddon + Q4 sell-off,0.0032034280696757187,1,-0.0005228033835358303,-1,-0.0005228033835358303,-0.019279823779936756,,,,0,-5.228033835358303,0.0066078610003374606,0.020564428242769495,0.0066078610003374606,-0.021729065604608522
2018-12-28,fold_5,2018 Vol-mageddon + Q4 sell-off,0.006978474406312648,1,0.00839753308553881,1,0.00839753308553881,-0.010882290694397945,,,,1,83.97533085538811,-0.012915352155999425,0.03292231558152636,-0.012915352155999425,0.36520208009465255
2018-12-31,fold_5,2018 Vol-mageddon + Q4 sell-off,0.0011650292004923642,1,0.004011330038185434,1,0.004011330038185434,-0.00687096065621251,,,,1,40.113300381854344,-0.015910680666572235,0.03352988256600131,-0.015910680666572235,0.17395794166586181
2019-01-02,fold_5,2018 Vol-mageddon + Q4 sell-off,-0.000547476636895235,-1,-0.03321647848923259,-1,0.03321647848923259,0.026345517833020082,,,,1,332.16478489232594,-0.015502427675977308,0.03763500249428198,-0.015502427675977308,-1.4429433525971453
2019-01-03,fold_5,2018 Vol-mageddon + Q4 sell-off,-0.002178186686553117,-1,0.04189484699181367,1,-0.04189484699181367,-0.01554932915879359,,,,0,-418.9484699181367,-0.004701217385620412,0.07370780221470596,-0.004701217385620412,1.7546651131761455
2019-01-04,fold_5,2018 Vol-mageddon + Q4 sell-off,-0.00745215074226083,-1,0.011835083955221037,1,-0.011835083955221037,-0.027384413114014627,,,,0,-118.35083955221037,-0.022573244382059227,0.028147897368140384,-0.022573244382059227,0.4908543546392967
2019-01-07,fold_5,2018 Vol-mageddon + Q4 sell-off,-0.003950986574777452,-1,0.00900510007001376,1,-0.00900510007001376,-0.03638951318402839,,,,0,-90.0510007001376,-0.011874692460430138,0.007436921763547488,-0.011874692460430138,0.37203579793221414
2019-01-08,fold_5,2018 Vol-mageddon + Q4 sell-off,0.001976167923986259,1,0.0081164499664661,1,0.0081164499664661,-0.02827306321756229,,,,1,81.164499664661,-0.0057658555061451105,0.017769729606096796,-0.0057658555061451105,0.3513725713332447
2019-01-09,fold_5,2018 Vol-mageddon + Q4 sell-off,-0.004139265020280856,-1,0.0028563212311913944,1,-0.0028563212311913944,-0.031129384448753683,,,,0,-28.563212311913944,-0.013946149044628792,0.009468733178256805,-0.013946149044628792,0.12390206631015782
2019-01-10,fold_5,2018 Vol-mageddon + Q4 sell-off,-0.00012141580828504679,-1,-0.0036650578547519075,-1,0.0036650578547519075,-0.027464326594001776,,,,1,36.650578547519075,-0.013824562196987748,0.014465805583048663,-0.013824562196987748,-0.15900432044947757
2019-01-11,fold_5,2018 Vol-mageddon + Q4 sell-off,-0.005539538868473494,-1,-0.008875891649371859,-1,0.008875891649371859,-0.018588434944629917,,,,1,88.75891649371859,-0.016961915230955013,0.027982446355065527,-0.016961915230955013,-0.3862234557550303
2019-01-14,fold_5,2018 Vol-mageddon + Q4 sell-off,0.002046015663050722,1,0.019337907912563068,1,0.019337907912563068,0.0007494729679331513,,,,1,193.37907912563068,-0.012424223836904237,0.01662468558054453,-0.012424223836904237,0.8383482210297947
2019-01-15,fold_5,2018 Vol-mageddon + Q4 sell-off,-0.002874030243078802,-1,-0.0001845464613738912,-1,0.0001845464613738912,0.0009340194293070425,,,,1,1.845464613738912,-0.023439146823240064,-0.0014171712637551792,-0.023439146823240064,-0.00808987921917732
2019-01-16,fold_5,2018 Vol-mageddon + Q4 sell-off,-0.0007682848112477907,-1,0.007853393635983252,1,-0.007853393635983252,-0.00691937420667621,,,,0,-78.53393635983252,-0.02095908814501575,0.005221868698025212,-0.02095908814501575,0.35329712750900966
2019-01-17,fold_5,2018 Vol-mageddon + Q4 sell-off,-0.003786843528629933,-1,0.009851582917264956,1,-0.009851582917264956,-0.016770957123941166,,,,0,-98.51582917264956,-0.02300300988796733,0.009246372806191339,-0.02300300988796733,0.4426878625243031
2019-01-18,fold_5,2018 Vol-mageddon + Q4 sell-off,-0.008860116822243259,-1,-0.020233652423892856,-1,0.020233652423892856,0.0034626952999516902,,,,1,202.33652423892858,-0.02268545547239675,-0.013034457798368315,-0.02268545547239675,-0.9341151823620253
2019-01-22,fold_5,2018 Vol-mageddon + Q4 sell-off,-0.004087676851865697,-1,0.0012960510682633597,1,-0.0012960510682633597,0.0021666442316883305,,,,0,-12.960510682633597,-0.012413566518437823,-0.0022874535925785366,-0.012413566518437823,0.05921816890991798
2019-01-23,fold_5,2018 Vol-mageddon + Q4 sell-off,0.00413372821967984,1,0.0064544935004065,1,0.0064544935004065,0.00862113773209483,,,,1,64.544935004065,-0.006747930859290638,0.02153633054526871,-0.006747930859290638,0.31143682154349095
2019-01-24,fold_5,2018 Vol-mageddon + Q4 sell-off,-0.0013219087436189881,-1,0.01187789774414938,1,-0.01187789774414938,-0.0032567600120545492,,,,0,-118.7789774414938,-0.014178166192448417,0.029939587730595463,-0.014178166192448417,0.5938378744339285
2019-01-25,fold_5,2018 Vol-mageddon + Q4 sell-off,-0.003853075129669074,-1,-0.012429247687294698,-1,0.012429247687294698,0.009172487675240149,,,,1,124.29247687294698,-0.019264184377187545,0.013830570685810173,-0.019264184377187545,-0.8309956368039547
2019-01-28,fold_5,2018 Vol-mageddon + Q4 sell-off,-0.006147905035614134,-1,-0.009486648218103078,-1,0.009486648218103078,0.018659135893343226,,,,1,94.86648218103078,-0.01388212154953353,0.03860487105110266,-0.01388212154953353,-0.62459246102514
2019-01-29,fold_5,2018 Vol-mageddon + Q4 sell-off,-0.004033951286026902,-1,0.025119835206110608,1,-0.025119835206110608,-0.006460699312767382,,,,0,-251.19835206110608,-0.01376358356058854,0.05690077200092336,-0.01376358356058854,1.6380173508875673
2019-01-30,fold_5,2018 Vol-mageddon + Q4 sell-off,-0.006351722722548083,-1,0.01485775068573325,1,-0.01485775068573325,-0.021318449998500633,,,,0,-148.5775068573325,-0.01781450075318606,0.028794311840284692,-0.01781450075318606,0.9158159736361503
2019-01-31,fold_5,2018 Vol-mageddon + Q4 sell-off,-0.002367551916319535,-1,-0.0042311193006359105,-1,0.0042311193006359105,-0.017087330697864722,,,,1,42.311193006359105,-0.016425569285557242,0.00041609383971863423,-0.016425569285557242,-0.25587502014519004
2019-02-01,fold_5,2018 Vol-mageddon + Q4 sell-off,-0.0026444699167430135,-1,0.012345052677997792,1,-0.012345052677997792,-0.029432383375862514,,,,0,-123.45052677997792,-0.01383999108764521,0.006606902685861726,-0.01383999108764521,0.8338895394396779
2019-02-04,fold_5,2018 Vol-mageddon + Q4 sell-off,-0.0014130004662824326,-1,0.00880925273171762,1,-0.00880925273171762,-0.038241636107580135,,,,0,-88.0925273171762,-0.01596715450492486,-0.006687937806252542,-0.01596715450492486,0.7471241039746336
2019-02-05,fold_5,2018 Vol-mageddon + Q4 sell-off,-0.005282754768542809,-1,-0.002986624954528061,-1,0.002986624954528061,-0.035255011153052074,,,,1,29.86624954528061,-0.016522169678150418,-0.0008191018892329538,-0.016522169678150418,-0.25619367299360474
2019-02-06,fold_5,2018 Vol-mageddon + Q4 sell-off,-0.006305411272783693,-1,-0.013520467314832807,-1,0.013520467314832807,-0.021734543838219267,,,,1,135.20467314832808,-0.013405095163646765,0.002869384755081583,-0.013405095163646765,-1.175501688232634
2019-02-07,fold_5,2018 Vol-mageddon + Q4 sell-off,-0.004523632192145683,-1,0.0019596895455071817,1,-0.0019596895455071817,-0.02369423338372645,,,,0,-19.596895455071817,-0.004049661702278472,0.01761711240129138,-0.004049661702278472,0.1667357073202623
2019-02-08,fold_5,2018 Vol-mageddon + Q4 sell-off,-0.0046501206086924955,-1,-0.0009497878141164762,-1,0.0009497878141164762,-0.022744445569609972,,,,1,9.497878141164762,-0.0003164002142164225,0.019853880712545013,-0.0003164002142164225,-0.08087375287144566
2019-02-11,fold_5,2018 Vol-mageddon + Q4 sell-off,-0.0030932729507610487,-1,0.014678088648737209,1,-0.014678088648737209,-0.03742253421834718,,,,0,-146.78088648737207,0.0027309929734568726,0.022779028699126513,0.0027309929734568726,1.2526771766344347
2019-02-12,fold_5,2018 Vol-mageddon + Q4 sell-off,-0.0013769222978072702,-1,0.000701861689786476,1,-0.000701861689786476,-0.03812439590813366,,,,0,-7.01861689786476,0.0031475324083849615,0.00792672139051831,0.0031475324083849615,0.05846206533534345
2019-02-13,fold_5,2018 Vol-mageddon + Q4 sell-off,0.0015751520054688062,1,0.0012272603313769892,1,0.0012272603313769892,-0.03689713557675667,,,,1,12.272603313769892,0.003397640371458073,0.003560820244519647,0.003397640371458073,0.10956938104039882
2019-02-14,fold_5,2018 Vol-mageddon + Q4 sell-off,0.001828811071780854,1,0.004196457856760816,1,0.004196457856760816,-0.03270067771999585,,,,1,41.96457856760816,-4.57939149536399e-05,0.009706250384017068,-4.57939149536399e-05,0.3745484592003061
2019-02-15,fold_5,2018 Vol-mageddon + Q4 sell-off,0.0008997037337157633,1,0.001975360172465024,1,0.001975360172465024,-0.030725317547530828,,,,1,19.75360172465024,0.0005690850141417377,0.009147334376566896,0.0005690850141417377,0.1778756870323239
2019-02-19,fold_5,2018 Vol-mageddon + Q4 sell-off,0.001936657514084481,1,-0.00017421865987099494,-1,-0.00017421865987099494,-0.030899536207401823,,,,0,-1.7421865987099494,-0.0017019352640845241,0.008208819924965027,-0.0017019352640845241,-0.015992804153815002
2019-02-20,fold_5,2018 Vol-mageddon + Q4 sell-off,0.002244941898516005,1,-0.003664039456212187,-1,-0.003664039456212187,-0.03456357566361401,,,,0,-36.64039456212187,-0.00276213245071023,0.007749252294663833,-0.00276213245071023,-0.3697444191702923
2019-02-21,fold_5,2018 Vol-mageddon + Q4 sell-off,-0.00325137133084035,-1,0.00737269047087441,1,-0.00737269047087441,-0.04193626613448842,,,,0,-73.7269047087441,0.0027774810865230774,0.009106521121047706,0.0027774810865230774,0.7417759552143991
2019-02-22,fold_5,2018 Vol-mageddon + Q4 sell-off,-0.0027619661431625454,-1,0.0036375418493106437,1,-0.0036375418493106437,-0.045573807983799064,,,,0,-36.37541849310644,0.0035868033359944293,0.008638789322364282,0.0035868033359944293,0.36480757635248523
2019-02-25,fold_5,2018 Vol-mageddon + Q4 sell-off,0.00010838752399628792,1,0.0010368457208631554,1,0.0010368457208631554,-0.04453696226293591,,,,1,10.368457208631554,0.0027032451308079907,0.005173328388487164,0.0027032451308079907,0.10749815623397956
2019-02-26,fold_5,2018 Vol-mageddon + Q4 sell-off,0.0008282352604982163,1,-0.0006337862901721891,-1,-0.0006337862901721891,-0.0451707485531081,,,,0,-6.337862901721891,0.0048264167869760035,0.004881580759250603,0.0048264167869760035,-0.06859860697891929
2019-02-27,fold_5,2018 Vol-mageddon + Q4 sell-off,0.0026799157198783524,1,-0.002306770629828314,-1,-0.002306770629828314,-0.04747751918293641,,,,0,-23.06770629828314,0.0010303000793591623,-0.00017281184176631825,0.0010303000793591623,-0.2564972928000794
2019-02-28,fold_5,2018 Vol-mageddon + Q4 sell-off,0.00044585726240673146,1,0.006904958672190986,1,0.006904958672190986,-0.040572560510745426,,,,1,69.04958672190986,-0.0015769963763723463,-0.010214511266490867,-0.0015769963763723463,0.9804763321443797
2019-03-01,fold_5,2018 Vol-mageddon + Q4 sell-off,-0.0014925518905842985,-1,0.00017208091543352566,1,-0.00017208091543352566,-0.04074464142617895,,,,0,-1.7208091543352566,-0.006939783029560729,-0.018637001377086904,-0.006939783029560729,0.026893411076215196
2019-03-04,fold_5,2018 Vol-mageddon + Q4 sell-off,-0.00033224252978007913,-1,0.0007450980916265948,1,-0.0007450980916265948,-0.041489739517805546,,,,0,-7.450980916265948,-0.0032383230081601162,0.0017753717820561121,-0.0032383230081601162,0.11773856278902868
2019-03-05,fold_5,2018 Vol-mageddon + Q4 sell-off,0.0016056713516876874,1,-0.005688178891189111,-1,-0.005688178891189111,-0.04717791840899466,,,,0,-56.88178891189111,-0.0013151693667282941,0.006509391979159673,-0.0013151693667282941,-0.9984404366472546
2019-03-06,fold_5,2018 Vol-mageddon + Q4 sell-off,-0.003161004499322615,-1,-0.012348470054552863,-1,0.012348470054552863,-0.034829448354441794,,,,1,123.48470054552863,0.00010292244439068796,0.019683034239387,0.00010292244439068796,-2.2472515457824884
2019-03-07,fold_5,2018 Vol-mageddon + Q4 sell-off,0.0007432357339209775,1,-0.001517531438405051,-1,-0.001517531438405051,-0.036346979792846845,,,,0,-15.175314384050509,0.007280119731560721,0.030335213057758992,0.007280119731560721,-0.2482345434549959
2019-03-08,fold_5,2018 Vol-mageddon + Q4 sell-off,-0.0005578911844556704,-1,0.02058445407457654,1,-0.02058445407457654,-0.05693143386742339,,,,0,-205.8445407457654,0.007024434706037494,0.041090594934957814,0.007024434706037494,3.8661865610744894
2019-03-11,fold_5,2018 Vol-mageddon + Q4 sell-off,-0.002336806174717719,-1,0.005479118288730156,1,-0.005479118288730156,-0.06241055215615354,,,,0,-54.79118288730156,-0.006784772390055167,0.022885200013722518,-0.006784772390055167,0.7800188928272659
2019-03-12,fold_5,2018 Vol-mageddon + Q4 sell-off,-0.0006214816134278501,-1,0.007485463369038214,1,-0.007485463369038214,-0.06989601552519176,,,,0,-74.85463369038214,-0.0016743664175145351,0.020762847800394724,-0.0016743664175145351,1.0502638374398423
2019-03-13,fold_5,2018 Vol-mageddon + Q4 sell-off,0.0011244857516054755,1,-0.001696291236180869,-1,-0.001696291236180869,-0.07159230676137263,,,,0,-16.96291236180869,-0.0014047978961287235,0.017234487519423247,-0.0014047978961287235,-0.259205191477666
2019-03-14,fold_5,2018 Vol-mageddon + Q4 sell-off,-0.0012631901040115947,-1,0.009237850438793771,1,-0.009237850438793771,-0.0808301572001664,,,,0,-92.37850438793771,-0.003246510726008448,0.034442024086206224,-0.003246510726008448,1.409647264496538
2019-03-15,fold_5,2018 Vol-mageddon + Q4 sell-off,-0.0023750475606479694,-1,0.0023790591533412453,1,-0.0023790591533412453,-0.08320921635350764,,,,0,-23.790591533412453,-0.009778444961111053,0.0029952732075502198,-0.009778444961111053,0.34651527241994967
2019-03-18,fold_5,2018 Vol-mageddon + Q4 sell-off,-0.0034324068983612515,-1,0.003356766075402362,1,-0.003356766075402362,-0.08656598242891,,,,0,-33.56766075402362,-0.01398847719986572,-0.001289716544821573,-0.01398847719986572,0.49204903498740066
2019-03-19,fold_5,2018 Vol-mageddon + Q4 sell-off,-0.0008335516288779548,-1,0.003957103088066738,1,-0.003957103088066738,-0.09052308551697674,,,,0,-39.57103088066738,-0.01132998290010426,0.0,-0.01132998290010426,0.5777674207829703
2019-03-20,fold_5,2018 Vol-mageddon + Q4 sell-off,-0.004855699392413077,-1,0.015511245330602108,1,-0.015511245330602108,-0.10603433084757885,,,,0,-155.11245330602108,-0.010574101208735628,-0.01040082727531022,-0.010574101208735628,2.2461296638731625
2019-03-21,fold_5,2018 Vol-mageddon + Q4 sell-off,-0.0005623669511982902,-1,-0.022208900439862234,-1,0.022208900439862234,-0.08382543040771662,,,,1,222.08900439862234,-0.016497174929656366,-0.0236100583700658,-0.016497174929656366,-2.890170330312154
2019-03-22,fold_5,2018 Vol-mageddon + Q4 sell-off,0.001320482845832987,1,-0.0019059305990305475,-1,-0.0019059305990305475,-0.08573136100674716,,,,0,-19.059305990305475,-0.007509082604339995,0.0061413456063075245,-0.007509082604339995,-0.21178024690818373
2019-03-25,fold_5,2018 Vol-mageddon + Q4 sell-off,0.003114111805229028,1,0.004646482620223935,1,0.004646482620223935,-0.08108487838652323,,,,1,46.46482620223935,-0.0061725535227171915,0.021207501602995116,-0.0061725535227171915,0.5178372879620403
2019-03-26,fold_5,2018 Vol-mageddon + Q4 sell-off,-0.0010003946408899936,-1,-0.0064437241872434825,-1,0.0064437241872434825,-0.07464115419927975,,,,1,64.43724187243483,-0.007563117148409531,0.0203442558654352,-0.007563117148409531,-0.7136034369894386
2019-03-27,fold_5,2018 Vol-mageddon + Q4 sell-off,-0.0001879381487458698,-1,0.002302014235846528,1,-0.002302014235846528,-0.07694316843512627,,,,0,-23.02014235846528,0.0012406738378838412,0.03251755300610082,0.0012406738378838412,0.25177956690205505
2019-03-28,fold_5,2018 Vol-mageddon + Q4 sell-off,-0.004870060822596211,-1,0.0075425035365110915,1,-0.0075425035365110915,-0.08448567197163737,,,,0,-75.42503536511092,0.0002025984965058165,0.029834916472926132,0.0002025984965058165,0.8249561163490199
2019-03-29,fold_5,2018 Vol-mageddon + Q4 sell-off,0.0012028268919143195,1,0.013160225397657044,1,0.013160225397657044,-0.07132544657398032,,,,1,131.60225397657044,-0.0018149278182969025,0.0274500844242489,-0.0018149278182969025,1.4354417979438217
2019-04-01,fold_5,2018 Vol-mageddon + Q4 sell-off,0.00047368010522332504,1,0.0037832368826640206,1,0.0037832368826640206,-0.0675422096913163,,,,1,37.832368826640206,-0.003991233311138809,0.016831898918008292,-0.003991233311138809,0.3929132302604623
2019-04-02,fold_5,2018 Vol-mageddon + Q4 sell-off,0.0011780625727510234,1,0.005729572953422135,1,0.005729572953422135,-0.06181263673789417,,,,1,57.29572953422135,-0.00014017741671589314,0.00953130412025871,-0.00014017741671589314,0.5928572924656258
2019-04-03,fold_5,2018 Vol-mageddon + Q4 sell-off,-0.0006807341350412765,-1,-0.0003806222973281592,-1,0.0003806222973281592,-0.06143201444056601,,,,1,3.806222973281592,0.0021280350286661085,0.00915386014970121,0.0021280350286661085,-0.03937922860941791
2019-04-04,fold_5,2018 Vol-mageddon + Q4 sell-off,-0.0010965534953180276,-1,0.005157671487833859,1,-0.005157671487833859,-0.06658968592839987,,,,0,-51.57671487833859,-0.0015850871119813745,0.0071591985159962235,-0.0015850871119813745,0.5567941972777216
2019-04-05,fold_5,2018 Vol-mageddon + Q4 sell-off,0.001201613666123144,1,0.0025420398914164366,1,0.0025420398914164366,-0.06404764603698343,,,,1,25.420398914164366,0.004981886598361157,0.006315842431536822,0.004981886598361157,0.2725024093881886
2019-04-08,fold_5,2018 Vol-mageddon + Q4 sell-off,-0.00077399000593993,-1,-0.0035173579150855616,-1,0.0035173579150855616,-0.06053028812189787,,,,1,35.173579150855616,-0.0033114100633919712,0.003935340366860274,-0.0033114100633919712,-0.43243918616901417
2019-04-09,fold_5,2018 Vol-mageddon + Q4 sell-off,0.0010888805690487486,1,0.0053521289828646346,1,0.0053521289828646346,-0.055178159139033234,,,,1,53.521289828646346,-0.0009428776610480036,0.010890415422659672,-0.0009428776610480036,0.6624467096671369
2019-04-10,fold_5,2018 Vol-mageddon + Q4 sell-off,0.0008948485412657986,1,-0.0023752839310331453,-1,-0.0023752839310331453,-0.05755344307006638,,,,0,-23.752839310331453,-0.002995605544334635,0.009017187171836305,-0.002995605544334635,-0.29712804898278294
2019-04-11,fold_5,2018 Vol-mageddon + Q4 sell-off,4.3178690425931324e-05,1,0.004314315403374458,1,0.004314315403374458,-0.05323912766669192,,,,1,43.14315403374458,-0.0009301487874560387,0.012674174511574599,-0.0009301487874560387,0.5391018631979752
2019-04-12,fold_5,2018 Vol-mageddon + Q4 sell-off,0.00033672614320897753,1,0.00016153782673988815,1,0.00016153782673988815,-0.05307758983995203,,,,1,1.6153782673988815,-0.0050087520783224275,0.01118421636994249,-0.0050087520783224275,0.020732427437063147
2019-04-15,fold_5,2018 Vol-mageddon + Q4 sell-off,0.00019669709314657765,1,0.0034377171407138363,1,0.0034377171407138363,-0.0496398726992382,,,,1,34.37717140713836,-0.007984439322852161,0.023660572903438037,-0.007984439322852161,0.4422379245469731
2019-04-16,fold_5,2018 Vol-mageddon + Q4 sell-off,0.0011193285072119618,1,0.003478900732041268,1,0.003478900732041268,-0.04616097196719693,,,,1,34.78900732041268,-0.007884937574950112,0.017065262867305364,-0.007884937574950112,0.44743409613884627
2019-04-17,fold_5,2018 Vol-mageddon + Q4 sell-off,0.0010244725631842126,1,0.0012817034087051482,1,0.0012817034087051482,-0.04487926855849178,,,,1,12.817034087051482,-0.006458076877455778,0.017636874741008945,-0.006458076877455778,0.16508748451011285
2019-04-18,fold_5,2018 Vol-mageddon + Q4 sell-off,-0.0012906997761256657,-1,0.0028243572617423496,1,-0.0028243572617423496,-0.04770362582023413,,,,0,-28.243572617423496,-0.003747822183549053,0.017247127286323938,-0.003747822183549053,0.4062728922046816
2019-04-22,fold_5,2018 Vol-mageddon + Q4 sell-off,-0.0026510238544995473,-1,0.012637894360235435,1,-0.012637894360235435,-0.060341520180469566,,,,0,-126.37894360235435,-0.0007476560068280435,0.016361889740399427,-0.0007476560068280435,2.5761801972299163
2019-04-23,fold_5,2018 Vol-mageddon + Q4 sell-off,-0.001982949209233706,-1,-0.003157592895418837,-1,0.003157592895418837,-0.05718392728505073,,,,1,31.57592895418837,-0.001121953140355765,-0.004054222418615083,-0.001121953140355765,-0.5593278337476337
2019-04-24,fold_5,2018 Vol-mageddon + Q4 sell-off,0.0008576467104390647,1,0.004050512605744849,1,0.004050512605744849,-0.05313341467930588,,,,1,40.50512605744849,0.0022678529176688492,-0.004119951295133539,0.0022678529176688492,0.7241279199257808
2019-04-25,fold_5,2018 Vol-mageddon + Q4 sell-off,0.0013050829310768733,1,0.0008919559540201405,1,0.0008919559540201405,-0.05224145872528574,,,,1,8.919559540201405,0.0019976652301050336,-0.012520142437147719,0.0019976652301050336,0.16275839997497182
2019-04-26,fold_5,2018 Vol-mageddon + Q4 sell-off,0.0013206005162247148,1,0.0019391197158178386,1,0.0019391197158178386,-0.0503023390094679,,,,1,19.391197158178386,0.005976303864658285,0.002410326371335536,0.005976303864658285,0.3551721476100761
2019-04-29,fold_5,2018 Vol-mageddon + Q4 sell-off,0.001420005792985048,1,-0.007778217798779075,-1,-0.007778217798779075,-0.058080556808246975,,,,0,-77.78217798779075,0.0032625049965584237,-0.0056700213031888325,0.0032625049965584237,-1.4927381154327648
2019-04-30,fold_5,2018 Vol-mageddon + Q4 sell-off,0.0004576644966622894,1,-0.003223321771937293,-1,-0.003223321771937293,-0.06130387858018427,,,,0,-32.23321771937293,0.0019491665282199131,-0.01756391462375717,0.0019491665282199131,-0.6948863589314452
2020-04-28,fold_6,COVID crash and V-recovery,-0.009346669100335768,-1,0.0348467528199059,1,-0.0348467528199059,-0.0348467528199059,,,,0,-348.467528199059,-0.013995972669435648,0.028709270060654823,-0.013995972669435648,1.349116258860208
2020-04-29,fold_6,COVID crash and V-recovery,-0.008087921443873373,-1,-0.00041101734875592655,-1,0.00041101734875592655,-0.034435735471149975,,,,1,4.1101734875592655,-0.024991953228810492,0.0,-0.024991953228810492,-0.015273329603258962
2020-04-30,fold_6,COVID crash and V-recovery,-0.008423883974223664,-1,-0.028589836568484905,-1,0.028589836568484905,-0.00584589890266507,,,,1,285.89836568484907,-0.0261998919055248,0.013205603511674546,-0.0261998919055248,-1.139100475499464
2020-05-01,fold_6,COVID crash and V-recovery,-0.0012172075479370192,-1,0.011590042194213446,1,-0.011590042194213446,-0.017435941096878516,,,,0,-115.90042194213446,-0.015732888076849676,0.0554072955984406,-0.015732888076849676,0.454380527434365
2020-05-04,fold_6,COVID crash and V-recovery,-0.009738844239574542,-1,0.011273328963776308,1,-0.011273328963776308,-0.028709270060654823,,,,0,-112.73328963776308,-0.024535885729333837,0.05271638158524272,-0.024535885729333837,0.4431575926811178
2020-05-05,fold_6,COVID crash and V-recovery,-0.005241929729946616,-1,0.006137482759251078,1,-0.006137482759251078,-0.0348467528199059,,,,0,-61.37482759251078,-0.03144568480705249,0.020283683504220384,-0.03144568480705249,0.3012582525123526
2020-05-06,fold_6,COVID crash and V-recovery,-0.00792152281407925,-1,0.01279458616291862,1,-0.01279458616291862,-0.04764133898282452,,,,0,-127.9458616291862,-0.02650600782624875,0.0015512654276550464,-0.02650600782624875,0.6266082108417178
2020-05-07,fold_6,COVID crash and V-recovery,-0.011308842678175241,-1,0.013611855518281146,1,-0.013611855518281146,-0.06125319450110567,,,,0,-136.11855518281146,-0.02717531692818196,4.5156862412021326e-05,-0.02717531692818196,0.6780198336118983
2020-05-08,fold_6,COVID crash and V-recovery,-0.008291462734726735,-1,0.00889912818101557,1,-0.00889912818101557,-0.07015232268212124,,,,0,-88.9912818101557,-0.021255556810104912,-0.007096275372961536,-0.021255556810104912,0.4383214928755762
2020-05-11,fold_6,COVID crash and V-recovery,-0.006681090755961751,-1,-0.02115936911724603,-1,0.02115936911724603,-0.04899295356487521,,,,1,211.5936911724603,-0.028168188230075143,0.002465191787047516,-0.028168188230075143,-1.0444928112474263
2020-05-12,fold_6,COVID crash and V-recovery,-0.0005106066363906819,-1,-0.01259493531731426,-1,0.01259493531731426,-0.03639801824756095,,,,1,125.9493531731426,-0.018659127267700734,0.02111521545245676,-0.018659127267700734,-0.6809020398622824
2020-05-13,fold_6,COVID crash and V-recovery,0.0030852934929492975,1,0.011288477597675595,1,0.011288477597675595,-0.025109540649885354,,,,1,112.88477597675595,-0.012496869345389157,0.0534815372213826,-0.012496869345389157,0.6091367844048735
2020-05-14,fold_6,COVID crash and V-recovery,0.0036986569045946147,1,0.006470423282907589,1,0.006470423282907589,-0.018639117366977764,,,,1,64.70423282907589,-0.016042663575134727,0.031242623633369604,-0.016042663575134727,0.3543286206546096
2020-05-15,fold_6,COVID crash and V-recovery,9.275826087391109e-05,1,0.01846059534102462,1,0.01846059534102462,-0.00017852202595314282,,,,1,184.60595341024623,-0.029651746391277656,0.028218109100517808,-0.029651746391277656,1.0146429521600169
2020-05-18,fold_6,COVID crash and V-recovery,-0.008084934685900002,-1,-0.0025093454518367864,-1,0.0025093454518367864,0.0023308234258836436,,,,1,25.093454518367864,-0.02606451437519589,0.0070541234119110285,-0.02606451437519589,-0.1358947902996018
2020-05-19,fold_6,COVID crash and V-recovery,-0.007596720440029526,-1,0.019771386451611583,1,-0.019771386451611583,-0.01744056302572794,,,,0,-197.71386451611585,-0.019124261857181104,0.015006253045112494,-0.019124261857181104,1.2019011447599568
2020-05-20,fold_6,COVID crash and V-recovery,-0.006886164470167202,-1,-0.010950435990337404,-1,0.010950435990337404,-0.006490127035390536,,,,1,109.50435990337404,-0.028863229016077213,-0.006068696964091735,-0.028863229016077213,-0.6962042515893885
2020-05-21,fold_6,COVID crash and V-recovery,-0.008101427826569493,-1,0.0034459087500557928,1,-0.0034459087500557928,-0.009936035785446329,,,,0,-34.45908750055793,-0.026478403598034196,0.01942809557930314,-0.026478403598034196,0.21657318928388547
2020-05-22,fold_6,COVID crash and V-recovery,-0.004356139340703739,-1,-0.0027033903475821575,-1,0.0027033903475821575,-0.007232645437864171,,,,1,27.033903475821575,-0.027194693768623164,0.018977487632325207,-0.027194693768623164,-0.17395546199459244
2020-05-26,fold_6,COVID crash and V-recovery,-0.0055226696142705286,-1,0.005442784181364679,1,-0.005442784181364679,-0.01267542961922885,,,,0,-54.42784181364679,-0.029791823964615584,0.02836624080671779,-0.029791823964615584,0.3523078665915714
2020-05-27,fold_6,COVID crash and V-recovery,-0.004272286955380471,-1,-0.0013035635575926463,-1,0.0013035635575926463,-0.011371866061636204,,,,1,13.035635575926463,-0.03620969315272033,0.027411781409127478,-0.03620969315272033,-0.08747495646310993
2020-05-28,fold_6,COVID crash and V-recovery,-0.006639240151924407,-1,0.014546356553057471,1,-0.014546356553057471,-0.025918222614693676,,,,0,-145.46356553057473,-0.03330289985742165,0.021677457358334706,-0.03330289985742165,1.144836825768415
2020-05-29,fold_6,COVID crash and V-recovery,-0.012905579395672356,-1,0.0029953008030778605,1,-0.0029953008030778605,-0.028913523417771536,,,,0,-29.953008030778605,-0.038504652279909145,0.02676429580967543,-0.038504652279909145,0.22837949258839393
2020-06-01,fold_6,COVID crash and V-recovery,-0.00891882907499523,-1,0.006685362826810426,1,-0.006685362826810426,-0.03559888624458196,,,,0,-66.85362826810426,-0.04428425586249635,0.03149901241933417,-0.04428425586249635,0.5827813231771511
2020-06-02,fold_6,COVID crash and V-recovery,-0.006014900994454995,-1,0.004488324783774367,1,-0.004488324783774367,-0.04008721102835633,,,,0,-44.88324783774367,-0.037977291424251144,0.03203256632579876,-0.037977291424251144,0.3980972830499163
2020-06-03,fold_6,COVID crash and V-recovery,-0.006960465873047363,-1,-0.007037887608385418,-1,0.007037887608385418,-0.03304932341997091,,,,1,70.37887608385418,-0.04390075282255249,0.039474290336649176,-0.04390075282255249,-0.6377926107384717
2020-06-04,fold_6,COVID crash and V-recovery,-0.002987150182447155,-1,0.019633195004398196,1,-0.019633195004398196,-0.05268251842436911,,,,0,-196.33195004398198,-0.041770956527832984,-0.004306460090585773,-0.041770956527832984,1.7748960173917738
2020-06-05,fold_6,COVID crash and V-recovery,-0.01096540689454534,-1,0.007730017412736601,1,-0.007730017412736601,-0.06041253583710571,,,,0,-77.300174127366,-0.03850719658463735,-0.016023224252650792,-0.03850719658463735,0.6691537153486794
2020-06-08,fold_6,COVID crash and V-recovery,-0.008189312730197523,-1,0.007218916733275016,1,-0.007218916733275016,-0.06763145257038072,,,,0,-72.18916733275016,-0.039975401541369124,-0.01165950446170072,-0.039975401541369124,0.6401453804806366
2020-06-09,fold_6,COVID crash and V-recovery,-0.008236343986954045,-1,0.011930048794624781,1,-0.011930048794624781,-0.0795615013650055,,,,0,-119.30048794624781,-0.03262761078964315,-0.0018512935121401952,-0.03262761078964315,1.0635877806641232
2020-06-10,fold_6,COVID crash and V-recovery,-0.006975090941905334,-1,-0.05081863803562037,-1,0.05081863803562037,-0.028742863329385138,,,,1,508.1863803562037,-0.03213768305733641,-0.010615841354061573,-0.03213768305733641,-4.833366497560921
2020-06-11,fold_6,COVID crash and V-recovery,-0.003856719195827433,-1,0.007916430842333178,1,-0.007916430842333178,-0.036659294171718315,,,,0,-79.16430842333178,-0.019432994381853794,0.042908121327025484,-0.019432994381853794,0.5200283997094477
2020-06-12,fold_6,COVID crash and V-recovery,-0.0005359204197150128,-1,0.012093737203686672,1,-0.012093737203686672,-0.04875303137540499,,,,0,-120.93737203686672,-0.02180363574962981,0.0348283002785692,-0.02180363574962981,0.8000435567549711
2020-06-15,fold_6,COVID crash and V-recovery,-0.0017321341618697704,-1,0.01702712768283554,1,-0.01702712768283554,-0.06578015905824053,,,,0,-170.2712768283554,-0.018114546955991795,0.034655660198669835,-0.018114546955991795,1.1137561430626872
2020-06-16,fold_6,COVID crash and V-recovery,-0.004996811152735565,-1,0.003165500952703404,1,-0.003165500952703404,-0.06894566001094393,,,,0,-31.65500952703404,-0.02253797829602463,0.026103550860889335,-0.02253797829602463,0.20819354101787516
2020-06-17,fold_6,COVID crash and V-recovery,-0.0044867100476285796,-1,0.002705324645466689,1,-0.002705324645466689,-0.07165098465641062,,,,0,-27.05324645466689,-0.02497023721912573,0.0021070674148697677,-0.02497023721912573,0.1778563538394904
2020-06-18,fold_6,COVID crash and V-recovery,-0.00693611297534377,-1,-0.00016339020612310406,-1,0.00016339020612310406,-0.07148759445028752,,,,1,1.6339020612310406,-0.0319192341361968,0.008876042623830571,-0.0319192341361968,-0.011216744710318296
2020-06-19,fold_6,COVID crash and V-recovery,-0.01074411139214508,-1,0.011921097123787305,1,-0.011921097123787305,-0.08340869157407482,,,,0,-119.21097123787305,-0.029411964248986094,-0.014858862621572655,-0.029411964248986094,0.8301943175953945
2020-06-22,fold_6,COVID crash and V-recovery,-0.004030383734516559,-1,0.008475018345055041,1,-0.008475018345055041,-0.09188370991912986,,,,0,-84.75018345055041,-0.02628955182496777,-0.015932259433482976,-0.02628955182496777,0.5811019860795387
2020-06-23,fold_6,COVID crash and V-recovery,-0.0034233362222123647,-1,-0.020830982493316164,-1,0.020830982493316164,-0.0710527274258137,,,,1,208.30982493316162,-0.022440375925577072,-0.004995599376854898,-0.022440375925577072,-1.4175974704980616
2020-06-24,fold_6,COVID crash and V-recovery,-0.0031160470016494894,-1,0.009474299854427493,1,-0.009474299854427493,-0.08052702728024119,,,,0,-94.74299854427493,-0.016977588451065714,0.027439806155199697,-0.016977588451065714,0.6165341995312399
2020-06-25,fold_6,COVID crash and V-recovery,-0.006949953396500667,-1,-0.02389829545152633,-1,0.02389829545152633,-0.05662873182871486,,,,1,238.98295451526332,-0.01782008691382276,0.02472933871258043,-0.01782008691382276,-1.5408676806680528
2020-06-26,fold_6,COVID crash and V-recovery,0.0002935413745978791,1,0.010847700311876984,1,0.010847700311876984,-0.04578103151683788,,,,1,108.47700311876984,-0.0013867617175777917,0.07291491019571072,-0.0013867617175777917,0.6746617427209867
2020-06-29,fold_6,COVID crash and V-recovery,-0.004457724203021534,-1,0.01941167840168312,1,-0.01941167840168312,-0.065192709918521,,,,0,-194.1167840168312,-0.005149516616321894,0.05515451654962167,-0.005149516616321894,1.1947957833765366
2020-06-30,fold_6,COVID crash and V-recovery,-0.003977887526832635,-1,0.011604423038738432,1,-0.011604423038738432,-0.07679713295725943,,,,0,-116.04423038738432,-0.00909024254736011,0.04882864432790601,-0.00909024254736011,0.692796584541074
2020-07-01,fold_6,COVID crash and V-recovery,-0.0033367698605091508,-1,0.006763832411808224,1,-0.006763832411808224,-0.08356096536906765,,,,0,-67.63832411808224,-0.02382149847900662,0.0456120729463132,-0.02382149847900662,0.39974959804786203
2020-07-02,fold_6,COVID crash and V-recovery,-0.0012380811558181683,-1,0.024287276031603966,1,-0.024287276031603966,-0.10784824140067162,,,,0,-242.87276031603966,-0.020361075428207975,0.045652572755627396,-0.020361075428207975,1.4358778581058032
2020-07-06,fold_6,COVID crash and V-recovery,-0.0035232990887900453,-1,-0.006912693334212072,-1,0.006912693334212072,-0.10093554806645955,,,,1,69.12693334212072,-0.022430961398318714,0.0005803222592817292,-0.022430961398318714,-0.40157268428087856
2020-07-07,fold_6,COVID crash and V-recovery,-0.0014617758335854695,-1,0.013085806179967463,1,-0.013085806179967463,-0.11402135424642701,,,,0,-130.85806179967463,-0.015425480426657489,0.014546204928690187,-0.015425480426657489,0.760950319818398
2020-07-08,fold_6,COVID crash and V-recovery,-0.0011806120192893827,-1,0.008387851657145617,1,-0.008387851657145617,-0.12240920590357263,,,,0,-83.87851657145617,-0.016250998739669308,0.003493920719936483,-0.016250998739669308,0.4829213491086964
2020-07-09,fold_6,COVID crash and V-recovery,-0.00023530486535035613,-1,0.006804332221122422,1,-0.006804332221122422,-0.12921353812469505,,,,0,-68.04332221122422,-0.008750251462936292,-0.011739892833184662,-0.008750251462936292,0.39410950525264227
2020-07-10,fold_6,COVID crash and V-recovery,-0.00011683779152122634,-1,-0.0207849744647417,-1,0.0207849744647417,-0.10842856365995335,,,,1,207.84974464741703,-0.010449937293882997,-0.017386940732427192,-0.010449937293882997,-1.5882076019087286
2020-07-13,fold_6,COVID crash and V-recovery,0.004568328961666886,1,0.007053189335196386,1,0.007053189335196386,-0.10137537432475696,,,,1,70.53189335196386,0.0013774733595086931,0.031374139898309394,0.0013774733595086931,0.5120446139780346
2020-07-14,fold_6,COVID crash and V-recovery,0.004251578803202054,1,0.0020335219712137587,1,0.0020335219712137587,-0.0993418523535432,,,,1,20.335219712137587,-0.01000556760183668,0.013845482390427044,-0.01000556760183668,0.14954269287114882
2020-07-15,fold_6,COVID crash and V-recovery,-0.00016228792545916178,-1,-0.0068459618959755275,-1,0.0068459618959755275,-0.09249589045756768,,,,1,68.45961895975528,-0.01800885312796207,0.015328690620501462,-0.01800885312796207,-0.5241009812391734
2020-07-16,fold_6,COVID crash and V-recovery,0.002454080261966642,1,0.0011572843218798923,1,0.0011572843218798923,-0.09133860613568778,,,,1,11.572843218798923,-0.00746331577146226,-0.004292608154931266,-0.00746331577146226,0.08812283189001813
2020-07-17,fold_6,COVID crash and V-recovery,-0.0002078151122078349,-1,0.027976106165994885,1,-0.027976106165994885,-0.11931471230168267,,,,0,-279.76106165994884,-0.01322736505467052,-0.014991372832113825,-0.01322736505467052,2.132123708338193
2020-07-20,fold_6,COVID crash and V-recovery,0.00025925832498665673,1,-0.010475468172685964,-1,-0.010475468172685964,-0.12979018047436863,,,,0,-104.75468172685964,-0.015618753536644565,-0.02528147842361861,-0.015618753536644565,-0.7206510227050099
2020-07-21,fold_6,COVID crash and V-recovery,-0.004321280562890884,-1,0.0035167302012881763,1,-0.0035167302012881763,-0.1333069106756568,,,,0,-35.16730201288176,-0.012096026167058283,-0.027612757245013775,-0.012096026167058283,0.24286262614215368
2020-07-22,fold_6,COVID crash and V-recovery,-0.004176554858491677,-1,-0.026467260671408255,-1,0.026467260671408255,-0.10683965000424855,,,,1,264.6726067140826,-0.013320985894378325,-0.01966923776999252,-0.013320985894378325,-1.8409053843650716
2020-07-23,fold_6,COVID crash and V-recovery,1.850069293654762e-05,1,-0.009541480355302667,-1,-0.009541480355302667,-0.11638113035955122,,,,0,-95.41480355302667,0.0003109778370927281,0.012019885611983305,0.0003109778370927281,-0.6432334964953011
2020-07-24,fold_6,COVID crash and V-recovery,0.001462781224427202,1,0.0176860005744901,1,0.0176860005744901,-0.09869512978506112,,,,1,176.860005744901,0.0021639341280275688,0.03924935370499938,0.0021639341280275688,1.1921186983156284
2020-07-27,fold_6,COVID crash and V-recovery,0.0033359376217276986,1,-0.01280674699408113,-1,-0.01280674699408113,-0.11150187677914225,,,,0,-128.0674699408113,-0.007636199157686974,0.03498040140800196,-0.007636199157686974,-0.8897363445671662
2020-07-28,fold_6,COVID crash and V-recovery,0.0019197106634951922,1,0.01146024967630943,1,0.01146024967630943,-0.10004162710283282,,,,1,114.60249676309431,-0.002249060349081869,0.051492095298709906,-0.002249060349081869,0.7917747031445751
2020-07-29,fold_6,COVID crash and V-recovery,0.0004920612613032186,1,0.005221862710567571,1,0.005221862710567571,-0.09481976439226525,,,,1,52.21862710567571,-0.009358094909312649,0.042506542372422906,-0.009358094909312649,0.3718284970110825
2020-07-30,fold_6,COVID crash and V-recovery,-0.0027371185290593104,-1,0.017687987737713406,1,-0.017687987737713406,-0.11250775212997866,,,,0,-176.87987737713405,-0.005899867627137737,0.05044260374412257,-0.005899867627137737,1.2769965562045513
2020-07-31,fold_6,COVID crash and V-recovery,-0.002181610841493605,-1,0.013417048277492682,1,-0.013417048277492682,-0.12592480040747134,,,,0,-134.17048277492682,-0.007395408643981629,0.0211451826240463,-0.007395408643981629,0.9366016124301634
2020-08-03,fold_6,COVID crash and V-recovery,-0.0027925238367921463,-1,0.003704946896626815,1,-0.003704946896626815,-0.12962974730409815,,,,0,-37.04946896626815,-0.012689748153655513,0.003446030603960537,-0.012689748153655513,0.27259952974596996
2020-08-04,fold_6,COVID crash and V-recovery,-0.0044665840951511465,-1,0.0024746967500224315,1,-0.0024746967500224315,-0.13210444405412058,,,,0,-24.746967500224315,-0.007304176190306433,-0.019381981684529315,-0.007304176190306433,0.18292635050540385
2020-08-05,fold_6,COVID crash and V-recovery,-0.001653308955393249,-1,0.013157924082267236,1,-0.013157924082267236,-0.14526236813638782,,,,0,-131.57924082267238,-0.0045604573569455725,0.0029841315964782567,-0.0045604573569455725,0.9953246352301299
2020-08-06,fold_6,COVID crash and V-recovery,0.00011708299076743648,1,-0.011609433382362866,-1,-0.011609433382362866,-0.1568718015187507,,,,0,-116.09433382362866,-0.0011282076337161273,-0.00789579411016117,-0.0011282076337161273,-0.8655564505121134
2020-08-07,fold_6,COVID crash and V-recovery,-0.0011506200125064783,-1,-0.00428210374259308,-1,0.00428210374259308,-0.1525896977761576,,,,1,42.8210374259308,0.009093818399689845,0.0025382582863251457,0.009093818399689845,-0.315403274167436
2020-08-10,fold_6,COVID crash and V-recovery,0.0018910272005314352,1,-0.019123065391863037,-1,-0.019123065391863037,-0.17171276316802064,,,,0,-191.23065391863037,0.013679163042691497,0.018364674051155383,0.013679163042691497,-1.4949017218268141
2020-08-11,fold_6,COVID crash and V-recovery,0.0067383961901957,1,0.024840810031030003,1,0.024840810031030003,-0.14687195313699064,,,,1,248.40810031030003,0.018695839246303966,0.04706699677640014,0.018695839246303966,1.854425462059186
2020-08-12,fold_6,COVID crash and V-recovery,0.0046685502120098555,1,0.00227799837562781,1,0.00227799837562781,-0.14459395476136283,,,,1,22.7799837562781,0.010252748166828599,0.015475744184906937,0.010252748166828599,0.1571654526123982
2020-08-13,fold_6,COVID crash and V-recovery,0.002107741884996849,1,-0.0011753809858765507,-1,-0.0011753809858765507,-0.14576933574723938,,,,0,-11.753809858765507,0.009360195374603818,0.026974011763065242,0.009360195374603818,-0.08149801908205123
2020-08-14,fold_6,COVID crash and V-recovery,0.0014015942061003364,1,0.011544312022237158,1,0.011544312022237158,-0.13422502372500222,,,,1,115.44312022237158,0.004649563222105177,0.035056144502569886,0.004649563222105177,0.8004500661944717
2020-08-17,fold_6,COVID crash and V-recovery,0.0029860369781368867,1,0.009579257333381719,1,0.009579257333381719,-0.1246457663916205,,,,1,95.79257333381719,0.004186085855117155,0.029736364754310962,0.004186085855117155,0.7230246261558297
2020-08-18,fold_6,COVID crash and V-recovery,0.0007180002916422794,1,-0.006750442560463199,-1,-0.006750442560463199,-0.1313962089520837,,,,0,-67.50442560463199,0.0018408394908880025,0.02798879304831914,0.0018408394908880025,-0.510820204822413
2020-08-19,fold_6,COVID crash and V-recovery,0.00025325127714039133,1,0.013776265953786115,1,0.013776265953786115,-0.11761994299829759,,,,1,137.76265953786117,-0.002464492239146741,0.05585353241896307,-0.002464492239146741,1.037559246659717
2020-08-20,fold_6,COVID crash and V-recovery,0.003467413592295361,1,0.006906751753628093,1,0.006906751753628093,-0.1107131912446695,,,,1,69.06751753628093,-0.001905909599203723,0.038955895619121605,-0.001905909599203723,0.5625156236933915
2020-08-21,fold_6,COVID crash and V-recovery,0.002509015950170154,1,0.006224532273978234,1,0.006224532273978234,-0.10448865897069126,,,,1,62.24532273978234,-0.005605865202145658,0.037121490113480426,-0.005605865202145658,0.5106356876868382
2020-08-24,fold_6,COVID crash and V-recovery,-0.001993739622891247,-1,0.007831685627389895,1,-0.007831685627389895,-0.11232034459808116,,,,0,-78.31685627389895,0.00016377833032538668,0.03889795854039946,0.00016377833032538668,0.6743238686894301
2020-08-25,fold_6,COVID crash and V-recovery,-0.0019357863625760223,-1,0.021114296810180733,1,-0.021114296810180733,-0.1334346414082619,,,,0,-211.14296810180733,-0.00254058135719279,0.04801339690859141,-0.00254058135719279,1.8535998038712649
2020-08-26,fold_6,COVID crash and V-recovery,0.00039028610781846303,1,-0.003121370846055349,-1,-0.003121370846055349,-0.13655601225431724,,,,0,-31.21370846055349,-0.0002853039454213577,0.036324240755321924,-0.0002853039454213577,-0.2587895593319744
2020-08-27,fold_6,COVID crash and V-recovery,0.002332889232499985,1,0.005072346247986914,1,0.005072346247986914,-0.13148366600633032,,,,1,50.72346247986914,-0.00011292362058638265,-0.012585152006549194,-0.00011292362058638265,0.42181512853870085
2020-08-28,fold_6,COVID crash and V-recovery,-3.999914377190495e-05,-1,0.008001000700897265,1,-0.008001000700897265,-0.1394846667072276,,,,0,-80.01000700897265,-0.003655118996078497,-0.03107313991434424,-0.003655118996078497,0.7010740917333799
2020-08-31,fold_6,COVID crash and V-recovery,0.001572440566534534,1,0.016947123995581848,1,0.016947123995581848,-0.12253754271164574,,,,1,169.47123995581848,-0.007630436987352792,-0.08833174365698593,-0.007630436987352792,1.519174036231336
2020-09-01,fold_6,COVID crash and V-recovery,0.002719082203041792,1,0.009425140656911246,1,0.009425140656911246,-0.1131124020547345,,,,1,94.25140656911246,-0.01114857104797699,-0.07632623014958284,-0.01114857104797699,0.8019761973282619
2020-09-02,fold_6,COVID crash and V-recovery,0.0012880938578239344,1,-0.05203076360792647,-1,-0.05203076360792647,-0.16514316566266096,,,,0,-520.3076360792646,-0.00750942495359538,-0.10588965781237025,-0.00750942495359538,-4.362421233254415
2020-09-03,fold_6,COVID crash and V-recovery,5.4991519179649795e-05,1,-0.01341564165980813,-1,-0.01341564165980813,-0.1785588073224691,,,,0,-134.1564165980813,0.004870248488291705,-0.06082249955298025,0.004870248488291705,-0.8180304219831065
2020-09-04,fold_6,COVID crash and V-recovery,0.002598046180425823,1,-0.049257603041744424,-1,-0.049257603041744424,-0.22781641036421352,,,,0,-492.57603041744426,0.0032382500365665994,-0.030141580943158885,0.0032382500365665994,-2.99098501352186
2020-09-08,fold_6,COVID crash and V-recovery,0.007815283623584484,1,0.028952637502984935,1,0.028952637502984935,-0.19886377286122858,,,,1,289.52637502984936,0.005496243961248372,0.0331898863794704,0.005496243961248372,1.4630448928429223
2020-09-09,fold_6,COVID crash and V-recovery,0.0035586838453147943,1,-0.020138287005876165,-1,-0.020138287005876165,-0.21900205986710475,,,,0,-201.38287005876165,0.002299719556755736,-0.011837473975899293,0.002299719556755736,-0.9882583616877233
2020-09-10,fold_6,COVID crash and V-recovery,0.008335670097359082,1,-0.006963605348536461,-1,-0.006963605348536461,-0.2259656652156412,,,,0,-69.63605348536461,0.00984361147717185,-0.0074447287318966104,0.00984361147717185,-0.3461658618806676
2020-09-11,fold_6,COVID crash and V-recovery,0.005553904575156422,1,0.01726527695001323,1,0.01726527695001323,-0.20870038826562798,,,,1,172.6527695001323,-0.001582655173457988,-0.013325668525020262,-0.001582655173457988,0.8559825585801524
2020-09-14,fold_6,COVID crash and V-recovery,-0.00411655953893008,-1,0.014073864280884862,1,-0.014073864280884862,-0.22277425254651284,,,,0,-140.73864280884862,-0.006514856332238755,-0.02819575737125124,-0.006514856332238755,0.6853734804594767
2020-09-15,fold_6,COVID crash and V-recovery,0.004286920082900748,1,-0.01607472285238476,-1,-0.01607472285238476,-0.2388489753988976,,,,0,-160.74722852384758,-0.01579102537859846,-0.0238613970535555,-0.01579102537859846,-0.7798215646588044
2020-09-16,fold_6,COVID crash and V-recovery,-0.004287944634882553,-1,-0.015745541761873483,-1,0.015745541761873483,-0.22310343363702412,,,,1,157.45541761873483,-0.022575016691285615,-0.03879699024887273,-0.022575016691285615,-0.7564717033725888
2020-09-17,fold_6,COVID crash and V-recovery,-0.002363916548800676,-1,-0.012844545141660113,-1,0.012844545141660113,-0.210258888495364,,,,1,128.44545141660114,-0.01801281464258525,-0.01840572740229174,-0.01801281464258525,-0.6100156525437823
2020-09-18,fold_6,COVID crash and V-recovery,-0.002178940298196463,-1,0.002395188103782253,1,-0.002395188103782253,-0.21265407659914626,,,,0,-23.95188103782253,-0.019193846438448382,0.01742111519188505,-0.019193846438448382,0.11391217076698176
2020-09-21,fold_6,COVID crash and V-recovery,0.00042936447594621213,1,0.018408224598580603,1,0.018408224598580603,-0.19424585200056566,,,,1,184.08224598580603,-0.015084823415666415,0.03558227520041335,-0.015084823415666415,0.8775572328014063
2020-09-22,fold_6,COVID crash and V-recovery,-0.005341455812470905,-1,-0.03101031604770199,-1,0.03101031604770199,-0.16323553595286366,,,,1,310.1031604770199,-0.0067712728523142175,0.01265468503141065,-0.0067712728523142175,-1.4537438731940597
2020-09-23,fold_6,COVID crash and V-recovery,0.002718472888788077,1,0.00464572108470751,1,0.00464572108470751,-0.15858981486815615,,,,1,46.4572108470751,0.004805227650186893,0.05049040003524219,0.004805227650186893,0.20775431739486164
2020-09-24,fold_6,COVID crash and V-recovery,0.002312894743938877,1,0.022982297452516676,1,0.022982297452516676,-0.13560751741563948,,,,1,229.82297452516676,0.009832250472475372,0.061592526789791435,0.009832250472475372,1.0502742819316198
2020-09-25,fold_6,COVID crash and V-recovery,-0.001639209504251506,-1,0.020556348112310552,1,-0.020556348112310552,-0.15616386552795003,,,,0,-205.56348112310553,0.002078456605816852,0.010075737288816278,0.002078456605816852,0.9149699726863618
2020-09-28,fold_6,COVID crash and V-recovery,0.000664386694573302,1,-0.004519365570422096,-1,-0.004519365570422096,-0.16068323109837213,,,,0,-45.19365570422096,0.0014634266738982695,0.01062144485781591,0.0014634266738982695,-0.1973176015235255
2020-09-29,fold_6,COVID crash and V-recovery,0.002462050039448745,1,0.006825398956129547,1,0.006825398956129547,-0.15385783214224258,,,,1,68.25398956129547,0.003711774386705987,-0.0028671522587400133,0.003711774386705987,0.298621087736763
2020-09-30,fold_6,COVID crash and V-recovery,0.0026691393299860472,1,0.015747847839256757,1,0.015747847839256757,-0.13810998430298582,,,,1,157.47847839256758,0.0015604723658707595,0.0074586563407015305,0.0015604723658707595,0.697064423708603
2020-10-01,fold_6,COVID crash and V-recovery,0.0002957841706997648,1,-0.028534492048458482,-1,-0.028534492048458482,-0.1666444763514443,,,,0,-285.3449204845848,0.0006307756637647876,-0.0029803829333330256,0.0006307756637647876,-1.2533205081188008
2020-10-02,fold_6,COVID crash and V-recovery,0.0032250037799445323,1,0.021102055681310183,1,0.021102055681310183,-0.14554242067013412,,,,1,211.02055681310185,0.008023767575357037,0.04071858569041087,0.008023767575357037,1.0251783952435474
2020-10-05,fold_6,COVID crash and V-recovery,-0.000463273453020078,-1,-0.01800796268697802,-1,0.01800796268697802,-0.1275344579831561,,,,1,180.07962686978018,0.00301536841389238,0.05001975757548838,0.00301536841389238,-0.8614788499208522
2020-10-06,fold_6,COVID crash and V-recovery,-0.0007931452787501669,-1,0.01715120755557109,1,-0.01715120755557109,-0.1446856655387272,,,,0,-171.5120755557109,0.005430486711913103,0.06799398306994409,0.005430486711913103,0.9414975943994984
2020-10-07,fold_6,COVID crash and V-recovery,0.000882605725637438,1,0.005308808565222201,1,0.005308808565222201,-0.139376856973505,,,,1,53.088085652222006,0.0075400121102552784,0.04245551605230524,0.0075400121102552784,0.30415484714686564
2020-10-08,fold_6,COVID crash and V-recovery,0.0012417892531083278,1,0.015164476575285413,1,0.015164476575285413,-0.12421238039821958,,,,1,151.64476575285414,0.006154772843415374,0.030412803015637202,0.006154772843415374,0.8970329885777675
2020-10-09,fold_6,COVID crash and V-recovery,0.0020811274391036813,1,0.03040322756638769,1,0.03040322756638769,-0.09380915283183189,,,,1,304.03227566387693,0.006212857699789555,0.00975263978427865,0.006212857699789555,1.770571887040376
2020-10-12,fold_6,COVID crash and V-recovery,0.0007903343088882912,1,-3.3737192522309556e-05,-1,-3.3737192522309556e-05,-0.0938428900243542,,,,0,-0.33737192522309556,0.0032039142389205955,-0.0371107923549685,0.0032039142389205955,-0.0018680407759308338
2020-10-13,fold_6,COVID crash and V-recovery,0.0008423398726792461,1,-0.008387259462067753,-1,-0.008387259462067753,-0.10223014948642195,,,,0,-83.87259462067753,0.00456144367012599,-0.034929617313453676,0.00456144367012599,-0.4716208204510821
2020-10-14,fold_6,COVID crash and V-recovery,0.0005710333239367501,1,-0.00673390447144584,-1,-0.00673390447144584,-0.10896405395786779,,,,0,-67.3390447144584,0.0064793062063515875,-0.027316262943345215,0.0064793062063515875,-0.38440893439136203
2020-10-15,fold_6,COVID crash and V-recovery,0.00214026558640131,1,-0.00549568665607314,-1,-0.00549568665607314,-0.11445974061394093,,,,0,-54.9568665607314,0.004728530926637237,-0.020617767167335543,0.004728530926637237,-0.31903396928304123
2020-10-16,fold_6,COVID crash and V-recovery,9.82520099074406e-05,1,-0.01646020457285946,-1,-0.01646020457285946,-0.1309199451868004,,,,0,-164.6020457285946,0.005139054037885943,-0.013153640225312735,0.005139054037885943,-0.9665816644113905
2020-10-19,fold_6,COVID crash and V-recovery,0.0025439079674105785,1,0.0021474378489925172,1,0.0021474378489925172,-0.12877250733780787,,,,1,21.474378489925172,0.007537089781263273,-0.011803005439083414,0.007537089781263273,0.12331480174769346
2020-10-20,fold_6,COVID crash and V-recovery,0.006075527122609732,1,-0.0007739050919592927,-1,-0.0007739050919592927,-0.12954641242976717,,,,0,-7.739050919592927,0.006440051394682201,-0.006172140759797884,0.006440051394682201,-0.04571847515718098
2020-10-21,fold_6,COVID crash and V-recovery,0.0036888809428250323,1,-3.540869543616765e-05,-1,-3.540869543616765e-05,-0.12958182112520333,,,,0,-0.3540869543616765,-0.00179211080029228,-0.04516552160313658,-0.00179211080029228,-0.0022928343745738243
2020-10-22,fold_6,COVID crash and V-recovery,0.002272354616882734,1,0.0019684402859496686,1,0.0019684402859496686,-0.12761338083925367,,,,1,19.684402859496686,-0.0068045217216511425,-0.027794752600116546,-0.0068045217216511425,0.12775259426091953
2020-10-23,fold_6,COVID crash and V-recovery,0.0005880956590996755,1,-0.01510956978663014,-1,-0.01510956978663014,-0.1427229506258838,,,,0,-151.0956978663014,-0.01160702716924092,-0.05545279864647057,-0.01160702716924092,-1.039698635608039
2020-10-26,fold_6,COVID crash and V-recovery,0.002888476408560879,1,0.007778302528278047,1,0.007778302528278047,-0.13494464809760576,,,,1,77.78302528278047,-3.226815746117887e-05,-0.03811882424443347,-3.226815746117887e-05,0.5479790991713467
2020-10-27,fold_6,COVID crash and V-recovery,-0.002448136268441139,-1,-0.03976728593529799,-1,0.03976728593529799,-0.09517736216230777,,,,1,397.6728593529799,-0.008827316493704615,-0.028747210160092962,-0.008827316493704615,-2.787764890068613
2020-10-28,fold_6,COVID crash and V-recovery,0.003304716069605396,1,0.01733536030758387,1,0.01733536030758387,-0.0778420018547239,,,,1,173.3536030758387,0.0012077739252918658,0.05469051571483696,0.0012077739252918658,1.0355589815970991
2020-10-29,fold_6,COVID crash and V-recovery,-0.0010486269414914258,-1,-0.025689605760404355,-1,0.025689605760404355,-0.05215239609431954,,,,1,256.89605760404356,0.004518259158496877,0.0630922106607974,0.004518259158496877,-1.5274747106782163
2020-10-30,fold_6,COVID crash and V-recovery,0.001550205219910805,1,0.0022244046154069608,1,0.0022244046154069608,-0.04992799147891258,,,,1,22.244046154069608,0.014102692908567036,0.08952881051179684,0.014102692908567036,0.13410157396693856
2020-11-02,fold_6,COVID crash and V-recovery,0.0029770898571545444,1,0.017149916612618554,1,0.017149916612618554,-0.03277807486629403,,,,1,171.49916612618554,0.011378269262593057,0.06665905095665803,0.011378269262593057,1.0779367386887289
2020-11-03,fold_6,COVID crash and V-recovery,0.00013992100921470668,1,0.04367043993963193,1,0.04367043993963193,0.010892365073337906,,,,1,436.70439939631933,0.007416913841385567,0.03143221863112888,0.007416913841385567,2.75306621443569
2020-11-04,fold_6,COVID crash and V-recovery,0.0027693763948700768,1,0.025737055253544305,1,0.025737055253544305,0.03662942032688221,,,,1,257.37055253544304,-0.015883198190198847,0.009885048693866416,-0.015883198190198847,1.4119405213839278
2020-11-05,fold_6,COVID crash and V-recovery,-0.0011663963328372863,-1,0.0007469940905950878,1,-0.0007469940905950878,0.035882426236287124,,,,0,-7.469940905950878,-0.02495504618497614,-0.02055713914814916,-0.02495504618497614,0.03915442701452015
2020-11-06,fold_6,COVID crash and V-recovery,-0.0016991011541998518,-1,-0.020645354939731853,-1,0.020645354939731853,0.056527781176018976,,,,1,206.4535493973185,-0.017709042123742365,-0.012569820786838548,-0.017709042123742365,-1.099611526163606
2020-11-09,fold_6,COVID crash and V-recovery,-0.00512511191560172,-1,-0.01807691571291059,-1,0.01807691571291059,0.07460469688892957,,,,1,180.7691571291059,-0.012470077664712616,0.015848101152695193,-0.012470077664712616,-0.9987407535989247
2020-11-10,fold_6,COVID crash and V-recovery,-0.0036317323158840302,-1,0.022123270002369466,1,-0.022123270002369466,0.0524814268865601,,,,0,-221.23270002369466,-0.011598968383076773,0.030747580769077132,-0.011598968383076773,1.1929141000624843
2020-11-11,fold_6,COVID crash and V-recovery,-0.001595952831498242,-1,-0.0047051325884712725,-1,0.0047051325884712725,0.05718655947503137,,,,1,47.051325884712725,-0.012911774767461746,0.0012066756043012106,-0.012911774767461746,-0.24631408484931272
2020-11-12,fold_6,COVID crash and V-recovery,0.004605473327815743,1,0.008734312451905701,1,0.008734312451905701,0.06592087192693707,,,,1,87.34312451905701,-0.00853956654535837,0.013706258888580791,-0.00853956654535837,0.45797074181542646
2020-11-13,fold_6,COVID crash and V-recovery,-0.0016749664751314862,-1,0.007772566999801889,1,-0.007772566999801889,0.058148304927135186,,,,0,-77.72566999801889,-0.004267715106767259,-0.0018917557251931783,-0.004267715106767259,0.4062582307615261
2020-11-16,fold_6,COVID crash and V-recovery,0.0015038421407555253,1,-0.003177436096528652,-1,-0.003177436096528652,0.054970868830606534,,,,0,-31.77436096528652,-0.00696320893401209,-0.009630321813268061,-0.00696320893401209,-0.16851969730067273
2020-11-17,fold_6,COVID crash and V-recovery,-0.0010434515456914668,-1,-0.007417635162406455,-1,0.007417635162406455,0.06238850399301299,,,,1,74.17635162406455,-0.001038493778896329,0.007499608818475778,-0.001038493778896329,-0.3932528488787517
2020-11-18,fold_6,COVID crash and V-recovery,0.0022171414587633265,1,0.007794450695808308,1,0.007794450695808308,0.0701829546888213,,,,1,77.94450695808308,-0.0005469488051869351,0.02104488728217291,-0.0005469488051869351,0.41165884580625633
2020-11-19,fold_6,COVID crash and V-recovery,-0.0030171888879855367,-1,-0.006863702161868268,-1,0.006863702161868268,0.07704665685068957,,,,1,68.63702161868268,0.0009106191540194648,0.02242281379437472,0.0009106191540194648,-0.36097592278577006
2020-11-20,fold_6,COVID crash and V-recovery,0.0038053664325645832,1,3.40009117270057e-05,1,3.40009117270057e-05,0.07708065776241657,,,,1,0.340009117270057,0.0002773799134879978,0.03132430254003005,0.0002773799134879978,0.0017828542565550293
2020-11-23,fold_6,COVID crash and V-recovery,0.001606391188115025,1,0.013952494535215187,1,0.013952494535215187,0.09103315229763176,,,,1,139.52494535215186,0.0021314214940877214,0.044025342715190874,0.0021314214940877214,0.7433640469029835
2020-11-24,fold_6,COVID crash and V-recovery,-0.001103693309417491,-1,0.006127643301290675,1,-0.006127643301290675,0.08490550899634108,,,,0,-61.27643301290675,0.005038780635661062,0.03135693272743989,0.005038780635661062,0.3234052070137997
2020-11-25,fold_6,COVID crash and V-recovery,0.0023183607790557966,1,0.009172377208010118,1,0.009172377208010118,0.0940778862043512,,,,1,91.72377208010118,0.003039900245667678,0.02664339495490875,0.003039900245667678,0.5463967394333243
2020-11-27,fold_6,COVID crash and V-recovery,0.004059261663020701,1,0.00203778658378706,1,0.00203778658378706,0.09611567278813826,,,,1,20.3778658378706,-0.002349548239243088,0.02153753469969555,-0.002349548239243088,0.12379010218913579
2020-11-30,fold_6,COVID crash and V-recovery,0.0033592871564642967,1,0.012735041086887833,1,0.012735041086887833,0.1088507138750261,,,,1,127.35041086887833,-0.013159998381270098,0.025146711866864457,-0.013159998381270098,0.825152095544987
2020-12-01,fold_6,COVID crash and V-recovery,0.0009298961895929268,1,0.0012840845474642038,1,0.0012840845474642038,0.1101347984224903,,,,1,12.840845474642038,-0.015539108116894015,0.01579066317621791,-0.015539108116894015,0.08186080873771634
2020-12-02,fold_6,COVID crash and V-recovery,-0.0003143170716280227,-1,0.001414105528759535,1,-0.001414105528759535,0.10872069289373076,,,,0,-14.14105528759535,-0.023377511592378455,-0.008394548428911186,-0.023377511592378455,0.09295420381384639
2020-12-03,fold_6,COVID crash and V-recovery,-0.0038812493643197374,-1,0.004066516952796917,1,-0.004066516952796917,0.10465417594093385,,,,0,-40.66516952796917,-0.015089544627878718,-0.005801084822818936,-0.015089544627878718,0.34847327562232994
2020-12-04,fold_6,COVID crash and V-recovery,-0.0017016194446020003,-1,0.005646963750955969,1,-0.005646963750955969,0.09900721218997788,,,,0,-56.46963750955969,-0.019706657031090202,-0.01208457979287747,-0.019706657031090202,0.5540372958545712
2020-12-07,fold_6,COVID crash and V-recovery,-0.0027821855399947186,-1,0.003378992396241287,1,-0.003378992396241287,0.09562821979373659,,,,0,-33.78992396241287,-0.010911434746833655,-0.010502398559854242,-0.010911434746833655,0.329049495914118
2020-12-08,fold_6,COVID crash and V-recovery,-0.003134071333153937,-1,-0.022901127057664894,-1,0.022901127057664894,0.11852934685140148,,,,1,229.01127057664894,-0.008030468158613366,-0.0032489224595986244,-0.008030468158613366,-2.4882146420684146
2020-12-09,fold_6,COVID crash and V-recovery,-0.0019727104493048905,-1,0.004007569134851785,1,-0.004007569134851785,0.1145217777165497,,,,0,-40.07569134851785,-0.0007959851001565631,0.02513667454856794,-0.0007959851001565631,0.4120471886712415
2020-12-10,fold_6,COVID crash and V-recovery,0.001051563638151753,1,-0.002216978017261617,-1,-0.002216978017261617,0.11230479969928808,,,,0,-22.16978017261617,-0.00462660136416332,0.02764577456824835,-0.00462660136416332,-0.2632439802492302
2020-12-11,fold_6,COVID crash and V-recovery,0.0041606491415015975,1,0.007229144983979197,1,0.007229144983979197,0.11953394468326728,,,,1,72.29144983979197,-0.006475411895518989,0.02683560582900757,-0.006475411895518989,0.8636478044932318
2020-12-14,fold_6,COVID crash and V-recovery,0.0007864837271853797,1,0.010632468496496905,1,0.010632468496496905,0.13016641317976418,,,,1,106.32468496496905,-0.007384896194728055,0.017734088976450124,-0.007384896194728055,1.2812665826263265
2020-12-15,fold_6,COVID crash and V-recovery,0.0006145426457408546,1,0.005484469950501669,1,0.005484469950501669,0.13565088313026585,,,,1,54.84469950501669,-0.01274083960896711,0.009817130093054516,-0.01274083960896711,0.6486281134756449
2020-12-16,fold_6,COVID crash and V-recovery,-0.0020250661197623787,-1,0.006516669154532195,1,-0.006516669154532195,0.12913421397573366,,,,0,-65.16669154532195,-0.014578105197110232,-0.00071632728781168,-0.014578105197110232,0.7653729375236511
2020-12-17,fold_6,COVID crash and V-recovery,0.0011160725769388453,1,-0.003027146756502397,-1,-0.003027146756502397,0.12610706721923126,,,,0,-30.27146756502397,-0.013855295678531027,-0.002830306945274863,-0.013855295678531027,-0.3570831286606675
2020-12-18,fold_6,COVID crash and V-recovery,-0.0012526074409801482,-1,-0.0018723718685782487,-1,0.0018723718685782487,0.1279794390878095,,,,1,18.723718685782487,-0.009524493678424775,0.010225623848650223,-0.009524493678424775,-0.22493926581037224
2020-12-21,fold_6,COVID crash and V-recovery,0.0006725628309448969,1,0.002715509613101297,1,0.002715509613101297,0.1306949487009108,,,,1,27.155096131012968,-0.0046568519473437365,0.012993028346219404,-0.0046568519473437365,0.3314875297474319
2020-12-22,fold_6,COVID crash and V-recovery,0.0016081968500851322,1,-0.005048987430364527,-1,-0.005048987430364527,0.12564596127054628,,,,0,-50.489874303645266,-0.00024099179473878202,0.01030921066739765,-0.00024099179473878202,-0.6146537584216499
2020-12-23,fold_6,COVID crash and V-recovery,0.003043054316032476,1,0.004402689497069012,1,0.004402689497069012,0.1300486507676153,,,,1,44.02689497069012,-0.0019736712770377736,0.017815538178536094,-0.0019736712770377736,0.5731001337807812
2020-12-24,fold_6,COVID crash and V-recovery,0.004835236754453701,1,0.010028784037422689,1,0.010028784037422689,0.14007743480503798,,,,1,100.28784037422689,-0.002799774753746473,-0.000807645866227169,-0.002799774753746473,1.3156138038421608
2020-12-28,fold_6,COVID crash and V-recovery,0.0036249320921957076,1,0.0008950326289909327,1,0.0008950326289909327,0.14097246743402891,,,,1,8.950326289909327,-0.0019297100346070328,-0.0026263039598681814,-0.0019297100346070328,0.11659180941941093
2020-12-29,fold_6,COVID crash and V-recovery,0.003995606287516561,1,3.169193427954298e-05,1,3.169193427954298e-05,0.14100415936830846,,,,1,0.31691934279542977,-0.0026266646133040828,-0.01747038117248767,-0.0026266646133040828,0.004134245642294804
2020-12-30,fold_6,COVID crash and V-recovery,0.0025251656889727432,1,0.0024573400807739176,1,0.0024573400807739176,0.14346149944908237,,,,1,24.573400807739176,-0.0004046303274876221,0.006402158674156944,-0.0004046303274876221,0.34526923346710536
2020-12-31,fold_6,COVID crash and V-recovery,0.0013494523039108957,1,-0.014220494547694251,-1,-0.014220494547694251,0.12924100490138812,,,,0,-142.2049454769425,-0.004926667515816972,0.016720545018152677,-0.004926667515816972,-1.9937397071195027
2024-06-25,fold_7,"Inflation bear, AI rally and 2025",-0.006327442540629966,-1,0.0020631074032593233,1,-0.0020631074032593233,-0.0020631074032593233,,,,0,-20.631074032593233,-0.00866129173093822,0.0157295785321665,-0.00866129173093822,0.2480774401688555
2024-06-26,fold_7,"Inflation bear, AI rally and 2025",-0.004639181034343817,-1,0.0025780298563526927,1,-0.0025780298563526927,-0.004641137259612016,,,,0,-25.780298563526927,-0.008319536894502202,0.021968942186460616,-0.008319536894502202,0.3111163482075264
2024-06-27,fold_7,"Inflation bear, AI rally and 2025",-0.001629188154817641,-1,-0.005204448898960656,-1,0.005204448898960656,0.0005633116393486404,,,,1,52.04448898960656,-0.009037700760089685,0.029763751908297387,-0.009037700760089685,-0.6382350260450105
2024-06-28,fold_7,"Inflation bear, AI rally and 2025",-0.005564935481476122,-1,0.005847935205040677,1,-0.005847935205040677,-0.005284623565692037,,,,0,-58.479352050406774,-0.011441203117483296,0.03734358073154187,-0.011441203117483296,0.7423997926176615
2024-07-01,fold_7,"Inflation bear, AI rally and 2025",-0.005373222129242738,-1,0.010444954966474462,1,-0.010444954966474462,-0.0157295785321665,,,,0,-104.44954966474462,-0.004950019818082988,0.03235997515206712,-0.004950019818082988,1.3098751779381625
2024-07-02,fold_7,"Inflation bear, AI rally and 2025",-0.004520370132460708,-1,0.00830247105755344,1,-0.00830247105755344,-0.02403204958971994,,,,0,-83.0247105755344,-0.005315702331160988,0.0322874890784961,-0.005315702331160988,1.0097531611324242
2024-07-03,fold_7,"Inflation bear, AI rally and 2025",-0.004862686430048774,-1,0.010372839578189463,1,-0.010372839578189463,-0.0344048891679094,,,,0,-103.72839578189463,-0.0029132747451674074,0.001810741149476769,-0.0029132747451674074,1.2338218881148515
2024-07-05,fold_7,"Inflation bear, AI rally and 2025",-0.004883795348233741,-1,0.002375379924283827,1,-0.002375379924283827,-0.03678026909219323,,,,0,-23.75379924283827,-0.007850036021687039,-0.0027043851635433214,-0.007850036021687039,0.3170268540244118
2024-07-08,fold_7,"Inflation bear, AI rally and 2025",-0.007270253742792342,-1,0.0008643296255659294,1,-0.0008643296255659294,-0.03764459871775916,,,,0,-8.643296255659294,-0.005073368349574594,-0.002395557543833249,-0.005073368349574594,0.11507389364579725
2024-07-09,fold_7,"Inflation bear, AI rally and 2025",-0.0039945935411491015,-1,0.010372468892903441,1,-0.010372468892903441,-0.0480170676106626,,,,0,-103.72468892903441,-0.007976070339658378,-0.002877016433750157,-0.007976070339658378,1.3809774385746778
2024-07-10,fold_7,"Inflation bear, AI rally and 2025",-0.006229758403446852,-1,-0.022174276871465892,-1,0.022174276871465892,-0.025842790739196708,,,,1,221.74276871465892,-0.014539692551142392,-0.043043841245672176,-0.014539692551142392,-2.8395556157698416
2024-07-11,fold_7,"Inflation bear, AI rally and 2025",-0.006517152742820072,-1,0.005857713265169373,1,-0.005857713265169373,-0.03170050400436608,,,,0,-58.57713265169373,-0.010985255638496784,-0.02561328917292638,-0.010985255638496784,0.6420877278904823
2024-07-12,fold_7,"Inflation bear, AI rally and 2025",-0.004990481065524395,-1,0.0026842075439938995,1,-0.0026842075439938995,-0.03438471154835998,,,,0,-26.842075439938995,-0.01354434793178081,-0.04037415965760438,-0.01354434793178081,0.30693872466430683
2024-07-15,fold_7,"Inflation bear, AI rally and 2025",-0.004524289078726337,-1,0.0003828707356490213,1,-0.0003828707356490213,-0.034767582284009,,,,0,-3.828707356490213,-0.012821494308332867,-0.02827057368651964,-0.012821494308332867,0.044099727267770325
2024-07-16,fold_7,"Inflation bear, AI rally and 2025",-0.007314449996269352,-1,-0.029794355919018578,-1,0.029794355919018578,-0.004973226364990424,,,,1,297.9435591901858,-0.01253652106530236,-0.03218429914784071,-0.01253652106530236,-3.462402666184191
2024-07-17,fold_7,"Inflation bear, AI rally and 2025",-0.0043237389596175735,-1,-0.004743724798720095,-1,0.004743724798720095,-0.00022950156627032925,,,,1,47.43724798720095,-0.002067849052852972,-0.03891932058113312,-0.002067849052852972,-0.45021193175523166
2024-07-18,fold_7,"Inflation bear, AI rally and 2025",0.00013322707243142504,1,-0.008903157219508628,-1,-0.008903157219508628,-0.009132658785778958,,,,0,-89.03157219508628,-0.002816100548027948,-0.04526460055422277,-0.002816100548027948,-0.8407390180070969
2024-07-19,fold_7,"Inflation bear, AI rally and 2025",-0.0020142381331656614,-1,0.01478779351507864,1,-0.01478779351507864,-0.023920452300857598,,,,0,-147.8779351507864,0.001847562372690896,-0.026157695914454493,0.001847562372690896,1.3904370170925573
2024-07-22,fold_7,"Inflation bear, AI rally and 2025",-0.003340280849330117,-1,-0.00353085472567205,-1,0.00353085472567205,-0.020389597575185547,,,,1,35.3085472567205,-0.005153378784115295,-0.03893867534800144,-0.005153378784115295,-0.31748379855643816
2024-07-23,fold_7,"Inflation bear, AI rally and 2025",-0.0028885444013965907,-1,-0.03652937735231099,-1,0.03652937735231099,0.01613977977712544,,,,1,365.29377352310985,-0.0038460018677778625,-0.04923438660790502,-0.0038460018677778625,-3.366324504216688
2024-07-24,fold_7,"Inflation bear, AI rally and 2025",-0.0022899698946861795,-1,-0.01108900477180974,-1,0.01108900477180974,0.02722878454893518,,,,1,110.8900477180974,0.0019387560512729688,0.016459202992304967,0.0019387560512729688,-0.8311367073785129
2024-07-25,fold_7,"Inflation bear, AI rally and 2025",-0.001845604254072548,-1,0.010203747420259646,1,-0.010203747420259646,0.017025037128675535,,,,0,-102.03747420259646,-0.0006435658742025199,0.0030286671112680352,-0.0006435658742025199,0.7523452168158241
2024-07-26,fold_7,"Inflation bear, AI rally and 2025",-0.0034228837684090367,-1,0.0020068140815316937,1,-0.0020068140815316937,0.015018223047143842,,,,0,-20.068140815316937,-0.005082196729257647,-0.03119619932915718,-0.005082196729257647,0.14604485969080083
2024-07-29,fold_7,"Inflation bear, AI rally and 2025",0.0016324653961756514,1,-0.013826565985575634,-1,-0.013826565985575634,0.0011916570615682076,,,,0,-138.26565985575633,-0.002090453248726998,-0.06347268159344832,-0.002090453248726998,-1.0093074248608767
2024-07-30,fold_7,"Inflation bear, AI rally and 2025",-0.0015433581970945047,-1,0.029164212247899002,1,-0.029164212247899002,-0.027972555186330794,,,,0,-291.64212247899,0.000488887060721005,-0.04013648373566614,0.000488887060721005,2.085750291487153
2024-07-31,fold_7,"Inflation bear, AI rally and 2025",-0.0014811636020674282,-1,-0.024519540652846672,-1,0.024519540652846672,-0.0034530145334841222,,,,1,245.19540652846672,-0.013794567970352237,-0.08018954867174966,-0.013794567970352237,-1.6077581412371202
2024-08-01,fold_7,"Inflation bear, AI rally and 2025",-0.004267882059468981,-1,-0.02402111902016557,-1,0.02402111902016557,0.02056810448668145,,,,1,240.2111902016557,-0.006436411416975072,-0.025537711090776405,-0.006436411416975072,-1.4920247357675547
2024-08-02,fold_7,"Inflation bear, AI rally and 2025",0.00028028399396673876,1,-0.030269668182759446,-1,-0.030269668182759446,-0.009701563696077997,,,,0,-302.6966818275945,0.0012529800658580559,0.0036923731940383675,0.0012529800658580559,-1.8003931776647635
2024-08-05,fold_7,"Inflation bear, AI rally and 2025",0.0017790919097089312,1,0.009509631872206548,1,0.009509631872206548,-0.00019193182387144958,,,,1,95.09631872206548,0.01365843537210958,0.03611313820323492,0.01365843537210958,0.524920691891243
2024-08-06,fold_7,"Inflation bear, AI rally and 2025",0.004947461482045804,1,-0.010888852688184514,-1,-0.010888852688184514,-0.011080784512055963,,,,0,-108.88852688184514,0.01001343979731641,0.051113479156589925,0.01001343979731641,-0.5969875219152809
2024-08-07,fold_7,"Inflation bear, AI rally and 2025",-0.0039574456443377416,-1,0.03013229692812658,1,-0.03013229692812658,-0.04121308144018254,,,,0,-301.3229692812658,0.011619873335081582,0.0623266451843687,0.011619873335081582,1.6506589822195037
2024-08-08,fold_7,"Inflation bear, AI rally and 2025",0.0002843400596947744,1,0.005208965264649201,1,0.005208965264649201,-0.03600411617553334,,,,1,52.08965264649201,0.0024649494339334167,0.057143625339340254,0.0024649494339334167,0.2768349311927352
2024-08-09,fold_7,"Inflation bear, AI rally and 2025",-0.003883071050252671,-1,0.0021510968264371044,1,-0.0021510968264371044,-0.038155213001970445,,,,0,-21.510968264371044,-0.007222605471870855,0.05321962968764549,-0.007222605471870855,0.1143798882170997
2024-08-12,fold_7,"Inflation bear, AI rally and 2025",0.0036244216611011335,1,0.024509972825561555,1,0.024509972825561555,-0.01364524017640889,,,,1,245.09972825561556,-0.009309161936445027,0.06411891437945005,-0.009309161936445027,1.303501943679819
2024-08-13,fold_7,"Inflation bear, AI rally and 2025",-0.0006676328935486279,-1,0.0003243133395942621,1,-0.0003243133395942621,-0.013969553516003153,,,,0,-3.243133395942621,-0.01346487909693837,0.03750813436580547,-0.01346487909693837,0.01655891126018704
2024-08-14,fold_7,"Inflation bear, AI rally and 2025",-0.004172064468354597,-1,0.02494927708309813,1,-0.02494927708309813,-0.038918830599101284,,,,0,-249.49277083098133,-0.011106715747612971,0.041837094972887456,-0.011106715747612971,1.3546411923098562
2024-08-15,fold_7,"Inflation bear, AI rally and 2025",-0.006849812153680661,-1,0.0012849696129544341,1,-0.0012849696129544341,-0.04020380021205572,,,,0,-12.849696129544341,-0.01432083875984359,0.0009060029149736692,-0.01432083875984359,0.0668740747706282
2024-08-16,fold_7,"Inflation bear, AI rally and 2025",-0.006463732110248222,-1,0.013050381518241672,1,-0.013050381518241672,-0.05325418173029739,,,,0,-130.5038151824167,-0.009892729386491767,0.010408023751988793,-0.009892729386491767,0.6827829402239022
2024-08-19,fold_7,"Inflation bear, AI rally and 2025",-0.00438250941481455,-1,-0.0021008071880830315,-1,0.0021008071880830315,-0.05115337454221436,,,,1,21.008071880830315,-0.011563766887880503,-0.012398049515241816,-0.011563766887880503,-0.11027773996348064
2024-08-20,fold_7,"Inflation bear, AI rally and 2025",-0.002048259845154618,-1,0.004653273946676251,1,-0.004653273946676251,-0.05580664848889061,,,,0,-46.53273946676251,-0.014864860391003737,-0.007314376150666213,-0.014864860391003737,0.2444000893406978
2024-08-21,fold_7,"Inflation bear, AI rally and 2025",-0.0014500142161073207,-1,-0.015981814974815656,-1,0.015981814974815656,-0.03982483351407495,,,,1,159.81814974815654,-0.018666865449624433,-0.02337989781798555,-0.018666865449624433,-0.9275646245457356
2024-08-22,fold_7,"Inflation bear, AI rally and 2025",-0.0013691563760551769,-1,0.010786990449969558,1,-0.010786990449969558,-0.05061182396404451,,,,0,-107.86990449969558,-0.013340756690333015,-0.00886311074508317,-0.013340756690333015,0.6191949924164502
2024-08-23,fold_7,"Inflation bear, AI rally and 2025",-0.0010736660341892675,-1,-0.009755691748988937,-1,0.009755691748988937,-0.040856132215055574,,,,1,97.55691748988937,-0.01644627545685937,-0.007801180405428987,-0.01644627545685937,-0.559432470656507
2024-08-26,fold_7,"Inflation bear, AI rally and 2025",-0.00421350939009002,-1,0.0029828661764925712,1,-0.0029828661764925712,-0.043838998391548145,,,,0,-29.828661764925712,-0.014430455365448173,-0.028876793542063517,-0.014430455365448173,0.16978265810020524
2024-08-27,fold_7,"Inflation bear, AI rally and 2025",-0.005100367644837997,-1,-0.011412247720643087,-1,0.011412247720643087,-0.03242675067090506,,,,1,114.12247720643087,-0.018680026823475023,-0.03446156198260031,-0.018680026823475023,-0.659384942491126
2024-08-28,fold_7,"Inflation bear, AI rally and 2025",-0.002823543324465702,-1,-0.001465027901913274,-1,0.001465027901913274,-0.030961722768991784,,,,1,14.65027901913274,-0.009883016631407693,-0.022116093360764033,-0.009883016631407693,-0.0902464387601881
2024-08-29,fold_7,"Inflation bear, AI rally and 2025",-0.006260941559715572,-1,0.01184892078962374,1,-0.01184892078962374,-0.042810643558615524,,,,0,-118.4892078962374,-0.007823702649561361,-0.047803720577044295,-0.007823702649561361,0.7752877777932282
2024-08-30,fold_7,"Inflation bear, AI rally and 2025",-0.004377212923336719,-1,-0.030831304885623467,-1,0.030831304885623467,-0.011979338672992057,,,,1,308.3130488562347,-0.013118860908771932,-0.04687501440500874,-0.013118860908771932,-2.118767250124786
2024-09-03,fold_7,"Inflation bear, AI rally and 2025",-0.002500067996672241,-1,-0.00260190226404422,-1,0.00260190226404422,-0.009377436408947837,,,,1,26.019022640442202,-0.006811678302769611,-0.006844343084672744,-0.006811678302769611,-0.17808602031578946
2024-09-04,fold_7,"Inflation bear, AI rally and 2025",-0.004454819372701183,-1,0.000933220901193188,1,-0.000933220901193188,-0.010310657310141025,,,,0,-9.33220901193188,-0.01118596079835758,0.01724050377972297,-0.01118596079835758,0.06450909024050137
2024-09-05,fold_7,"Inflation bear, AI rally and 2025",-0.002081489391276042,-1,-0.027152655118193536,-1,0.027152655118193536,0.01684199780805251,,,,1,271.52655118193536,-0.021847492543475875,0.02607551687604648,-0.021847492543475875,-1.9038919504433214
2024-09-06,fold_7,"Inflation bear, AI rally and 2025",-0.0006271585632753717,-1,0.012777626961659294,1,-0.012777626961659294,0.004064370846393217,,,,0,-127.77626961659294,-0.019419196994648367,0.057698130023108085,-0.019419196994648367,0.9153524726053623
2024-09-09,fold_7,"Inflation bear, AI rally and 2025",-0.005890775727757865,-1,0.00919936643471253,1,-0.00919936643471253,-0.005134995588319313,,,,0,-91.9936643471253,-0.03065652963304625,0.040492790135222556,-0.03065652963304625,0.6477990684838638
2024-09-10,fold_7,"Inflation bear, AI rally and 2025",-0.006572414602112388,-1,0.021482944600351495,1,-0.021482944600351495,-0.026617940188670808,,,,0,-214.82944600351493,-0.04213355018127688,0.03182162971482416,-0.04213355018127688,1.4979981112463576
2024-09-11,fold_7,"Inflation bear, AI rally and 2025",-0.011745668016607869,-1,0.009768233997516695,1,-0.009768233997516695,-0.0363861741861875,,,,0,-97.68233997516695,-0.044804741973994984,0.005999751463754421,-0.044804741973994984,0.6929635978910342
2024-09-12,fold_7,"Inflation bear, AI rally and 2025",-0.009835537792876633,-1,0.004469958028868071,1,-0.004469958028868071,-0.040856132215055574,,,,0,-44.69958028868071,-0.0425275275053271,0.02120135687643554,-0.0425275275053271,0.31336561528243373
2024-09-13,fold_7,"Inflation bear, AI rally and 2025",-0.014617507033066185,-1,-0.004427712926226235,-1,0.004427712926226235,-0.03642841928882934,,,,1,44.27712926226235,-0.04066679728844042,0.014826271978745531,-0.04066679728844042,-0.3362951999478053
2024-09-16,fold_7,"Inflation bear, AI rally and 2025",-0.01021164296204613,-1,0.0005282060143141365,1,-0.0005282060143141365,-0.036956625303143475,,,,0,-5.282060143141365,-0.03791664718609117,0.02190114514226149,-0.03791664718609117,0.04001501336320814
2024-09-17,fold_7,"Inflation bear, AI rally and 2025",-0.006912648613308755,-1,-0.004338933650718246,-1,0.004338933650718246,-0.03261769165242523,,,,1,43.38933650718246,-0.03324137148338645,0.026184872506215484,-0.03324137148338645,-0.33702704962507524
2024-09-18,fold_7,"Inflation bear, AI rally and 2025",-0.005918028925287429,-1,0.024969839410197814,1,-0.024969839410197814,-0.05758753106262304,,,,0,-249.69839410197812,-0.02926969967697507,0.031450559636922115,-0.02926969967697507,1.9353316350330982
2024-09-19,fold_7,"Inflation bear, AI rally and 2025",-0.010291740763247221,-1,-0.001905126868821938,-1,0.001905126868821938,-0.055682404193801105,,,,1,19.05126868821938,-0.029141995351633164,0.013965614993753483,-0.029141995351633164,-0.13588783905280025
2024-09-20,fold_7,"Inflation bear, AI rally and 2025",-0.009054163226457619,-1,0.002647160237289725,1,-0.002647160237289725,-0.05832956443109083,,,,0,-26.47160237289725,-0.025748095156990707,0.010298335998215613,-0.025748095156990707,0.19516890485055438
2024-09-23,fold_7,"Inflation bear, AI rally and 2025",-0.005456725501538234,-1,0.0048119333782681295,1,-0.0048119333782681295,-0.06314149780935896,,,,0,-48.119333782681295,-0.02584432214141556,0.010359362690294915,-0.02584432214141556,0.3601650575373757
2024-09-24,fold_7,"Inflation bear, AI rally and 2025",-0.009533387048113821,-1,0.0009267534799883848,1,-0.0009267534799883848,-0.06406825128934734,,,,0,-9.267534799883848,-0.016551829446544482,-0.008483004723133902,-0.016551829446544482,0.07007636915393543
2024-09-25,fold_7,"Inflation bear, AI rally and 2025",-0.0064653335892308405,-1,0.007484894767029182,1,-0.007484894767029182,-0.07155314605637653,,,,0,-74.84894767029182,-0.010614011204959282,-0.007997906173756952,-0.010614011204959282,0.5666209948426726
2024-09-26,fold_7,"Inflation bear, AI rally and 2025",-0.003020299600220897,-1,-0.0055724058643598084,-1,0.0055724058643598084,-0.06598074019201672,,,,1,55.724058643598084,-0.014585206755244665,-0.016230026248075013,-0.014585206755244665,-0.42640010528638966
2024-09-27,fold_7,"Inflation bear, AI rally and 2025",0.0016144158148265924,1,0.0027081869293690275,1,0.0027081869293690275,-0.06327255326264769,,,,1,27.081869293690275,-0.009130194349794616,0.0011703327265673025,-0.009130194349794616,0.20635895787142886
2024-09-30,fold_7,"Inflation bear, AI rally and 2025",-0.004191015053694569,-1,-0.014030434035160688,-1,0.014030434035160688,-0.049242119227487,,,,1,140.30434035160687,-0.00589668072125712,-0.012307291182736435,-0.00589668072125712,-1.0903610458416224
2024-10-01,fold_7,"Inflation bear, AI rally and 2025",-0.0015083290298568597,-1,0.0014118520293653347,1,-0.0014118520293653347,-0.05065397125685234,,,,0,-14.118520293653347,-0.007423824080044213,0.01654731334865378,-0.007423824080044213,0.12484405696456018
2024-10-02,fold_7,"Inflation bear, AI rally and 2025",-0.0016351748623975142,-1,-0.000747225307288879,-1,0.000747225307288879,-0.04990674594956346,,,,1,7.47225307288879,-0.008227292306101894,0.02297309325727337,-0.008227292306101894,-0.06613572954546378
2024-10-03,fold_7,"Inflation bear, AI rally and 2025",-0.0031144008642749973,-1,0.011827953110282508,1,-0.011827953110282508,-0.061734699059845966,,,,0,-118.27953110282508,-0.008349279250949977,0.022584062323217857,-0.008349279250949977,1.0469375004229724
2024-10-04,fold_7,"Inflation bear, AI rally and 2025",-0.00249778412468269,-1,-0.01076943697993471,-1,0.01076943697993471,-0.050965262079911255,,,,1,107.6943697993471,-0.008877292015429677,0.012317988623684606,-0.008877292015429677,-1.0891617760661183
2024-10-07,fold_7,"Inflation bear, AI rally and 2025",-0.004422645737128677,-1,0.014824170496229527,1,-0.014824170496229527,-0.06578943257614078,,,,0,-148.24170496229527,-0.0074085141766353935,0.03144397747548222,-0.0074085141766353935,1.5176988523165102
2024-10-08,fold_7,"Inflation bear, AI rally and 2025",-0.0033831700260977407,-1,0.007837631937984924,1,-0.007837631937984924,-0.0736270645141257,,,,0,-78.37631937984924,-0.012717553358719658,0.00316289557754601,-0.012717553358719658,0.7754292898477891
2024-10-09,fold_7,"Inflation bear, AI rally and 2025",-0.0038181431597363825,-1,-0.001136256241344391,-1,0.001136256241344391,-0.07249080827278132,,,,1,11.36256241344391,-0.019007388356709464,-0.004552541392764731,-0.019007388356709464,-0.1253588476074635
2024-10-10,fold_7,"Inflation bear, AI rally and 2025",-0.001319588046986179,-1,0.0015618794107492562,1,-0.0015618794107492562,-0.07405268768353057,,,,0,-15.618794107492562,-0.02205513308843652,-0.0027240036673878976,-0.02205513308843652,0.17747454318489056
2024-10-11,fold_7,"Inflation bear, AI rally and 2025",-0.004086530113497349,-1,0.008356551871862905,1,-0.008356551871862905,-0.08240923955539348,,,,0,-83.56551871862905,-0.02273562499582336,0.0022474023063701054,-0.02273562499582336,0.9549677424647902
2024-10-14,fold_7,"Inflation bear, AI rally and 2025",-0.005237887572247745,-1,-0.013456911401706684,-1,0.013456911401706684,-0.06895232815368679,,,,1,134.56911401706685,-0.020651799026731577,-0.0041896638717293655,-0.020651799026731577,-1.5132110812818254
2024-10-15,fold_7,"Inflation bear, AI rally and 2025",-0.007959901674230774,-1,0.00012219496767418292,1,-0.00012219496767418292,-0.06907452312136098,,,,0,-1.2219496767418292,-0.014789516217083052,0.010356641038586467,-0.014789516217083052,0.013016782504661328
2024-10-16,fold_7,"Inflation bear, AI rally and 2025",-0.0034721777022143135,-1,0.000692281484032442,1,-0.000692281484032442,-0.06976680460539342,,,,0,-6.9228148403244205,-0.01634252928112623,-0.0052080738520654535,-0.01634252928112623,0.07414180294465159
2024-10-17,fold_7,"Inflation bear, AI rally and 2025",-0.008967391015198766,-1,0.006533285384507259,1,-0.006533285384507259,-0.07630008998990068,,,,0,-65.33285384507259,-0.018860268986562977,0.0021758224552890226,-0.018860268986562977,0.8727836942491176
2024-10-18,fold_7,"Inflation bear, AI rally and 2025",-0.0076664989521122665,-1,0.0019194856937634341,1,-0.0019194856937634341,-0.07821957568366411,,,,0,-19.19485693763434,-0.01589108080098948,0.0017176733561976576,-0.01589108080098948,0.2520701414263569
2024-10-21,fold_7,"Inflation bear, AI rally and 2025",-0.005595686153610073,-1,0.0010893935086091489,1,-0.0010893935086091489,-0.07930896919227326,,,,0,-10.893935086091489,-0.012060096508876413,-4.0421301733317705e-05,-0.012060096508876413,0.1432664185763382
2024-10-22,fold_7,"Inflation bear, AI rally and 2025",-0.008163392252018878,-1,-0.015442519922977738,-1,0.015442519922977738,-0.06386644926929552,,,,1,154.42519922977738,-0.019153772383318737,0.0084327362437282,-0.019153772383318737,-2.05041872134211
2024-10-23,fold_7,"Inflation bear, AI rally and 2025",-0.005509430395432926,-1,0.008076177791386918,1,-0.008076177791386918,-0.07194262706068244,,,,0,-80.76177791386918,-0.014414266947533828,0.01628901314277531,-0.014414266947533828,0.975069619641989
2024-10-24,fold_7,"Inflation bear, AI rally and 2025",-0.0071399299949108435,-1,0.006075136285415894,1,-0.006075136285415894,-0.07801776334609833,,,,0,-60.75136285415894,-0.012181400131811064,-0.017353988579732693,-0.012181400131811064,0.7310287339358255
2024-10-25,fold_7,"Inflation bear, AI rally and 2025",-0.007727618272111011,-1,0.00016139103583245884,1,-0.00016139103583245884,-0.0781791543819308,,,,0,-1.6139103583245884,-0.013082191629323493,-0.016057492184841315,-0.013082191629323493,0.019379350634746075
2024-10-28,fold_7,"Inflation bear, AI rally and 2025",-0.007808431372333452,-1,0.009562551054070667,1,-0.009562551054070667,-0.08774170543600146,,,,0,-95.62551054070667,-0.01391218552795186,-0.019136182504815302,-0.01391218552795186,1.1512792631994628
2024-10-29,fold_7,"Inflation bear, AI rally and 2025",-0.00806294547294265,-1,-0.007586243023930628,-1,0.007586243023930628,-0.08015546241207083,,,,1,75.86243023930628,-0.017203823337935468,-0.01602265966610883,-0.017203823337935468,-0.9503655323814653
2024-10-30,fold_7,"Inflation bear, AI rally and 2025",-0.005336709768324422,-1,-0.025566823931121085,-1,0.025566823931121085,-0.05458863848094975,,,,1,255.66823931121087,-0.015297463817860894,0.018364498035892574,-0.015297463817860894,-3.135267415563969
2024-10-31,fold_7,"Inflation bear, AI rally and 2025",-0.0067492931312023875,-1,0.007371632680307272,1,-0.007371632680307272,-0.06196027116125702,,,,0,-73.71632680307272,-0.0035521681091321144,0.05955289878150882,-0.0035521681091321144,0.7403067553257175
2024-11-01,fold_7,"Inflation bear, AI rally and 2025",-0.005225253830135584,-1,-0.002917299284141528,-1,0.002917299284141528,-0.05904297187711549,,,,1,29.17299284141528,-0.006030195657561735,0.05334897462502575,-0.006030195657561735,-0.29950634869518994
2024-11-04,fold_7,"Inflation bear, AI rally and 2025",-0.006057583060771227,-1,0.01267607389277714,1,-0.01267607389277714,-0.07171904576989263,,,,0,-126.7607389277714,-0.00420031966721685,0.05568276968231434,-0.00420031966721685,1.3398945483494553
2024-11-05,fold_7,"Inflation bear, AI rally and 2025",-0.004647019174886632,-1,0.026800914678070775,1,-0.026800914678070775,-0.0985199604479634,,,,0,-268.00914678070774,-0.00953946908278565,0.041194886275285114,-0.00953946908278565,2.8808626073089583
2024-11-06,fold_7,"Inflation bear, AI rally and 2025",-0.008536913003784185,-1,0.015621576814495164,1,-0.015621576814495164,-0.11414153726245857,,,,0,-156.21576814495165,-0.01608405829085437,0.013106550787603588,-0.01608405829085437,1.4296840550942842
2024-11-07,fold_7,"Inflation bear, AI rally and 2025",-0.005619329883215741,-1,0.0011677085238241958,1,-0.0011677085238241958,-0.11530924578628277,,,,0,-11.677085238241958,-0.014079620153545282,-0.009489039795822052,-0.014079620153545282,0.10181834569816123
2024-11-08,fold_7,"Inflation bear, AI rally and 2025",-0.007560682003144786,-1,-0.0005835042268529378,-1,0.0005835042268529378,-0.11472574155942983,,,,1,5.835042268529378,-0.010857920708663687,-0.034771131383098286,-0.010857920708663687,-0.05088905969453027
2024-11-11,fold_7,"Inflation bear, AI rally and 2025",-0.0038310226076367047,-1,-0.001811809514252083,-1,0.001811809514252083,-0.11291393204517775,,,,1,18.11809514252083,-0.013432584670681223,-0.027263968248943726,-0.013432584670681223,-0.16014334393689053
2024-11-12,fold_7,"Inflation bear, AI rally and 2025",-0.00631097338610307,-1,-0.001287420809610751,-1,0.001287420809610751,-0.111626511235567,,,,1,12.874208096107509,-0.01184565224623238,-0.018596025296813146,-0.01184565224623238,-0.11796369941144873
2024-11-13,fold_7,"Inflation bear, AI rally and 2025",-0.0038401869562183586,-1,-0.006974013768930476,-1,0.006974013768930476,-0.10465249746663652,,,,1,69.74013768930476,-0.012069169074390635,-0.017884805213628674,-0.012069169074390635,-0.6387942340020782
2024-11-14,fold_7,"Inflation bear, AI rally and 2025",-0.004969790270677822,-1,-0.02411438306345204,-1,0.02411438306345204,-0.08053811440318448,,,,1,241.14383063452038,-0.00724292157051443,-0.0073200277791647395,-0.00724292157051443,-2.1868111876517204
2024-11-15,fold_7,"Inflation bear, AI rally and 2025",-0.0015293856496244353,-1,0.006923658907301622,1,-0.006923658907301622,-0.0874617733104861,,,,0,-69.23658907301622,0.004416265269101502,0.01839718962590009,0.004416265269101502,0.5680860031384004
2024-11-18,fold_7,"Inflation bear, AI rally and 2025",-0.005434362868008866,-1,0.006856133437878498,1,-0.006856133437878498,-0.0943179067483646,,,,0,-68.56133437878498,-0.0008193919185024178,0.013053883869816651,-0.0008193919185024178,0.558401971919163
2024-11-19,fold_7,"Inflation bear, AI rally and 2025",-0.0018879502987261799,-1,-0.0005762007264262792,-1,0.0005762007264262792,-0.09374170602193832,,,,1,5.762007264262792,-0.00044146046084046243,0.011552623959052433,-0.00044146046084046243,-0.046576442710721276
2024-11-20,fold_7,"Inflation bear, AI rally and 2025",-0.0033867350516320364,-1,0.0035907636655334585,1,-0.0035907636655334585,-0.09733246968747178,,,,0,-35.907636655334585,-0.003438607054241538,0.004224255374706054,-0.003438607054241538,0.30225052300490235
2024-11-21,fold_7,"Inflation bear, AI rally and 2025",-0.0015277599994657463,-1,0.001602834341612791,1,-0.001602834341612791,-0.09893530402908457,,,,0,-16.02834341612791,-0.009417416085756069,0.009381987682648862,-0.009417416085756069,0.1361859766994263
2024-11-22,fold_7,"Inflation bear, AI rally and 2025",-0.0032797257991522225,-1,0.0015803531512181834,1,-0.0015803531512181834,-0.10051565718030275,,,,0,-15.803531512181834,-0.004627104278001651,0.018608096384851613,-0.004627104278001651,0.13511581519797833
2024-11-25,fold_7,"Inflation bear, AI rally and 2025",-0.0044750300253832455,-1,0.005354873527114279,1,-0.005354873527114279,-0.10587053070741703,,,,0,-53.54873527114279,-0.007154058032420436,0.02008937645767883,-0.007154058032420436,0.457620211764222
2024-11-26,fold_7,"Inflation bear, AI rally and 2025",-0.005025719089569859,-1,-0.007904569310772658,-1,0.007904569310772658,-0.09796596139664437,,,,1,79.04569310772658,-0.00821202763157642,0.027021605970816154,-0.00821202763157642,-0.6833908702918953
2024-11-27,fold_7,"Inflation bear, AI rally and 2025",-0.00424777476493996,-1,0.008748495973476267,1,-0.008748495973476267,-0.10671445737012064,,,,0,-87.48495973476267,-0.010466896671940083,0.032151139622262015,-0.010466896671940083,0.7556567176370566
2024-11-29,fold_7,"Inflation bear, AI rally and 2025",-0.0028686480610374187,-1,0.010828943043815542,1,-0.010828943043815542,-0.11754340041393618,,,,0,-108.28943043815542,-0.008954340801262957,0.0323126948418464,-0.008954340801262957,1.055899376910174
2024-12-02,fold_7,"Inflation bear, AI rally and 2025",-0.001953796985275097,-1,0.0030616332240454014,1,-0.0030616332240454014,-0.12060503363798158,,,,0,-30.616332240454014,-0.00924139133048889,0.01366556045483236,-0.00924139133048889,0.29416382393420215
2024-12-03,fold_7,"Inflation bear, AI rally and 2025",-0.003528367254472843,-1,0.012287103040251601,1,-0.012287103040251601,-0.13289213667823319,,,,0,-122.87103040251601,-0.009806790854461504,0.007190646819948299,-0.009806790854461504,1.180318253081192
2024-12-04,fold_7,"Inflation bear, AI rally and 2025",-0.0045859366274354045,-1,-0.0027750356593267966,-1,0.0027750356593267966,-0.1301171010189064,,,,1,27.750356593267966,-0.008070146931594477,0.012647631886105515,-0.008070146931594477,-0.2671733985316268
2024-12-05,fold_7,"Inflation bear, AI rally and 2025",-0.004433713716441214,-1,0.008910051193060653,1,-0.008910051193060653,-0.13902715221196704,,,,0,-89.10051193060653,-0.012785394182261024,0.00894791104570647,-0.012785394182261024,1.0474948066388639
2024-12-06,fold_7,"Inflation bear, AI rally and 2025",-0.003594050917170864,-1,-0.0078181913431985,-1,0.0078181913431985,-0.13120896086876854,,,,1,78.181913431985,-0.007862324889414187,0.007663036875815266,-0.007862324889414187,-0.9763530416449152
2024-12-09,fold_7,"Inflation bear, AI rally and 2025",-0.006015976879423442,-1,-0.0034132804108386594,-1,0.0034132804108386594,-0.12779568045792988,,,,1,34.132804108386594,-0.008490100230745031,0.029779211678937934,-0.008490100230745031,-0.41666036610704454
2024-12-10,fold_7,"Inflation bear, AI rally and 2025",-0.003905564014351353,-1,0.017744088106408817,1,-0.017744088106408817,-0.1455397685643387,,,,0,-177.44088106408816,-0.008110402498479038,0.028778881577195214,-0.008110402498479038,2.1569583437642637
2024-12-11,fold_7,"Inflation bear, AI rally and 2025",-0.006957171609296362,-1,-0.006474756499725842,-1,0.006474756499725842,-0.13906501206461286,,,,1,64.74756499725842,-0.014644459181899012,-0.02570882411386144,-0.014644459181899012,-0.7096169509710132
2024-12-12,fold_7,"Inflation bear, AI rally and 2025",-0.0031139446601513043,-1,0.007625177023169449,1,-0.007625177023169449,-0.1466901890877823,,,,0,-76.2517702316945,-0.01602423740453326,-0.023697494403162267,-0.01602423740453326,0.8257751735954242
2024-12-13,fold_7,"Inflation bear, AI rally and 2025",-0.008327348288730886,-1,0.014297983459924168,1,-0.014297983459924168,-0.16098817254770648,,,,0,-142.97983459924168,-0.010552909640060552,-0.02262806929141359,-0.010552909640060552,1.5441146298969766
2024-12-16,fold_7,"Inflation bear, AI rally and 2025",-0.005763343563488016,-1,-0.0044136105125813785,-1,0.0044136105125813785,-0.1565745620351251,,,,1,44.136105125813785,-0.014318024275279145,-0.027230370074271093,-0.014318024275279145,-0.5396602766272658
2024-12-17,fold_7,"Inflation bear, AI rally and 2025",-0.004660698680434778,-1,-0.036743617584647836,-1,0.036743617584647836,-0.11983094445047726,,,,1,367.43617584647836,-0.011360161837260746,-0.00934807852021624,-0.011360161837260746,-4.541270883179465
2024-12-18,fold_7,"Inflation bear, AI rally and 2025",0.001560509924190541,1,-0.00446342678902667,-1,-0.00446342678902667,-0.12429437123950393,,,,0,-44.6342678902667,-0.001053346433419144,0.026716021832882575,-0.001053346433419144,-0.39053926853043847
2024-12-19,fold_7,"Inflation bear, AI rally and 2025",-0.0004688282029655705,-1,0.008694602134918128,1,-0.008694602134918128,-0.13298897337442206,,,,0,-86.94602134918128,0.003035797333664394,0.017797115431226196,0.003035797333664394,0.7579205871356646
2024-12-20,fold_7,"Inflation bear, AI rally and 2025",-0.005733150035040971,-1,0.009695682677066664,1,-0.009695682677066664,-0.14268465605148872,,,,0,-96.95682677066664,0.0005437526202113105,-0.004286686071983681,0.0005437526202113105,0.8352949709807537
2024-12-23,fold_7,"Inflation bear, AI rally and 2025",-0.0005312580242976335,-1,0.013468681041473474,1,-0.013468681041473474,-0.1561533370929622,,,,0,-134.68681041473474,-0.0028687906204156316,-0.022513281369029414,-0.0028687906204156316,1.1411439948871818
2024-12-24,fold_7,"Inflation bear, AI rally and 2025",-0.003106711406214853,-1,-0.0006795172315490206,-1,0.0006795172315490206,-0.15547381986141318,,,,1,6.7951723154902055,-0.003282724160988313,-0.03793996903285812,-0.003282724160988313,-0.05580862951838488
2024-12-26,fold_7,"Inflation bear, AI rally and 2025",-0.0006513793139541672,-1,-0.013382333190683049,-1,0.013382333190683049,-0.14209148667073013,,,,1,133.8233319068305,-0.002061235550411218,-0.021027650033920153,-0.002061235550411218,-1.104355311002339
2024-12-27,fold_7,"Inflation bear, AI rally and 2025",-0.0017947352954776567,-1,-0.013389199368291749,-1,0.013389199368291749,-0.12870228730243838,,,,1,133.89199368291747,-0.004313562225615443,0.0037819980445572554,-0.004313562225615443,-1.0836190505276386
2024-12-30,fold_7,"Inflation bear, AI rally and 2025",0.0008818015239316229,1,-0.00853091261997907,-1,-0.00853091261997907,-0.13723319992241745,,,,0,-85.3091261997907,0.00029543136914008403,-0.0008342231203437578,0.00029543136914008403,-0.6790967534261981
2024-12-31,fold_7,"Inflation bear, AI rally and 2025",-0.0013908577529030478,-1,-0.001958006622355235,-1,0.001958006622355235,-0.1352751933000622,,,,1,19.58006622355235,0.0018732792086805594,0.007871338073471179,0.0018732792086805594,-0.15697591873959477
2025-01-02,fold_7,"Inflation bear, AI rally and 2025",-0.0063654323887569865,-1,0.01623280176738895,1,-0.01623280176738895,-0.15150799506745116,,,,0,-162.3280176738895,-0.002044149903246444,-0.005975962957037062,-0.002044149903246444,1.302564693849145
2025-01-03,fold_7,"Inflation bear, AI rally and 2025",-0.007983818249227559,-1,0.01142731488779436,1,-0.01142731488779436,-0.16293530995524552,,,,0,-114.2731488779436,-0.011828791929338202,-0.025427701568168537,-0.011828791929338202,0.9007871628095191
2025-01-06,fold_7,"Inflation bear, AI rally and 2025",-0.005114989772751809,-1,-0.018005420533192762,-1,0.018005420533192762,-0.14492988942205276,,,,1,180.05420533192762,-0.005888092336818446,-0.03780487527167242,-0.005888092336818446,-1.3929812999224083
2025-01-07,fold_7,"Inflation bear, AI rally and 2025",-0.003220075295264906,-1,0.00017464857383586718,1,-0.00017464857383586718,-0.14510453799588863,,,,0,-1.7464857383586718,0.001398094947590838,0.0029459846728405736,0.001398094947590838,0.013042302412667819
2025-01-08,fold_7,"Inflation bear, AI rally and 2025",-0.004030748188858266,-1,-0.015805307652863476,-1,0.015805307652863476,-0.12929923034302515,,,,1,158.05307652863476,-0.007666197555628701,-0.004259203508242493,-0.007666197555628701,-1.1904829162064468
2025-01-10,fold_7,"Inflation bear, AI rally and 2025",-0.001937860447919442,-1,-0.003218936843742526,-1,0.003218936843742526,-0.12608029349928263,,,,1,32.18936843742526,0.001494074226849318,0.028283798813546035,0.001494074226849318,-0.23465888856546038
2025-01-13,fold_7,"Inflation bear, AI rally and 2025",-0.0003329901988941629,-1,-0.0009498588157095256,-1,0.0009498588157095256,-0.1251304346835731,,,,1,9.498588157095256,0.001496598532206049,0.037350565161607285,0.001496598532206049,-0.07222777190658458
2025-01-14,fold_7,"Inflation bear, AI rally and 2025",-0.005006377882513701,-1,0.022745439411320234,1,-0.022745439411320234,-0.14787587409489333,,,,0,-227.45439411320234,-0.002848069230018466,0.051005064893288043,-0.002848069230018466,1.7399232613692317
2025-01-15,fold_7,"Inflation bear, AI rally and 2025",-0.0044116820237223185,-1,-0.007030539607247199,-1,0.007030539607247199,-0.14084533448764613,,,,1,70.30539607247199,-0.010452332428710864,0.030383583096890376,-0.010452332428710864,-0.5049517597581288
2025-01-16,fold_7,"Inflation bear, AI rally and 2025",-0.005541147567005502,-1,0.01673769466892505,1,-0.01673769466892505,-0.15758302915657119,,,,0,-167.37694668925053,-0.005878874661085574,0.03174690636755084,-0.005878874661085574,1.2269209099107852
2025-01-17,fold_7,"Inflation bear, AI rally and 2025",-0.005440412721581612,-1,0.0058478295043187245,1,-0.0058478295043187245,-0.1634308586608899,,,,0,-58.478295043187245,-0.012538899609545429,-0.014537647276583243,-0.012538899609545429,0.4143973905147078
2025-01-21,fold_7,"Inflation bear, AI rally and 2025",-0.00858542469842967,-1,0.012704640915971233,1,-0.012704640915971233,-0.17613549957686114,,,,0,-127.04640915971233,-0.013977828208050092,-0.005713866978545923,-0.013977828208050092,1.100211193259038
2025-01-22,fold_7,"Inflation bear, AI rally and 2025",-0.0022962709597765312,-1,0.002123957614922567,1,-0.002123957614922567,-0.1782594571917837,,,,0,-21.23957614922567,-0.011710003781120595,-0.02029821278983235,-0.011710003781120595,0.1792397771662967
2025-01-23,fold_7,"Inflation bear, AI rally and 2025",-0.0032690678726387985,-1,-0.005667216336586733,-1,0.005667216336586733,-0.17259224085519698,,,,1,56.672163365867334,-0.014650338363662672,-0.01816884515826711,-0.014650338363662672,-0.4844238379339672
2025-01-24,fold_7,"Inflation bear, AI rally and 2025",-0.004722800798903117,-1,-0.029546858975209034,-1,0.029546858975209034,-0.14304538187998794,,,,1,295.46858975209034,-0.010859918709434882,-0.013955771303225895,-0.010859918709434882,-2.554659461653467
2025-01-27,fold_7,"Inflation bear, AI rally and 2025",-0.0027917212576778518,-1,0.014671609802356045,1,-0.014671609802356045,-0.157716991682344,,,,0,-146.71609802356045,-0.006543102211808604,0.007555878248952652,-0.006543102211808604,1.1307622690069064
2025-01-28,fold_7,"Inflation bear, AI rally and 2025",0.0004950675331440096,1,-0.001879704895315193,-1,-0.001879704895315193,-0.15959669657765918,,,,0,-18.79704895315193,-0.014408915841608562,0.005084701694082483,-0.014408915841608562,-0.14046057405372117
2025-01-29,fold_7,"Inflation bear, AI rally and 2025",-0.004051767958344991,-1,0.004253325246487805,1,-0.004253325246487805,-0.16385002182414699,,,,0,-42.533252464878046,-0.008742197591558008,0.01149213805857574,-0.008742197591558008,0.3259162506482828
2025-01-30,fold_7,"Inflation bear, AI rally and 2025",-0.0062152605901287005,-1,-0.0014541424815455173,-1,0.0014541424815455173,-0.16239587934260147,,,,1,14.541424815455173,-0.011310287763899739,0.012445033067854716,-0.011310287763899739,-0.11415912596668515
2025-01-31,fold_7,"Inflation bear, AI rally and 2025",-0.005703235147164836,-1,-0.008035209423030487,-1,0.008035209423030487,-0.15436066991957098,,,,1,80.35209423030487,-0.011877284234637929,0.0012055110833575355,-0.011877284234637929,-0.6377956415929221
2025-02-03,fold_7,"Inflation bear, AI rally and 2025",-0.002556403925809964,-1,0.012200433247485876,1,-0.012200433247485876,-0.16656110316705686,,,,0,-122.00433247485876,-0.007229091494439493,0.021273206752931095,-0.007229091494439493,0.9592780334475167
2025-02-04,fold_7,"Inflation bear, AI rally and 2025",-0.006129429520049406,-1,0.004527731469178065,1,-0.004527731469178065,-0.17108883463623492,,,,0,-45.277314691780646,-0.015467328322822788,0.006689184899988376,-0.015467328322822788,0.36248105051066565
2025-02-05,fold_7,"Inflation bear, AI rally and 2025",-0.004092742101784917,-1,0.00520622025576678,1,-0.00520622025576678,-0.1762950548920017,,,,0,-52.0622025576678,-0.01868297999244943,0.002748407996132407,-0.01868297999244943,0.424351776164534
2025-02-06,fold_7,"Inflation bear, AI rally and 2025",-0.0048106554182127,-1,-0.012693664466042698,-1,0.012693664466042698,-0.163601390425959,,,,1,126.93664466042698,-0.013418884487117796,0.011825453605784908,-0.013418884487117796,-1.0898155390432156
2025-02-07,fold_7,"Inflation bear, AI rally and 2025",-0.005412124918158717,-1,0.012032486246543073,1,-0.012032486246543073,-0.17563387667250208,,,,0,-120.32486246543073,-0.01166838353173175,0.028708896932672978,-0.01166838353173175,1.0036834697670374
2025-02-10,fold_7,"Inflation bear, AI rally and 2025",-0.005323315611256599,-1,-0.0023835886054568434,-1,0.0023835886054568434,-0.17325028806704523,,,,1,23.835886054568434,-0.010596521934396563,0.01894091945856058,-0.010596521934396563,-0.20256088020514224
2025-02-11,fold_7,"Inflation bear, AI rally and 2025",-0.005021528078527023,-1,0.0005869545653220953,1,-0.0005869545653220953,-0.17383724263236733,,,,0,-5.869545653220953,-0.006151994178549914,0.021602558004351735,-0.006151994178549914,0.04992246657520241
2025-02-12,fold_7,"Inflation bear, AI rally and 2025",-0.0032831638564541623,-1,0.014283265865419281,1,-0.014283265865419281,-0.1881205084977866,,,,0,-142.8326586541928,-0.007329786967821102,0.016762059346747904,-0.007329786967821102,1.2149625157575195
2025-02-13,fold_7,"Inflation bear, AI rally and 2025",-0.005098846932470087,-1,0.004189778860845372,1,-0.004189778860845372,-0.19231028735863198,,,,0,-41.89778860845372,-0.00791074982168817,-0.0184943512671758,-0.00791074982168817,0.3784886720745663
2025-02-14,fold_7,"Inflation bear, AI rally and 2025",-0.005319285135926687,-1,0.0022645087724306734,1,-0.0022645087724306734,-0.19457479613106266,,,,0,-22.645087724306734,-0.005944597730180886,-0.034558554654697815,-0.005944597730180886,0.20591048791693217
2025-02-18,fold_7,"Inflation bear, AI rally and 2025",-0.006220132214170086,-1,0.00027804994033431285,1,-0.00027804994033431285,-0.19485284607139697,,,,0,-2.7804994033431285,-0.008041048383939764,-0.04950238490893355,-0.008041048383939764,0.02685567236901609
2025-02-19,fold_7,"Inflation bear, AI rally and 2025",-0.004594101958998299,-1,-0.004253544092281736,-1,0.004253544092281736,-0.19059930197911523,,,,1,42.53544092281736,-0.004174446223637481,-0.04736772323148841,-0.004174446223637481,-0.4141406173823227
2025-02-20,fold_7,"Inflation bear, AI rally and 2025",-0.005968348332267278,-1,-0.020973144748504424,-1,0.020973144748504424,-0.1696261572306108,,,,1,209.73144748504424,-0.0046962938037066635,-0.07127832035676818,-0.0046962938037066635,-2.115124717352403
2025-02-21,fold_7,"Inflation bear, AI rally and 2025",-0.0013203479088755318,-1,-0.011874424526676641,-1,0.011874424526676641,-0.15775173270393417,,,,1,118.74424526676641,-0.0005094342812528418,-0.0346370677025849,-0.0005094342812528418,-1.083570530091159
2025-02-24,fold_7,"Inflation bear, AI rally and 2025",-0.002038677749630502,-1,-0.012679321481805061,-1,0.012679321481805061,-0.1450724112221291,,,,1,126.79321481805061,0.001349169575623683,-0.044888181571429264,0.001349169575623683,-1.1316524071712148
2025-02-25,fold_7,"Inflation bear, AI rally and 2025",-0.0026877463584531825,-1,0.0024127116177794505,1,-0.0024127116177794505,-0.14748512283990856,,,,0,-24.127116177794505,-0.0003142423053062314,-0.03523120371905186,-0.0003142423053062314,0.2544313760054517
2025-02-26,fold_7,"Inflation bear, AI rally and 2025",-0.0028790194585728048,-1,-0.0281641412175615,-1,0.0281641412175615,-0.11932098162234706,,,,1,281.641412175615,0.0031921732934861746,-0.024692064989325857,0.0031921732934861746,-3.1597074203238327
2025-02-27,fold_7,"Inflation bear, AI rally and 2025",-0.004098531412213548,-1,0.015668107905678852,1,-0.015668107905678852,-0.1349890895280259,,,,0,-156.68107905678852,0.0018711079766616356,-0.024422827891205756,0.0018711079766616356,1.436683933453293
2025-02-28,fold_7,"Inflation bear, AI rally and 2025",-0.0006941247008719704,-1,-0.022125538395521005,-1,0.022125538395521005,-0.1128635511325049,,,,1,221.25538395521005,-0.005035161726732568,-0.0327642432207389,-0.005035161726732568,-1.9382641638574425
2025-03-03,fold_7,"Inflation bear, AI rally and 2025",-0.0032169421558992444,-1,-0.0030223436294276596,-1,0.0030223436294276596,-0.10984120750307724,,,,1,30.223436294276596,-0.004861882733821459,-0.05016609689227458,-0.004861882733821459,-0.2430142505803539
2025-03-04,fold_7,"Inflation bear, AI rally and 2025",0.0027264625570866436,1,0.012951850347505456,1,0.012951850347505456,-0.09688935715557179,,,,1,129.51850347505456,-0.007964476146707391,-0.04953701129412025,-0.007964476146707391,1.0508624067943906
2025-03-05,fold_7,"Inflation bear, AI rally and 2025",-0.007966785579217378,-1,-0.0278949041194414,-1,0.0278949041194414,-0.06899445303613039,,,,1,278.949041194414,-0.0151210424299579,-0.051271248688082416,-0.0151210424299579,-2.2562760531011747
2025-03-06,fold_7,"Inflation bear, AI rally and 2025",0.0016213928784138236,1,0.00732669257614571,1,0.00732669257614571,-0.06166776045998468,,,,1,73.2669257614571,-0.0027519243480865494,-0.041530611084321656,-0.0027519243480865494,0.530514293447537
2025-03-07,fold_7,"Inflation bear, AI rally and 2025",-0.0013966522196928936,-1,-0.03952739206705669,-1,0.03952739206705669,-0.02214036839292799,,,,1,395.2739206705669,-0.007246734809145155,-0.02497439325635309,-0.007246734809145155,-2.8521982387636458
2025-03-10,fold_7,"Inflation bear, AI rally and 2025",0.0019192757054691885,1,-0.0023932580312733265,-1,-0.0023932580312733265,-0.024533626424201316,,,,0,-23.932580312733265,0.005456073246275081,0.021015793609070244,0.005456073246275081,-0.14782092154955517
2025-03-11,fold_7,"Inflation bear, AI rally and 2025",0.005026046795885633,1,0.011217612953543288,1,0.011217612953543288,-0.013316013470658028,,,,1,112.17612953543288,0.002323416341768335,0.006214738994938074,0.002323416341768335,0.7022379003606621
2025-03-12,fold_7,"Inflation bear, AI rally and 2025",-0.002100758563228599,-1,-0.01815426651568064,-1,0.01815426651568064,0.004838253045022611,,,,1,181.54266515680638,-0.009051613795632475,0.008289693346543281,-0.009051613795632475,-1.1233351275181127
2025-03-13,fold_7,"Inflation bear, AI rally and 2025",-0.0019405717299508856,-1,0.023882910404114277,1,-0.023882910404114277,-0.019044657359091666,,,,0,-238.82910404114278,-0.006253448895358036,0.02304867931447241,-0.006253448895358036,1.433327728065527
2025-03-14,fold_7,"Inflation bear, AI rally and 2025",-0.004368043396800035,-1,0.0064627947983666445,1,-0.0064627947983666445,-0.02550745215745831,,,,0,-64.62794798366644,-0.013462444408997673,0.0024570752614989644,-0.013462444408997673,0.3756676896084284
2025-03-17,fold_7,"Inflation bear, AI rally and 2025",-0.002832470669049837,-1,-0.017194312645405496,-1,0.017194312645405496,-0.008313139512052814,,,,1,171.94312645405495,-0.016607937221816253,0.01770132704646521,-0.016607937221816253,-0.997428633637089
2025-03-18,fold_7,"Inflation bear, AI rally and 2025",-0.004756828396628244,-1,0.013292567305148495,1,-0.013292567305148495,-0.02160570681720131,,,,0,-132.92567305148495,-0.014990891768941448,0.04058599127149254,-0.014990891768941448,0.7529097085664618
2025-03-19,fold_7,"Inflation bear, AI rally and 2025",-0.004377738716701364,-1,-0.0033952805477515113,-1,0.0033952805477515113,-0.018210426269449798,,,,1,33.95280547751511,-0.019109220995686304,0.008721356575592587,-0.019109220995686304,-0.189645777621097
2025-03-20,fold_7,"Inflation bear, AI rally and 2025",-0.004869472285871029,-1,0.0032913063511408325,1,-0.0032913063511408325,-0.02150173262059063,,,,0,-32.913063511408325,-0.023739862604345286,0.006402337311099515,-0.023739862604345286,0.18393242786491146
2025-03-21,fold_7,"Inflation bear, AI rally and 2025",-0.004135465899262094,-1,0.02170704658333289,1,-0.02170704658333289,-0.04320877920392352,,,,0,-217.0704658333289,-0.031755601549922456,-0.023569578725436635,-0.031755601549922456,1.2558823168990274
2025-03-24,fold_7,"Inflation bear, AI rally and 2025",-0.006668604143016717,-1,0.005690351579621833,1,-0.005690351579621833,-0.04889913078354535,,,,0,-56.90351579621833,-0.03536216577636237,-0.04531926231891781,-0.03536216577636237,0.32048442258407656
2025-03-25,fold_7,"Inflation bear, AI rally and 2025",-0.006726373535575879,-1,-0.018572067390751457,-1,0.018572067390751457,-0.030327063392793896,,,,1,185.72067390751457,-0.03747966608712537,-0.042980878875777506,-0.03747966608712537,-1.0568059807657881
2025-03-26,fold_7,"Inflation bear, AI rally and 2025",-0.010009442092892638,-1,-0.005714299812244583,-1,0.005714299812244583,-0.024612763580549313,,,,1,57.14299812244583,-0.03120131483764492,-0.01713682028590391,-0.03120131483764492,-0.3165865709902819
2025-03-27,fold_7,"Inflation bear, AI rally and 2025",-0.0035106747501320833,-1,-0.026680609685395318,-1,0.026680609685395318,0.002067846104846005,,,,1,266.8060968539532,-0.01659540399237848,-0.06644229107724886,-0.01659540399237848,-1.5728139846911706
2025-03-28,fold_7,"Inflation bear, AI rally and 2025",-0.00499413264716277,-1,-4.263701014828314e-05,-1,4.263701014828314e-05,0.002110483114994288,,,,1,0.4263701014828314,-0.006546852628222001,-0.10388311282884555,-0.006546852628222001,-0.002417402521640605
2025-03-31,fold_7,"Inflation bear, AI rally and 2025",-0.0043711638342172,-1,0.008028735022762135,1,-0.008028735022762135,-0.005918251907767846,,,,0,-80.28735022762135,-0.00565655806338756,-0.1014301061322751,-0.00565655806338756,0.4742472209972108
2025-04-01,fold_7,"Inflation bear, AI rally and 2025",8.534185671256575e-05,1,0.007271991199122141,1,0.007271991199122141,0.0013537392913542945,,,,1,72.71991199122141,-0.004694238633310861,-0.12763145516380536,-0.004694238633310861,0.42748922377433163
2025-04-02,fold_7,"Inflation bear, AI rally and 2025",-0.005944422111699601,-1,-0.055019770603589535,-1,0.055019770603589535,0.05637350989494383,,,,1,550.1977060358954,-0.014445489094614999,-0.021547359327674265,-0.014445489094614999,-3.2669603826950797
2025-04-03,fold_7,"Inflation bear, AI rally and 2025",0.003459737956655425,1,-0.064121431436992,-1,-0.064121431436992,-0.007747921542048175,,,,0,-641.2143143699201,0.00832460850477958,-0.009990752622872634,0.00832460850477958,-3.2218939204937738
2025-04-04,fold_7,"Inflation bear, AI rally and 2025",0.00897069489494798,1,0.0024103696864221646,1,0.0024103696864221646,-0.00533755185562601,,,,1,24.103696864221646,0.01621845521658995,0.07238619358652532,0.01621845521658995,0.09848710582561052
2025-04-07,fold_7,"Inflation bear, AI rally and 2025",0.01134894768917187,1,-0.01817261400876813,-1,-0.01817261400876813,-0.02351016586439414,,,,0,-181.7261400876813,0.015756122604410054,0.07673110600808375,0.015756122604410054,-0.796046233471477
2025-04-08,fold_7,"Inflation bear, AI rally and 2025",0.010446690405287323,1,0.11335608703525324,1,0.11335608703525324,0.0898459211708591,,,,1,1133.5608703525324,0.019630177461241998,0.09601788998295291,0.019630177461241998,4.889990120928103
2025-04-09,fold_7,"Inflation bear, AI rally and 2025",-0.00019756328308741093,-1,-0.043463163898787904,-1,0.043463163898787904,0.133309085069647,,,,1,434.63163898787906,-0.00654283091188374,-0.047955715464346405,-0.00654283091188374,-1.2687291452129743
2025-04-10,fold_7,"Inflation bear, AI rally and 2025",-0.0004080376204422117,-1,0.018255514772405945,1,-0.018255514772405945,0.11505357029724106,,,,0,-182.55514772405945,-0.00912628120973923,-0.004672687924919927,-0.00912628120973923,0.5160277596305618
2025-04-11,fold_7,"Inflation bear, AI rally and 2025",0.00311773572916001,1,0.006755282107980598,1,0.006755282107980598,0.12180885240522166,,,,1,67.55282107980598,-0.02085612302828095,-0.047986258978337304,-0.02085612302828095,0.19186220783259403
2025-04-14,fold_7,"Inflation bear, AI rally and 2025",-0.001845324438848793,-1,0.0011141699661010307,1,-0.0011141699661010307,0.12069468243912063,,,,0,-11.141699661010307,-0.029164581324529655,-0.028828177694340873,-0.029164581324529655,0.0316419716434806
2025-04-15,fold_7,"Inflation bear, AI rally and 2025",-0.003068842159037629,-1,-0.030617518412046074,-1,0.030617518412046074,0.1513122008511667,,,,1,306.17518412046076,-0.028545894397723762,-0.007517510976319919,-0.028545894397723762,-0.8747330783313502
2025-04-16,fold_7,"Inflation bear, AI rally and 2025",-0.009963241363841583,-1,-0.0001801363593614269,-1,0.0001801363593614269,0.15149233721052813,,,,1,1.8013635936142691,-0.0267792768696504,0.05084860808410063,-0.0267792768696504,-0.005068363389150477
2025-04-17,fold_7,"Inflation bear, AI rally and 2025",-0.005293692125361924,-1,-0.02505805628101143,-1,0.02505805628101143,0.17655039349153956,,,,1,250.58056281011432,-0.0372218122806838,0.06211496760070645,-0.0372218122806838,-0.7052004373844853
2025-04-21,fold_7,"Inflation bear, AI rally and 2025",-0.007726765425384427,-1,0.02591336339197703,1,-0.02591336339197703,0.15063703009956253,,,,0,-259.1336339197703,-0.030281778203874038,0.08685558741056099,-0.030281778203874038,0.720520723984611
2025-04-22,fold_7,"Inflation bear, AI rally and 2025",0.000745597497676433,1,0.022424836684121985,1,0.022424836684121985,0.17306186678368451,,,,1,224.24836684121985,-0.0420169557886291,0.06752496386331241,-0.0420169557886291,0.6211222406699431
2025-04-23,fold_7,"Inflation bear, AI rally and 2025",-0.008775134935845808,-1,0.027748600648374477,1,-0.027748600648374477,0.14531326613531004,,,,0,-277.48600648374475,-0.03792299973685846,0.04497391900744674,-0.03792299973685846,0.7617366307611424
2025-04-24,fold_7,"Inflation bear, AI rally and 2025",-0.006754364680003276,-1,0.01108622315724439,1,-0.01108622315724439,0.13422704297806565,,,,0,-110.8622315724439,-0.039211720775642306,0.030201456519768577,-0.039211720775642306,0.30192364164997343
2025-04-25,fold_7,"Inflation bear, AI rally and 2025",-0.008492354126921476,-1,-0.00031743647115689555,-1,0.00031743647115689555,0.13454447944922254,,,,1,3.1743647115689555,-0.030714950579731747,0.033850047842144626,-0.030714950579731747,-0.008630674926025761
2025-04-28,fold_7,"Inflation bear, AI rally and 2025",-0.0033126954867444837,-1,0.006582739844728458,1,-0.006582739844728458,0.12796173960449408,,,,0,-65.82739844728458,-0.025235022373197875,0.02821731174066766,-0.025235022373197875,0.18137760637662514
2025-04-29,fold_7,"Inflation bear, AI rally and 2025",-0.0039402536428146916,-1,-0.00012620817174369137,-1,0.00012620817174369137,0.12808794777623778,,,,1,1.2620817174369137,-0.029670912704041694,0.012289345578253119,-0.029670912704041694,-0.0034746220771629953
2025-04-30,fold_7,"Inflation bear, AI rally and 2025",0.0008702935246874648,1,0.012976138160696316,1,0.012976138160696316,0.1410640859369341,,,,1,129.76138160696314,-0.027961086191378232,0.016333759208190024,-0.027961086191378232,0.35768155522795286
2025-05-01,fold_7,"Inflation bear, AI rally and 2025",-0.0015010311159670978,-1,0.01473481447962044,1,-0.01473481447962044,0.12632927145731365,,,,0,-147.3481447962044,-0.029159111323707035,0.013629618389415121,-0.029159111323707035,0.40527054453153283
2025-05-02,fold_7,"Inflation bear, AI rally and 2025",-0.0012168004284288413,-1,-0.005950172572633861,-1,0.005950172572633861,0.1322794440299475,,,,1,59.501725726338606,-0.03403810647813188,-0.0017607435194806342,-0.03403810647813188,-0.17311363003944677
2025-05-05,fold_7,"Inflation bear, AI rally and 2025",-0.008373086098645654,-1,-0.009345226317686084,-1,0.009345226317686084,0.1416246703476336,,,,1,93.45226317686084,-0.028193764744221528,0.04412163687137749,-0.028193764744221528,-0.29888984103191907
2025-05-06,fold_7,"Inflation bear, AI rally and 2025",-0.003749953845583346,-1,0.0039182054581932135,1,-0.0039182054581932135,0.13770646488944038,,,,0,-39.182054581932135,-0.030475313802915925,0.06859263480551814,-0.030475313802915925,0.1250561344734105
2025-05-07,fold_7,"Inflation bear, AI rally and 2025",-0.004206142925316578,-1,0.010271997341921413,1,-0.010271997341921413,0.12743446754751897,,,,0,-102.71997341921413,-0.033160052881221806,0.07064971268336606,-0.033160052881221806,0.3305092844591725
2025-05-08,fold_7,"Inflation bear, AI rally and 2025",-0.00264572392438217,-1,-0.0006555474292753161,-1,0.0006555474292753161,0.1280900149767943,,,,1,6.555474292753161,-0.035496492769246234,0.06147606786415594,-0.035496492769246234,-0.036156972066067466
2025-05-09,fold_7,"Inflation bear, AI rally and 2025",-0.005295827050985008,-1,0.03993220781822426,1,-0.03993220781822426,0.08815780715857002,,,,0,-399.32207818224265,-0.03804703220569647,0.06647442850901175,-0.03804703220569647,2.6088471223946046
2025-05-12,fold_7,"Inflation bear, AI rally and 2025",-0.004097959861503739,-1,0.015125771616454564,1,-0.015125771616454564,0.07303203554211546,,,,0,-151.25771616454563,-0.03496278831327272,0.02750068755582813,-0.03496278831327272,0.8771644078400747
2025-05-13,fold_7,"Inflation bear, AI rally and 2025",-0.010407962669657666,-1,0.005975283336041137,1,-0.005975283336041137,0.06705675220607432,,,,0,-59.75283336041137,-0.036013228354843774,0.009036059469106128,-0.036013228354843774,0.34129920720393586
2025-05-14,fold_7,"Inflation bear, AI rally and 2025",-0.010476090853372673,-1,0.0010983525227112878,1,-0.0010983525227112878,0.06595839968336303,,,,0,-10.983525227112878,-0.03317380917761946,-0.010933410471203331,-0.03317380917761946,0.06256064208819194
2025-05-15,fold_7,"Inflation bear, AI rally and 2025",-0.0058808887030606105,-1,0.004342813215580499,1,-0.004342813215580499,0.061615586467782535,,,,0,-43.42813215580499,-0.03171219676319139,-0.010162297289898703,-0.03171219676319139,0.26859577139762664
2025-05-16,fold_7,"Inflation bear, AI rally and 2025",-0.003271822034271786,-1,0.0009584668650406414,1,-0.0009584668650406414,0.060657119602741894,,,,0,-9.584668650406414,-0.040853395315852345,-0.023808998017036842,-0.040853395315852345,0.059173135968984825
2025-05-19,fold_7,"Inflation bear, AI rally and 2025",0.0018816293508921085,1,-0.0033388564702674373,-1,-0.0033388564702674373,0.057318263132474456,,,,0,-33.38856470267437,-0.03890820528404381,-0.001514761213318394,-0.03890820528404381,-0.21967344676553358
2025-05-20,fold_7,"Inflation bear, AI rally and 2025",-0.003253650693378586,-1,-0.013994186604268322,-1,0.013994186604268322,0.07131244973674278,,,,1,139.94186604268322,-0.04397078860576215,-0.002617579137516479,-0.04397078860576215,-0.9945301163410145
2025-05-21,fold_7,"Inflation bear, AI rally and 2025",-0.01011696562581207,-1,0.0018694657040159157,1,-0.0018694657040159157,0.06944298403272686,,,,0,-18.694657040159157,-0.036642815710519784,0.01334031592908591,-0.036642815710519784,0.13832889935319634
2025-05-22,fold_7,"Inflation bear, AI rally and 2025",-0.010359031073881765,-1,-0.00930388751155764,-1,0.00930388751155764,0.0787468715442845,,,,1,93.0388751155764,-0.03591669164679642,0.009892607146643861,-0.03591669164679642,-0.774461020632546
2025-05-23,fold_7,"Inflation bear, AI rally and 2025",-0.014037153516364758,-1,0.02325270366875909,1,-0.02325270366875909,0.05549416787552541,,,,0,-232.5270366875909,-0.030406677858787486,0.02706350495053833,-0.030406677858787486,1.9478699600537477
2025-05-27,fold_7,"Inflation bear, AI rally and 2025",-0.010089530402920106,-1,-0.004441674394465522,-1,0.004441674394465522,0.059935842269990935,,,,1,44.416743944655224,-0.031597227579318564,0.01159744604509072,-0.031597227579318564,-0.34112939391963787
2025-05-28,fold_7,"Inflation bear, AI rally and 2025",-0.012315931604193964,-1,0.0019637084623340684,1,-0.0019637084623340684,0.05797213380765687,,,,0,-19.637084623340684,-0.02226425871306625,0.018823091226867206,-0.02226425871306625,0.15134440968446183
2025-05-29,fold_7,"Inflation bear, AI rally and 2025",-0.006678508646489252,-1,-0.0015782430784261336,-1,0.0015782430784261336,0.059550376886083,,,,1,15.782430784261336,-0.026439399801199578,0.00930403426166837,-0.026439399801199578,-0.12156701262634625
2025-05-30,fold_7,"Inflation bear, AI rally and 2025",-0.009332813599613422,-1,0.007867010292336829,1,-0.007867010292336829,0.05168336659374617,,,,0,-78.67010292336829,-0.02534305705960111,0.02061014172335618,-0.02534305705960111,0.62145509353276
2025-06-02,fold_7,"Inflation bear, AI rally and 2025",-0.008598334811240047,-1,0.007786644763311479,1,-0.007786644763311479,0.04389672183043469,,,,0,-77.86644763311479,-0.030798300781494717,0.014214089757867754,-0.030798300781494717,0.630565866011398
2025-06-03,fold_7,"Inflation bear, AI rally and 2025",-0.00673876138909801,-1,0.002783970787310963,1,-0.002783970787310963,0.04111275104312373,,,,0,-27.83970787310963,-0.02518441967498278,0.013019595393144456,-0.02518441967498278,0.22452047709836354
2025-06-04,fold_7,"Inflation bear, AI rally and 2025",-0.007008155197935561,-1,-0.007555348502864767,-1,0.007555348502864767,0.0486680995459885,,,,1,75.55348502864767,-0.025074203500599992,0.006860374827387439,-0.025074203500599992,-0.617361654631516
2025-06-05,fold_7,"Inflation bear, AI rally and 2025",-0.002917082442306607,-1,0.009727864383261675,1,-0.009727864383261675,0.03894023516272682,,,,0,-97.27864383261675,-0.02188631313461342,0.016760861318029008,-0.02188631313461342,0.7894022209341992
2025-06-06,fold_7,"Inflation bear, AI rally and 2025",-0.006756065995826308,-1,0.0014709583268484039,1,-0.0014709583268484039,0.03746927683587842,,,,0,-14.709583268484039,-0.024380994079603143,-0.00560140443745194,-0.024380994079603143,0.11958058444466334
2025-06-09,fold_7,"Inflation bear, AI rally and 2025",-0.006690018320378989,-1,0.006592150398588181,1,-0.006592150398588181,0.030877126437290237,,,,0,-65.92150398588181,-0.016357609510105595,0.006741731603065126,-0.016357609510105595,0.5357510440066177
2025-06-10,fold_7,"Inflation bear, AI rally and 2025",-0.007452393767887415,-1,-0.0033752497784460544,-1,0.0033752497784460544,0.03425237621573629,,,,1,33.752497784460544,-0.02399775293673078,-0.009649480717110137,-0.02399775293673078,-0.3927775601112056
2025-06-11,fold_7,"Inflation bear, AI rally and 2025",-0.006235574951514896,-1,0.002345137987776802,1,-0.002345137987776802,0.03190723822795949,,,,0,-23.45137987776802,-0.022737267559690206,-0.006444414974328794,-0.022737267559690206,0.2955188983284086
2025-06-12,fold_7,"Inflation bear, AI rally and 2025",-0.0061715101704013665,-1,-0.012634401372219273,-1,0.012634401372219273,0.04454163960017876,,,,1,126.34401372219273,-0.03296298863510913,-0.012881053024920597,-0.03296298863510913,-1.6115450914958678
2025-06-13,fold_7,"Inflation bear, AI rally and 2025",-0.0014281115959820213,-1,0.01381409436736547,1,-0.01381409436736547,0.03072754523281329,,,,0,-138.1409436736547,-0.018548393187206965,0.00998326054185128,-0.018548393187206965,1.658394163013713
2025-06-16,fold_7,"Inflation bear, AI rally and 2025",-0.008709832839288808,-1,-0.009799061921587082,-1,0.009799061921587082,0.040526607154400374,,,,1,97.99061921587082,-0.019211801997877677,0.011345419486257668,-0.019211801997877677,-1.109638710114522
2025-06-17,fold_7,"Inflation bear, AI rally and 2025",-0.013079061161765871,-1,-0.00017018403566471108,-1,0.00017018403566471108,0.040696791190065085,,,,1,1.7018403566471108,-0.01659366048185613,0.023697671438393186,-0.01659366048185613,-0.018709541966715384
2025-06-18,fold_7,"Inflation bear, AI rally and 2025",-0.00965419454225149,-1,-0.004091500062815001,-1,0.004091500062815001,0.044788291252880086,,,,1,40.91500062815001,-0.016081483820478325,0.03317465891293114,-0.016081483820478325,-0.45132657086905426
2025-06-20,fold_7,"Inflation bear, AI rally and 2025",-0.012267109215197034,-1,0.010229912194552604,1,-0.010229912194552604,0.03455837905832748,,,,0,-102.29912194552604,-0.009473263235631363,0.040683982733039414,-0.009473263235631363,1.1954519155541303
2025-06-23,fold_7,"Inflation bear, AI rally and 2025",-0.002562033186531789,-1,0.015176253311771859,1,-0.015176253311771859,0.019382125746555623,,,,0,-151.7625331177186,-0.008697077149667143,0.03691010881302059,-0.008697077149667143,1.7152282168837871
2025-06-24,fold_7,"Inflation bear, AI rally and 2025",-0.002130745474877539,-1,0.0025531900305484356,1,-0.0025531900305484356,0.016828935716007187,,,,0,-25.531900305484356,-0.021494931758369747,0.01326880036921363,-0.021494931758369747,0.2761633476020483
2025-06-25,fold_7,"Inflation bear, AI rally and 2025",-0.0013589329089096383,-1,0.009306803438873246,1,-0.009306803438873246,0.007522132277133942,,,,0,-93.06803438873246,-0.02221878660011492,0.017656844432325514,-0.02221878660011492,1.2140570495435146
2025-06-26,fold_7,"Inflation bear, AI rally and 2025",-0.002650582322098125,-1,0.00341782375729327,1,-0.00341782375729327,0.0041043085198406715,,,,0,-34.1782375729327,-0.034024260127872546,0.018142199807837045,-0.034024260127872546,0.4336796183005765
2025-06-27,fold_7,"Inflation bear, AI rally and 2025",-0.006444404750929609,-1,0.006456038274533782,1,-0.006456038274533782,-0.0023517297546931104,,,,0,-64.56038274533782,-0.02639382245259859,0.007162868866063654,-0.02639382245259859,0.8166233479195625
2025-06-30,fold_7,"Inflation bear, AI rally and 2025",-0.00806316088253665,-1,-0.008465055132035104,-1,0.008465055132035104,0.006113325377341994,,,,1,84.65055132035104,-0.01804957570306663,0.0012683198029952436,-0.01804957570306663,-1.0543437575637744
2025-07-01,fold_7,"Inflation bear, AI rally and 2025",-0.012700636736209813,-1,0.00694123409366032,1,-0.00694123409366032,-0.0008279087163183263,,,,0,-69.4123409366032,-0.012359746568672886,0.0167872496718644,-0.012359746568672886,0.8612915520447721
2025-07-02,fold_7,"Inflation bear, AI rally and 2025",-0.011576810793521469,-1,0.009792158814384777,1,-0.009792158814384777,-0.010620067530703103,,,,0,-97.92158814384777,-0.013440497159295992,0.008406856385844819,-0.013440497159295992,1.2209093004921368
2025-07-03,fold_7,"Inflation bear, AI rally and 2025",-0.005197327139251143,-1,-0.007561507184480121,-1,0.007561507184480121,-0.0030585603462229827,,,,1,75.61507184480121,-0.01722245890409964,-0.003638129475653784,-0.01722245890409964,-0.912062731944434
2025-07-07,fold_7,"Inflation bear, AI rally and 2025",-0.0006132814499433352,-1,0.0005614892114653713,1,-0.0005614892114653713,-0.003620049557688354,,,,0,-5.614892114653713,-0.013316856961456389,0.00754355428528708,-0.013316856961456389,0.06772407021490523
2025-07-08,fold_7,"Inflation bear, AI rally and 2025",-0.0027358800053777516,-1,0.007053874736834054,1,-0.007053874736834054,-0.010673924294522408,,,,0,-70.53874736834054,-0.014885396543374715,0.007898572727732756,-0.014885396543374715,0.8815816587750563
2025-07-09,fold_7,"Inflation bear, AI rally and 2025",-0.006364673272001177,-1,-0.0014391591923592628,-1,0.0014391591923592628,-0.009234765102163145,,,,1,14.391591923592628,-0.01898267504552966,0.0018679917594290885,-0.01898267504552966,-0.17661141588879875
2025-07-10,fold_7,"Inflation bear, AI rally and 2025",-0.004355186271662324,-1,-0.0022528270471138256,-1,0.0022528270471138256,-0.006981938055049319,,,,1,22.528270471138256,-0.017564764718480157,0.011367371491564526,-0.017564764718480157,-0.2808745383451295
2025-07-11,fold_7,"Inflation bear, AI rally and 2025",-0.005399440447211607,-1,0.003620176576460743,1,-0.003620176576460743,-0.010602114631510062,,,,0,-36.20176576460743,-0.021128636265251168,0.012658499765360709,-0.021128636265251168,0.4524629565912329
2025-07-14,fold_7,"Inflation bear, AI rally and 2025",-0.006502085025902562,-1,0.0009165076539110473,1,-0.0009165076539110473,-0.01151862228542111,,,,0,-9.165076539110473,-0.02084523784581926,0.014209684882861673,-0.02084523784581926,0.11420975350014795
2025-07-15,fold_7,"Inflation bear, AI rally and 2025",-0.00636920732167248,-1,0.0010232937685303867,1,-0.0010232937685303867,-0.012541916053951496,,,,0,-10.232937685303867,-0.01673767956545115,0.008103914698419423,-0.01673767956545115,0.13618806482870882
2025-07-16,fold_7,"Inflation bear, AI rally and 2025",-0.005966637797874367,-1,0.008060220539776175,1,-0.008060220539776175,-0.02060213659372767,,,,0,-80.60220539776175,-0.012593099800966623,0.011631511206466882,-0.012593099800966623,1.1760979880152769
2025-07-17,fold_7,"Inflation bear, AI rally and 2025",-0.007783036082926341,-1,-0.000961698773317643,-1,0.000961698773317643,-0.01964043782041003,,,,1,9.61698773317643,-0.02226353744985127,0.005697506865623758,-0.02226353744985127,-0.14270382450815308
2025-07-18,fold_7,"Inflation bear, AI rally and 2025",-0.0068740742814495034,-1,0.005171361693961707,1,-0.005171361693961707,-0.024811799514371735,,,,0,-51.71361693961707,-0.018747835210459942,0.009063371069378157,-0.018747835210459942,0.7669859185624802
2025-07-21,fold_7,"Inflation bear, AI rally and 2025",-0.007712459596069112,-1,-0.005189262530531202,-1,0.005189262530531202,-0.019622536983840533,,,,1,51.89262530531202,-0.024362903078670534,0.007012150864176725,-0.024362903078670534,-0.7654419130645659
2025-07-22,fold_7,"Inflation bear, AI rally and 2025",-0.005205370650264294,-1,0.004550890276577846,1,-0.004550890276577846,-0.02417342726041838,,,,0,-45.50890276577846,-0.023931284184964506,0.01065136127027877,-0.023931284184964506,0.7015949302939439
2025-07-23,fold_7,"Inflation bear, AI rally and 2025",-0.003139541675216147,-1,0.002126216198933051,1,-0.002126216198933051,-0.02629964345935143,,,,0,-21.262161989330508,-0.021141953166334455,0.007439480088671679,-0.021141953166334455,0.37827171020139594
2025-07-24,fold_7,"Inflation bear, AI rally and 2025",-0.004094973042092707,-1,0.0024041654304367555,1,-0.0024041654304367555,-0.028703808889788185,,,,0,-24.041654304367555,-0.024205298282669974,0.0,-0.024205298282669974,0.4283990359534204
2025-07-25,fold_7,"Inflation bear, AI rally and 2025",-0.004491447098131421,-1,0.003120141488760275,1,-0.003120141488760275,-0.03182395037854846,,,,0,-31.201414887602752,-0.017623484277532988,-0.02229961404876768,-0.017623484277532988,0.595502653685041
2025-07-28,fold_7,"Inflation bear, AI rally and 2025",-0.005178174679297613,-1,-0.0015500521244291576,-1,0.0015500521244291576,-0.030273898254119302,,,,1,15.500521244291576,-0.018776372490412634,-0.007136274040788315,-0.018776372490412634,-0.2963649319322456
2025-07-29,fold_7,"Inflation bear, AI rally and 2025",-0.007072952687424888,-1,0.0013390090949707556,1,-0.0013390090949707556,-0.03161290734909006,,,,0,-13.390090949707556,-0.01823399178864794,-0.012398889410138558,-0.01823399178864794,0.26573052952608295
2025-07-30,fold_7,"Inflation bear, AI rally and 2025",-0.005241380011458914,-1,-0.005313263889738629,-1,0.005313263889738629,-0.02629964345935143,,,,1,53.132638897386286,-0.015791121200835867,-0.0012331786471282413,-0.015791121200835867,-1.1354257306530724
2025-07-31,fold_7,"Inflation bear, AI rally and 2025",-0.005164810493621155,-1,-0.019895448618330924,-1,0.019895448618330924,-0.006404194841020505,,,,1,198.95448618330926,-0.009417660905413622,0.007458714670559807,-0.009417660905413622,-4.351860117887104
2025-08-01,fold_7,"Inflation bear, AI rally and 2025",-0.002526130656885481,-1,0.01828348149673964,1,-0.01828348149673964,-0.024687676337760145,,,,0,-182.8348149673964,-0.0006422543020636906,0.03663913027676102,-0.0006422543020636906,3.051587052731937
2025-08-04,fold_7,"Inflation bear, AI rally and 2025",-0.0059338959223461905,-1,-0.006812667493779401,-1,0.006812667493779401,-0.017875008843980744,,,,1,68.12667493779401,-0.009761746825037384,0.015392292899362836,-0.009761746825037384,-0.9658439511808814
2025-08-05,fold_7,"Inflation bear, AI rally and 2025",-0.0020931104586444605,-1,0.012504719857981073,1,-0.012504719857981073,-0.030379728701961817,,,,0,-125.04719857981073,-0.0027376672329562594,0.03469542990259278,-0.0027376672329562594,1.7331264565623796
2025-08-06,fold_7,"Inflation bear, AI rally and 2025",-0.00324422856442503,-1,0.00337862942794942,1,-0.00337862942794942,-0.03375835812991124,,,,0,-33.7862942794942,-0.012389323709286176,0.022690670538613844,-0.012389323709286176,0.44599293756289404
2025-08-07,fold_7,"Inflation bear, AI rally and 2025",-0.006435360296772084,-1,0.009284966987870291,1,-0.009284966987870291,-0.04304332511778153,,,,0,-92.84966987870291,-0.010141651134180736,0.01853628266654006,-0.010141651134180736,1.2206949690026645
2025-08-08,fold_7,"Inflation bear, AI rally and 2025",-0.003125971895987041,-1,-0.002963355880658547,-1,0.002963355880658547,-0.04007996923712298,,,,1,29.63355880658547,-0.014915871278173294,0.004844301124698802,-0.014915871278173294,-0.3766124078785977
2025-08-11,fold_7,"Inflation bear, AI rally and 2025",-0.008282059876709274,-1,0.012490469509450541,1,-0.012490469509450541,-0.05257043874657352,,,,0,-124.90469509450541,-0.016384284990037228,0.007409026861347812,-0.016384284990037228,1.5901907501999453
2025-08-12,fold_7,"Inflation bear, AI rally and 2025",-0.004395373949771424,-1,0.0004999604940021385,1,-0.0004999604940021385,-0.05307039924057566,,,,0,-4.999604940021385,-0.0166495194837455,-0.01874180702043038,-0.0166495194837455,0.059990749109096714
2025-08-13,fold_7,"Inflation bear, AI rally and 2025",-0.008249472501973023,-1,-0.0007757584441243637,-1,0.0007757584441243637,-0.0522946407964513,,,,1,7.757584441243637,-0.012473820681620142,-0.025196890093609703,-0.012473820681620142,-0.09311073597075677
2025-08-14,fold_7,"Inflation bear, AI rally and 2025",-0.0073341185778007,-1,-0.004407014553970967,-1,0.004407014553970967,-0.04788762624248033,,,,1,44.07014553970967,-0.005828230443951173,-0.02906153688520252,-0.005828230443951173,-0.5416591906536531
2025-08-15,fold_7,"Inflation bear, AI rally and 2025",-0.007093758415931062,-1,-0.00039863014400953745,-1,0.00039863014400953745,-0.04748899609847079,,,,1,3.9863014400953745,-0.008978335085047508,-0.009344954751195012,-0.008978335085047508,-0.04865628722997111
2025-08-18,fold_7,"Inflation bear, AI rally and 2025",-0.006918639190015805,-1,-0.013660364372327649,-1,0.013660364372327649,-0.033828631726143144,,,,1,136.6036437232765,-0.008538679327342076,-0.011835196925131797,-0.008538679327342076,-1.68412534415897
2025-08-19,fold_7,"Inflation bear, AI rally and 2025",-0.0048319757129104655,-1,-0.005955122579177186,-1,0.005955122579177186,-0.027873509146965958,,,,1,59.551225791771856,-0.0012429318245724746,0.005832357440525016,-0.0012429318245724746,-0.6933178700891818
2025-08-20,fold_7,"Inflation bear, AI rally and 2025",-0.004161651436335392,-1,-0.004640405235717182,-1,0.004640405235717182,-0.023233103911248776,,,,1,46.40405235717182,-0.003913779147710472,0.013323167680577619,-0.003913779147710472,-0.5375727616004295
2025-08-21,fold_7,"Inflation bear, AI rally and 2025",-0.0009840763532982515,-1,0.015309567580036543,1,-0.015309567580036543,-0.03854267149128532,,,,0,-153.09567580036543,0.0005633300561004831,0.024203982160979187,0.0005633300561004831,1.7635160886517867
2025-08-22,fold_7,"Inflation bear, AI rally and 2025",-0.007536908925089942,-1,-0.0028888723179463227,-1,0.0028888723179463227,-0.035653799173338996,,,,1,28.888723179463227,-0.008488850314607655,-0.002748488780655478,-0.008488850314607655,-0.31008575290815854
2025-08-25,fold_7,"Inflation bear, AI rally and 2025",-0.0034989083786048127,-1,0.004007189993329163,1,-0.004007189993329163,-0.03966098916666816,,,,0,-40.07189993329163,-0.007608027526944873,-0.008275248439560734,-0.007608027526944873,0.43029600122841694
2025-08-26,fold_7,"Inflation bear, AI rally and 2025",-0.004692178440630962,-1,0.0015356876608754177,1,-0.0015356876608754177,-0.04119667682754358,,,,0,-15.356876608754177,-0.011945542026087396,-0.004445652921899246,-0.011945542026087396,0.16425835506509845
2025-08-27,fold_7,"Inflation bear, AI rally and 2025",-0.0055268936948711204,-1,0.006240409244684386,1,-0.006240409244684386,-0.04743708607222796,,,,0,-62.40409244684386,-0.013580783338616332,0.0030293870931128453,-0.013580783338616332,0.667371148535967
2025-08-28,fold_7,"Inflation bear, AI rally and 2025",-0.006730282270914271,-1,-0.011642903361598123,-1,0.011642903361598123,-0.03579418271062984,,,,1,116.42903361598123,-0.010354158886767625,-0.0017690984318106118,-0.010354158886767625,-1.241336584782596
2025-08-29,fold_7,"Inflation bear, AI rally and 2025",-0.007133230724729189,-1,-0.008415631976851579,-1,0.008415631976851579,-0.027378550733778262,,,,1,84.15631976851579,-0.007923084861019777,0.014739939859127915,-0.007923084861019777,-0.9720242852407744
2025-09-02,fold_7,"Inflation bear, AI rally and 2025",-0.0021474243940774714,-1,0.007836785510990651,1,-0.007836785510990651,-0.03521533624476891,,,,0,-78.36785510990651,-0.0031313352567593706,0.02598463431517395,-0.0031313352567593706,0.9970023351283237
2025-09-03,fold_7,"Inflation bear, AI rally and 2025",-0.00501269703045855,-1,0.009010727675887509,1,-0.009010727675887509,-0.04422606392065642,,,,0,-90.10727675887509,-0.00466247034164249,0.01847504685176382,-0.00466247034164249,1.1394559757618208
2025-09-04,fold_7,"Inflation bear, AI rally and 2025",-0.003714453930467999,-1,0.0014419237197609291,1,-0.0014419237197609291,-0.04566798764041735,,,,0,-14.419237197609291,-0.0026568221224955784,0.015268106287608774,-0.0026568221224955784,0.18807909607239273
2025-09-05,fold_7,"Inflation bear, AI rally and 2025",-0.004126743524868042,-1,0.004866134929340404,1,-0.004866134929340404,-0.050534122569757756,,,,0,-48.661349293404044,-0.010570552998907239,0.01823362262249706,-0.010570552998907239,0.6372558726449794
2025-09-08,fold_7,"Inflation bear, AI rally and 2025",-0.005742083606102996,-1,0.002829062479194455,1,-0.002829062479194455,-0.05336318504895221,,,,0,-28.290624791944552,-0.005649104791016466,0.021887957836229432,-0.005649104791016466,0.38083729456508125
2025-09-09,fold_7,"Inflation bear, AI rally and 2025",-0.005320967915067815,-1,0.0003271980475805236,1,-0.0003271980475805236,-0.053690383096532734,,,,0,-3.271980475805236,-0.008639980839018456,0.01821345499251592,-0.008639980839018456,0.04406164831320266
2025-09-10,fold_7,"Inflation bear, AI rally and 2025",-0.006099309019551585,-1,0.005803787111732461,1,-0.005803787111732461,-0.059494170208265196,,,,0,-58.03787111732461,-0.009194926022895308,0.015888420084326782,-0.009194926022895308,0.8434438852361171
2025-09-11,fold_7,"Inflation bear, AI rally and 2025",-0.00648995980955087,-1,0.004407440054649214,1,-0.004407440054649214,-0.06390161026291441,,,,0,-44.07440054649214,-0.009305219751781025,0.019061127523203325,-0.009305219751781025,0.6295015227957373
2025-09-12,fold_7,"Inflation bear, AI rally and 2025",-0.006384303572257863,-1,0.008520470143072778,1,-0.008520470143072778,-0.07242208040598719,,,,0,-85.20470143072778,-0.005606102537047719,0.021400217427702373,-0.005606102537047719,1.2054363075401078
2025-09-15,fold_7,"Inflation bear, AI rally and 2025",-0.0044992810703300195,-1,-0.0008454403645190567,-1,0.0008454403645190567,-0.07157664004146813,,,,1,8.454403645190567,-0.009029554349629454,0.01878230734178654,-0.009029554349629454,-0.11654796916406615
2025-09-16,fold_7,"Inflation bear, AI rally and 2025",-0.005552638304280469,-1,-0.001997836860608615,-1,0.001997836860608615,-0.06957880318085952,,,,1,19.97836860608615,-0.00998800998059286,0.012963303028248774,-0.00998800998059286,-0.2753385942654289
2025-09-17,fold_7,"Inflation bear, AI rally and 2025",-0.006319372411960204,-1,0.008976494550609004,1,-0.008976494550609004,-0.07855529773146852,,,,0,-89.76494550609004,-0.00627564623829965,0.011444417041044375,-0.00627564623829965,1.3607346414331145
2025-09-18,fold_7,"Inflation bear, AI rally and 2025",-0.005680515796588805,-1,0.006746529959148262,1,-0.006746529959148262,-0.08530182769061678,,,,0,-67.46529959148262,-0.008210103011705472,-0.0018526789645614272,-0.008210103011705472,0.9971799293033602
2025-09-19,fold_7,"Inflation bear, AI rally and 2025",-0.0019140978292994599,-1,0.005902560057156947,1,-0.005902560057156947,-0.09120438774777373,,,,0,-59.02560057156947,-0.006011237921203472,-0.004496766750389902,-0.006011237921203472,0.8612280707817476
2025-09-22,fold_7,"Inflation bear, AI rally and 2025",-0.0047500465124841445,-1,-0.0066644446780568245,-1,0.0066644446780568245,-0.0845399430697169,,,,1,66.64444678056825,0.0013416494638720936,-0.005778889098200679,0.0013416494638720936,-1.095695263592265
2025-09-23,fold_7,"Inflation bear, AI rally and 2025",-0.003532878993281097,-1,-0.003516722847813014,-1,0.003516722847813014,-0.08102322022190389,,,,1,35.16722847813014,-0.0008215105154266329,0.003621004288037355,-0.0008215105154266329,-0.5645837122021672
2025-09-24,fold_7,"Inflation bear, AI rally and 2025",-0.004738843181460637,-1,-0.0043206014549967975,-1,0.0043206014549967975,-0.0767026187669071,,,,1,43.206014549967975,0.0028815923617220257,0.01192321266028884,0.0028815923617220257,-0.6952956867216374
2025-09-25,fold_7,"Inflation bear, AI rally and 2025",-0.005155221910224582,-1,0.004102442173319787,1,-0.004102442173319787,-0.08080506094022688,,,,0,-41.02442173319787,0.003337694538749346,0.02034645882862751,0.003337694538749346,0.6533257981723073
2025-09-26,fold_7,"Inflation bear, AI rally and 2025",-0.004121367478293862,-1,0.00462043770934617,1,-0.00462043770934617,-0.08542549864957305,,,,0,-46.2043770934617,-0.002657200444213214,0.012025424649669603,-0.002657200444213214,0.746356600807675
2025-09-29,fold_7,"Inflation bear, AI rally and 2025",-0.004930698723235178,-1,0.0027354487081812096,1,-0.0027354487081812096,-0.08816094735775426,,,,0,-27.354487081812096,-0.002767969715775297,0.014887053800136663,-0.002767969715775297,0.4789916015347059
2025-09-30,fold_7,"Inflation bear, AI rally and 2025",-0.004585706695028972,-1,0.004785485524438471,1,-0.004785485524438471,-0.09294643288219273,,,,0,-47.85485524438471,-0.0034725491820304455,0.006872063214129476,-0.0034725491820304455,0.881875034282518
2025-10-01,fold_7,"Inflation bear, AI rally and 2025",-0.005689467091197559,-1,0.004102644713341874,1,-0.004102644713341874,-0.0970490775955346,,,,0,-41.02644713341874,-0.00349678353976328,0.01348517390720172,-0.00349678353976328,0.7820441076156708
2025-10-02,fold_7,"Inflation bear, AI rally and 2025",-0.004658066850110415,-1,-0.004218592005638122,-1,0.004218592005638122,-0.09283048558989648,,,,1,42.18592005638122,-0.0016266550975121532,0.008171569607612561,-0.0016266550975121532,-0.8557317218921436
2025-10-03,fold_7,"Inflation bear, AI rally and 2025",-0.005518224001536213,-1,0.00748206685981323,1,-0.00748206685981323,-0.10031255244970971,,,,0,-74.8206685981323,-0.0034626833345674565,-0.0229409569217065,-0.0034626833345674565,1.4937609204365878
2025-10-06,fold_7,"Inflation bear, AI rally and 2025",-0.004431378844000383,-1,-0.005279541877825977,-1,0.005279541877825977,-0.09503301057188374,,,,1,52.79541877825977,-0.00788522247842321,-0.009423720299632343,-0.00788522247842321,-1.0216646254540132
2025-10-07,fold_7,"Inflation bear, AI rally and 2025",-0.005943843417178018,-1,0.011398596217510715,1,-0.011398596217510715,-0.10643160678939445,,,,0,-113.98596217510715,-0.0052269101714102605,-0.010827412433228822,-0.0052269101714102605,2.165864902452659
2025-10-08,fold_7,"Inflation bear, AI rally and 2025",-0.0031536973855078193,-1,-0.0012109595862472844,-1,0.0012109595862472844,-0.10522064720314717,,,,1,12.109595862472844,-0.010961621188261812,-0.015193992411154156,-0.010961621188261812,-0.20710450937279112
2025-10-09,fold_7,"Inflation bear, AI rally and 2025",-0.006553389098891899,-1,-0.035331118534957184,-1,0.035331118534957184,-0.06988952866818998,,,,1,353.3111853495718,-0.013040399177600484,-0.017692835235473048,-0.013040399177600484,-6.190099209469844
2025-10-10,fold_7,"Inflation bear, AI rally and 2025",-0.001241913112867557,-1,0.020999303481887388,1,-0.020999303481887388,-0.09088883215007737,,,,0,-209.99303481887387,-0.004381017232736698,0.02418352005425728,-0.004381017232736698,2.1656736954973526
2025-10-13,fold_7,"Inflation bear, AI rally and 2025",-0.004925219476250018,-1,-0.006683234011422456,-1,0.006683234011422456,-0.08420559813865491,,,,1,66.83234011422456,-0.011235398622519604,0.015706286481782072,-0.011235398622519604,-0.6302711987652501
2025-10-14,fold_7,"Inflation bear, AI rally and 2025",-0.005438860520185694,-1,0.007032016239585381,1,-0.007032016239585381,-0.0912376143782403,,,,0,-70.32016239585381,-0.007330414137179331,0.022127928744962055,-0.007330414137179331,0.656776523455626
2025-10-15,fold_7,"Inflation bear, AI rally and 2025",-0.0029647098696540357,-1,-0.0037098024105661764,-1,0.0037098024105661764,-0.08752781196767412,,,,1,37.098024105661764,-0.013100972870739913,0.005415184193283906,-0.013100972870739913,-0.3431036216291272
2025-10-16,fold_7,"Inflation bear, AI rally and 2025",-0.0029138929826862366,-1,0.006545236754773143,1,-0.006545236754773143,-0.09407304872244726,,,,0,-65.45236754773143,-0.008900089904421041,0.017496327865237582,-0.008900089904421041,0.6141795166647341
2025-10-17,fold_7,"Inflation bear, AI rally and 2025",-0.0011925976613930789,-1,0.012522069909412181,1,-0.012522069909412181,-0.10659511863185944,,,,0,-125.22069909412181,-0.016109492252464972,0.021572764504941055,-0.016109492252464972,1.1757149166181942
2025-10-20,fold_7,"Inflation bear, AI rally and 2025",-0.006809069836012242,-1,-0.00026159174824247344,-1,0.00026159174824247344,-0.10633352688361697,,,,1,2.6159174824247344,-0.015185564003929519,0.02670317540459255,-0.015185564003929519,-0.023926513409431638
2025-10-21,fold_7,"Inflation bear, AI rally and 2025",-0.003929238681972128,-1,-0.009680728312092768,-1,0.009680728312092768,-0.0966527985715242,,,,1,96.80728312092768,-0.01480339523715099,0.03462529503365985,-0.01480339523715099,-0.8937772036216127
2025-10-22,fold_7,"Inflation bear, AI rally and 2025",-0.0067292021741701315,-1,0.0083713412613875,1,-0.0083713412613875,-0.1050241398329117,,,,0,-83.713412613875,-0.015970399827284935,0.048798893795506615,-0.015970399827284935,0.7598277720253334
2025-10-23,fold_7,"Inflation bear, AI rally and 2025",-0.00648572065732457,-1,0.010621673394476616,1,-0.010621673394476616,-0.11564581322738832,,,,0,-106.21673394476616,-0.016288899279387137,0.025020859289792696,-0.016288899279387137,0.9540309455168327
2025-10-24,fold_7,"Inflation bear, AI rally and 2025",-0.006735152351450288,-1,0.017652480809063675,1,-0.017652480809063675,-0.133298294036452,,,,0,-176.52480809063675,-0.021056961120735778,0.019211602701627584,-0.021056961120735778,1.5557006495301577
2025-10-27,fold_7,"Inflation bear, AI rally and 2025",-0.006000234481630007,-1,0.00766052788082483,1,-0.00766052788082483,-0.14095882191727682,,,,0,-76.6052788082483,-0.017776911449908433,0.0063324200996062174,-0.017776911449908433,0.6400089901114824
2025-10-28,fold_7,"Inflation bear, AI rally and 2025",-0.006563559851581913,-1,0.004492870449753994,1,-0.004492870449753994,-0.14545169236703082,,,,0,-44.92870449753994,-0.017086300495892347,-0.021835022508948754,-0.017086300495892347,0.37205342136019226
2025-10-29,fold_7,"Inflation bear, AI rally and 2025",-0.005343752475573036,-1,-0.01540669324432642,-1,0.01540669324432642,-0.1300449991227044,,,,1,154.0669324432642,-0.011000397816877337,-0.019840959295509997,-0.011000397816877337,-1.2764184630714328
2025-10-30,fold_7,"Inflation bear, AI rally and 2025",-0.007495667839282669,-1,0.004812416806311504,1,-0.004812416806311504,-0.1348574159290159,,,,0,-48.124168063115036,-0.0095040348512886,-0.023237275027105042,-0.0095040348512886,0.3844184108543597
2025-10-31,fold_7,"Inflation bear, AI rally and 2025",-0.007518143629281651,-1,0.004773298207042309,1,-0.004773298207042309,-0.1396307141360582,,,,0,-47.73298207042309,-0.008849348870269462,-0.031210010331013116,-0.008849348870269462,0.3809678203254386
2025-11-03,fold_7,"Inflation bear, AI rally and 2025",-0.0037399934035142034,-1,-0.02050691472773014,-1,0.02050691472773014,-0.11912379940832807,,,,1,205.0691472773014,-0.010598968127573804,-0.014100291877243265,-0.010598968127573804,-1.645425497330582
2025-11-04,fold_7,"Inflation bear, AI rally and 2025",-0.004868032083244836,-1,0.006486933663192751,1,-0.006486933663192751,-0.12561073307152082,,,,0,-64.86933663192751,-0.00287485138137019,0.0037395495477241525,-0.00287485138137019,0.4904235227950415
2025-11-05,fold_7,"Inflation bear, AI rally and 2025",-0.004797120070767673,-1,-0.018803008975921465,-1,0.018803008975921465,-0.10680772409559935,,,,1,188.03008975921466,-0.00900411514959701,-0.003536047650435137,-0.00900411514959701,-1.4397275540722754
2025-11-06,fold_7,"Inflation bear, AI rally and 2025",-0.0033253966510782764,-1,-0.0031603184975965704,-1,0.0031603184975965704,-0.10364740559800278,,,,1,31.603184975965704,-0.005483035476199704,-0.005360324769917213,-0.005483035476199704,-0.23038518248782683
2025-11-07,fold_7,"Inflation bear, AI rally and 2025",-0.0009805518273615702,-1,0.02188301666081216,1,-0.02188301666081216,-0.12553042225881494,,,,0,-218.8301666081216,-0.004781146515490286,-0.0014442570455477366,-0.004781146515490286,1.9475170148969252
2025-11-10,fold_7,"Inflation bear, AI rally and 2025",-0.004892200786170755,-1,-0.0026670733027627236,-1,0.0026670733027627236,-0.12286334895605222,,,,1,26.670733027627236,-0.017288196972563584,-0.03190450220154162,-0.017288196972563584,-0.23559951962183132
2025-11-11,fold_7,"Inflation bear, AI rally and 2025",-0.005009143879463283,-1,-0.0007886635349665383,-1,0.0007886635349665383,-0.12207468542108568,,,,1,7.886635349665383,-0.012916925857299387,-0.04148799175117457,-0.012916925857299387,-0.07018370771346462
2025-11-12,fold_7,"Inflation bear, AI rally and 2025",-0.005036339639205777,-1,-0.02062728609540354,-1,0.02062728609540354,-0.10144739932568214,,,,1,206.27286095403542,-0.013828380075660989,-0.03474699089302913,-0.013828380075660989,-1.853642922140871
2025-11-13,fold_7,"Inflation bear, AI rally and 2025",-0.002386304835882495,-1,0.000755749226772906,1,-0.000755749226772906,-0.10220314855245505,,,,0,-7.55749226772906,-0.0004413956273045896,-0.03807619829876607,-0.0004413956273045896,0.06288792179286838
2025-11-14,fold_7,"Inflation bear, AI rally and 2025",-0.00464049213655744,-1,-0.008577228495181721,-1,0.008577228495181721,-0.09362592005727333,,,,1,85.77228495181721,-0.004264751136174242,-0.03134717815952648,-0.004264751136174242,-0.7190147203950206
2025-11-17,fold_7,"Inflation bear, AI rally and 2025",-0.0043360467334030515,-1,-0.012250562852395674,-1,0.012250562852395674,-0.08137535720487765,,,,1,122.50562852395674,-0.004488750316333732,0.002481713038279487,-0.004488750316333732,-1.042298205062926
2025-11-18,fold_7,"Inflation bear, AI rally and 2025",-0.005194544934608676,-1,0.005952337323178902,1,-0.005952337323178902,-0.08732769452805655,,,,0,-59.52337323178902,-0.0040613831876860395,0.020877135971090865,-0.0040613831876860395,0.49322207919352573
2025-11-19,fold_7,"Inflation bear, AI rally and 2025",-0.002936170048931212,-1,-0.023956493501140486,-1,0.023956493501140486,-0.06337120102691607,,,,1,239.56493501140486,-0.006614286645739497,0.02372167795061042,-0.006614286645739497,-2.0052447494274688
2025-11-20,fold_7,"Inflation bear, AI rally and 2025",-0.0016196103535857957,-1,0.0074847693660125,1,-0.0074847693660125,-0.07085597039292857,,,,0,-74.847693660125,-0.004187160354692177,0.055752598381412,-0.004187160354692177,0.5775990910985691
2025-11-21,fold_7,"Inflation bear, AI rally and 2025",-0.005139464811342313,-1,0.025251662702624245,1,-0.025251662702624245,-0.09610763309555281,,,,0,-252.51662702624245,-0.00469189859245514,0.04490327399634264,-0.00469189859245514,1.9653590753917458
2025-11-24,fold_7,"Inflation bear, AI rally and 2025",-0.0038942226640089903,-1,0.006144860080415704,1,-0.006144860080415704,-0.10225249317596852,,,,0,-61.44860080415704,-0.02074244409976079,0.027447155771747944,-0.02074244409976079,0.45626205881541687
2025-11-25,fold_7,"Inflation bear, AI rally and 2025",-0.0045441989276901905,-1,0.008796879302698457,1,-0.008796879302698457,-0.11104937247866697,,,,0,-87.96879302698457,-0.016660222892154252,0.02374311209667379,-0.016660222892154252,0.6550691216377408
2025-11-26,fold_7,"Inflation bear, AI rally and 2025",-0.006083007702950764,-1,0.008074426929661094,1,-0.008074426929661094,-0.11912379940832807,,,,0,-80.74426929661094,-0.02157962828426711,0.01401565027037055,-0.02157962828426711,0.5965591048813538
2025-11-28,fold_7,"Inflation bear, AI rally and 2025",-0.00695580448719846,-1,-0.0033645550190568585,-1,0.0033645550190568585,-0.11575924438927121,,,,1,33.645550190568585,-0.014797648151044451,0.010010326064956665,-0.014797648151044451,-0.25463658553309576
2025-12-01,fold_7,"Inflation bear, AI rally and 2025",-0.008718591058004427,-1,0.007795544478029548,1,-0.007795544478029548,-0.12355478886730076,,,,0,-77.95544478029548,-0.01323355032229398,0.011454489611881336,-0.01323355032229398,0.5909859154765658
2025-12-02,fold_7,"Inflation bear, AI rally and 2025",-0.007524433893040847,-1,0.0024408164053415504,1,-0.0024408164053415504,-0.1259956052726423,,,,0,-24.408164053415504,-0.014528499421821273,0.004891549256647032,-0.014528499421821273,0.18403833411928913
2025-12-03,fold_7,"Inflation bear, AI rally and 2025",-0.00617324794295335,-1,-0.0009305825236047838,-1,0.0009305825236047838,-0.12506502274903752,,,,1,9.305825236047838,-0.013504698414150938,0.006538107631481438,-0.013504698414150938,-0.07470613097210492
2025-12-04,fold_7,"Inflation bear, AI rally and 2025",-0.004224651040010099,-1,0.004069102724247209,1,-0.004069102724247209,-0.12913412547328473,,,,0,-40.69102724247209,-0.012100575574962526,0.004229042364248592,-0.012100575574962526,0.3288540497593342
2025-12-05,fold_7,"Inflation bear, AI rally and 2025",-0.004920152385553184,-1,-0.001920391472132188,-1,0.001920391472132188,-0.12721373400115255,,,,1,19.20391472132188,-0.013242039612495454,-0.019143529432930073,-0.013242039612495454,-0.16451758365576602
2025-12-08,fold_7,"Inflation bear, AI rally and 2025",-0.004819034051884643,-1,0.0012326041227952445,1,-0.0012326041227952445,-0.1284463381239478,,,,0,-12.326041227952445,-0.010639094733534672,-0.022255138615116188,-0.010639094733534672,0.10571795040473164
2025-12-09,fold_7,"Inflation bear, AI rally and 2025",-0.004211118327756312,-1,0.004087374780175956,1,-0.004087374780175956,-0.13253371290412375,,,,0,-40.87374780175956,-0.007868460960357914,-0.02150787160878398,-0.007868460960357914,0.3860940742634263
2025-12-10,fold_7,"Inflation bear, AI rally and 2025",-0.004628190479662629,-1,-0.0032396477908376298,-1,0.0032396477908376298,-0.12929406511328612,,,,1,32.3964779083763,-0.004080067251761122,-0.04430621276002267,-0.004080067251761122,-0.305364873438464
2025-12-11,fold_7,"Inflation bear, AI rally and 2025",-0.0016756830413291414,-1,-0.019303469072931456,-1,0.019303469072931456,-0.10999059604035466,,,,1,193.03469072931455,-0.005885018216536687,-0.02668045547464093,-0.005885018216536687,-1.8155420144186112
2025-12-12,fold_7,"Inflation bear, AI rally and 2025",-0.0018923163710007668,-1,-0.005032000654318303,-1,0.005032000654318303,-0.10495859538603636,,,,1,50.32000654318303,0.0035663712899833546,0.00557430038374207,0.0035663712899833546,-0.47890443142588723
2025-12-15,fold_7,"Inflation bear, AI rally and 2025",-0.003148807113029232,-1,0.001979871129127453,1,-0.001979871129127453,-0.10693846651516381,,,,0,-19.79871129127453,1.2868144159385898e-05,0.015388272900109357,1.2868144159385898e-05,0.18738061852739712
2025-12-16,fold_7,"Inflation bear, AI rally and 2025",-0.0016980446290756025,-1,-0.01871096637106273,-1,0.01871096637106273,-0.08822750014410108,,,,1,187.10966371062733,-0.0052813690477604164,0.018080780413773923,-0.0052813690477604164,-1.7991417330474324
2025-12-17,fold_7,"Inflation bear, AI rally and 2025",-0.0015001443964521972,-1,0.014386109494544108,1,-0.014386109494544108,-0.10261360963864519,,,,0,-143.8610949454411,-0.0025339814097515064,0.03971306929296947,-0.0025339814097515064,1.3234520309883862
2025-12-18,fold_7,"Inflation bear, AI rally and 2025",0.0010862754754433937,1,0.012951286785451543,1,0.012951286785451543,-0.08966232285319364,,,,1,129.51286785451543,-0.013803546842937785,0.025262802410437324,-0.013803546842937785,1.1504351940592996
2025-12-19,fold_7,"Inflation bear, AI rally and 2025",-0.0009839321129632018,-1,0.004781971862048984,1,-0.004781971862048984,-0.09444429471524263,,,,0,-47.81971862048984,-0.017016129638656625,0.007459201328346765,-0.017016129638656625,0.4635322635963407
2025-12-22,fold_7,"Inflation bear, AI rally and 2025",-0.0026041973704263696,-1,0.004672378642792019,1,-0.004672378642792019,-0.09911667335803465,,,,0,-46.72378642792019,-0.012174184086813578,0.0003551354883146729,-0.012174184086813578,0.4564780578166147
