date,fold,regime,prediction,pred_direction,actual_return,actual_direction,strategy_return,cumulative_return,confidence,aleatoric,epistemic,correct,pnl_bps,B_pred,B_actual,D_pred,D_actual
2008-12-24,fold_1,GFC peak crash (Lehman + Mar-2009 bottom),0.0032196640968322754,1,-0.0003429576463531703,-1,-0.0003429576463531703,-0.0003429576463531703,,,,0,-3.4295764635317028,-0.0016231667250394821,0.06284288316965103,0.0032196640968322754,-0.01131396397522408
2008-12-26,fold_1,GFC peak crash (Lehman + Mar-2009 bottom),0.004699602723121643,1,-0.008273275569081306,-1,-0.008273275569081306,-0.008616233215434477,,,,0,-82.73275569081306,-0.0021072272211313248,0.06286349147558212,0.004699602723121643,-0.28636381278925166
2008-12-29,fold_1,GFC peak crash (Lehman + Mar-2009 bottom),0.004278391599655151,1,0.020555762574076653,1,0.020555762574076653,0.011939529358642176,,,,1,205.55762574076653,0.004031673073768616,0.08108048141002655,0.004278391599655151,0.7113592667332982
2008-12-30,fold_1,GFC peak crash (Lehman + Mar-2009 bottom),0.001961618661880493,1,0.008441665209829807,1,0.008441665209829807,0.020381194568471983,,,,1,84.41665209829807,0.002407470718026161,0.0317063182592392,0.001961618661880493,0.359792261687734
2008-12-31,fold_1,GFC peak crash (Lehman + Mar-2009 bottom),0.004258215427398682,1,0.042461689561605453,1,0.042461689561605453,0.06284288413007744,,,,1,424.61689561605453,-0.0026077646762132645,0.033722203224897385,0.004258215427398682,1.8988990613166399
2009-01-02,fold_1,GFC peak crash (Lehman + Mar-2009 bottom),0.00609239935874939,1,-0.00032235000981017947,-1,-0.00032235000981017947,0.06252053412026726,,,,0,-3.2235000981017947,-0.002230873331427574,-0.03142658993601799,0.00609239935874939,-0.013732587060522822
2009-01-05,fold_1,GFC peak crash (Lehman + Mar-2009 bottom),0.005991503596305847,1,0.00994371809065342,1,0.00994371809065342,0.07246425221092068,,,,1,99.4371809065342,-0.0066334959119558334,-0.04956405982375145,0.005991503596305847,0.440405604963444
2009-01-06,fold_1,GFC peak crash (Lehman + Mar-2009 bottom),0.004960954189300537,1,-0.028818404302001,-1,-0.028818404302001,0.04364584790891968,,,,0,-288.18404302001,-0.007086554542183876,-0.0591689758002758,0.004960954189300537,-1.38107552841447
2009-01-07,fold_1,GFC peak crash (Lehman + Mar-2009 bottom),0.006117269396781921,1,0.010457552038133144,1,0.010457552038133144,0.05410339994705282,,,,1,104.57552038133144,-0.005327614024281502,-0.06130253151059151,0.006117269396781921,0.5213772021956417
2009-01-08,fold_1,GFC peak crash (Lehman + Mar-2009 bottom),0.0018598809838294983,1,-0.02268710546195507,-1,-0.02268710546195507,0.03141629448509775,,,,0,-226.8710546195507,-0.003743330016732216,-0.05547646805644035,0.0018598809838294983,-1.123864984696404
2009-01-09,fold_1,GFC peak crash (Lehman + Mar-2009 bottom),0.0011968538165092468,1,-0.018459821119904518,-1,-0.018459821119904518,0.012956473365193233,,,,0,-184.59821119904518,-0.00068703293800354,-0.021853338927030563,0.0011968538165092468,-0.8874499725674849
2009-01-12,fold_1,GFC peak crash (Lehman + Mar-2009 bottom),-0.0010590404272079468,-1,0.00033880159026011825,1,-0.00033880159026011825,0.012617671774933115,,,,0,-3.3880159026011825,-0.0005153026431798935,-0.05429340526461601,-0.0010590404272079468,0.016710213945114464
2009-01-13,fold_1,GFC peak crash (Lehman + Mar-2009 bottom),0.0007948130369186401,1,-0.030951958149671555,-1,-0.030951958149671555,-0.01833428637473844,,,,0,-309.51958149671555,0.0007508248090744019,-0.012951979413628578,0.0007948130369186401,-1.5654513740687834
2009-01-14,fold_1,GFC peak crash (Lehman + Mar-2009 bottom),0.0036115795373916626,1,0.016283614560961723,1,0.016283614560961723,-0.0020506718137767166,,,,1,162.83614560961723,-0.00047987326979637146,0.0045303646475076675,0.0036115795373916626,0.7915411764355298
2009-01-15,fold_1,GFC peak crash (Lehman + Mar-2009 bottom),0.004030108451843262,1,0.01093602366745472,1,0.01093602366745472,0.008885351853678003,,,,1,109.3602366745472,0.0007650125771760941,-0.006897205486893654,0.004030108451843262,0.6052141544043578
2009-01-16,fold_1,GFC peak crash (Lehman + Mar-2009 bottom),0.005850143730640411,1,-0.05089988932013512,-1,-0.05089988932013512,-0.042014537466457114,,,,0,-508.99889320135117,0.0021065231412649155,-0.010592788457870483,0.005850143730640411,-2.823098035338528
2009-01-20,fold_1,GFC peak crash (Lehman + Mar-2009 bottom),0.009294018149375916,1,0.0416802279651165,1,0.0416802279651165,-0.00033430950134061277,,,,1,416.802279651165,0.0015872586518526077,0.04749481379985809,0.009294018149375916,1.9894501200614343
2009-01-21,fold_1,GFC peak crash (Lehman + Mar-2009 bottom),0.004669055342674255,1,-0.013469614088535309,-1,-0.013469614088535309,-0.013803923589875922,,,,0,-134.6961408853531,0.003701167181134224,0.04034192115068436,0.004669055342674255,-0.5892937199583155
2009-01-22,fold_1,GFC peak crash (Lehman + Mar-2009 bottom),0.006178729236125946,1,0.004856044892221689,1,0.004856044892221689,-0.008947878697654232,,,,1,48.56044892221689,0.006933150812983513,0.02811305969953537,0.006178729236125946,0.21559962684167613
2009-01-23,fold_1,GFC peak crash (Lehman + Mar-2009 bottom),0.005691558122634888,1,0.00724044069647789,1,0.00724044069647789,-0.0017074380011763424,,,,1,72.4044069647789,0.0038506314158439636,0.005520956590771675,0.005691558122634888,0.32150893117112656
2009-01-26,fold_1,GFC peak crash (Lehman + Mar-2009 bottom),0.004420801997184753,1,0.007187714800238609,1,0.007187714800238609,0.005480276799062267,,,,1,71.8771480023861,0.0046149808913469315,0.01025271974503994,0.004420801997184753,0.318464132859641
2009-01-27,fold_1,GFC peak crash (Lehman + Mar-2009 bottom),0.005123540759086609,1,0.034527335315942764,1,0.034527335315942764,0.04000761211500503,,,,1,345.27335315942764,0.0050530992448329926,0.018584955483675003,0.005123540759086609,1.5259379429002036
2009-01-28,fold_1,GFC peak crash (Lehman + Mar-2009 bottom),0.006162002682685852,1,-0.025698475539684296,-1,-0.025698475539684296,0.014309136575320736,,,,0,-256.98475539684296,0.0030900035053491592,-0.01460401713848114,0.006162002682685852,-1.0781286776485335
2009-01-29,fold_1,GFC peak crash (Lehman + Mar-2009 bottom),0.005231410264968872,1,-0.017736058682203293,-1,-0.017736058682203293,-0.0034269221068825573,,,,0,-177.36058682203293,-0.0012131091207265854,0.032920949161052704,0.005231410264968872,-0.7364133233704658
2009-01-30,fold_1,GFC peak crash (Lehman + Mar-2009 bottom),0.003628149628639221,1,0.011972203850746155,1,0.011972203850746155,0.008545281743863598,,,,1,119.72203850746155,0.0025162454694509506,0.07648946344852448,0.003628149628639221,0.4919620198706491
2009-02-02,fold_1,GFC peak crash (Lehman + Mar-2009 bottom),0.003917485475540161,1,0.015519951470196247,1,0.015519951470196247,0.024065233214059845,,,,1,155.19951470196247,0.0035314559936523438,0.06865273416042328,0.003917485475540161,0.6877479031448788
2009-02-03,fold_1,GFC peak crash (Lehman + Mar-2009 bottom),0.004403531551361084,1,0.0013383622281253338,1,0.0013383622281253338,0.02540359544218518,,,,1,13.383622281253338,0.005543876439332962,0.015612514689564705,0.004403531551361084,0.05861908332521261
2009-02-04,fold_1,GFC peak crash (Lehman + Mar-2009 bottom),0.0011349767446517944,1,0.021826492622494698,1,0.021826492622494698,0.047230088064679876,,,,1,218.26492622494698,0.009011445567011833,0.009649120271205902,0.0011349767446517944,0.9604636281767396
2009-02-05,fold_1,GFC peak crash (Lehman + Mar-2009 bottom),0.002009838819503784,1,0.02583245187997818,1,0.02583245187997818,0.07306253994465806,,,,1,258.3245187997818,0.0084590595215559,0.0,0.002009838819503784,1.1567459466344763
2009-02-06,fold_1,GFC peak crash (Lehman + Mar-2009 bottom),-0.00040081143379211426,-1,0.004135478753596544,1,-0.004135478753596544,0.06892706119106151,,,,0,-41.35478753596544,0.004091775044798851,-0.030422896146774292,-0.00040081143379211426,0.18020994654689176
2009-02-09,fold_1,GFC peak crash (Lehman + Mar-2009 bottom),0.00473388284444809,1,-0.03752027079463005,-1,-0.03752027079463005,0.03140679039643146,,,,0,-375.2027079463005,0.00625365786254406,-0.07513406872749329,0.00473388284444809,-1.6750522774946477
2009-02-10,fold_1,GFC peak crash (Lehman + Mar-2009 bottom),0.00343148410320282,1,-0.004625031724572182,-1,-0.004625031724572182,0.02678175867185928,,,,0,-46.25031724572182,0.0020425207912921906,-0.03692920506000519,0.00343148410320282,-0.1963064211528487
2009-02-11,fold_1,GFC peak crash (Lehman + Mar-2009 bottom),0.002914920449256897,1,0.01217737141996622,1,0.01217737141996622,0.0389591300918255,,,,1,121.77371419966221,0.0005793776363134384,-0.04781389608979225,0.002914920449256897,0.5163659305223878
2009-02-12,fold_1,GFC peak crash (Lehman + Mar-2009 bottom),0.004798665642738342,1,-0.004590444266796112,-1,-0.004590444266796112,0.03436868582502939,,,,0,-45.90444266796112,0.003332003951072693,-0.057216279208660126,0.004798665642738342,-0.20214900412444273
2009-02-13,fold_1,GFC peak crash (Lehman + Mar-2009 bottom),0.007193826138973236,1,-0.04057569429278374,-1,-0.04057569429278374,-0.006207008467754349,,,,0,-405.7569429278374,0.00471566803753376,-0.08823682367801666,0.007193826138973236,-1.8083558163302977
2009-02-17,fold_1,GFC peak crash (Lehman + Mar-2009 bottom),0.004953131079673767,1,0.000684593163896352,1,0.000684593163896352,-0.005522415303857997,,,,1,6.8459316389635205,0.006920821964740753,-0.015172178857028484,0.004953131079673767,0.02843112078509613
2009-02-18,fold_1,GFC peak crash (Lehman + Mar-2009 bottom),0.00490231066942215,1,-0.015509720891714096,-1,-0.015509720891714096,-0.021032136195572093,,,,0,-155.09720891714096,0.007099801674485207,-0.022480914369225502,0.00490231066942215,-0.7309061935277794
2009-02-19,fold_1,GFC peak crash (Lehman + Mar-2009 bottom),0.008006744086742401,1,0.002774988068267703,1,0.002774988068267703,-0.01825714812730439,,,,1,27.74988068267703,0.006233220919966698,-0.03535139560699463,0.008006744086742401,0.14321432013255497
2009-02-20,fold_1,GFC peak crash (Lehman + Mar-2009 bottom),0.0082402303814888,1,-0.03561098873615265,-1,-0.03561098873615265,-0.05386813686345704,,,,0,-356.1098873615265,0.005265453830361366,-0.04752684384584427,0.0082402303814888,-1.8594837500008825
2009-02-23,fold_1,GFC peak crash (Lehman + Mar-2009 bottom),0.005218721926212311,1,0.032488949596881866,1,0.032488949596881866,-0.021379187266575173,,,,1,324.88949596881866,0.004410075023770332,-0.04477813467383385,0.005218721926212311,1.5686010459481285
2009-02-24,fold_1,GFC peak crash (Lehman + Mar-2009 bottom),0.0061928704380989075,1,-0.00662414263933897,-1,-0.00662414263933897,-0.028003329905914143,,,,0,-66.2414263933897,0.007494144141674042,-0.0780186802148819,0.0061928704380989075,-0.3026191429693795
2009-02-25,fold_1,GFC peak crash (Lehman + Mar-2009 bottom),0.006912991404533386,1,-0.028380202129483223,-1,-0.028380202129483223,-0.056383532035397366,,,,0,-283.80202129483223,0.004103286191821098,-0.04507232457399368,0.006912991404533386,-1.2970558461101405
2009-02-26,fold_1,GFC peak crash (Lehman + Mar-2009 bottom),0.005676582455635071,1,-0.009400458075106144,-1,-0.009400458075106144,-0.06578399011050351,,,,0,-94.00458075106144,0.005649533122777939,-0.04715467616915703,0.005676582455635071,-0.4385750530238969
2009-02-27,fold_1,GFC peak crash (Lehman + Mar-2009 bottom),0.003104962408542633,1,-0.03286227956414223,-1,-0.03286227956414223,-0.09864626967464574,,,,0,-328.6227956414223,0.010575627908110619,-0.045707352459430695,0.003104962408542633,-1.5832543341428431
2009-03-02,fold_1,GFC peak crash (Lehman + Mar-2009 bottom),0.002779625356197357,1,-0.000751598970964551,-1,-0.000751598970964551,-0.09939786864561029,,,,0,-7.51598970964551,0.008330630138516426,-0.03436747193336487,0.002779625356197357,-0.034702426339665096
2009-03-03,fold_1,GFC peak crash (Lehman + Mar-2009 bottom),0.0014864951372146606,1,0.026322215795516968,1,0.026322215795516968,-0.07307565285009332,,,,1,263.2221579551697,0.010267317295074463,0.026322215795516968,0.0014864951372146606,1.2246895328254972
2009-03-04,fold_1,GFC peak crash (Lehman + Mar-2009 bottom),0.003926120698451996,1,-0.030462555587291718,-1,-0.030462555587291718,-0.10353820843738504,,,,0,-304.6255558729172,0.004108956083655357,0.015251108445227146,0.003926120698451996,-1.3838793595797154
2009-03-05,fold_1,GFC peak crash (Lehman + Mar-2009 bottom),0.0010611116886138916,1,-0.007953135296702385,-1,-0.007953135296702385,-0.11149134373408742,,,,0,-79.53135296702385,0.006787450984120369,0.0783289447426796,0.0010611116886138916,-0.34518343722180445
2009-03-06,fold_1,GFC peak crash (Lehman + Mar-2009 bottom),0.002472296357154846,1,-0.0215223990380764,-1,-0.0215223990380764,-0.13301374277216382,,,,0,-215.223990380764,0.006161363795399666,0.08872090280056,0.002472296357154846,-0.9528420129139734
2009-03-09,fold_1,GFC peak crash (Lehman + Mar-2009 bottom),0.0026201605796813965,1,0.059938088059425354,1,0.059938088059425354,-0.07307565471273847,,,,1,599.3808805942535,0.006054466590285301,0.093400739133358,0.0026201605796813965,2.6805293227550755
2009-03-10,fold_1,GFC peak crash (Lehman + Mar-2009 bottom),0.0011723041534423828,1,0.015251108445227146,1,0.015251108445227146,-0.05782454626751132,,,,1,152.51108445227146,0.009546911343932152,0.07062570750713348,0.0011723041534423828,0.5853840661056128
2009-03-11,fold_1,GFC peak crash (Lehman + Mar-2009 bottom),-0.0016501694917678833,-1,0.03261528164148331,1,-0.03261528164148331,-0.09043982790899463,,,,0,-326.15281641483307,0.011363433673977852,0.0679113119840622,-0.0016501694917678833,1.3098519365463446
2009-03-12,fold_1,GFC peak crash (Lehman + Mar-2009 bottom),-0.001906663179397583,-1,0.0024388229940086603,1,-0.0024388229940086603,-0.09287865090300329,,,,0,-24.388229940086603,0.012566542252898216,0.03462249040603638,-0.001906663179397583,0.09407075065924828
2009-03-13,fold_1,GFC peak crash (Lehman + Mar-2009 bottom),-0.0019923746585845947,-1,-0.016842564567923546,-1,0.016842564567923546,-0.07603608633507974,,,,1,168.42564567923546,0.013927344232797623,0.0168460663408041,-0.0019923746585845947,-0.6531217118920715
2009-03-16,fold_1,GFC peak crash (Lehman + Mar-2009 bottom),-0.0032035112380981445,-1,0.037163060158491135,1,-0.037163060158491135,-0.11319914649357088,,,,0,-371.63060158491135,0.013549959287047386,0.09096124023199081,-0.0032035112380981445,1.4270914904074783
2009-03-17,fold_1,GFC peak crash (Lehman + Mar-2009 bottom),-0.000857815146446228,-1,0.012536708265542984,1,-0.012536708265542984,-0.12573585475911386,,,,0,-125.36708265542984,0.01354156993329525,0.03517917916178703,-0.000857815146446228,0.48619827721992376
2009-03-18,fold_1,GFC peak crash (Lehman + Mar-2009 bottom),-0.00015495717525482178,-1,-0.000673539936542511,-1,0.000673539936542511,-0.12506231482257135,,,,1,6.73539936542511,0.0062860157340765,0.02724788524210453,-0.00015495717525482178,-0.025968645943417606
2009-03-19,fold_1,GFC peak crash (Lehman + Mar-2009 bottom),-0.0014154240489006042,-1,-0.015337600372731686,-1,0.015337600372731686,-0.10972471444983967,,,,1,153.37600372731686,0.0098300501704216,0.05830502137541771,-0.0014154240489006042,-0.5966964858352954
2009-03-20,fold_1,GFC peak crash (Lehman + Mar-2009 bottom),0.0010616853833198547,1,0.05727260932326317,1,0.05727260932326317,-0.0524521051265765,,,,1,572.7260932326317,0.006926218047738075,0.05468008294701576,0.0010616853833198547,2.2092033033287364
2009-03-23,fold_1,GFC peak crash (Lehman + Mar-2009 bottom),0.0012870058417320251,1,-0.018618999049067497,-1,-0.018618999049067497,-0.071071104175644,,,,0,-186.18999049067497,0.0031832177191972733,-0.027560722082853317,0.0012870058417320251,-0.6698162405411248
2009-03-24,fold_1,GFC peak crash (Lehman + Mar-2009 bottom),0.0016758814454078674,1,0.0046054162085056305,1,0.0046054162085056305,-0.06646568796713836,,,,1,46.054162085056305,0.00528966449201107,-0.00033004675060510635,0.0016758814454078674,0.16961509548873643
2009-03-25,fold_1,GFC peak crash (Lehman + Mar-2009 bottom),0.002287566661834717,1,0.03038359433412552,1,0.03038359433412552,-0.036082093633012846,,,,1,303.8359433412552,0.003680182620882988,0.00979765597730875,0.002287566661834717,1.1198733440510578
2009-03-26,fold_1,GFC peak crash (Lehman + Mar-2009 bottom),0.0027907341718673706,1,-0.018962539732456207,-1,-0.018962539732456207,-0.05504463336546905,,,,0,-189.62539732456207,0.0035675764083862305,0.011081703938543797,0.0027907341718673706,-0.6961401824098795
2009-03-27,fold_1,GFC peak crash (Lehman + Mar-2009 bottom),0.003979064524173737,1,-0.024968193843960762,-1,-0.024968193843960762,-0.08001282720942982,,,,0,-249.68193843960762,0.006014460697770119,0.048450127243995667,0.003979064524173737,-0.9083529903405672
2009-03-30,fold_1,GFC peak crash (Lehman + Mar-2009 bottom),0.0004537031054496765,1,0.008611675351858139,1,0.008611675351858139,-0.07140115185757168,,,,1,86.11675351858139,0.006494635716080666,0.0709424838423729,0.0004537031054496765,0.31813871412694694
2011-11-25,fold_2,2011 US-downgrade + EU debt,0.0101090669631958,1,0.03420417010784149,1,0.03420417010784149,0.03420417010784149,,,,1,342.0417010784149,0.005440080538392067,0.06833713501691818,0.0101090669631958,2.0928216108284197
2011-11-28,fold_2,2011 US-downgrade + EU debt,0.005386866629123688,1,-0.006232367362827063,-1,-0.006232367362827063,0.02797180274501443,,,,0,-62.323673628270626,0.011956432834267616,0.045023635029792786,0.005386866629123688,-0.3454483536275587
2011-11-29,fold_2,2011 US-downgrade + EU debt,0.00742831826210022,1,0.03629493713378906,1,0.03629493713378906,0.06426673987880349,,,,1,362.9493713378906,0.0051912572234869,0.048457056283950806,0.00742831826210022,2.051226385858985
2011-11-30,fold_2,2011 US-downgrade + EU debt,0.0009906142950057983,1,0.006892128381878138,1,0.006892128381878138,0.07115886826068163,,,,1,68.92128381878138,0.00621459074318409,0.012162119150161743,0.0009906142950057983,0.37154584442518823
2011-12-01,fold_2,2011 US-downgrade + EU debt,-0.0016529038548469543,-1,-0.002821733010932803,-1,0.002821733010932803,0.07398060127161443,,,,1,28.21733010932803,-0.005953306332230568,-0.011691782623529434,-0.0016529038548469543,-0.15238429575365461
2011-12-02,fold_2,2011 US-downgrade + EU debt,-0.007750585675239563,-1,0.010890672914683819,1,-0.010890672914683819,0.06308992835693061,,,,0,-108.90672914683819,0.001465165987610817,0.007039838936179876,-0.007750585675239563,0.6066935826487395
2011-12-05,fold_2,2011 US-downgrade + EU debt,-0.008082062005996704,-1,-0.0027989486698061228,-1,0.0027989486698061228,0.06588887702673674,,,,1,27.989486698061228,0.003161156550049782,-0.015138103626668453,-0.008082062005996704,-0.15482394903360208
2011-12-06,fold_2,2011 US-downgrade + EU debt,-0.00748191773891449,-1,0.0,0,-0.0,0.06588887702673674,,,,0,-0.0,0.0018111038953065872,-0.02339749038219452,-0.00748191773891449,0.0
2011-12-07,fold_2,2011 US-downgrade + EU debt,-0.010368742048740387,-1,-0.016961773857474327,-1,0.016961773857474327,0.08285065088421106,,,,1,169.61773857474327,0.0016939211636781693,-0.039122771471738815,-0.010368742048740387,-0.9509170080754884
2011-12-08,fold_2,2011 US-downgrade + EU debt,-0.00924353301525116,-1,0.015909889712929726,1,-0.015909889712929726,0.06694076117128134,,,,0,-159.09889712929726,0.001300932839512825,-0.024897422641515732,-0.00924353301525116,0.9709272968258564
2011-12-09,fold_2,2011 US-downgrade + EU debt,-0.012528292834758759,-1,-0.011287270113825798,-1,0.011287270113825798,0.07822803128510714,,,,1,112.87270113825798,-0.001995595172047615,-0.035672057420015335,-0.012528292834758759,-0.6731594202347267
2011-12-12,fold_2,2011 US-downgrade + EU debt,-0.012402474880218506,-1,-0.01105833426117897,-1,0.01105833426117897,0.0892863655462861,,,,1,110.5833426117897,0.008470194414258003,-0.03427647426724434,-0.012402474880218506,-0.6728694141096118
2011-12-13,fold_2,2011 US-downgrade + EU debt,-0.00930728018283844,-1,-0.015725282952189445,-1,0.015725282952189445,0.10501164849847555,,,,1,157.25282952189445,0.0065712835639715195,0.0059900484047830105,-0.00930728018283844,-0.9495455651902264
2011-12-14,fold_2,2011 US-downgrade + EU debt,-0.004868179559707642,-1,-0.002736423397436738,-1,0.002736423397436738,0.10774807189591229,,,,1,27.36423397436738,0.007779521867632866,0.007308221887797117,-0.004868179559707642,-0.16338743523011157
2011-12-15,fold_2,2011 US-downgrade + EU debt,0.0028802230954170227,1,0.005135253071784973,1,0.005135253071784973,0.11288332496769726,,,,1,51.35253071784973,0.008258109912276268,0.018533855676651,0.0028802230954170227,0.3142684862593917
2011-12-16,fold_2,2011 US-downgrade + EU debt,-0.0011248290538787842,-1,-0.009891687892377377,-1,0.009891687892377377,0.12277501286007464,,,,1,98.91687892377377,-0.0011462029069662094,0.021994922310113907,-0.0011248290538787842,-0.6382412654649806
2011-12-19,fold_2,2011 US-downgrade + EU debt,0.0013883411884307861,1,0.029208188876509666,1,0.029208188876509666,0.1519832017365843,,,,1,292.08188876509666,-0.007607216015458107,0.03560950607061386,0.0013883411884307861,1.8771779916831859
2011-12-20,fold_2,2011 US-downgrade + EU debt,-0.0014123469591140747,-1,-0.014407109469175339,-1,0.014407109469175339,0.16639031120575964,,,,1,144.0710946917534,-0.011443862691521645,-0.005223233252763748,-0.0014123469591140747,-0.8831967265206787
2011-12-21,fold_2,2011 US-downgrade + EU debt,-0.004033342003822327,-1,0.008489210158586502,1,-0.008489210158586502,0.15790110104717314,,,,0,-84.89210158586502,-0.012862959876656532,0.016353648155927658,-0.004033342003822327,0.5110574939016249
2011-12-22,fold_2,2011 US-downgrade + EU debt,-0.005633652210235596,-1,0.008596319705247879,1,-0.008596319705247879,0.14930478134192526,,,,0,-85.96319705247879,-0.01311868242919445,0.005002554971724749,-0.005633652210235596,0.5399180228938677
2011-12-23,fold_2,2011 US-downgrade + EU debt,-0.0010943859815597534,-1,0.0037228951696306467,1,-0.0037228951696306467,0.14558188617229462,,,,0,-37.22895169630647,-0.020782435312867165,0.015389706939458847,-0.0010943859815597534,0.23349997107919782
2011-12-27,fold_2,2011 US-downgrade + EU debt,0.008414864540100098,1,-0.011624548584222794,-1,-0.011624548584222794,0.13395733758807182,,,,0,-116.24548584222794,-0.011716475710272789,0.015876110643148422,0.008414864540100098,-0.8294704762865347
2011-12-28,fold_2,2011 US-downgrade + EU debt,0.006982855498790741,1,0.007169771008193493,1,0.007169771008193493,0.14112710859626532,,,,1,71.69771008193493,-0.017330778762698174,0.03569252789020538,0.006982855498790741,0.5054421435318919
2011-12-29,fold_2,2011 US-downgrade + EU debt,0.0025731325149536133,1,-0.002861881861463189,-1,-0.002861881861463189,0.13826522673480213,,,,0,-28.61881861463189,-0.03245978802442551,0.03198814019560814,0.0025731325149536133,-0.24368794404464716
2011-12-30,fold_2,2011 US-downgrade + EU debt,-0.006347522139549255,-1,0.018983472138643265,1,-0.018983472138643265,0.11928175459615886,,,,0,-189.83472138643265,-0.018638813868165016,0.03155828267335892,-0.006347522139549255,1.6280766304793013
2012-01-03,fold_2,2011 US-downgrade + EU debt,-0.006058543920516968,-1,0.004209298174828291,1,-0.004209298174828291,0.11507245642133057,,,,0,-42.09298174828291,-0.0041044410318136215,0.019837142899632454,-0.006058543920516968,0.3396611501012018
2012-01-04,fold_2,2011 US-downgrade + EU debt,-0.01404869556427002,-1,0.008191867731511593,1,-0.008191867731511593,0.10688058868981898,,,,0,-81.91867731511593,-0.0038526151329278946,0.01769336871802807,-0.01404869556427002,0.672157943262196
2012-01-05,fold_2,2011 US-downgrade + EU debt,-0.014777511358261108,-1,0.0034653828479349613,1,-0.0034653828479349613,0.10341520584188402,,,,0,-34.65382847934961,-0.004884088411927223,0.01344839483499527,-0.014777511358261108,0.28154617876989074
2012-01-06,fold_2,2011 US-downgrade + EU debt,-0.017000839114189148,-1,-0.0032917384523898363,-1,0.0032917384523898363,0.10670694429427385,,,,1,32.91738452389836,-0.010993191972374916,0.00638009374961257,-0.017000839114189148,-0.26690995994171485
2012-01-09,fold_2,2011 US-downgrade + EU debt,0.000285319983959198,1,0.0072623323649168015,1,0.0072623323649168015,0.11396927665919065,,,,1,72.62332364916801,-0.009845489636063576,0.018740149214863777,0.000285319983959198,0.6176430054681394
2012-01-10,fold_2,2011 US-downgrade + EU debt,-0.013145461678504944,-1,0.0020655242260545492,1,-0.0020655242260545492,0.1119037524331361,,,,0,-20.655242260545492,-0.018347235396504402,0.024675680324435234,-0.013145461678504944,0.18240113183113085
2012-01-11,fold_2,2011 US-downgrade + EU debt,-0.005860976874828339,-1,0.003946894314140081,1,-0.003946894314140081,0.10795685811899602,,,,0,-39.468943141400814,-0.010442854836583138,0.028810633346438408,-0.005860976874828339,0.3572210027434997
2012-01-12,fold_2,2011 US-downgrade + EU debt,0.006713509559631348,1,-0.0036029184702783823,-1,-0.0036029184702783823,0.10435393964871764,,,,0,-36.02918470278382,-0.01208764873445034,0.023359356448054314,0.006713509559631348,-0.33345716869875647
2012-01-13,fold_2,2011 US-downgrade + EU debt,0.003858320415019989,1,0.009068316780030727,1,0.009068316780030727,0.11342225642874837,,,,1,90.68316780030727,-0.0034682173281908035,0.027296697720885277,0.003858320415019989,0.8848621991021048
2012-01-17,fold_2,2011 US-downgrade + EU debt,0.009756125509738922,1,0.013197863474488258,1,0.013197863474488258,0.12662011990323663,,,,1,131.97863474488258,0.0003832913935184479,0.01638673059642315,0.009756125509738922,1.2654933739685277
2012-01-18,fold_2,2011 US-downgrade + EU debt,0.015121906995773315,1,0.006200478412210941,1,0.006200478412210941,0.13282059831544757,,,,1,62.00478412210941,0.0006883889436721802,0.015677636489272118,0.015121906995773315,0.5753151595477494
2012-01-19,fold_2,2011 US-downgrade + EU debt,0.013327710330486298,1,-0.0015043833991512656,-1,-0.0015043833991512656,0.1313162149162963,,,,0,-15.043833991512656,-0.0021978709846735,0.005996078252792358,0.013327710330486298,-0.14140463209322943
2012-01-20,fold_2,2011 US-downgrade + EU debt,0.016999006271362305,1,0.0003344228898640722,1,0.0003344228898640722,0.13165063780616038,,,,1,3.344228898640722,-0.005120685324072838,0.010485036298632622,0.016999006271362305,0.039788999324111236
2012-01-23,fold_2,2011 US-downgrade + EU debt,0.012687437236309052,1,-0.001841651159338653,-1,-0.001841651159338653,0.12980898664682172,,,,0,-18.41651159338653,0.01008501835167408,0.010978174395859241,0.012687437236309052,-0.23722331805890484
2012-01-24,fold_2,2011 US-downgrade + EU debt,0.017483659088611603,1,0.012488769367337227,1,0.012488769367337227,0.14229775601415895,,,,1,124.88769367337227,0.01192852295935154,0.014142458327114582,0.017483659088611603,1.6565615210635705
2012-01-25,fold_2,2011 US-downgrade + EU debt,0.011191271245479584,1,-0.0034810793586075306,-1,-0.0034810793586075306,0.13881667665555142,,,,0,-34.810793586075306,0.012875927612185478,0.009716147556900978,0.011191271245479584,-0.44592694704213065
2012-01-26,fold_2,2011 US-downgrade + EU debt,0.0049171969294548035,1,0.0029845747631043196,1,0.0029845747631043196,0.14180125141865574,,,,1,29.845747631043196,0.013483649119734764,0.01630597747862339,0.0049171969294548035,0.38259811683906547
2012-01-27,fold_2,2011 US-downgrade + EU debt,0.004523977637290955,1,0.000827561307232827,1,0.000827561307232827,0.14262881272588857,,,,1,8.27561307232827,0.003504440188407898,0.026951424777507782,0.004523977637290955,0.11205640185162051
2012-01-30,fold_2,2011 US-downgrade + EU debt,0.009327597916126251,1,0.0013226325390860438,1,0.0013226325390860438,0.1439514452649746,,,,1,13.226325390860438,0.002854006364941597,0.025317996740341187,0.009327597916126251,0.18340650606887668
2012-01-31,fold_2,2011 US-downgrade + EU debt,0.018955595791339874,1,0.008062458597123623,1,0.008062458597123623,0.15201390386209823,,,,1,80.62458597123623,0.004130518063902855,0.026089711114764214,0.018955595791339874,1.1214809968773007
2012-02-01,fold_2,2011 US-downgrade + EU debt,0.004225060343742371,1,0.003108750795945525,1,0.003108750795945525,0.15512265465804376,,,,1,31.08750795945525,-0.004820941016077995,0.023324616253376007,0.004225060343742371,0.5116638443727852
2012-02-02,fold_2,2011 US-downgrade + EU debt,0.020985007286071777,1,0.01363002136349678,1,0.01363002136349678,0.16875267602154054,,,,1,136.3002136349678,0.0055508092045784,0.027394801378250122,0.020985007286071777,2.2556782061599634
2012-02-03,fold_2,2011 US-downgrade + EU debt,0.00730065256357193,1,-0.0008058656821958721,-1,-0.0008058656821958721,0.16794681033934467,,,,0,-8.05865682195872,-0.002974899485707283,0.006745867431163788,0.00730065256357193,-0.12369304079839814
2012-02-06,fold_2,2011 US-downgrade + EU debt,0.011134795844554901,1,0.0020943458657711744,1,0.0020943458657711744,0.17004115620511584,,,,1,20.943458657711744,0.018270842730998993,0.01679355278611183,0.011134795844554901,0.3236356149482816
2012-02-07,fold_2,2011 US-downgrade + EU debt,0.01147410273551941,1,0.005297363270074129,1,0.005297363270074129,0.17533851947518997,,,,1,52.97363270074129,0.013914832845330238,0.01723337359726429,0.01147410273551941,0.8217622714312218
2012-02-08,fold_2,2011 US-downgrade + EU debt,0.004048824310302734,1,0.0071789356879889965,1,0.0071789356879889965,0.18251745516317897,,,,1,71.78935687988997,0.007135016843676567,0.004950869362801313,0.004048824310302734,1.130556543370586
2012-02-09,fold_2,2011 US-downgrade + EU debt,-0.004356980323791504,-1,-0.007018911652266979,-1,0.007018911652266979,0.18953636681544594,,,,1,70.18911652266979,0.017323452979326248,0.01137989480048418,-0.004356980323791504,-1.074317083326856
2012-02-10,fold_2,2011 US-downgrade + EU debt,-0.004471324384212494,-1,0.009241819381713867,1,-0.009241819381713867,0.18029454743373208,,,,0,-92.41819381713867,0.00889248214662075,0.015250276774168015,-0.004471324384212494,1.3874465085316885
2012-02-13,fold_2,2011 US-downgrade + EU debt,-0.01686495542526245,-1,0.00253416714258492,1,-0.00253416714258492,0.17776038029114716,,,,0,-25.3416714258492,0.010768167674541473,0.00884240958839655,-0.01686495542526245,0.3658105560002509
2012-02-14,fold_2,2011 US-downgrade + EU debt,-0.008154243230819702,-1,-0.006985141430050135,-1,0.006985141430050135,0.1847455217211973,,,,1,69.85141430050135,-0.00983203761279583,0.001738892518915236,-0.008154243230819702,-1.0506623351197235
2012-02-15,fold_2,2011 US-downgrade + EU debt,-0.002461053431034088,-1,0.013607961125671864,1,-0.013607961125671864,0.17113756059552543,,,,0,-136.07961125671864,-0.0030963514000177383,0.015335114672780037,-0.002461053431034088,2.209520931384703
2012-02-16,fold_2,2011 US-downgrade + EU debt,0.004668101668357849,1,-0.003148529212921858,-1,-0.003148529212921858,0.16798903138260357,,,,0,-31.48529212921858,-0.012555943801999092,0.005172334145754576,0.004668101668357849,-0.4679680087542468
2012-02-17,fold_2,2011 US-downgrade + EU debt,-0.0005917027592658997,-1,0.0028339524287730455,1,-0.0028339524287730455,0.16515507895383053,,,,0,-28.339524287730455,-0.007685249671339989,0.009727438911795616,-0.0005917027592658997,0.41944385103734144
2012-02-21,fold_2,2011 US-downgrade + EU debt,0.009667731821537018,1,-0.004569350276142359,-1,-0.004569350276142359,0.16058572867768817,,,,0,-45.69350276142359,0.005532082170248032,0.016990341246128082,0.009667731821537018,-0.6733801069912754
2012-02-22,fold_2,2011 US-downgrade + EU debt,-0.0023742392659187317,-1,0.006611080374568701,1,-0.006611080374568701,0.15397464830311947,,,,0,-66.11080374568701,-0.003032119944691658,0.01706789620220661,-0.0023742392659187317,0.9651470783620054
2012-02-23,fold_2,2011 US-downgrade + EU debt,-0.006661616265773773,-1,0.003445180831477046,1,-0.003445180831477046,0.15052946747164242,,,,0,-34.45180831477046,-0.0005622319877147675,0.018343226984143257,-0.006661616265773773,0.5360447494646549
2012-02-24,fold_2,2011 US-downgrade + EU debt,-0.0004144534468650818,-1,0.001406575320288539,1,-0.001406575320288539,0.14912289215135388,,,,0,-14.06575320288539,-0.0014917906373739243,0.014127819798886776,-0.0004144534468650818,0.21888569425971233
2012-02-27,fold_2,2011 US-downgrade + EU debt,-0.008438482880592346,-1,0.010096855461597443,1,-0.010096855461597443,0.13902603668975644,,,,0,-100.96855461597443,0.0016593094915151596,0.002339030848816037,-0.008438482880592346,1.5778658998156045
2012-02-28,fold_2,2011 US-downgrade + EU debt,-0.010269083082675934,-1,-0.004491796251386404,-1,0.004491796251386404,0.14351783294114284,,,,1,44.91796251386404,0.007383028045296669,-0.01761925034224987,-0.010269083082675934,-0.662199871345816
2012-02-29,fold_2,2011 US-downgrade + EU debt,-0.011708907783031464,-1,0.007886411622166634,1,-0.007886411622166634,0.1356314213189762,,,,0,-78.86411622166634,-0.0019585061818361282,-0.005449074786156416,-0.011708907783031464,1.151179852539622
2012-03-01,fold_2,2011 US-downgrade + EU debt,-0.013646461069583893,-1,-0.0007702261791564524,-1,0.0007702261791564524,0.13640164749813266,,,,1,7.702261791564524,0.008896049112081528,-0.0026220991276204586,-0.013646461069583893,-0.1125984819999919
2012-03-02,fold_2,2011 US-downgrade + EU debt,-0.012617439031600952,-1,-0.0103822136297822,-1,0.0103822136297822,0.14678386112791486,,,,1,103.822136297822,0.000830410048365593,0.0023094317875802517,-0.012617439031600952,-1.5251736877537474
2012-03-05,fold_2,2011 US-downgrade + EU debt,-0.002966642379760742,-1,-0.009861424565315247,-1,0.009861424565315247,0.1566452856932301,,,,1,98.61424565315247,0.008884843438863754,0.013153144158422947,-0.002966642379760742,-1.5137589597575667
2012-03-06,fold_2,2011 US-downgrade + EU debt,-0.007643423974514008,-1,0.007678378373384476,1,-0.007678378373384476,0.14896690731984563,,,,0,-76.78378373384476,0.011491531506180763,0.04144495725631714,-0.007643423974514008,1.1168153240786654
2012-03-07,fold_2,2011 US-downgrade + EU debt,-0.008730605244636536,-1,0.010713387280702591,1,-0.010713387280702591,0.13825352003914304,,,,0,-107.13387280702591,-0.0035417508333921432,0.037231557071208954,-0.008730605244636536,1.5151388808677082
2012-03-08,fold_2,2011 US-downgrade + EU debt,-0.011231571435928345,-1,0.004161304794251919,1,-0.004161304794251919,0.13409221524489112,,,,0,-41.61304794251919,-0.004098458215594292,0.029371794313192368,-0.011231571435928345,0.5645424096506517
2012-03-09,fold_2,2011 US-downgrade + EU debt,-0.002402953803539276,-1,0.0004614990612026304,1,-0.0004614990612026304,0.1336307161836885,,,,0,-4.614990612026304,-0.007908554747700691,0.024503981694579124,-0.002402953803539276,0.06361889606810102
2012-03-12,fold_2,2011 US-downgrade + EU debt,-0.007701054215431213,-1,0.01843038946390152,1,-0.01843038946390152,0.11520032671978697,,,,0,-184.3038946390152,-0.0053578708320856094,0.03108314424753189,-0.007701054215431213,2.602040314567907
2012-03-13,fold_2,2011 US-downgrade + EU debt,-0.005756571888923645,-1,0.0034649777226150036,1,-0.0034649777226150036,0.11173534899717197,,,,0,-34.649777226150036,-0.006907498463988304,0.01444236095994711,-0.005756571888923645,0.43695195041424706
2012-03-14,fold_2,2011 US-downgrade + EU debt,-0.013204135000705719,-1,0.0028536233585327864,1,-0.0028536233585327864,0.10888172563863918,,,,0,-28.536233585327864,-0.006056575104594231,0.011126581579446793,-0.013204135000705719,0.35906071161865233
2012-03-15,fold_2,2011 US-downgrade + EU debt,-0.010033197700977325,-1,-0.0007065081736072898,-1,0.0007065081736072898,0.10958823381224647,,,,1,7.065081736072898,-0.003361376002430916,0.006184988189488649,-0.010033197700977325,-0.09036301955303956
2012-03-16,fold_2,2011 US-downgrade + EU debt,-0.00897999107837677,-1,0.007040662225335836,1,-0.007040662225335836,0.10254757158691064,,,,0,-70.40662225335836,-0.002944657579064369,0.006294159684330225,-0.00897999107837677,0.9773428193550118
2012-03-19,fold_2,2011 US-downgrade + EU debt,-0.006548658013343811,-1,0.0017896058270707726,1,-0.0017896058270707726,0.10075796575983986,,,,0,-17.896058270707726,0.005172377452254295,0.016580747440457344,-0.006548658013343811,0.24380827020648896
2012-03-20,fold_2,2011 US-downgrade + EU debt,-0.005203597247600555,-1,0.0001491978910053149,1,-0.0001491978910053149,0.10060876786883455,,,,0,-1.4919789100531489,0.005624094977974892,0.01625809818506241,-0.005203597247600555,0.020371779229221194
2012-03-21,fold_2,2011 US-downgrade + EU debt,-0.009000644087791443,-1,-0.002087969798594713,-1,0.002087969798594713,0.10269673766742926,,,,1,20.879697985947132,0.00220448337495327,0.01214273739606142,-0.009000644087791443,-0.2879080999137984
2012-03-22,fold_2,2011 US-downgrade + EU debt,-0.008753664791584015,-1,-0.0005973368533886969,-1,0.0005973368533886969,0.10329407452081796,,,,1,5.973368533886969,0.0034166723489761353,0.010396905243396759,-0.008753664791584015,-0.0839512847838132
2012-03-23,fold_2,2011 US-downgrade + EU debt,-0.010820038616657257,-1,0.01732725091278553,1,-0.01732725091278553,0.08596682360803243,,,,0,-173.2725091278553,0.0022040437906980515,0.009071050211787224,-0.010820038616657257,2.4491804812367133
2012-03-26,fold_2,2011 US-downgrade + EU debt,-0.007584907114505768,-1,0.001466956571675837,1,-0.001466956571675837,0.08449986703635659,,,,0,-14.66956571675837,0.00367024727165699,0.0020533644128590822,-0.007584907114505768,0.18200350488989153
2012-03-27,fold_2,2011 US-downgrade + EU debt,-0.009318433701992035,-1,-0.003966162912547588,-1,0.003966162912547588,0.08846602994890418,,,,1,39.66162912547588,0.0024763811379671097,0.0002936256059911102,-0.009318433701992035,-0.5121378390983127
2012-03-28,fold_2,2011 US-downgrade + EU debt,-0.014257341623306274,-1,-0.0038338019512593746,-1,0.0038338019512593746,0.09229983190016355,,,,1,38.338019512593746,0.00044566020369529724,-0.0094646867364645,-0.014257341623306274,-0.49596645392931077
2012-03-29,fold_2,2011 US-downgrade + EU debt,-0.009604394435882568,-1,-0.001923191943205893,-1,0.001923191943205893,0.09422302384336945,,,,1,19.23191943205893,-0.0008725281804800034,0.000590998271945864,-0.009604394435882568,-0.2538937655513964
2014-03-28,fold_3,Taper tantrum and 2014 H1,-0.01757313683629036,-1,0.0070972987450659275,1,-0.0070972987450659275,-0.0070972987450659275,,,,0,-70.97298745065928,0.01215224526822567,-0.007842288352549076,-0.01757313683629036,0.9060127079641355
2014-03-31,fold_3,Taper tantrum and 2014 H1,-0.020846452564001083,-1,0.017413048073649406,1,-0.017413048073649406,-0.024510346818715334,,,,0,-174.13048073649406,0.012572063133120537,-0.0244788508862257,-0.020846452564001083,2.2274561662872308
2014-04-01,fold_3,Taper tantrum and 2014 H1,-0.019335206598043442,-1,0.0025748794432729483,1,-0.0025748794432729483,-0.027085226261988282,,,,0,-25.748794432729483,0.014679297804832458,-0.03270028531551361,-0.019335206598043442,0.31157741244076076
2014-04-02,fold_3,Taper tantrum and 2014 H1,-0.012507997453212738,-1,-0.007969930768013,-1,0.007969930768013,-0.01911529549397528,,,,1,79.69930768013,0.009231118485331535,-0.018278267234563828,-0.012507997453212738,-0.9647420670863133
2014-04-03,fold_3,Taper tantrum and 2014 H1,-0.011910952627658844,-1,-0.02695758268237114,-1,0.02695758268237114,0.007842287188395858,,,,1,269.5758268237114,0.0053215473890304565,-0.04177101328969002,-0.011910952627658844,-3.1906397371676727
2014-04-04,fold_3,Taper tantrum and 2014 H1,-0.010064177215099335,-1,-0.009539262391626835,-1,0.009539262391626835,0.017381549580022693,,,,1,95.39262391626835,0.00766349770128727,-0.026514969766139984,-0.010064177215099335,-0.9243960077394551
2014-04-07,fold_3,Taper tantrum and 2014 H1,-0.017891477793455124,-1,0.009191613644361496,1,-0.009191613644361496,0.008189935935661197,,,,0,-91.91613644361496,0.015040607191622257,-0.00915968231856823,-0.017891477793455124,0.8724212064864433
2014-04-08,fold_3,Taper tantrum and 2014 H1,-0.014670021831989288,-1,0.016996895894408226,1,-0.016996895894408226,-0.00880695995874703,,,,0,-169.96895894408226,0.014325620606541634,-0.015053289011120796,-0.014670021831989288,1.5898401667635498
2014-04-09,fold_3,Taper tantrum and 2014 H1,-0.012828603386878967,-1,-0.03146267682313919,-1,0.03146267682313919,0.02265571686439216,,,,1,314.6267682313919,0.011643072590231895,-0.018851255998015404,-0.012828603386878967,-2.7805663507372933
2014-04-10,fold_3,Taper tantrum and 2014 H1,-0.008474752306938171,-1,-0.01170154195278883,-1,0.01170154195278883,0.03435725881718099,,,,1,117.0154195278883,0.013892687857151031,0.012843403033912182,-0.008474752306938171,-0.9044168442628483
2014-04-11,fold_3,Taper tantrum and 2014 H1,-0.011117182672023773,-1,0.007816024124622345,1,-0.007816024124622345,0.026541234692558646,,,,0,-78.16024124622345,0.010120267048478127,0.031941864639520645,-0.011117182672023773,0.5961510368720718
2014-04-14,fold_3,Taper tantrum and 2014 H1,-0.005823858082294464,-1,0.0032980076503008604,1,-0.0032980076503008604,0.023243227042257786,,,,0,-32.980076503008604,0.00829753652215004,0.0320403128862381,-0.005823858082294464,0.25212227676228055
2014-04-15,fold_3,Taper tantrum and 2014 H1,-0.006629623472690582,-1,0.013198929838836193,1,-0.013198929838836193,0.010044297203421593,,,,0,-131.98929838836193,0.007053490728139877,0.01990613155066967,-0.006629623472690582,1.029239149505944
2014-04-16,fold_3,Taper tantrum and 2014 H1,-0.0020916908979415894,-1,0.0002319830673513934,1,-0.0002319830673513934,0.0098123141360702,,,,0,-2.319830673513934,-0.0013584550470113754,0.016228817403316498,-0.0020916908979415894,0.017704409515367756
2014-04-17,fold_3,Taper tantrum and 2014 H1,-0.0035102590918540955,-1,0.007396920118480921,1,-0.007396920118480921,0.0024153940175892785,,,,0,-73.96920118480921,-0.0030319560319185257,-0.00011613046081038192,-0.0035102590918540955,0.5651443196261554
2014-04-21,fold_3,Taper tantrum and 2014 H1,-0.004708617925643921,-1,0.007914471440017223,1,-0.007914471440017223,-0.005499077422427945,,,,0,-79.14471440017223,0.003086315467953682,-0.004269872326403856,-0.004708617925643921,0.6129573868021266
2014-04-22,fold_3,Taper tantrum and 2014 H1,-0.010046683251857758,-1,-0.008836171589791775,-1,0.008836171589791775,0.00333709416736383,,,,1,88.36171589791775,0.000849379226565361,-0.004236620385199785,-0.010046683251857758,-0.685870461320646
2014-04-23,fold_3,Taper tantrum and 2014 H1,-0.021952781826257706,-1,0.009521614760160446,1,-0.009521614760160446,-0.006184520592796616,,,,0,-95.21614760160446,-0.00674411840736866,0.007235391531139612,-0.021952781826257706,0.7316941727822702
2014-04-24,fold_3,Taper tantrum and 2014 H1,-0.015931524336338043,-1,-0.01611296460032463,-1,0.01611296460032463,0.009928444007528014,,,,1,161.1296460032463,-0.0036945994943380356,0.0006843045121058822,-0.015931524336338043,-1.252605071352228
2014-04-25,fold_3,Taper tantrum and 2014 H1,-0.00992574542760849,-1,0.0032431783620268106,1,-0.0032431783620268106,0.006685265645501204,,,,0,-32.43178362026811,-0.0015964005142450333,0.01497045811265707,-0.00992574542760849,0.2438609425001167
2014-04-28,fold_3,Taper tantrum and 2014 H1,-0.00879223644733429,-1,0.00794772244989872,1,-0.00794772244989872,-0.001262456804397516,,,,0,-79.4772244989872,-0.006540970876812935,0.016970984637737274,-0.00879223644733429,0.5970399685811895
2014-04-29,fold_3,Taper tantrum and 2014 H1,-0.014191508293151855,-1,0.0026358403265476227,1,-0.0026358403265476227,-0.0038982971309451386,,,,0,-26.358403265476227,-0.002591656520962715,-0.004023039247840643,-0.014191508293151855,0.19765020906525657
2014-04-30,fold_3,Taper tantrum and 2014 H1,-0.01627398654818535,-1,0.002970527159050107,1,-0.002970527159050107,-0.006868824289995246,,,,0,-29.70527159050107,-0.0019682999700307846,-0.00954312551766634,-0.01627398654818535,0.2326464559028697
2014-05-01,fold_3,Taper tantrum and 2014 H1,0.00020544230937957764,1,-0.0018268103012815118,-1,-0.0018268103012815118,-0.008695634591276757,,,,0,-18.268103012815118,-0.0009182747453451157,-0.013438626192510128,0.00020544230937957764,-0.14302445624634064
2014-05-02,fold_3,Taper tantrum and 2014 H1,-0.001325748860836029,-1,0.005243705119937658,1,-0.005243705119937658,-0.013939339711214416,,,,0,-52.43705119937658,0.005184520035982132,-0.007918200455605984,-0.001325748860836029,0.41437903964715017
2014-05-05,fold_3,Taper tantrum and 2014 H1,-0.014230720698833466,-1,-0.013046301901340485,-1,0.013046301901340485,-0.0008930378098739311,,,,1,130.46301901340485,0.0054203178733587265,0.003178476123139262,-0.014230720698833466,-1.1660932572157228
2014-05-06,fold_3,Taper tantrum and 2014 H1,-0.007841505110263824,-1,-0.002884245477616787,-1,0.002884245477616787,0.001991207667742856,,,,1,28.84245477616787,0.00963473692536354,0.016904594376683235,-0.007841505110263824,-0.25381310969980364
2014-05-07,fold_3,Taper tantrum and 2014 H1,-0.006268896162509918,-1,-0.0009249738068319857,-1,0.0009249738068319857,0.0029161814745748416,,,,1,9.249738068319857,0.002635166049003601,0.01456519030034542,-0.006268896162509918,-0.08262502824968634
2014-05-08,fold_3,Taper tantrum and 2014 H1,-0.016366977244615555,-1,0.003693615784868598,1,-0.003693615784868598,-0.0007774343102937564,,,,0,-36.93615784868598,0.0042617227882146835,0.00760283088311553,-0.016366977244615555,0.3507050202758788
2014-05-09,fold_3,Taper tantrum and 2014 H1,-0.01231791079044342,-1,0.016340382397174835,1,-0.016340382397174835,-0.01711781670746859,,,,0,-163.40382397174835,0.006272623315453529,0.010429514572024345,-0.01231791079044342,2.073398925339283
2014-05-12,fold_3,Taper tantrum and 2014 H1,-0.01659790426492691,-1,0.0006798167596571147,1,-0.0006798167596571147,-0.017797633467125706,,,,0,-6.798167596571147,0.0080783162266016,0.0010198835516348481,-0.01659790426492691,0.08207038410880037
2014-05-13,fold_3,Taper tantrum and 2014 H1,-0.02431066334247589,-1,-0.005223650485277176,-1,0.005223650485277176,-0.01257398298184853,,,,1,52.23650485277176,0.014295712113380432,-0.00328986463136971,-0.02431066334247589,-0.6450313470035096
2014-05-14,fold_3,Taper tantrum and 2014 H1,-0.022066835314035416,-1,-0.007887332700192928,-1,0.007887332700192928,-0.004686650281655602,,,,1,78.87332700192928,0.01981751248240471,0.011433972977101803,-0.022066835314035416,-0.9679146831549944
2014-05-15,fold_3,Taper tantrum and 2014 H1,-0.010223284363746643,-1,0.006520299706608057,1,-0.006520299706608057,-0.01120694998826366,,,,0,-65.20299706608057,0.017011236399412155,0.023701516911387444,-0.010223284363746643,0.8361923425833073
2014-05-16,fold_3,Taper tantrum and 2014 H1,-0.009308435022830963,-1,0.0069307503290474415,1,-0.0069307503290474415,-0.0181377003173111,,,,0,-69.30750329047441,0.011964252218604088,0.02443923056125641,-0.009308435022830963,0.8737077739859721
2014-05-19,fold_3,Taper tantrum and 2014 H1,-0.008392557501792908,-1,-0.0036299314815551043,-1,0.0036299314815551043,-0.014507768835755996,,,,1,36.29931481555104,0.02111756056547165,0.029892729595303535,-0.008392557501792908,-0.45881738372934977
2014-05-20,fold_3,Taper tantrum and 2014 H1,-0.015835031867027283,-1,0.009500186890363693,1,-0.009500186890363693,-0.02400795572611969,,,,0,-95.00186890363693,0.020653609186410904,0.03044099360704422,-0.015835031867027283,1.225258190591561
2014-05-21,fold_3,Taper tantrum and 2014 H1,-0.014524020254611969,-1,0.004380210768431425,1,-0.004380210768431425,-0.028388166494551115,,,,0,-43.80210768431425,0.017175011336803436,0.027313604950904846,-0.014524020254611969,0.5620858252523185
2014-05-22,fold_3,Taper tantrum and 2014 H1,-0.012976773083209991,-1,0.007258014287799597,1,-0.007258014287799597,-0.03564618078235071,,,,0,-72.58014287799597,0.008947979658842087,0.023042934015393257,-0.012976773083209991,0.9600542360580507
2014-05-23,fold_3,Taper tantrum and 2014 H1,-0.017908141016960144,-1,0.012384248897433281,1,-0.012384248897433281,-0.04803042967978399,,,,0,-123.84248897433281,0.012453628703951836,0.014798999764025211,-0.017908141016960144,1.8101637895137987
2014-05-27,fold_3,Taper tantrum and 2014 H1,-0.010573260486125946,-1,-0.0030816674698144197,-1,0.0030816674698144197,-0.04494876220996957,,,,1,30.816674698144197,0.014536942355334759,0.0019759966526180506,-0.010573260486125946,-0.4195607894926704
2014-05-28,fold_3,Taper tantrum and 2014 H1,-0.021897636353969574,-1,0.006372798699885607,1,-0.006372798699885607,-0.05132156090985518,,,,0,-63.72798699885607,0.005143566057085991,0.008779807947576046,-0.021897636353969574,0.8900581927586882
2014-05-29,fold_3,Taper tantrum and 2014 H1,-0.03130340203642845,-1,0.00010953944001812488,1,-0.00010953944001812488,-0.051431100349873304,,,,0,-1.0953944001812488,-0.0025654826313257217,0.010785252787172794,-0.03130340203642845,0.015053706886225565
2014-05-30,fold_3,Taper tantrum and 2014 H1,-0.0222025066614151,-1,-0.0009859201963990927,-1,0.0009859201963990927,-0.05044518015347421,,,,1,9.859201963990927,-0.0002915728837251663,0.01640191674232483,-0.0222025066614151,-0.13605960599780215
2014-06-02,fold_3,Taper tantrum and 2014 H1,-0.026356276124715805,-1,-0.00043875392293557525,-1,0.00043875392293557525,-0.050006426230538636,,,,1,4.3875392293557525,-0.005649855360388756,0.016633290797472,-0.026356276124715805,-0.060617508986671356
2014-06-03,fold_3,Taper tantrum and 2014 H1,-0.0253819040954113,-1,0.003722143592312932,1,-0.003722143592312932,-0.05372856982285157,,,,0,-37.22143592312932,0.0021407175809144974,0.018795523792505264,-0.0253819040954113,0.52107920808085
2014-06-04,fold_3,Taper tantrum and 2014 H1,-0.029891114681959152,-1,0.008378244005143642,1,-0.008378244005143642,-0.06210681382799521,,,,0,-83.78244005143642,2.7779489755630493e-05,0.014858423732221127,-0.029891114681959152,1.2746072309545615
2014-06-05,fold_3,Taper tantrum and 2014 H1,-0.020061708986759186,-1,0.005726202856749296,1,-0.005726202856749296,-0.06783301668474451,,,,0,-57.26202856749296,-0.00011597387492656708,-0.002603821223601699,-0.020061708986759186,0.841536314923747
2014-06-06,fold_3,Taper tantrum and 2014 H1,-0.01148851215839386,-1,-0.0007545453845523298,-1,0.0007545453845523298,-0.06707847130019218,,,,1,7.545453845523298,0.009147917851805687,-0.005401598289608955,-0.01148851215839386,-0.1090258095653863
2014-06-09,fold_3,Taper tantrum and 2014 H1,-0.007953144609928131,-1,0.0017234788974747062,1,-0.0017234788974747062,-0.06880195019766688,,,,0,-17.23478897474706,0.017171476036310196,-0.0037802942097187042,-0.007953144609928131,0.2507459024618815
2014-06-10,fold_3,Taper tantrum and 2014 H1,-0.011950567364692688,-1,-0.00021495713735930622,-1,0.00021495713735930622,-0.06858699306030758,,,,1,2.149571373593062,0.018558962270617485,-0.004963437560945749,-0.011950567364692688,-0.036842175568203905
2014-06-11,fold_3,Taper tantrum and 2014 H1,-0.02883230522274971,-1,-0.009084000252187252,-1,0.009084000252187252,-0.059502992808120325,,,,1,90.84000252187252,0.01024930365383625,0.0008610818767920136,-0.02883230522274971,-1.557411019774264
2014-06-12,fold_3,Taper tantrum and 2014 H1,-0.03350032866001129,-1,0.0029284260235726833,1,-0.0029284260235726833,-0.06243141883169301,,,,0,-29.284260235726833,0.01130015030503273,0.009298957884311676,-0.03350032866001129,0.48285032094804403
2014-06-13,fold_3,Taper tantrum and 2014 H1,-0.027100566774606705,-1,0.0008667586953379214,1,-0.0008667586953379214,-0.06329817752703093,,,,0,-8.667586953379214,0.003017313778400421,0.007546482607722282,-0.027100566774606705,0.1484276600289527
2014-06-16,fold_3,Taper tantrum and 2014 H1,-0.02289990335702896,-1,0.0005403357790783048,1,-0.0005403357790783048,-0.06383851330610923,,,,0,-5.403357790783048,0.004624010995030403,0.006895371712744236,-0.02289990335702896,0.09549964981027752
2014-06-17,fold_3,Taper tantrum and 2014 H1,-0.019420847296714783,-1,0.005609562154859304,1,-0.005609562154859304,-0.06944807546096854,,,,0,-56.095621548593044,0.007149850949645042,0.005384569056332111,-0.019420847296714783,1.0306115744567852
2014-06-18,fold_3,Taper tantrum and 2014 H1,-0.01112954318523407,-1,-0.000646124710328877,-1,0.000646124710328877,-0.06880195075063966,,,,1,6.46124710328877,0.002237759530544281,0.006119376048445702,-0.01112954318523407,-0.11691776295906459
2014-06-19,fold_3,Taper tantrum and 2014 H1,-0.010403119027614594,-1,0.001175950514152646,1,-0.001175950514152646,-0.06997790126479231,,,,0,-11.75950514152646,-0.005234876647591591,0.007301395758986473,-0.010403119027614594,0.2304085862318534
2014-06-20,fold_3,Taper tantrum and 2014 H1,0.0030318424105644226,1,0.0002156479167751968,1,0.0002156479167751968,-0.06976225334801711,,,,1,2.156479167751968,-0.004388442263007164,0.010508253239095211,0.0030318424105644226,0.04299375123078296
2014-06-23,fold_3,Taper tantrum and 2014 H1,-0.0012023299932479858,-1,-0.0009704668773338199,-1,0.0009704668773338199,-0.06879178647068329,,,,1,9.704668773338199,-0.005201386287808418,0.011997771449387074,-0.0012023299932479858,-0.20447154155560207
2014-06-24,fold_3,Taper tantrum and 2014 H1,-0.004420101642608643,-1,0.006344369146972895,1,-0.006344369146972895,-0.07513615561765619,,,,0,-63.44369146972895,-0.009736793115735054,0.023876363411545753,-0.004420101642608643,1.643309511582408
2014-06-25,fold_3,Taper tantrum and 2014 H1,-0.014276422560214996,-1,0.0005358947673812509,1,-0.0005358947673812509,-0.07567205038503744,,,,0,-5.358947673812509,-0.00828535296022892,0.019215893000364304,-0.014276422560214996,0.13215691458243795
2014-06-26,fold_3,Taper tantrum and 2014 H1,-0.013584166765213013,-1,0.00438280776143074,1,-0.00438280776143074,-0.08005485814646818,,,,0,-43.828077614307404,-0.006513906642794609,0.024969423189759254,-0.013584166765213013,1.1539035577103673
2014-06-27,fold_3,Taper tantrum and 2014 H1,-0.01577787846326828,-1,0.0017051667673513293,1,-0.0017051667673513293,-0.0817600249138195,,,,0,-17.051667673513293,-0.0059620533138513565,0.01755196787416935,-0.01577787846326828,0.4347071467681163
2014-06-30,fold_3,Taper tantrum and 2014 H1,-0.013842329382896423,-1,0.010908124968409538,1,-0.010908124968409538,-0.09266814988222905,,,,0,-109.08124968409538,-0.005910618230700493,0.0037202120292931795,-0.013842329382896423,2.7721612507452202
2014-07-01,fold_3,Taper tantrum and 2014 H1,-0.01501813530921936,-1,0.0016838997835293412,1,-0.0016838997835293412,-0.09435204966575839,,,,0,-16.838997835293412,-0.00423734076321125,0.0002107195177813992,-0.01501813530921936,0.36381104072122655
2014-07-02,fold_3,Taper tantrum and 2014 H1,-0.009005986154079437,-1,0.00628942484036088,1,-0.00628942484036088,-0.10064147450611927,,,,0,-62.8942484036088,-0.00770946778357029,-0.0046371459029614925,-0.009005986154079437,1.3766643287193563
2014-07-03,fold_3,Taper tantrum and 2014 H1,-0.007532365620136261,-1,-0.0030346480198204517,-1,0.0030346480198204517,-0.09760682648629881,,,,1,30.346480198204517,-0.013886740431189537,-0.004503125324845314,-0.007532365620136261,-0.6900461447877146
2014-07-07,fold_3,Taper tantrum and 2014 H1,-0.009647414088249207,-1,-0.012126589193940163,-1,0.012126589193940163,-0.08548023729235865,,,,1,121.26589193940163,-0.01260882057249546,0.004496706649661064,-0.009647414088249207,-2.8455543192125514
2014-07-08,fold_3,Taper tantrum and 2014 H1,-0.008674629032611847,-1,0.007398632355034351,1,-0.007398632355034351,-0.092878869647393,,,,0,-73.98632355034351,-0.011120175942778587,0.013173858635127544,-0.008674629032611847,1.4655670883826315
2014-07-09,fold_3,Taper tantrum and 2014 H1,-0.012772120535373688,-1,-0.0031639656517654657,-1,0.0031639656517654657,-0.08971490399562754,,,,1,31.639656517654657,-0.005245009437203407,0.00974604208022356,-0.012772120535373688,-0.5971461092102441
2014-07-10,fold_3,Taper tantrum and 2014 H1,-0.008150167763233185,-1,0.006423445418477058,1,-0.006423445418477058,-0.0961383494141046,,,,0,-64.23445418477058,-0.0017472188919782639,-0.0004228194011375308,-0.008150167763233185,1.2017025952140485
2014-07-11,fold_3,Taper tantrum and 2014 H1,-0.004727959632873535,-1,0.0059651839546859264,1,-0.0059651839546859264,-0.10210353336879052,,,,0,-59.651839546859264,0.0007257889956235886,0.008882122114300728,-0.004727959632873535,1.1585792441699563
2014-07-14,fold_3,Taper tantrum and 2014 H1,-0.00481385737657547,-1,-0.003449437441304326,-1,0.003449437441304326,-0.0986540959274862,,,,1,34.49437441304326,-0.0008733272552490234,0.0016677516978234053,-0.00481385737657547,-0.6535234140812817
2014-07-15,fold_3,Taper tantrum and 2014 H1,-0.005698099732398987,-1,0.003970816265791655,1,-0.003970816265791655,-0.10262491219327785,,,,0,-39.708162657916546,0.001081695780158043,0.01145125925540924,-0.005698099732398987,0.7448884330714018
2014-07-16,fold_3,Taper tantrum and 2014 H1,-0.00804072618484497,-1,-0.013332827016711235,-1,0.013332827016711235,-0.08929208517656662,,,,1,133.32827016711235,-0.0021826010197401047,0.013877581804990768,-0.00804072618484497,-2.467743478875805
2014-07-17,fold_3,Taper tantrum and 2014 H1,-0.00347069650888443,-1,0.015728386119008064,1,-0.015728386119008064,-0.10502047129557468,,,,0,-157.28386119008064,-0.003560991957783699,0.026078633964061737,-0.00347069650888443,2.603183061654549
2014-07-18,fold_3,Taper tantrum and 2014 H1,-0.004312463104724884,-1,-0.0012491863453760743,-1,0.0012491863453760743,-0.1037712849501986,,,,1,12.491863453760743,-0.004486093297600746,0.006429646164178848,-0.004312463104724884,-0.17872204598867492
2014-07-21,fold_3,Taper tantrum and 2014 H1,-0.004648104310035706,-1,0.006334070116281509,1,-0.006334070116281509,-0.11010535506648012,,,,0,-63.340701162815094,-0.0007051639258861542,0.007989144884049892,-0.004648104310035706,0.9061378421587718
2014-07-22,fold_3,Taper tantrum and 2014 H1,-0.0059527382254600525,-1,0.00639713928103447,1,-0.00639713928103447,-0.11650249434751458,,,,0,-63.971392810344696,0.0011901743710041046,-0.00010333875979995355,-0.0059527382254600525,0.8969545824667564
2014-07-23,fold_3,Taper tantrum and 2014 H1,-0.009475722908973694,-1,-0.0011317766038700938,-1,0.0011317766038700938,-0.11537071774364449,,,,1,11.317766038700938,-0.004053296521306038,-0.002574207494035363,-0.009475722908973694,-0.15565918702123097
2014-07-24,fold_3,Taper tantrum and 2014 H1,-0.008345037698745728,-1,-0.003920600283890963,-1,0.003920600283890963,-0.11145011745975353,,,,1,39.206002838909626,-0.007392795756459236,-0.021860044449567795,-0.008345037698745728,-0.5494414230069968
2014-07-25,fold_3,Taper tantrum and 2014 H1,-0.009544551372528076,-1,0.0003103120543528348,1,-0.0003103120543528348,-0.11176042951410636,,,,0,-3.103120543528348,-0.007773963734507561,-0.021629933267831802,-0.009544551372528076,0.04316926421390465
2014-07-28,fold_3,Taper tantrum and 2014 H1,-0.009859971702098846,-1,-0.001758413389325142,-1,0.001758413389325142,-0.11000201612478122,,,,1,17.58413389325142,-0.0057008396834135056,-0.015097670257091522,-0.009859971702098846,-0.24691679954321788
2014-07-29,fold_3,Taper tantrum and 2014 H1,-0.011107586324214935,-1,0.003926270641386509,1,-0.003926270641386509,-0.11392828676616773,,,,0,-39.26270641386509,-0.0057963598519563675,-0.02102711983025074,-0.011107586324214935,0.5512776424635283
2014-07-30,fold_3,Taper tantrum and 2014 H1,-0.011036783456802368,-1,-0.02041761204600334,-1,0.02041761204600334,-0.09351067472016439,,,,1,204.17612046003342,-0.003680722787976265,-0.025693856179714203,-0.011036783456802368,-3.0253746553661913
2014-07-31,fold_3,Taper tantrum and 2014 H1,-0.008931130170822144,-1,-0.003690489800646901,-1,0.003690489800646901,-0.08982018491951749,,,,1,36.90489800646901,-0.0013713929802179337,-0.008454873226583004,-0.008931130170822144,-0.4534157647166218
2014-08-01,fold_3,Taper tantrum and 2014 H1,-0.012255102396011353,-1,0.0068425750359892845,1,-0.0068425750359892845,-0.09666275995550677,,,,0,-68.42575035989285,0.001674821600317955,0.0024269213899970055,-0.012255102396011353,0.8490340969905606
2014-08-04,fold_3,Taper tantrum and 2014 H1,-0.011683396995067596,-1,-0.007687862496823072,-1,0.007687862496823072,-0.0889748974586837,,,,1,76.87862496823072,0.003870619460940361,0.001467795460484922,-0.011683396995067596,-0.9404013445423478
2014-08-05,fold_3,Taper tantrum and 2014 H1,-0.014570541679859161,-1,-0.0007404669304378331,-1,0.0007404669304378331,-0.08823443052824587,,,,1,7.404669304378331,0.005423175171017647,0.008736382238566875,-0.014570541679859161,-0.0937116027863874
2014-08-06,fold_3,Taper tantrum and 2014 H1,-0.013782031834125519,-1,-0.00317862955853343,-1,0.00317862955853343,-0.08505580096971244,,,,1,31.7862955853343,0.004701456055045128,0.02000616118311882,-0.013782031834125519,-0.41130322963078586
2014-08-07,fold_3,Taper tantrum and 2014 H1,-0.014601930975914001,-1,0.007191305048763752,1,-0.007191305048763752,-0.09224710601847619,,,,0,-71.91305048763752,-0.0009459573775529861,0.028356796130537987,-0.014601930975914001,0.9304928116568347
2014-08-08,fold_3,Taper tantrum and 2014 H1,-0.011905118823051453,-1,0.005883449222892523,1,-0.005883449222892523,-0.09813055524136871,,,,0,-58.83449222892523,0.00014219991862773895,0.02600216120481491,-0.011905118823051453,0.757958197237931
2014-08-11,fold_3,Taper tantrum and 2014 H1,-0.008511871099472046,-1,-0.0004192753112874925,-1,0.0004192753112874925,-0.09771127993008122,,,,1,4.192753112874925,0.0010824427008628845,0.02778947539627552,-0.008511871099472046,-0.05403648788866629
2014-08-12,fold_3,Taper tantrum and 2014 H1,-0.011721044778823853,-1,0.010529312305152416,1,-0.010529312305152416,-0.10824059223523363,,,,0,-105.29312305152416,2.1804124116897583e-05,0.03379705175757408,-0.011721044778823853,1.363679603234186
2014-08-13,fold_3,Taper tantrum and 2014 H1,-0.01496395468711853,-1,0.0051720053888857365,1,-0.0051720053888857365,-0.11341259762411937,,,,0,-51.720053888857365,-0.0027164462953805923,0.02326774038374424,-0.01496395468711853,0.6446265908960627
2014-08-14,fold_3,Taper tantrum and 2014 H1,-0.010835804045200348,-1,0.004836669657379389,1,-0.004836669657379389,-0.11824926728149876,,,,0,-48.36669657379389,-0.002736130729317665,0.020119888707995415,-0.010835804045200348,0.6416355422554882
2014-08-15,fold_3,Taper tantrum and 2014 H1,-0.014967359602451324,-1,0.007670763414353132,1,-0.007670763414353132,-0.1259200306958519,,,,0,-76.70763414353132,-0.002751188352704048,0.016798965632915497,-0.014967359602451324,1.135661916793589
2014-08-18,fold_3,Taper tantrum and 2014 H1,-0.014013953506946564,-1,0.005588300991803408,1,-0.005588300991803408,-0.1315083316876553,,,,0,-55.88300991803408,0.0008500758558511734,0.012655028142035007,-0.014013953506946564,0.8025449421832442
2014-08-19,fold_3,Taper tantrum and 2014 H1,-0.016339801251888275,-1,0.0,0,-0.0,-0.1315083316876553,,,,0,-0.0,-0.002764074131846428,0.008072314783930779,-0.016339801251888275,0.0
2014-08-20,fold_3,Taper tantrum and 2014 H1,-0.015317261219024658,-1,0.0020241537131369114,1,-0.0020241537131369114,-0.1335324854007922,,,,0,-20.241537131369114,-0.0003778580576181412,0.008273630402982235,-0.015317261219024658,0.2984589132808147
2014-08-21,fold_3,Taper tantrum and 2014 H1,-0.007404066622257233,-1,0.0015157470479607582,1,-0.0015157470479607582,-0.13504823244875297,,,,0,-15.157470479607582,-0.0016425009816884995,0.005143505055457354,-0.007404066622257233,0.22315366394154962
2014-08-22,fold_3,Taper tantrum and 2014 H1,-0.012185655534267426,-1,0.00352682638913393,1,-0.00352682638913393,-0.1385750588378869,,,,0,-35.2682638913393,0.0006806794553995132,0.007342625875025988,-0.012185655534267426,0.5229497782812355
2014-08-25,fold_3,Taper tantrum and 2014 H1,-0.007653228938579559,-1,0.0010055879829451442,1,-0.0010055879829451442,-0.13958064682083204,,,,0,-10.055879829451442,0.003459591418504715,0.00671806838363409,-0.007653228938579559,0.14810494098229504
2014-08-26,fold_3,Taper tantrum and 2014 H1,-0.006321482360363007,-1,0.0002013150224229321,1,-0.0002013150224229321,-0.13978196184325498,,,,0,-2.013150224229321,0.003356942906975746,-0.00020076821965631098,-0.006321482360363007,0.029683580416780462
2014-08-27,fold_3,Taper tantrum and 2014 H1,-0.013601228594779968,-1,-0.0011059711687266827,-1,0.0011059711687266827,-0.1386759906745283,,,,1,11.059711687266827,0.003575209528207779,-0.0013072571018710732,-0.013601228594779968,-0.16445378893942256
2014-08-28,fold_3,Taper tantrum and 2014 H1,-0.0065329596400260925,-1,0.0037148678675293922,1,-0.0037148678675293922,-0.14239085854205769,,,,0,-37.14867867529392,0.006250990554690361,0.004816656932234764,-0.0065329596400260925,0.7513692050723919
2014-08-29,fold_3,Taper tantrum and 2014 H1,-0.01071929931640625,-1,0.002902268897742033,1,-0.002902268897742033,-0.14529312743979972,,,,0,-29.02268897742033,0.004276646301150322,0.0030023581348359585,-0.01071929931640625,0.5869045800932715
2014-09-02,fold_3,Taper tantrum and 2014 H1,-0.0040764957666397095,-1,-0.005913248751312494,-1,0.005913248751312494,-0.13937987868848722,,,,1,59.13248751312494,0.006625412032008171,-0.008227802813053131,-0.0040764957666397095,-1.2456932093143112
2014-09-03,fold_3,Taper tantrum and 2014 H1,-0.004471182823181152,-1,-0.0009051738306879997,-1,0.0009051738306879997,-0.13847470485779922,,,,1,9.051738306879997,0.006243150681257248,0.005913248751312494,-0.004471182823181152,-0.19600618181372603
2014-09-04,fold_3,Taper tantrum and 2014 H1,-0.0037071257829666138,-1,0.005017942748963833,1,-0.005017942748963833,-0.14349264760676306,,,,0,-50.17942748963833,0.006710316985845566,0.0060186004266142845,-0.0037071257829666138,1.0862393282937621
2014-09-05,fold_3,Taper tantrum and 2014 H1,0.0048780739307403564,1,0.0019005690701305866,1,0.0019005690701305866,-0.14159207853663247,,,,1,19.005690701305866,0.00813986174762249,-0.004112768918275833,0.0048780739307403564,0.40433892746950595
2014-09-08,fold_3,Taper tantrum and 2014 H1,-0.004185184836387634,-1,-0.008327892050147057,-1,0.008327892050147057,-0.13326418648648541,,,,1,83.27892050147057,0.010267660021781921,-0.01571054756641388,-0.004185184836387634,-1.8768245623151516
2014-09-09,fold_3,Taper tantrum and 2014 H1,-0.0021475479006767273,-1,0.008227802813053131,1,-0.008227802813053131,-0.14149198929953855,,,,0,-82.27802813053131,0.012223917990922928,0.001308427657932043,-0.0021475479006767273,1.777519263451231
2014-09-10,fold_3,Taper tantrum and 2014 H1,-0.007804788649082184,-1,-0.0007998223882168531,-1,0.0007998223882168531,-0.1406921669113217,,,,1,7.998223882168531,0.0075630247592926025,-0.00541094271466136,-0.007804788649082184,-0.16060189297344188
2014-09-11,fold_3,Taper tantrum and 2014 H1,-0.010186843574047089,-1,-0.005113426595926285,-1,0.005113426595926285,-0.1355787403153954,,,,1,51.13426595926285,0.006307683885097504,0.0028961822390556335,-0.010186843574047089,-1.1642305984975365
2014-09-12,fold_3,Taper tantrum and 2014 H1,-0.002509854733943939,-1,-0.009697210043668747,-1,0.009697210043668747,-0.12588153027172666,,,,1,96.97210043668747,0.005330944433808327,0.007389549165964127,-0.002509854733943939,-2.2095975746885537
2014-09-15,fold_3,Taper tantrum and 2014 H1,-0.005044221878051758,-1,0.008691084571182728,1,-0.008691084571182728,-0.1345726148429094,,,,0,-86.91084571182728,0.006117457523941994,0.00774153508245945,-0.005044221878051758,1.8204422697855847
2014-09-16,fold_3,Taper tantrum and 2014 H1,-0.003983244299888611,-1,0.0015084322076290846,1,-0.0015084322076290846,-0.13608104705053847,,,,0,-15.084322076290846,0.0033323578536510468,-0.003679014276713133,-0.003983244299888611,0.3103262284268353
2014-09-17,fold_3,Taper tantrum and 2014 H1,-0.0022897869348526,-1,0.0075073023326694965,1,-0.0075073023326694965,-0.14358834938320797,,,,0,-75.07302332669497,-0.00016759522259235382,0.005486177280545235,-0.0022897869348526,1.594067302481406
2014-09-18,fold_3,Taper tantrum and 2014 H1,-0.0016598403453826904,-1,-0.0006200594361871481,-1,0.0006200594361871481,-0.14296828994702082,,,,1,6.200594361871481,0.0010192077606916428,-0.0232794601470232,-0.0016598403453826904,-0.12401778789185415
2014-09-19,fold_3,Taper tantrum and 2014 H1,-0.001400783658027649,-1,-0.009345224127173424,-1,0.009345224127173424,-0.1336230658198474,,,,1,93.45224127173424,-0.0019347239285707474,-0.012074689380824566,-0.001400783658027649,-1.876112941336521
2014-09-22,fold_3,Taper tantrum and 2014 H1,-0.004608578979969025,-1,-0.002729465253651142,-1,0.002729465253651142,-0.13089360056619626,,,,1,27.29465253651142,0.00339699350297451,-0.0040466017089784145,-0.004608578979969025,-0.5062925958727779
2014-09-23,fold_3,Taper tantrum and 2014 H1,-0.01018022745847702,-1,0.010673623532056808,1,-0.010673623532056808,-0.14156722409825306,,,,0,-106.73623532056808,0.0064276475459337234,0.00010115558688994497,-0.01018022745847702,1.9884172085794183
2014-09-24,fold_3,Taper tantrum and 2014 H1,-0.0100422203540802,-1,-0.021258333697915077,-1,0.021258333697915077,-0.12030889040033799,,,,1,212.58333697915077,7.76778906583786e-05,-0.026695234701037407,-0.0100422203540802,-3.6213541307532724
2014-09-25,fold_3,Taper tantrum and 2014 H1,-0.008470587432384491,-1,0.010584711097180843,1,-0.010584711097180843,-0.13089360149751883,,,,0,-105.84711097180843,0.0045412760227918625,-0.005436900071799755,-0.008470587432384491,1.4013167095476196
2014-09-26,fold_3,Taper tantrum and 2014 H1,-0.010757982730865479,-1,-0.0013171363389119506,-1,0.0013171363389119506,-0.12957646515860688,,,,1,13.171363389119506,0.0021423790603876114,-0.0061947559006512165,-0.010757982730865479,-0.1664801500173341
2014-09-29,fold_3,Taper tantrum and 2014 H1,-0.013247296214103699,-1,0.0014182919403538108,1,-0.0014182919403538108,-0.1309947570989607,,,,0,-14.182919403538108,0.006694575771689415,-0.007019097916781902,-0.013247296214103699,0.1801359166050565
2015-11-24,fold_4,China devaluation and oil crash,0.0020902082324028015,1,0.0008764576632529497,1,0.0008764576632529497,0.0008764576632529497,,,,1,8.764576632529497,0.0009146165102720261,0.0035007991828024387,0.0020902082324028015,0.10225956340385596
2015-11-25,fold_4,China devaluation and oil crash,0.008421823382377625,1,0.0014003473334014416,1,0.0014003473334014416,0.0022768049966543913,,,,1,14.003473334014416,0.004954276606440544,-0.014471632428467274,0.008421823382377625,0.16728680282196637
2015-11-27,fold_4,China devaluation and oil crash,0.00420098751783371,1,-0.002540202811360359,-1,-0.002540202811360359,-0.0002633978147059679,,,,0,-25.402028113603592,0.0059740375727415085,0.0072346641682088375,0.00420098751783371,-0.3035129411512779
2015-11-30,fold_4,China devaluation and oil crash,-0.0013083070516586304,-1,0.009948860853910446,1,-0.009948860853910446,-0.010212258668616414,,,,0,-99.48860853910446,0.007936252281069756,0.005248351488262415,-0.0013083070516586304,1.194586063857271
2015-12-01,fold_4,China devaluation and oil crash,0.015727028250694275,1,-0.006184663623571396,-1,-0.006184663623571396,-0.01639692229218781,,,,0,-61.84663623571396,0.00360863097012043,-0.0046132574789226055,0.015727028250694275,-0.7499876485171226
2015-12-02,fold_4,China devaluation and oil crash,0.004712820053100586,1,-0.01709597371518612,-1,-0.01709597371518612,-0.03349289600737393,,,,0,-170.9597371518612,-0.001255882903933525,-0.013724218122661114,0.004712820053100586,-2.0535364294682603
2015-12-03,fold_4,China devaluation and oil crash,0.007491514086723328,1,0.023106643930077553,1,0.023106643930077553,-0.010386252077296376,,,,1,231.06643930077553,0.007800783962011337,0.007879506796598434,0.007491514086723328,2.5223255326409033
2015-12-04,fold_4,China devaluation and oil crash,0.001505151391029358,1,-0.004526515491306782,-1,-0.004526515491306782,-0.014912767568603158,,,,0,-45.26515491306782,-0.026977306231856346,-0.038512103259563446,0.001505151391029358,-0.43109129945658503
2015-12-07,fold_4,China devaluation and oil crash,-0.01660965010523796,-1,8.725155930733308e-05,1,-8.725155930733308e-05,-0.015000019127910491,,,,0,-0.8725155930733308,-0.004748279228806496,-0.026432102546095848,-0.01660965010523796,0.008272132186391416
2015-12-08,fold_4,China devaluation and oil crash,0.0003589019179344177,1,-0.015295623801648617,-1,-0.015295623801648617,-0.030295642929559108,,,,0,-152.95623801648617,0.01623765006661415,-0.020446723327040672,0.0003589019179344177,-1.4888426203459677
2015-12-09,fold_4,China devaluation and oil crash,-0.009784489870071411,-1,0.004507751204073429,1,-0.004507751204073429,-0.03480339413363254,,,,0,-45.07751204073429,0.017791103571653366,0.00960917305201292,-0.009784489870071411,0.4168919601981546
2015-12-10,fold_4,China devaluation and oil crash,-0.023859381675720215,-1,-0.02328496426343918,-1,0.02328496426343918,-0.011518429870193359,,,,1,232.84964263439178,0.05201868712902069,-0.009569364599883556,-0.023859381675720215,-2.144870930139299
2015-12-11,fold_4,China devaluation and oil crash,0.050741612911224365,1,0.007553484290838242,1,0.007553484290838242,-0.003964945579355117,,,,1,75.53484290838242,0.09152545779943466,-0.005653249565511942,0.050741612911224365,0.6379484307264066
2015-12-14,fold_4,China devaluation and oil crash,0.061391741037368774,1,0.006072630640119314,1,0.006072630640119314,0.0021076850607641973,,,,1,60.72630640119314,0.021628331393003464,-0.00215992983430624,0.061391741037368774,0.5467045773028342
2015-12-15,fold_4,China devaluation and oil crash,0.07377338409423828,1,0.014760272577404976,1,0.014760272577404976,0.016867957638169173,,,,1,147.60272577404976,-0.022020405158400536,-0.00168037845287472,0.07377338409423828,1.376247394325145
2015-12-16,fold_4,China devaluation and oil crash,0.0632539838552475,1,-0.014670786447823048,-1,-0.014670786447823048,0.0021971711903461255,,,,0,-146.70786447823048,-0.011514870449900627,-0.009042750112712383,0.0632539838552475,-1.3074991347175047
2015-12-17,fold_4,China devaluation and oil crash,0.06017749011516571,1,-0.01936884969472885,-1,-0.01936884969472885,-0.017171678504382726,,,,0,-193.6884969472885,-0.02793780528008938,0.005450133234262466,0.06017749011516571,-1.7786319863299034
2015-12-18,fold_4,China devaluation and oil crash,0.05800542235374451,1,0.011046803556382656,1,0.011046803556382656,-0.00612487494800007,,,,1,110.46803556382656,-0.03793372958898544,0.02428596094250679,0.05800542235374451,0.9426938408301507
2015-12-21,fold_4,China devaluation and oil crash,0.044602371752262115,1,0.006552181672304869,1,0.006552181672304869,0.000427306724304799,,,,1,65.52181672304869,-0.02050880156457424,0.028845859691500664,0.044602371752262115,0.5515120227529856
2015-12-22,fold_4,China devaluation and oil crash,0.048268288373947144,1,0.007397900801151991,1,0.007397900801151991,0.00782520752545679,,,,1,73.97900801151991,0.0031066201627254486,0.013241508975625038,0.048268288373947144,0.6189166429136861
2015-12-23,fold_4,China devaluation and oil crash,0.007980145514011383,1,-0.00017790279525797814,-1,-0.00017790279525797814,0.007647304730198812,,,,0,-1.7790279525797814,-0.0052569229155778885,-0.006682647857815027,0.007980145514011383,-0.014744975855360434
2015-12-24,fold_4,China devaluation and oil crash,0.004147246479988098,1,-0.0005330225685611367,-1,-0.0005330225685611367,0.007114282161637675,,,,0,-5.330225685611367,0.023446859791874886,-0.027828186750411987,0.004147246479988098,-0.04418367105827519
2015-12-28,fold_4,China devaluation and oil crash,0.008980102837085724,1,0.01560670230537653,1,0.01560670230537653,0.022720984467014205,,,,1,156.0670230537653,-0.0020716357976198196,-0.02903185784816742,0.008980102837085724,1.2940542927429068
2015-12-29,fold_4,China devaluation and oil crash,0.016200751066207886,1,-0.00905216857790947,-1,-0.00905216857790947,0.013668815889104735,,,,0,-90.5216857790947,-0.004923233762383461,-0.05429093912243843,0.016200751066207886,-0.7217363218677224
2015-12-30,fold_4,China devaluation and oil crash,0.03759389370679855,1,-0.012526256032288074,-1,-0.012526256032288074,0.0011425598568166606,,,,0,-125.26256032288074,-0.015177356079220772,-0.07705271244049072,0.03759389370679855,-1.0014434086057409
2015-12-31,fold_4,China devaluation and oil crash,0.01824904978275299,1,-0.021323442459106445,-1,-0.021323442459106445,-0.020180882602289785,,,,0,-213.23442459106445,0.0021830126643180847,-0.07276111096143723,0.01824904978275299,-1.6733253467462836
2016-01-04,fold_4,China devaluation and oil crash,0.0048879534006118774,1,-0.0017366929678246379,-1,-0.0017366929678246379,-0.021917575570114423,,,,0,-17.36692967824638,0.015375630930066109,-0.048365604132413864,0.0048879534006118774,-0.13299938311556678
2016-01-05,fold_4,China devaluation and oil crash,0.026350639760494232,1,-0.009652378037571907,-1,-0.009652378037571907,-0.03156995360768633,,,,0,-96.52378037571907,0.024473179131746292,-0.03509790077805519,0.026350639760494232,-0.804466051931289
2016-01-06,fold_4,China devaluation and oil crash,0.0309603214263916,1,-0.03181394189596176,-1,-0.03181394189596176,-0.06338389550364809,,,,0,-318.1394189596176,0.027869466692209244,-0.06054344400763512,0.0309603214263916,-2.618651198542985
2016-01-07,fold_4,China devaluation and oil crash,0.022514835000038147,1,-0.008234658278524876,-1,-0.008234658278524876,-0.07161855378217297,,,,0,-82.34658278524876,0.04040902107954025,-0.007657906971871853,0.022514835000038147,-0.5849109099819225
2016-01-08,fold_4,China devaluation and oil crash,0.019223064184188843,1,0.0030720664653927088,1,0.0030720664653927088,-0.06854648731678026,,,,1,30.720664653927088,0.08311048150062561,-0.030952053144574165,0.019223064184188843,0.22293194032832703
2016-01-11,fold_4,China devaluation and oil crash,0.038722872734069824,1,0.011531009338796139,1,0.011531009338796139,-0.05701547797798412,,,,1,115.31009338796139,0.051337890326976776,-0.031844522804021835,0.038722872734069824,0.8379769965657005
2016-01-12,fold_4,China devaluation and oil crash,0.019523732364177704,1,-0.03509791940450668,-1,-0.03509791940450668,-0.0921133973824908,,,,0,-350.97919404506683,0.036205749958753586,-0.04644802585244179,0.019523732364177704,-2.7007112948895324
2016-01-13,fold_4,China devaluation and oil crash,0.018410436809062958,1,0.021071596071124077,1,0.021071596071124077,-0.07104180131136673,,,,1,210.71596071124077,0.03674736246466637,-0.010357847437262535,0.018410436809062958,1.396629864588817
2016-01-14,fold_4,China devaluation and oil crash,0.014623627066612244,1,-0.03152880445122719,-1,-0.03152880445122719,-0.10257060576259391,,,,0,-315.2880445122719,0.030344659462571144,-0.0028869316447526217,0.014623627066612244,-2.0021287642035857
2016-01-15,fold_4,China devaluation and oil crash,0.03644878417253494,1,0.002179595874622464,1,0.002179595874622464,-0.10039100988797145,,,,1,21.795958746224642,0.03386366367340088,0.013690323568880558,0.03644878417253494,0.12870273806938973
2016-01-19,fold_4,China devaluation and oil crash,0.0263325497508049,1,-0.0030724939424544573,-1,-0.0030724939424544573,-0.1034635038304259,,,,0,-30.724939424544573,0.040085677057504654,0.020469823852181435,0.0263325497508049,-0.1848506249669811
2016-01-20,fold_4,China devaluation and oil crash,0.032937176525592804,1,0.0009922586614266038,1,0.0009922586614266038,-0.1024712451689993,,,,1,9.922586614266038,0.033927444368600845,-0.0016886454541236162,0.032937176525592804,0.061776704168400025
2016-01-21,fold_4,China devaluation and oil crash,0.017131753265857697,1,0.02854251302778721,1,0.02854251302778721,-0.0739287321412121,,,,1,285.4251302778721,0.02329687774181366,0.011338510550558567,0.017131753265857697,1.7982371089670433
2016-01-22,fold_4,China devaluation and oil crash,0.01608869433403015,1,-0.014951549470424652,-1,-0.014951549470424652,-0.08888028161163675,,,,0,-149.51549470424652,0.0030855778604745865,0.0034633507020771503,0.01608869433403015,-0.8771940457603843
2016-01-25,fold_4,China devaluation and oil crash,0.015231795608997345,1,0.008959095925092697,1,0.008959095925092697,-0.07992118568654405,,,,1,89.59095925092697,-0.007382014766335487,0.021100182086229324,0.015231795608997345,0.5181487944941808
2016-01-26,fold_4,China devaluation and oil crash,0.01859019696712494,1,-0.02523096278309822,-1,-0.02523096278309822,-0.10515214846964227,,,,0,-252.3096278309822,-0.012419251725077629,-0.00974215380847454,0.01859019696712494,-1.4495383138895608
2016-01-27,fold_4,China devaluation and oil crash,0.014894604682922363,1,0.014019414782524109,1,0.014019414782524109,-0.09113273368711816,,,,1,140.1941478252411,-0.0003957431763410568,0.01068068016320467,0.014894604682922363,0.7662004856589724
2016-01-28,fold_4,China devaluation and oil crash,0.00847560167312622,1,0.02066735178232193,1,0.02066735178232193,-0.07046538190479623,,,,1,206.6735178232193,-0.0013028774410486221,-0.003437303937971592,0.00847560167312622,1.1335163489035494
2016-01-29,fold_4,China devaluation and oil crash,0.0013010203838348389,1,0.0026852828450500965,1,0.0026852828450500965,-0.06778009905974614,,,,1,26.852828450500965,0.005613848567008972,-0.059448905289173126,0.0013010203838348389,0.14359585346548528
2016-02-01,fold_4,China devaluation and oil crash,-0.005621865391731262,-1,-0.021883239969611168,-1,0.021883239969611168,-0.04589685909013497,,,,1,218.83239969611168,0.002743266522884369,-0.07753972709178925,-0.005621865391731262,-1.182937129687806
2016-02-02,fold_4,China devaluation and oil crash,-0.01407981663942337,-1,-0.004808129742741585,-1,0.004808129742741585,-0.04108872934739338,,,,1,48.08129742741585,0.020097486674785614,-0.05876627564430237,-0.01407981663942337,-0.25945388234654193
2016-02-03,fold_4,China devaluation and oil crash,-0.010835260152816772,-1,-9.856902761384845e-05,-1,9.856902761384845e-05,-0.040990160319779534,,,,1,0.9856902761384845,0.018242422491312027,-0.05012403801083565,-0.010835260152816772,-0.005311166214399696
2016-02-04,fold_4,China devaluation and oil crash,-0.004677705466747284,-1,-0.03534424677491188,-1,0.03534424677491188,-0.005645913544867653,,,,1,353.4424677491188,0.015394940972328186,-0.05147428438067436,-0.004677705466747284,-1.9174533501424986
2016-02-05,fold_4,China devaluation and oil crash,-0.007010303437709808,-1,-0.015405537560582161,-1,0.015405537560582161,0.009759624015714508,,,,1,154.0553756058216,0.021240245550870895,-0.0010195453651249409,-0.007010303437709808,-0.8215536769418437
2016-02-08,fold_4,China devaluation and oil crash,-0.0054860711097717285,-1,-0.0031097931787371635,-1,0.0031097931787371635,0.012869417194451671,,,,1,31.097931787371635,0.018757324665784836,0.03668167442083359,-0.0054860711097717285,-0.16387711720760295
2016-02-09,fold_4,China devaluation and oil crash,-0.00041807442903518677,-1,0.0038341099862009287,1,-0.0038341099862009287,0.009035307208250742,,,,0,-38.34109986200929,0.012341191992163658,0.06218694522976875,-0.00041807442903518677,0.2020432474718451
2016-02-10,fold_4,China devaluation and oil crash,-5.708634853363037e-05,-1,-0.0014488183660432696,-1,0.0014488183660432696,0.010484125574294012,,,,1,14.488183660432696,0.014078144915401936,0.04687260091304779,-5.708634853363037e-05,-0.07698195258095755
2016-02-11,fold_4,China devaluation and oil crash,-0.003471657633781433,-1,0.015110493637621403,1,-0.015110493637621403,-0.004626368063327391,,,,0,-151.10493637621403,0.014730353839695454,0.05127744376659393,-0.003471657633781433,0.8831972019828036
2016-02-12,fold_4,China devaluation and oil crash,-0.0008150264620780945,-1,0.02229568362236023,1,-0.02229568362236023,-0.02692205168568762,,,,0,-222.9568362236023,0.0034616831690073013,0.052272047847509384,-0.0008150264620780945,1.3278565186649587
2016-02-16,fold_4,China devaluation and oil crash,0.005491979420185089,1,0.022395476698875427,1,0.022395476698875427,-0.004526574986812193,,,,1,223.95476698875427,0.0070555806159973145,0.013379471376538277,0.005491979420185089,1.3967733286032078
2016-02-17,fold_4,China devaluation and oil crash,0.0034793540835380554,1,-0.011480232700705528,-1,-0.011480232700705528,-0.01600680768751772,,,,0,-114.80232700705528,0.00018961168825626373,0.0004877016763202846,0.0034793540835380554,-0.6837341414653121
2016-02-18,fold_4,China devaluation and oil crash,0.0016873478889465332,1,0.0029560215771198273,1,0.0029560215771198273,-0.013050786110397894,,,,1,29.560215771198273,-0.004572676494717598,0.02176855504512787,0.0016873478889465332,0.17417363544250247
2016-02-19,fold_4,China devaluation and oil crash,0.002426624298095703,1,0.016105100512504578,1,0.016105100512504578,0.0030543144021066837,,,,1,161.05100512504578,-0.009514601901173592,0.017556218430399895,0.002426624298095703,0.9483009542696542
2016-02-22,fold_4,China devaluation and oil crash,0.0032645538449287415,1,-0.016596894711256027,-1,-0.016596894711256027,-0.013542580309149344,,,,0,-165.96894711256027,-0.0032261814922094345,-0.007580889854580164,0.0032645538449287415,-1.027989766492414
2016-02-23,fold_4,China devaluation and oil crash,0.005653120577335358,1,0.00950370728969574,1,0.00950370728969574,-0.004038873019453604,,,,1,95.0370728969574,-0.00125950388610363,0.040609244257211685,0.005653120577335358,0.5857381864444753
2016-02-24,fold_4,China devaluation and oil crash,0.0006679743528366089,1,0.009800620377063751,1,0.009800620377063751,0.0057617473576101474,,,,1,98.00620377063751,-0.004164563491940498,0.031483400613069534,0.0006679743528366089,0.603461779103473
2016-02-25,fold_4,China devaluation and oil crash,-0.0025047361850738525,-1,-0.001256314804777503,-1,0.001256314804777503,0.0070180621623876505,,,,1,12.56314804777503,-0.000920318067073822,0.019791029393672943,-0.0025047361850738525,-0.08165264511119744
2016-02-26,fold_4,China devaluation and oil crash,0.00018346309661865234,1,-0.009032007306814194,-1,-0.009032007306814194,-0.0020139451444265433,,,,0,-90.32007306814194,-0.0028840694576501846,0.021426400169730186,0.00018346309661865234,-0.599497246806656
2016-02-29,fold_4,China devaluation and oil crash,-0.0030784085392951965,-1,0.031593240797519684,1,-0.031593240797519684,-0.03360718594194623,,,,0,-315.93240797519684,-0.0010775458067655563,0.02428814396262169,-0.0030784085392951965,2.1816719207427404
2016-03-01,fold_4,China devaluation and oil crash,-0.0028560087084770203,-1,0.00037786204484291375,1,-0.00037786204484291375,-0.03398504798678914,,,,0,-3.7786204484291375,-0.0022012684494256973,-0.015623753890395164,-0.0028560087084770203,0.023467816817346564
2016-03-02,fold_4,China devaluation and oil crash,-0.0038708746433258057,-1,-0.0018917503766715527,-1,0.0018917503766715527,-0.03209329761011759,,,,1,18.917503766715527,-0.0037908051162958145,-0.009589391760528088,-0.0038708746433258057,-0.12332163128581751
2016-03-03,fold_4,China devaluation and oil crash,0.0012359395623207092,1,0.000379056204110384,1,0.000379056204110384,-0.031714241406007204,,,,1,3.79056204110384,-0.002862619236111641,-0.009225158020853996,0.0012359395623207092,0.024761813468867088
2016-03-04,fold_4,China devaluation and oil crash,-0.002605646848678589,-1,-0.006170264445245266,-1,0.006170264445245266,-0.025543976960761938,,,,1,61.70264445245266,0.002787761390209198,0.0077295913361012936,-0.002605646848678589,-0.40306623955910803
2016-03-07,fold_4,China devaluation and oil crash,-0.005195885896682739,-1,-0.00831865705549717,-1,0.00831865705549717,-0.01722531990526477,,,,1,83.1865705549717,0.005162199959158897,0.01558910682797432,-0.005195885896682739,-0.6310215495998357
2016-03-08,fold_4,China devaluation and oil crash,-0.0030408427119255066,-1,0.0064122239127755165,1,-0.0064122239127755165,-0.023637543818040285,,,,0,-64.12223912775517,0.005333667621016502,0.023532414808869362,-0.0030408427119255066,0.49861595348445165
2016-03-09,fold_4,China devaluation and oil crash,0.00016564130783081055,1,-0.0015275164041668177,-1,-0.0015275164041668177,-0.025165060222207103,,,,0,-15.275164041668177,0.0029771514236927032,0.025990260764956474,0.00016564130783081055,-0.11821938015982
2016-03-10,fold_4,China devaluation and oil crash,0.00202314555644989,1,0.017333805561065674,1,0.017333805561065674,-0.007831254661141429,,,,1,173.33805561065674,0.002789607271552086,0.026959849521517754,0.00202314555644989,1.3440099143160127
2016-03-11,fold_4,China devaluation and oil crash,0.0035085082054138184,1,0.001689250930212438,1,0.001689250930212438,-0.006142003730928991,,,,1,16.89250930212438,0.0007266644388437271,0.011191518045961857,0.0035085082054138184,0.12547344482987752
2016-03-14,fold_4,China devaluation and oil crash,0.006618484854698181,1,-0.0003753479686565697,-1,-0.0003753479686565697,-0.006517351699585561,,,,0,-3.753479686565697,-0.0026425551623106003,0.01340685784816742,0.006618484854698181,-0.028789643508014145
2016-03-15,fold_4,China devaluation and oil crash,0.009868636727333069,1,0.008870068937540054,1,0.008870068937540054,0.0023527172379544936,,,,1,88.70068937540054,-0.0023018140345811844,0.016838986426591873,0.009868636727333069,0.7362859028048112
2016-03-16,fold_4,China devaluation and oil crash,0.006928540766239166,1,-0.0005579286371357739,-1,-0.0005579286371357739,0.0017947886008187197,,,,0,-5.579286371357739,0.00032805465161800385,-0.00029687152709811926,0.006928540766239166,-0.050106030756215725
2016-03-17,fold_4,China devaluation and oil crash,0.007439121603965759,1,0.0015654738526791334,1,0.0015654738526791334,0.003360262453497853,,,,1,15.654738526791334,0.002753814682364464,0.000540980021469295,0.007439121603965759,0.14447327970051663
2016-03-18,fold_4,China devaluation and oil crash,0.004411391913890839,1,0.0039045915473252535,1,0.0039045915473252535,0.007264854000823107,,,,1,39.045915473252535,0.003327520564198494,-0.0024239751510322094,0.004411391913890839,0.36082740226055715
2016-03-21,fold_4,China devaluation and oil crash,0.006644316017627716,1,0.003056779270991683,1,0.003056779270991683,0.01032163327181479,,,,1,30.56779270991683,0.0076656583696603775,0.009602147154510021,0.006644316017627716,0.2984641932522144
2016-03-22,fold_4,China devaluation and oil crash,0.005695022642612457,1,-0.008265787735581398,-1,-0.008265787735581398,0.0020558455362333916,,,,0,-82.65787735581398,0.004345709457993507,0.011403592303395271,0.005695022642612457,-0.8637103386924586
2016-03-23,fold_4,China devaluation and oil crash,0.00666317343711853,1,0.0002799229114316404,1,0.0002799229114316404,0.002335768447665032,,,,1,2.799229114316404,-0.0005419198423624039,0.01820463314652443,0.00666317343711853,0.029426987994186592
2016-03-24,fold_4,China devaluation and oil crash,0.008654862642288208,1,-0.001399481319822371,-1,-0.001399481319822371,0.000936287127842661,,,,0,-13.99481319822371,-0.00572756864130497,0.028491921722888947,0.008654862642288208,-0.1511843418165445
2016-03-28,fold_4,China devaluation and oil crash,0.0074026137590408325,1,0.015930714085698128,1,0.015930714085698128,0.01686700121354079,,,,1,159.30714085698128,-0.008133431896567345,0.02607828378677368,0.0074026137590408325,1.720785580467
2016-03-29,fold_4,China devaluation and oil crash,0.012236081063747406,1,0.004858225118368864,1,0.004858225118368864,0.021725226331909653,,,,1,48.58225118368864,-0.005213482305407524,0.0004590361495502293,0.012236081063747406,0.5002431355891801
2016-03-30,fold_4,China devaluation and oil crash,0.010286368429660797,1,-0.0014647470088675618,-1,-0.0014647470088675618,0.02026047932304209,,,,0,-14.647470088675618,-0.009287485852837563,0.011907192878425121,0.010286368429660797,-0.2169314072734547
2016-03-31,fold_4,China devaluation and oil crash,0.008193619549274445,1,0.010567210614681244,1,0.010567210614681244,0.030827689937723335,,,,1,105.67210614681244,-0.0029063280671834946,-0.0010990502778440714,0.008193619549274445,1.5633052445202813
2016-04-01,fold_4,China devaluation and oil crash,0.004438385367393494,1,-0.003813117742538452,-1,-0.003813117742538452,0.027014572195184883,,,,0,-38.13117742538452,-0.0015458669513463974,-0.012399908155202866,0.004438385367393494,-0.5334434279302764
2016-04-04,fold_4,China devaluation and oil crash,0.013138078153133392,1,-0.009688534773886204,-1,-0.009688534773886204,0.01732603742129868,,,,0,-96.88534773886204,-0.00022779963910579681,-0.012263499200344086,0.013138078153133392,-1.3459487874714837
2016-04-05,fold_4,China devaluation and oil crash,0.008715830743312836,1,0.016306381672620773,1,0.016306381672620773,0.03363241909391945,,,,1,163.06381672620773,0.006906544789671898,0.005769746843725443,0.008715830743312836,2.206686146330935
2016-04-06,fold_4,China devaluation and oil crash,0.008680790662765503,1,-0.014470990747213364,-1,-0.014470990747213364,0.01916142834670609,,,,0,-144.70990747213364,0.002264251932501793,0.0021664733067154884,0.008680790662765503,-1.8026860920018872
2016-04-07,fold_4,China devaluation and oil crash,0.0076383501291275024,1,-0.0007336472626775503,-1,-0.0007336472626775503,0.01842778108402854,,,,0,-7.336472626775503,0.0018200036138296127,0.016727684065699577,0.0076383501291275024,-0.0859524674195636
2016-04-08,fold_4,China devaluation and oil crash,0.0039472803473472595,1,-0.0036767087876796722,-1,-0.0036767087876796722,0.014751072296348866,,,,0,-36.76708787679672,0.010047100484371185,0.014934007078409195,0.0039472803473472595,-0.4310205214851261
2016-04-11,fold_4,China devaluation and oil crash,0.004350669682025909,1,0.008344711735844612,1,0.008344711735844612,0.023095784032193478,,,,1,83.44711735844612,0.007265409454703331,0.023929070681333542,0.004350669682025909,1.0917883100498842
2016-04-12,fold_4,China devaluation and oil crash,-0.0012135803699493408,-1,0.012703108601272106,1,-0.012703108601272106,0.010392675430921372,,,,0,-127.03108601272106,0.009403543546795845,0.009451969526708126,-0.0012135803699493408,1.6164684369758442
2016-04-13,fold_4,China devaluation and oil crash,0.011526718735694885,1,9.022023732541129e-05,1,9.022023732541129e-05,0.010482895668246783,,,,1,0.9022023732541129,0.0010482128709554672,-0.002437104005366564,0.011526718735694885,0.010797402454357615
2016-04-14,fold_4,China devaluation and oil crash,0.01212531328201294,1,-0.0025273242499679327,-1,-0.0025273242499679327,0.00795557141827885,,,,0,-25.273242499679327,-0.0048470888286828995,-0.002437179908156395,0.01212531328201294,-0.3113639257109552
2016-04-15,fold_4,China devaluation and oil crash,0.011129677295684814,1,0.005318354815244675,1,0.005318354815244675,0.013273926233523525,,,,1,53.18354815244675,-0.00897434912621975,-0.01511763408780098,0.011129677295684814,0.6537108107086823
2016-04-18,fold_4,China devaluation and oil crash,0.00987844169139862,1,-0.006132390350103378,-1,-0.006132390350103378,0.007141535883420147,,,,0,-61.32390350103378,-0.009184421971440315,-0.020435988903045654,0.00987844169139862,-0.746519575063396
2016-04-19,fold_4,China devaluation and oil crash,0.014658227562904358,1,0.0008140353602357209,1,0.0008140353602357209,0.007955571243655868,,,,1,8.140353602357209,-0.0010089967399835587,-0.019178731366991997,0.014658227562904358,0.09828481736239875
2016-04-20,fold_4,China devaluation and oil crash,0.009081810712814331,1,9.014434181153774e-05,1,9.014434181153774e-05,0.008045715585467406,,,,1,0.9014434181153774,0.004209037870168686,-0.028047095984220505,0.009081810712814331,0.01091842629886139
2016-04-21,fold_4,China devaluation and oil crash,0.005824446678161621,1,-0.015207778662443161,-1,-0.015207778662443161,-0.007162063076975755,,,,0,-152.0777866244316,0.017799679189920425,-0.04029499739408493,0.005824446678161621,-1.889952292367294
2016-04-22,fold_4,China devaluation and oil crash,0.0061666592955589294,1,0.0,0,0.0,-0.007162063076975755,,,,0,0.0,0.020293166860938072,-0.0303702000528574,0.0061666592955589294,0.0
2016-04-25,fold_4,China devaluation and oil crash,0.02025686204433441,1,-0.0048751323483884335,-1,-0.0048751323483884335,-0.012037195425364189,,,,0,-48.751323483884335,0.02080274187028408,-0.020955650135874748,0.02025686204433441,-0.5584431452323555
2016-04-26,fold_4,China devaluation and oil crash,0.009849071502685547,1,-0.008054329082369804,-1,-0.008054329082369804,-0.020091524507733993,,,,0,-80.54329082369804,0.006368352100253105,-0.025400573387742043,0.009849071502685547,-1.0012567341013854
2016-04-27,fold_4,China devaluation and oil crash,0.01426936686038971,1,-0.012157757766544819,-1,-0.012157757766544819,-0.03224928227427881,,,,0,-121.57757766544819,0.004133265465497971,-0.023798203095793724,0.01426936686038971,-1.4878294773292926
2016-04-28,fold_4,China devaluation and oil crash,0.03972698748111725,1,-0.005282980855554342,-1,-0.005282980855554342,-0.037532263129833154,,,,0,-52.82980855554342,-0.009428968653082848,-0.011926179751753807,0.03972698748111725,-0.6139008000621646
2018-10-24,fold_5,2018 Vol-mageddon + Q4 sell-off,-0.015873827040195465,-1,0.03401026502251625,1,-0.03401026502251625,-0.03401026502251625,,,,0,-340.1026502251625,0.017345469444990158,0.026734814047813416,-0.015873827040195465,1.77468860016443
2018-10-25,fold_5,2018 Vol-mageddon + Q4 sell-off,-0.014502651989459991,-1,-0.026058673858642578,-1,0.026058673858642578,-0.007951591163873672,,,,1,260.5867385864258,0.013899201527237892,0.00582903204485774,-0.014502651989459991,-1.2692032756157483
2018-10-26,fold_5,2018 Vol-mageddon + Q4 sell-off,-0.019636400043964386,-1,-0.02079581841826439,-1,0.02079581841826439,0.012844227254390717,,,,1,207.9581841826439,0.025786977261304855,0.016188867390155792,-0.019636400043964386,-0.9743944970941217
2018-10-29,fold_5,2018 Vol-mageddon + Q4 sell-off,-0.015433557331562042,-1,0.01634574495255947,1,-0.01634574495255947,-0.0035015176981687546,,,,0,-163.4574495255947,0.041193731129169464,0.03450203314423561,-0.015433557331562042,0.7484921883353494
2018-10-30,fold_5,2018 Vol-mageddon + Q4 sell-off,-0.017550397664308548,-1,0.02323329448699951,1,-0.02323329448699951,-0.026734812185168266,,,,0,-232.33294486999512,0.02575443685054779,0.025703391060233116,-0.017550397664308548,1.0495600485665344
2018-10-31,fold_5,2018 Vol-mageddon + Q4 sell-off,-0.009293891489505768,-1,0.013104485347867012,1,-0.013104485347867012,-0.03983929753303528,,,,0,-131.04485347867012,0.01873490959405899,0.03335581719875336,-0.009293891489505768,0.5763659324773915
2018-11-01,fold_5,2018 Vol-mageddon + Q4 sell-off,-0.01801096647977829,-1,-0.015698837116360664,-1,0.015698837116360664,-0.024140460416674614,,,,1,156.98837116360664,0.01601700857281685,0.013852041214704514,-0.01801096647977829,-0.6973882163455799
2018-11-02,fold_5,2018 Vol-mageddon + Q4 sell-off,-0.03835855796933174,-1,-0.002482652897015214,-1,0.002482652897015214,-0.0216578075196594,,,,1,24.82652897015214,0.012220049276947975,0.012555296532809734,-0.03835855796933174,-0.10977283931015479
2018-11-05,fold_5,2018 Vol-mageddon + Q4 sell-off,-0.009920209646224976,-1,0.007547101005911827,1,-0.007547101005911827,-0.029204908525571227,,,,0,-75.47101005911827,0.004890840500593185,-0.01568807289004326,-0.009920209646224976,0.33421468347266076
2018-11-06,fold_5,2018 Vol-mageddon + Q4 sell-off,-0.02312232181429863,-1,0.0308857224881649,1,-0.0308857224881649,-0.06009063101373613,,,,0,-308.857224881649,0.0005760509520769119,-0.022393720224499702,-0.02312232181429863,1.3646313407784774
2018-11-07,fold_5,2018 Vol-mageddon + Q4 sell-off,-0.014401666820049286,-1,-0.006399292498826981,-1,0.006399292498826981,-0.05369133851490915,,,,1,63.992924988269806,-0.01840357296168804,-0.0609380342066288,-0.014401666820049286,-0.2987561094118364
2018-11-08,fold_5,2018 Vol-mageddon + Q4 sell-off,-0.006304733455181122,-1,-0.01699558086693287,-1,0.01699558086693287,-0.03669575764797628,,,,1,169.9558086693287,-0.025311583653092384,-0.03719615936279297,-0.006304733455181122,-0.7984634592381895
2018-11-09,fold_5,2018 Vol-mageddon + Q4 sell-off,-0.012318402528762817,-1,-0.030726023018360138,-1,0.030726023018360138,-0.005969734629616141,,,,1,307.2602301836014,-0.024043017998337746,-0.023716740310192108,-0.012318402528762817,-1.4820286766987243
2018-11-12,fold_5,2018 Vol-mageddon + Q4 sell-off,-0.01342146098613739,-1,0.000841454544570297,1,-0.000841454544570297,-0.006811189174186438,,,,0,-8.41454544570297,-0.012592917308211327,-0.026007166132330894,-0.01342146098613739,0.03882904903812807
2018-11-13,fold_5,2018 Vol-mageddon + Q4 sell-off,-0.010791309177875519,-1,-0.007658591028302908,-1,0.007658591028302908,0.0008474018541164696,,,,1,76.58591028302908,-0.013850906863808632,-0.044905394315719604,-0.010791309177875519,-0.3699598816985418
2018-11-14,fold_5,2018 Vol-mageddon + Q4 sell-off,-0.00680851936340332,-1,0.01734258234500885,1,-0.01734258234500885,-0.01649518049089238,,,,0,-173.4258234500885,-0.012889349833130836,-0.029672911390662193,-0.00680851936340332,0.8349153533134935
2018-11-15,fold_5,2018 Vol-mageddon + Q4 sell-off,-0.011034555733203888,-1,-0.0035161625128239393,-1,0.0035161625128239393,-0.012979017978068441,,,,1,35.16162512823939,-0.0026443060487508774,-0.05427509918808937,-0.011034555733203888,-0.17177737056518852
2018-11-16,fold_5,2018 Vol-mageddon + Q4 sell-off,-0.007139712572097778,-1,-0.033016450703144073,-1,0.033016450703144073,0.020037432725075632,,,,1,330.16450703144073,0.004119465127587318,-0.027908116579055786,-0.007139712572097778,-1.611867493491997
2018-11-19,fold_5,2018 Vol-mageddon + Q4 sell-off,-0.010776221752166748,-1,-0.018056772649288177,-1,0.018056772649288177,0.03809420537436381,,,,1,180.56772649288177,0.006174931302666664,0.008479170501232147,-0.010776221752166748,-0.8304656952937203
2018-11-20,fold_5,2018 Vol-mageddon + Q4 sell-off,-0.014739438891410828,-1,0.007573891896754503,1,-0.007573891896754503,0.030520313477609307,,,,0,-75.73891896754503,0.0072440821677446365,0.058211855590343475,-0.014739438891410828,0.342721089958986
2018-11-21,fold_5,2018 Vol-mageddon + Q4 sell-off,-0.011432252824306488,-1,-0.007259607780724764,-1,0.007259607780724764,0.03777992125833407,,,,1,72.59607780724764,0.000972941517829895,0.047372590750455856,-0.011432252824306488,-0.37166995530783903
2018-11-23,fold_5,2018 Vol-mageddon + Q4 sell-off,0.00047584623098373413,1,0.022850820794701576,1,0.022850820794701576,0.06063074205303565,,,,1,228.50820794701576,-0.011011423543095589,0.06186139956116676,0.00047584623098373413,1.2649789142725905
2018-11-26,fold_5,2018 Vol-mageddon + Q4 sell-off,-0.004162438213825226,-1,0.0033708387054502964,1,-0.0033708387054502964,0.05725990334758535,,,,0,-33.708387054502964,-0.005883248522877693,0.05633609741926193,-0.004162438213825226,0.1888876302400691
2018-11-27,fold_5,2018 Vol-mageddon + Q4 sell-off,-0.0008021071553230286,-1,0.03167591243982315,1,-0.03167591243982315,0.0255839909077622,,,,0,-316.7591243982315,-0.00953712873160839,0.013853813521564007,-0.0008021071553230286,1.8367398910174983
2018-11-28,fold_5,2018 Vol-mageddon + Q4 sell-off,-0.0018079429864883423,-1,-0.0032653752714395523,-1,0.0032653752714395523,0.028849366179201752,,,,1,32.65375271439552,-0.012514954432845116,-0.01078720297664404,-0.0018079429864883423,-0.17861348239722183
2018-11-29,fold_5,2018 Vol-mageddon + Q4 sell-off,0.003826141357421875,1,0.007229202892631292,1,0.007229202892631292,0.036078569071833044,,,,1,72.29202892631292,-0.009038256481289864,-0.04109470173716545,0.003826141357421875,0.4120773526837548
2018-11-30,fold_5,2018 Vol-mageddon + Q4 sell-off,0.0027034804224967957,1,0.017325518652796745,1,0.017325518652796745,0.05340408772462979,,,,1,173.25518652796745,-0.0077454689890146255,-0.037905894219875336,0.0027034804224967957,0.997310767714053
2018-12-03,fold_5,2018 Vol-mageddon + Q4 sell-off,-0.0011803433299064636,-1,-0.03911144658923149,-1,0.03911144658923149,0.09251553431386128,,,,1,391.1144658923149,-0.006566295400261879,-0.05192564055323601,-0.0011803433299064636,-2.241424192443102
2018-12-04,fold_5,2018 Vol-mageddon + Q4 sell-off,0.0022192299365997314,1,0.007034897338598967,1,0.007034897338598967,0.09955043165246025,,,,1,70.34897338598967,-0.0021498408168554306,-0.004051308147609234,0.0022192299365997314,0.3605707093956329
2018-12-06,fold_5,2018 Vol-mageddon + Q4 sell-off,-0.006126023828983307,-1,-0.03357287496328354,-1,0.03357287496328354,0.13312330661574379,,,,1,335.7287496328354,-0.0012485627084970474,-0.010783231817185879,-0.006126023828983307,-1.7216083160429345
2018-12-07,fold_5,2018 Vol-mageddon + Q4 sell-off,-0.0033074840903282166,-1,0.01041800994426012,1,-0.01041800994426012,0.12270529667148367,,,,0,-104.1800994426012,0.0008348561823368073,-0.0018603972857818007,-0.0033074840903282166,0.5282515780582366
2018-12-10,fold_5,2018 Vol-mageddon + Q4 sell-off,-0.00866565853357315,-1,0.003305772552266717,1,-0.003305772552266717,0.11939952411921695,,,,0,-33.05772552266717,0.0013413149863481522,-0.03519889712333679,-0.00866565853357315,0.16689777918986154
2018-12-11,fold_5,2018 Vol-mageddon + Q4 sell-off,-0.0046121105551719666,-1,0.008762886747717857,1,-0.008762886747717857,0.11063663737149909,,,,0,-87.62886747717857,0.006983516737818718,-0.032235823571681976,-0.0046121105551719666,0.45045938463094426
2018-12-12,fold_5,2018 Vol-mageddon + Q4 sell-off,-0.00591973215341568,-1,0.0003029732615686953,1,-0.0003029732615686953,0.1103336641099304,,,,0,-3.029732615686953,0.004691137000918388,-0.06586034595966339,-0.00591973215341568,0.016551644777471525
2018-12-13,fold_5,2018 Vol-mageddon + Q4 sell-off,-0.007773533463478088,-1,-0.02465003915131092,-1,0.02465003915131092,0.13498370326124132,,,,1,246.5003915131092,0.0014650393277406693,-0.08076487481594086,-0.007773533463478088,-1.3467111284400528
2018-12-14,fold_5,2018 Vol-mageddon + Q4 sell-off,-0.001460440456867218,-1,-0.02292048931121826,-1,0.02292048931121826,0.15790419257245958,,,,1,229.20489311218262,-0.001307683065533638,-0.08759868144989014,-0.001460440456867218,-1.2038753790062104
2018-12-17,fold_5,2018 Vol-mageddon + Q4 sell-off,-0.0016324147582054138,-1,0.006268845871090889,1,-0.006268845871090889,0.1516353467013687,,,,0,-62.68845871090889,-0.006207449361681938,-0.08978883922100067,-0.0016324147582054138,0.3242801571004377
2018-12-18,fold_5,2018 Vol-mageddon + Q4 sell-off,0.0009412690997123718,1,-0.024861635640263557,-1,-0.024861635640263557,0.12677371106110513,,,,0,-248.61635640263557,0.00024469010531902313,-0.035490769892930984,0.0009412690997123718,-1.283752666124262
2018-12-19,fold_5,2018 Vol-mageddon + Q4 sell-off,0.003252170979976654,1,-0.014601556584239006,-1,-0.014601556584239006,0.11217215447686613,,,,0,-146.01556584239006,0.0025738999247550964,-0.006766404490917921,0.003252170979976654,-0.7788662930931695
2018-12-20,fold_5,2018 Vol-mageddon + Q4 sell-off,0.004228711128234863,1,-0.03148384019732475,-1,-0.03148384019732475,0.08068831427954137,,,,0,-314.8384019732475,0.005456581711769104,0.007312349509447813,0.004228711128234863,-1.6930339809025827
2018-12-21,fold_5,2018 Vol-mageddon + Q4 sell-off,0.0003873556852340698,1,-0.025110647082328796,-1,-0.025110647082328796,0.05557766719721258,,,,0,-251.10647082328796,0.0068337153643369675,0.047193724662065506,0.0003873556852340698,-1.2674572673187545
2018-12-24,fold_5,2018 Vol-mageddon + Q4 sell-off,0.0020998790860176086,1,0.06056690961122513,1,0.06056690961122513,0.1161445768084377,,,,1,605.6690961122513,0.008388543501496315,0.07631570100784302,0.0020998790860176086,2.950446690963408
2018-12-26,fold_5,2018 Vol-mageddon + Q4 sell-off,0.0032673776149749756,1,0.0038627306930720806,1,0.0038627306930720806,0.12000730750150979,,,,1,38.627306930720806,0.008661366999149323,-0.017467688769102097,0.0032673776149749756,0.1605697928539248
2018-12-27,fold_5,2018 Vol-mageddon + Q4 sell-off,0.0045511722564697266,1,-0.0005228033987805247,-1,-0.0005228033987805247,0.11948450410272926,,,,0,-5.228033987805247,0.0013409946113824844,0.020564427599310875,0.0045511722564697266,-0.021729065604608522
2018-12-28,fold_5,2018 Vol-mageddon + Q4 sell-off,0.004987955093383789,1,0.008397532626986504,1,0.008397532626986504,0.12788203672971576,,,,1,83.97532626986504,0.0008764211088418961,0.03292231634259224,0.004987955093383789,0.36520208009465255
2018-12-31,fold_5,2018 Vol-mageddon + Q4 sell-off,0.005682647228240967,1,0.00401133019477129,1,0.00401133019477129,0.13189336692448705,,,,1,40.1133019477129,-0.00334768183529377,0.03352988138794899,0.005682647228240967,0.17395794166586181
2019-01-02,fold_5,2018 Vol-mageddon + Q4 sell-off,0.006978742778301239,1,-0.033216480165719986,-1,-0.033216480165719986,0.09867688675876707,,,,0,-332.16480165719986,-0.004490451887249947,0.03763500228524208,0.006978742778301239,-1.4429433525971453
2019-01-03,fold_5,2018 Vol-mageddon + Q4 sell-off,0.005066588521003723,1,0.04189484566450119,1,0.04189484566450119,0.14057173242326826,,,,1,418.9484566450119,-0.0001692306250333786,0.07370780408382416,0.005066588521003723,1.7546651131761455
2019-01-04,fold_5,2018 Vol-mageddon + Q4 sell-off,0.003100678324699402,1,0.011835084296762943,1,0.011835084296762943,0.1524068167200312,,,,1,118.35084296762943,-0.0013349447399377823,0.028147896751761436,0.003100678324699402,0.4908543546392967
2019-01-07,fold_5,2018 Vol-mageddon + Q4 sell-off,0.0008714422583580017,1,0.009005100466310978,1,0.009005100466310978,0.16141191718634218,,,,1,90.05100466310978,-0.0023439843207597733,0.0074369218200445175,0.0008714422583580017,0.37203579793221414
2019-01-08,fold_5,2018 Vol-mageddon + Q4 sell-off,0.003181867301464081,1,0.008116450160741806,1,0.008116450160741806,0.16952836734708399,,,,1,81.16450160741806,-0.0003214739263057709,0.01776972971856594,0.003181867301464081,0.3513725713332447
2019-01-09,fold_5,2018 Vol-mageddon + Q4 sell-off,0.0011395886540412903,1,0.0028563211672008038,1,0.0028563211672008038,0.1723846885142848,,,,1,28.563211672008038,-0.005718478932976723,0.009468733333051205,0.0011395886540412903,0.12390206631015782
2019-01-10,fold_5,2018 Vol-mageddon + Q4 sell-off,-0.0005315914750099182,-1,-0.0036650579422712326,-1,0.0036650579422712326,0.17604974645655602,,,,1,36.650579422712326,-0.007353300228714943,0.014465805143117905,-0.0005315914750099182,-0.15900432044947757
2019-01-11,fold_5,2018 Vol-mageddon + Q4 sell-off,0.0006163045763969421,1,-0.00887589156627655,-1,-0.00887589156627655,0.16717385489027947,,,,0,-88.7589156627655,-0.006365062668919563,0.027982445433735847,0.0006163045763969421,-0.3862234557550303
2019-01-14,fold_5,2018 Vol-mageddon + Q4 sell-off,-1.9766390323638916e-05,-1,0.019337907433509827,1,-0.019337907433509827,0.14783594745676965,,,,0,-193.37907433509827,-0.0038963202387094498,0.016624685376882553,-1.9766390323638916e-05,0.8383482210297947
2019-01-15,fold_5,2018 Vol-mageddon + Q4 sell-off,-0.0027067214250564575,-1,-0.0001845464576035738,-1,0.0001845464576035738,0.14802049391437322,,,,1,1.845464576035738,-0.0015195216983556747,-0.0014171712100505829,-0.0027067214250564575,-0.00808987921917732
2019-01-16,fold_5,2018 Vol-mageddon + Q4 sell-off,-0.0017738565802574158,-1,0.007853393442928791,1,-0.007853393442928791,0.14016710047144443,,,,0,-78.53393442928791,0.00037827901542186737,0.0052218688651919365,-0.0017738565802574158,0.35329712750900966
2019-01-17,fold_5,2018 Vol-mageddon + Q4 sell-off,-3.038346767425537e-05,-1,0.009851583279669285,1,-0.009851583279669285,0.13031551719177514,,,,0,-98.51583279669285,0.0013209674507379532,0.009246372617781162,-3.038346767425537e-05,0.4426878625243031
2019-01-18,fold_5,2018 Vol-mageddon + Q4 sell-off,0.0007755234837532043,1,-0.020233651623129845,-1,-0.020233651623129845,0.1100818655686453,,,,0,-202.33651623129845,0.0013453643769025803,-0.013034457340836525,0.0007755234837532043,-0.9341151823620253
2019-01-22,fold_5,2018 Vol-mageddon + Q4 sell-off,-0.00011554360389709473,-1,0.0012960510794073343,1,-0.0012960510794073343,0.10878581448923796,,,,0,-12.960510794073343,0.0032439883798360825,-0.002287453506141901,-0.00011554360389709473,0.05921816890991798
2019-01-23,fold_5,2018 Vol-mageddon + Q4 sell-off,0.0011715888977050781,1,0.006454493384808302,1,0.006454493384808302,0.11524030787404627,,,,1,64.54493384808302,0.003546418622136116,0.0215363297611475,0.0011715888977050781,0.31143682154349095
2019-01-24,fold_5,2018 Vol-mageddon + Q4 sell-off,0.000973045825958252,1,0.011877898126840591,1,0.011877898126840591,0.12711820600088686,,,,1,118.77898126840591,-0.0008008498698472977,0.02993958815932274,0.000973045825958252,0.5938378744339285
2019-01-25,fold_5,2018 Vol-mageddon + Q4 sell-off,0.0029085874557495117,1,-0.012429247610270977,-1,-0.012429247610270977,0.11468895839061588,,,,0,-124.29247610270977,-0.0028946716338396072,0.013830570504069328,0.0029085874557495117,-0.8309956368039547
2019-01-28,fold_5,2018 Vol-mageddon + Q4 sell-off,0.0028706565499305725,1,-0.009486648254096508,-1,-0.009486648254096508,0.10520231013651937,,,,0,-94.86648254096508,8.669309318065643e-05,0.038604870438575745,0.0028706565499305725,-0.62459246102514
2019-01-29,fold_5,2018 Vol-mageddon + Q4 sell-off,0.001563236117362976,1,0.025119835510849953,1,0.025119835510849953,0.13032214564736933,,,,1,251.19835510849953,-0.0006061568856239319,0.05690077319741249,0.001563236117362976,1.6380173508875673
2019-01-30,fold_5,2018 Vol-mageddon + Q4 sell-off,-0.00021255016326904297,-1,0.01485775038599968,1,-0.01485775038599968,0.11546439526136965,,,,0,-148.5775038599968,-0.00025122053921222687,0.028794310986995697,-0.00021255016326904297,0.9158159736361503
2019-01-31,fold_5,2018 Vol-mageddon + Q4 sell-off,0.0026226788759231567,1,-0.004231119528412819,-1,-0.004231119528412819,0.11123327573295683,,,,0,-42.31119528412819,-0.0019115786999464035,0.00041609382606111467,0.0026226788759231567,-0.25587502014519004
2019-02-01,fold_5,2018 Vol-mageddon + Q4 sell-off,0.001961737871170044,1,0.01234505232423544,1,0.01234505232423544,0.12357832805719227,,,,1,123.4505232423544,-0.004104556515812874,0.006606902461498976,0.001961737871170044,0.8338895394396779
2019-02-04,fold_5,2018 Vol-mageddon + Q4 sell-off,0.0045077502727508545,1,0.008809252642095089,1,0.008809252642095089,0.13238758069928735,,,,1,88.09252642095089,-0.006973164156079292,-0.006687937770038843,0.0045077502727508545,0.7471241039746336
2019-02-05,fold_5,2018 Vol-mageddon + Q4 sell-off,0.0017025172710418701,1,-0.0029866250697523355,-1,-0.0029866250697523355,0.12940095562953502,,,,0,-29.866250697523355,-0.00540279783308506,-0.0008191018714569509,0.0017025172710418701,-0.25619367299360474
2019-02-06,fold_5,2018 Vol-mageddon + Q4 sell-off,0.002109125256538391,1,-0.013520467095077038,-1,-0.013520467095077038,0.11588048853445798,,,,0,-135.20467095077038,-0.003626389428973198,0.002869384828954935,0.002109125256538391,-1.175501688232634
2019-02-07,fold_5,2018 Vol-mageddon + Q4 sell-off,-0.00041037052869796753,-1,0.001959689659997821,1,-0.001959689659997821,0.11392079887446016,,,,0,-19.59689659997821,-0.002399032935500145,0.017617112025618553,-0.00041037052869796753,0.1667357073202623
2019-02-08,fold_5,2018 Vol-mageddon + Q4 sell-off,-0.003021538257598877,-1,-0.0009497877908870578,-1,0.0009497877908870578,0.11487058666534722,,,,1,9.497877908870578,0.003518512472510338,0.019853880628943443,-0.003021538257598877,-0.08087375287144566
2019-02-11,fold_5,2018 Vol-mageddon + Q4 sell-off,-0.003711521625518799,-1,0.014678088948130608,1,-0.014678088948130608,0.10019249771721661,,,,0,-146.78088948130608,0.004174593836069107,0.022779028862714767,-0.003711521625518799,1.2526771766344347
2019-02-12,fold_5,2018 Vol-mageddon + Q4 sell-off,-0.001715630292892456,-1,0.0007018616888672113,1,-0.0007018616888672113,0.0994906360283494,,,,0,-7.018616888672113,0.002211565151810646,0.00792672112584114,-0.001715630292892456,0.05846206533534345
2019-02-13,fold_5,2018 Vol-mageddon + Q4 sell-off,-0.00121229887008667,-1,0.001227260334417224,1,-0.001227260334417224,0.09826337569393218,,,,0,-12.27260334417224,-0.0007863175123929977,0.0035608201287686825,-0.00121229887008667,0.10956938104039882
2019-02-14,fold_5,2018 Vol-mageddon + Q4 sell-off,0.0032642781734466553,1,0.004196458030492067,1,0.004196458030492067,0.10245983372442424,,,,1,41.96458030492067,-0.002848023548722267,0.00970625039190054,0.0032642781734466553,0.3745484592003061
2019-02-15,fold_5,2018 Vol-mageddon + Q4 sell-off,0.00389920175075531,1,0.001975360093638301,1,0.001975360093638301,0.10443519381806254,,,,1,19.75360093638301,-0.004692921414971352,0.009147333912551403,0.00389920175075531,0.1778756870323239
2019-02-19,fold_5,2018 Vol-mageddon + Q4 sell-off,0.012225009500980377,1,-0.00017421865777578205,-1,-0.00017421865777578205,0.10426097516028676,,,,0,-1.7421865777578205,-0.004812231287360191,0.008208819665014744,0.012225009500980377,-0.015992804153815002
2019-02-20,fold_5,2018 Vol-mageddon + Q4 sell-off,0.005389496684074402,1,-0.0036640395410358906,-1,-0.0036640395410358906,0.10059693561925087,,,,0,-36.640395410358906,-0.0016502682119607925,0.007749252486974001,0.005389496684074402,-0.3697444191702923
2019-02-21,fold_5,2018 Vol-mageddon + Q4 sell-off,0.0016972646117210388,1,0.007372690364718437,1,0.007372690364718437,0.10796962598396931,,,,1,73.72690364718437,0.0008145160973072052,0.009106521494686604,0.0016972646117210388,0.7417759552143991
2019-02-22,fold_5,2018 Vol-mageddon + Q4 sell-off,-0.0028449594974517822,-1,0.0036375417839735746,1,-0.0036375417839735746,0.10433208419999573,,,,0,-36.375417839735746,0.0007942710071802139,0.00863878894597292,-0.0028449594974517822,0.36480757635248523
2019-02-25,fold_5,2018 Vol-mageddon + Q4 sell-off,-0.0013744086027145386,-1,0.0010368457296863198,1,-0.0010368457296863198,0.10329523847030941,,,,0,-10.368457296863198,0.007613666355609894,0.005173328332602978,-0.0013744086027145386,0.10749815623397956
2019-02-26,fold_5,2018 Vol-mageddon + Q4 sell-off,0.0006983280181884766,1,-0.0006337863160297275,-1,-0.0006337863160297275,0.10266145215427969,,,,0,-6.337863160297275,0.00443430058658123,0.004881580825895071,0.0006983280181884766,-0.06859860697891929
2019-02-27,fold_5,2018 Vol-mageddon + Q4 sell-off,-5.900859832763672e-05,-1,-0.002306770533323288,-1,0.002306770533323288,0.10496822268760297,,,,1,23.06770533323288,-0.0002347547560930252,-0.00017281183681916445,-5.900859832763672e-05,-0.2564972928000794
2019-02-28,fold_5,2018 Vol-mageddon + Q4 sell-off,0.008855096995830536,1,0.006904958747327328,1,0.006904958747327328,0.1118731814349303,,,,1,69.04958747327328,-0.001271972432732582,-0.010214511305093765,0.008855096995830536,0.9804763321443797
2019-03-01,fold_5,2018 Vol-mageddon + Q4 sell-off,0.009262524545192719,1,0.00017208090866915882,1,0.00017208090866915882,0.11204526234359946,,,,1,1.7208090866915882,-0.0077299196273088455,-0.018637001514434814,0.009262524545192719,0.026893411076215196
2019-03-04,fold_5,2018 Vol-mageddon + Q4 sell-off,0.0060472190380096436,1,0.0007450981065630913,1,0.0007450981065630913,0.11279036045016255,,,,1,7.450981065630913,-0.004285166040062904,0.0017753717256709933,0.0060472190380096436,0.11773856278902868
2019-03-05,fold_5,2018 Vol-mageddon + Q4 sell-off,0.00602392852306366,1,-0.005688178818672895,-1,-0.005688178818672895,0.10710218163148966,,,,0,-56.881788186728954,-0.0015589911490678787,0.0065093920566141605,0.00602392852306366,-0.9984404366472546
2019-03-06,fold_5,2018 Vol-mageddon + Q4 sell-off,0.009167768061161041,1,-0.012348470278084278,-1,-0.012348470278084278,0.09475371135340538,,,,0,-123.48470278084278,-0.002498077228665352,0.01968303509056568,0.009167768061161041,-2.2472515457824884
2019-03-07,fold_5,2018 Vol-mageddon + Q4 sell-off,0.012579046189785004,1,-0.0015175314620137215,-1,-0.0015175314620137215,0.09323617989139166,,,,0,-15.175314620137215,-0.0006267707794904709,0.030335213989019394,0.012579046189785004,-0.2482345434549959
2019-03-08,fold_5,2018 Vol-mageddon + Q4 sell-off,0.006270229816436768,1,0.020584454759955406,1,0.020584454759955406,0.11382063465134706,,,,1,205.84454759955406,-0.0008800793439149857,0.041090596467256546,0.006270229816436768,3.8661865610744894
2019-03-11,fold_5,2018 Vol-mageddon + Q4 sell-off,0.003937229514122009,1,0.005479118321090937,1,0.005479118321090937,0.119299752972438,,,,1,54.79118321090937,-0.0014598984271287918,0.022885199636220932,0.003937229514122009,0.7800188928272659
2019-03-12,fold_5,2018 Vol-mageddon + Q4 sell-off,0.00986681878566742,1,0.007485463283956051,1,0.007485463283956051,0.12678521625639405,,,,1,74.85463283956051,-0.012411216273903847,0.020762847736477852,0.00986681878566742,1.0502638374398423
2019-03-13,fold_5,2018 Vol-mageddon + Q4 sell-off,0.012031994760036469,1,-0.0016962912632152438,-1,-0.0016962912632152438,0.1250889249931788,,,,0,-16.962912632152438,-0.01316269300878048,0.01723448745906353,0.012031994760036469,-0.259205191477666
2019-03-14,fold_5,2018 Vol-mageddon + Q4 sell-off,0.009669683873653412,1,0.009237850084900856,1,0.009237850084900856,0.13432677507807966,,,,1,92.37850084900856,-0.010418349876999855,0.03444202244281769,0.009669683873653412,1.409647264496538
2019-03-15,fold_5,2018 Vol-mageddon + Q4 sell-off,0.008862733840942383,1,0.0023790590930730104,1,0.0023790590930730104,0.13670583417115267,,,,1,23.790590930730104,-0.006326431408524513,0.0029952730983495712,0.008862733840942383,0.34651527241994967
2019-03-18,fold_5,2018 Vol-mageddon + Q4 sell-off,0.0060031116008758545,1,0.003356766188517213,1,0.003356766188517213,0.1400626003596699,,,,1,33.56766188517213,-0.010626206174492836,-0.0012897165725007653,0.0060031116008758545,0.49204903498740066
2019-03-19,fold_5,2018 Vol-mageddon + Q4 sell-off,0.018994197249412537,1,0.003957103006541729,1,0.003957103006541729,0.14401970336621162,,,,1,39.57103006541729,0.003777123987674713,0.0,0.018994197249412537,0.5777674207829703
2019-03-20,fold_5,2018 Vol-mageddon + Q4 sell-off,-0.003622397780418396,-1,0.015511245466768742,1,-0.015511245466768742,0.12850845789944287,,,,0,-155.11245466768742,-0.007302695885300636,-0.010400827042758465,-0.003622397780418396,2.2461296638731625
2019-03-21,fold_5,2018 Vol-mageddon + Q4 sell-off,-0.012810051441192627,-1,-0.02220890112221241,-1,0.02220890112221241,0.15071735902165528,,,,1,222.0890112221241,-0.002700982615351677,-0.023610059171915054,-0.012810051441192627,-2.890170330312154
2019-03-22,fold_5,2018 Vol-mageddon + Q4 sell-off,0.009648554027080536,1,-0.001905930577777326,-1,-0.001905930577777326,0.14881142844387796,,,,0,-19.05930577777326,-0.012384051457047462,0.006141345482319593,0.009648554027080536,-0.21178024690818373
2019-03-25,fold_5,2018 Vol-mageddon + Q4 sell-off,-0.005340941250324249,-1,0.004646482411772013,1,-0.004646482411772013,0.14416494603210595,,,,0,-46.46482411772013,-0.004146883264183998,0.021207502111792564,-0.005340941250324249,0.5178372879620403
2019-03-26,fold_5,2018 Vol-mageddon + Q4 sell-off,-0.0379294715821743,-1,-0.006443724036216736,-1,0.006443724036216736,0.15060867006832268,,,,1,64.43724036216736,-0.016216935589909554,0.02034425549209118,-0.0379294715821743,-0.7136034369894386
2019-03-27,fold_5,2018 Vol-mageddon + Q4 sell-off,-0.012415654957294464,-1,0.0023020142689347267,1,-0.0023020142689347267,0.14830665579938795,,,,0,-23.020142689347267,0.0018392745405435562,0.03251755237579346,-0.012415654957294464,0.25177956690205505
2019-03-28,fold_5,2018 Vol-mageddon + Q4 sell-off,-0.042591601610183716,-1,0.007542503532022238,1,-0.007542503532022238,0.14076415226736572,,,,0,-75.42503532022238,-0.0013145413249731064,0.029834916815161705,-0.042591601610183716,0.8249561163490199
2019-03-29,fold_5,2018 Vol-mageddon + Q4 sell-off,-0.07034731656312943,-1,0.013160225003957748,1,-0.013160225003957748,0.12760392726340797,,,,0,-131.60225003957748,0.009713249281048775,0.027450084686279297,-0.07034731656312943,1.4354417979438217
2019-04-01,fold_5,2018 Vol-mageddon + Q4 sell-off,-0.0014361962676048279,-1,0.0037832369562238455,1,-0.0037832369562238455,0.12382069030718412,,,,0,-37.832369562238455,0.028606493026018143,0.01683189906179905,-0.0014361962676048279,0.3929132302604623
2019-04-02,fold_5,2018 Vol-mageddon + Q4 sell-off,-0.010672517120838165,-1,0.005729572847485542,1,-0.005729572847485542,0.11809111745969858,,,,0,-57.29572847485542,0.02351497858762741,0.009531304240226746,-0.010672517120838165,0.5928572924656258
2019-04-03,fold_5,2018 Vol-mageddon + Q4 sell-off,-0.01017364114522934,-1,-0.0003806223103310913,-1,0.0003806223103310913,0.11847173977002967,,,,1,3.806223103310913,0.001575300469994545,0.009153859689831734,-0.01017364114522934,-0.03937922860941791
2019-04-04,fold_5,2018 Vol-mageddon + Q4 sell-off,0.0003879368305206299,1,0.00515767140313983,1,0.00515767140313983,0.1236294111731695,,,,1,51.576714031398296,0.008195137605071068,0.007159198634326458,0.0003879368305206299,0.5567941972777216
2019-04-05,fold_5,2018 Vol-mageddon + Q4 sell-off,0.01076652854681015,1,0.0025420398451387882,1,0.0025420398451387882,0.1261714510183083,,,,1,25.420398451387882,0.028210002928972244,0.006315842270851135,0.01076652854681015,0.2725024093881886
2019-04-08,fold_5,2018 Vol-mageddon + Q4 sell-off,0.013574376702308655,1,-0.0035173578653484583,-1,-0.0035173578653484583,0.12265409315295983,,,,0,-35.17357865348458,0.02589927613735199,0.003935340326279402,0.013574376702308655,-0.43243918616901417
2019-04-09,fold_5,2018 Vol-mageddon + Q4 sell-off,-0.0031736642122268677,-1,0.005352128762751818,1,-0.005352128762751818,0.11730196439020801,,,,0,-53.52128762751818,0.03227050602436066,0.010890415869653225,-0.0031736642122268677,0.6624467096671369
2019-04-10,fold_5,2018 Vol-mageddon + Q4 sell-off,0.004056580364704132,1,-0.0023752839770168066,-1,-0.0023752839770168066,0.1149266804131912,,,,0,-23.752839770168066,0.04635092243552208,0.009017187170684338,0.004056580364704132,-0.29712804898278294
2019-04-11,fold_5,2018 Vol-mageddon + Q4 sell-off,-4.840642213821411e-05,-1,0.004314315505325794,1,-0.004314315505325794,0.11061236490786541,,,,0,-43.14315505325794,0.02813616581261158,0.012674174271523952,-4.840642213821411e-05,0.5391018631979752
2019-04-12,fold_5,2018 Vol-mageddon + Q4 sell-off,0.001941673457622528,1,0.0001615378278074786,1,0.0001615378278074786,0.11077390273567289,,,,1,1.615378278074786,0.023217223584651947,0.011184216476976871,0.001941673457622528,0.020732427437063147
2019-04-15,fold_5,2018 Vol-mageddon + Q4 sell-off,0.00818256288766861,1,0.0034377172123640776,1,0.0034377172123640776,0.11421161994803697,,,,1,34.377172123640776,0.009794535115361214,0.02366057224571705,0.00818256288766861,0.4422379245469731
2019-04-16,fold_5,2018 Vol-mageddon + Q4 sell-off,0.008354485034942627,1,0.0034789007622748613,1,0.0034789007622748613,0.11769052071031183,,,,1,34.78900762274861,-0.010270657017827034,0.0170652624219656,0.008354485034942627,0.44743409613884627
2019-04-17,fold_5,2018 Vol-mageddon + Q4 sell-off,0.009690754115581512,1,0.001281703356653452,1,0.001281703356653452,0.11897222406696528,,,,1,12.81703356653452,-0.007524875923991203,0.017636874690651894,0.009690754115581512,0.16508748451011285
2019-04-18,fold_5,2018 Vol-mageddon + Q4 sell-off,0.008290790021419525,1,0.002824357245117426,1,0.002824357245117426,0.12179658131208271,,,,1,28.24357245117426,-0.002684401348233223,0.01724712736904621,0.008290790021419525,0.4062728922046816
2019-04-22,fold_5,2018 Vol-mageddon + Q4 sell-off,-0.0096992626786232,-1,0.012637894600629807,1,-0.012637894600629807,0.1091586867114529,,,,0,-126.37894600629807,0.0071264635771512985,0.016361890360713005,-0.0096992626786232,2.5761801972299163
2019-04-23,fold_5,2018 Vol-mageddon + Q4 sell-off,-0.011385075747966766,-1,-0.0031575928442180157,-1,0.0031575928442180157,0.11231627955567092,,,,1,31.575928442180157,0.007871737703680992,-0.004054222255945206,-0.011385075747966766,-0.5593278337476337
2019-04-24,fold_5,2018 Vol-mageddon + Q4 sell-off,-0.012742191553115845,-1,0.004050512798130512,1,-0.004050512798130512,0.1082657667575404,,,,0,-40.50512798130512,0.015395887196063995,-0.004119951277971268,-0.012742191553115845,0.7241279199257808
2019-04-25,fold_5,2018 Vol-mageddon + Q4 sell-off,-0.0013318732380867004,-1,0.0008919559768401086,1,-0.0008919559768401086,0.1073738107807003,,,,0,-8.919559768401086,0.025023911148309708,-0.012520142830908298,-0.0013318732380867004,0.16275839997497182
2019-04-26,fold_5,2018 Vol-mageddon + Q4 sell-off,0.004959821701049805,1,0.0019391197711229324,1,0.0019391197711229324,0.10931293055182323,,,,1,19.391197711229324,0.020612778142094612,0.002410326385870576,0.004959821701049805,0.3551721476100761
2019-04-29,fold_5,2018 Vol-mageddon + Q4 sell-off,-0.0004472658038139343,-1,-0.007778218016028404,-1,0.007778218016028404,0.11709114856785163,,,,1,77.78218016028404,0.024297276511788368,-0.005670021288096905,-0.0004472658038139343,-1.4927381154327648
2020-04-28,fold_6,COVID crash and V-recovery,0.0016391947865486145,1,0.034846752882003784,1,0.034846752882003784,0.034846752882003784,,,,1,348.46752882003784,-0.005217285826802254,0.02870927006006241,0.0016391947865486145,1.349116258860208
2020-04-29,fold_6,COVID crash and V-recovery,-0.0020845308899879456,-1,-0.00041101736132986844,-1,0.00041101736132986844,0.03525777024333365,,,,1,4.110173613298684,-0.006485549733042717,0.0,-0.0020845308899879456,-0.015273329603258962
2020-04-30,fold_6,COVID crash and V-recovery,-0.0022514313459396362,-1,-0.02858983725309372,-1,0.02858983725309372,0.06384760749642737,,,,1,285.8983725309372,-0.010859420523047447,0.013205603696405888,-0.0022514313459396362,-1.139100475499464
2020-05-01,fold_6,COVID crash and V-recovery,-0.0008756294846534729,-1,0.011590042151510715,1,-0.011590042151510715,0.05225756534491666,,,,0,-115.90042151510715,-0.011845031753182411,0.05540729686617851,-0.0008756294846534729,0.454380527434365
2020-05-04,fold_6,COVID crash and V-recovery,-0.0010288134217262268,-1,0.011273329146206379,1,-0.011273329146206379,0.04098423619871028,,,,0,-112.73329146206379,-0.013621600344777107,0.05271638184785843,-0.0010288134217262268,0.4431575926811178
2020-05-05,fold_6,COVID crash and V-recovery,0.0014439225196838379,1,0.006137482821941376,1,0.006137482821941376,0.04712171902065165,,,,1,61.37482821941376,-0.011351993307471275,0.020283684134483337,0.0014439225196838379,0.3012582525123526
2020-05-06,fold_6,COVID crash and V-recovery,-0.0008464902639389038,-1,0.012794585898518562,1,-0.012794585898518562,0.03432713312213309,,,,0,-127.94585898518562,-0.009484982118010521,0.0015512654790654778,-0.0008464902639389038,0.6266082108417178
2020-05-07,fold_6,COVID crash and V-recovery,0.0019114762544631958,1,0.013611855916678905,1,0.013611855916678905,0.047938989038812,,,,1,136.11855916678905,-0.005422243848443031,4.5156863052397966e-05,0.0019114762544631958,0.6780198336118983
2020-05-08,fold_6,COVID crash and V-recovery,-0.0022721663117408752,-1,0.008899128064513206,1,-0.008899128064513206,0.03903986097429879,,,,0,-88.99128064513206,-0.002040693536400795,-0.007096275221556425,-0.0022721663117408752,0.4383214928755762
2020-05-11,fold_6,COVID crash and V-recovery,0.0033219531178474426,1,-0.021159369498491287,-1,-0.021159369498491287,0.017880491475807503,,,,0,-211.59369498491287,0.003336837515234947,0.002465191762894392,0.0033219531178474426,-1.0444928112474263
2020-05-12,fold_6,COVID crash and V-recovery,0.002468973398208618,1,-0.012594935484230518,-1,-0.012594935484230518,0.0052855559915769845,,,,0,-125.94935484230518,0.0011562444269657135,0.021115215495228767,0.002468973398208618,-0.6809020398622824
2020-05-13,fold_6,COVID crash and V-recovery,0.000637739896774292,1,0.011288478039205074,1,0.011288478039205074,0.01657403403078206,,,,1,112.88478039205074,0.002639463171362877,0.053481537848711014,0.000637739896774292,0.6091367844048735
2020-05-14,fold_6,COVID crash and V-recovery,0.006483942270278931,1,0.006470423191785812,1,0.006470423191785812,0.02304445722256787,,,,1,64.70423191785812,0.0018679667264223099,0.031242623925209045,0.006483942270278931,0.3543286206546096
2020-05-15,fold_6,COVID crash and V-recovery,0.00791630893945694,1,0.018460595980286598,1,0.018460595980286598,0.04150505320285447,,,,1,184.60595980286598,-0.004150936380028725,0.028218109160661697,0.00791630893945694,1.0146429521600169
2020-05-18,fold_6,COVID crash and V-recovery,0.009227678179740906,1,-0.002509345533326268,-1,-0.002509345533326268,0.0389957076695282,,,,0,-25.093455333262682,-0.0024054814130067825,0.0070541235618293285,0.009227678179740906,-0.1358947902996018
2020-05-19,fold_6,COVID crash and V-recovery,0.005276992917060852,1,0.019771385937929153,1,0.019771385937929153,0.058767093607457355,,,,1,197.71385937929153,-0.004283448681235313,0.015006253495812416,0.005276992917060852,1.2019011447599568
2020-05-20,fold_6,COVID crash and V-recovery,0.0065317302942276,1,-0.010950435884296894,-1,-0.010950435884296894,0.04781665772316046,,,,0,-109.50435884296894,-0.006748819723725319,-0.006068696733564138,0.0065317302942276,-0.6962042515893885
2020-05-21,fold_6,COVID crash and V-recovery,0.006571248173713684,1,0.003445908660069108,1,0.003445908660069108,0.05126256638322957,,,,1,34.45908660069108,-0.006338519975543022,0.01942809484899044,0.006571248173713684,0.21657318928388547
2020-05-22,fold_6,COVID crash and V-recovery,0.006733410060405731,1,-0.0027033903170377016,-1,-0.0027033903170377016,0.04855917606619187,,,,0,-27.033903170377016,-0.007519392296671867,0.018977487459778786,0.006733410060405731,-0.17395546199459244
2020-05-26,fold_6,COVID crash and V-recovery,0.00538269430398941,1,0.005442784167826176,1,0.005442784167826176,0.05400196023401804,,,,1,54.42784167826176,-0.002781825140118599,0.028366241604089737,0.00538269430398941,0.3523078665915714
2020-05-27,fold_6,COVID crash and V-recovery,0.0019279345870018005,1,-0.00130356359295547,-1,-0.00130356359295547,0.05269839664106257,,,,0,-13.0356359295547,-0.007776146754622459,0.02741178125143051,0.0019279345870018005,-0.08747495646310993
2020-05-28,fold_6,COVID crash and V-recovery,0.0028328150510787964,1,0.014546356163918972,1,0.014546356163918972,0.06724475280498154,,,,1,145.46356163918972,-0.0016763340681791306,0.02167745679616928,0.0028328150510787964,1.144836825768415
2020-05-29,fold_6,COVID crash and V-recovery,-0.0011439695954322815,-1,0.002995300805196166,1,-0.002995300805196166,0.06424945199978538,,,,0,-29.95300805196166,-0.0006886646151542664,0.026764295995235443,-0.0011439695954322815,0.22837949258839393
2020-06-01,fold_6,COVID crash and V-recovery,-0.0023683831095695496,-1,0.006685362663120031,1,-0.006685362663120031,0.05756408933666535,,,,0,-66.85362663120031,-0.0018603634089231491,0.03149901330471039,-0.0023683831095695496,0.5827813231771511
2020-06-02,fold_6,COVID crash and V-recovery,-0.003746993839740753,-1,0.004488324746489525,1,-0.004488324746489525,0.05307576459017582,,,,0,-44.88324746489525,0.0001988336443901062,0.032032568007707596,-0.003746993839740753,0.3980972830499163
2020-06-03,fold_6,COVID crash and V-recovery,0.0034848004579544067,1,-0.007037887815386057,-1,-0.007037887815386057,0.046037876774789765,,,,0,-70.37887815386057,-0.006684040650725365,0.03947428986430168,0.0034848004579544067,-0.6377926107384717
2020-06-04,fold_6,COVID crash and V-recovery,-0.008348636329174042,-1,0.01963319443166256,1,-0.01963319443166256,0.026404682343127206,,,,0,-196.3319443166256,-0.008514044806361198,-0.0043064602650702,-0.008348636329174042,1.7748960173917738
2020-06-05,fold_6,COVID crash and V-recovery,-0.005678541958332062,-1,0.00773001741617918,1,-0.00773001741617918,0.018674664926948026,,,,0,-77.3001741617918,-0.013051977381110191,-0.016023224219679832,-0.005678541958332062,0.6691537153486794
2020-06-08,fold_6,COVID crash and V-recovery,-0.003922231495380402,-1,0.007218916900455952,1,-0.007218916900455952,0.011455748026492074,,,,0,-72.18916900455952,-0.01589650847017765,-0.011659504845738411,-0.003922231495380402,0.6401453804806366
2020-06-09,fold_6,COVID crash and V-recovery,-0.0033549219369888306,-1,0.01193004846572876,1,-0.01193004846572876,-0.00047430043923668563,,,,0,-119.3004846572876,-0.011947991326451302,-0.0018512934911996126,-0.0033549219369888306,1.0635877806641232
2020-06-10,fold_6,COVID crash and V-recovery,-0.0007151961326599121,-1,-0.050818637013435364,-1,0.050818637013435364,0.05034433657419868,,,,1,508.18637013435364,-0.007573338225483894,-0.01061584148555994,-0.0007151961326599121,-4.833366497560921
2020-06-11,fold_6,COVID crash and V-recovery,0.0003362223505973816,1,0.007916430942714214,1,0.007916430942714214,0.05826076751691289,,,,1,79.16430942714214,-0.004997109994292259,0.04290812090039253,0.0003362223505973816,0.5200283997094477
2020-06-12,fold_6,COVID crash and V-recovery,0.002660617232322693,1,0.012093736790120602,1,0.012093736790120602,0.0703545043070335,,,,1,120.93736790120602,-0.005486709997057915,0.0348283015191555,0.002660617232322693,0.8000435567549711
2020-06-15,fold_6,COVID crash and V-recovery,0.009792618453502655,1,0.017027128487825394,1,0.017027128487825394,0.08738163279485889,,,,1,170.27128487825394,-0.0016270503401756287,0.03465566039085388,0.009792618453502655,1.1137561430626872
2020-06-16,fold_6,COVID crash and V-recovery,0.017174750566482544,1,0.0031655009370297194,1,0.0031655009370297194,0.09054713373188861,,,,1,31.655009370297194,-0.007118569687008858,0.026103550568223,0.017174750566482544,0.20819354101787516
2020-06-17,fold_6,COVID crash and V-recovery,0.004710964858531952,1,0.002705324674025178,1,0.002705324674025178,0.09325245840591379,,,,1,27.05324674025178,0.0063025448471307755,0.002107067499309778,0.004710964858531952,0.1778563538394904
2020-06-18,fold_6,COVID crash and V-recovery,0.006036825478076935,1,-0.00016339019930455834,-1,-0.00016339019930455834,0.09308906820660923,,,,0,-1.6339019930455834,0.003179071471095085,0.008876042440533638,0.006036825478076935,-0.011216744710318296
2020-06-19,fold_6,COVID crash and V-recovery,0.007221706211566925,1,0.01192109752446413,1,0.01192109752446413,0.10501016573107336,,,,1,119.2109752446413,0.0013828817754983902,-0.01485886238515377,0.007221706211566925,0.8301943175953945
2020-06-22,fold_6,COVID crash and V-recovery,-0.0034025385975837708,-1,0.008475018665194511,1,-0.008475018665194511,0.09653514706587885,,,,0,-84.75018665194511,0.011236956343054771,-0.01593226008117199,-0.0034025385975837708,0.5811019860795387
2020-06-23,fold_6,COVID crash and V-recovery,0.004671156406402588,1,-0.02083098329603672,-1,-0.02083098329603672,0.07570416376984213,,,,0,-208.3098329603672,0.006245791912078857,-0.004995599389076233,0.004671156406402588,-1.4175974704980616
2020-06-24,fold_6,COVID crash and V-recovery,-0.0062858909368515015,-1,0.009474299848079681,1,-0.009474299848079681,0.06622986392176244,,,,0,-94.74299848079681,0.002687709406018257,0.02743980661034584,-0.0062858909368515015,0.6165341995312399
2020-06-25,fold_6,COVID crash and V-recovery,0.012494601309299469,1,-0.023898296058177948,-1,-0.023898296058177948,0.042331567863584496,,,,0,-238.98296058177948,0.009612860158085823,0.02472933940589428,0.012494601309299469,-1.5408676806680528
2020-06-26,fold_6,COVID crash and V-recovery,0.014635913074016571,1,0.010847700759768486,1,0.010847700759768486,0.05317926862335298,,,,1,108.47700759768486,0.0118719432502985,0.07291491329669952,0.014635913074016571,0.6746617427209867
2020-06-29,fold_6,COVID crash and V-recovery,0.0034642815589904785,1,0.01941167749464512,1,0.01941167749464512,0.0725909461179981,,,,1,194.1167749464512,0.017665650695562363,0.05515451729297638,0.0034642815589904785,1.1947957833765366
2020-06-30,fold_6,COVID crash and V-recovery,-0.010606348514556885,-1,0.011604422703385353,1,-0.011604422703385353,0.06098652341461275,,,,0,-116.04422703385353,0.028795935213565826,0.048828642815351486,-0.010606348514556885,0.692796584541074
2020-07-01,fold_6,COVID crash and V-recovery,-0.012687809765338898,-1,0.00676383264362812,1,-0.00676383264362812,0.05422269077098463,,,,0,-67.6383264362812,0.0254032164812088,0.04561207443475723,-0.012687809765338898,0.39974959804786203
2020-07-02,fold_6,COVID crash and V-recovery,-0.02002311870455742,-1,0.024287275969982147,1,-0.024287275969982147,0.02993541480100248,,,,0,-242.87275969982147,0.029375744983553886,0.04565257206559181,-0.02002311870455742,1.4358778581058032
2020-07-06,fold_6,COVID crash and V-recovery,-0.031142257153987885,-1,-0.006912693381309509,-1,0.006912693381309509,0.03684810818231199,,,,1,69.12693381309509,0.02476838417351246,0.0005803222302347422,-0.031142257153987885,-0.40157268428087856
2020-07-07,fold_6,COVID crash and V-recovery,0.0004948675632476807,1,0.01308580581098795,1,0.01308580581098795,0.04993391399329994,,,,1,130.8580581098795,0.01853683404624462,0.014546205289661884,0.0004948675632476807,0.760950319818398
2020-07-08,fold_6,COVID crash and V-recovery,-0.003699354827404022,-1,0.008387851528823376,1,-0.008387851528823376,0.04154606246447656,,,,0,-83.87851528823376,0.02124810963869095,0.0034939206670969725,-0.003699354827404022,0.4829213491086964
2020-07-09,fold_6,COVID crash and V-recovery,-0.004708684980869293,-1,0.006804332137107849,1,-0.006804332137107849,0.034741730327368714,,,,0,-68.04332137107849,0.023412160575389862,-0.01173989288508892,-0.004708684980869293,0.39410950525264227
2020-07-10,fold_6,COVID crash and V-recovery,-0.0059988126158714294,-1,-0.020784974098205566,-1,0.020784974098205566,0.05552670442557428,,,,1,207.84974098205566,0.022240640595555305,-0.017386941239237785,-0.0059988126158714294,-1.5882076019087286
2020-07-13,fold_6,COVID crash and V-recovery,0.00012395530939102173,1,0.007053189445286989,1,0.007053189445286989,0.06257989387086127,,,,1,70.53189445286989,0.015821559354662895,0.031374141573905945,0.00012395530939102173,0.5120446139780346
2020-07-14,fold_6,COVID crash and V-recovery,-0.020475246012210846,-1,0.0020335218869149685,1,-0.0020335218869149685,0.0605463719839463,,,,0,-20.335218869149685,0.007299410179257393,0.013845482841134071,-0.020475246012210846,0.14954269287114882
2020-07-15,fold_6,COVID crash and V-recovery,-0.011906325817108154,-1,-0.006845961790531874,-1,0.006845961790531874,0.06739233377447817,,,,1,68.45961790531874,0.0016504433006048203,0.01532869040966034,-0.011906325817108154,-0.5241009812391734
2020-07-16,fold_6,COVID crash and V-recovery,0.01533915102481842,1,0.0011572843650355935,1,0.0011572843650355935,0.06854961813951377,,,,1,11.572843650355935,0.0021679848432540894,-0.004292608238756657,0.01533915102481842,0.08812283189001813
2020-07-17,fold_6,COVID crash and V-recovery,0.005122557282447815,1,0.027976106852293015,1,0.027976106852293015,0.09652572499180678,,,,1,279.76106852293015,-0.002741405740380287,-0.01499137282371521,0.005122557282447815,2.132123708338193
2020-07-20,fold_6,COVID crash and V-recovery,0.00821012258529663,1,-0.010475467890501022,-1,-0.010475467890501022,0.08605025710130576,,,,0,-104.75467890501022,-0.013084961101412773,-0.025281477719545364,0.00821012258529663,-0.7206510227050099
2020-07-21,fold_6,COVID crash and V-recovery,0.0035862550139427185,1,0.0035167301539331675,1,0.0035167301539331675,0.08956698725523893,,,,1,35.167301539331675,-0.016980024054646492,-0.027612756937742233,0.0035862550139427185,0.24286262614215368
2020-07-22,fold_6,COVID crash and V-recovery,0.008923664689064026,1,-0.026467259973287582,-1,-0.026467259973287582,0.06309972728195135,,,,0,-264.6725997328758,-0.03192050755023956,-0.019669238477945328,0.008923664689064026,-1.8409053843650716
2020-07-23,fold_6,COVID crash and V-recovery,0.006169259548187256,1,-0.009541480801999569,-1,-0.009541480801999569,0.05355824647995178,,,,0,-95.41480801999569,-0.030236495658755302,0.012019885703921318,0.006169259548187256,-0.6432334964953011
2020-07-24,fold_6,COVID crash and V-recovery,-0.00029408931732177734,-1,0.01768600009381771,1,-0.01768600009381771,0.035872246386134066,,,,0,-176.8600009381771,-0.024760359898209572,0.03924935311079025,-0.00029408931732177734,1.1921186983156284
2020-07-27,fold_6,COVID crash and V-recovery,0.0026533901691436768,1,-0.012806747108697891,-1,-0.012806747108697891,0.023065499277436174,,,,0,-128.0674710869789,-0.008707111701369286,0.034980401396751404,0.0026533901691436768,-0.8897363445671662
2020-07-28,fold_6,COVID crash and V-recovery,0.0029822885990142822,1,0.011460249312222004,1,0.011460249312222004,0.03452574858965818,,,,1,114.60249312222004,-0.017700834199786186,0.05149209499359131,0.0029822885990142822,0.7917747031445751
2020-07-29,fold_6,COVID crash and V-recovery,-0.0020390450954437256,-1,0.0052218628115952015,1,-0.0052218628115952015,0.029303885778062977,,,,0,-52.218628115952015,-0.019238775596022606,0.042506542056798935,-0.0020390450954437256,0.3718284970110825
2020-07-30,fold_6,COVID crash and V-recovery,0.008522942662239075,1,0.01768798753619194,1,0.01768798753619194,0.04699187331425492,,,,1,176.8798753619194,-0.03408331423997879,0.05044260248541832,0.008522942662239075,1.2769965562045513
2020-07-31,fold_6,COVID crash and V-recovery,0.0015353411436080933,1,0.013417048379778862,1,0.013417048379778862,0.06040892169403378,,,,1,134.17048379778862,-0.025962868705391884,0.021145181730389595,0.0015353411436080933,0.9366016124301634
2020-08-03,fold_6,COVID crash and V-recovery,0.004655264317989349,1,0.003704946953803301,1,0.003704946953803301,0.06411386864783708,,,,1,37.04946953803301,-0.030891546979546547,0.0034460306633263826,0.004655264317989349,0.27259952974596996
2020-08-04,fold_6,COVID crash and V-recovery,0.0012921467423439026,1,0.0024746968410909176,1,0.0024746968410909176,0.066588565488928,,,,1,24.746968410909176,-0.021536702290177345,-0.01938198134303093,0.0012921467423439026,0.18292635050540385
2020-08-05,fold_6,COVID crash and V-recovery,-0.004986390471458435,-1,0.013157923705875874,1,-0.013157923705875874,0.053430641783052124,,,,0,-131.57923705875874,-0.025055108591914177,0.0029841316863894463,-0.004986390471458435,0.9953246352301299
2020-08-06,fold_6,COVID crash and V-recovery,0.008475296199321747,1,-0.011609433218836784,-1,-0.011609433218836784,0.04182120856421534,,,,0,-116.09433218836784,-0.010958900675177574,-0.00789579376578331,0.008475296199321747,-0.8655564505121134
2020-08-07,fold_6,COVID crash and V-recovery,0.0021315813064575195,1,-0.004282103851437569,-1,-0.004282103851437569,0.03753910471277777,,,,0,-42.82103851437569,-0.010448405519127846,0.002538258209824562,0.0021315813064575195,-0.315403274167436
2020-08-10,fold_6,COVID crash and V-recovery,-0.0006640627980232239,-1,-0.01912306621670723,-1,0.01912306621670723,0.056662170929485,,,,1,191.2306621670723,-0.0015210043638944626,0.018364673480391502,-0.0006640627980232239,-1.4949017218268141
2020-08-11,fold_6,COVID crash and V-recovery,-0.006880417466163635,-1,0.024840809404850006,1,-0.024840809404850006,0.031821361524634995,,,,0,-248.40809404850006,-0.0006727948784828186,0.04706699773669243,-0.006880417466163635,1.854425462059186
2020-08-12,fold_6,COVID crash and V-recovery,-0.008185669779777527,-1,0.002277998486533761,1,-0.002277998486533761,0.029543363038101234,,,,0,-22.77998486533761,-0.001857781782746315,0.015475744381546974,-0.008185669779777527,0.1571654526123982
2020-08-13,fold_6,COVID crash and V-recovery,-0.004000961780548096,-1,-0.0011753810103982687,-1,0.0011753810103982687,0.030718744048499502,,,,1,11.753810103982687,0.00353427417576313,0.026974011212587357,-0.004000961780548096,-0.08149801908205123
2020-08-14,fold_6,COVID crash and V-recovery,0.00034351646900177,1,0.011544312350451946,1,0.011544312350451946,0.04226305639895145,,,,1,115.44312350451946,0.0015101712197065353,0.03505614399909973,0.00034351646900177,0.8004500661944717
2020-08-17,fold_6,COVID crash and V-recovery,0.0023763999342918396,1,0.009579257108271122,1,0.009579257108271122,0.05184231350722257,,,,1,95.79257108271122,0.002108592540025711,0.029736364260315895,0.0023763999342918396,0.7230246261558297
2020-08-18,fold_6,COVID crash and V-recovery,0.005901254713535309,1,-0.006750442553311586,-1,-0.006750442553311586,0.045091870953910984,,,,0,-67.50442553311586,-0.0010367874056100845,0.027988793328404427,0.005901254713535309,-0.510820204822413
2020-08-19,fold_6,COVID crash and V-recovery,0.006067194044589996,1,0.013776266016066074,1,0.013776266016066074,0.05886813696997706,,,,1,137.76266016066074,-0.00881694070994854,0.05585353076457977,0.006067194044589996,1.037559246659717
2020-08-20,fold_6,COVID crash and V-recovery,0.013767994940280914,1,0.0069067515432834625,1,0.0069067515432834625,0.06577488851326052,,,,1,69.06751543283463,-0.008508438244462013,0.038955897092819214,0.013767994940280914,0.5625156236933915
2020-08-21,fold_6,COVID crash and V-recovery,-0.0037735551595687866,-1,0.006224532146006823,1,-0.006224532146006823,0.0595503563672537,,,,0,-62.245321460068226,-0.003146035596728325,0.0371214896440506,-0.0037735551595687866,0.5106356876868382
2020-08-24,fold_6,COVID crash and V-recovery,0.0010499060153961182,1,0.007831685245037079,1,0.007831685245037079,0.06738204161229078,,,,1,78.31685245037079,0.004333078861236572,0.038897957652807236,0.0010499060153961182,0.6743238686894301
2020-08-25,fold_6,COVID crash and V-recovery,-0.0059402137994766235,-1,0.021114297211170197,1,-0.021114297211170197,0.04626774440112058,,,,0,-211.14297211170197,0.005302663892507553,0.04801339656114578,-0.0059402137994766235,1.8535998038712649
2020-08-26,fold_6,COVID crash and V-recovery,-0.008535608649253845,-1,-0.003121370915323496,-1,0.003121370915323496,0.04938911531644408,,,,1,31.21370915323496,0.00476733036339283,0.036324240267276764,-0.008535608649253845,-0.2587895593319744
2020-08-27,fold_6,COVID crash and V-recovery,-0.0029793083667755127,-1,0.005072346422821283,1,-0.005072346422821283,0.04431676889362279,,,,0,-50.72346422821283,0.001963818445801735,-0.012585151940584183,-0.0029793083667755127,0.42181512853870085
2020-08-28,fold_6,COVID crash and V-recovery,0.0015221163630485535,1,0.008001000620424747,1,0.008001000620424747,0.05231776951404754,,,,1,80.01000620424747,0.002051008865237236,-0.03107313998043537,0.0015221163630485535,0.7010740917333799
2020-08-31,fold_6,COVID crash and V-recovery,0.0032859668135643005,1,0.016947124153375626,1,0.016947124153375626,0.06926489366742317,,,,1,169.47124153375626,0.006388584151864052,-0.08833174407482147,0.0032859668135643005,1.519174036231336
2020-09-01,fold_6,COVID crash and V-recovery,0.0012410357594490051,1,0.009425140917301178,1,0.009425140917301178,0.07869003458472434,,,,1,94.25140917301178,-0.005410702899098396,-0.07632622867822647,0.0012410357594490051,0.8019761973282619
2020-09-02,fold_6,COVID crash and V-recovery,0.00044802576303482056,1,-0.052030764520168304,-1,-0.052030764520168304,0.02665927006455604,,,,0,-520.307645201683,-0.0038101505488157272,-0.10588965564966202,0.00044802576303482056,-4.362421233254415
2020-09-03,fold_6,COVID crash and V-recovery,0.004735223948955536,1,-0.013415642082691193,-1,-0.013415642082691193,0.013243627981864847,,,,0,-134.15642082691193,-0.007541494444012642,-0.0608224980533123,0.004735223948955536,-0.8180304219831065
2020-09-04,fold_6,COVID crash and V-recovery,-0.0001391768455505371,-1,-0.04925760254263878,-1,0.04925760254263878,0.06250123052450363,,,,1,492.5760254263878,-0.00043801218271255493,-0.03014158084988594,-0.0001391768455505371,-2.99098501352186
2020-09-08,fold_6,COVID crash and V-recovery,0.0010983273386955261,1,0.028952637687325478,1,0.028952637687325478,0.0914538682118291,,,,1,289.5263768732548,0.0027451906353235245,0.033189885318279266,0.0010983273386955261,1.4630448928429223
2020-09-09,fold_6,COVID crash and V-recovery,-0.004175350069999695,-1,-0.020138287916779518,-1,0.020138287916779518,0.11159215612860862,,,,1,201.38287916779518,-0.002725919708609581,-0.011837474070489407,-0.004175350069999695,-0.9882583616877233
2020-09-10,fold_6,COVID crash and V-recovery,0.002285301685333252,1,-0.006963605526834726,-1,-0.006963605526834726,0.1046285506017739,,,,0,-69.63605526834726,-0.003512868657708168,-0.007444728631526232,0.002285301685333252,-0.3461658618806676
2020-09-11,fold_6,COVID crash and V-recovery,0.005387730896472931,1,0.017265276983380318,1,0.017265276983380318,0.12189382758515421,,,,1,172.65276983380318,-0.010495303198695183,-0.01332566887140274,0.005387730896472931,0.8559825585801524
2020-09-14,fold_6,COVID crash and V-recovery,0.0032178759574890137,1,0.014073864556849003,1,0.014073864556849003,0.13596769214200322,,,,1,140.73864556849003,-0.010295132175087929,-0.028195757418870926,0.0032178759574890137,0.6853734804594767
2020-09-15,fold_6,COVID crash and V-recovery,0.006500899791717529,1,-0.01607472263276577,-1,-0.01607472263276577,0.11989296950923745,,,,0,-160.7472263276577,-0.013481823727488518,-0.023861397057771683,0.006500899791717529,-0.7798215646588044
2020-09-16,fold_6,COVID crash and V-recovery,0.00015060603618621826,1,-0.01574554108083248,-1,-0.01574554108083248,0.10414742842840496,,,,0,-157.4554108083248,-0.02090953104197979,-0.03879699110984802,0.00015060603618621826,-0.7564717033725888
2020-09-17,fold_6,COVID crash and V-recovery,0.0017976835370063782,1,-0.01284454483538866,-1,-0.01284454483538866,0.0913028835930163,,,,0,-128.4454483538866,-0.01353924535214901,-0.018405728042125702,0.0017976835370063782,-0.6100156525437823
2020-09-18,fold_6,COVID crash and V-recovery,0.003066837787628174,1,0.0023951882030814886,1,0.0023951882030814886,0.09369807179609779,,,,1,23.951882030814886,-0.012835556641221046,0.017421115189790726,0.003066837787628174,0.11391217076698176
2020-09-21,fold_6,COVID crash and V-recovery,-0.0033012330532073975,-1,0.01840822398662567,1,-0.01840822398662567,0.07528984780947212,,,,0,-184.0822398662567,-0.0038634557276964188,0.035582274198532104,-0.0033012330532073975,0.8775572328014063
2020-09-22,fold_6,COVID crash and V-recovery,-0.004290096461772919,-1,-0.03101031668484211,-1,0.03101031668484211,0.10630016449431423,,,,1,310.1031668484211,-9.84296202659607e-05,0.012654685415327549,-0.004290096461772919,-1.4537438731940597
2020-09-23,fold_6,COVID crash and V-recovery,-0.009740836918354034,-1,0.0046457210555672646,1,-0.0046457210555672646,0.10165444343874697,,,,0,-46.457210555672646,0.007036495953798294,0.050490401685237885,-0.009740836918354034,0.20775431739486164
2020-09-24,fold_6,COVID crash and V-recovery,-0.002284325659275055,-1,0.022982297465205193,1,-0.022982297465205193,0.07867214597354177,,,,0,-229.82297465205193,0.011994967237114906,0.061592526733875275,-0.002284325659275055,1.0502742819316198
2020-09-25,fold_6,COVID crash and V-recovery,-0.003417186439037323,-1,0.02055634744465351,1,-0.02055634744465351,0.05811579852888826,,,,0,-205.5634744465351,0.005292972549796104,0.010075737722218037,-0.003417186439037323,0.9149699726863618
2020-09-28,fold_6,COVID crash and V-recovery,0.005932733416557312,1,-0.004519365727901459,-1,-0.004519365727901459,0.053596432800986804,,,,0,-45.19365727901459,0.011162256821990013,0.010621445253491402,0.005932733416557312,-0.1973176015235255
2020-09-29,fold_6,COVID crash and V-recovery,0.007674030959606171,1,0.0068253991194069386,1,0.0068253991194069386,0.06042183192039374,,,,1,68.25399119406939,0.006100170314311981,-0.002867152215912938,0.007674030959606171,0.298621087736763
2020-09-30,fold_6,COVID crash and V-recovery,0.007505744695663452,1,0.01574784703552723,1,0.01574784703552723,0.07616967895592097,,,,1,157.4784703552723,0.002442704513669014,0.007458656560629606,0.007505744695663452,0.697064423708603
2020-10-01,fold_6,COVID crash and V-recovery,0.018477819859981537,1,-0.02853449247777462,-1,-0.02853449247777462,0.04763518647814635,,,,0,-285.3449247777462,-0.0035820435732603073,-0.0029803828801959753,0.018477819859981537,-1.2533205081188008
2020-10-02,fold_6,COVID crash and V-recovery,0.00854571908712387,1,0.02110205590724945,1,0.02110205590724945,0.0687372423853958,,,,1,211.0205590724945,0.0061518531292676926,0.04071858525276184,0.00854571908712387,1.0251783952435474
2020-10-05,fold_6,COVID crash and V-recovery,0.014299944043159485,1,-0.01800796203315258,-1,-0.01800796203315258,0.05072928035224322,,,,0,-180.0796203315258,0.006547383964061737,0.0500197559595108,0.014299944043159485,-0.8614788499208522
2020-10-06,fold_6,COVID crash and V-recovery,0.005254566669464111,1,0.017151206731796265,1,0.017151206731796265,0.06788048708403949,,,,1,171.51206731796265,0.01158280111849308,0.06799398362636566,0.005254566669464111,0.9414975943994984
2020-10-07,fold_6,COVID crash and V-recovery,0.000712171196937561,1,0.005308808758854866,1,0.005308808758854866,0.07318929584289435,,,,1,53.08808758854866,0.0063964929431676865,0.0424555167555809,0.000712171196937561,0.30415484714686564
2020-10-08,fold_6,COVID crash and V-recovery,0.003198288381099701,1,0.015164476819336414,1,0.015164476819336414,0.08835377266223077,,,,1,151.64476819336414,0.002634115517139435,0.03041280247271061,0.003198288381099701,0.8970329885777675
2020-10-09,fold_6,COVID crash and V-recovery,0.0014615729451179504,1,0.030403228476643562,1,0.030403228476643562,0.11875700113887433,,,,1,304.0322847664356,-0.0010064747184515,0.009752639569342136,0.0014615729451179504,1.770571887040376
2020-10-12,fold_6,COVID crash and V-recovery,0.00246361643075943,1,-3.373719300725497e-05,-1,-3.373719300725497e-05,0.11872326394586707,,,,0,-0.33737193007254973,-0.0028885137289762497,-0.037110790610313416,0.00246361643075943,-0.0018680407759308338
2020-10-13,fold_6,COVID crash and V-recovery,0.0024655312299728394,1,-0.00838725920766592,-1,-0.00838725920766592,0.11033600473820115,,,,0,-83.8725920766592,-0.0032783616334199905,-0.03492961823940277,0.0024655312299728394,-0.4716208204510821
2020-10-14,fold_6,COVID crash and V-recovery,0.004227988421916962,1,-0.006733904592692852,-1,-0.006733904592692852,0.1036021001455083,,,,0,-67.33904592692852,-0.008095035329461098,-0.0273162629455328,0.004227988421916962,-0.38440893439136203
2020-10-15,fold_6,COVID crash and V-recovery,0.0009501650929450989,1,-0.005495686549693346,-1,-0.005495686549693346,0.09810641359581496,,,,0,-54.95686549693346,-0.005456836894154549,-0.020617766305804253,0.0009501650929450989,-0.31903396928304123
2020-10-16,fold_6,COVID crash and V-recovery,0.003307230770587921,1,-0.016460204496979713,-1,-0.016460204496979713,0.08164620909883524,,,,0,-164.60204496979713,0.0029424522072076797,-0.013153640553355217,0.003307230770587921,-0.9665816644113905
2020-10-19,fold_6,COVID crash and V-recovery,0.004748433828353882,1,0.002147437771782279,1,0.002147437771782279,0.08379364687061752,,,,1,21.47437771782279,0.00781286135315895,-0.011803005822002888,0.004748433828353882,0.12331480174769346
2020-10-20,fold_6,COVID crash and V-recovery,0.0014498308300971985,1,-0.0007739050779491663,-1,-0.0007739050779491663,0.08301974179266836,,,,0,-7.739050779491663,0.008500559255480766,-0.006172140594571829,0.0014498308300971985,-0.04571847515718098
2020-10-21,fold_6,COVID crash and V-recovery,-0.0006244853138923645,-1,-3.5408695111982524e-05,-1,3.5408695111982524e-05,0.08305515048778034,,,,1,0.35408695111982524,0.007626039907336235,-0.045165520161390305,-0.0006244853138923645,-0.0022928343745738243
2020-10-22,fold_6,COVID crash and V-recovery,0.008494570851325989,1,0.001968440366908908,1,0.001968440366908908,0.08502359085468925,,,,1,19.68440366908908,-0.002810293808579445,-0.02779475226998329,0.008494570851325989,0.12775259426091953
2020-10-23,fold_6,COVID crash and V-recovery,0.004385992884635925,1,-0.015109569765627384,-1,-0.015109569765627384,0.06991402108906186,,,,0,-151.09569765627384,-0.0020501036196947098,-0.055452797561883926,0.004385992884635925,-1.039698635608039
2020-10-26,fold_6,COVID crash and V-recovery,0.005748048424720764,1,0.007778302300721407,1,0.007778302300721407,0.07769232338978327,,,,1,77.78302300721407,-0.001660635694861412,-0.03811882436275482,0.005748048424720764,0.5479790991713467
2020-10-27,fold_6,COVID crash and V-recovery,-0.0022307708859443665,-1,-0.03976728767156601,-1,0.03976728767156601,0.11745961106134928,,,,1,397.6728767156601,-0.0037664230912923813,-0.028747210279107094,-0.0022307708859443665,-2.787764890068613
2020-10-28,fold_6,COVID crash and V-recovery,0.0021893009543418884,1,0.01733536086976528,1,0.01733536086976528,0.13479497193111456,,,,1,173.35360869765282,-0.00946102850139141,0.054690517485141754,0.0021893009543418884,1.0355589815970991
2020-10-29,fold_6,COVID crash and V-recovery,0.0011321157217025757,1,-0.025689605623483658,-1,-0.025689605623483658,0.1091053663076309,,,,0,-256.8960562348366,-0.006532127037644386,0.06309220939874649,0.0011321157217025757,-1.5274747106782163
2020-10-30,fold_6,COVID crash and V-recovery,-0.007072344422340393,-1,0.0022244045976549387,1,-0.0022244045976549387,0.10688096170997596,,,,0,-22.244045976549387,-0.0019791852682828903,0.08952881395816803,-0.007072344422340393,0.13410157396693856
2020-11-02,fold_6,COVID crash and V-recovery,0.0015320256352424622,1,0.017149915918707848,1,0.017149915918707848,0.12403087762868381,,,,1,171.49915918707848,-0.001202331855893135,0.06665904819965363,0.0015320256352424622,1.0779367386887289
2020-11-03,fold_6,COVID crash and V-recovery,-0.0032447800040245056,-1,0.04367043823003769,1,-0.04367043823003769,0.08036043939864612,,,,0,-436.7043823003769,-0.00859835185110569,0.031432218849658966,-0.0032447800040245056,2.75306621443569
2020-11-04,fold_6,COVID crash and V-recovery,0.004070833325386047,1,0.025737054646015167,1,0.025737054646015167,0.10609749404466129,,,,1,257.3705464601517,-0.009101079776883125,0.009885048493742943,0.004070833325386047,1.4119405213839278
2020-11-05,fold_6,COVID crash and V-recovery,0.006618119776248932,1,0.0007469941047020257,1,0.0007469941047020257,0.10684448814936331,,,,1,7.4699410470202565,-0.012086326256394386,-0.020557139068841934,0.006618119776248932,0.03915442701452015
2020-11-06,fold_6,COVID crash and V-recovery,-0.0028992295265197754,-1,-0.02064535580575466,-1,0.02064535580575466,0.12748984395511798,,,,1,206.45355805754662,-0.009417621418833733,-0.012569820508360863,-0.0028992295265197754,-1.099611526163606
2020-11-09,fold_6,COVID crash and V-recovery,0.004347659647464752,1,-0.01807691529393196,-1,-0.01807691529393196,0.10941292866118602,,,,0,-180.7691529393196,-0.012895608320832253,0.015848102048039436,0.004347659647464752,-0.9987407535989247
2020-11-10,fold_6,COVID crash and V-recovery,-0.008369527757167816,-1,0.022123269736766815,1,-0.022123269736766815,0.0872896589244192,,,,0,-221.23269736766815,-0.010084019973874092,0.030747581273317337,-0.008369527757167816,1.1929141000624843
2020-11-11,fold_6,COVID crash and V-recovery,-0.0036488473415374756,-1,-0.0047051324509084225,-1,0.0047051324509084225,0.09199479137532762,,,,1,47.051324509084225,-0.014155039563775063,0.0012066756607964635,-0.0036488473415374756,-0.24631408484931272
2020-11-12,fold_6,COVID crash and V-recovery,-0.007580429315567017,-1,0.00873431283980608,1,-0.00873431283980608,0.08326047853552154,,,,0,-87.3431283980608,-0.012533025816082954,0.013706258498132229,-0.007580429315567017,0.45797074181542646
2020-11-13,fold_6,COVID crash and V-recovery,-0.0027588382363319397,-1,0.007772567216306925,1,-0.007772567216306925,0.07548791131921462,,,,0,-77.72567216306925,-0.004876537248492241,-0.0018917557317763567,-0.0027588382363319397,0.4062582307615261
2020-11-16,fold_6,COVID crash and V-recovery,-0.014845751225948334,-1,-0.0031774360686540604,-1,0.0031774360686540604,0.07866534738786868,,,,1,31.774360686540604,0.008369563147425652,-0.009630321525037289,-0.014845751225948334,-0.16851969730067273
2020-11-17,fold_6,COVID crash and V-recovery,-0.010932333767414093,-1,-0.007417635060846806,-1,0.007417635060846806,0.08608298244871548,,,,1,74.17635060846806,0.01223435066640377,0.007499608676880598,-0.010932333767414093,-0.3932528488787517
2020-11-18,fold_6,COVID crash and V-recovery,-0.0069025978446006775,-1,0.007794450502842665,1,-0.007794450502842665,0.07828853194587282,,,,0,-77.94450502842665,0.009611578658223152,0.021044887602329254,-0.0069025978446006775,0.41165884580625633
2020-11-19,fold_6,COVID crash and V-recovery,-0.007789775729179382,-1,-0.006863702088594437,-1,0.006863702088594437,0.08515223403446726,,,,1,68.63702088594437,0.01349334605038166,0.02242281287908554,-0.007789775729179382,-0.36097592278577006
2020-11-20,fold_6,COVID crash and V-recovery,-0.007633976638317108,-1,3.400091009098105e-05,1,-3.400091009098105e-05,0.08511823312437627,,,,0,-0.3400091009098105,0.01084785908460617,0.03132430091500282,-0.007633976638317108,0.0017828542565550293
2020-11-23,fold_6,COVID crash and V-recovery,-0.003637269139289856,-1,0.013952494598925114,1,-0.013952494598925114,0.07116573852545116,,,,0,-139.52494598925114,0.015092593617737293,0.04402534291148186,-0.003637269139289856,0.7433640469029835
2020-11-24,fold_6,COVID crash and V-recovery,0.0004343092441558838,1,0.006127643398940563,1,0.006127643398940563,0.07729338192439172,,,,1,61.27643398940563,0.01387389749288559,0.03135693445801735,0.0004343092441558838,0.3234052070137997
2020-11-25,fold_6,COVID crash and V-recovery,0.01100245863199234,1,0.009172377176582813,1,0.009172377176582813,0.08646575910097454,,,,1,91.72377176582813,0.017191041260957718,0.02664339542388916,0.01100245863199234,0.5463967394333243
2020-11-27,fold_6,COVID crash and V-recovery,0.01405700296163559,1,0.0020377866458147764,1,0.0020377866458147764,0.08850354574678931,,,,1,20.377866458147764,0.013448765501379967,0.02153753489255905,0.01405700296163559,0.12379010218913579
2020-11-30,fold_6,COVID crash and V-recovery,0.005342110991477966,1,0.012735040858387947,1,0.012735040858387947,0.10123858660517726,,,,1,127.35040858387947,0.010675482451915741,0.025146711617708206,0.005342110991477966,0.825152095544987
2020-12-01,fold_6,COVID crash and V-recovery,0.005080327391624451,1,0.0012840845156461,1,0.0012840845156461,0.10252267112082336,,,,1,12.840845156461,0.006208496168255806,0.0157906636595726,0.005080327391624451,0.08186080873771634
2020-12-02,fold_6,COVID crash and V-recovery,0.00569508969783783,1,0.0014141055289655924,1,0.0014141055289655924,0.10393677664978895,,,,1,14.141055289655924,-0.0035461578518152237,-0.008394548669457436,0.00569508969783783,0.09295420381384639
2020-12-03,fold_6,COVID crash and V-recovery,0.004979550838470459,1,0.004066517110913992,1,0.004066517110913992,0.10800329376070295,,,,1,40.66517110913992,-0.004415629431605339,-0.005801084917038679,0.004979550838470459,0.34847327562232994
2020-12-04,fold_6,COVID crash and V-recovery,0.0045812055468559265,1,0.005646963603794575,1,0.005646963603794575,0.11365025736449752,,,,1,56.46963603794575,-0.0014106687158346176,-0.012084580026566982,0.0045812055468559265,0.5540372958545712
2020-12-07,fold_6,COVID crash and V-recovery,0.00029480457305908203,1,0.003378992434591055,1,0.003378992434591055,0.11702924979908857,,,,1,33.78992434591055,0.0021414682269096375,-0.010502398945391178,0.00029480457305908203,0.329049495914118
2020-12-08,fold_6,COVID crash and V-recovery,0.007588371634483337,1,-0.022901127114892006,-1,-0.022901127114892006,0.09412812268419657,,,,0,-229.01127114892006,0.010092275217175484,-0.0032489225268363953,0.007588371634483337,-2.4882146420684146
2020-12-09,fold_6,COVID crash and V-recovery,-0.004868358373641968,-1,0.004007569048553705,1,-0.004007569048553705,0.09012055363564286,,,,0,-40.07569048553705,0.014697973616421223,0.025136673822999,-0.004868358373641968,0.4120471886712415
2020-12-10,fold_6,COVID crash and V-recovery,0.0011163726449012756,1,-0.0022169779986143112,-1,-0.0022169779986143112,0.08790357563702855,,,,0,-22.169779986143112,0.006333332508802414,0.0276457741856575,0.0011163726449012756,-0.2632439802492302
2020-12-11,fold_6,COVID crash and V-recovery,-0.001101374626159668,-1,0.007229145150631666,1,-0.007229145150631666,0.08067443048639689,,,,0,-72.29145150631666,0.005912106484174728,0.0268356055021286,-0.001101374626159668,0.8636478044932318
2020-12-14,fold_6,COVID crash and V-recovery,-0.0003293752670288086,-1,0.01063246838748455,1,-0.01063246838748455,0.07004196209891234,,,,0,-106.3246838748455,0.004718407988548279,0.017734089866280556,-0.0003293752670288086,1.2812665826263265
2020-12-15,fold_6,COVID crash and V-recovery,-0.006720244884490967,-1,0.0054844701662659645,1,-0.0054844701662659645,0.06455749193264637,,,,0,-54.844701662659645,0.0032058432698249817,0.00981712993234396,-0.006720244884490967,0.6486281134756449
2020-12-16,fold_6,COVID crash and V-recovery,-0.01801404356956482,-1,0.006516668945550919,1,-0.006516668945550919,0.05804082298709545,,,,0,-65.16668945550919,0.00026450492441654205,-0.0007163272821344435,-0.01801404356956482,0.7653729375236511
2020-12-17,fold_6,COVID crash and V-recovery,-0.01495051383972168,-1,-0.0030271466821432114,-1,0.0030271466821432114,0.061067969669238664,,,,1,30.271466821432114,0.00022635236382484436,-0.002830306999385357,-0.01495051383972168,-0.3570831286606675
2020-12-18,fold_6,COVID crash and V-recovery,-0.014735788106918335,-1,-0.001872371882200241,-1,0.001872371882200241,0.0629403415514389,,,,1,18.72371882200241,-0.00010694190859794617,0.010225623846054077,-0.014735788106918335,-0.22493926581037224
2020-12-21,fold_6,COVID crash and V-recovery,-0.0017364844679832458,-1,0.002715509617701173,1,-0.002715509617701173,0.06022483193373773,,,,0,-27.15509617701173,0.008427949622273445,0.01299302838742733,-0.0017364844679832458,0.3314875297474319
2020-12-22,fold_6,COVID crash and V-recovery,-0.004217654466629028,-1,-0.005048987455666065,-1,0.005048987455666065,0.0652738193894038,,,,1,50.48987455666065,0.012133065611124039,0.010309210978448391,-0.004217654466629028,-0.6146537584216499
2020-12-23,fold_6,COVID crash and V-recovery,0.0020568668842315674,1,0.004402689635753632,1,0.004402689635753632,0.06967650902515743,,,,1,44.026896357536316,0.014161448925733566,0.017815537750720978,0.0020568668842315674,0.5731001337807812
2020-12-24,fold_6,COVID crash and V-recovery,-0.007188335061073303,-1,0.010028784163296223,1,-0.010028784163296223,0.05964772486186121,,,,0,-100.28784163296223,0.009009154513478279,-0.0008076458470895886,-0.007188335061073303,1.3156138038421608
2020-12-28,fold_6,COVID crash and V-recovery,-0.0067780762910842896,-1,0.0008950326009653509,1,-0.0008950326009653509,0.058752692260895856,,,,0,-8.950326009653509,0.00807475857436657,-0.0026263040490448475,-0.0067780762910842896,0.11659180941941093
2020-12-29,fold_6,COVID crash and V-recovery,-0.004043452441692352,-1,3.169193587382324e-05,1,-3.169193587382324e-05,0.05872100032502203,,,,0,-0.3169193587382324,0.012314772233366966,-0.017470380291342735,-0.004043452441692352,0.004134245642294804
2020-12-30,fold_6,COVID crash and V-recovery,-0.013329431414604187,-1,0.0024573400150984526,1,-0.0024573400150984526,0.05626366030992358,,,,0,-24.573400150984526,0.005567248910665512,0.00640215864405036,-0.013329431414604187,0.34526923346710536
2024-06-25,fold_7,"Inflation bear, AI rally and 2025",0.02566973865032196,1,0.002063107443973422,1,0.002063107443973422,0.002063107443973422,,,,1,20.63107443973422,-0.022226819768548012,0.015729578211903572,0.02566973865032196,0.2480774401688555
2024-06-26,fold_7,"Inflation bear, AI rally and 2025",0.028707467019557953,1,0.0025780298747122288,1,0.0025780298747122288,0.004641137318685651,,,,1,25.780298747122288,-0.01328715868294239,0.021968942135572433,0.028707467019557953,0.3111163482075264
2024-06-27,fold_7,"Inflation bear, AI rally and 2025",0.02353602647781372,1,-0.005204448942095041,-1,-0.005204448942095041,-0.0005633116234093904,,,,0,-52.04448942095041,-0.007794803008437157,0.029763752594590187,0.02353602647781372,-0.6382350260450105
2024-06-28,fold_7,"Inflation bear, AI rally and 2025",0.012736499309539795,1,0.005847935099154711,1,0.005847935099154711,0.00528462347574532,,,,1,58.47935099154711,-0.01509212888777256,0.037343580275774,0.012736499309539795,0.7423997926176615
2024-07-01,fold_7,"Inflation bear, AI rally and 2025",0.005014948546886444,1,0.010444954968988895,1,0.010444954968988895,0.015729578444734216,,,,1,104.44954968988895,-0.008836833760142326,0.032359976321458817,0.005014948546886444,1.3098751779381625
2024-07-02,fold_7,"Inflation bear, AI rally and 2025",0.01784428209066391,1,0.008302470669150352,1,0.008302470669150352,0.024032049113884568,,,,1,83.02470669150352,-0.007869752123951912,0.032287489622831345,0.01784428209066391,1.0097531611324242
2024-07-03,fold_7,"Inflation bear, AI rally and 2025",0.008556053042411804,1,0.010372839868068695,1,0.010372839868068695,0.03440488898195326,,,,1,103.72839868068695,-0.004836158826947212,0.0018107411451637745,0.008556053042411804,1.2338218881148515
2024-07-05,fold_7,"Inflation bear, AI rally and 2025",0.015570186078548431,1,0.002375379903241992,1,0.002375379903241992,0.036780268885195255,,,,1,23.75379903241992,-0.007019637152552605,-0.0027043852023780346,0.015570186078548431,0.3170268540244118
2024-07-08,fold_7,"Inflation bear, AI rally and 2025",0.025888808071613312,1,0.0008643296314403415,1,0.0008643296314403415,0.0376445985166356,,,,1,8.643296314403415,-0.015403339639306068,-0.0023955574724823236,0.025888808071613312,0.11507389364579725
2024-07-09,fold_7,"Inflation bear, AI rally and 2025",0.021526247262954712,1,0.010372469201683998,1,0.010372469201683998,0.048017067718319595,,,,1,103.72469201683998,-0.014039488509297371,-0.002877016318961978,0.021526247262954712,1.3809774385746778
2024-07-10,fold_7,"Inflation bear, AI rally and 2025",0.014436505734920502,1,-0.022174276411533356,-1,-0.022174276411533356,0.02584279130678624,,,,0,-221.74276411533356,-0.019139917567372322,-0.0430438406765461,0.014436505734920502,-2.8395556157698416
2024-07-11,fold_7,"Inflation bear, AI rally and 2025",0.01138700544834137,1,0.005857713054865599,1,0.005857713054865599,0.03170050436165184,,,,1,58.57713054865599,-0.018129633739590645,-0.025613289326429367,0.01138700544834137,0.6420877278904823
2024-07-12,fold_7,"Inflation bear, AI rally and 2025",0.009618677198886871,1,0.002684207633137703,1,0.002684207633137703,0.03438471199478954,,,,1,26.84207633137703,-0.017449775710701942,-0.040374159812927246,0.009618677198886871,0.30693872466430683
2024-07-15,fold_7,"Inflation bear, AI rally and 2025",0.011924326419830322,1,0.00038287072675302625,1,0.00038287072675302625,0.03476758272154257,,,,1,3.8287072675302625,-0.0019357260316610336,-0.028270574286580086,0.011924326419830322,0.044099727267770325
2024-07-16,fold_7,"Inflation bear, AI rally and 2025",-0.000954262912273407,-1,-0.02979435585439205,-1,0.02979435585439205,0.06456193857593462,,,,1,297.9435585439205,0.007549900561571121,-0.03218429908156395,-0.000954262912273407,-3.462402666184191
2024-07-17,fold_7,"Inflation bear, AI rally and 2025",-0.004519365727901459,-1,-0.004743724595755339,-1,0.004743724595755339,0.06930566317168996,,,,1,47.43724595755339,0.00555003248155117,-0.038919322192668915,-0.004519365727901459,-0.45021193175523166
2024-07-18,fold_7,"Inflation bear, AI rally and 2025",0.007332131266593933,1,-0.008903156965970993,-1,-0.008903156965970993,0.060402506205718964,,,,0,-89.03156965970993,0.008164593949913979,-0.045264601707458496,0.007332131266593933,-0.8407390180070969
2024-07-19,fold_7,"Inflation bear, AI rally and 2025",0.008970364928245544,1,0.014787793159484863,1,0.014787793159484863,0.07519029936520383,,,,1,147.87793159484863,0.004049584269523621,-0.026157695800065994,0.008970364928245544,1.3904370170925573
2024-07-22,fold_7,"Inflation bear, AI rally and 2025",0.009730741381645203,1,-0.0035308548249304295,-1,-0.0035308548249304295,0.0716594445402734,,,,0,-35.308548249304295,0.004041234031319618,-0.038938675075769424,0.009730741381645203,-0.31748379855643816
2024-07-23,fold_7,"Inflation bear, AI rally and 2025",0.006038583815097809,1,-0.03652937710285187,-1,-0.03652937710285187,0.03513006743742153,,,,0,-365.2937710285187,0.003591138869524002,-0.049234386533498764,0.006038583815097809,-3.366324504216688
2024-07-24,fold_7,"Inflation bear, AI rally and 2025",0.004503607749938965,1,-0.011089004576206207,-1,-0.011089004576206207,0.024041062861215323,,,,0,-110.89004576206207,0.0069182273000478745,0.016459202393889427,0.004503607749938965,-0.8311367073785129
2024-07-25,fold_7,"Inflation bear, AI rally and 2025",0.016626499593257904,1,0.01020374707877636,1,0.01020374707877636,0.03424480993999168,,,,1,102.0374707877636,0.010813076049089432,0.003028667066246271,0.016626499593257904,0.7523452168158241
2024-07-26,fold_7,"Inflation bear, AI rally and 2025",0.014634929597377777,1,0.0020068141166120768,1,0.0020068141166120768,0.03625162405660376,,,,1,20.068141166120768,0.0026008188724517822,-0.031196199357509613,0.014634929597377777,0.14604485969080083
2024-07-29,fold_7,"Inflation bear, AI rally and 2025",0.020006559789180756,1,-0.013826565816998482,-1,-0.013826565816998482,0.022425058239605278,,,,0,-138.26565816998482,0.01416338887065649,-0.063472680747509,0.020006559789180756,-1.0093074248608767
2024-07-30,fold_7,"Inflation bear, AI rally and 2025",0.02498650550842285,1,0.029164211824536324,1,0.029164211824536324,0.0515892700641416,,,,1,291.64211824536324,0.014347448013722897,-0.04013648256659508,0.02498650550842285,2.085750291487153
2024-07-31,fold_7,"Inflation bear, AI rally and 2025",0.01773098111152649,1,-0.02451954036951065,-1,-0.02451954036951065,0.02706972969463095,,,,0,-245.1954036951065,0.01576574146747589,-0.080189548432827,0.01773098111152649,-1.6077581412371202
2024-08-01,fold_7,"Inflation bear, AI rally and 2025",0.015317462384700775,1,-0.024021118879318237,-1,-0.024021118879318237,0.0030486108153127134,,,,0,-240.21118879318237,0.01519930362701416,-0.025537710636854172,0.015317462384700775,-1.4920247357675547
2024-08-02,fold_7,"Inflation bear, AI rally and 2025",0.014094285666942596,1,-0.030269667506217957,-1,-0.030269667506217957,-0.027221056690905243,,,,0,-302.69667506217957,0.013807326555252075,0.0036923731677234173,0.014094285666942596,-1.8003931776647635
2024-08-05,fold_7,"Inflation bear, AI rally and 2025",0.028351090848445892,1,0.009509631432592869,1,0.009509631432592869,-0.017711425258312374,,,,1,95.09631432592869,0.02596888318657875,0.03611313924193382,0.028351090848445892,0.524920691891243
2024-08-06,fold_7,"Inflation bear, AI rally and 2025",-0.0025842413306236267,-1,-0.01088885311037302,-1,0.01088885311037302,-0.006822572147939354,,,,1,108.8885311037302,0.036017466336488724,0.05111347883939743,-0.0025842413306236267,-0.5969875219152809
2024-08-07,fold_7,"Inflation bear, AI rally and 2025",0.000817321240901947,1,0.030132297426462173,1,0.030132297426462173,0.02330972527852282,,,,1,301.32297426462173,0.026963286101818085,0.062326643615961075,0.000817321240901947,1.6506589822195037
2024-08-08,fold_7,"Inflation bear, AI rally and 2025",-0.008764415979385376,-1,0.005208965390920639,1,-0.005208965390920639,0.01810075988760218,,,,0,-52.08965390920639,0.013465436175465584,0.05714362487196922,-0.008764415979385376,0.2768349311927352
2024-08-09,fold_7,"Inflation bear, AI rally and 2025",-0.0070052072405815125,-1,0.0021510969381779432,1,-0.0021510969381779432,0.015949662949424237,,,,0,-21.510969381779432,0.021469436585903168,0.05321963131427765,-0.0070052072405815125,0.1143798882170997
2024-08-12,fold_7,"Inflation bear, AI rally and 2025",-0.004950590431690216,-1,0.02450997196137905,1,-0.02450997196137905,-0.008560309011954814,,,,0,-245.0997196137905,0.02947392500936985,0.06411891430616379,-0.004950590431690216,1.303501943679819
2024-08-13,fold_7,"Inflation bear, AI rally and 2025",-0.013709954917430878,-1,0.00032431332510896027,1,-0.00032431332510896027,-0.008884622337063774,,,,0,-3.2431332510896027,0.021280912682414055,0.03750813379883766,-0.013709954917430878,0.01655891126018704
2024-08-14,fold_7,"Inflation bear, AI rally and 2025",-0.02101028710603714,-1,0.024949276819825172,1,-0.024949276819825172,-0.03383389915688895,,,,0,-249.49276819825172,0.031133409589529037,0.041837096214294434,-0.02101028710603714,1.3546411923098562
2024-08-15,fold_7,"Inflation bear, AI rally and 2025",-0.008739516139030457,-1,0.0012849696213379502,1,-0.0012849696213379502,-0.0351188687782269,,,,0,-12.849696213379502,0.02060374803841114,0.0009060029406100512,-0.008739516139030457,0.0668740747706282
2024-08-16,fold_7,"Inflation bear, AI rally and 2025",-0.01707499846816063,-1,0.0130503810942173,1,-0.0130503810942173,-0.0481692498724442,,,,0,-130.503810942173,0.017827343195676804,0.010408023372292519,-0.01707499846816063,0.6827829402239022
2024-08-19,fold_7,"Inflation bear, AI rally and 2025",-0.016418345272541046,-1,-0.002100807148963213,-1,0.002100807148963213,-0.046068442723480985,,,,1,21.00807148963213,0.002845821902155876,-0.012398049235343933,-0.016418345272541046,-0.11027773996348064
2024-08-20,fold_7,"Inflation bear, AI rally and 2025",-0.019472554326057434,-1,0.004653274081647396,1,-0.004653274081647396,-0.05072171680512838,,,,0,-46.53274081647396,0.0004005841910839081,-0.007314376067370176,-0.019472554326057434,0.2444000893406978
2024-08-21,fold_7,"Inflation bear, AI rally and 2025",-0.017308570444583893,-1,-0.01598181575536728,-1,0.01598181575536728,-0.0347399010497611,,,,1,159.8181575536728,-0.006586933508515358,-0.023379897698760033,-0.017308570444583893,-0.9275646245457356
2024-08-22,fold_7,"Inflation bear, AI rally and 2025",-0.007390201091766357,-1,0.010786990635097027,1,-0.010786990635097027,-0.04552689168485813,,,,0,-107.86990635097027,-0.004091070964932442,-0.008863111026585102,-0.007390201091766357,0.6191949924164502
2024-08-23,fold_7,"Inflation bear, AI rally and 2025",-0.015658453106880188,-1,-0.009755691513419151,-1,0.009755691513419151,-0.03577120017143898,,,,1,97.55691513419151,-0.0018950346857309341,-0.007801180239766836,-0.015658453106880188,-0.559432470656507
2024-08-26,fold_7,"Inflation bear, AI rally and 2025",-0.004203513264656067,-1,0.0029828662518411875,1,-0.0029828662518411875,-0.038754066423280165,,,,0,-29.828662518411875,-0.009901883080601692,-0.028876792639493942,-0.004203513264656067,0.16978265810020524
2024-08-27,fold_7,"Inflation bear, AI rally and 2025",-0.007995322346687317,-1,-0.011412248015403748,-1,0.011412248015403748,-0.027341818407876417,,,,1,114.12248015403748,-0.00519111193716526,-0.03446156159043312,-0.007995322346687317,-0.659384942491126
2024-08-28,fold_7,"Inflation bear, AI rally and 2025",0.0035035908222198486,1,-0.0014650279190391302,-1,-0.0014650279190391302,-0.028806846326915547,,,,0,-14.650279190391302,-0.01716357283294201,-0.02211609296500683,0.0035035908222198486,-0.0902464387601881
2024-08-29,fold_7,"Inflation bear, AI rally and 2025",-0.003884837031364441,-1,0.011848920956254005,1,-0.011848920956254005,-0.04065576728316955,,,,0,-118.48920956254005,-0.009294303134083748,-0.04780372232198715,-0.003884837031364441,0.7752877777932282
2024-08-30,fold_7,"Inflation bear, AI rally and 2025",0.0005354210734367371,1,-0.03083130531013012,-1,-0.03083130531013012,-0.07148707259329967,,,,0,-308.3130531013012,-0.005836585536599159,-0.046875014901161194,0.0005354210734367371,-2.118767250124786
2024-09-03,fold_7,"Inflation bear, AI rally and 2025",0.004551015794277191,1,-0.0026019022334367037,-1,-0.0026019022334367037,-0.07408897482673638,,,,0,-26.019022334367037,-0.007285991683602333,-0.006844343151897192,0.004551015794277191,-0.17808602031578946
2024-09-04,fold_7,"Inflation bear, AI rally and 2025",-0.008418329060077667,-1,0.0009332209010608494,1,-0.0009332209010608494,-0.07502219572779723,,,,0,-9.332209010608494,-0.009855953976511955,0.017240503802895546,-0.008418329060077667,0.06450909024050137
2024-09-05,fold_7,"Inflation bear, AI rally and 2025",0.0006270408630371094,1,-0.02715265564620495,-1,-0.02715265564620495,-0.10217485137400217,,,,0,-271.5265564620495,-0.0072788093239068985,0.026075517758727074,0.0006270408630371094,-1.9038919504433214
2024-09-06,fold_7,"Inflation bear, AI rally and 2025",0.007309414446353912,1,0.012777626514434814,1,0.012777626514434814,-0.08939722485956736,,,,1,127.77626514434814,-0.012889908626675606,0.05769813060760498,0.007309414446353912,0.9153524726053623
2024-09-09,fold_7,"Inflation bear, AI rally and 2025",0.0009417980909347534,1,0.009199365973472595,1,0.009199365973472595,-0.08019785888609476,,,,1,91.99365973472595,-0.013654151931405067,0.040492791682481766,0.0009417980909347534,0.6477990684838638
2024-09-10,fold_7,"Inflation bear, AI rally and 2025",0.003222249448299408,1,0.02148294448852539,1,0.02148294448852539,-0.05871491439756937,,,,1,214.8294448852539,-0.02083619125187397,0.03182163089513779,0.003222249448299408,1.4979981112463576
2024-09-11,fold_7,"Inflation bear, AI rally and 2025",-0.0026996582746505737,-1,0.009768233634531498,1,-0.009768233634531498,-0.06848314803210087,,,,0,-97.68233634531498,-0.022656837478280067,0.005999751389026642,-0.0026996582746505737,0.6929635978910342
2024-09-12,fold_7,"Inflation bear, AI rally and 2025",-0.0029865652322769165,-1,0.004469958133995533,1,-0.004469958133995533,-0.0729531061660964,,,,0,-44.69958133995533,-0.03253966569900513,0.02120135724544525,-0.0029865652322769165,0.31336561528243373
2024-09-13,fold_7,"Inflation bear, AI rally and 2025",-0.003471270203590393,-1,-0.004427712876349688,-1,0.004427712876349688,-0.06852539328974672,,,,1,44.277128763496876,-0.03819628059864044,0.014826271682977676,-0.003471270203590393,-0.3362951999478053
2024-09-16,fold_7,"Inflation bear, AI rally and 2025",-0.0038094744086265564,-1,0.0005282060010358691,1,-0.0005282060010358691,-0.06905359929078259,,,,0,-5.282060010358691,-0.030870581045746803,0.021901145577430725,-0.0038094744086265564,0.04001501336320814
2024-09-17,fold_7,"Inflation bear, AI rally and 2025",-0.0008584335446357727,-1,-0.0043389336206018925,-1,0.0043389336206018925,-0.0647146656701807,,,,1,43.389336206018925,-0.0383969321846962,0.026184871792793274,-0.0008584335446357727,-0.33702704962507524
2024-09-18,fold_7,"Inflation bear, AI rally and 2025",-0.0018130764365196228,-1,0.024969838559627533,1,-0.024969838559627533,-0.08968450422980823,,,,0,-249.69838559627533,-0.038781605660915375,0.031450558453798294,-0.0018130764365196228,1.9353316350330982
2024-09-19,fold_7,"Inflation bear, AI rally and 2025",-0.006581306457519531,-1,-0.001905126846395433,-1,0.001905126846395433,-0.0877793773834128,,,,1,19.05126846395433,-0.03795468807220459,0.013965615071356297,-0.006581306457519531,-0.13588783905280025
2024-09-20,fold_7,"Inflation bear, AI rally and 2025",-0.007769681513309479,-1,0.00264716031961143,1,-0.00264716031961143,-0.09042653770302422,,,,0,-26.4716031961143,-0.03853856772184372,0.010298335924744606,-0.007769681513309479,0.19516890485055438
2024-09-23,fold_7,"Inflation bear, AI rally and 2025",-0.004181280732154846,-1,0.004811933264136314,1,-0.004811933264136314,-0.09523847096716054,,,,0,-48.119332641363144,-0.027689574286341667,0.010359362699091434,-0.004181280732154846,0.3601650575373757
2024-09-24,fold_7,"Inflation bear, AI rally and 2025",-0.004191353917121887,-1,0.000926753506064415,1,-0.000926753506064415,-0.09616522447322495,,,,0,-9.26753506064415,-0.01859578676521778,-0.00848300475627184,-0.004191353917121887,0.07007636915393543
2024-09-25,fold_7,"Inflation bear, AI rally and 2025",-0.010857798159122467,-1,0.007484894711524248,1,-0.007484894711524248,-0.1036501191847492,,,,0,-74.84894711524248,-0.01917128823697567,-0.0079979058355093,-0.010857798159122467,0.5666209948426726
2024-09-26,fold_7,"Inflation bear, AI rally and 2025",-0.0011764317750930786,-1,-0.005572405643761158,-1,0.005572405643761158,-0.09807771354098804,,,,1,55.72405643761158,-0.014305232092738152,-0.01623002626001835,-0.0011764317750930786,-0.42640010528638966
2024-09-27,fold_7,"Inflation bear, AI rally and 2025",0.003426164388656616,1,0.002708186861127615,1,0.002708186861127615,-0.09536952667986043,,,,1,27.08186861127615,-0.013751083984971046,0.0011703327763825655,0.003426164388656616,0.20635895787142886
2024-09-30,fold_7,"Inflation bear, AI rally and 2025",0.00021526217460632324,1,-0.01403043419122696,-1,-0.01403043419122696,-0.10939996087108739,,,,0,-140.3043419122696,-0.003755105659365654,-0.01230729091912508,0.00021526217460632324,-1.0903610458416224
2024-10-01,fold_7,"Inflation bear, AI rally and 2025",0.0019425451755523682,1,0.0014118520775809884,1,0.0014118520775809884,-0.1079881087935064,,,,1,14.118520775809884,-0.0010650884360074997,0.01654731296002865,0.0019425451755523682,0.12484405696456018
2024-10-02,fold_7,"Inflation bear, AI rally and 2025",0.0011546164751052856,1,-0.0007472253055311739,-1,-0.0007472253055311739,-0.10873533409903757,,,,0,-7.4722530553117394,0.0022830143570899963,0.022973094135522842,0.0011546164751052856,-0.06613572954546378
2024-10-03,fold_7,"Inflation bear, AI rally and 2025",0.004290550947189331,1,0.011827953159809113,1,0.011827953159809113,-0.09690738093922846,,,,1,118.27953159809113,0.004998123273253441,0.022584062069654465,0.004290550947189331,1.0469375004229724
2024-10-04,fold_7,"Inflation bear, AI rally and 2025",-0.0013995170593261719,-1,-0.010769437067210674,-1,0.010769437067210674,-0.08613794387201779,,,,1,107.69437067210674,0.0045320335775613785,0.012317989021539688,-0.0013995170593261719,-1.0891617760661183
2024-10-07,fold_7,"Inflation bear, AI rally and 2025",0.00971599668264389,1,0.014824170619249344,1,0.014824170619249344,-0.07131377325276844,,,,1,148.24170619249344,0.0023605115711688995,0.03144397586584091,0.00971599668264389,1.5176988523165102
2024-10-08,fold_7,"Inflation bear, AI rally and 2025",0.007045760750770569,1,0.007837631739675999,1,0.007837631739675999,-0.06347614151309244,,,,1,78.37631739675999,-0.0036159995943307877,0.0031628955621272326,0.007045760750770569,0.7754292898477891
2024-10-09,fold_7,"Inflation bear, AI rally and 2025",0.0064383745193481445,1,-0.0011362562654539943,-1,-0.0011362562654539943,-0.06461239777854644,,,,0,-11.362562654539943,-0.007605427876114845,-0.004552541300654411,0.0064383745193481445,-0.1253588476074635
2024-10-10,fold_7,"Inflation bear, AI rally and 2025",0.01901307702064514,1,0.001561879413202405,1,0.001561879413202405,-0.06305051836534403,,,,1,15.61879413202405,-0.008989768102765083,-0.0027240037452429533,0.01901307702064514,0.17747454318489056
2024-10-11,fold_7,"Inflation bear, AI rally and 2025",0.015364423394203186,1,0.008356551639735699,1,0.008356551639735699,-0.054693966725608334,,,,1,83.56551639735699,-0.010195562615990639,0.002247402211651206,0.015364423394203186,0.9549677424647902
2024-10-14,fold_7,"Inflation bear, AI rally and 2025",0.01380167156457901,1,-0.013456911779940128,-1,-0.013456911779940128,-0.06815087850554846,,,,0,-134.56911779940128,-0.003978317603468895,-0.004189664032310247,0.01380167156457901,-1.5132110812818254
2024-10-15,fold_7,"Inflation bear, AI rally and 2025",0.012813970446586609,1,0.0001221949642058462,1,0.0001221949642058462,-0.06802868354134262,,,,1,1.221949642058462,-0.0024674516171216965,0.010356641374528408,0.012813970446586609,0.013016782504661328
2024-10-16,fold_7,"Inflation bear, AI rally and 2025",0.007879167795181274,1,0.0006922814645804465,1,0.0006922814645804465,-0.06733640207676217,,,,1,6.922814645804465,0.0003657229244709015,-0.005208073649555445,0.007879167795181274,0.07414180294465159
2024-10-17,fold_7,"Inflation bear, AI rally and 2025",0.004767842590808868,1,0.006533285602927208,1,0.006533285602927208,-0.06080311647383496,,,,1,65.33285602927208,-0.002627262845635414,0.002175822388380766,0.004767842590808868,0.8727836942491176
2024-10-18,fold_7,"Inflation bear, AI rally and 2025",0.0056111812591552734,1,0.0019194857450202107,1,0.0019194857450202107,-0.05888363072881475,,,,1,19.194857450202107,-0.008816180750727654,0.0017176733817905188,0.0056111812591552734,0.2520701414263569
2024-10-21,fold_7,"Inflation bear, AI rally and 2025",0.010379575192928314,1,0.0010893935104832053,1,0.0010893935104832053,-0.057794237218331546,,,,1,10.893935104832053,-0.014762593433260918,-4.0421302401227877e-05,0.010379575192928314,0.1432664185763382
2024-10-22,fold_7,"Inflation bear, AI rally and 2025",0.007740214467048645,1,-0.015442520380020142,-1,-0.015442520380020142,-0.07323675759835169,,,,0,-154.42520380020142,-0.022081727162003517,0.008432736620306969,0.007740214467048645,-2.05041872134211
2024-10-23,fold_7,"Inflation bear, AI rally and 2025",-0.0016140192747116089,-1,0.008076177909970284,1,-0.008076177909970284,-0.08131293550832197,,,,0,-80.76177909970284,-0.024758392944931984,0.016289012506604195,-0.0016140192747116089,0.975069619641989
2024-10-24,fold_7,"Inflation bear, AI rally and 2025",0.0010243207216262817,1,0.006075136363506317,1,0.006075136363506317,-0.07523779914481565,,,,1,60.75136363506317,-0.030693424865603447,-0.01735398918390274,0.0010243207216262817,0.7310287339358255
2024-10-25,fold_7,"Inflation bear, AI rally and 2025",-0.004263937473297119,-1,0.00016139104263857007,1,-0.00016139104263857007,-0.07539919018745422,,,,0,-1.6139104263857007,-0.0236945990473032,-0.016057491302490234,-0.004263937473297119,0.019379350634746075
2024-10-28,fold_7,"Inflation bear, AI rally and 2025",0.01408020406961441,1,0.00956255104392767,1,0.00956255104392767,-0.06583663914352655,,,,1,95.6255104392767,-0.020757975056767464,-0.019136182963848114,0.01408020406961441,1.1512792631994628
2024-10-29,fold_7,"Inflation bear, AI rally and 2025",0.011322587728500366,1,-0.007586243096739054,-1,-0.007586243096739054,-0.07342288224026561,,,,0,-75.86243096739054,-0.014267126098275185,-0.016022659838199615,0.011322587728500366,-0.9503655323814653
2024-10-30,fold_7,"Inflation bear, AI rally and 2025",0.009542718529701233,1,-0.02556682378053665,-1,-0.02556682378053665,-0.09898970602080226,,,,0,-255.66823780536652,-0.013708436861634254,0.018364498391747475,0.009542718529701233,-3.135267415563969
2024-10-31,fold_7,"Inflation bear, AI rally and 2025",0.02195732295513153,1,0.007371632847934961,1,0.007371632847934961,-0.0916180731728673,,,,1,73.71632847934961,-0.004140669479966164,0.05955290049314499,0.02195732295513153,0.7403067553257175
2024-11-01,fold_7,"Inflation bear, AI rally and 2025",0.010344624519348145,1,-0.0029172992799431086,-1,-0.0029172992799431086,-0.0945353724528104,,,,0,-29.172992799431086,-0.0057282764464616776,0.05334897339344025,0.010344624519348145,-0.29950634869518994
2024-11-04,fold_7,"Inflation bear, AI rally and 2025",0.014589838683605194,1,0.012676074169576168,1,0.012676074169576168,-0.08185929828323424,,,,1,126.76074169576168,0.0036337263882160187,0.055682770907878876,0.014589838683605194,1.3398945483494553
2024-11-05,fold_7,"Inflation bear, AI rally and 2025",0.0044415295124053955,1,0.026800915598869324,1,0.026800915598869324,-0.055058382684364915,,,,1,268.00915598869324,-0.0015218500047922134,0.04119488596916199,0.0044415295124053955,2.8808626073089583
2024-11-06,fold_7,"Inflation bear, AI rally and 2025",-0.0016617923974990845,-1,0.015621576458215714,1,-0.015621576458215714,-0.07067995914258063,,,,0,-156.21576458215714,-0.007680816575884819,0.01310655102133751,-0.0016617923974990845,1.4296840550942842
2024-11-07,fold_7,"Inflation bear, AI rally and 2025",0.0023101195693016052,1,0.0011677085421979427,1,0.0011677085421979427,-0.06951225060038269,,,,1,11.677085421979427,-0.014138733968138695,-0.00948903989046812,0.0023101195693016052,0.10181834569816123
2024-11-08,fold_7,"Inflation bear, AI rally and 2025",-0.002619042992591858,-1,-0.0005835042102262378,-1,0.0005835042102262378,-0.06892874639015645,,,,1,5.835042102262378,-0.022178800776600838,-0.034771133214235306,-0.002619042992591858,-0.05088905969453027
2024-11-11,fold_7,"Inflation bear, AI rally and 2025",0.004497498273849487,1,-0.0018118094885721803,-1,-0.0018118094885721803,-0.07074055587872863,,,,0,-18.118094885721803,-0.016583243384957314,-0.02726396732032299,0.004497498273849487,-0.16014334393689053
2024-11-12,fold_7,"Inflation bear, AI rally and 2025",-0.0044850558042526245,-1,-0.0012874208623543382,-1,0.0012874208623543382,-0.06945313501637429,,,,1,12.874208623543382,-0.014919465407729149,-0.018596025183796883,-0.0044850558042526245,-0.11796369941144873
2024-11-13,fold_7,"Inflation bear, AI rally and 2025",-0.007365681231021881,-1,-0.006974013987928629,-1,0.006974013987928629,-0.06247912102844566,,,,1,69.74013987928629,-0.0203873198479414,-0.01788480579853058,-0.007365681231021881,-0.6387942340020782
2024-11-14,fold_7,"Inflation bear, AI rally and 2025",0.003020241856575012,1,-0.02411438338458538,-1,-0.02411438338458538,-0.08659350441303104,,,,0,-241.1438338458538,-0.0034638065844774246,-0.00732002779841423,0.003020241856575012,-2.1868111876517204
2024-11-15,fold_7,"Inflation bear, AI rally and 2025",-0.007342487573623657,-1,0.006923658773303032,1,-0.006923658773303032,-0.09351716318633407,,,,0,-69.23658773303032,0.0035852547734975815,0.018397189676761627,-0.007342487573623657,0.5680860031384004
2024-11-18,fold_7,"Inflation bear, AI rally and 2025",-0.0011624395847320557,-1,0.006856133230030537,1,-0.006856133230030537,-0.10037329641636461,,,,0,-68.56133230030537,0.0141812264919281,0.01305388379842043,-0.0011624395847320557,0.558401971919163
2024-11-19,fold_7,"Inflation bear, AI rally and 2025",0.002940818667411804,1,-0.0005762007203884423,-1,-0.0005762007203884423,-0.10094949713675305,,,,0,-5.762007203884423,0.011450378224253654,0.01155262440443039,0.002940818667411804,-0.046576442710721276
2024-11-20,fold_7,"Inflation bear, AI rally and 2025",0.00818546861410141,1,0.0035907637793570757,1,0.0035907637793570757,-0.09735873335739598,,,,1,35.90763779357076,0.011806143447756767,0.0042242552153766155,0.00818546861410141,0.30225052300490235
2024-11-21,fold_7,"Inflation bear, AI rally and 2025",0.01774151623249054,1,0.0016028343234211206,1,0.0016028343234211206,-0.09575589903397486,,,,1,16.028343234211206,-0.0018323082476854324,0.00938198808580637,0.01774151623249054,0.1361859766994263
2024-11-22,fold_7,"Inflation bear, AI rally and 2025",0.015461303293704987,1,0.0015803531277924776,1,0.0015803531277924776,-0.09417554590618238,,,,1,15.803531277924776,-0.005480410531163216,0.01860809698700905,0.015461303293704987,0.13511581519797833
2024-11-25,fold_7,"Inflation bear, AI rally and 2025",0.025010988116264343,1,0.0053548733703792095,1,0.0053548733703792095,-0.08882067253580317,,,,1,53.548733703792095,0.003950253129005432,0.020089376717805862,0.025010988116264343,0.457620211764222
2024-11-26,fold_7,"Inflation bear, AI rally and 2025",0.016102343797683716,1,-0.007904569618403912,-1,-0.007904569618403912,-0.09672524215420708,,,,0,-79.04569618403912,0.00945056788623333,0.027021605521440506,0.016102343797683716,-0.6833908702918953
2024-11-27,fold_7,"Inflation bear, AI rally and 2025",0.015701785683631897,1,0.008748495951294899,1,0.008748495951294899,-0.08797674620291218,,,,1,87.48495951294899,0.009238200262188911,0.03215114027261734,0.015701785683631897,0.7556567176370566
2024-11-29,fold_7,"Inflation bear, AI rally and 2025",0.011533372104167938,1,0.010828942991793156,1,0.010828942991793156,-0.07714780321111903,,,,1,108.28942991793156,0.023270610719919205,0.03231269493699074,0.011533372104167938,1.055899376910174
2024-12-02,fold_7,"Inflation bear, AI rally and 2025",0.0073152706027030945,1,0.003061633324250579,1,0.003061633324250579,-0.07408616988686845,,,,1,30.61633324250579,0.020293807610869408,0.013665560632944107,0.0073152706027030945,0.29416382393420215
2024-12-03,fold_7,"Inflation bear, AI rally and 2025",0.002896048128604889,1,0.01228710263967514,1,0.01228710263967514,-0.06179906724719331,,,,1,122.8710263967514,0.014351379126310349,0.007190646603703499,0.002896048128604889,1.180318253081192
2024-12-04,fold_7,"Inflation bear, AI rally and 2025",-0.0027117133140563965,-1,-0.0027750355657190084,-1,0.0027750355657190084,-0.0590240316814743,,,,1,27.750355657190084,0.010500671342015266,0.012647631578147411,-0.0027117133140563965,-0.2671733985316268
2024-12-05,fold_7,"Inflation bear, AI rally and 2025",0.015315808355808258,1,0.008910051546990871,1,0.008910051546990871,-0.05011398013448343,,,,1,89.10051546990871,0.005615312606096268,0.008947910740971565,0.015315808355808258,1.0474948066388639
2024-12-06,fold_7,"Inflation bear, AI rally and 2025",0.0016037598252296448,1,-0.007818191312253475,-1,-0.007818191312253475,-0.0579321714467369,,,,0,-78.18191312253475,-0.0035901572555303574,0.007663036696612835,0.0016037598252296448,-0.9763530416449152
2024-12-09,fold_7,"Inflation bear, AI rally and 2025",-0.0017545148730278015,-1,-0.0034132804721593857,-1,0.0034132804721593857,-0.054518890974577516,,,,1,34.13280472159386,-0.0010974761098623276,0.029779212549328804,-0.0017545148730278015,-0.41666036610704454
2024-12-10,fold_7,"Inflation bear, AI rally and 2025",0.007905662059783936,1,0.017744088545441628,1,0.017744088545441628,-0.03677480242913589,,,,1,177.44088545441628,0.002419382333755493,0.028778880834579468,0.007905662059783936,2.1569583437642637
2024-12-11,fold_7,"Inflation bear, AI rally and 2025",-0.017659567296504974,-1,-0.006474756635725498,-1,0.006474756635725498,-0.03030004579341039,,,,1,64.74756635725498,-0.010796060785651207,-0.025708824396133423,-0.017659567296504974,-0.7096169509710132
2024-12-12,fold_7,"Inflation bear, AI rally and 2025",0.0034014806151390076,1,0.007625177036970854,1,0.007625177036970854,-0.022674868756439537,,,,1,76.25177036970854,-0.002510497346520424,-0.023697493597865105,0.0034014806151390076,0.8257751735954242
2024-12-13,fold_7,"Inflation bear, AI rally and 2025",0.012412510812282562,1,0.01429798360913992,1,0.01429798360913992,-0.008376885147299618,,,,1,142.9798360913992,-0.011936629191040993,-0.022628068923950195,0.012412510812282562,1.5441146298969766
2024-12-16,fold_7,"Inflation bear, AI rally and 2025",0.018198810517787933,1,-0.004413610324263573,-1,-0.004413610324263573,-0.01279049547156319,,,,0,-44.13610324263573,-0.0011145975440740585,-0.02723037078976631,0.018198810517787933,-0.5396602766272658
2024-12-17,fold_7,"Inflation bear, AI rally and 2025",0.021356940269470215,1,-0.03674361854791641,-1,-0.03674361854791641,-0.0495341140194796,,,,0,-367.4361854791641,-0.011429773643612862,-0.00934807863086462,0.021356940269470215,-4.541270883179465
2024-12-18,fold_7,"Inflation bear, AI rally and 2025",0.01934678852558136,1,-0.004463426768779755,-1,-0.004463426768779755,-0.05399754078825936,,,,0,-44.634267687797546,-0.012736598029732704,0.026716021820902824,0.01934678852558136,-0.39053926853043847
2024-12-19,fold_7,"Inflation bear, AI rally and 2025",0.013902485370635986,1,0.00869460217654705,1,0.00869460217654705,-0.04530293861171231,,,,1,86.9460217654705,-0.013204103335738182,0.017797116190195084,0.013902485370635986,0.7579205871356646
2024-12-20,fold_7,"Inflation bear, AI rally and 2025",0.005459584295749664,1,0.009695682674646378,1,0.009695682674646378,-0.03560725593706593,,,,1,96.95682674646378,-0.008436387404799461,-0.004286685958504677,0.005459584295749664,0.8352949709807537
2024-12-23,fold_7,"Inflation bear, AI rally and 2025",0.015020787715911865,1,0.013468680903315544,1,0.013468680903315544,-0.022138575033750385,,,,1,134.68680903315544,-6.332248449325562e-05,-0.02251328155398369,0.015020787715911865,1.1411439948871818
2024-12-24,fold_7,"Inflation bear, AI rally and 2025",0.011659905314445496,1,-0.000679517223034054,-1,-0.000679517223034054,-0.02281809225678444,,,,0,-6.79517223034054,0.012792134657502174,-0.03793996945023537,0.011659905314445496,-0.05580862951838488
2024-12-26,fold_7,"Inflation bear, AI rally and 2025",0.007606878876686096,1,-0.01338233333081007,-1,-0.01338233333081007,-0.03620042558759451,,,,0,-133.8233333081007,0.014765128493309021,-0.02102765068411827,0.007606878876686096,-1.104355311002339
2024-12-27,fold_7,"Inflation bear, AI rally and 2025",0.02682417631149292,1,-0.013389199040830135,-1,-0.013389199040830135,-0.049589624628424644,,,,0,-133.89199040830135,0.011268151924014091,0.0037819980643689632,0.02682417631149292,-1.0836190505276386
2024-12-30,fold_7,"Inflation bear, AI rally and 2025",0.016360528767108917,1,-0.008530912920832634,-1,-0.008530912920832634,-0.05812053754925728,,,,0,-85.30912920832634,0.0075667668133974075,-0.0008342231158167124,0.016360528767108917,-0.6790967534261981
2024-12-31,fold_7,"Inflation bear, AI rally and 2025",0.025180630385875702,1,-0.001958006527274847,-1,-0.001958006527274847,-0.060078544076532125,,,,0,-19.58006527274847,0.010484704747796059,0.007871338166296482,0.025180630385875702,-0.15697591873959477
2025-01-02,fold_7,"Inflation bear, AI rally and 2025",0.01746203750371933,1,0.016232801601290703,1,0.016232801601290703,-0.04384574247524142,,,,1,162.32801601290703,0.0009492114186286926,-0.005975963082164526,0.01746203750371933,1.302564693849145
2025-01-03,fold_7,"Inflation bear, AI rally and 2025",0.00268486887216568,1,0.011427314952015877,1,0.011427314952015877,-0.032418427523225546,,,,1,114.27314952015877,0.0005197357386350632,-0.025427700951695442,0.00268486887216568,0.9007871628095191
2025-01-06,fold_7,"Inflation bear, AI rally and 2025",0.018326595425605774,1,-0.01800542138516903,-1,-0.01800542138516903,-0.050423848908394575,,,,0,-180.0542138516903,-0.007486818358302116,-0.037804875522851944,0.018326595425605774,-1.3929812999224083
2025-01-07,fold_7,"Inflation bear, AI rally and 2025",0.02521311491727829,1,0.00017464857955928892,1,0.00017464857955928892,-0.050249200328835286,,,,1,1.7464857955928892,-0.004101110622286797,0.0029459847137331963,0.02521311491727829,0.013042302412667819
2025-01-08,fold_7,"Inflation bear, AI rally and 2025",0.015635579824447632,1,-0.015805307775735855,-1,-0.015805307775735855,-0.06605450810457114,,,,0,-158.05307775735855,-0.004416098818182945,-0.004259203560650349,0.015635579824447632,-1.1904829162064468
2025-01-10,fold_7,"Inflation bear, AI rally and 2025",0.024402521550655365,1,-0.0032189367339015007,-1,-0.0032189367339015007,-0.06927344483847264,,,,0,-32.18936733901501,-0.0067649465054273605,0.028283799067139626,0.024402521550655365,-0.23465888856546038
2025-01-13,fold_7,"Inflation bear, AI rally and 2025",0.01897972822189331,1,-0.0009498588042333722,-1,-0.0009498588042333722,-0.07022330364270601,,,,0,-9.498588042333722,-0.008237635716795921,0.03735056519508362,0.01897972822189331,-0.07222777190658458
2025-01-14,fold_7,"Inflation bear, AI rally and 2025",0.027719520032405853,1,0.022745439782738686,1,0.022745439782738686,-0.04747786385996733,,,,1,227.45439782738686,-0.010346950963139534,0.05100506544113159,0.027719520032405853,1.7399232613692317
2025-01-15,fold_7,"Inflation bear, AI rally and 2025",0.0217580646276474,1,-0.007030539680272341,-1,-0.007030539680272341,-0.05450840354023967,,,,0,-70.30539680272341,-0.012080961838364601,0.030383583158254623,0.0217580646276474,-0.5049517597581288
2025-01-16,fold_7,"Inflation bear, AI rally and 2025",0.02551618218421936,1,0.016737693920731544,1,0.016737693920731544,-0.037770709619508125,,,,1,167.37693920731544,-0.0037306156009435654,0.03174690529704094,0.02551618218421936,1.2269209099107852
2025-01-17,fold_7,"Inflation bear, AI rally and 2025",0.005092039704322815,1,0.005847829394042492,1,0.005847829394042492,-0.03192288022546563,,,,1,58.47829394042492,0.00013359077274799347,-0.014537647366523743,0.005092039704322815,0.4143973905147078
2025-01-21,fold_7,"Inflation bear, AI rally and 2025",0.005280882120132446,1,0.012704640626907349,1,0.012704640626907349,-0.019218239598558284,,,,1,127.04640626907349,0.002738257870078087,-0.005713867023587227,0.005280882120132446,1.100211193259038
2025-01-22,fold_7,"Inflation bear, AI rally and 2025",0.0016636401414871216,1,0.0021239574998617172,1,0.0021239574998617172,-0.017094282098696567,,,,1,21.239574998617172,-0.0010897014290094376,-0.02029821276664734,0.0016636401414871216,0.1792397771662967
2025-01-23,fold_7,"Inflation bear, AI rally and 2025",-0.011405311524868011,-1,-0.005667216144502163,-1,0.005667216144502163,-0.011427065954194404,,,,1,56.67216144502163,-0.007024573162198067,-0.018168844282627106,-0.011405311524868011,-0.4844238379339672
2025-01-24,fold_7,"Inflation bear, AI rally and 2025",-0.008206136524677277,-1,-0.029546858742833138,-1,0.029546858742833138,0.018119792788638733,,,,1,295.4685874283314,-0.010715952143073082,-0.013955770991742611,-0.008206136524677277,-2.554659461653467
2025-01-27,fold_7,"Inflation bear, AI rally and 2025",0.016166597604751587,1,0.014671609736979008,1,0.014671609736979008,0.03279140252561774,,,,1,146.71609736979008,-0.01191951148211956,0.007555878255516291,0.016166597604751587,1.1307622690069064
2025-01-28,fold_7,"Inflation bear, AI rally and 2025",0.005841463804244995,1,-0.0018797048833221197,-1,-0.0018797048833221197,0.03091169764229562,,,,0,-18.797048833221197,-0.009832112118601799,0.00508470181375742,0.005841463804244995,-0.14046057405372117
2025-01-29,fold_7,"Inflation bear, AI rally and 2025",0.016453944146633148,1,0.004253325052559376,1,0.004253325052559376,0.035165022694855,,,,1,42.53325052559376,-0.0059578437358140945,0.011492137797176838,0.016453944146633148,0.3259162506482828
2025-01-30,fold_7,"Inflation bear, AI rally and 2025",0.019860416650772095,1,-0.0014541425043717027,-1,-0.0014541425043717027,0.033710880190483294,,,,0,-14.541425043717027,-0.0037382077425718307,0.01244503352791071,0.019860416650772095,-0.11415912596668515
2025-01-31,fold_7,"Inflation bear, AI rally and 2025",-0.0005104318261146545,-1,-0.008035209029912949,-1,0.008035209029912949,0.04174608922039624,,,,1,80.35209029912949,-0.002811891958117485,0.0012055110419169068,-0.0005104318261146545,-0.6377956415929221
2025-02-03,fold_7,"Inflation bear, AI rally and 2025",-0.0019649192690849304,-1,0.01220043282955885,1,-0.01220043282955885,0.029545656390837394,,,,0,-122.0043282955885,0.0036986693739891052,0.021273206919431686,-0.0019649192690849304,0.9592780334475167
2025-02-04,fold_7,"Inflation bear, AI rally and 2025",-0.0010972172021865845,-1,0.004527731332927942,1,-0.004527731332927942,0.02501792505790945,,,,0,-45.27731332927942,-0.0016023460775613785,0.006689184810966253,-0.0010972172021865845,0.36248105051066565
2025-02-05,fold_7,"Inflation bear, AI rally and 2025",0.010064966976642609,1,0.00520622031763196,1,0.00520622031763196,0.03022414537554141,,,,1,52.0622031763196,-0.00314309261739254,0.0027484078891575336,0.010064966976642609,0.424351776164534
2025-02-06,fold_7,"Inflation bear, AI rally and 2025",0.004329957067966461,1,-0.01269366405904293,-1,-0.01269366405904293,0.01753048131649848,,,,0,-126.9366405904293,0.007523501291871071,0.011825453490018845,0.004329957067966461,-1.0898155390432156
2025-02-07,fold_7,"Inflation bear, AI rally and 2025",0.0021973177790641785,1,0.012032486498355865,1,0.012032486498355865,0.029562967814854346,,,,1,120.32486498355865,0.004977962002158165,0.028708897531032562,0.0021973177790641785,1.0036834697670374
2025-02-10,fold_7,"Inflation bear, AI rally and 2025",-0.011669613420963287,-1,-0.002383588580414653,-1,0.002383588580414653,0.031946556395269,,,,1,23.83588580414653,0.008125493302941322,0.018940920010209084,-0.011669613420963287,-0.20256088020514224
2025-02-11,fold_7,"Inflation bear, AI rally and 2025",0.008180133998394012,1,0.0005869545857422054,1,0.0005869545857422054,0.032533510981011204,,,,1,5.869545857422054,0.01980183832347393,0.021602557972073555,0.008180133998394012,0.04992246657520241
2025-02-12,fold_7,"Inflation bear, AI rally and 2025",0.006405957043170929,1,0.014283265918493271,1,0.014283265918493271,0.046816776899504475,,,,1,142.8326591849327,0.020962480455636978,0.016762059181928635,0.006405957043170929,1.2149625157575195
2025-02-13,fold_7,"Inflation bear, AI rally and 2025",-0.005246289074420929,-1,0.004189779050648212,1,-0.004189779050648212,0.04262699784885626,,,,0,-41.897790506482124,0.025695964694023132,-0.01849435083568096,-0.005246289074420929,0.3784886720745663
2025-02-14,fold_7,"Inflation bear, AI rally and 2025",0.015334263443946838,1,0.002264508744701743,1,0.002264508744701743,0.044891506593558006,,,,1,22.64508744701743,0.030658263713121414,-0.034558553248643875,0.015334263443946838,0.20591048791693217
2025-02-18,fold_7,"Inflation bear, AI rally and 2025",0.016215987503528595,1,0.0002780499344225973,1,0.0002780499344225973,0.0451695565279806,,,,1,2.780499344225973,0.008992040529847145,-0.049502383917570114,0.016215987503528595,0.02685567236901609
2025-02-19,fold_7,"Inflation bear, AI rally and 2025",0.006654135882854462,1,-0.00425354391336441,-1,-0.00425354391336441,0.04091601261461619,,,,0,-42.535439133644104,0.00723603181540966,-0.04736772179603577,0.006654135882854462,-0.4141406173823227
2025-02-20,fold_7,"Inflation bear, AI rally and 2025",0.003622882068157196,1,-0.020973144099116325,-1,-0.020973144099116325,0.019942868515499867,,,,0,-209.73144099116325,-0.0021650884300470352,-0.07127831876277924,0.003622882068157196,-2.115124717352403
2025-02-21,fold_7,"Inflation bear, AI rally and 2025",-0.000622674822807312,-1,-0.011874424293637276,-1,0.011874424293637276,0.03181729280913714,,,,1,118.74424293637276,0.00640673004090786,-0.03463706746697426,-0.000622674822807312,-1.083570530091159
2025-02-24,fold_7,"Inflation bear, AI rally and 2025",-0.016449913382530212,-1,-0.012679321691393852,-1,0.012679321691393852,0.044496614500530995,,,,1,126.79321691393852,0.00787704810500145,-0.04488817974925041,-0.016449913382530212,-1.1316524071712148
2025-02-25,fold_7,"Inflation bear, AI rally and 2025",-0.018209371715784073,-1,0.002412711502984166,1,-0.002412711502984166,0.04208390299754683,,,,0,-24.12711502984166,0.02287413738667965,-0.035231202840805054,-0.018209371715784073,0.2544313760054517
2025-02-26,fold_7,"Inflation bear, AI rally and 2025",-0.010254628956317902,-1,-0.02816414088010788,-1,0.02816414088010788,0.07024804387765471,,,,1,281.6414088010788,0.011363258585333824,-0.02469206415116787,-0.010254628956317902,-3.1597074203238327
2025-02-27,fold_7,"Inflation bear, AI rally and 2025",0.008577287197113037,1,0.015668107196688652,1,0.015668107196688652,0.08591615107434336,,,,1,156.68107196688652,-0.006057685241103172,-0.02442282810807228,0.008577287197113037,1.436683933453293
2025-02-28,fold_7,"Inflation bear, AI rally and 2025",-0.004349753260612488,-1,-0.02212553843855858,-1,0.02212553843855858,0.10804168951290194,,,,1,221.25538438558578,-0.013271750882267952,-0.0327642448246479,-0.004349753260612488,-1.9382641638574425
2025-03-03,fold_7,"Inflation bear, AI rally and 2025",0.005944743752479553,1,-0.0030223436187952757,-1,-0.0030223436187952757,0.10501934589410666,,,,0,-30.223436187952757,-0.009969601407647133,-0.05016609653830528,0.005944743752479553,-0.2430142505803539
2025-03-04,fold_7,"Inflation bear, AI rally and 2025",-0.009292639791965485,-1,0.012951849959790707,1,-0.012951849959790707,0.09206749593431596,,,,0,-129.51849959790707,-0.010134125128388405,-0.04953701049089432,-0.009292639791965485,1.0508624067943906
2025-03-05,fold_7,"Inflation bear, AI rally and 2025",-0.02730979025363922,-1,-0.02789490483701229,-1,0.02789490483701229,0.11996240077132825,,,,1,278.9490483701229,-0.0033140871673822403,-0.05127124860882759,-0.02730979025363922,-2.2562760531011747
2025-03-06,fold_7,"Inflation bear, AI rally and 2025",-0.014569699764251709,-1,0.007326692808419466,1,-0.007326692808419466,0.11263570796290878,,,,0,-73.26692808419466,0.00030011869966983795,-0.04153061285614967,-0.014569699764251709,0.530514293447537
2025-03-07,fold_7,"Inflation bear, AI rally and 2025",-0.02501906082034111,-1,-0.039527393877506256,-1,0.039527393877506256,0.15216310184041504,,,,1,395.27393877506256,0.0051169488579034805,-0.024974392727017403,-0.02501906082034111,-2.8521982387636458
2025-03-10,fold_7,"Inflation bear, AI rally and 2025",-0.005682393908500671,-1,-0.002393258037045598,-1,0.002393258037045598,0.15455635987746064,,,,1,23.93258037045598,0.008777281269431114,0.021015793085098267,-0.005682393908500671,-0.14782092154955517
2025-03-11,fold_7,"Inflation bear, AI rally and 2025",-0.004979357123374939,-1,0.011217612773180008,1,-0.011217612773180008,0.14333874710428063,,,,0,-112.17612773180008,0.008718552067875862,0.0062147388234734535,-0.004979357123374939,0.7022379003606621
2025-03-12,fold_7,"Inflation bear, AI rally and 2025",-0.0017262101173400879,-1,-0.018154267221689224,-1,0.018154267221689224,0.16149301432596985,,,,1,181.54267221689224,0.0008223168551921844,0.008289692923426628,-0.0017262101173400879,-1.1233351275181127
2025-03-13,fold_7,"Inflation bear, AI rally and 2025",-0.0015459060668945312,-1,0.0238829106092453,1,-0.0238829106092453,0.13761010371672455,,,,0,-238.829106092453,-0.003822462633252144,0.023048678413033485,-0.0015459060668945312,1.433327728065527
2025-03-14,fold_7,"Inflation bear, AI rally and 2025",0.004600271582603455,1,0.006462794728577137,1,0.006462794728577137,0.1440728984453017,,,,1,64.62794728577137,-0.008229980245232582,0.002457075286656618,0.004600271582603455,0.3756676896084284
2025-03-17,fold_7,"Inflation bear, AI rally and 2025",0.0028320923447608948,1,-0.017194312065839767,-1,-0.017194312065839767,0.12687858637946192,,,,0,-171.94312065839767,-0.00782887451350689,0.017701327800750732,0.0028320923447608948,-0.997428633637089
2025-03-18,fold_7,"Inflation bear, AI rally and 2025",-0.004477553069591522,-1,0.013292566873133183,1,-0.013292566873133183,0.11358601950632874,,,,0,-132.92566873133183,-0.0009837597608566284,0.040585990995168686,-0.004477553069591522,0.7529097085664618
2025-03-19,fold_7,"Inflation bear, AI rally and 2025",0.001314401626586914,1,-0.0033952805679291487,-1,-0.0033952805679291487,0.11019073893839959,,,,0,-33.95280567929149,-0.0018209908157587051,0.00872135628014803,0.001314401626586914,-0.189645777621097
2025-03-20,fold_7,"Inflation bear, AI rally and 2025",-0.002311296761035919,-1,0.0032913063187152147,1,-0.0032913063187152147,0.10689943261968438,,,,0,-32.91306318715215,-0.0029380079358816147,0.006402337457984686,-0.002311296761035919,0.18393242786491146
2025-03-21,fold_7,"Inflation bear, AI rally and 2025",-0.0025047287344932556,-1,0.021707046777009964,1,-0.021707046777009964,0.08519238584267441,,,,0,-217.07046777009964,0.0008363854140043259,-0.023569578304886818,-0.0025047287344932556,1.2558823168990274
2025-03-24,fold_7,"Inflation bear, AI rally and 2025",0.0019297227263450623,1,0.005690351594239473,1,0.005690351594239473,0.09088273743691389,,,,1,56.90351594239473,0.0011806394904851913,-0.04531926289200783,0.0019297227263450623,0.32048442258407656
2025-03-25,fold_7,"Inflation bear, AI rally and 2025",0.0019693523645401,1,-0.018572067841887474,-1,-0.018572067841887474,0.07231066959502641,,,,0,-185.72067841887474,0.002796979621052742,-0.04298087954521179,0.0019693523645401,-1.0568059807657881
2025-03-26,fold_7,"Inflation bear, AI rally and 2025",-0.0060966163873672485,-1,-0.005714299622923136,-1,0.005714299622923136,0.07802496921794955,,,,1,57.14299622923136,0.014824236743152142,-0.017136819660663605,-0.0060966163873672485,-0.3165865709902819
2025-03-27,fold_7,"Inflation bear, AI rally and 2025",-0.003997109830379486,-1,-0.026680609211325645,-1,0.026680609211325645,0.10470557842927519,,,,1,266.80609211325645,0.010895971208810806,-0.06644228845834732,-0.003997109830379486,-1.5728139846911706
2025-03-28,fold_7,"Inflation bear, AI rally and 2025",-0.0037425532937049866,-1,-4.263700975570828e-05,-1,4.263700975570828e-05,0.1047482154390309,,,,1,0.4263700975570828,0.013330640271306038,-0.10388310998678207,-0.0037425532937049866,-0.002417402521640605
2025-03-31,fold_7,"Inflation bear, AI rally and 2025",-0.0057220011949539185,-1,0.008028735406696796,1,-0.008028735406696796,0.0967194800323341,,,,0,-80.28735406696796,0.016753830015659332,-0.10143010318279266,-0.0057220011949539185,0.4742472209972108
2025-04-01,fold_7,"Inflation bear, AI rally and 2025",-0.0017991811037063599,-1,0.007271991111338139,1,-0.007271991111338139,0.08944748892099597,,,,0,-72.71991111338139,0.011738551780581474,-0.12763145565986633,-0.0017991811037063599,0.42748922377433163
2025-04-02,fold_7,"Inflation bear, AI rally and 2025",-0.0026600435376167297,-1,-0.055019769817590714,-1,0.055019769817590714,0.14446725873858668,,,,1,550.1976981759071,0.008058294653892517,-0.021547358483076096,-0.0026600435376167297,-3.2669603826950797
2025-04-03,fold_7,"Inflation bear, AI rally and 2025",0.005155988037586212,1,-0.06412143260240555,-1,-0.06412143260240555,0.08034582613618113,,,,0,-641.2143260240555,0.01033877208828926,-0.009990752674639225,0.005155988037586212,-3.2218939204937738
2025-04-04,fold_7,"Inflation bear, AI rally and 2025",0.004138194024562836,1,0.0024103696923702955,1,0.0024103696923702955,0.08275619582855143,,,,1,24.103696923702955,0.012499367818236351,0.07238619029521942,0.004138194024562836,0.09848710582561052
2025-04-07,fold_7,"Inflation bear, AI rally and 2025",0.004119843244552612,1,-0.01817261427640915,-1,-0.01817261427640915,0.06458358155214228,,,,0,-181.7261427640915,0.014304051175713539,0.0767311081290245,0.004119843244552612,-0.796046233471477
2025-04-08,fold_7,"Inflation bear, AI rally and 2025",0.008677735924720764,1,0.1133560836315155,1,0.1133560836315155,0.17793966518365778,,,,1,1133.560836315155,0.010045545175671577,0.09601788967847824,0.008677735924720764,4.889990120928103
2025-04-09,fold_7,"Inflation bear, AI rally and 2025",0.0009961724281311035,1,-0.04346316307783127,-1,-0.04346316307783127,0.1344765021058265,,,,0,-434.6316307783127,0.009191775694489479,-0.0479557141661644,0.0009961724281311035,-1.2687291452129743
2025-04-10,fold_7,"Inflation bear, AI rally and 2025",0.003821134567260742,1,0.01825551502406597,1,0.01825551502406597,0.15273201712989248,,,,1,182.5551502406597,0.0028479397296905518,-0.004672687966376543,0.003821134567260742,0.5160277596305618
2025-04-11,fold_7,"Inflation bear, AI rally and 2025",8.655339479446411e-05,1,0.006755282171070576,1,0.006755282171070576,0.15948729930096306,,,,1,67.55282171070576,0.004298986867070198,-0.04798625782132149,8.655339479446411e-05,0.19186220783259403
2025-04-14,fold_7,"Inflation bear, AI rally and 2025",0.004775412380695343,1,0.0011141699505969882,1,0.0011141699505969882,0.16060146925156005,,,,1,11.141699505969882,0.0020255334675312042,-0.028828177601099014,0.004775412380695343,0.0316419716434806
2025-04-15,fold_7,"Inflation bear, AI rally and 2025",0.0024541765451431274,1,-0.030617518350481987,-1,-0.030617518350481987,0.12998395090107806,,,,0,-306.17518350481987,-0.00025150738656520844,-0.007517511025071144,0.0024541765451431274,-0.8747330783313502
2025-04-16,fold_7,"Inflation bear, AI rally and 2025",-0.0009810477495193481,-1,-0.00018013635417446494,-1,0.00018013635417446494,0.13016408725525253,,,,1,1.8013635417446494,-0.0009772982448339462,0.05084860697388649,-0.0009810477495193481,-0.005068363389150477
2025-04-17,fold_7,"Inflation bear, AI rally and 2025",0.00014516711235046387,1,-0.02505805715918541,-1,-0.02505805715918541,0.10510603009606712,,,,0,-250.5805715918541,-0.0033611301332712173,0.06211496889591217,0.00014516711235046387,-0.7052004373844853
2025-04-21,fold_7,"Inflation bear, AI rally and 2025",-0.005052290856838226,-1,0.025913363322615623,1,-0.025913363322615623,0.07919266677345149,,,,0,-259.13363322615623,-0.0012039188295602798,0.08685559034347534,-0.005052290856838226,0.720520723984611
2025-04-22,fold_7,"Inflation bear, AI rally and 2025",-0.003410518169403076,-1,0.022424837574362755,1,-0.022424837574362755,0.05676782919908874,,,,0,-224.24837574362755,-0.001827562227845192,0.06752496212720871,-0.003410518169403076,0.6211222406699431
2025-04-23,fold_7,"Inflation bear, AI rally and 2025",-0.006510570645332336,-1,0.027748601511120796,1,-0.027748601511120796,0.02901922768796794,,,,0,-277.48601511120796,-0.0036212746053934097,0.04497391730546951,-0.006510570645332336,0.7617366307611424
2025-04-24,fold_7,"Inflation bear, AI rally and 2025",-0.006173044443130493,-1,0.01108622271567583,1,-0.01108622271567583,0.01793300497229211,,,,0,-110.86222715675831,-0.001699322834610939,0.03020145744085312,-0.006173044443130493,0.30192364164997343
2025-04-25,fold_7,"Inflation bear, AI rally and 2025",-0.006302736699581146,-1,-0.00031743646832183003,-1,0.00031743646832183003,0.01825044144061394,,,,1,3.1743646832183003,-0.0021067503839731216,0.03385004773736,-0.006302736699581146,-0.008630674926025761
2025-04-28,fold_7,"Inflation bear, AI rally and 2025",-0.006858885288238525,-1,0.0065827397629618645,1,-0.0065827397629618645,0.011667701677652076,,,,0,-65.82739762961864,-0.0019451957195997238,0.028217311948537827,-0.006858885288238525,0.18137760637662514
2025-04-29,fold_7,"Inflation bear, AI rally and 2025",-0.006622485816478729,-1,-0.00012620817869901657,-1,0.00012620817869901657,0.011793909856351092,,,,1,1.2620817869901657,-0.0016665924340486526,0.012289345264434814,-0.006622485816478729,-0.0034746220771629953
2025-04-30,fold_7,"Inflation bear, AI rally and 2025",-0.004166789352893829,-1,0.012976137921214104,1,-0.012976137921214104,-0.0011822280648630112,,,,0,-129.76137921214104,-0.0020630042999982834,0.01633375883102417,-0.004166789352893829,0.35768155522795286
2025-05-01,fold_7,"Inflation bear, AI rally and 2025",-0.003915853798389435,-1,0.014734814874827862,1,-0.014734814874827862,-0.015917042939690873,,,,0,-147.34814874827862,0.0001701153814792633,0.013629618100821972,-0.003915853798389435,0.40527054453153283
2025-05-02,fold_7,"Inflation bear, AI rally and 2025",-0.001834176480770111,-1,-0.005950172431766987,-1,0.005950172431766987,-0.009966870507923886,,,,1,59.50172431766987,0.0005091950297355652,-0.0017607435584068298,-0.001834176480770111,-0.17311363003944677
2025-05-05,fold_7,"Inflation bear, AI rally and 2025",-0.001588091254234314,-1,-0.009345225989818573,-1,0.009345225989818573,-0.0006216445181053132,,,,1,93.45225989818573,0.002499351277947426,0.0441216379404068,-0.001588091254234314,-0.29888984103191907
2025-05-06,fold_7,"Inflation bear, AI rally and 2025",-0.0022690147161483765,-1,0.003918205387890339,1,-0.003918205387890339,-0.004539849905995652,,,,0,-39.18205387890339,0.0012317467480897903,0.06859263777732849,-0.0022690147161483765,0.1250561344734105
2025-05-07,fold_7,"Inflation bear, AI rally and 2025",-0.002050742506980896,-1,0.010271997191011906,1,-0.010271997191011906,-0.014811847097007558,,,,0,-102.71997191011906,-0.003749815747141838,0.07064971327781677,-0.002050742506980896,0.3305092844591725
2025-05-08,fold_7,"Inflation bear, AI rally and 2025",-7.534027099609375e-05,-1,-0.00065554742468521,-1,0.00065554742468521,-0.014156299672322348,,,,1,6.5554742468521,-0.0035161208361387253,0.06147606670856476,-7.534027099609375e-05,-0.036156972066067466
2025-05-09,fold_7,"Inflation bear, AI rally and 2025",-0.0005050003528594971,-1,0.03993220627307892,1,-0.03993220627307892,-0.054088505945401266,,,,0,-399.3220627307892,-0.002271721139550209,0.06647443026304245,-0.0005050003528594971,2.6088471223946046
2025-05-12,fold_7,"Inflation bear, AI rally and 2025",-0.0012711584568023682,-1,0.01512577198445797,1,-0.01512577198445797,-0.06921427792985924,,,,0,-151.2577198445797,-0.002238219603896141,0.027500687167048454,-0.0012711584568023682,0.8771644078400747
2025-05-13,fold_7,"Inflation bear, AI rally and 2025",-0.00044526904821395874,-1,0.005975283216685057,1,-0.005975283216685057,-0.07518956114654429,,,,0,-59.75283216685057,-0.0003729090094566345,0.009036059491336346,-0.00044526904821395874,0.34129920720393586
2025-05-14,fold_7,"Inflation bear, AI rally and 2025",-0.0016516447067260742,-1,0.0010983524844050407,1,-0.0010983524844050407,-0.07628791363094933,,,,0,-10.983524844050407,-0.0013643112033605576,-0.010933410376310349,-0.0016516447067260742,0.06256064208819194
2025-05-15,fold_7,"Inflation bear, AI rally and 2025",-0.0014523863792419434,-1,0.004342813044786453,1,-0.004342813044786453,-0.08063072667573579,,,,0,-43.42813044786453,-0.0009317230433225632,-0.010162297636270523,-0.0014523863792419434,0.26859577139762664
2025-05-16,fold_7,"Inflation bear, AI rally and 2025",0.0009409487247467041,1,0.0009584668441675603,1,0.0009584668441675603,-0.07967225983156823,,,,1,9.584668441675603,-0.004416050389409065,-0.023808997124433517,0.0009409487247467041,0.059173135968984825
2025-05-19,fold_7,"Inflation bear, AI rally and 2025",0.00129631906747818,1,-0.00333885638974607,-1,-0.00333885638974607,-0.0830111162213143,,,,0,-33.3885638974607,-0.002651618793606758,-0.0015147612430155277,0.00129631906747818,-0.21967344676553358
2025-05-20,fold_7,"Inflation bear, AI rally and 2025",0.0022307708859443665,1,-0.01399418618530035,-1,-0.01399418618530035,-0.09700530240661465,,,,0,-139.9418618530035,-0.003805803135037422,-0.002617579186335206,0.0022307708859443665,-0.9945301163410145
2025-05-21,fold_7,"Inflation bear, AI rally and 2025",0.0014721080660820007,1,0.0018694656901061535,1,0.0018694656901061535,-0.09513583671650849,,,,1,18.694656901061535,-0.008313300088047981,0.013340315781533718,0.0014721080660820007,0.13832889935319634
2025-05-22,fold_7,"Inflation bear, AI rally and 2025",-0.0017282962799072266,-1,-0.009303887374699116,-1,0.009303887374699116,-0.08583194934180938,,,,1,93.03887374699116,-0.006115468218922615,0.009892607107758522,-0.0017282962799072266,-0.774461020632546
2025-05-23,fold_7,"Inflation bear, AI rally and 2025",-0.0017797201871871948,-1,0.0232527032494545,1,-0.0232527032494545,-0.10908465259126388,,,,0,-232.52703249454498,-0.006562752649188042,0.027063505724072456,-0.0017797201871871948,1.9478699600537477
2025-05-27,fold_7,"Inflation bear, AI rally and 2025",-0.002453222870826721,-1,-0.004441674333065748,-1,0.004441674333065748,-0.10464297825819813,,,,1,44.41674333065748,-0.005681203678250313,0.011597446165978909,-0.002453222870826721,-0.34112939391963787
2025-05-28,fold_7,"Inflation bear, AI rally and 2025",-0.002245195209980011,-1,0.0019637085497379303,1,-0.0019637085497379303,-0.10660668680793606,,,,0,-19.637085497379303,-0.003662439063191414,0.018823090940713882,-0.002245195209980011,0.15134440968446183
2025-05-29,fold_7,"Inflation bear, AI rally and 2025",-0.004536457359790802,-1,-0.0015782431000843644,-1,0.0015782431000843644,-0.10502844370785169,,,,1,15.782431000843644,-0.004561403766274452,0.009304034523665905,-0.004536457359790802,-0.12156701262634625
2025-05-30,fold_7,"Inflation bear, AI rally and 2025",-0.001170128583908081,-1,0.007867010310292244,1,-0.007867010310292244,-0.11289545401814394,,,,0,-78.67010310292244,-0.008638007566332817,0.02061014249920845,-0.001170128583908081,0.62145509353276
2025-06-02,fold_7,"Inflation bear, AI rally and 2025",0.003396071493625641,1,0.007786644622683525,1,0.007786644622683525,-0.10510880939546041,,,,1,77.86644622683525,-0.00615193136036396,0.014214090071618557,0.003396071493625641,0.630565866011398
2025-06-03,fold_7,"Inflation bear, AI rally and 2025",-0.0020608901977539062,-1,0.0027839706744998693,1,-0.0027839706744998693,-0.10789278006996028,,,,0,-27.839706744998693,-0.007377708330750465,0.013019595295190811,-0.0020608901977539062,0.22452047709836354
2025-06-04,fold_7,"Inflation bear, AI rally and 2025",-0.0011959448456764221,-1,-0.0075553483329713345,-1,0.0075553483329713345,-0.10033743173698895,,,,1,75.55348332971334,-0.002467820420861244,0.006860374938696623,-0.0011959448456764221,-0.617361654631516
2025-06-05,fold_7,"Inflation bear, AI rally and 2025",-0.004967927932739258,-1,0.009727864526212215,1,-0.009727864526212215,-0.11006529626320116,,,,0,-97.27864526212215,-0.0054130759090185165,0.01676086150109768,-0.004967927932739258,0.7894022209341992
2025-06-06,fold_7,"Inflation bear, AI rally and 2025",-0.004214443266391754,-1,0.001470958348363638,1,-0.001470958348363638,-0.1115362546115648,,,,0,-14.70958348363638,-0.00338737852871418,-0.00560140423476696,-0.004214443266391754,0.11958058444466334
2025-06-09,fold_7,"Inflation bear, AI rally and 2025",0.00042479485273361206,1,0.006592150311917067,1,0.006592150311917067,-0.10494410429964773,,,,1,65.92150311917067,-0.0048529598861932755,0.0067417314276099205,0.00042479485273361206,0.5357510440066177
2025-06-10,fold_7,"Inflation bear, AI rally and 2025",0.0010261759161949158,1,-0.003375249681994319,-1,-0.003375249681994319,-0.10831935398164205,,,,0,-33.75249681994319,-0.006115103140473366,-0.009649480693042278,0.0010261759161949158,-0.3927775601112056
2025-06-11,fold_7,"Inflation bear, AI rally and 2025",0.0045763105154037476,1,0.002345137996599078,1,0.002345137996599078,-0.10597421598504297,,,,1,23.451379965990782,-0.004390710964798927,-0.0064444150775671005,0.0045763105154037476,0.2955188983284086
2025-06-12,fold_7,"Inflation bear, AI rally and 2025",0.005754239857196808,1,-0.012634401209652424,-1,-0.012634401209652424,-0.1186086171946954,,,,0,-126.34401209652424,-0.00808948464691639,-0.012881052680313587,0.005754239857196808,-1.6115450914958678
2025-06-13,fold_7,"Inflation bear, AI rally and 2025",0.005947902798652649,1,0.013814094476401806,1,0.013814094476401806,-0.10479452271829359,,,,1,138.14094476401806,-0.009924983605742455,0.009983260184526443,0.005947902798652649,1.658394163013713
2025-06-16,fold_7,"Inflation bear, AI rally and 2025",0.005975320935249329,1,-0.00979906227439642,-1,-0.00979906227439642,-0.11459358499269001,,,,0,-97.9906227439642,-0.008921170607209206,0.011345419101417065,0.005975320935249329,-1.109638710114522
2025-06-17,fold_7,"Inflation bear, AI rally and 2025",0.007825054228305817,1,-0.00017018403741531074,-1,-0.00017018403741531074,-0.11476376903010532,,,,0,-1.7018403741531074,-0.009373391047120094,0.02369767054915428,0.007825054228305817,-0.018709541966715384
2025-06-18,fold_7,"Inflation bear, AI rally and 2025",0.0008175000548362732,1,-0.004091499838978052,-1,-0.004091499838978052,-0.11885526886908337,,,,0,-40.91499838978052,0.0016781035810709,0.03317466005682945,0.0008175000548362732,-0.45132657086905426
2025-06-20,fold_7,"Inflation bear, AI rally and 2025",-0.0022206827998161316,-1,0.010229912586510181,1,-0.010229912586510181,-0.12908518145559356,,,,0,-102.29912586510181,-0.002237929031252861,0.04068398103117943,-0.0022206827998161316,1.1954519155541303
2025-06-23,fold_7,"Inflation bear, AI rally and 2025",-0.0011499077081680298,-1,0.015176253393292427,1,-0.015176253393292427,-0.14426143484888598,,,,0,-151.76253393292427,0.00047934241592884064,0.03691010922193527,-0.0011499077081680298,1.7152282168837871
2025-06-24,fold_7,"Inflation bear, AI rally and 2025",0.002225130796432495,1,0.002553190104663372,1,0.002553190104663372,-0.1417082447442226,,,,1,25.53190104663372,-0.0034734029322862625,0.01326880045235157,0.002225130796432495,0.2761633476020483
2025-06-25,fold_7,"Inflation bear, AI rally and 2025",0.004772871732711792,1,0.009306803345680237,1,0.009306803345680237,-0.13240144139854237,,,,1,93.06803345680237,-0.006804646924138069,0.0176568441092968,0.004772871732711792,1.2140570495435146
2025-06-26,fold_7,"Inflation bear, AI rally and 2025",0.002702467143535614,1,0.0034178236965090036,1,0.0034178236965090036,-0.12898361770203337,,,,1,34.178236965090036,-0.006047112867236137,0.018142199143767357,0.002702467143535614,0.4336796183005765
2025-06-27,fold_7,"Inflation bear, AI rally and 2025",0.0049927085638046265,1,0.006456038448959589,1,0.006456038448959589,-0.12252757925307378,,,,1,64.56038448959589,-0.0072245243936777115,0.007162868976593018,0.0049927085638046265,0.8166233479195625
2025-06-30,fold_7,"Inflation bear, AI rally and 2025",-0.00042554736137390137,-1,-0.008465055376291275,-1,0.008465055376291275,-0.1140625238767825,,,,1,84.65055376291275,-0.0035406220704317093,0.0012683197855949402,-0.00042554736137390137,-1.0543437575637744
2025-07-01,fold_7,"Inflation bear, AI rally and 2025",0.00844988226890564,1,0.006941234227269888,1,0.006941234227269888,-0.10712128964951262,,,,1,69.41234227269888,0.006015146151185036,0.016787249594926834,0.00844988226890564,0.8612915520447721
2025-07-02,fold_7,"Inflation bear, AI rally and 2025",-0.0013118311762809753,-1,0.009792158380150795,1,-0.009792158380150795,-0.11691344802966341,,,,0,-97.92158380150795,0.0018344540148973465,0.00840685609728098,-0.0013118311762809753,1.2209093004921368
2025-07-03,fold_7,"Inflation bear, AI rally and 2025",0.0015887171030044556,1,-0.007561507169157267,-1,-0.007561507169157267,-0.12447495519882068,,,,0,-75.61507169157267,0.009711937978863716,-0.003638129448518157,0.0015887171030044556,-0.912062731944434
2025-07-07,fold_7,"Inflation bear, AI rally and 2025",-0.0029156729578971863,-1,0.0005614891997538507,1,-0.0005614891997538507,-0.12503644439857453,,,,0,-5.614891997538507,0.0014387872070074081,0.007543554063886404,-0.0029156729578971863,0.06772407021490523
2025-07-08,fold_7,"Inflation bear, AI rally and 2025",-0.004899077117443085,-1,0.007053874898701906,1,-0.007053874898701906,-0.13209031929727644,,,,0,-70.53874898701906,0.002316899597644806,0.007898572832345963,-0.004899077117443085,0.8815816587750563
2025-07-09,fold_7,"Inflation bear, AI rally and 2025",-0.014741852879524231,-1,-0.0014391591539606452,-1,0.0014391591539606452,-0.1306511601433158,,,,1,14.391591539606452,0.0007462594658136368,0.0018679917557165027,-0.014741852879524231,-0.17661141588879875
2025-07-10,fold_7,"Inflation bear, AI rally and 2025",-0.006066568195819855,-1,-0.0022528269328176975,-1,0.0022528269328176975,-0.1283983332104981,,,,1,22.528269328176975,-0.0027330536395311356,0.011367371305823326,-0.006066568195819855,-0.2808745383451295
2025-07-11,fold_7,"Inflation bear, AI rally and 2025",-0.014377839863300323,-1,0.003620176576077938,1,-0.003620176576077938,-0.13201850978657603,,,,0,-36.20176576077938,-0.00838315300643444,0.012658500112593174,-0.014377839863300323,0.4524629565912329
2025-07-14,fold_7,"Inflation bear, AI rally and 2025",-0.015574105083942413,-1,0.0009165076771751046,1,-0.0009165076771751046,-0.13293501746375114,,,,0,-9.165076771751046,-0.0026598628610372543,0.014209684915840626,-0.015574105083942413,0.11420975350014795
2025-07-15,fold_7,"Inflation bear, AI rally and 2025",-0.0039670467376708984,-1,0.0010232938220724463,1,-0.0010232938220724463,-0.13395831128582358,,,,0,-10.232938220724463,0.007622493430972099,0.008103914558887482,-0.0039670467376708984,0.13618806482870882
2025-07-16,fold_7,"Inflation bear, AI rally and 2025",-0.004298359155654907,-1,0.008060220628976822,1,-0.008060220628976822,-0.1420185319148004,,,,0,-80.60220628976822,0.0022104717791080475,0.011631511151790619,-0.004298359155654907,1.1760979880152769
2025-07-17,fold_7,"Inflation bear, AI rally and 2025",0.004919424653053284,1,-0.0009616987663321197,-1,-0.0009616987663321197,-0.14298023068113253,,,,0,-9.616987663321197,0.007724715396761894,0.005697506945580244,0.004919424653053284,-0.14270382450815308
2025-07-18,fold_7,"Inflation bear, AI rally and 2025",-0.008012242615222931,-1,0.005171361844986677,1,-0.005171361844986677,-0.1481515925261192,,,,0,-51.71361844986677,0.011740667745471,0.00906337145715952,-0.008012242615222931,0.7669859185624802
2025-07-21,fold_7,"Inflation bear, AI rally and 2025",-0.010142557322978973,-1,-0.005189262330532074,-1,0.005189262330532074,-0.14296233019558713,,,,1,51.89262330532074,0.01671277917921543,0.007012150716036558,-0.010142557322978973,-0.7654419130645659
2025-07-22,fold_7,"Inflation bear, AI rally and 2025",-0.015829011797904968,-1,0.004550890065729618,1,-0.004550890065729618,-0.14751322026131675,,,,0,-45.50890065729618,0.02232474461197853,0.0106513611972332,-0.015829011797904968,0.7015949302939439
2025-07-23,fold_7,"Inflation bear, AI rally and 2025",-0.016399767249822617,-1,0.0021262161899358034,1,-0.0021262161899358034,-0.14963943645125255,,,,0,-21.262161899358034,0.018398623913526535,0.007439480163156986,-0.016399767249822617,0.37827171020139594
2025-07-24,fold_7,"Inflation bear, AI rally and 2025",0.010850265622138977,1,0.002404165454208851,1,0.002404165454208851,-0.1472352709970437,,,,1,24.04165454208851,0.01893363893032074,0.0,0.010850265622138977,0.4283990359534204
2025-07-25,fold_7,"Inflation bear, AI rally and 2025",0.010178379714488983,1,0.0031201415695250034,1,0.0031201415695250034,-0.1441151294275187,,,,1,31.201415695250034,0.0009502861648797989,-0.022299613803625107,0.010178379714488983,0.595502653685041
2025-07-28,fold_7,"Inflation bear, AI rally and 2025",0.016627706587314606,1,-0.0015500520821660757,-1,-0.0015500520821660757,-0.14566518150968477,,,,0,-15.500520821660757,0.011160437017679214,-0.007136274129152298,0.016627706587314606,-0.2963649319322456
2025-07-29,fold_7,"Inflation bear, AI rally and 2025",0.013755708932876587,1,0.001339009148068726,1,0.001339009148068726,-0.14432617236161605,,,,1,13.39009148068726,0.006782291457056999,-0.012398889288306236,0.013755708932876587,0.26573052952608295
2025-07-30,fold_7,"Inflation bear, AI rally and 2025",0.0071072056889534,1,-0.005313263740390539,-1,-0.005313263740390539,-0.14963943610200658,,,,0,-53.13263740390539,0.002051008865237236,-0.0012331786565482616,0.0071072056889534,-1.1354257306530724
2025-07-31,fold_7,"Inflation bear, AI rally and 2025",0.020527765154838562,1,-0.01989544928073883,-1,-0.01989544928073883,-0.16953488538274541,,,,0,-198.9544928073883,0.004901492968201637,0.00745871476829052,0.020527765154838562,-4.351860117887104
2025-08-01,fold_7,"Inflation bear, AI rally and 2025",0.026824668049812317,1,0.018283480778336525,1,0.018283480778336525,-0.1512514046044089,,,,1,182.83480778336525,0.014175176620483398,0.03663913160562515,0.026824668049812317,3.051587052731937
2025-08-04,fold_7,"Inflation bear, AI rally and 2025",0.019971951842308044,1,-0.006812667474150658,-1,-0.006812667474150658,-0.15806407207855955,,,,0,-68.12667474150658,0.015455449000000954,0.015392293222248554,0.019971951842308044,-0.9658439511808814
2025-08-05,fold_7,"Inflation bear, AI rally and 2025",0.007903166115283966,1,0.012504720129072666,1,0.012504720129072666,-0.14555935194948688,,,,1,125.04720129072666,0.018427442759275436,0.03469543159008026,0.007903166115283966,1.7331264565623796
2025-08-06,fold_7,"Inflation bear, AI rally and 2025",-0.006126366555690765,-1,0.0033786294516175985,1,-0.0033786294516175985,-0.14893798140110448,,,,0,-33.786294516175985,0.010974736884236336,0.0226906705647707,-0.006126366555690765,0.44599293756289404
2025-08-07,fold_7,"Inflation bear, AI rally and 2025",0.002594292163848877,1,0.009284966625273228,1,0.009284966625273228,-0.13965301477583125,,,,1,92.84966625273228,0.010143762454390526,0.01853628270328045,0.002594292163848877,1.2206949690026645
2025-08-08,fold_7,"Inflation bear, AI rally and 2025",-0.005226507782936096,-1,-0.002963355975225568,-1,0.002963355975225568,-0.13668965880060568,,,,1,29.633559752255678,0.014535440132021904,0.004844300914555788,-0.005226507782936096,-0.3766124078785977
2025-08-11,fold_7,"Inflation bear, AI rally and 2025",0.010975606739521027,1,0.012490469962358475,1,0.012490469962358475,-0.12419918883824721,,,,1,124.90469962358475,0.020259138196706772,0.007409026846289635,0.010975606739521027,1.5901907501999453
2025-08-12,fold_7,"Inflation bear, AI rally and 2025",-0.00013208389282226562,-1,0.0004999605007469654,1,-0.0004999605007469654,-0.12469914933899418,,,,0,-4.999605007469654,0.016924893483519554,-0.018741806969046593,-0.00013208389282226562,0.059990749109096714
2025-08-13,fold_7,"Inflation bear, AI rally and 2025",0.0018741488456726074,1,-0.000775758468080312,-1,-0.000775758468080312,-0.1254749078070745,,,,0,-7.75758468080312,0.01574445515871048,-0.02519688941538334,0.0018741488456726074,-0.09311073597075677
2025-08-14,fold_7,"Inflation bear, AI rally and 2025",0.0006882473826408386,1,-0.004407014697790146,-1,-0.004407014697790146,-0.12988192250486463,,,,0,-44.07014697790146,0.01287745125591755,-0.029061537235975266,0.0006882473826408386,-0.5416591906536531
2025-08-15,fold_7,"Inflation bear, AI rally and 2025",-0.00144205242395401,-1,-0.0003986301308032125,-1,0.0003986301308032125,-0.12948329237406142,,,,1,3.9863013080321252,0.015679147094488144,-0.00934495497494936,-0.00144205242395401,-0.04865628722997111
2025-08-18,fold_7,"Inflation bear, AI rally and 2025",-0.0007486119866371155,-1,-0.013660364784300327,-1,0.013660364784300327,-0.1158229275897611,,,,1,136.60364784300327,0.00493764691054821,-0.011835196986794472,-0.0007486119866371155,-1.68412534415897
2025-08-19,fold_7,"Inflation bear, AI rally and 2025",-0.00348866730928421,-1,-0.005955122411251068,-1,0.005955122411251068,-0.10986780517851003,,,,1,59.55122411251068,0.011242223903536797,0.005832357332110405,-0.00348866730928421,-0.6933178700891818
2025-08-20,fold_7,"Inflation bear, AI rally and 2025",6.986409425735474e-05,1,-0.004640405066311359,-1,-0.004640405066311359,-0.11450821024482138,,,,0,-46.404050663113594,0.009773103520274162,0.013323167338967323,6.986409425735474e-05,-0.5375727616004295
2025-08-21,fold_7,"Inflation bear, AI rally and 2025",0.012060269713401794,1,0.01530956756323576,1,0.01530956756323576,-0.09919864268158562,,,,1,153.0956756323576,0.005597824230790138,0.024203982204198837,0.012060269713401794,1.7635160886517867
2025-08-22,fold_7,"Inflation bear, AI rally and 2025",0.01527368277311325,1,-0.0028888722881674767,-1,-0.0028888722881674767,-0.1020875149697531,,,,0,-28.888722881674767,-0.0004247259348630905,-0.0027484886813908815,0.01527368277311325,-0.31008575290815854
2025-08-25,fold_7,"Inflation bear, AI rally and 2025",0.027236610651016235,1,0.004007190000265837,1,0.004007190000265837,-0.09808032496948726,,,,1,40.07190000265837,0.007189514115452766,-0.008275248110294342,0.027236610651016235,0.43029600122841694
2025-08-26,fold_7,"Inflation bear, AI rally and 2025",0.01562577486038208,1,0.001535687712021172,1,0.001535687712021172,-0.09654463725746609,,,,1,15.35687712021172,-0.000729614868760109,-0.0044456529431045055,0.01562577486038208,0.16425835506509845
2025-08-27,fold_7,"Inflation bear, AI rally and 2025",0.013011045753955841,1,0.006240409333258867,1,0.006240409333258867,-0.09030422792420723,,,,1,62.40409333258867,0.0014285799115896225,0.003029386978596449,0.013011045753955841,0.667371148535967
2025-08-28,fold_7,"Inflation bear, AI rally and 2025",0.009046681225299835,1,-0.011642903089523315,-1,-0.011642903089523315,-0.10194713101373054,,,,0,-116.42903089523315,-0.00026101619005203247,-0.0017690984532237053,0.009046681225299835,-1.241336584782596
2025-08-29,fold_7,"Inflation bear, AI rally and 2025",0.000935770571231842,1,-0.00841563194990158,-1,-0.00841563194990158,-0.11036276296363212,,,,0,-84.15631949901581,0.015803968533873558,0.01473993994295597,0.000935770571231842,-0.9720242852407744
2025-09-02,fold_7,"Inflation bear, AI rally and 2025",0.009397163987159729,1,0.007836785167455673,1,0.007836785167455673,-0.10252597779617645,,,,1,78.36785167455673,0.013210399076342583,0.025984633713960648,0.009397163987159729,0.9970023351283237
2025-09-03,fold_7,"Inflation bear, AI rally and 2025",-0.0002089962363243103,-1,0.009010727517306805,1,-0.009010727517306805,-0.11153670531348325,,,,0,-90.10727517306805,0.01341845840215683,0.018475046381354332,-0.0002089962363243103,1.1394559757618208
2025-09-04,fold_7,"Inflation bear, AI rally and 2025",0.0012148544192314148,1,0.0014419236686080694,1,0.0014419236686080694,-0.11009478164487518,,,,1,14.419236686080694,0.009732956066727638,0.015268106013536453,0.0012148544192314148,0.18807909607239273
2025-09-05,fold_7,"Inflation bear, AI rally and 2025",0.011580027639865875,1,0.004866134840995073,1,0.004866134840995073,-0.10522864680388011,,,,1,48.66134840995073,0.010741442441940308,0.01823362335562706,0.011580027639865875,0.6372558726449794
2025-09-08,fold_7,"Inflation bear, AI rally and 2025",0.007979713380336761,1,0.002829062519595027,1,0.002829062519595027,-0.10239958428428508,,,,1,28.29062519595027,0.005543975159525871,0.02188795804977417,0.007979713380336761,0.38083729456508125
2025-09-09,fold_7,"Inflation bear, AI rally and 2025",0.013253927230834961,1,0.0003271980385761708,1,0.0003271980385761708,-0.10207238624570891,,,,1,3.271980385761708,0.0012392867356538773,0.018213454633951187,0.013253927230834961,0.04406164831320266
2025-09-10,fold_7,"Inflation bear, AI rally and 2025",-0.0024333223700523376,-1,0.005803787149488926,1,-0.005803787149488926,-0.10787617339519784,,,,0,-58.03787149488926,0.0020306240767240524,0.01588842086493969,-0.0024333223700523376,0.8434438852361171
2025-09-11,fold_7,"Inflation bear, AI rally and 2025",0.006400339305400848,1,0.004407439846545458,1,0.004407439846545458,-0.10346873354865238,,,,1,44.07439846545458,-0.0039712246507406235,0.019061127677559853,0.006400339305400848,0.6295015227957373
2025-09-12,fold_7,"Inflation bear, AI rally and 2025",0.002176351845264435,1,0.00852047000080347,1,0.00852047000080347,-0.09494826354784891,,,,1,85.2047000080347,0.002303415909409523,0.021400216966867447,0.002176351845264435,1.2054363075401078
2025-09-15,fold_7,"Inflation bear, AI rally and 2025",0.010028287768363953,1,-0.0008454403723590076,-1,-0.0008454403723590076,-0.09579370392020792,,,,0,-8.454403723590076,0.013573812320828438,0.01878230646252632,0.010028287768363953,-0.11654796916406615
2025-09-16,fold_7,"Inflation bear, AI rally and 2025",0.005508087575435638,1,-0.0019978368654847145,-1,-0.0019978368654847145,-0.09779154078569263,,,,0,-19.978368654847145,0.009101400151848793,0.012963303364813328,0.005508087575435638,-0.2753385942654289
2025-09-17,fold_7,"Inflation bear, AI rally and 2025",-0.002082027494907379,-1,0.008976494893431664,1,-0.008976494893431664,-0.1067680356791243,,,,0,-89.76494893431664,0.011624438688158989,0.01144441682845354,-0.002082027494907379,1.3607346414331145
2025-09-18,fold_7,"Inflation bear, AI rally and 2025",0.00614476203918457,1,0.006746530067175627,1,0.006746530067175627,-0.10002150561194867,,,,1,67.46530067175627,0.008525999262928963,-0.001852678949944675,0.00614476203918457,0.9971799293033602
2025-09-19,fold_7,"Inflation bear, AI rally and 2025",0.006361521780490875,1,0.005902559962123632,1,0.005902559962123632,-0.09411894564982504,,,,1,59.025599621236324,0.005307316780090332,-0.004496766719967127,0.006361521780490875,0.8612280707817476
2025-09-22,fold_7,"Inflation bear, AI rally and 2025",0.00371764600276947,1,-0.00666444469243288,-1,-0.00666444469243288,-0.10078339034225792,,,,0,-66.6444469243288,0.001962510868906975,-0.005778889171779156,0.00371764600276947,-1.095695263592265
2025-09-23,fold_7,"Inflation bear, AI rally and 2025",0.00709708034992218,1,-0.003516722936183214,-1,-0.003516722936183214,-0.10430011327844113,,,,0,-35.16722936183214,0.00825263001024723,0.0036210042890161276,0.00709708034992218,-0.5645837122021672
2025-09-24,fold_7,"Inflation bear, AI rally and 2025",0.002368614077568054,1,-0.004320601467043161,-1,-0.004320601467043161,-0.10862071474548429,,,,0,-43.206014670431614,0.0038770604878664017,0.011923212558031082,0.002368614077568054,-0.6952956867216374
2025-09-25,fold_7,"Inflation bear, AI rally and 2025",0.01009119302034378,1,0.004102441947907209,1,0.004102441947907209,-0.10451827279757708,,,,1,41.024419479072094,0.00795707292854786,0.02034645900130272,0.01009119302034378,0.6533257981723073
2025-09-26,fold_7,"Inflation bear, AI rally and 2025",0.013341963291168213,1,0.0046204375103116035,1,0.0046204375103116035,-0.09989783528726548,,,,1,46.204375103116035,0.00968160293996334,0.012025424279272556,0.013341963291168213,0.746356600807675
2025-09-29,fold_7,"Inflation bear, AI rally and 2025",0.005983017385005951,1,0.002735448768362403,1,0.002735448768362403,-0.09716238651890308,,,,1,27.35448768362403,0.019528351724147797,0.014887053519487381,0.005983017385005951,0.4789916015347059
2025-09-30,fold_7,"Inflation bear, AI rally and 2025",0.004222191870212555,1,0.004785485565662384,1,0.004785485565662384,-0.09237690095324069,,,,1,47.85485565662384,0.021099183708429337,0.006872063037008047,0.004222191870212555,0.881875034282518
2025-10-01,fold_7,"Inflation bear, AI rally and 2025",0.007415711879730225,1,0.004102644510567188,1,0.004102644510567188,-0.0882742564426735,,,,1,41.02644510567188,0.017194755375385284,0.01348517369478941,0.007415711879730225,0.7820441076156708
2025-10-02,fold_7,"Inflation bear, AI rally and 2025",0.008582793176174164,1,-0.004218591842800379,-1,-0.004218591842800379,-0.09249284828547388,,,,0,-42.18591842800379,0.014801956713199615,0.008171569555997849,0.008582793176174164,-0.8557317218921436
2025-10-03,fold_7,"Inflation bear, AI rally and 2025",0.01322723925113678,1,0.007482066750526428,1,0.007482066750526428,-0.08501078153494745,,,,1,74.82066750526428,0.008053241297602654,-0.02294095605611801,0.01322723925113678,1.4937609204365878
2025-10-06,fold_7,"Inflation bear, AI rally and 2025",0.006451442837715149,1,-0.005279541946947575,-1,-0.005279541946947575,-0.09029032348189503,,,,0,-52.795419469475746,0.008419794961810112,-0.00942372065037489,0.006451442837715149,-1.0216646254540132
2025-10-07,fold_7,"Inflation bear, AI rally and 2025",0.00555989146232605,1,0.01139859575778246,1,0.01139859575778246,-0.07889172772411257,,,,1,113.98595757782459,0.0007283221930265427,-0.010827412828803062,0.00555989146232605,2.165864902452659
2025-10-08,fold_7,"Inflation bear, AI rally and 2025",0.000802263617515564,1,-0.0012109596282243729,-1,-0.0012109596282243729,-0.08010268735233694,,,,0,-12.109596282243729,-0.009330390021204948,-0.015193992294371128,0.000802263617515564,-0.20710450937279112
2025-10-09,fold_7,"Inflation bear, AI rally and 2025",0.012067988514900208,1,-0.0353311188519001,-1,-0.0353311188519001,-0.11543380620423704,,,,0,-353.311188519001,-0.0074464101344347,-0.01769283600151539,0.012067988514900208,-6.190099209469844
2025-10-10,fold_7,"Inflation bear, AI rally and 2025",0.00822632759809494,1,0.020999303087592125,1,0.020999303087592125,-0.09443450311664492,,,,1,209.99303087592125,0.004021288827061653,0.024183519184589386,0.00822632759809494,2.1656736954973526
2025-10-13,fold_7,"Inflation bear, AI rally and 2025",0.014080330729484558,1,-0.006683234125375748,-1,-0.006683234125375748,-0.10111773724202067,,,,0,-66.83234125375748,0.007789134979248047,0.01570628583431244,0.014080330729484558,-0.6302711987652501
2025-10-14,fold_7,"Inflation bear, AI rally and 2025",0.012148894369602203,1,0.007032016292214394,1,0.007032016292214394,-0.09408572094980627,,,,1,70.32016292214394,0.00617765448987484,0.022127928212285042,0.012148894369602203,0.656776523455626
2025-10-15,fold_7,"Inflation bear, AI rally and 2025",0.013126939535140991,1,-0.0037098024040460587,-1,-0.0037098024040460587,-0.09779552335385233,,,,0,-37.09802404046059,0.0014136508107185364,0.005415184423327446,0.013126939535140991,-0.3431036216291272
2025-10-16,fold_7,"Inflation bear, AI rally and 2025",0.014937520027160645,1,0.006545236799865961,1,0.006545236799865961,-0.09125028655398637,,,,1,65.45236799865961,-0.0038553085178136826,0.017496326938271523,0.014937520027160645,0.6141795166647341
2025-10-17,fold_7,"Inflation bear, AI rally and 2025",0.009101919829845428,1,0.012522069737315178,1,0.012522069737315178,-0.07872821681667119,,,,1,125.22069737315178,-0.018496545031666756,0.021572764962911606,0.009101919829845428,1.1757149166181942
2025-10-20,fold_7,"Inflation bear, AI rally and 2025",0.014486625790596008,1,-0.00026159174740314484,-1,-0.00026159174740314484,-0.07898980856407434,,,,0,-2.6159174740314484,-0.0091633889824152,0.02670317515730858,0.014486625790596008,-0.023926513409431638
2025-10-21,fold_7,"Inflation bear, AI rally and 2025",0.011742636561393738,1,-0.009680728428065777,-1,-0.009680728428065777,-0.08867053699214011,,,,0,-96.80728428065777,-0.0040166061371564865,0.03462529554963112,0.011742636561393738,-0.8937772036216127
2025-10-22,fold_7,"Inflation bear, AI rally and 2025",0.014002725481987,1,0.008371341042220592,1,0.008371341042220592,-0.08029919594991952,,,,1,83.71341042220592,-0.010360686108469963,0.04879889264702797,0.014002725481987,0.7598277720253334
2025-10-23,fold_7,"Inflation bear, AI rally and 2025",0.01166735589504242,1,0.010621673427522182,1,0.010621673427522182,-0.06967752252239734,,,,1,106.21673427522182,-0.006860801950097084,0.025020860135555267,0.01166735589504242,0.9540309455168327
2025-10-24,fold_7,"Inflation bear, AI rally and 2025",0.004467420279979706,1,0.01765247993171215,1,0.01765247993171215,-0.05202504259068519,,,,1,176.5247993171215,-0.0053055305033922195,0.019211603328585625,0.004467420279979706,1.5557006495301577
2025-10-27,fold_7,"Inflation bear, AI rally and 2025",0.015448234975337982,1,0.007660527713596821,1,0.007660527713596821,-0.04436451487708837,,,,1,76.60527713596821,-0.00335502065718174,0.006332420278340578,0.015448234975337982,0.6400089901114824
2025-10-28,fold_7,"Inflation bear, AI rally and 2025",0.006185613572597504,1,0.004492870531976223,1,0.004492870531976223,-0.039871644345112145,,,,1,44.92870531976223,-0.008548581972718239,-0.021835021674633026,0.006185613572597504,0.37205342136019226
2025-10-29,fold_7,"Inflation bear, AI rally and 2025",0.010603837668895721,1,-0.015406693331897259,-1,-0.015406693331897259,-0.055278337677009404,,,,0,-154.0669333189726,-0.010096276178956032,-0.019840959459543228,0.010603837668895721,-1.2764184630714328
2025-10-30,fold_7,"Inflation bear, AI rally and 2025",0.021836556494235992,1,0.00481241662055254,1,0.00481241662055254,-0.050465921056456864,,,,1,48.1241662055254,-0.009369293227791786,-0.02323727495968342,0.021836556494235992,0.3844184108543597
2025-10-31,fold_7,"Inflation bear, AI rally and 2025",0.013784855604171753,1,0.004773298278450966,1,0.004773298278450966,-0.0456926227780059,,,,1,47.73298278450966,-0.012432055547833443,-0.03121001087129116,0.013784855604171753,0.3809678203254386
2025-11-03,fold_7,"Inflation bear, AI rally and 2025",0.015358231961727142,1,-0.02050691470503807,-1,-0.02050691470503807,-0.06619953748304397,,,,0,-205.0691470503807,-0.0014364887028932571,-0.014100291766226292,0.015358231961727142,-1.645425497330582
2025-11-04,fold_7,"Inflation bear, AI rally and 2025",0.0211341455578804,1,0.006486933678388596,1,0.006486933678388596,-0.05971260380465537,,,,1,64.86933678388596,0.001387711614370346,0.003739549545571208,0.0211341455578804,0.4904235227950415
2025-11-05,fold_7,"Inflation bear, AI rally and 2025",0.02158331871032715,1,-0.018803009763360023,-1,-0.018803009763360023,-0.0785156135680154,,,,0,-188.03009763360023,0.00457303412258625,-0.0035360476467758417,0.02158331871032715,-1.4397275540722754
2025-11-06,fold_7,"Inflation bear, AI rally and 2025",0.0225876122713089,1,-0.0031603185925632715,-1,-0.0031603185925632715,-0.08167593216057867,,,,0,-31.603185925632715,-0.0016954373568296432,-0.005360324867069721,0.0225876122713089,-0.23038518248782683
2025-11-07,fold_7,"Inflation bear, AI rally and 2025",0.01855374127626419,1,0.02188301645219326,1,0.02188301645219326,-0.05979291570838541,,,,1,218.8301645219326,0.002295317128300667,-0.0014442570973187685,0.01855374127626419,1.9475170148969252
2025-11-10,fold_7,"Inflation bear, AI rally and 2025",0.022548139095306396,1,-0.002667073393240571,-1,-0.002667073393240571,-0.06245998910162598,,,,0,-26.67073393240571,0.0011600535362958908,-0.03190450370311737,0.022548139095306396,-0.23559951962183132
2025-11-11,fold_7,"Inflation bear, AI rally and 2025",0.008882634341716766,1,-0.0007886635139584541,-1,-0.0007886635139584541,-0.06324865261558443,,,,0,-7.886635139584541,-0.0049906764179468155,-0.04148799180984497,0.008882634341716766,-0.07018370771346462
2025-11-12,fold_7,"Inflation bear, AI rally and 2025",0.008782312273979187,1,-0.020627286285161972,-1,-0.020627286285161972,-0.0838759389007464,,,,0,-206.27286285161972,-0.00389859639108181,-0.034746989607810974,0.008782312273979187,-1.853642922140871
2025-11-13,fold_7,"Inflation bear, AI rally and 2025",0.01620541512966156,1,0.0007557492353953421,1,0.0007557492353953421,-0.08312018966535106,,,,1,7.557492353953421,-0.0012427698820829391,-0.03807619959115982,0.01620541512966156,0.06288792179286838
2025-11-14,fold_7,"Inflation bear, AI rally and 2025",0.003988251090049744,1,-0.008577228523790836,-1,-0.008577228523790836,-0.0916974181891419,,,,0,-85.77228523790836,-0.004636527970433235,-0.03134717792272568,0.003988251090049744,-0.7190147203950206
2025-11-17,fold_7,"Inflation bear, AI rally and 2025",0.010162241756916046,1,-0.012250563129782677,-1,-0.012250563129782677,-0.10394798131892458,,,,0,-122.50563129782677,0.007711665704846382,0.0024817129597067833,0.010162241756916046,-1.042298205062926
2025-11-18,fold_7,"Inflation bear, AI rally and 2025",0.001233525574207306,1,0.0059523372910916805,1,0.0059523372910916805,-0.0979956440278329,,,,1,59.523372910916805,0.004934919998049736,0.020877135917544365,0.001233525574207306,0.49322207919352573
2025-11-19,fold_7,"Inflation bear, AI rally and 2025",0.009689897298812866,1,-0.02395649440586567,-1,-0.02395649440586567,-0.12195213843369856,,,,0,-239.5649440586567,0.006586560979485512,0.02372167818248272,0.009689897298812866,-2.0052447494274688
2025-11-20,fold_7,"Inflation bear, AI rally and 2025",0.009771764278411865,1,0.007484769448637962,1,0.007484769448637962,-0.1144673689850606,,,,1,74.84769448637962,0.0022333860397338867,0.055752597749233246,0.009771764278411865,0.5775990910985691
2025-11-21,fold_7,"Inflation bear, AI rally and 2025",0.011998683214187622,1,0.025251662358641624,1,0.025251662358641624,-0.08921570662641898,,,,1,252.51662358641624,0.0014274585992097855,0.04490327462553978,0.011998683214187622,1.9653590753917458
2025-11-24,fold_7,"Inflation bear, AI rally and 2025",0.022194407880306244,1,0.006144860293716192,1,0.006144860293716192,-0.08307084633270279,,,,1,61.44860293716192,-0.007157968357205391,0.027447156608104706,0.022194407880306244,0.45626205881541687
2025-11-25,fold_7,"Inflation bear, AI rally and 2025",0.015296489000320435,1,0.008796879090368748,1,0.008796879090368748,-0.07427396724233404,,,,1,87.96879090368748,-0.002797236666083336,0.02374311164021492,0.015296489000320435,0.6550691216377408
2025-11-26,fold_7,"Inflation bear, AI rally and 2025",0.01852666586637497,1,0.008074427023530006,1,0.008074427023530006,-0.06619954021880403,,,,1,80.74427023530006,-0.00508289597928524,0.014015650376677513,0.01852666586637497,0.5965591048813538
2025-11-28,fold_7,"Inflation bear, AI rally and 2025",0.011345528066158295,1,-0.0033645550720393658,-1,-0.0033645550720393658,-0.0695640952908434,,,,0,-33.64555072039366,-0.0160317774862051,0.010010326281189919,0.011345528066158295,-0.25463658553309576
2025-12-01,fold_7,"Inflation bear, AI rally and 2025",0.001109391450881958,1,0.007795544341206551,1,0.007795544341206551,-0.06176855094963685,,,,1,77.9554434120655,-0.00494309701025486,0.011454490013420582,0.001109391450881958,0.5909859154765658
2025-12-02,fold_7,"Inflation bear, AI rally and 2025",0.0030838698148727417,1,0.0024408164899796247,1,0.0024408164899796247,-0.05932773445965722,,,,1,24.408164899796247,-0.003116009756922722,0.004891549237072468,0.0030838698148727417,0.18403833411928913
2025-12-03,fold_7,"Inflation bear, AI rally and 2025",-0.0038324743509292603,-1,-0.0009305825224146247,-1,0.0009305825224146247,-0.0583971519372426,,,,1,9.305825224146247,-0.008031943812966347,0.00653810752555728,-0.0038324743509292603,-0.07470613097210492
2025-12-04,fold_7,"Inflation bear, AI rally and 2025",0.011668823659420013,1,0.004069102928042412,1,0.004069102928042412,-0.054328049009200186,,,,1,40.69102928042412,0.005966058000922203,0.004229042213410139,0.011668823659420013,0.3288540497593342
2025-12-05,fold_7,"Inflation bear, AI rally and 2025",0.010085776448249817,1,-0.0019203914562240243,-1,-0.0019203914562240243,-0.05624844046542421,,,,0,-19.203914562240243,0.005818741396069527,-0.01914352923631668,0.010085776448249817,-0.16451758365576602
2025-12-08,fold_7,"Inflation bear, AI rally and 2025",-0.0007310137152671814,-1,0.0012326041469350457,1,-0.0012326041469350457,-0.057481044612359256,,,,0,-12.326041469350457,0.011592917144298553,-0.02225513942539692,-0.0007310137152671814,0.10571795040473164
2025-12-09,fold_7,"Inflation bear, AI rally and 2025",0.007106415927410126,1,0.00408737501129508,1,0.00408737501129508,-0.053393669601064175,,,,1,40.8737501129508,0.003940856084227562,-0.02150787226855755,0.007106415927410126,0.3860940742634263
2025-12-10,fold_7,"Inflation bear, AI rally and 2025",0.013150587677955627,1,-0.0032396477181464434,-1,-0.0032396477181464434,-0.05663331731921062,,,,0,-32.396477181464434,-0.0012642834335565567,-0.04430621117353439,0.013150587677955627,-0.305364873438464
2025-12-11,fold_7,"Inflation bear, AI rally and 2025",0.02029474824666977,1,-0.019303468987345695,-1,-0.019303468987345695,-0.07593678630655631,,,,0,-193.03468987345695,-5.8760866522789e-05,-0.02668045461177826,0.02029474824666977,-1.8155420144186112
2025-12-12,fold_7,"Inflation bear, AI rally and 2025",0.020583488047122955,1,-0.005032000597566366,-1,-0.005032000597566366,-0.08096878690412268,,,,0,-50.32000597566366,0.004746256396174431,0.005574300419539213,0.020583488047122955,-0.47890443142588723
2025-12-15,fold_7,"Inflation bear, AI rally and 2025",0.018295541405677795,1,0.0019798711873590946,1,0.0019798711873590946,-0.07898891571676359,,,,1,19.798711873590946,0.010761205106973648,0.01538827270269394,0.018295541405677795,0.18738061852739712
2025-12-16,fold_7,"Inflation bear, AI rally and 2025",0.019734449684619904,1,-0.018710967153310776,-1,-0.018710967153310776,-0.09769988287007436,,,,0,-187.10967153310776,0.008930474519729614,0.018080780282616615,0.019734449684619904,-1.7991417330474324
2025-12-17,fold_7,"Inflation bear, AI rally and 2025",0.023307688534259796,1,0.014386109076440334,1,0.014386109076440334,-0.08331377379363403,,,,1,143.86109076440334,0.0020316094160079956,0.039713069796562195,0.023307688534259796,1.3234520309883862
2025-12-18,fold_7,"Inflation bear, AI rally and 2025",0.03105585277080536,1,0.012951286509633064,1,0.012951286509633064,-0.07036248728400096,,,,1,129.51286509633064,-0.0010869521647691727,0.025262802839279175,0.03105585277080536,1.1504351940592996
2025-12-19,fold_7,"Inflation bear, AI rally and 2025",0.017087288200855255,1,0.00478197168558836,1,0.00478197168558836,-0.0655805155984126,,,,1,47.8197168558836,0.0009229816496372223,0.007459201384335756,0.017087288200855255,0.4635322635963407
