date,fold,regime,prediction,pred_direction,actual_return,actual_direction,strategy_return,cumulative_return,confidence,aleatoric,epistemic,correct,pnl_bps,B_pred,B_actual,D_pred,D_actual
2008-12-24,fold_1,GFC peak crash (Lehman + Mar-2009 bottom),0.008320048451423645,1,-0.0003429576463531703,-1,-0.0003429576463531703,-0.0003429576463531703,,,,0,-3.4295764635317028,0.022137559950351715,0.06284288316965103,0.008320048451423645,-0.01131396397522408
2008-12-26,fold_1,GFC peak crash (Lehman + Mar-2009 bottom),0.005542188882827759,1,-0.008273275569081306,-1,-0.008273275569081306,-0.008616233215434477,,,,0,-82.73275569081306,0.009750563651323318,0.06286349147558212,0.005542188882827759,-0.28636381278925166
2008-12-29,fold_1,GFC peak crash (Lehman + Mar-2009 bottom),0.006002288311719894,1,0.020555762574076653,1,0.020555762574076653,0.011939529358642176,,,,1,205.55762574076653,-0.000921294093132019,0.08108048141002655,0.006002288311719894,0.7113592667332982
2008-12-30,fold_1,GFC peak crash (Lehman + Mar-2009 bottom),0.005093827843666077,1,0.008441665209829807,1,0.008441665209829807,0.020381194568471983,,,,1,84.41665209829807,-0.0071376897394657135,0.0317063182592392,0.005093827843666077,0.359792261687734
2008-12-31,fold_1,GFC peak crash (Lehman + Mar-2009 bottom),-0.0056379251182079315,-1,0.042461689561605453,1,-0.042461689561605453,-0.02208049499313347,,,,0,-424.61689561605453,-0.03413936123251915,0.033722203224897385,-0.0056379251182079315,1.8988990613166399
2009-01-02,fold_1,GFC peak crash (Lehman + Mar-2009 bottom),-0.0020802170038223267,-1,-0.00032235000981017947,-1,0.00032235000981017947,-0.02175814498332329,,,,1,3.2235000981017947,-0.010319618508219719,-0.03142658993601799,-0.0020802170038223267,-0.013732587060522822
2009-01-05,fold_1,GFC peak crash (Lehman + Mar-2009 bottom),-0.003960613161325455,-1,0.00994371809065342,1,-0.00994371809065342,-0.03170186307397671,,,,0,-99.4371809065342,-0.0041921138763427734,-0.04956405982375145,-0.003960613161325455,0.440405604963444
2009-01-06,fold_1,GFC peak crash (Lehman + Mar-2009 bottom),0.003322441130876541,1,-0.028818404302001,-1,-0.028818404302001,-0.06052026737597771,,,,0,-288.18404302001,0.020079076290130615,-0.0591689758002758,0.003322441130876541,-1.38107552841447
2009-01-07,fold_1,GFC peak crash (Lehman + Mar-2009 bottom),0.005327150225639343,1,0.010457552038133144,1,0.010457552038133144,-0.050062715337844566,,,,1,104.57552038133144,0.030567243695259094,-0.06130253151059151,0.005327150225639343,0.5213772021956417
2009-01-08,fold_1,GFC peak crash (Lehman + Mar-2009 bottom),0.015481460839509964,1,-0.02268710546195507,-1,-0.02268710546195507,-0.07274982079979964,,,,0,-226.8710546195507,0.045633070170879364,-0.05547646805644035,0.015481460839509964,-1.123864984696404
2009-01-09,fold_1,GFC peak crash (Lehman + Mar-2009 bottom),0.005959820002317429,1,-0.018459821119904518,-1,-0.018459821119904518,-0.09120964191970415,,,,0,-184.59821119904518,0.0030877143144607544,-0.021853338927030563,0.005959820002317429,-0.8874499725674849
2009-01-12,fold_1,GFC peak crash (Lehman + Mar-2009 bottom),0.020459678024053574,1,0.00033880159026011825,1,0.00033880159026011825,-0.09087084032944404,,,,1,3.3880159026011825,0.062247805297374725,-0.05429340526461601,0.020459678024053574,0.016710213945114464
2009-01-13,fold_1,GFC peak crash (Lehman + Mar-2009 bottom),0.011368099600076675,1,-0.030951958149671555,-1,-0.030951958149671555,-0.12182279847911559,,,,0,-309.51958149671555,0.05308263748884201,-0.012951979413628578,0.011368099600076675,-1.5654513740687834
2009-01-14,fold_1,GFC peak crash (Lehman + Mar-2009 bottom),0.018248185515403748,1,0.016283614560961723,1,0.016283614560961723,-0.10553918391815387,,,,1,162.83614560961723,0.07307258248329163,0.0045303646475076675,0.018248185515403748,0.7915411764355298
2009-01-15,fold_1,GFC peak crash (Lehman + Mar-2009 bottom),0.011922523379325867,1,0.01093602366745472,1,0.01093602366745472,-0.09460316025069915,,,,1,109.3602366745472,0.06761881709098816,-0.006897205486893654,0.011922523379325867,0.6052141544043578
2009-01-16,fold_1,GFC peak crash (Lehman + Mar-2009 bottom),0.008012298494577408,1,-0.05089988932013512,-1,-0.05089988932013512,-0.14550304957083426,,,,0,-508.99889320135117,0.03585381805896759,-0.010592788457870483,0.008012298494577408,-2.823098035338528
2009-01-20,fold_1,GFC peak crash (Lehman + Mar-2009 bottom),0.010373745113611221,1,0.0416802279651165,1,0.0416802279651165,-0.10382282160571776,,,,1,416.802279651165,0.051812320947647095,0.04749481379985809,0.010373745113611221,1.9894501200614343
2009-01-21,fold_1,GFC peak crash (Lehman + Mar-2009 bottom),0.004741523414850235,1,-0.013469614088535309,-1,-0.013469614088535309,-0.11729243569425307,,,,0,-134.6961408853531,0.015177752822637558,0.04034192115068436,0.004741523414850235,-0.5892937199583155
2009-01-22,fold_1,GFC peak crash (Lehman + Mar-2009 bottom),0.0034202076494693756,1,0.004856044892221689,1,0.004856044892221689,-0.11243639080203138,,,,1,48.56044892221689,-0.008060496300458908,0.02811305969953537,0.0034202076494693756,0.21559962684167613
2009-01-23,fold_1,GFC peak crash (Lehman + Mar-2009 bottom),0.007837634533643723,1,0.00724044069647789,1,0.00724044069647789,-0.10519595010555349,,,,1,72.4044069647789,-0.0261987317353487,0.005520956590771675,0.007837634533643723,0.32150893117112656
2009-01-26,fold_1,GFC peak crash (Lehman + Mar-2009 bottom),0.02709214948117733,1,0.007187714800238609,1,0.007187714800238609,-0.09800823530531488,,,,1,71.8771480023861,-0.014943769201636314,0.01025271974503994,0.02709214948117733,0.318464132859641
2009-01-27,fold_1,GFC peak crash (Lehman + Mar-2009 bottom),0.013514120131731033,1,0.034527335315942764,1,0.034527335315942764,-0.06348089998937212,,,,1,345.27335315942764,-0.002762116491794586,0.018584955483675003,0.013514120131731033,1.5259379429002036
2009-01-28,fold_1,GFC peak crash (Lehman + Mar-2009 bottom),0.0008011460304260254,1,-0.025698475539684296,-1,-0.025698475539684296,-0.08917937552905641,,,,0,-256.98475539684296,-0.01924668624997139,-0.01460401713848114,0.0008011460304260254,-1.0781286776485335
2009-01-29,fold_1,GFC peak crash (Lehman + Mar-2009 bottom),0.0019501298666000366,1,-0.017736058682203293,-1,-0.017736058682203293,-0.10691543421125971,,,,0,-177.36058682203293,-0.02306980825960636,0.032920949161052704,0.0019501298666000366,-0.7364133233704658
2009-01-30,fold_1,GFC peak crash (Lehman + Mar-2009 bottom),-0.0036385469138622284,-1,0.011972203850746155,1,-0.011972203850746155,-0.11888763806200586,,,,0,-119.72203850746155,-0.006868679076433182,0.07648946344852448,-0.0036385469138622284,0.4919620198706491
2009-02-02,fold_1,GFC peak crash (Lehman + Mar-2009 bottom),-0.008502233773469925,-1,0.015519951470196247,1,-0.015519951470196247,-0.1344075895322021,,,,0,-155.19951470196247,-0.012663373723626137,0.06865273416042328,-0.008502233773469925,0.6877479031448788
2009-02-03,fold_1,GFC peak crash (Lehman + Mar-2009 bottom),-0.015043053776025772,-1,0.0013383622281253338,1,-0.0013383622281253338,-0.13574595176032744,,,,0,-13.383622281253338,-0.047238294035196304,0.015612514689564705,-0.015043053776025772,0.05861908332521261
2009-02-04,fold_1,GFC peak crash (Lehman + Mar-2009 bottom),-0.022965017706155777,-1,0.021826492622494698,1,-0.021826492622494698,-0.15757244438282214,,,,0,-218.26492622494698,-0.027673397213220596,0.009649120271205902,-0.022965017706155777,0.9604636281767396
2009-02-05,fold_1,GFC peak crash (Lehman + Mar-2009 bottom),-0.021716680377721786,-1,0.02583245187997818,1,-0.02583245187997818,-0.18340489626280032,,,,0,-258.3245187997818,-0.03008785843849182,0.0,-0.021716680377721786,1.1567459466344763
2009-02-06,fold_1,GFC peak crash (Lehman + Mar-2009 bottom),-0.007594369351863861,-1,0.004135478753596544,1,-0.004135478753596544,-0.18754037501639687,,,,0,-41.35478753596544,-0.013893919065594673,-0.030422896146774292,-0.007594369351863861,0.18020994654689176
2009-02-09,fold_1,GFC peak crash (Lehman + Mar-2009 bottom),-0.005313068628311157,-1,-0.03752027079463005,-1,0.03752027079463005,-0.15002010422176681,,,,1,375.2027079463005,0.004659872502088547,-0.07513406872749329,-0.005313068628311157,-1.6750522774946477
2009-02-10,fold_1,GFC peak crash (Lehman + Mar-2009 bottom),-0.0012251995503902435,-1,-0.004625031724572182,-1,0.004625031724572182,-0.14539507249719463,,,,1,46.25031724572182,-0.0006076842546463013,-0.03692920506000519,-0.0012251995503902435,-0.1963064211528487
2009-02-11,fold_1,GFC peak crash (Lehman + Mar-2009 bottom),-0.006558828055858612,-1,0.01217737141996622,1,-0.01217737141996622,-0.15757244391716085,,,,0,-121.77371419966221,-0.017985740676522255,-0.04781389608979225,-0.006558828055858612,0.5163659305223878
2009-02-12,fold_1,GFC peak crash (Lehman + Mar-2009 bottom),0.017256874591112137,1,-0.004590444266796112,-1,-0.004590444266796112,-0.16216288818395697,,,,0,-45.90444266796112,-2.0481646060943604e-05,-0.057216279208660126,0.017256874591112137,-0.20214900412444273
2009-02-13,fold_1,GFC peak crash (Lehman + Mar-2009 bottom),-0.013154078274965286,-1,-0.04057569429278374,-1,0.04057569429278374,-0.12158719389117323,,,,1,405.7569429278374,0.0076639242470264435,-0.08823682367801666,-0.013154078274965286,-1.8083558163302977
2009-02-17,fold_1,GFC peak crash (Lehman + Mar-2009 bottom),0.0036496520042419434,1,0.000684593163896352,1,0.000684593163896352,-0.12090260072727688,,,,1,6.8459316389635205,0.04538431763648987,-0.015172178857028484,0.0036496520042419434,0.02843112078509613
2009-02-18,fold_1,GFC peak crash (Lehman + Mar-2009 bottom),0.006505664438009262,1,-0.015509720891714096,-1,-0.015509720891714096,-0.13641232161899097,,,,0,-155.09720891714096,0.0509125217795372,-0.022480914369225502,0.006505664438009262,-0.7309061935277794
2009-02-19,fold_1,GFC peak crash (Lehman + Mar-2009 bottom),0.002189803868532181,1,0.002774988068267703,1,0.002774988068267703,-0.13363733355072327,,,,1,27.74988068267703,0.024344857782125473,-0.03535139560699463,0.002189803868532181,0.14321432013255497
2009-02-20,fold_1,GFC peak crash (Lehman + Mar-2009 bottom),0.0059727877378463745,1,-0.03561098873615265,-1,-0.03561098873615265,-0.16924832228687592,,,,0,-356.1098873615265,0.04391706734895706,-0.04752684384584427,0.0059727877378463745,-1.8594837500008825
2009-02-23,fold_1,GFC peak crash (Lehman + Mar-2009 bottom),0.006782174110412598,1,0.032488949596881866,1,0.032488949596881866,-0.13675937268999405,,,,1,324.88949596881866,0.04637615382671356,-0.04477813467383385,0.006782174110412598,1.5686010459481285
2009-02-24,fold_1,GFC peak crash (Lehman + Mar-2009 bottom),0.002625737339258194,1,-0.00662414263933897,-1,-0.00662414263933897,-0.14338351532933302,,,,0,-66.2414263933897,0.019063100218772888,-0.0780186802148819,0.002625737339258194,-0.3026191429693795
2009-02-25,fold_1,GFC peak crash (Lehman + Mar-2009 bottom),-0.002524755895137787,-1,-0.028380202129483223,-1,0.028380202129483223,-0.1150033131998498,,,,1,283.80202129483223,0.015339978039264679,-0.04507232457399368,-0.002524755895137787,-1.2970558461101405
2009-02-26,fold_1,GFC peak crash (Lehman + Mar-2009 bottom),0.0012080445885658264,1,-0.009400458075106144,-1,-0.009400458075106144,-0.12440377127495594,,,,0,-94.00458075106144,0.05328626185655594,-0.04715467616915703,0.0012080445885658264,-0.4385750530238969
2009-02-27,fold_1,GFC peak crash (Lehman + Mar-2009 bottom),-0.009914588183164597,-1,-0.03286227956414223,-1,0.03286227956414223,-0.09154149171081372,,,,1,328.6227956414223,0.03668850660324097,-0.045707352459430695,-0.009914588183164597,-1.5832543341428431
2009-03-02,fold_1,GFC peak crash (Lehman + Mar-2009 bottom),-0.0013706684112548828,-1,-0.000751598970964551,-1,0.000751598970964551,-0.09078989273984917,,,,1,7.51598970964551,0.07642997801303864,-0.03436747193336487,-0.0013706684112548828,-0.034702426339665096
2009-03-03,fold_1,GFC peak crash (Lehman + Mar-2009 bottom),0.008589573204517365,1,0.026322215795516968,1,0.026322215795516968,-0.0644676769443322,,,,1,263.2221579551697,0.07374977320432663,0.026322215795516968,0.008589573204517365,1.2246895328254972
2009-03-04,fold_1,GFC peak crash (Lehman + Mar-2009 bottom),0.014586210250854492,1,-0.030462555587291718,-1,-0.030462555587291718,-0.09493023253162391,,,,0,-304.6255558729172,0.05657387524843216,0.015251108445227146,0.014586210250854492,-1.3838793595797154
2009-03-05,fold_1,GFC peak crash (Lehman + Mar-2009 bottom),0.012948598712682724,1,-0.007953135296702385,-1,-0.007953135296702385,-0.1028833678283263,,,,0,-79.53135296702385,0.05540908873081207,0.0783289447426796,0.012948598712682724,-0.34518343722180445
2009-03-06,fold_1,GFC peak crash (Lehman + Mar-2009 bottom),0.02285587228834629,1,-0.0215223990380764,-1,-0.0215223990380764,-0.1244057668664027,,,,0,-215.223990380764,0.08241559565067291,0.08872090280056,0.02285587228834629,-0.9528420129139734
2009-03-09,fold_1,GFC peak crash (Lehman + Mar-2009 bottom),0.014964256435632706,1,0.059938088059425354,1,0.059938088059425354,-0.06446767880697735,,,,1,599.3808805942535,0.06984014809131622,0.093400739133358,0.014964256435632706,2.6805293227550755
2009-03-10,fold_1,GFC peak crash (Lehman + Mar-2009 bottom),0.00016043707728385925,1,0.015251108445227146,1,0.015251108445227146,-0.0492165703617502,,,,1,152.51108445227146,0.0054685212671756744,0.07062570750713348,0.00016043707728385925,0.5853840661056128
2009-03-11,fold_1,GFC peak crash (Lehman + Mar-2009 bottom),0.0010739527642726898,1,0.03261528164148331,1,0.03261528164148331,-0.016601288720266894,,,,1,326.15281641483307,0.017227038741111755,0.0679113119840622,0.0010739527642726898,1.3098519365463446
2009-03-12,fold_1,GFC peak crash (Lehman + Mar-2009 bottom),-0.004001736640930176,-1,0.0024388229940086603,1,-0.0024388229940086603,-0.019040111714275554,,,,0,-24.388229940086603,-0.0019402988255023956,0.03462249040603638,-0.004001736640930176,0.09407075065924828
2009-03-13,fold_1,GFC peak crash (Lehman + Mar-2009 bottom),0.0003615133464336395,1,-0.016842564567923546,-1,-0.016842564567923546,-0.0358826762821991,,,,0,-168.42564567923546,0.01051415503025055,0.0168460663408041,0.0003615133464336395,-0.6531217118920715
2009-03-16,fold_1,GFC peak crash (Lehman + Mar-2009 bottom),-0.0014703720808029175,-1,0.037163060158491135,1,-0.037163060158491135,-0.07304573644069023,,,,0,-371.63060158491135,0.009685996919870377,0.09096124023199081,-0.0014703720808029175,1.4270914904074783
2009-03-17,fold_1,GFC peak crash (Lehman + Mar-2009 bottom),-0.004321083426475525,-1,0.012536708265542984,1,-0.012536708265542984,-0.08558244470623322,,,,0,-125.36708265542984,-0.002704828977584839,0.03517917916178703,-0.004321083426475525,0.48619827721992376
2009-03-18,fold_1,GFC peak crash (Lehman + Mar-2009 bottom),-0.004768639802932739,-1,-0.000673539936542511,-1,0.000673539936542511,-0.08490890476969071,,,,1,6.73539936542511,0.0013208463788032532,0.02724788524210453,-0.004768639802932739,-0.025968645943417606
2009-03-19,fold_1,GFC peak crash (Lehman + Mar-2009 bottom),-0.0018411986529827118,-1,-0.015337600372731686,-1,0.015337600372731686,-0.06957130439695902,,,,1,153.37600372731686,0.0007458776235580444,0.05830502137541771,-0.0018411986529827118,-0.5966964858352954
2009-03-20,fold_1,GFC peak crash (Lehman + Mar-2009 bottom),0.002764277160167694,1,0.05727260932326317,1,0.05727260932326317,-0.012298695073695853,,,,1,572.7260932326317,0.029121801257133484,0.05468008294701576,0.002764277160167694,2.2092033033287364
2009-03-23,fold_1,GFC peak crash (Lehman + Mar-2009 bottom),-0.00426056981086731,-1,-0.018618999049067497,-1,0.018618999049067497,0.006320303975371644,,,,1,186.18999049067497,0.0027327537536621094,-0.027560722082853317,-0.00426056981086731,-0.6698162405411248
2009-03-24,fold_1,GFC peak crash (Lehman + Mar-2009 bottom),-0.003033418208360672,-1,0.0046054162085056305,1,-0.0046054162085056305,0.0017148877668660134,,,,0,-46.054162085056305,0.004271209239959717,-0.00033004675060510635,-0.003033418208360672,0.16961509548873643
2009-03-25,fold_1,GFC peak crash (Lehman + Mar-2009 bottom),-0.0015108846127986908,-1,0.03038359433412552,1,-0.03038359433412552,-0.028668706567259505,,,,0,-303.8359433412552,0.006013952195644379,0.00979765597730875,-0.0015108846127986908,1.1198733440510578
2009-03-26,fold_1,GFC peak crash (Lehman + Mar-2009 bottom),-0.0009213536977767944,-1,-0.018962539732456207,-1,0.018962539732456207,-0.009706166834803298,,,,1,189.62539732456207,0.010468516498804092,0.011081703938543797,-0.0009213536977767944,-0.6961401824098795
2009-03-27,fold_1,GFC peak crash (Lehman + Mar-2009 bottom),-0.0019446313381195068,-1,-0.024968193843960762,-1,0.024968193843960762,0.015262027009157464,,,,1,249.68193843960762,0.013381045311689377,0.048450127243995667,-0.0019446313381195068,-0.9083529903405672
2009-03-30,fold_1,GFC peak crash (Lehman + Mar-2009 bottom),-0.01789623126387596,-1,0.008611675351858139,1,-0.008611675351858139,0.006650351657299325,,,,0,-86.11675351858139,-0.016865340992808342,0.0709424838423729,-0.01789623126387596,0.31813871412694694
2011-11-25,fold_2,2011 US-downgrade + EU debt,0.00910349190235138,1,0.03420417010784149,1,0.03420417010784149,0.03420417010784149,,,,1,342.0417010784149,0.038814447820186615,0.06833713501691818,0.00910349190235138,2.0928216108284197
2011-11-28,fold_2,2011 US-downgrade + EU debt,0.002713385969400406,1,-0.006232367362827063,-1,-0.006232367362827063,0.02797180274501443,,,,0,-62.323673628270626,0.016958121210336685,0.045023635029792786,0.002713385969400406,-0.3454483536275587
2011-11-29,fold_2,2011 US-downgrade + EU debt,0.004753265529870987,1,0.03629493713378906,1,0.03629493713378906,0.06426673987880349,,,,1,362.9493713378906,0.01521584764122963,0.048457056283950806,0.004753265529870987,2.051226385858985
2011-11-30,fold_2,2011 US-downgrade + EU debt,0.0008693896234035492,1,0.006892128381878138,1,0.006892128381878138,0.07115886826068163,,,,1,68.92128381878138,-0.0022158510982990265,0.012162119150161743,0.0008693896234035492,0.37154584442518823
2011-12-01,fold_2,2011 US-downgrade + EU debt,0.002284761518239975,1,-0.002821733010932803,-1,-0.002821733010932803,0.06833713524974883,,,,0,-28.21733010932803,0.008558209985494614,-0.011691782623529434,0.002284761518239975,-0.15238429575365461
2011-12-02,fold_2,2011 US-downgrade + EU debt,0.002660933881998062,1,0.010890672914683819,1,0.010890672914683819,0.07922780816443264,,,,1,108.90672914683819,0.011743329465389252,0.007039838936179876,0.002660933881998062,0.6066935826487395
2011-12-05,fold_2,2011 US-downgrade + EU debt,0.002270672470331192,1,-0.0027989486698061228,-1,-0.0027989486698061228,0.07642885949462652,,,,0,-27.989486698061228,0.013848073780536652,-0.015138103626668453,0.002270672470331192,-0.15482394903360208
2011-12-06,fold_2,2011 US-downgrade + EU debt,0.0013680271804332733,1,0.0,0,0.0,0.07642885949462652,,,,0,0.0,0.00998915359377861,-0.02339749038219452,0.0013680271804332733,0.0
2011-12-07,fold_2,2011 US-downgrade + EU debt,0.007432833313941956,1,-0.016961773857474327,-1,-0.016961773857474327,0.059467085637152195,,,,0,-169.61773857474327,0.03493903577327728,-0.039122771471738815,0.007432833313941956,-0.9509170080754884
2011-12-08,fold_2,2011 US-downgrade + EU debt,0.009666401892900467,1,0.015909889712929726,1,0.015909889712929726,0.07537697535008192,,,,1,159.09889712929726,0.026724819093942642,-0.024897422641515732,0.009666401892900467,0.9709272968258564
2011-12-09,fold_2,2011 US-downgrade + EU debt,-0.0016806013882160187,-1,-0.011287270113825798,-1,0.011287270113825798,0.08666424546390772,,,,1,112.87270113825798,0.002849780023097992,-0.035672057420015335,-0.0016806013882160187,-0.6731594202347267
2011-12-12,fold_2,2011 US-downgrade + EU debt,0.006204195320606232,1,-0.01105833426117897,-1,-0.01105833426117897,0.07560591120272875,,,,0,-110.5833426117897,0.03672369569540024,-0.03427647426724434,0.006204195320606232,-0.6728694141096118
2011-12-13,fold_2,2011 US-downgrade + EU debt,0.0081346295773983,1,-0.015725282952189445,-1,-0.015725282952189445,0.0598806282505393,,,,0,-157.25282952189445,0.035613492131233215,0.0059900484047830105,0.0081346295773983,-0.9495455651902264
2011-12-14,fold_2,2011 US-downgrade + EU debt,0.008300784975290298,1,-0.002736423397436738,-1,-0.002736423397436738,0.057144204853102565,,,,0,-27.36423397436738,0.043763548135757446,0.007308221887797117,0.008300784975290298,-0.16338743523011157
2011-12-15,fold_2,2011 US-downgrade + EU debt,0.008542519062757492,1,0.005135253071784973,1,0.005135253071784973,0.06227945792488754,,,,1,51.35253071784973,0.04276251047849655,0.018533855676651,0.008542519062757492,0.3142684862593917
2011-12-16,fold_2,2011 US-downgrade + EU debt,0.0059194304049015045,1,-0.009891687892377377,-1,-0.009891687892377377,0.05238777003251016,,,,0,-98.91687892377377,0.023935485631227493,0.021994922310113907,0.0059194304049015045,-0.6382412654649806
2011-12-19,fold_2,2011 US-downgrade + EU debt,0.006935525685548782,1,0.029208188876509666,1,0.029208188876509666,0.08159595890901983,,,,1,292.08188876509666,0.02906852215528488,0.03560950607061386,0.006935525685548782,1.8771779916831859
2011-12-20,fold_2,2011 US-downgrade + EU debt,0.0016842149198055267,1,-0.014407109469175339,-1,-0.014407109469175339,0.06718884943984449,,,,0,-144.0710946917534,0.008124426007270813,-0.005223233252763748,0.0016842149198055267,-0.8831967265206787
2011-12-21,fold_2,2011 US-downgrade + EU debt,-0.00021779164671897888,-1,0.008489210158586502,1,-0.008489210158586502,0.05869963928125799,,,,0,-84.89210158586502,-0.012611258774995804,0.016353648155927658,-0.00021779164671897888,0.5110574939016249
2011-12-22,fold_2,2011 US-downgrade + EU debt,0.00012555718421936035,1,0.008596319705247879,1,0.008596319705247879,0.06729595898650587,,,,1,85.96319705247879,-0.011801358312368393,0.005002554971724749,0.00012555718421936035,0.5399180228938677
2011-12-23,fold_2,2011 US-downgrade + EU debt,-0.0017191655933856964,-1,0.0037228951696306467,1,-0.0037228951696306467,0.06357306381687522,,,,0,-37.22895169630647,-0.011009657755494118,0.015389706939458847,-0.0017191655933856964,0.23349997107919782
2011-12-27,fold_2,2011 US-downgrade + EU debt,-0.006789978593587875,-1,-0.011624548584222794,-1,0.011624548584222794,0.07519761240109801,,,,1,116.24548584222794,-0.02942167967557907,0.015876110643148422,-0.006789978593587875,-0.8294704762865347
2011-12-28,fold_2,2011 US-downgrade + EU debt,0.0013061203062534332,1,0.007169771008193493,1,0.007169771008193493,0.0823673834092915,,,,1,71.69771008193493,-0.009906332939863205,0.03569252789020538,0.0013061203062534332,0.5054421435318919
2011-12-29,fold_2,2011 US-downgrade + EU debt,0.0021473057568073273,1,-0.002861881861463189,-1,-0.002861881861463189,0.07950550154782832,,,,0,-28.61881861463189,-0.022586900740861893,0.03198814019560814,0.0021473057568073273,-0.24368794404464716
2011-12-30,fold_2,2011 US-downgrade + EU debt,0.004944976419210434,1,0.018983472138643265,1,0.018983472138643265,0.09848897368647158,,,,1,189.83472138643265,0.004852771759033203,0.03155828267335892,0.004944976419210434,1.6280766304793013
2012-01-03,fold_2,2011 US-downgrade + EU debt,0.0005341842770576477,1,0.004209298174828291,1,0.004209298174828291,0.10269827186129987,,,,1,42.09298174828291,0.01227160170674324,0.019837142899632454,0.0005341842770576477,0.3396611501012018
2012-01-04,fold_2,2011 US-downgrade + EU debt,0.0019894540309906006,1,0.008191867731511593,1,0.008191867731511593,0.11089013959281147,,,,1,81.91867731511593,0.022936958819627762,0.01769336871802807,0.0019894540309906006,0.672157943262196
2012-01-05,fold_2,2011 US-downgrade + EU debt,0.006297599524259567,1,0.0034653828479349613,1,0.0034653828479349613,0.11435552244074643,,,,1,34.65382847934961,0.0299999862909317,0.01344839483499527,0.006297599524259567,0.28154617876989074
2012-01-06,fold_2,2011 US-downgrade + EU debt,0.005319956690073013,1,-0.0032917384523898363,-1,-0.0032917384523898363,0.11106378398835659,,,,0,-32.91738452389836,0.026469886302947998,0.00638009374961257,0.005319956690073013,-0.26690995994171485
2012-01-09,fold_2,2011 US-downgrade + EU debt,0.006006702780723572,1,0.0072623323649168015,1,0.0072623323649168015,0.11832611635327339,,,,1,72.62332364916801,0.04557615518569946,0.018740149214863777,0.006006702780723572,0.6176430054681394
2012-01-10,fold_2,2011 US-downgrade + EU debt,0.003604564815759659,1,0.0020655242260545492,1,0.0020655242260545492,0.12039164057932794,,,,1,20.655242260545492,0.04003661125898361,0.024675680324435234,0.003604564815759659,0.18240113183113085
2012-01-11,fold_2,2011 US-downgrade + EU debt,0.003680925816297531,1,0.003946894314140081,1,0.003946894314140081,0.12433853489346802,,,,1,39.468943141400814,0.025301113724708557,0.028810633346438408,0.003680925816297531,0.3572210027434997
2012-01-12,fold_2,2011 US-downgrade + EU debt,0.0066343024373054504,1,-0.0036029184702783823,-1,-0.0036029184702783823,0.12073561642318964,,,,0,-36.02918470278382,0.024935949593782425,0.023359356448054314,0.0066343024373054504,-0.33345716869875647
2012-01-13,fold_2,2011 US-downgrade + EU debt,0.00564894825220108,1,0.009068316780030727,1,0.009068316780030727,0.12980393320322037,,,,1,90.68316780030727,0.017342105507850647,0.027296697720885277,0.00564894825220108,0.8848621991021048
2012-01-17,fold_2,2011 US-downgrade + EU debt,0.005654390901327133,1,0.013197863474488258,1,0.013197863474488258,0.14300179667770863,,,,1,131.97863474488258,0.023766949772834778,0.01638673059642315,0.005654390901327133,1.2654933739685277
2012-01-18,fold_2,2011 US-downgrade + EU debt,0.0027338936924934387,1,0.006200478412210941,1,0.006200478412210941,0.14920227508991957,,,,1,62.00478412210941,0.016752071678638458,0.015677636489272118,0.0027338936924934387,0.5753151595477494
2012-01-19,fold_2,2011 US-downgrade + EU debt,0.004082959145307541,1,-0.0015043833991512656,-1,-0.0015043833991512656,0.1476978916907683,,,,0,-15.043833991512656,0.020139344036579132,0.005996078252792358,0.004082959145307541,-0.14140463209322943
2012-01-20,fold_2,2011 US-downgrade + EU debt,0.005355812609195709,1,0.0003344228898640722,1,0.0003344228898640722,0.14803231458063237,,,,1,3.344228898640722,0.025755543261766434,0.010485036298632622,0.005355812609195709,0.039788999324111236
2012-01-23,fold_2,2011 US-downgrade + EU debt,0.005587451159954071,1,-0.001841651159338653,-1,-0.001841651159338653,0.14619066342129372,,,,0,-18.41651159338653,0.028105497360229492,0.010978174395859241,0.005587451159954071,-0.23722331805890484
2012-01-24,fold_2,2011 US-downgrade + EU debt,0.005102042108774185,1,0.012488769367337227,1,0.012488769367337227,0.15867943278863095,,,,1,124.88769367337227,0.028459422290325165,0.014142458327114582,0.005102042108774185,1.6565615210635705
2012-01-25,fold_2,2011 US-downgrade + EU debt,0.004629500210285187,1,-0.0034810793586075306,-1,-0.0034810793586075306,0.15519835343002342,,,,0,-34.810793586075306,0.026452060788869858,0.009716147556900978,0.004629500210285187,-0.44592694704213065
2012-01-26,fold_2,2011 US-downgrade + EU debt,0.004758380353450775,1,0.0029845747631043196,1,0.0029845747631043196,0.15818292819312774,,,,1,29.845747631043196,0.016104314476251602,0.01630597747862339,0.004758380353450775,0.38259811683906547
2012-01-27,fold_2,2011 US-downgrade + EU debt,0.004759952425956726,1,0.000827561307232827,1,0.000827561307232827,0.15901048950036056,,,,1,8.27561307232827,0.016785193234682083,0.026951424777507782,0.004759952425956726,0.11205640185162051
2012-01-30,fold_2,2011 US-downgrade + EU debt,0.001923728734254837,1,0.0013226325390860438,1,0.0013226325390860438,0.1603331220394466,,,,1,13.226325390860438,0.003016553819179535,0.025317996740341187,0.001923728734254837,0.18340650606887668
2012-01-31,fold_2,2011 US-downgrade + EU debt,0.003583218902349472,1,0.008062458597123623,1,0.008062458597123623,0.16839558063657023,,,,1,80.62458597123623,0.013664312660694122,0.026089711114764214,0.003583218902349472,1.1214809968773007
2012-02-01,fold_2,2011 US-downgrade + EU debt,0.0022895634174346924,1,0.003108750795945525,1,0.003108750795945525,0.17150433143251576,,,,1,31.08750795945525,0.006830178201198578,0.023324616253376007,0.0022895634174346924,0.5116638443727852
2012-02-02,fold_2,2011 US-downgrade + EU debt,0.0024962835013866425,1,0.01363002136349678,1,0.01363002136349678,0.18513435279601254,,,,1,136.3002136349678,0.0030945315957069397,0.027394801378250122,0.0024962835013866425,2.2556782061599634
2012-02-03,fold_2,2011 US-downgrade + EU debt,0.0017072111368179321,1,-0.0008058656821958721,-1,-0.0008058656821958721,0.18432848711381666,,,,0,-8.05865682195872,0.005067311227321625,0.006745867431163788,0.0017072111368179321,-0.12369304079839814
2012-02-06,fold_2,2011 US-downgrade + EU debt,0.0004972591996192932,1,0.0020943458657711744,1,0.0020943458657711744,0.18642283297958784,,,,1,20.943458657711744,0.0031951703131198883,0.01679355278611183,0.0004972591996192932,0.3236356149482816
2012-02-07,fold_2,2011 US-downgrade + EU debt,0.001112714409828186,1,0.005297363270074129,1,0.005297363270074129,0.19172019624966197,,,,1,52.97363270074129,0.005662828683853149,0.01723337359726429,0.001112714409828186,0.8217622714312218
2012-02-08,fold_2,2011 US-downgrade + EU debt,0.0006753392517566681,1,0.0071789356879889965,1,0.0071789356879889965,0.19889913193765096,,,,1,71.78935687988997,0.006372172385454178,0.004950869362801313,0.0006753392517566681,1.130556543370586
2012-02-09,fold_2,2011 US-downgrade + EU debt,0.0002662837505340576,1,-0.007018911652266979,-1,-0.007018911652266979,0.19188022028538398,,,,0,-70.18911652266979,0.0029244348406791687,0.01137989480048418,0.0002662837505340576,-1.074317083326856
2012-02-10,fold_2,2011 US-downgrade + EU debt,-0.002132602035999298,-1,0.009241819381713867,1,-0.009241819381713867,0.18263840090367012,,,,0,-92.41819381713867,-0.0017140358686447144,0.015250276774168015,-0.002132602035999298,1.3874465085316885
2012-02-13,fold_2,2011 US-downgrade + EU debt,-7.057562470436096e-05,-1,0.00253416714258492,1,-0.00253416714258492,0.1801042337610852,,,,0,-25.3416714258492,0.0024348609149456024,0.00884240958839655,-7.057562470436096e-05,0.3658105560002509
2012-02-14,fold_2,2011 US-downgrade + EU debt,-0.0005265213549137115,-1,-0.006985141430050135,-1,0.006985141430050135,0.18708937519113533,,,,1,69.85141430050135,-0.0015056394040584564,0.001738892518915236,-0.0005265213549137115,-1.0506623351197235
2012-02-15,fold_2,2011 US-downgrade + EU debt,-0.0025996826589107513,-1,0.013607961125671864,1,-0.013607961125671864,0.17348141406546347,,,,0,-136.07961125671864,-0.007817212492227554,0.015335114672780037,-0.0025996826589107513,2.209520931384703
2012-02-16,fold_2,2011 US-downgrade + EU debt,-0.0010917037725448608,-1,-0.003148529212921858,-1,0.003148529212921858,0.17662994327838533,,,,1,31.48529212921858,-0.006192713975906372,0.005172334145754576,-0.0010917037725448608,-0.4679680087542468
2012-02-17,fold_2,2011 US-downgrade + EU debt,-0.001023266464471817,-1,0.0028339524287730455,1,-0.0028339524287730455,0.17379599084961228,,,,0,-28.339524287730455,-0.006321752443909645,0.009727438911795616,-0.001023266464471817,0.41944385103734144
2012-02-21,fold_2,2011 US-downgrade + EU debt,-0.0011012069880962372,-1,-0.004569350276142359,-1,0.004569350276142359,0.17836534112575464,,,,1,45.69350276142359,-0.006650222465395927,0.016990341246128082,-0.0011012069880962372,-0.6733801069912754
2012-02-22,fold_2,2011 US-downgrade + EU debt,-0.0007135868072509766,-1,0.006611080374568701,1,-0.006611080374568701,0.17175426075118594,,,,0,-66.11080374568701,-0.002993512898683548,0.01706789620220661,-0.0007135868072509766,0.9651470783620054
2012-02-23,fold_2,2011 US-downgrade + EU debt,-0.00011555477976799011,-1,0.003445180831477046,1,-0.003445180831477046,0.1683090799197089,,,,0,-34.45180831477046,-0.0007635354995727539,0.018343226984143257,-0.00011555477976799011,0.5360447494646549
2012-02-24,fold_2,2011 US-downgrade + EU debt,-0.0005889944732189178,-1,0.001406575320288539,1,-0.001406575320288539,0.16690250459942035,,,,0,-14.06575320288539,-0.004156207665801048,0.014127819798886776,-0.0005889944732189178,0.21888569425971233
2012-02-27,fold_2,2011 US-downgrade + EU debt,-0.0024339817464351654,-1,0.010096855461597443,1,-0.010096855461597443,0.1568056491378229,,,,0,-100.96855461597443,-0.006021657958626747,0.002339030848816037,-0.0024339817464351654,1.5778658998156045
2012-02-28,fold_2,2011 US-downgrade + EU debt,-0.00024147704243659973,-1,-0.004491796251386404,-1,0.004491796251386404,0.16129744538920932,,,,1,44.91796251386404,-0.0004166923463344574,-0.01761925034224987,-0.00024147704243659973,-0.662199871345816
2012-02-29,fold_2,2011 US-downgrade + EU debt,0.00040091201663017273,1,0.007886411622166634,1,0.007886411622166634,0.16918385701137595,,,,1,78.86411622166634,0.0024222172796726227,-0.005449074786156416,0.00040091201663017273,1.151179852539622
2012-03-01,fold_2,2011 US-downgrade + EU debt,-4.447624087333679e-05,-1,-0.0007702261791564524,-1,0.0007702261791564524,0.1699540831905324,,,,1,7.702261791564524,-0.0010366998612880707,-0.0026220991276204586,-4.447624087333679e-05,-0.1125984819999919
2012-03-02,fold_2,2011 US-downgrade + EU debt,-0.0004939399659633636,-1,-0.0103822136297822,-1,0.0103822136297822,0.1803362968203146,,,,1,103.822136297822,-0.0014330074191093445,0.0023094317875802517,-0.0004939399659633636,-1.5251736877537474
2012-03-05,fold_2,2011 US-downgrade + EU debt,-4.088506102561951e-05,-1,-0.009861424565315247,-1,0.009861424565315247,0.19019772138562985,,,,1,98.61424565315247,0.0015341900289058685,0.013153144158422947,-4.088506102561951e-05,-1.5137589597575667
2012-03-06,fold_2,2011 US-downgrade + EU debt,0.0027968399226665497,1,0.007678378373384476,1,0.007678378373384476,0.19787609975901432,,,,1,76.78378373384476,0.01529647409915924,0.04144495725631714,0.0027968399226665497,1.1168153240786654
2012-03-07,fold_2,2011 US-downgrade + EU debt,0.002440687268972397,1,0.010713387280702591,1,0.010713387280702591,0.20858948703971691,,,,1,107.13387280702591,0.0194205604493618,0.037231557071208954,0.002440687268972397,1.5151388808677082
2012-03-08,fold_2,2011 US-downgrade + EU debt,-0.0023007020354270935,-1,0.004161304794251919,1,-0.004161304794251919,0.204428182245465,,,,0,-41.61304794251919,-0.0016192048788070679,0.029371794313192368,-0.0023007020354270935,0.5645424096506517
2012-03-09,fold_2,2011 US-downgrade + EU debt,-0.0013750791549682617,-1,0.0004614990612026304,1,-0.0004614990612026304,0.20396668318426237,,,,0,-4.614990612026304,-0.006634289398789406,0.024503981694579124,-0.0013750791549682617,0.06361889606810102
2012-03-12,fold_2,2011 US-downgrade + EU debt,-0.00027833133935928345,-1,0.01843038946390152,1,-0.01843038946390152,0.18553629372036085,,,,0,-184.3038946390152,-0.00021044164896011353,0.03108314424753189,-0.00027833133935928345,2.602040314567907
2012-03-13,fold_2,2011 US-downgrade + EU debt,0.0005241520702838898,1,0.0034649777226150036,1,0.0034649777226150036,0.18900127144297585,,,,1,34.649777226150036,0.0028149187564849854,0.01444236095994711,0.0005241520702838898,0.43695195041424706
2012-03-14,fold_2,2011 US-downgrade + EU debt,0.0004764646291732788,1,0.0028536233585327864,1,0.0028536233585327864,0.19185489480150864,,,,1,28.536233585327864,0.007076594978570938,0.011126581579446793,0.0004764646291732788,0.35906071161865233
2012-03-15,fold_2,2011 US-downgrade + EU debt,0.0005442090332508087,1,-0.0007065081736072898,-1,-0.0007065081736072898,0.19114838662790135,,,,0,-7.065081736072898,0.0041372887790203094,0.006184988189488649,0.0005442090332508087,-0.09036301955303956
2012-03-16,fold_2,2011 US-downgrade + EU debt,0.0009571872651576996,1,0.007040662225335836,1,0.007040662225335836,0.19818904885323718,,,,1,70.40662225335836,0.006527170538902283,0.006294159684330225,0.0009571872651576996,0.9773428193550118
2012-03-19,fold_2,2011 US-downgrade + EU debt,0.0012933313846588135,1,0.0017896058270707726,1,0.0017896058270707726,0.19997865468030795,,,,1,17.896058270707726,0.010099563747644424,0.016580747440457344,0.0012933313846588135,0.24380827020648896
2012-03-20,fold_2,2011 US-downgrade + EU debt,0.0035043731331825256,1,0.0001491978910053149,1,0.0001491978910053149,0.20012785257131327,,,,1,1.4919789100531489,0.014181267470121384,0.01625809818506241,0.0035043731331825256,0.020371779229221194
2012-03-21,fold_2,2011 US-downgrade + EU debt,0.0026137158274650574,1,-0.002087969798594713,-1,-0.002087969798594713,0.19803988277271856,,,,0,-20.879697985947132,0.007703669369220734,0.01214273739606142,0.0026137158274650574,-0.2879080999137984
2012-03-22,fold_2,2011 US-downgrade + EU debt,0.007768604904413223,1,-0.0005973368533886969,-1,-0.0005973368533886969,0.19744254591932986,,,,0,-5.973368533886969,0.02536321058869362,0.010396905243396759,0.007768604904413223,-0.0839512847838132
2012-03-23,fold_2,2011 US-downgrade + EU debt,0.0037618987262248993,1,0.01732725091278553,1,0.01732725091278553,0.2147697968321154,,,,1,173.2725091278553,0.010652925819158554,0.009071050211787224,0.0037618987262248993,2.4491804812367133
2012-03-26,fold_2,2011 US-downgrade + EU debt,0.000467546284198761,1,0.001466956571675837,1,0.001466956571675837,0.21623675340379123,,,,1,14.66956571675837,0.0023109056055545807,0.0020533644128590822,0.000467546284198761,0.18200350488989153
2012-03-27,fold_2,2011 US-downgrade + EU debt,-8.407607674598694e-05,-1,-0.003966162912547588,-1,0.003966162912547588,0.22020291631633881,,,,1,39.66162912547588,-0.00033963099122047424,0.0002936256059911102,-8.407607674598694e-05,-0.5121378390983127
2012-03-28,fold_2,2011 US-downgrade + EU debt,0.0023903660476207733,1,-0.0038338019512593746,-1,-0.0038338019512593746,0.21636911436507944,,,,0,-38.338019512593746,0.010881371796131134,-0.0094646867364645,0.0023903660476207733,-0.49596645392931077
2012-03-29,fold_2,2011 US-downgrade + EU debt,0.001417268067598343,1,-0.001923191943205893,-1,-0.001923191943205893,0.21444592242187355,,,,0,-19.23191943205893,0.004926055669784546,0.000590998271945864,0.001417268067598343,-0.2538937655513964
2014-03-28,fold_3,Taper tantrum and 2014 H1,0.01304600015282631,1,0.0070972987450659275,1,0.0070972987450659275,0.0070972987450659275,,,,1,70.97298745065928,0.017909619957208633,-0.007842288352549076,0.01304600015282631,0.9060127079641355
2014-03-31,fold_3,Taper tantrum and 2014 H1,0.011346984654664993,1,0.017413048073649406,1,0.017413048073649406,0.024510346818715334,,,,1,174.13048073649406,0.014041554182767868,-0.0244788508862257,0.011346984654664993,2.2274561662872308
2014-04-01,fold_3,Taper tantrum and 2014 H1,0.0028240010142326355,1,0.0025748794432729483,1,0.0025748794432729483,0.027085226261988282,,,,1,25.748794432729483,0.0021567046642303467,-0.03270028531551361,0.0028240010142326355,0.31157741244076076
2014-04-02,fold_3,Taper tantrum and 2014 H1,0.0013302154839038849,1,-0.007969930768013,-1,-0.007969930768013,0.01911529549397528,,,,0,-79.69930768013,0.008964095264673233,-0.018278267234563828,0.0013302154839038849,-0.9647420670863133
2014-04-03,fold_3,Taper tantrum and 2014 H1,-2.730637788772583e-06,-1,-0.02695758268237114,-1,0.02695758268237114,0.04607287817634642,,,,1,269.5758268237114,0.006217498332262039,-0.04177101328969002,-2.730637788772583e-06,-3.1906397371676727
2014-04-04,fold_3,Taper tantrum and 2014 H1,0.005518835037946701,1,-0.009539262391626835,-1,-0.009539262391626835,0.036533615784719586,,,,0,-95.39262391626835,0.011835135519504547,-0.026514969766139984,0.005518835037946701,-0.9243960077394551
2014-04-07,fold_3,Taper tantrum and 2014 H1,0.0027593784034252167,1,0.009191613644361496,1,0.009191613644361496,0.04572522942908108,,,,1,91.91613644361496,0.007411278784275055,-0.00915968231856823,0.0027593784034252167,0.8724212064864433
2014-04-08,fold_3,Taper tantrum and 2014 H1,0.0022792182862758636,1,0.016996895894408226,1,0.016996895894408226,0.06272212532348931,,,,1,169.96895894408226,0.0069957636296749115,-0.015053289011120796,0.0022792182862758636,1.5898401667635498
2014-04-09,fold_3,Taper tantrum and 2014 H1,-0.0005979761481285095,-1,-0.03146267682313919,-1,0.03146267682313919,0.0941848021466285,,,,1,314.6267682313919,0.007442492991685867,-0.018851255998015404,-0.0005979761481285095,-2.7805663507372933
2014-04-10,fold_3,Taper tantrum and 2014 H1,0.0061300694942474365,1,-0.01170154195278883,-1,-0.01170154195278883,0.08248326019383967,,,,0,-117.0154195278883,0.016549978405237198,0.012843403033912182,0.0061300694942474365,-0.9044168442628483
2014-04-11,fold_3,Taper tantrum and 2014 H1,0.003454986959695816,1,0.007816024124622345,1,0.007816024124622345,0.09029928431846201,,,,1,78.16024124622345,0.014703061431646347,0.031941864639520645,0.003454986959695816,0.5961510368720718
2014-04-14,fold_3,Taper tantrum and 2014 H1,0.0012175589799880981,1,0.0032980076503008604,1,0.0032980076503008604,0.09359729196876287,,,,1,32.980076503008604,0.007780633866786957,0.0320403128862381,0.0012175589799880981,0.25212227676228055
2014-04-15,fold_3,Taper tantrum and 2014 H1,0.0048280321061611176,1,0.013198929838836193,1,0.013198929838836193,0.10679622180759907,,,,1,131.98929838836193,0.01725977659225464,0.01990613155066967,0.0048280321061611176,1.029239149505944
2014-04-16,fold_3,Taper tantrum and 2014 H1,0.005145322531461716,1,0.0002319830673513934,1,0.0002319830673513934,0.10702820487495046,,,,1,2.319830673513934,0.020795412361621857,0.016228817403316498,0.005145322531461716,0.017704409515367756
2014-04-17,fold_3,Taper tantrum and 2014 H1,0.0009294934570789337,1,0.007396920118480921,1,0.007396920118480921,0.11442512499343138,,,,1,73.96920118480921,0.007656548172235489,-0.00011613046081038192,0.0009294934570789337,0.5651443196261554
2014-04-21,fold_3,Taper tantrum and 2014 H1,-0.0035350657999515533,-1,0.007914471440017223,1,-0.007914471440017223,0.10651065355341416,,,,0,-79.14471440017223,-3.411248326301575e-05,-0.004269872326403856,-0.0035350657999515533,0.6129573868021266
2014-04-22,fold_3,Taper tantrum and 2014 H1,-0.001199621707201004,-1,-0.008836171589791775,-1,0.008836171589791775,0.11534682514320593,,,,1,88.36171589791775,-0.007847363129258156,-0.004236620385199785,-0.001199621707201004,-0.685870461320646
2014-04-23,fold_3,Taper tantrum and 2014 H1,-0.002134110778570175,-1,0.009521614760160446,1,-0.009521614760160446,0.10582521038304549,,,,0,-95.21614760160446,3.8743019104003906e-05,0.007235391531139612,-0.002134110778570175,0.7316941727822702
2014-04-24,fold_3,Taper tantrum and 2014 H1,0.00237959623336792,1,-0.01611296460032463,-1,-0.01611296460032463,0.08971224578272086,,,,0,-161.1296460032463,0.01225263997912407,0.0006843045121058822,0.00237959623336792,-1.252605071352228
2014-04-25,fold_3,Taper tantrum and 2014 H1,0.0016486123204231262,1,0.0032431783620268106,1,0.0032431783620268106,0.09295542414474767,,,,1,32.43178362026811,-0.0130738765001297,0.01497045811265707,0.0016486123204231262,0.2438609425001167
2014-04-28,fold_3,Taper tantrum and 2014 H1,-0.00475681945681572,-1,0.00794772244989872,1,-0.00794772244989872,0.08500770169484895,,,,0,-79.4772244989872,-0.017633827403187752,0.016970984637737274,-0.00475681945681572,0.5970399685811895
2014-04-29,fold_3,Taper tantrum and 2014 H1,-0.005166906863451004,-1,0.0026358403265476227,1,-0.0026358403265476227,0.08237186136830132,,,,0,-26.358403265476227,-0.015391698107123375,-0.004023039247840643,-0.005166906863451004,0.19765020906525657
2014-04-30,fold_3,Taper tantrum and 2014 H1,0.0072843171656131744,1,0.002970527159050107,1,0.002970527159050107,0.08534238852735143,,,,1,29.70527159050107,0.0034131407737731934,-0.00954312551766634,0.0072843171656131744,0.2326464559028697
2014-05-01,fold_3,Taper tantrum and 2014 H1,0.004077311605215073,1,-0.0018268103012815118,-1,-0.0018268103012815118,0.08351557822606992,,,,0,-18.268103012815118,0.0013668499886989594,-0.013438626192510128,0.004077311605215073,-0.14302445624634064
2014-05-02,fold_3,Taper tantrum and 2014 H1,-0.0028571821749210358,-1,0.005243705119937658,1,-0.005243705119937658,0.07827187310613226,,,,0,-52.43705119937658,-0.011596838012337685,-0.007918200455605984,-0.0028571821749210358,0.41437903964715017
2014-05-05,fold_3,Taper tantrum and 2014 H1,-0.00427546352148056,-1,-0.013046301901340485,-1,0.013046301901340485,0.09131817500747275,,,,1,130.46301901340485,-0.013269085437059402,0.003178476123139262,-0.00427546352148056,-1.1660932572157228
2014-05-06,fold_3,Taper tantrum and 2014 H1,-0.006484959274530411,-1,-0.002884245477616787,-1,0.002884245477616787,0.09420242048508953,,,,1,28.84245477616787,-0.021906524896621704,0.016904594376683235,-0.006484959274530411,-0.25381310969980364
2014-05-07,fold_3,Taper tantrum and 2014 H1,-0.003194604068994522,-1,-0.0009249738068319857,-1,0.0009249738068319857,0.09512739429192152,,,,1,9.249738068319857,-0.009694810956716537,0.01456519030034542,-0.003194604068994522,-0.08262502824968634
2014-05-08,fold_3,Taper tantrum and 2014 H1,-0.0006674677133560181,-1,0.003693615784868598,1,-0.003693615784868598,0.09143377850705292,,,,0,-36.93615784868598,-0.0005371272563934326,0.00760283088311553,-0.0006674677133560181,0.3507050202758788
2014-05-09,fold_3,Taper tantrum and 2014 H1,0.004881072789430618,1,0.016340382397174835,1,0.016340382397174835,0.10777416090422776,,,,1,163.40382397174835,0.023695457726716995,0.010429514572024345,0.004881072789430618,2.073398925339283
2014-05-12,fold_3,Taper tantrum and 2014 H1,-0.0002810433506965637,-1,0.0006798167596571147,1,-0.0006798167596571147,0.10709434414457064,,,,0,-6.798167596571147,-0.0004842914640903473,0.0010198835516348481,-0.0002810433506965637,0.08207038410880037
2014-05-13,fold_3,Taper tantrum and 2014 H1,-0.003969971090555191,-1,-0.005223650485277176,-1,0.005223650485277176,0.11231799462984782,,,,1,52.23650485277176,-0.012529296800494194,-0.00328986463136971,-0.003969971090555191,-0.6450313470035096
2014-05-14,fold_3,Taper tantrum and 2014 H1,-0.002918444573879242,-1,-0.007887332700192928,-1,0.007887332700192928,0.12020532733004075,,,,1,78.87332700192928,-0.01091180182993412,0.011433972977101803,-0.002918444573879242,-0.9679146831549944
2014-05-15,fold_3,Taper tantrum and 2014 H1,0.004432298243045807,1,0.006520299706608057,1,0.006520299706608057,0.1267256270366488,,,,1,65.20299706608057,0.011926397681236267,0.023701516911387444,0.004432298243045807,0.8361923425833073
2014-05-16,fold_3,Taper tantrum and 2014 H1,-4.918873310089111e-05,-1,0.0069307503290474415,1,-0.0069307503290474415,0.11979487670760136,,,,0,-69.30750329047441,-0.0005065016448497772,0.02443923056125641,-4.918873310089111e-05,0.8737077739859721
2014-05-19,fold_3,Taper tantrum and 2014 H1,-0.008404970169067383,-1,-0.0036299314815551043,-1,0.0036299314815551043,0.12342480818915647,,,,1,36.29931481555104,-0.011283701285719872,0.029892729595303535,-0.008404970169067383,-0.45881738372934977
2014-05-20,fold_3,Taper tantrum and 2014 H1,-0.0025190450251102448,-1,0.009500186890363693,1,-0.009500186890363693,0.11392462129879277,,,,0,-95.00186890363693,0.009984023869037628,0.03044099360704422,-0.0025190450251102448,1.225258190591561
2014-05-21,fold_3,Taper tantrum and 2014 H1,0.00020209699869155884,1,0.004380210768431425,1,0.004380210768431425,0.1183048320672242,,,,1,43.80210768431425,0.004672061651945114,0.027313604950904846,0.00020209699869155884,0.5620858252523185
2014-05-22,fold_3,Taper tantrum and 2014 H1,0.002565588802099228,1,0.007258014287799597,1,0.007258014287799597,0.1255628463550238,,,,1,72.58014287799597,0.005489185452461243,0.023042934015393257,0.002565588802099228,0.9600542360580507
2014-05-23,fold_3,Taper tantrum and 2014 H1,0.00016799196600914001,1,0.012384248897433281,1,0.012384248897433281,0.13794709525245707,,,,1,123.84248897433281,0.0006149560213088989,0.014798999764025211,0.00016799196600914001,1.8101637895137987
2014-05-27,fold_3,Taper tantrum and 2014 H1,-0.0005436055362224579,-1,-0.0030816674698144197,-1,0.0030816674698144197,0.1410287627222715,,,,1,30.816674698144197,0.0004894435405731201,0.0019759966526180506,-0.0005436055362224579,-0.4195607894926704
2014-05-28,fold_3,Taper tantrum and 2014 H1,-0.0007588379085063934,-1,0.006372798699885607,1,-0.006372798699885607,0.1346559640223859,,,,0,-63.72798699885607,-0.0011972375214099884,0.008779807947576046,-0.0007588379085063934,0.8900581927586882
2014-05-29,fold_3,Taper tantrum and 2014 H1,-0.0004437267780303955,-1,0.00010953944001812488,1,-0.00010953944001812488,0.13454642458236776,,,,0,-1.0953944001812488,-0.0036731790751218796,0.010785252787172794,-0.0004437267780303955,0.015053706886225565
2014-05-30,fold_3,Taper tantrum and 2014 H1,-0.002103898674249649,-1,-0.0009859201963990927,-1,0.0009859201963990927,0.13553234477876686,,,,1,9.859201963990927,-0.008707445114850998,0.01640191674232483,-0.002103898674249649,-0.13605960599780215
2014-06-02,fold_3,Taper tantrum and 2014 H1,-0.0010914057493209839,-1,-0.00043875392293557525,-1,0.00043875392293557525,0.13597109870170243,,,,1,4.3875392293557525,-0.005220726132392883,0.016633290797472,-0.0010914057493209839,-0.060617508986671356
2014-06-03,fold_3,Taper tantrum and 2014 H1,-0.0011193081736564636,-1,0.003722143592312932,1,-0.003722143592312932,0.1322489551093895,,,,0,-37.22143592312932,-0.00637107715010643,0.018795523792505264,-0.0011193081736564636,0.52107920808085
2014-06-04,fold_3,Taper tantrum and 2014 H1,0.0005545280873775482,1,0.008378244005143642,1,0.008378244005143642,0.14062719911453314,,,,1,83.78244005143642,0.0007295310497283936,0.014858423732221127,0.0005545280873775482,1.2746072309545615
2014-06-05,fold_3,Taper tantrum and 2014 H1,0.0016731172800064087,1,0.005726202856749296,1,0.005726202856749296,0.14635340197128244,,,,1,57.26202856749296,0.0018415339291095734,-0.002603821223601699,0.0016731172800064087,0.841536314923747
2014-06-06,fold_3,Taper tantrum and 2014 H1,0.0005708374083042145,1,-0.0007545453845523298,-1,-0.0007545453845523298,0.1455988565867301,,,,0,-7.545453845523298,5.9604644775390625e-05,-0.005401598289608955,0.0005708374083042145,-0.1090258095653863
2014-06-09,fold_3,Taper tantrum and 2014 H1,-0.00038437917828559875,-1,0.0017234788974747062,1,-0.0017234788974747062,0.1438753776892554,,,,0,-17.23478897474706,-0.003905167803168297,-0.0037802942097187042,-0.00038437917828559875,0.2507459024618815
2014-06-10,fold_3,Taper tantrum and 2014 H1,-0.0009833499789237976,-1,-0.00021495713735930622,-1,0.00021495713735930622,0.1440903348266147,,,,1,2.149571373593062,-0.008234228938817978,-0.004963437560945749,-0.0009833499789237976,-0.036842175568203905
2014-06-11,fold_3,Taper tantrum and 2014 H1,-0.0008980147540569305,-1,-0.009084000252187252,-1,0.009084000252187252,0.15317433507880196,,,,1,90.84000252187252,-0.005469750612974167,0.0008610818767920136,-0.0008980147540569305,-1.557411019774264
2014-06-12,fold_3,Taper tantrum and 2014 H1,-0.003475971519947052,-1,0.0029284260235726833,1,-0.0029284260235726833,0.15024590905522928,,,,0,-29.284260235726833,-0.017212897539138794,0.009298957884311676,-0.003475971519947052,0.48285032094804403
2014-06-13,fold_3,Taper tantrum and 2014 H1,-0.0019036941230297089,-1,0.0008667586953379214,1,-0.0008667586953379214,0.14937915035989136,,,,0,-8.667586953379214,-0.0076500289142131805,0.007546482607722282,-0.0019036941230297089,0.1484276600289527
2014-06-16,fold_3,Taper tantrum and 2014 H1,-0.003560837358236313,-1,0.0005403357790783048,1,-0.0005403357790783048,0.14883881458081305,,,,0,-5.403357790783048,-0.010270049795508385,0.006895371712744236,-0.003560837358236313,0.09549964981027752
2014-06-17,fold_3,Taper tantrum and 2014 H1,-0.00147208571434021,-1,0.005609562154859304,1,-0.005609562154859304,0.14322925242595375,,,,0,-56.095621548593044,-0.004895417019724846,0.005384569056332111,-0.00147208571434021,1.0306115744567852
2014-06-18,fold_3,Taper tantrum and 2014 H1,0.0003533884882926941,1,-0.000646124710328877,-1,-0.000646124710328877,0.14258312771562487,,,,0,-6.46124710328877,-0.0006218850612640381,0.006119376048445702,0.0003533884882926941,-0.11691776295906459
2014-06-19,fold_3,Taper tantrum and 2014 H1,-0.0014891065657138824,-1,0.001175950514152646,1,-0.001175950514152646,0.14140717720147222,,,,0,-11.75950514152646,-0.011464757844805717,0.007301395758986473,-0.0014891065657138824,0.2304085862318534
2014-06-20,fold_3,Taper tantrum and 2014 H1,-0.002178441733121872,-1,0.0002156479167751968,1,-0.0002156479167751968,0.14119152928469703,,,,0,-2.156479167751968,-0.011941587552428246,0.010508253239095211,-0.002178441733121872,0.04299375123078296
2014-06-23,fold_3,Taper tantrum and 2014 H1,-0.0018423907458782196,-1,-0.0009704668773338199,-1,0.0009704668773338199,0.14216199616203085,,,,1,9.704668773338199,-0.011518869549036026,0.011997771449387074,-0.0018423907458782196,-0.20447154155560207
2014-06-24,fold_3,Taper tantrum and 2014 H1,-0.002157296985387802,-1,0.006344369146972895,1,-0.006344369146972895,0.13581762701505795,,,,0,-63.44369146972895,-0.009686162695288658,0.023876363411545753,-0.002157296985387802,1.643309511582408
2014-06-25,fold_3,Taper tantrum and 2014 H1,-0.001089140772819519,-1,0.0005358947673812509,1,-0.0005358947673812509,0.1352817322476767,,,,0,-5.358947673812509,-0.005342716351151466,0.019215893000364304,-0.001089140772819519,0.13215691458243795
2014-06-26,fold_3,Taper tantrum and 2014 H1,-0.0009073913097381592,-1,0.00438280776143074,1,-0.00438280776143074,0.13089892448624596,,,,0,-43.828077614307404,-0.009100180119276047,0.024969423189759254,-0.0009073913097381592,1.1539035577103673
2014-06-27,fold_3,Taper tantrum and 2014 H1,-0.0010561458766460419,-1,0.0017051667673513293,1,-0.0017051667673513293,0.12919375771889463,,,,0,-17.051667673513293,-0.005786590278148651,0.01755196787416935,-0.0010561458766460419,0.4347071467681163
2014-06-30,fold_3,Taper tantrum and 2014 H1,-0.0011276714503765106,-1,0.010908124968409538,1,-0.010908124968409538,0.11828563275048509,,,,0,-109.08124968409538,-0.0070173535495996475,0.0037202120292931795,-0.0011276714503765106,2.7721612507452202
2014-07-01,fold_3,Taper tantrum and 2014 H1,-6.786361336708069e-05,-1,0.0016838997835293412,1,-0.0016838997835293412,0.11660173296695575,,,,0,-16.838997835293412,-0.00255575031042099,0.0002107195177813992,-6.786361336708069e-05,0.36381104072122655
2014-07-02,fold_3,Taper tantrum and 2014 H1,0.001405961811542511,1,0.00628942484036088,1,0.00628942484036088,0.12289115780731663,,,,1,62.8942484036088,0.0013872161507606506,-0.0046371459029614925,0.001405961811542511,1.3766643287193563
2014-07-03,fold_3,Taper tantrum and 2014 H1,0.0012439265847206116,1,-0.0030346480198204517,-1,-0.0030346480198204517,0.11985650978749618,,,,0,-30.346480198204517,0.001242905855178833,-0.004503125324845314,0.0012439265847206116,-0.6900461447877146
2014-07-07,fold_3,Taper tantrum and 2014 H1,-0.0014818347990512848,-1,-0.012126589193940163,-1,0.012126589193940163,0.13198309898143634,,,,1,121.26589193940163,-0.0036575347185134888,0.004496706649661064,-0.0014818347990512848,-2.8455543192125514
2014-07-08,fold_3,Taper tantrum and 2014 H1,-0.000690758228302002,-1,0.007398632355034351,1,-0.007398632355034351,0.12458446662640199,,,,0,-73.98632355034351,-0.0007801204919815063,0.013173858635127544,-0.000690758228302002,1.4655670883826315
2014-07-09,fold_3,Taper tantrum and 2014 H1,-0.001220662146806717,-1,-0.0031639656517654657,-1,0.0031639656517654657,0.12774843227816746,,,,1,31.639656517654657,-0.002950623631477356,0.00974604208022356,-0.001220662146806717,-0.5971461092102441
2014-07-10,fold_3,Taper tantrum and 2014 H1,-0.001951165497303009,-1,0.006423445418477058,1,-0.006423445418477058,0.1213249868596904,,,,0,-64.23445418477058,-0.003970485180616379,-0.0004228194011375308,-0.001951165497303009,1.2017025952140485
2014-07-11,fold_3,Taper tantrum and 2014 H1,-0.002550806850194931,-1,0.0059651839546859264,1,-0.0059651839546859264,0.11535980290500447,,,,0,-59.651839546859264,-0.0004911236464977264,0.008882122114300728,-0.002550806850194931,1.1585792441699563
2014-07-14,fold_3,Taper tantrum and 2014 H1,-0.003465019166469574,-1,-0.003449437441304326,-1,0.003449437441304326,0.1188092403463088,,,,1,34.49437441304326,-0.0035195332020521164,0.0016677516978234053,-0.003465019166469574,-0.6535234140812817
2014-07-15,fold_3,Taper tantrum and 2014 H1,-0.0012574046850204468,-1,0.003970816265791655,1,-0.003970816265791655,0.11483842408051714,,,,0,-39.708162657916546,-0.0033697932958602905,0.01145125925540924,-0.0012574046850204468,0.7448884330714018
2014-07-16,fold_3,Taper tantrum and 2014 H1,-0.003014102578163147,-1,-0.013332827016711235,-1,0.013332827016711235,0.12817125109722838,,,,1,133.32827016711235,-0.00943312793970108,0.013877581804990768,-0.003014102578163147,-2.467743478875805
2014-07-17,fold_3,Taper tantrum and 2014 H1,-0.00047946348786354065,-1,0.015728386119008064,1,-0.015728386119008064,0.11244286497822031,,,,0,-157.28386119008064,-0.0066408440470695496,0.026078633964061737,-0.00047946348786354065,2.603183061654549
2014-07-18,fold_3,Taper tantrum and 2014 H1,-0.00013441219925880432,-1,-0.0012491863453760743,-1,0.0012491863453760743,0.11369205132359639,,,,1,12.491863453760743,0.0022038109600543976,0.006429646164178848,-0.00013441219925880432,-0.17872204598867492
2014-07-21,fold_3,Taper tantrum and 2014 H1,-0.002812158316373825,-1,0.006334070116281509,1,-0.006334070116281509,0.10735798120731488,,,,0,-63.340701162815094,-0.008248679339885712,0.007989144884049892,-0.002812158316373825,0.9061378421587718
2014-07-22,fold_3,Taper tantrum and 2014 H1,-0.0028684400022029877,-1,0.00639713928103447,1,-0.00639713928103447,0.10096084192628041,,,,0,-63.971392810344696,-0.007843108847737312,-0.00010333875979995355,-0.0028684400022029877,0.8969545824667564
2014-07-23,fold_3,Taper tantrum and 2014 H1,-0.0017902553081512451,-1,-0.0011317766038700938,-1,0.0011317766038700938,0.1020926185301505,,,,1,11.317766038700938,-0.005748536437749863,-0.002574207494035363,-0.0017902553081512451,-0.15565918702123097
2014-07-24,fold_3,Taper tantrum and 2014 H1,0.0006844289600849152,1,-0.003920600283890963,-1,-0.003920600283890963,0.09817201824625954,,,,0,-39.206002838909626,-0.002517838031053543,-0.021860044449567795,0.0006844289600849152,-0.5494414230069968
2014-07-25,fold_3,Taper tantrum and 2014 H1,-0.005262292921543121,-1,0.0003103120543528348,1,-0.0003103120543528348,0.0978617061919067,,,,0,-3.103120543528348,-0.013579560443758965,-0.021629933267831802,-0.005262292921543121,0.04316926421390465
2014-07-28,fold_3,Taper tantrum and 2014 H1,-0.004524391144514084,-1,-0.001758413389325142,-1,0.001758413389325142,0.09962011958123185,,,,1,17.58413389325142,-0.010632157325744629,-0.015097670257091522,-0.004524391144514084,-0.24691679954321788
2014-07-29,fold_3,Taper tantrum and 2014 H1,-0.0029650479555130005,-1,0.003926270641386509,1,-0.003926270641386509,0.09569384893984534,,,,0,-39.26270641386509,-0.005123935639858246,-0.02102711983025074,-0.0029650479555130005,0.5512776424635283
2014-07-30,fold_3,Taper tantrum and 2014 H1,-0.006352566182613373,-1,-0.02041761204600334,-1,0.02041761204600334,0.11611146098584868,,,,1,204.17612046003342,-0.011028144508600235,-0.025693856179714203,-0.006352566182613373,-3.0253746553661913
2014-07-31,fold_3,Taper tantrum and 2014 H1,9.237229824066162e-05,1,-0.003690489800646901,-1,-0.003690489800646901,0.11242097118520178,,,,0,-36.90489800646901,0.006060972809791565,-0.008454873226583004,9.237229824066162e-05,-0.4534157647166218
2014-08-01,fold_3,Taper tantrum and 2014 H1,-0.0015045404434204102,-1,0.0068425750359892845,1,-0.0068425750359892845,0.1055783961492125,,,,0,-68.42575035989285,0.00179363414645195,0.0024269213899970055,-0.0015045404434204102,0.8490340969905606
2014-08-04,fold_3,Taper tantrum and 2014 H1,-0.0003524981439113617,-1,-0.007687862496823072,-1,0.007687862496823072,0.11326625864603557,,,,1,76.87862496823072,0.003929711878299713,0.001467795460484922,-0.0003524981439113617,-0.9404013445423478
2014-08-05,fold_3,Taper tantrum and 2014 H1,0.001891259104013443,1,-0.0007404669304378331,-1,-0.0007404669304378331,0.11252579171559773,,,,0,-7.404669304378331,0.011948231607675552,0.008736382238566875,0.001891259104013443,-0.0937116027863874
2014-08-06,fold_3,Taper tantrum and 2014 H1,0.004350244998931885,1,-0.00317862955853343,-1,-0.00317862955853343,0.1093471621570643,,,,0,-31.7862955853343,0.020657207816839218,0.02000616118311882,0.004350244998931885,-0.41130322963078586
2014-08-07,fold_3,Taper tantrum and 2014 H1,0.007017850875854492,1,0.007191305048763752,1,0.007191305048763752,0.11653846720582806,,,,1,71.91305048763752,0.02547070011496544,0.028356796130537987,0.007017850875854492,0.9304928116568347
2014-08-08,fold_3,Taper tantrum and 2014 H1,0.0020832978188991547,1,0.005883449222892523,1,0.005883449222892523,0.12242191642872058,,,,1,58.83449222892523,0.0030142106115818024,0.02600216120481491,0.0020832978188991547,0.757958197237931
2014-08-11,fold_3,Taper tantrum and 2014 H1,0.003230668604373932,1,-0.0004192753112874925,-1,-0.0004192753112874925,0.12200264111743309,,,,0,-4.192753112874925,0.014002468436956406,0.02778947539627552,0.003230668604373932,-0.05403648788866629
2014-08-12,fold_3,Taper tantrum and 2014 H1,0.0056676678359508514,1,0.010529312305152416,1,0.010529312305152416,0.1325319534225855,,,,1,105.29312305152416,0.010640032589435577,0.03379705175757408,0.0056676678359508514,1.363679603234186
2014-08-13,fold_3,Taper tantrum and 2014 H1,-0.0013063699007034302,-1,0.0051720053888857365,1,-0.0051720053888857365,0.12735994803369977,,,,0,-51.720053888857365,-0.004013437777757645,0.02326774038374424,-0.0013063699007034302,0.6446265908960627
2014-08-14,fold_3,Taper tantrum and 2014 H1,-0.00026616454124450684,-1,0.004836669657379389,1,-0.004836669657379389,0.12252327837632038,,,,0,-48.36669657379389,-0.009279448539018631,0.020119888707995415,-0.00026616454124450684,0.6416355422554882
2014-08-15,fold_3,Taper tantrum and 2014 H1,-0.0011444278061389923,-1,0.007670763414353132,1,-0.007670763414353132,0.11485251496196724,,,,0,-76.70763414353132,-0.012772668153047562,0.016798965632915497,-0.0011444278061389923,1.135661916793589
2014-08-18,fold_3,Taper tantrum and 2014 H1,0.0003777146339416504,1,0.005588300991803408,1,0.005588300991803408,0.12044081595377065,,,,1,55.88300991803408,-0.0013383440673351288,0.012655028142035007,0.0003777146339416504,0.8025449421832442
2014-08-19,fold_3,Taper tantrum and 2014 H1,-0.0003473423421382904,-1,0.0,0,-0.0,0.12044081595377065,,,,0,-0.0,-0.006980709731578827,0.008072314783930779,-0.0003473423421382904,0.0
2014-08-20,fold_3,Taper tantrum and 2014 H1,0.0005658045411109924,1,0.0020241537131369114,1,0.0020241537131369114,0.12246496966690756,,,,1,20.241537131369114,-0.0025648213922977448,0.008273630402982235,0.0005658045411109924,0.2984589132808147
2014-08-21,fold_3,Taper tantrum and 2014 H1,-0.0017119087278842926,-1,0.0015157470479607582,1,-0.0015157470479607582,0.1209492226189468,,,,0,-15.157470479607582,-0.006881460547447205,0.005143505055457354,-0.0017119087278842926,0.22315366394154962
2014-08-22,fold_3,Taper tantrum and 2014 H1,-0.0014385618269443512,-1,0.00352682638913393,1,-0.00352682638913393,0.11742239622981288,,,,0,-35.2682638913393,-0.003933871164917946,0.007342625875025988,-0.0014385618269443512,0.5229497782812355
2014-08-25,fold_3,Taper tantrum and 2014 H1,-0.0021355040371418,-1,0.0010055879829451442,1,-0.0010055879829451442,0.11641680824686773,,,,0,-10.055879829451442,-0.005876302719116211,0.00671806838363409,-0.0021355040371418,0.14810494098229504
2014-08-26,fold_3,Taper tantrum and 2014 H1,-0.0020826272666454315,-1,0.0002013150224229321,1,-0.0002013150224229321,0.1162154932244448,,,,0,-2.013150224229321,-0.007828939706087112,-0.00020076821965631098,-0.0020826272666454315,0.029683580416780462
2014-08-27,fold_3,Taper tantrum and 2014 H1,-0.0014033615589141846,-1,-0.0011059711687266827,-1,0.0011059711687266827,0.11732146439317148,,,,1,11.059711687266827,-0.009140638634562492,-0.0013072571018710732,-0.0014033615589141846,-0.16445378893942256
2014-08-28,fold_3,Taper tantrum and 2014 H1,7.070973515510559e-05,1,0.0037148678675293922,1,0.0037148678675293922,0.12103633226070087,,,,1,37.14867867529392,-0.007318750023841858,0.004816656932234764,7.070973515510559e-05,0.7513692050723919
2014-08-29,fold_3,Taper tantrum and 2014 H1,0.0013745911419391632,1,0.002902268897742033,1,0.002902268897742033,0.12393860115844291,,,,1,29.02268897742033,-0.002745889127254486,0.0030023581348359585,0.0013745911419391632,0.5869045800932715
2014-09-02,fold_3,Taper tantrum and 2014 H1,0.00039933621883392334,1,-0.005913248751312494,-1,-0.005913248751312494,0.11802535240713041,,,,0,-59.13248751312494,0.0005552917718887329,-0.008227802813053131,0.00039933621883392334,-1.2456932093143112
2014-09-03,fold_3,Taper tantrum and 2014 H1,0.00398988276720047,1,-0.0009051738306879997,-1,-0.0009051738306879997,0.11712017857644241,,,,0,-9.051738306879997,0.006107397377490997,0.005913248751312494,0.00398988276720047,-0.19600618181372603
2014-09-04,fold_3,Taper tantrum and 2014 H1,0.002301592379808426,1,0.005017942748963833,1,0.005017942748963833,0.12213812132540625,,,,1,50.17942748963833,0.0026738718152046204,0.0060186004266142845,0.002301592379808426,1.0862393282937621
2014-09-05,fold_3,Taper tantrum and 2014 H1,0.001225639134645462,1,0.0019005690701305866,1,0.0019005690701305866,0.12403869039553683,,,,1,19.005690701305866,0.0004121027886867523,-0.004112768918275833,0.001225639134645462,0.40433892746950595
2014-09-08,fold_3,Taper tantrum and 2014 H1,-0.0002653077244758606,-1,-0.008327892050147057,-1,0.008327892050147057,0.1323665824456839,,,,1,83.27892050147057,0.0006794705986976624,-0.01571054756641388,-0.0002653077244758606,-1.8768245623151516
2014-09-09,fold_3,Taper tantrum and 2014 H1,0.0024417713284492493,1,0.008227802813053131,1,0.008227802813053131,0.14059438525873702,,,,1,82.27802813053131,0.009122945368289948,0.001308427657932043,0.0024417713284492493,1.777519263451231
2014-09-10,fold_3,Taper tantrum and 2014 H1,0.0014258474111557007,1,-0.0007998223882168531,-1,-0.0007998223882168531,0.13979456287052017,,,,0,-7.998223882168531,0.006202396005392075,-0.00541094271466136,0.0014258474111557007,-0.16060189297344188
2014-09-11,fold_3,Taper tantrum and 2014 H1,0.0020179450511932373,1,-0.005113426595926285,-1,-0.005113426595926285,0.13468113627459388,,,,0,-51.13426595926285,0.004125803709030151,0.0028961822390556335,0.0020179450511932373,-1.1642305984975365
2014-09-12,fold_3,Taper tantrum and 2014 H1,0.006604276597499847,1,-0.009697210043668747,-1,-0.009697210043668747,0.12498392623092514,,,,0,-96.97210043668747,0.020798154175281525,0.007389549165964127,0.006604276597499847,-2.2095975746885537
2014-09-15,fold_3,Taper tantrum and 2014 H1,0.0034883879125118256,1,0.008691084571182728,1,0.008691084571182728,0.13367501080210786,,,,1,86.91084571182728,0.013843078166246414,0.00774153508245945,0.0034883879125118256,1.8204422697855847
2014-09-16,fold_3,Taper tantrum and 2014 H1,0.004304751753807068,1,0.0015084322076290846,1,0.0015084322076290846,0.13518344300973695,,,,1,15.084322076290846,0.007169954478740692,-0.003679014276713133,0.004304751753807068,0.3103262284268353
2014-09-17,fold_3,Taper tantrum and 2014 H1,0.0014187879860401154,1,0.0075073023326694965,1,0.0075073023326694965,0.14269074534240644,,,,1,75.07302332669497,0.0019369609653949738,0.005486177280545235,0.0014187879860401154,1.594067302481406
2014-09-18,fold_3,Taper tantrum and 2014 H1,-0.0010454393923282623,-1,-0.0006200594361871481,-1,0.0006200594361871481,0.1433108047785936,,,,1,6.200594361871481,-0.0011672116816043854,-0.0232794601470232,-0.0010454393923282623,-0.12401778789185415
2014-09-19,fold_3,Taper tantrum and 2014 H1,0.00017326325178146362,1,-0.009345224127173424,-1,-0.009345224127173424,0.13396558065142017,,,,0,-93.45224127173424,-1.5038996934890747e-05,-0.012074689380824566,0.00017326325178146362,-1.876112941336521
2014-09-22,fold_3,Taper tantrum and 2014 H1,0.0015983060002326965,1,-0.002729465253651142,-1,-0.002729465253651142,0.13123611539776903,,,,0,-27.29465253651142,0.002221323549747467,-0.0040466017089784145,0.0015983060002326965,-0.5062925958727779
2014-09-23,fold_3,Taper tantrum and 2014 H1,0.003576800227165222,1,0.010673623532056808,1,0.010673623532056808,0.14190973892982583,,,,1,106.73623532056808,0.011785704642534256,0.00010115558688994497,0.003576800227165222,1.9884172085794183
2014-09-24,fold_3,Taper tantrum and 2014 H1,0.0029693283140659332,1,-0.021258333697915077,-1,-0.021258333697915077,0.12065140523191076,,,,0,-212.58333697915077,0.0006476826965808868,-0.026695234701037407,0.0029693283140659332,-3.6213541307532724
2014-09-25,fold_3,Taper tantrum and 2014 H1,0.007659852504730225,1,0.010584711097180843,1,0.010584711097180843,0.1312361163290916,,,,1,105.84711097180843,0.02466670051217079,-0.005436900071799755,0.007659852504730225,1.4013167095476196
2014-09-26,fold_3,Taper tantrum and 2014 H1,0.005828700959682465,1,-0.0013171363389119506,-1,-0.0013171363389119506,0.12991897999017965,,,,0,-13.171363389119506,0.016439378261566162,-0.0061947559006512165,0.005828700959682465,-0.1664801500173341
2014-09-29,fold_3,Taper tantrum and 2014 H1,0.007575713098049164,1,0.0014182919403538108,1,0.0014182919403538108,0.13133727193053346,,,,1,14.182919403538108,0.025878965854644775,-0.007019097916781902,0.007575713098049164,0.1801359166050565
2015-11-24,fold_4,China devaluation and oil crash,-0.0006688758730888367,-1,0.0008764576632529497,1,-0.0008764576632529497,-0.0008764576632529497,,,,0,-8.764576632529497,-0.0037399865686893463,0.0035007991828024387,-0.0006688758730888367,0.10225956340385596
2015-11-25,fold_4,China devaluation and oil crash,0.004753328859806061,1,0.0014003473334014416,1,0.0014003473334014416,0.0005238896701484919,,,,1,14.003473334014416,0.006550941616296768,-0.014471632428467274,0.004753328859806061,0.16728680282196637
2015-11-27,fold_4,China devaluation and oil crash,0.00843030959367752,1,-0.002540202811360359,-1,-0.002540202811360359,-0.0020163131412118673,,,,0,-25.402028113603592,0.007783565670251846,0.0072346641682088375,0.00843030959367752,-0.3035129411512779
2015-11-30,fold_4,China devaluation and oil crash,-0.00031055882573127747,-1,0.009948860853910446,1,-0.009948860853910446,-0.011965173995122313,,,,0,-99.48860853910446,0.003516465425491333,0.005248351488262415,-0.00031055882573127747,1.194586063857271
2015-12-01,fold_4,China devaluation and oil crash,-0.002154085785150528,-1,-0.006184663623571396,-1,0.006184663623571396,-0.005780510371550918,,,,1,61.84663623571396,-0.00959395244717598,-0.0046132574789226055,-0.002154085785150528,-0.7499876485171226
2015-12-02,fold_4,China devaluation and oil crash,0.001820351928472519,1,-0.01709597371518612,-1,-0.01709597371518612,-0.022876484086737037,,,,0,-170.9597371518612,0.008486412465572357,-0.013724218122661114,0.001820351928472519,-2.0535364294682603
2015-12-03,fold_4,China devaluation and oil crash,0.005593776702880859,1,0.023106643930077553,1,0.023106643930077553,0.0002301598433405161,,,,1,231.06643930077553,0.013689026236534119,0.007879506796598434,0.005593776702880859,2.5223255326409033
2015-12-04,fold_4,China devaluation and oil crash,0.004113495349884033,1,-0.004526515491306782,-1,-0.004526515491306782,-0.004296355647966266,,,,0,-45.26515491306782,-0.0011903271079063416,-0.038512103259563446,0.004113495349884033,-0.43109129945658503
2015-12-07,fold_4,China devaluation and oil crash,0.0010599642992019653,1,8.725155930733308e-05,1,8.725155930733308e-05,-0.004209104088658933,,,,1,0.8725155930733308,0.010975539684295654,-0.026432102546095848,0.0010599642992019653,0.008272132186391416
2015-12-08,fold_4,China devaluation and oil crash,0.006770573556423187,1,-0.015295623801648617,-1,-0.015295623801648617,-0.01950472789030755,,,,0,-152.95623801648617,0.026811908930540085,-0.020446723327040672,0.006770573556423187,-1.4888426203459677
2015-12-09,fold_4,China devaluation and oil crash,0.006858035922050476,1,0.004507751204073429,1,0.004507751204073429,-0.01499697668623412,,,,1,45.07751204073429,0.026112373918294907,0.00960917305201292,0.006858035922050476,0.4168919601981546
2015-12-10,fold_4,China devaluation and oil crash,0.003909215331077576,1,-0.02328496426343918,-1,-0.02328496426343918,-0.0382819409496733,,,,0,-232.84964263439178,0.02416817471385002,-0.009569364599883556,0.003909215331077576,-2.144870930139299
2015-12-11,fold_4,China devaluation and oil crash,0.006221771240234375,1,0.007553484290838242,1,0.007553484290838242,-0.030728456658835057,,,,1,75.53484290838242,0.023179829120635986,-0.005653249565511942,0.006221771240234375,0.6379484307264066
2015-12-14,fold_4,China devaluation and oil crash,0.001173805445432663,1,0.006072630640119314,1,0.006072630640119314,-0.024655826018715743,,,,1,60.72630640119314,0.013089437037706375,-0.00215992983430624,0.001173805445432663,0.5467045773028342
2015-12-15,fold_4,China devaluation and oil crash,-0.0006978213787078857,-1,0.014760272577404976,1,-0.014760272577404976,-0.03941609859612072,,,,0,-147.60272577404976,-0.0014620646834373474,-0.00168037845287472,-0.0006978213787078857,1.376247394325145
2015-12-16,fold_4,China devaluation and oil crash,-0.013221893459558487,-1,-0.014670786447823048,-1,0.014670786447823048,-0.02474531214829767,,,,1,146.70786447823048,-0.034569963812828064,-0.009042750112712383,-0.013221893459558487,-1.3074991347175047
2015-12-17,fold_4,China devaluation and oil crash,0.0023819580674171448,1,-0.01936884969472885,-1,-0.01936884969472885,-0.04411416184302652,,,,0,-193.6884969472885,-0.0013105273246765137,0.005450133234262466,0.0023819580674171448,-1.7786319863299034
2015-12-18,fold_4,China devaluation and oil crash,0.003224402666091919,1,0.011046803556382656,1,0.011046803556382656,-0.033067358286643866,,,,1,110.46803556382656,0.01263919472694397,0.02428596094250679,0.003224402666091919,0.9426938408301507
2015-12-21,fold_4,China devaluation and oil crash,0.002095889300107956,1,0.006552181672304869,1,0.006552181672304869,-0.026515176614338998,,,,1,65.52181672304869,0.012017551809549332,0.028845859691500664,0.002095889300107956,0.5515120227529856
2015-12-22,fold_4,China devaluation and oil crash,-0.0008592978119850159,-1,0.007397900801151991,1,-0.007397900801151991,-0.03391307741549099,,,,0,-73.97900801151991,0.006514787673950195,0.013241508975625038,-0.0008592978119850159,0.6189166429136861
2015-12-23,fold_4,China devaluation and oil crash,-0.009511284530162811,-1,-0.00017790279525797814,-1,0.00017790279525797814,-0.03373517462023301,,,,1,1.7790279525797814,-0.022270366549491882,-0.006682647857815027,-0.009511284530162811,-0.014744975855360434
2015-12-24,fold_4,China devaluation and oil crash,0.007379122078418732,1,-0.0005330225685611367,-1,-0.0005330225685611367,-0.03426819718879415,,,,0,-5.330225685611367,-0.021667854860424995,-0.027828186750411987,0.007379122078418732,-0.04418367105827519
2015-12-28,fold_4,China devaluation and oil crash,0.004737652838230133,1,0.01560670230537653,1,0.01560670230537653,-0.018661494883417618,,,,1,156.0670230537653,-0.008892778307199478,-0.02903185784816742,0.004737652838230133,1.2940542927429068
2015-12-29,fold_4,China devaluation and oil crash,-0.00320395827293396,-1,-0.00905216857790947,-1,0.00905216857790947,-0.009609326305508148,,,,1,90.5216857790947,-0.02570219151675701,-0.05429093912243843,-0.00320395827293396,-0.7217363218677224
2015-12-30,fold_4,China devaluation and oil crash,0.0004556290805339813,1,-0.012526256032288074,-1,-0.012526256032288074,-0.022135582337796222,,,,0,-125.26256032288074,-0.016749542206525803,-0.07705271244049072,0.0004556290805339813,-1.0014434086057409
2015-12-31,fold_4,China devaluation and oil crash,0.0024688802659511566,1,-0.021323442459106445,-1,-0.021323442459106445,-0.04345902479690267,,,,0,-213.23442459106445,-0.007312573492527008,-0.07276111096143723,0.0024688802659511566,-1.6733253467462836
2016-01-04,fold_4,China devaluation and oil crash,0.0031515732407569885,1,-0.0017366929678246379,-1,-0.0017366929678246379,-0.045195717764727306,,,,0,-17.36692967824638,0.011529874056577682,-0.048365604132413864,0.0031515732407569885,-0.13299938311556678
2016-01-05,fold_4,China devaluation and oil crash,0.0019288472831249237,1,-0.009652378037571907,-1,-0.009652378037571907,-0.05484809580229921,,,,0,-96.52378037571907,0.003900628536939621,-0.03509790077805519,0.0019288472831249237,-0.804466051931289
2016-01-06,fold_4,China devaluation and oil crash,0.003537449985742569,1,-0.03181394189596176,-1,-0.03181394189596176,-0.08666203769826097,,,,0,-318.1394189596176,0.014224853366613388,-0.06054344400763512,0.003537449985742569,-2.618651198542985
2016-01-07,fold_4,China devaluation and oil crash,0.005830120295286179,1,-0.008234658278524876,-1,-0.008234658278524876,-0.09489669597678585,,,,0,-82.34658278524876,0.024249624460935593,-0.007657906971871853,0.005830120295286179,-0.5849109099819225
2016-01-08,fold_4,China devaluation and oil crash,0.005109019577503204,1,0.0030720664653927088,1,0.0030720664653927088,-0.09182462951139314,,,,1,30.720664653927088,0.02216177061200142,-0.030952053144574165,0.005109019577503204,0.22293194032832703
2016-01-11,fold_4,China devaluation and oil crash,0.005510654300451279,1,0.011531009338796139,1,0.011531009338796139,-0.080293620172597,,,,1,115.31009338796139,0.02030855417251587,-0.031844522804021835,0.005510654300451279,0.8379769965657005
2016-01-12,fold_4,China devaluation and oil crash,0.00629044696688652,1,-0.03509791940450668,-1,-0.03509791940450668,-0.11539153957710369,,,,0,-350.97919404506683,0.025788720697164536,-0.04644802585244179,0.00629044696688652,-2.7007112948895324
2016-01-13,fold_4,China devaluation and oil crash,0.009629856795072556,1,0.021071596071124077,1,0.021071596071124077,-0.09431994350597961,,,,1,210.71596071124077,0.03773139417171478,-0.010357847437262535,0.009629856795072556,1.396629864588817
2016-01-14,fold_4,China devaluation and oil crash,0.007110249251127243,1,-0.03152880445122719,-1,-0.03152880445122719,-0.1258487479572068,,,,0,-315.2880445122719,0.028785578906536102,-0.0028869316447526217,0.007110249251127243,-2.0021287642035857
2016-01-15,fold_4,China devaluation and oil crash,0.009981978684663773,1,0.002179595874622464,1,0.002179595874622464,-0.12366915208258433,,,,1,21.795958746224642,0.035634204745292664,0.013690323568880558,0.009981978684663773,0.12870273806938973
2016-01-19,fold_4,China devaluation and oil crash,0.007223229855298996,1,-0.0030724939424544573,-1,-0.0030724939424544573,-0.1267416460250388,,,,0,-30.724939424544573,0.030426211655139923,0.020469823852181435,0.007223229855298996,-0.1848506249669811
2016-01-20,fold_4,China devaluation and oil crash,0.007078535854816437,1,0.0009922586614266038,1,0.0009922586614266038,-0.1257493873636122,,,,1,9.922586614266038,0.03564245253801346,-0.0016886454541236162,0.007078535854816437,0.061776704168400025
2016-01-21,fold_4,China devaluation and oil crash,0.007013954222202301,1,0.02854251302778721,1,0.02854251302778721,-0.09720687433582498,,,,1,285.4251302778721,0.029233865439891815,0.011338510550558567,0.007013954222202301,1.7982371089670433
2016-01-22,fold_4,China devaluation and oil crash,0.0011810436844825745,1,-0.014951549470424652,-1,-0.014951549470424652,-0.11215842380624963,,,,0,-149.51549470424652,0.00443597137928009,0.0034633507020771503,0.0011810436844825745,-0.8771940457603843
2016-01-25,fold_4,China devaluation and oil crash,0.003966864198446274,1,0.008959095925092697,1,0.008959095925092697,-0.10319932788115693,,,,1,89.59095925092697,0.005295604467391968,0.021100182086229324,0.003966864198446274,0.5181487944941808
2016-01-26,fold_4,China devaluation and oil crash,-0.0034845061600208282,-1,-0.02523096278309822,-1,0.02523096278309822,-0.07796836509805871,,,,1,252.3096278309822,-0.013012243434786797,-0.00974215380847454,-0.0034845061600208282,-1.4495383138895608
2016-01-27,fold_4,China devaluation and oil crash,-0.00022427737712860107,-1,0.014019414782524109,1,-0.014019414782524109,-0.09198777988058282,,,,0,-140.1941478252411,-0.007649146020412445,0.01068068016320467,-0.00022427737712860107,0.7662004856589724
2016-01-28,fold_4,China devaluation and oil crash,0.004586484283208847,1,0.02066735178232193,1,0.02066735178232193,-0.07132042809826089,,,,1,206.6735178232193,-0.004558982327580452,-0.003437303937971592,0.004586484283208847,1.1335163489035494
2016-01-29,fold_4,China devaluation and oil crash,0.004494108259677887,1,0.0026852828450500965,1,0.0026852828450500965,-0.0686351452532108,,,,1,26.852828450500965,-0.005632568150758743,-0.059448905289173126,0.004494108259677887,0.14359585346548528
2016-02-01,fold_4,China devaluation and oil crash,0.004163410514593124,1,-0.021883239969611168,-1,-0.021883239969611168,-0.09051838522282196,,,,0,-218.83239969611168,0.010324809700250626,-0.07753972709178925,0.004163410514593124,-1.182937129687806
2016-02-02,fold_4,China devaluation and oil crash,0.0076609402894973755,1,-0.004808129742741585,-1,-0.004808129742741585,-0.09532651496556355,,,,0,-48.08129742741585,0.015826288610696793,-0.05876627564430237,0.0076609402894973755,-0.25945388234654193
2016-02-03,fold_4,China devaluation and oil crash,-0.0002813786268234253,-1,-9.856902761384845e-05,-1,9.856902761384845e-05,-0.0952279459379497,,,,1,0.9856902761384845,0.0005391873419284821,-0.05012403801083565,-0.0002813786268234253,-0.005311166214399696
2016-02-04,fold_4,China devaluation and oil crash,0.008946876972913742,1,-0.03534424677491188,-1,-0.03534424677491188,-0.13057219271286158,,,,0,-353.4424677491188,0.029475979506969452,-0.05147428438067436,0.008946876972913742,-1.9174533501424986
2016-02-05,fold_4,China devaluation and oil crash,0.012520164251327515,1,-0.015405537560582161,-1,-0.015405537560582161,-0.14597773027344374,,,,0,-154.0553756058216,0.06305406242609024,-0.0010195453651249409,0.012520164251327515,-0.8215536769418437
2016-02-08,fold_4,China devaluation and oil crash,0.009261168539524078,1,-0.0031097931787371635,-1,-0.0031097931787371635,-0.1490875234521809,,,,0,-31.097931787371635,0.04979577660560608,0.03668167442083359,0.009261168539524078,-0.16387711720760295
2016-02-09,fold_4,China devaluation and oil crash,0.011245716363191605,1,0.0038341099862009287,1,0.0038341099862009287,-0.14525341346597997,,,,1,38.34109986200929,0.051996953785419464,0.06218694522976875,0.011245716363191605,0.2020432474718451
2016-02-10,fold_4,China devaluation and oil crash,0.011150140315294266,1,-0.0014488183660432696,-1,-0.0014488183660432696,-0.14670223183202324,,,,0,-14.488183660432696,0.05660373717546463,0.04687260091304779,0.011150140315294266,-0.07698195258095755
2016-02-11,fold_4,China devaluation and oil crash,0.008404139429330826,1,0.015110493637621403,1,0.015110493637621403,-0.13159173819440184,,,,1,151.10493637621403,0.04040570557117462,0.05127744376659393,0.008404139429330826,0.8831972019828036
2016-02-12,fold_4,China devaluation and oil crash,0.002633165568113327,1,0.02229568362236023,1,0.02229568362236023,-0.10929605457204161,,,,1,222.9568362236023,0.017531711608171463,0.052272047847509384,0.002633165568113327,1.3278565186649587
2016-02-16,fold_4,China devaluation and oil crash,-0.004776895046234131,-1,0.022395476698875427,1,-0.022395476698875427,-0.13169153127091704,,,,0,-223.95476698875427,-0.007936909794807434,0.013379471376538277,-0.004776895046234131,1.3967733286032078
2016-02-17,fold_4,China devaluation and oil crash,0.0001307465136051178,1,-0.011480232700705528,-1,-0.011480232700705528,-0.14317176397162257,,,,0,-114.80232700705528,0.012276794761419296,0.0004877016763202846,0.0001307465136051178,-0.6837341414653121
2016-02-18,fold_4,China devaluation and oil crash,0.0013154074549674988,1,0.0029560215771198273,1,0.0029560215771198273,-0.14021574239450274,,,,1,29.560215771198273,0.017501264810562134,0.02176855504512787,0.0013154074549674988,0.17417363544250247
2016-02-19,fold_4,China devaluation and oil crash,-0.0008414983749389648,-1,0.016105100512504578,1,-0.016105100512504578,-0.15632084290700732,,,,0,-161.05100512504578,0.009084179997444153,0.017556218430399895,-0.0008414983749389648,0.9483009542696542
2016-02-22,fold_4,China devaluation and oil crash,-0.0008077137172222137,-1,-0.016596894711256027,-1,0.016596894711256027,-0.1397239481957513,,,,1,165.96894711256027,0.004919502884149551,-0.007580889854580164,-0.0008077137172222137,-1.027989766492414
2016-02-23,fold_4,China devaluation and oil crash,-0.0014652088284492493,-1,0.00950370728969574,1,-0.00950370728969574,-0.14922765548544703,,,,0,-95.0370728969574,0.0004360899329185486,0.040609244257211685,-0.0014652088284492493,0.5857381864444753
2016-02-24,fold_4,China devaluation and oil crash,-0.005356095731258392,-1,0.009800620377063751,1,-0.009800620377063751,-0.15902827586251078,,,,0,-98.00620377063751,-0.011054746806621552,0.031483400613069534,-0.005356095731258392,0.603461779103473
2016-02-25,fold_4,China devaluation and oil crash,-0.000609375536441803,-1,-0.001256314804777503,-1,0.001256314804777503,-0.15777196105773328,,,,1,12.56314804777503,-0.01638917624950409,0.019791029393672943,-0.000609375536441803,-0.08165264511119744
2016-02-26,fold_4,China devaluation and oil crash,-0.0006038770079612732,-1,-0.009032007306814194,-1,0.009032007306814194,-0.14873995375091908,,,,1,90.32007306814194,-0.0004947260022163391,0.021426400169730186,-0.0006038770079612732,-0.599497246806656
2016-02-29,fold_4,China devaluation and oil crash,-0.0030852220952510834,-1,0.031593240797519684,1,-0.031593240797519684,-0.18033319454843877,,,,0,-315.93240797519684,0.020824547857046127,0.02428814396262169,-0.0030852220952510834,2.1816719207427404
2016-03-01,fold_4,China devaluation and oil crash,0.0008950605988502502,1,0.00037786204484291375,1,0.00037786204484291375,-0.17995533250359586,,,,1,3.7786204484291375,0.006612755358219147,-0.015623753890395164,0.0008950605988502502,0.023467816817346564
2016-03-02,fold_4,China devaluation and oil crash,0.002364974468946457,1,-0.0018917503766715527,-1,-0.0018917503766715527,-0.1818470828802674,,,,0,-18.917503766715527,0.018780536949634552,-0.009589391760528088,0.002364974468946457,-0.12332163128581751
2016-03-03,fold_4,China devaluation and oil crash,0.003773719072341919,1,0.000379056204110384,1,0.000379056204110384,-0.18146802667615702,,,,1,3.79056204110384,0.02233240008354187,-0.009225158020853996,0.003773719072341919,0.024761813468867088
2016-03-04,fold_4,China devaluation and oil crash,0.0038355812430381775,1,-0.006170264445245266,-1,-0.006170264445245266,-0.1876382911214023,,,,0,-61.70264445245266,0.020851638168096542,0.0077295913361012936,0.0038355812430381775,-0.40306623955910803
2016-03-07,fold_4,China devaluation and oil crash,0.004265382885932922,1,-0.00831865705549717,-1,-0.00831865705549717,-0.19595694817689946,,,,0,-83.1865705549717,0.022311467677354813,0.01558910682797432,0.004265382885932922,-0.6310215495998357
2016-03-08,fold_4,China devaluation and oil crash,0.01235586404800415,1,0.0064122239127755165,1,0.0064122239127755165,-0.18954472426412394,,,,1,64.12223912775517,0.04054183512926102,0.023532414808869362,0.01235586404800415,0.49861595348445165
2016-03-09,fold_4,China devaluation and oil crash,0.0012176595628261566,1,-0.0015275164041668177,-1,-0.0015275164041668177,-0.19107224066829076,,,,0,-15.275164041668177,0.005149442702531815,0.025990260764956474,0.0012176595628261566,-0.11821938015982
2016-03-10,fold_4,China devaluation and oil crash,0.01248263195157051,1,0.017333805561065674,1,0.017333805561065674,-0.1737384351072251,,,,1,173.33805561065674,0.021703802049160004,0.026959849521517754,0.01248263195157051,1.3440099143160127
2016-03-11,fold_4,China devaluation and oil crash,0.0036510340869426727,1,0.001689250930212438,1,0.001689250930212438,-0.17204918417701265,,,,1,16.89250930212438,0.0012634657323360443,0.011191518045961857,0.0036510340869426727,0.12547344482987752
2016-03-14,fold_4,China devaluation and oil crash,0.0010443106293678284,1,-0.0003753479686565697,-1,-0.0003753479686565697,-0.17242453214566922,,,,0,-3.753479686565697,0.0036260373890399933,0.01340685784816742,0.0010443106293678284,-0.028789643508014145
2016-03-15,fold_4,China devaluation and oil crash,-0.00020387396216392517,-1,0.008870068937540054,1,-0.008870068937540054,-0.18129460108320927,,,,0,-88.70068937540054,0.00718945637345314,0.016838986426591873,-0.00020387396216392517,0.7362859028048112
2016-03-16,fold_4,China devaluation and oil crash,0.0017353706061840057,1,-0.0005579286371357739,-1,-0.0005579286371357739,-0.18185252972034505,,,,0,-5.579286371357739,0.016332384198904037,-0.00029687152709811926,0.0017353706061840057,-0.050106030756215725
2016-03-17,fold_4,China devaluation and oil crash,0.00239727646112442,1,0.0015654738526791334,1,0.0015654738526791334,-0.1802870558676659,,,,1,15.654738526791334,0.015224330127239227,0.000540980021469295,0.00239727646112442,0.14447327970051663
2016-03-18,fold_4,China devaluation and oil crash,0.0017855092883110046,1,0.0039045915473252535,1,0.0039045915473252535,-0.17638246432034066,,,,1,39.045915473252535,0.010513659566640854,-0.0024239751510322094,0.0017855092883110046,0.36082740226055715
2016-03-21,fold_4,China devaluation and oil crash,0.0019745714962482452,1,0.003056779270991683,1,0.003056779270991683,-0.17332568504934898,,,,1,30.56779270991683,0.012174174189567566,0.009602147154510021,0.0019745714962482452,0.2984641932522144
2016-03-22,fold_4,China devaluation and oil crash,0.0012517236173152924,1,-0.008265787735581398,-1,-0.008265787735581398,-0.18159147278493037,,,,0,-82.65787735581398,0.007279813289642334,0.011403592303395271,0.0012517236173152924,-0.8637103386924586
2016-03-23,fold_4,China devaluation and oil crash,0.0009057298302650452,1,0.0002799229114316404,1,0.0002799229114316404,-0.18131154987349873,,,,1,2.799229114316404,0.008295144885778427,0.01820463314652443,0.0009057298302650452,0.029426987994186592
2016-03-24,fold_4,China devaluation and oil crash,0.0013650842010974884,1,-0.001399481319822371,-1,-0.001399481319822371,-0.1827110311933211,,,,0,-13.99481319822371,0.004094719886779785,0.028491921722888947,0.0013650842010974884,-0.1511843418165445
2016-03-28,fold_4,China devaluation and oil crash,-0.0007580667734146118,-1,0.015930714085698128,1,-0.015930714085698128,-0.19864174527901923,,,,0,-159.30714085698128,-0.004671268165111542,0.02607828378677368,-0.0007580667734146118,1.720785580467
2016-03-29,fold_4,China devaluation and oil crash,-0.0019261464476585388,-1,0.004858225118368864,1,-0.004858225118368864,-0.2034999703973881,,,,0,-48.58225118368864,-0.004533147439360619,0.0004590361495502293,-0.0019261464476585388,0.5002431355891801
2016-03-30,fold_4,China devaluation and oil crash,-0.0018440373241901398,-1,-0.0014647470088675618,-1,0.0014647470088675618,-0.20203522338852054,,,,1,14.647470088675618,-0.003399856388568878,0.011907192878425121,-0.0018440373241901398,-0.2169314072734547
2016-03-31,fold_4,China devaluation and oil crash,0.0002453364431858063,1,0.010567210614681244,1,0.010567210614681244,-0.1914680127738393,,,,1,105.67210614681244,-0.002926390618085861,-0.0010990502778440714,0.0002453364431858063,1.5633052445202813
2016-04-01,fold_4,China devaluation and oil crash,-0.0029752738773822784,-1,-0.003813117742538452,-1,0.003813117742538452,-0.18765489503130084,,,,1,38.13117742538452,-0.009621739387512207,-0.012399908155202866,-0.0029752738773822784,-0.5334434279302764
2016-04-04,fold_4,China devaluation and oil crash,-0.0013220682740211487,-1,-0.009688534773886204,-1,0.009688534773886204,-0.17796636025741464,,,,1,96.88534773886204,-0.0034698210656642914,-0.012263499200344086,-0.0013220682740211487,-1.3459487874714837
2016-04-05,fold_4,China devaluation and oil crash,-0.00029597431421279907,-1,0.016306381672620773,1,-0.016306381672620773,-0.1942727419300354,,,,0,-163.06381672620773,0.004971642047166824,0.005769746843725443,-0.00029597431421279907,2.206686146330935
2016-04-06,fold_4,China devaluation and oil crash,-0.006916295737028122,-1,-0.014470990747213364,-1,0.014470990747213364,-0.17980175118282204,,,,1,144.70990747213364,-0.013116292655467987,0.0021664733067154884,-0.006916295737028122,-1.8026860920018872
2016-04-07,fold_4,China devaluation and oil crash,0.0022268258035182953,1,-0.0007336472626775503,-1,-0.0007336472626775503,-0.1805353984454996,,,,0,-7.336472626775503,0.014905992895364761,0.016727684065699577,0.0022268258035182953,-0.0859524674195636
2016-04-08,fold_4,China devaluation and oil crash,0.004014398902654648,1,-0.0036767087876796722,-1,-0.0036767087876796722,-0.18421210723317927,,,,0,-36.76708787679672,-0.018862470984458923,0.014934007078409195,0.004014398902654648,-0.4310205214851261
2016-04-11,fold_4,China devaluation and oil crash,-0.001926220953464508,-1,0.008344711735844612,1,-0.008344711735844612,-0.19255681896902388,,,,0,-83.44711735844612,-0.0014630109071731567,0.023929070681333542,-0.001926220953464508,1.0917883100498842
2016-04-12,fold_4,China devaluation and oil crash,0.00047789886593818665,1,0.012703108601272106,1,0.012703108601272106,-0.17985371036775177,,,,1,127.03108601272106,-0.018253184854984283,0.009451969526708126,0.00047789886593818665,1.6164684369758442
2016-04-13,fold_4,China devaluation and oil crash,0.00012972205877304077,1,9.022023732541129e-05,1,9.022023732541129e-05,-0.17976349013042636,,,,1,0.9022023732541129,0.005811166018247604,-0.002437104005366564,0.00012972205877304077,0.010797402454357615
2016-04-14,fold_4,China devaluation and oil crash,0.001780584454536438,1,-0.0025273242499679327,-1,-0.0025273242499679327,-0.1822908143803943,,,,0,-25.273242499679327,0.007044024765491486,-0.002437179908156395,0.001780584454536438,-0.3113639257109552
2016-04-15,fold_4,China devaluation and oil crash,0.00284373015165329,1,0.005318354815244675,1,0.005318354815244675,-0.17697245956514962,,,,1,53.18354815244675,0.01304500550031662,-0.01511763408780098,0.00284373015165329,0.6537108107086823
2016-04-18,fold_4,China devaluation and oil crash,0.002597447484731674,1,-0.006132390350103378,-1,-0.006132390350103378,-0.183104849915253,,,,0,-61.32390350103378,0.013090208172798157,-0.020435988903045654,0.002597447484731674,-0.746519575063396
2016-04-19,fold_4,China devaluation and oil crash,0.005072731524705887,1,0.0008140353602357209,1,0.0008140353602357209,-0.18229081455501728,,,,1,8.140353602357209,0.010366171598434448,-0.019178731366991997,0.005072731524705887,0.09828481736239875
2016-04-20,fold_4,China devaluation and oil crash,-0.0009419433772563934,-1,9.014434181153774e-05,1,-9.014434181153774e-05,-0.18238095889682882,,,,0,-0.9014434181153774,0.0020152367651462555,-0.028047095984220505,-0.0009419433772563934,0.01091842629886139
2016-04-21,fold_4,China devaluation and oil crash,-0.00030326470732688904,-1,-0.015207778662443161,-1,0.015207778662443161,-0.16717318023438565,,,,1,152.0777866244316,-0.0033918432891368866,-0.04029499739408493,-0.00030326470732688904,-1.889952292367294
2016-04-22,fold_4,China devaluation and oil crash,-0.0020621642470359802,-1,0.0,0,-0.0,-0.16717318023438565,,,,0,-0.0,-0.01996152102947235,-0.0303702000528574,-0.0020621642470359802,0.0
2016-04-25,fold_4,China devaluation and oil crash,-0.0073080286383628845,-1,-0.0048751323483884335,-1,0.0048751323483884335,-0.16229804788599722,,,,1,48.751323483884335,-0.014649668708443642,-0.020955650135874748,-0.0073080286383628845,-0.5584431452323555
2016-04-26,fold_4,China devaluation and oil crash,-0.011302493512630463,-1,-0.008054329082369804,-1,0.008054329082369804,-0.15424371880362742,,,,1,80.54329082369804,-0.029071681201457977,-0.025400573387742043,-0.011302493512630463,-1.0012567341013854
2016-04-27,fold_4,China devaluation and oil crash,-0.0013004951179027557,-1,-0.012157757766544819,-1,0.012157757766544819,-0.1420859610370826,,,,1,121.57757766544819,-0.035391900688409805,-0.023798203095793724,-0.0013004951179027557,-1.4878294773292926
2016-04-28,fold_4,China devaluation and oil crash,0.0004209280014038086,1,-0.005282980855554342,-1,-0.005282980855554342,-0.14736894189263694,,,,0,-52.82980855554342,0.008047223091125488,-0.011926179751753807,0.0004209280014038086,-0.6139008000621646
2018-10-24,fold_5,2018 Vol-mageddon + Q4 sell-off,0.010877951979637146,1,0.03401026502251625,1,0.03401026502251625,0.03401026502251625,,,,1,340.1026502251625,0.02998388558626175,0.026734814047813416,0.010877951979637146,1.77468860016443
2018-10-25,fold_5,2018 Vol-mageddon + Q4 sell-off,0.0051179006695747375,1,-0.026058673858642578,-1,-0.026058673858642578,0.007951591163873672,,,,0,-260.5867385864258,0.012973032891750336,0.00582903204485774,0.0051179006695747375,-1.2692032756157483
2018-10-26,fold_5,2018 Vol-mageddon + Q4 sell-off,0.009486202150583267,1,-0.02079581841826439,-1,-0.02079581841826439,-0.012844227254390717,,,,0,-207.9581841826439,0.025491993874311447,0.016188867390155792,0.009486202150583267,-0.9743944970941217
2018-10-29,fold_5,2018 Vol-mageddon + Q4 sell-off,0.010131366550922394,1,0.01634574495255947,1,0.01634574495255947,0.0035015176981687546,,,,1,163.4574495255947,0.030086472630500793,0.03450203314423561,0.010131366550922394,0.7484921883353494
2018-10-30,fold_5,2018 Vol-mageddon + Q4 sell-off,0.007948216050863266,1,0.02323329448699951,1,0.02323329448699951,0.026734812185168266,,,,1,232.33294486999512,0.021867182105779648,0.025703391060233116,0.007948216050863266,1.0495600485665344
2018-10-31,fold_5,2018 Vol-mageddon + Q4 sell-off,-0.0019109547138214111,-1,0.013104485347867012,1,-0.013104485347867012,0.013630326837301254,,,,0,-131.04485347867012,-0.01118658296763897,0.03335581719875336,-0.0019109547138214111,0.5763659324773915
2018-11-01,fold_5,2018 Vol-mageddon + Q4 sell-off,-0.003815487027168274,-1,-0.015698837116360664,-1,0.015698837116360664,0.02932916395366192,,,,1,156.98837116360664,-0.011652667075395584,0.013852041214704514,-0.003815487027168274,-0.6973882163455799
2018-11-02,fold_5,2018 Vol-mageddon + Q4 sell-off,-0.003860440105199814,-1,-0.002482652897015214,-1,0.002482652897015214,0.03181181685067713,,,,1,24.82652897015214,-0.008649120107293129,0.012555296532809734,-0.003860440105199814,-0.10977283931015479
2018-11-05,fold_5,2018 Vol-mageddon + Q4 sell-off,-0.011346720159053802,-1,0.007547101005911827,1,-0.007547101005911827,0.024264715844765306,,,,0,-75.47101005911827,-0.03309209644794464,-0.01568807289004326,-0.011346720159053802,0.33421468347266076
2018-11-06,fold_5,2018 Vol-mageddon + Q4 sell-off,-0.010063853114843369,-1,0.0308857224881649,1,-0.0308857224881649,-0.006621006643399596,,,,0,-308.857224881649,-0.027281133458018303,-0.022393720224499702,-0.010063853114843369,1.3646313407784774
2018-11-07,fold_5,2018 Vol-mageddon + Q4 sell-off,-0.007473982870578766,-1,-0.006399292498826981,-1,0.006399292498826981,-0.00022171414457261562,,,,1,63.992924988269806,-0.027299322187900543,-0.0609380342066288,-0.007473982870578766,-0.2987561094118364
2018-11-08,fold_5,2018 Vol-mageddon + Q4 sell-off,-0.012561704963445663,-1,-0.01699558086693287,-1,0.01699558086693287,0.016773866722360253,,,,1,169.9558086693287,-0.03067139908671379,-0.03719615936279297,-0.012561704963445663,-0.7984634592381895
2018-11-09,fold_5,2018 Vol-mageddon + Q4 sell-off,-0.014615025371313095,-1,-0.030726023018360138,-1,0.030726023018360138,0.04749988974072039,,,,1,307.2602301836014,-0.03270263224840164,-0.023716740310192108,-0.014615025371313095,-1.4820286766987243
2018-11-12,fold_5,2018 Vol-mageddon + Q4 sell-off,0.004901453852653503,1,0.000841454544570297,1,0.000841454544570297,0.04834134428529069,,,,1,8.41454544570297,0.013211723417043686,-0.026007166132330894,0.004901453852653503,0.03882904903812807
2018-11-13,fold_5,2018 Vol-mageddon + Q4 sell-off,0.008410967886447906,1,-0.007658591028302908,-1,-0.007658591028302908,0.04068275325698778,,,,0,-76.58591028302908,0.02633829042315483,-0.044905394315719604,0.008410967886447906,-0.3699598816985418
2018-11-14,fold_5,2018 Vol-mageddon + Q4 sell-off,0.010533805936574936,1,0.01734258234500885,1,0.01734258234500885,0.05802533560199663,,,,1,173.4258234500885,0.03305567055940628,-0.029672911390662193,0.010533805936574936,0.8349153533134935
2018-11-15,fold_5,2018 Vol-mageddon + Q4 sell-off,0.008504610508680344,1,-0.0035161625128239393,-1,-0.0035161625128239393,0.05450917308917269,,,,0,-35.16162512823939,0.03068431466817856,-0.05427509918808937,0.008504610508680344,-0.17177737056518852
2018-11-16,fold_5,2018 Vol-mageddon + Q4 sell-off,0.010387573391199112,1,-0.033016450703144073,-1,-0.033016450703144073,0.021492722386028618,,,,0,-330.16450703144073,0.039652809500694275,-0.027908116579055786,0.010387573391199112,-1.611867493491997
2018-11-19,fold_5,2018 Vol-mageddon + Q4 sell-off,0.012318696826696396,1,-0.018056772649288177,-1,-0.018056772649288177,0.00343594973674044,,,,0,-180.56772649288177,0.044993557035923004,0.008479170501232147,0.012318696826696396,-0.8304656952937203
2018-11-20,fold_5,2018 Vol-mageddon + Q4 sell-off,0.008517812937498093,1,0.007573891896754503,1,0.007573891896754503,0.011009841633494943,,,,1,75.73891896754503,0.03609589487314224,0.058211855590343475,0.008517812937498093,0.342721089958986
2018-11-21,fold_5,2018 Vol-mageddon + Q4 sell-off,0.008196316659450531,1,-0.007259607780724764,-1,-0.007259607780724764,0.0037502338527701795,,,,0,-72.59607780724764,0.04353126883506775,0.047372590750455856,0.008196316659450531,-0.37166995530783903
2018-11-23,fold_5,2018 Vol-mageddon + Q4 sell-off,0.01074768602848053,1,0.022850820794701576,1,0.022850820794701576,0.026601054647471756,,,,1,228.50820794701576,0.04766533523797989,0.06186139956116676,0.01074768602848053,1.2649789142725905
2018-11-26,fold_5,2018 Vol-mageddon + Q4 sell-off,0.006336826831102371,1,0.0033708387054502964,1,0.0033708387054502964,0.029971893352922052,,,,1,33.708387054502964,0.0282328799366951,0.05633609741926193,0.006336826831102371,0.1888876302400691
2018-11-27,fold_5,2018 Vol-mageddon + Q4 sell-off,0.00898054987192154,1,0.03167591243982315,1,0.03167591243982315,0.0616478057927452,,,,1,316.7591243982315,0.012271437793970108,0.013853813521564007,0.00898054987192154,1.8367398910174983
2018-11-28,fold_5,2018 Vol-mageddon + Q4 sell-off,-0.009178020060062408,-1,-0.0032653752714395523,-1,0.0032653752714395523,0.06491318106418476,,,,1,32.65375271439552,-0.03495622053742409,-0.01078720297664404,-0.009178020060062408,-0.17861348239722183
2018-11-29,fold_5,2018 Vol-mageddon + Q4 sell-off,-0.006736818701028824,-1,0.007229202892631292,1,-0.007229202892631292,0.05768397817155346,,,,0,-72.29202892631292,-0.02351100742816925,-0.04109470173716545,-0.006736818701028824,0.4120773526837548
2018-11-30,fold_5,2018 Vol-mageddon + Q4 sell-off,-0.009316660463809967,-1,0.017325518652796745,1,-0.017325518652796745,0.04035845951875672,,,,0,-173.25518652796745,-0.03271320462226868,-0.037905894219875336,-0.009316660463809967,0.997310767714053
2018-12-03,fold_5,2018 Vol-mageddon + Q4 sell-off,-0.008389607071876526,-1,-0.03911144658923149,-1,0.03911144658923149,0.07946990610798821,,,,1,391.1144658923149,-0.032984085381031036,-0.05192564055323601,-0.008389607071876526,-2.241424192443102
2018-12-04,fold_5,2018 Vol-mageddon + Q4 sell-off,0.0014302805066108704,1,0.007034897338598967,1,0.007034897338598967,0.08650480344658718,,,,1,70.34897338598967,-0.00015769526362419128,-0.004051308147609234,0.0014302805066108704,0.3605707093956329
2018-12-06,fold_5,2018 Vol-mageddon + Q4 sell-off,-0.0021213367581367493,-1,-0.03357287496328354,-1,0.03357287496328354,0.12007767840987071,,,,1,335.7287496328354,-0.0015609003603458405,-0.010783231817185879,-0.0021213367581367493,-1.7216083160429345
2018-12-07,fold_5,2018 Vol-mageddon + Q4 sell-off,0.003900725394487381,1,0.01041800994426012,1,0.01041800994426012,0.13049568835413083,,,,1,104.1800994426012,0.007955830544233322,-0.0018603972857818007,0.003900725394487381,0.5282515780582366
2018-12-10,fold_5,2018 Vol-mageddon + Q4 sell-off,-0.002025436609983444,-1,0.003305772552266717,1,-0.003305772552266717,0.12718991580186412,,,,0,-33.05772552266717,0.0003520362079143524,-0.03519889712333679,-0.002025436609983444,0.16689777918986154
2018-12-11,fold_5,2018 Vol-mageddon + Q4 sell-off,0.00011425092816352844,1,0.008762886747717857,1,0.008762886747717857,0.13595280254958197,,,,1,87.62886747717857,0.0035857856273651123,-0.032235823571681976,0.00011425092816352844,0.45045938463094426
2018-12-12,fold_5,2018 Vol-mageddon + Q4 sell-off,0.0005457103252410889,1,0.0003029732615686953,1,0.0003029732615686953,0.13625577581115067,,,,1,3.029732615686953,0.00484742596745491,-0.06586034595966339,0.0005457103252410889,0.016551644777471525
2018-12-13,fold_5,2018 Vol-mageddon + Q4 sell-off,-0.00017495080828666687,-1,-0.02465003915131092,-1,0.02465003915131092,0.1609058149624616,,,,1,246.5003915131092,-0.0020474083721637726,-0.08076487481594086,-0.00017495080828666687,-1.3467111284400528
2018-12-14,fold_5,2018 Vol-mageddon + Q4 sell-off,0.00905357301235199,1,-0.02292048931121826,-1,-0.02292048931121826,0.13798532565124333,,,,0,-229.20489311218262,0.029196463525295258,-0.08759868144989014,0.00905357301235199,-1.2038753790062104
2018-12-17,fold_5,2018 Vol-mageddon + Q4 sell-off,0.005989205092191696,1,0.006268845871090889,1,0.006268845871090889,0.14425417152233422,,,,1,62.68845871090889,0.026279259473085403,-0.08978883922100067,0.005989205092191696,0.3242801571004377
2018-12-18,fold_5,2018 Vol-mageddon + Q4 sell-off,0.0036031901836395264,1,-0.024861635640263557,-1,-0.024861635640263557,0.11939253588207066,,,,0,-248.61635640263557,0.014471784234046936,-0.035490769892930984,0.0036031901836395264,-1.283752666124262
2018-12-19,fold_5,2018 Vol-mageddon + Q4 sell-off,0.00852561742067337,1,-0.014601556584239006,-1,-0.014601556584239006,0.10479097929783165,,,,0,-146.01556584239006,0.04278605431318283,-0.006766404490917921,0.00852561742067337,-0.7788662930931695
2018-12-20,fold_5,2018 Vol-mageddon + Q4 sell-off,0.008709326386451721,1,-0.03148384019732475,-1,-0.03148384019732475,0.0733071391005069,,,,0,-314.8384019732475,0.05105909705162048,0.007312349509447813,0.008709326386451721,-1.6930339809025827
2018-12-21,fold_5,2018 Vol-mageddon + Q4 sell-off,0.010944802314043045,1,-0.025110647082328796,-1,-0.025110647082328796,0.048196492018178105,,,,0,-251.10647082328796,0.0504654124379158,0.047193724662065506,0.010944802314043045,-1.2674572673187545
2018-12-24,fold_5,2018 Vol-mageddon + Q4 sell-off,0.011299438774585724,1,0.06056690961122513,1,0.06056690961122513,0.10876340162940323,,,,1,605.6690961122513,0.05593693256378174,0.07631570100784302,0.011299438774585724,2.950446690963408
2018-12-26,fold_5,2018 Vol-mageddon + Q4 sell-off,0.0012817084789276123,1,0.0038627306930720806,1,0.0038627306930720806,0.11262613232247531,,,,1,38.627306930720806,0.0014227591454982758,-0.017467688769102097,0.0012817084789276123,0.1605697928539248
2018-12-27,fold_5,2018 Vol-mageddon + Q4 sell-off,0.0059234946966171265,1,-0.0005228033987805247,-1,-0.0005228033987805247,0.11210332892369479,,,,0,-5.228033987805247,0.008519012480974197,0.020564427599310875,0.0059234946966171265,-0.021729065604608522
2018-12-28,fold_5,2018 Vol-mageddon + Q4 sell-off,0.00653453916311264,1,0.008397532626986504,1,0.008397532626986504,0.12050086155068129,,,,1,83.97532626986504,0.002994205802679062,0.03292231634259224,0.00653453916311264,0.36520208009465255
2018-12-31,fold_5,2018 Vol-mageddon + Q4 sell-off,0.0027141012251377106,1,0.00401133019477129,1,0.00401133019477129,0.12451219174545258,,,,1,40.1133019477129,-0.018616102635860443,0.03352988138794899,0.0027141012251377106,0.17395794166586181
2019-01-02,fold_5,2018 Vol-mageddon + Q4 sell-off,-0.0051371194422245026,-1,-0.033216480165719986,-1,0.033216480165719986,0.15772867191117257,,,,1,332.16480165719986,-0.011268971487879753,0.03763500228524208,-0.0051371194422245026,-1.4429433525971453
2019-01-03,fold_5,2018 Vol-mageddon + Q4 sell-off,0.007524717599153519,1,0.04189484566450119,1,0.04189484566450119,0.19962351757567376,,,,1,418.9484566450119,0.013369187712669373,0.07370780408382416,0.007524717599153519,1.7546651131761455
2019-01-04,fold_5,2018 Vol-mageddon + Q4 sell-off,1.2245029211044312e-05,1,0.011835084296762943,1,0.011835084296762943,0.2114586018724367,,,,1,118.35084296762943,-0.016066405922174454,0.028147896751761436,1.2245029211044312e-05,0.4908543546392967
2019-01-07,fold_5,2018 Vol-mageddon + Q4 sell-off,-0.001566372811794281,-1,0.009005100466310978,1,-0.009005100466310978,0.20245350140612572,,,,0,-90.05100466310978,-0.0009596720337867737,0.0074369218200445175,-0.001566372811794281,0.37203579793221414
2019-01-08,fold_5,2018 Vol-mageddon + Q4 sell-off,-0.0011160559952259064,-1,0.008116450160741806,1,-0.008116450160741806,0.19433705124538392,,,,0,-81.16450160741806,-0.006282679736614227,0.01776972971856594,-0.0011160559952259064,0.3513725713332447
2019-01-09,fold_5,2018 Vol-mageddon + Q4 sell-off,-0.0016080103814601898,-1,0.0028563211672008038,1,-0.0028563211672008038,0.19148073007818311,,,,0,-28.563211672008038,0.0025154463946819305,0.009468733333051205,-0.0016080103814601898,0.12390206631015782
2019-01-10,fold_5,2018 Vol-mageddon + Q4 sell-off,-0.0028723590075969696,-1,-0.0036650579422712326,-1,0.0036650579422712326,0.19514578802045435,,,,1,36.650579422712326,-7.143616676330566e-05,0.014465805143117905,-0.0028723590075969696,-0.15900432044947757
2019-01-11,fold_5,2018 Vol-mageddon + Q4 sell-off,-0.003100138157606125,-1,-0.00887589156627655,-1,0.00887589156627655,0.2040216795867309,,,,1,88.7589156627655,0.0025816895067691803,0.027982445433735847,-0.003100138157606125,-0.3862234557550303
2019-01-14,fold_5,2018 Vol-mageddon + Q4 sell-off,0.004174958914518356,1,0.019337907433509827,1,0.019337907433509827,0.22335958702024072,,,,1,193.37907433509827,0.022722680121660233,0.016624685376882553,0.004174958914518356,0.8383482210297947
2019-01-15,fold_5,2018 Vol-mageddon + Q4 sell-off,0.0007371939718723297,1,-0.0001845464576035738,-1,-0.0001845464576035738,0.22317504056263715,,,,0,-1.845464576035738,0.005688119679689407,-0.0014171712100505829,0.0007371939718723297,-0.00808987921917732
2019-01-16,fold_5,2018 Vol-mageddon + Q4 sell-off,-0.0005303770303726196,-1,0.007853393442928791,1,-0.007853393442928791,0.21532164711970836,,,,0,-78.53393442928791,0.0014430470764636993,0.0052218688651919365,-0.0005303770303726196,0.35329712750900966
2019-01-17,fold_5,2018 Vol-mageddon + Q4 sell-off,-0.004720836877822876,-1,0.009851583279669285,1,-0.009851583279669285,0.20547006384003907,,,,0,-98.51583279669285,-0.01425095647573471,0.009246372617781162,-0.004720836877822876,0.4426878625243031
2019-01-18,fold_5,2018 Vol-mageddon + Q4 sell-off,-0.0040353164076805115,-1,-0.020233651623129845,-1,0.020233651623129845,0.22570371546316892,,,,1,202.33651623129845,-0.010321896523237228,-0.013034457340836525,-0.0040353164076805115,-0.9341151823620253
2019-01-22,fold_5,2018 Vol-mageddon + Q4 sell-off,-0.004182107746601105,-1,0.0012960510794073343,1,-0.0012960510794073343,0.22440766438376158,,,,0,-12.960510794073343,-0.007734658196568489,-0.002287453506141901,-0.004182107746601105,0.05921816890991798
2019-01-23,fold_5,2018 Vol-mageddon + Q4 sell-off,-0.0059563107788562775,-1,0.006454493384808302,1,-0.006454493384808302,0.21795317099895328,,,,0,-64.54493384808302,-0.01308027096092701,0.0215363297611475,-0.0059563107788562775,0.31143682154349095
2019-01-24,fold_5,2018 Vol-mageddon + Q4 sell-off,-0.002394363284111023,-1,0.011877898126840591,1,-0.011877898126840591,0.2060752728721127,,,,0,-118.77898126840591,-0.01117653027176857,0.02993958815932274,-0.002394363284111023,0.5938378744339285
2019-01-25,fold_5,2018 Vol-mageddon + Q4 sell-off,0.0023198463022708893,1,-0.012429247610270977,-1,-0.012429247610270977,0.19364602526184171,,,,0,-124.29247610270977,0.012601874768733978,0.013830570504069328,0.0023198463022708893,-0.8309956368039547
2019-01-28,fold_5,2018 Vol-mageddon + Q4 sell-off,0.03045257180929184,1,-0.009486648254096508,-1,-0.009486648254096508,0.1841593770077452,,,,0,-94.86648254096508,0.02112031728029251,0.038604870438575745,0.03045257180929184,-0.62459246102514
2019-01-29,fold_5,2018 Vol-mageddon + Q4 sell-off,0.02169949933886528,1,0.025119835510849953,1,0.025119835510849953,0.20927921251859516,,,,1,251.19835510849953,0.04919249564409256,0.05690077319741249,0.02169949933886528,1.6380173508875673
2019-01-30,fold_5,2018 Vol-mageddon + Q4 sell-off,0.0032780878245830536,1,0.01485775038599968,1,0.01485775038599968,0.22413696290459484,,,,1,148.5775038599968,0.01341886818408966,0.028794310986995697,0.0032780878245830536,0.9158159736361503
2019-01-31,fold_5,2018 Vol-mageddon + Q4 sell-off,-0.0013130605220794678,-1,-0.004231119528412819,-1,0.004231119528412819,0.22836808243300766,,,,1,42.31119528412819,-0.00490998849272728,0.00041609382606111467,-0.0013130605220794678,-0.25587502014519004
2019-02-01,fold_5,2018 Vol-mageddon + Q4 sell-off,-0.007579576224088669,-1,0.01234505232423544,1,-0.01234505232423544,0.21602303010877222,,,,0,-123.4505232423544,-0.023263979703187943,0.006606902461498976,-0.007579576224088669,0.8338895394396779
2019-02-04,fold_5,2018 Vol-mageddon + Q4 sell-off,-0.00816340371966362,-1,0.008809252642095089,1,-0.008809252642095089,0.20721377746667713,,,,0,-88.09252642095089,-0.026319734752178192,-0.006687937770038843,-0.00816340371966362,0.7471241039746336
2019-02-05,fold_5,2018 Vol-mageddon + Q4 sell-off,-0.006160523742437363,-1,-0.0029866250697523355,-1,0.0029866250697523355,0.21020040253642946,,,,1,29.866250697523355,-0.01767268404364586,-0.0008191018714569509,-0.006160523742437363,-0.25619367299360474
2019-02-06,fold_5,2018 Vol-mageddon + Q4 sell-off,-0.006219867616891861,-1,-0.013520467095077038,-1,0.013520467095077038,0.2237208696315065,,,,1,135.20467095077038,-0.01785328797996044,0.002869384828954935,-0.006219867616891861,-1.175501688232634
2019-02-07,fold_5,2018 Vol-mageddon + Q4 sell-off,0.0015551969408988953,1,0.001959689659997821,1,0.001959689659997821,0.22568055929150432,,,,1,19.59689659997821,-0.01642487570643425,0.017617112025618553,0.0015551969408988953,0.1667357073202623
2019-02-08,fold_5,2018 Vol-mageddon + Q4 sell-off,0.001293133944272995,1,-0.0009497877908870578,-1,-0.0009497877908870578,0.22473077150061727,,,,0,-9.497877908870578,-0.013069458305835724,0.019853880628943443,0.001293133944272995,-0.08087375287144566
2019-02-11,fold_5,2018 Vol-mageddon + Q4 sell-off,0.01599368453025818,1,0.014678088948130608,1,0.014678088948130608,0.23940886044874787,,,,1,146.78088948130608,-0.046517595648765564,0.022779028862714767,0.01599368453025818,1.2526771766344347
2019-02-12,fold_5,2018 Vol-mageddon + Q4 sell-off,-0.011581040918827057,-1,0.0007018616888672113,1,-0.0007018616888672113,0.23870699875988066,,,,0,-7.018616888672113,-0.047028444707393646,0.00792672112584114,-0.011581040918827057,0.05846206533534345
2019-02-13,fold_5,2018 Vol-mageddon + Q4 sell-off,-0.0034520812332630157,-1,0.001227260334417224,1,-0.001227260334417224,0.23747973842546344,,,,0,-12.27260334417224,-0.014511369168758392,0.0035608201287686825,-0.0034520812332630157,0.10956938104039882
2019-02-14,fold_5,2018 Vol-mageddon + Q4 sell-off,-0.0049374960362911224,-1,0.004196458030492067,1,-0.004196458030492067,0.23328328039497137,,,,0,-41.96458030492067,-0.020484037697315216,0.00970625039190054,-0.0049374960362911224,0.3745484592003061
2019-02-15,fold_5,2018 Vol-mageddon + Q4 sell-off,-0.0019451938569545746,-1,0.001975360093638301,1,-0.001975360093638301,0.23130792030133307,,,,0,-19.75360093638301,-0.009666426107287407,0.009147333912551403,-0.0019451938569545746,0.1778756870323239
2019-02-19,fold_5,2018 Vol-mageddon + Q4 sell-off,-0.005776390433311462,-1,-0.00017421865777578205,-1,0.00017421865777578205,0.23148213895910885,,,,1,1.7421865777578205,-0.021602056920528412,0.008208819665014744,-0.005776390433311462,-0.015992804153815002
2019-02-20,fold_5,2018 Vol-mageddon + Q4 sell-off,-0.0020253583788871765,-1,-0.0036640395410358906,-1,0.0036640395410358906,0.23514617850014474,,,,1,36.640395410358906,-0.00757456012070179,0.007749252486974001,-0.0020253583788871765,-0.3697444191702923
2019-02-21,fold_5,2018 Vol-mageddon + Q4 sell-off,-0.002026613801717758,-1,0.007372690364718437,1,-0.007372690364718437,0.2277734881354263,,,,0,-73.72690364718437,-0.00868207961320877,0.009106521494686604,-0.002026613801717758,0.7417759552143991
2019-02-22,fold_5,2018 Vol-mageddon + Q4 sell-off,-0.0013973712921142578,-1,0.0036375417839735746,1,-0.0036375417839735746,0.22413594635145273,,,,0,-36.375417839735746,-0.008418509736657143,0.00863878894597292,-0.0013973712921142578,0.36480757635248523
2019-02-25,fold_5,2018 Vol-mageddon + Q4 sell-off,-0.004133723676204681,-1,0.0010368457296863198,1,-0.0010368457296863198,0.2230991006217664,,,,0,-10.368457296863198,-0.01614554598927498,0.005173328332602978,-0.004133723676204681,0.10749815623397956
2019-02-26,fold_5,2018 Vol-mageddon + Q4 sell-off,-0.008068934082984924,-1,-0.0006337863160297275,-1,0.0006337863160297275,0.22373288693779614,,,,1,6.337863160297275,-0.024591291323304176,0.004881580825895071,-0.008068934082984924,-0.06859860697891929
2019-02-27,fold_5,2018 Vol-mageddon + Q4 sell-off,-0.004122711718082428,-1,-0.002306770533323288,-1,0.002306770533323288,0.22603965747111943,,,,1,23.06770533323288,-0.01329316757619381,-0.00017281183681916445,-0.004122711718082428,-0.2564972928000794
2019-02-28,fold_5,2018 Vol-mageddon + Q4 sell-off,-0.003177110105752945,-1,0.006904958747327328,1,-0.006904958747327328,0.2191346987237921,,,,0,-69.04958747327328,-0.016318686306476593,-0.010214511305093765,-0.003177110105752945,0.9804763321443797
2019-03-01,fold_5,2018 Vol-mageddon + Q4 sell-off,-0.0021837688982486725,-1,0.00017208090866915882,1,-0.00017208090866915882,0.21896261781512294,,,,0,-1.7208090866915882,-0.013105789199471474,-0.018637001514434814,-0.0021837688982486725,0.026893411076215196
2019-03-04,fold_5,2018 Vol-mageddon + Q4 sell-off,-0.0039819590747356415,-1,0.0007450981065630913,1,-0.0007450981065630913,0.21821751970855985,,,,0,-7.450981065630913,-0.010724596679210663,0.0017753717256709933,-0.0039819590747356415,0.11773856278902868
2019-03-05,fold_5,2018 Vol-mageddon + Q4 sell-off,-0.0040785446763038635,-1,-0.005688178818672895,-1,0.005688178818672895,0.22390569852723274,,,,1,56.881788186728954,-0.019144900143146515,0.0065093920566141605,-0.0040785446763038635,-0.9984404366472546
2019-03-06,fold_5,2018 Vol-mageddon + Q4 sell-off,-0.004371080547571182,-1,-0.012348470278084278,-1,0.012348470278084278,0.23625416880531702,,,,1,123.48470278084278,-0.004933930933475494,0.01968303509056568,-0.004371080547571182,-2.2472515457824884
2019-03-07,fold_5,2018 Vol-mageddon + Q4 sell-off,-0.0017367415130138397,-1,-0.0015175314620137215,-1,0.0015175314620137215,0.23777170026733074,,,,1,15.175314620137215,-0.0036056973040103912,0.030335213989019394,-0.0017367415130138397,-0.2482345434549959
2019-03-08,fold_5,2018 Vol-mageddon + Q4 sell-off,-0.0019263885915279388,-1,0.020584454759955406,1,-0.020584454759955406,0.21718724550737534,,,,0,-205.84454759955406,0.0059439390897750854,0.041090596467256546,-0.0019263885915279388,3.8661865610744894
2019-03-11,fold_5,2018 Vol-mageddon + Q4 sell-off,-0.008233636617660522,-1,0.005479118321090937,1,-0.005479118321090937,0.2117081271862844,,,,0,-54.79118321090937,-0.018719738349318504,0.022885199636220932,-0.008233636617660522,0.7800188928272659
2019-03-12,fold_5,2018 Vol-mageddon + Q4 sell-off,-0.005275387316942215,-1,0.007485463283956051,1,-0.007485463283956051,0.20422266390232835,,,,0,-74.85463283956051,-0.034481458365917206,0.020762847736477852,-0.005275387316942215,1.0502638374398423
2019-03-13,fold_5,2018 Vol-mageddon + Q4 sell-off,-0.005749400705099106,-1,-0.0016962912632152438,-1,0.0016962912632152438,0.2059189551655436,,,,1,16.962912632152438,-0.025883615016937256,0.01723448745906353,-0.005749400705099106,-0.259205191477666
2019-03-14,fold_5,2018 Vol-mageddon + Q4 sell-off,-0.0015926770865917206,-1,0.009237850084900856,1,-0.009237850084900856,0.19668110508064274,,,,0,-92.37850084900856,-0.009445041418075562,0.03444202244281769,-0.0015926770865917206,1.409647264496538
2019-03-15,fold_5,2018 Vol-mageddon + Q4 sell-off,-0.0031409859657287598,-1,0.0023790590930730104,1,-0.0023790590930730104,0.19430204598756973,,,,0,-23.790590930730104,-0.018651513382792473,0.0029952730983495712,-0.0031409859657287598,0.34651527241994967
2019-03-18,fold_5,2018 Vol-mageddon + Q4 sell-off,-0.0017182938754558563,-1,0.003356766188517213,1,-0.003356766188517213,0.19094527979905251,,,,0,-33.56766188517213,-0.00838790088891983,-0.0012897165725007653,-0.0017182938754558563,0.49204903498740066
2019-03-19,fold_5,2018 Vol-mageddon + Q4 sell-off,-0.008612487465143204,-1,0.003957103006541729,1,-0.003957103006541729,0.18698817679251079,,,,0,-39.57103006541729,-0.02555661089718342,0.0,-0.008612487465143204,0.5777674207829703
2019-03-20,fold_5,2018 Vol-mageddon + Q4 sell-off,-0.007515944540500641,-1,0.015511245466768742,1,-0.015511245466768742,0.17147693132574204,,,,0,-155.11245466768742,-0.01899760775268078,-0.010400827042758465,-0.007515944540500641,2.2461296638731625
2019-03-21,fold_5,2018 Vol-mageddon + Q4 sell-off,-0.0056940726935863495,-1,-0.02220890112221241,-1,0.02220890112221241,0.19368583244795445,,,,1,222.0890112221241,-0.007734864950180054,-0.023610059171915054,-0.0056940726935863495,-2.890170330312154
2019-03-22,fold_5,2018 Vol-mageddon + Q4 sell-off,0.0039719752967357635,1,-0.001905930577777326,-1,-0.001905930577777326,0.19177990187017713,,,,0,-19.05930577777326,-0.006696594879031181,0.006141345482319593,0.0039719752967357635,-0.21178024690818373
2019-03-25,fold_5,2018 Vol-mageddon + Q4 sell-off,0.0031936876475811005,1,0.004646482411772013,1,0.004646482411772013,0.19642638428194914,,,,1,46.46482411772013,0.022313982248306274,0.021207502111792564,0.0031936876475811005,0.5178372879620403
2019-03-26,fold_5,2018 Vol-mageddon + Q4 sell-off,-0.004629999399185181,-1,-0.006443724036216736,-1,0.006443724036216736,0.20287010831816588,,,,1,64.43724036216736,-0.006586648523807526,0.02034425549209118,-0.004629999399185181,-0.7136034369894386
2019-03-27,fold_5,2018 Vol-mageddon + Q4 sell-off,0.010511331260204315,1,0.0023020142689347267,1,0.0023020142689347267,0.2051721225871006,,,,1,23.020142689347267,0.04452327638864517,0.03251755237579346,0.010511331260204315,0.25177956690205505
2019-03-28,fold_5,2018 Vol-mageddon + Q4 sell-off,0.006470981985330582,1,0.007542503532022238,1,0.007542503532022238,0.21271462611912284,,,,1,75.42503532022238,0.03895604610443115,0.029834916815161705,0.006470981985330582,0.8249561163490199
2019-03-29,fold_5,2018 Vol-mageddon + Q4 sell-off,0.016504164785146713,1,0.013160225003957748,1,0.013160225003957748,0.2258748511230806,,,,1,131.60225003957748,0.03082490712404251,0.027450084686279297,0.016504164785146713,1.4354417979438217
2019-04-01,fold_5,2018 Vol-mageddon + Q4 sell-off,0.00170811265707016,1,0.0037832369562238455,1,0.0037832369562238455,0.22965808807930443,,,,1,37.832369562238455,0.007620662450790405,0.01683189906179905,0.00170811265707016,0.3929132302604623
2019-04-02,fold_5,2018 Vol-mageddon + Q4 sell-off,-0.0003224499523639679,-1,0.005729572847485542,1,-0.005729572847485542,0.2239285152318189,,,,0,-57.29572847485542,-0.0006034113466739655,0.009531304240226746,-0.0003224499523639679,0.5928572924656258
2019-04-03,fold_5,2018 Vol-mageddon + Q4 sell-off,-0.0006955116987228394,-1,-0.0003806223103310913,-1,0.0003806223103310913,0.22430913754214998,,,,1,3.806223103310913,-0.0011720173060894012,0.009153859689831734,-0.0006955116987228394,-0.03937922860941791
2019-04-04,fold_5,2018 Vol-mageddon + Q4 sell-off,-0.0007229559123516083,-1,0.00515767140313983,1,-0.00515767140313983,0.21915146613901015,,,,0,-51.576714031398296,0.0014003254473209381,0.007159198634326458,-0.0007229559123516083,0.5567941972777216
2019-04-05,fold_5,2018 Vol-mageddon + Q4 sell-off,-0.0005435049533843994,-1,0.0025420398451387882,1,-0.0025420398451387882,0.21660942629387137,,,,0,-25.420398451387882,0.0006248950958251953,0.006315842270851135,-0.0005435049533843994,0.2725024093881886
2019-04-08,fold_5,2018 Vol-mageddon + Q4 sell-off,-0.0005458109080791473,-1,-0.0035173578653484583,-1,0.0035173578653484583,0.22012678415921982,,,,1,35.17357865348458,-0.0004165768623352051,0.003935340326279402,-0.0005458109080791473,-0.43243918616901417
2019-04-09,fold_5,2018 Vol-mageddon + Q4 sell-off,-0.007676523178815842,-1,0.005352128762751818,1,-0.005352128762751818,0.214774655396468,,,,0,-53.52128762751818,-0.017570126801729202,0.010890415869653225,-0.007676523178815842,0.6624467096671369
2019-04-10,fold_5,2018 Vol-mageddon + Q4 sell-off,-0.0017755776643753052,-1,-0.0023752839770168066,-1,0.0023752839770168066,0.2171499393734848,,,,1,23.752839770168066,0.0006074421107769012,0.009017187170684338,-0.0017755776643753052,-0.29712804898278294
2019-04-11,fold_5,2018 Vol-mageddon + Q4 sell-off,-0.003070652484893799,-1,0.004314315505325794,1,-0.004314315505325794,0.21283562386815902,,,,0,-43.14315505325794,-0.007387299090623856,0.012674174271523952,-0.003070652484893799,0.5391018631979752
2019-04-12,fold_5,2018 Vol-mageddon + Q4 sell-off,-0.004322141408920288,-1,0.0001615378278074786,1,-0.0001615378278074786,0.21267408604035154,,,,0,-1.615378278074786,-0.011717041954398155,0.011184216476976871,-0.004322141408920288,0.020732427437063147
2019-04-15,fold_5,2018 Vol-mageddon + Q4 sell-off,-0.005106154829263687,-1,0.0034377172123640776,1,-0.0034377172123640776,0.20923636882798746,,,,0,-34.377172123640776,-0.007832841947674751,0.02366057224571705,-0.005106154829263687,0.4422379245469731
2019-04-16,fold_5,2018 Vol-mageddon + Q4 sell-off,-0.007060401141643524,-1,0.0034789007622748613,1,-0.0034789007622748613,0.2057574680657126,,,,0,-34.78900762274861,-0.02229570597410202,0.0170652624219656,-0.007060401141643524,0.44743409613884627
2019-04-17,fold_5,2018 Vol-mageddon + Q4 sell-off,-0.007304884493350983,-1,0.001281703356653452,1,-0.001281703356653452,0.20447576470905915,,,,0,-12.81703356653452,-0.02105635404586792,0.017636874690651894,-0.007304884493350983,0.16508748451011285
2019-04-18,fold_5,2018 Vol-mageddon + Q4 sell-off,-0.005076296627521515,-1,0.002824357245117426,1,-0.002824357245117426,0.20165140746394172,,,,0,-28.24357245117426,-0.010234585031867027,0.01724712736904621,-0.005076296627521515,0.4062728922046816
2019-04-22,fold_5,2018 Vol-mageddon + Q4 sell-off,-0.006190340965986252,-1,0.012637894600629807,1,-0.012637894600629807,0.18901351286331192,,,,0,-126.37894600629807,-0.012254850938916206,0.016361890360713005,-0.006190340965986252,2.5761801972299163
2019-04-23,fold_5,2018 Vol-mageddon + Q4 sell-off,-0.007295712828636169,-1,-0.0031575928442180157,-1,0.0031575928442180157,0.19217110570752993,,,,1,31.575928442180157,-0.013993339613080025,-0.004054222255945206,-0.007295712828636169,-0.5593278337476337
2019-04-24,fold_5,2018 Vol-mageddon + Q4 sell-off,-0.006677553057670593,-1,0.004050512798130512,1,-0.004050512798130512,0.18812059290939942,,,,0,-40.50512798130512,-0.013013744726777077,-0.004119951277971268,-0.006677553057670593,0.7241279199257808
2019-04-25,fold_5,2018 Vol-mageddon + Q4 sell-off,-0.00462297722697258,-1,0.0008919559768401086,1,-0.0008919559768401086,0.1872286369325593,,,,0,-8.919559768401086,-0.0078092310577631,-0.012520142830908298,-0.00462297722697258,0.16275839997497182
2019-04-26,fold_5,2018 Vol-mageddon + Q4 sell-off,-0.004077699035406113,-1,0.0019391197711229324,1,-0.0019391197711229324,0.18528951716143638,,,,0,-19.391197711229324,-0.011939585208892822,0.002410326385870576,-0.004077699035406113,0.3551721476100761
2019-04-29,fold_5,2018 Vol-mageddon + Q4 sell-off,-0.004657283425331116,-1,-0.007778218016028404,-1,0.007778218016028404,0.19306773517746478,,,,1,77.78218016028404,-0.007687106728553772,-0.005670021288096905,-0.004657283425331116,-1.4927381154327648
2020-04-28,fold_6,COVID crash and V-recovery,0.0028701648116111755,1,0.034846752882003784,1,0.034846752882003784,0.034846752882003784,,,,1,348.46752882003784,0.009471088647842407,0.02870927006006241,0.0028701648116111755,1.349116258860208
2020-04-29,fold_6,COVID crash and V-recovery,0.006935477256774902,1,-0.00041101736132986844,-1,-0.00041101736132986844,0.034435735520673916,,,,0,-4.110173613298684,0.011791948229074478,0.0,0.006935477256774902,-0.015273329603258962
2020-04-30,fold_6,COVID crash and V-recovery,0.004347044974565506,1,-0.02858983725309372,-1,-0.02858983725309372,0.005845898267580196,,,,0,-285.8983725309372,-0.0010680072009563446,0.013205603696405888,0.004347044974565506,-1.139100475499464
2020-05-01,fold_6,COVID crash and V-recovery,0.014588691294193268,1,0.011590042151510715,1,0.011590042151510715,0.017435940419090912,,,,1,115.90042151510715,0.014586932957172394,0.05540729686617851,0.014588691294193268,0.454380527434365
2020-05-04,fold_6,COVID crash and V-recovery,0.03424772620201111,1,0.011273329146206379,1,0.011273329146206379,0.02870926956529729,,,,1,112.73329146206379,-0.03394540399312973,0.05271638184785843,0.03424772620201111,0.4431575926811178
2020-05-05,fold_6,COVID crash and V-recovery,0.0030076615512371063,1,0.006137482821941376,1,0.006137482821941376,0.034846752387238666,,,,1,61.37482821941376,-0.03839154541492462,0.020283684134483337,0.0030076615512371063,0.3012582525123526
2020-05-06,fold_6,COVID crash and V-recovery,0.015564028173685074,1,0.012794585898518562,1,0.012794585898518562,0.04764133828575723,,,,1,127.94585898518562,-0.01602952927350998,0.0015512654790654778,0.015564028173685074,0.6266082108417178
2020-05-07,fold_6,COVID crash and V-recovery,0.007117103785276413,1,0.013611855916678905,1,0.013611855916678905,0.061253194202436134,,,,1,136.11855916678905,0.009834859520196915,4.5156863052397966e-05,0.007117103785276413,0.6780198336118983
2020-05-08,fold_6,COVID crash and V-recovery,-0.003320973366498947,-1,0.008899128064513206,1,-0.008899128064513206,0.05235406613792293,,,,0,-88.99128064513206,-0.009863488376140594,-0.007096275221556425,-0.003320973366498947,0.4383214928755762
2020-05-11,fold_6,COVID crash and V-recovery,-0.0010470859706401825,-1,-0.021159369498491287,-1,0.021159369498491287,0.07351343563641421,,,,1,211.59369498491287,0.0013376809656620026,0.002465191762894392,-0.0010470859706401825,-1.0444928112474263
2020-05-12,fold_6,COVID crash and V-recovery,0.003386951982975006,1,-0.012594935484230518,-1,-0.012594935484230518,0.0609185001521837,,,,0,-125.94935484230518,0.033423520624637604,0.021115215495228767,0.003386951982975006,-0.6809020398622824
2020-05-13,fold_6,COVID crash and V-recovery,0.05303629860281944,1,0.011288478039205074,1,0.011288478039205074,0.07220697819138877,,,,1,112.88478039205074,0.07792343199253082,0.053481537848711014,0.05303629860281944,0.6091367844048735
2020-05-14,fold_6,COVID crash and V-recovery,0.04282238706946373,1,0.006470423191785812,1,0.006470423191785812,0.07867740138317458,,,,1,64.70423191785812,-0.038952842354774475,0.031242623925209045,0.04282238706946373,0.3543286206546096
2020-05-15,fold_6,COVID crash and V-recovery,0.0429963693022728,1,0.018460595980286598,1,0.018460595980286598,0.09713799736346118,,,,1,184.60595980286598,0.013733990490436554,0.028218109160661697,0.0429963693022728,1.0146429521600169
2020-05-18,fold_6,COVID crash and V-recovery,0.00372513011097908,1,-0.002509345533326268,-1,-0.002509345533326268,0.09462865183013491,,,,0,-25.093455333262682,-0.011760717257857323,0.0070541235618293285,0.00372513011097908,-0.1358947902996018
2020-05-19,fold_6,COVID crash and V-recovery,-0.00854785367846489,-1,0.019771385937929153,1,-0.019771385937929153,0.07485726589220576,,,,0,-197.71385937929153,0.0018275752663612366,0.015006253495812416,-0.00854785367846489,1.2019011447599568
2020-05-20,fold_6,COVID crash and V-recovery,-0.0028806664049625397,-1,-0.010950435884296894,-1,0.010950435884296894,0.08580770177650265,,,,1,109.50435884296894,0.004028946161270142,-0.006068696733564138,-0.0028806664049625397,-0.6962042515893885
2020-05-21,fold_6,COVID crash and V-recovery,-0.0009564012289047241,-1,0.003445908660069108,1,-0.003445908660069108,0.08236179311643355,,,,0,-34.45908660069108,0.013282578438520432,0.01942809484899044,-0.0009564012289047241,0.21657318928388547
2020-05-22,fold_6,COVID crash and V-recovery,-4.607066512107849e-05,-1,-0.0027033903170377016,-1,0.0027033903170377016,0.08506518343347125,,,,1,27.033903170377016,0.008943136781454086,0.018977487459778786,-4.607066512107849e-05,-0.17395546199459244
2020-05-26,fold_6,COVID crash and V-recovery,-0.001536451280117035,-1,0.005442784167826176,1,-0.005442784167826176,0.07962239926564507,,,,0,-54.42784167826176,0.01211872324347496,0.028366241604089737,-0.001536451280117035,0.3523078665915714
2020-05-27,fold_6,COVID crash and V-recovery,0.0009847953915596008,1,-0.00130356359295547,-1,-0.00130356359295547,0.0783188356726896,,,,0,-13.0356359295547,0.01792009174823761,0.02741178125143051,0.0009847953915596008,-0.08747495646310993
2020-05-28,fold_6,COVID crash and V-recovery,0.003254227340221405,1,0.014546356163918972,1,0.014546356163918972,0.09286519183660857,,,,1,145.46356163918972,0.015552189201116562,0.02167745679616928,0.003254227340221405,1.144836825768415
2020-05-29,fold_6,COVID crash and V-recovery,0.0007288344204425812,1,0.002995300805196166,1,0.002995300805196166,0.09586049264180474,,,,1,29.95300805196166,-0.0029641836881637573,0.026764295995235443,0.0007288344204425812,0.22837949258839393
2020-06-01,fold_6,COVID crash and V-recovery,0.0033198148012161255,1,0.006685362663120031,1,0.006685362663120031,0.10254585530492477,,,,1,66.85362663120031,0.015368223190307617,0.03149901330471039,0.0033198148012161255,0.5827813231771511
2020-06-02,fold_6,COVID crash and V-recovery,0.0012418553233146667,1,0.004488324746489525,1,0.004488324746489525,0.1070341800514143,,,,1,44.88324746489525,0.005840875208377838,0.032032568007707596,0.0012418553233146667,0.3980972830499163
2020-06-03,fold_6,COVID crash and V-recovery,0.00036943331360816956,1,-0.007037887815386057,-1,-0.007037887815386057,0.09999629223602824,,,,0,-70.37887815386057,0.00933818519115448,0.03947428986430168,0.00036943331360816956,-0.6377926107384717
2020-06-04,fold_6,COVID crash and V-recovery,0.0008939690887928009,1,0.01963319443166256,1,0.01963319443166256,0.1196294866676908,,,,1,196.3319443166256,0.014399759471416473,-0.0043064602650702,0.0008939690887928009,1.7748960173917738
2020-06-05,fold_6,COVID crash and V-recovery,-0.0014542825520038605,-1,0.00773001741617918,1,-0.00773001741617918,0.11189946925151162,,,,0,-77.3001741617918,0.0057415105402469635,-0.016023224219679832,-0.0014542825520038605,0.6691537153486794
2020-06-08,fold_6,COVID crash and V-recovery,-0.003248099237680435,-1,0.007218916900455952,1,-0.007218916900455952,0.10468055235105567,,,,0,-72.18916900455952,0.0029156990349292755,-0.011659504845738411,-0.003248099237680435,0.6401453804806366
2020-06-09,fold_6,COVID crash and V-recovery,-0.0034703724086284637,-1,0.01193004846572876,1,-0.01193004846572876,0.09275050388532691,,,,0,-119.3004846572876,0.005224723368883133,-0.0018512934911996126,-0.0034703724086284637,1.0635877806641232
2020-06-10,fold_6,COVID crash and V-recovery,-0.005246281623840332,-1,-0.050818637013435364,-1,0.050818637013435364,0.14356914089876227,,,,1,508.18637013435364,-0.0069898925721645355,-0.01061584148555994,-0.005246281623840332,-4.833366497560921
2020-06-11,fold_6,COVID crash and V-recovery,0.028745703399181366,1,0.007916430942714214,1,0.007916430942714214,0.15148557184147649,,,,1,79.16430942714214,-0.03584316000342369,0.04290812090039253,0.028745703399181366,0.5200283997094477
2020-06-12,fold_6,COVID crash and V-recovery,-0.001842644065618515,-1,0.012093736790120602,1,-0.012093736790120602,0.13939183505135588,,,,0,-120.93736790120602,-0.04013419896364212,0.0348283015191555,-0.001842644065618515,0.8000435567549711
2020-06-15,fold_6,COVID crash and V-recovery,-0.002475328743457794,-1,0.017027128487825394,1,-0.017027128487825394,0.12236470656353049,,,,0,-170.27128487825394,-0.0481739267706871,0.03465566039085388,-0.002475328743457794,1.1137561430626872
2020-06-16,fold_6,COVID crash and V-recovery,-0.004543468356132507,-1,0.0031655009370297194,1,-0.0031655009370297194,0.11919920562650077,,,,0,-31.655009370297194,-0.05672626569867134,0.026103550568223,-0.004543468356132507,0.20819354101787516
2020-06-17,fold_6,COVID crash and V-recovery,0.0007966943085193634,1,0.002705324674025178,1,0.002705324674025178,0.12190453030052595,,,,1,27.05324674025178,-0.03118850290775299,0.002107067499309778,0.0007966943085193634,0.1778563538394904
2020-06-18,fold_6,COVID crash and V-recovery,-0.0016017742455005646,-1,-0.00016339019930455834,-1,0.00016339019930455834,0.1220679204998305,,,,1,1.6339019930455834,-0.007324930280447006,0.008876042440533638,-0.0016017742455005646,-0.011216744710318296
2020-06-19,fold_6,COVID crash and V-recovery,-0.0020631030201911926,-1,0.01192109752446413,1,-0.01192109752446413,0.11014682297536638,,,,0,-119.2109752446413,0.006676889955997467,-0.01485886238515377,-0.0020631030201911926,0.8301943175953945
2020-06-22,fold_6,COVID crash and V-recovery,-0.00025058165192604065,-1,0.008475018665194511,1,-0.008475018665194511,0.10167180431017186,,,,0,-84.75018665194511,0.0005494542419910431,-0.01593226008117199,-0.00025058165192604065,0.5811019860795387
2020-06-23,fold_6,COVID crash and V-recovery,-2.8155744075775146e-05,-1,-0.02083098329603672,-1,0.02083098329603672,0.12250278760620859,,,,1,208.3098329603672,0.0032756514847278595,-0.004995599389076233,-2.8155744075775146e-05,-1.4175974704980616
2020-06-24,fold_6,COVID crash and V-recovery,0.008814364671707153,1,0.009474299848079681,1,0.009474299848079681,0.13197708745428827,,,,1,94.74299848079681,-0.005967399105429649,0.02743980661034584,0.008814364671707153,0.6165341995312399
2020-06-25,fold_6,COVID crash and V-recovery,0.002135965973138809,1,-0.023898296058177948,-1,-0.023898296058177948,0.10807879139611032,,,,0,-238.98296058177948,-0.012386126443743706,0.02472933940589428,0.002135965973138809,-1.5408676806680528
2020-06-26,fold_6,COVID crash and V-recovery,0.009608346968889236,1,0.010847700759768486,1,0.010847700759768486,0.1189264921558788,,,,1,108.47700759768486,-0.005328251048922539,0.07291491329669952,0.009608346968889236,0.6746617427209867
2020-06-29,fold_6,COVID crash and V-recovery,0.0034356601536273956,1,0.01941167749464512,1,0.01941167749464512,0.13833816965052392,,,,1,194.1167749464512,-0.02068096399307251,0.05515451729297638,0.0034356601536273956,1.1947957833765366
2020-06-30,fold_6,COVID crash and V-recovery,-0.012861501425504684,-1,0.011604422703385353,1,-0.011604422703385353,0.12673374694713857,,,,0,-116.04422703385353,-0.044095396995544434,0.048828642815351486,-0.012861501425504684,0.692796584541074
2020-07-01,fold_6,COVID crash and V-recovery,-0.001542661339044571,-1,0.00676383264362812,1,-0.00676383264362812,0.11996991430351045,,,,0,-67.6383264362812,-0.010423900559544563,0.04561207443475723,-0.001542661339044571,0.39974959804786203
2020-07-02,fold_6,COVID crash and V-recovery,-0.0005331821739673615,-1,0.024287275969982147,1,-0.024287275969982147,0.0956826383335283,,,,0,-242.87275969982147,-0.011994186788797379,0.04565257206559181,-0.0005331821739673615,1.4358778581058032
2020-07-06,fold_6,COVID crash and V-recovery,-0.0007250010967254639,-1,-0.006912693381309509,-1,0.006912693381309509,0.10259533171483781,,,,1,69.12693381309509,-0.0006618499755859375,0.0005803222302347422,-0.0007250010967254639,-0.40157268428087856
2020-07-07,fold_6,COVID crash and V-recovery,-0.0004735700786113739,-1,0.01308580581098795,1,-0.01308580581098795,0.08950952590384986,,,,0,-130.8580581098795,-0.0018357373774051666,0.014546205289661884,-0.0004735700786113739,0.760950319818398
2020-07-08,fold_6,COVID crash and V-recovery,0.000777069479227066,1,0.008387851528823376,1,0.008387851528823376,0.09789737743267324,,,,1,83.87851528823376,0.0023454278707504272,0.0034939206670969725,0.000777069479227066,0.4829213491086964
2020-07-09,fold_6,COVID crash and V-recovery,0.0010124072432518005,1,0.006804332137107849,1,0.006804332137107849,0.10470170956978109,,,,1,68.04332137107849,-0.005757581442594528,-0.01173989288508892,0.0010124072432518005,0.39410950525264227
2020-07-10,fold_6,COVID crash and V-recovery,-0.0028690509498119354,-1,-0.020784974098205566,-1,0.020784974098205566,0.12548668366798665,,,,1,207.84974098205566,-0.014817474409937859,-0.017386941239237785,-0.0028690509498119354,-1.5882076019087286
2020-07-13,fold_6,COVID crash and V-recovery,-0.0034919902682304382,-1,0.007053189445286989,1,-0.007053189445286989,0.11843349422269966,,,,0,-70.53189445286989,-0.051100462675094604,0.031374141573905945,-0.0034919902682304382,0.5120446139780346
2020-07-14,fold_6,COVID crash and V-recovery,0.009919825941324234,1,0.0020335218869149685,1,0.0020335218869149685,0.12046701610961463,,,,1,20.335218869149685,-0.008249795064330101,0.013845482841134071,0.009919825941324234,0.14954269287114882
2020-07-15,fold_6,COVID crash and V-recovery,-0.00027957186102867126,-1,-0.006845961790531874,-1,0.006845961790531874,0.1273129779001465,,,,1,68.45961790531874,0.004845641553401947,0.01532869040966034,-0.00027957186102867126,-0.5241009812391734
2020-07-16,fold_6,COVID crash and V-recovery,0.01179400086402893,1,0.0011572843650355935,1,0.0011572843650355935,0.1284702622651821,,,,1,11.572843650355935,0.021571218967437744,-0.004292608238756657,0.01179400086402893,0.08812283189001813
2020-07-17,fold_6,COVID crash and V-recovery,0.011836975812911987,1,0.027976106852293015,1,0.027976106852293015,0.15644636911747511,,,,1,279.76106852293015,0.02662312611937523,-0.01499137282371521,0.011836975812911987,2.132123708338193
2020-07-20,fold_6,COVID crash and V-recovery,-0.005488213151693344,-1,-0.010475467890501022,-1,0.010475467890501022,0.16692183700797614,,,,1,104.75467890501022,-0.02398766204714775,-0.025281477719545364,-0.005488213151693344,-0.7206510227050099
2020-07-21,fold_6,COVID crash and V-recovery,-0.005594555288553238,-1,0.0035167301539331675,1,-0.0035167301539331675,0.16340510685404297,,,,0,-35.167301539331675,-0.020452845841646194,-0.027612756937742233,-0.005594555288553238,0.24286262614215368
2020-07-22,fold_6,COVID crash and V-recovery,-0.00592263787984848,-1,-0.026467259973287582,-1,0.026467259973287582,0.18987236682733055,,,,1,264.6725997328758,-0.020130373537540436,-0.019669238477945328,-0.00592263787984848,-1.8409053843650716
2020-07-23,fold_6,COVID crash and V-recovery,0.017474140971899033,1,-0.009541480801999569,-1,-0.009541480801999569,0.18033088602533098,,,,0,-95.41480801999569,0.0032768696546554565,0.012019885703921318,0.017474140971899033,-0.6432334964953011
2020-07-24,fold_6,COVID crash and V-recovery,0.04052378609776497,1,0.01768600009381771,1,0.01768600009381771,0.1980168861191487,,,,1,176.8600009381771,-0.012931536883115768,0.03924935311079025,0.04052378609776497,1.1921186983156284
2020-07-27,fold_6,COVID crash and V-recovery,0.020636525005102158,1,-0.012806747108697891,-1,-0.012806747108697891,0.1852101390104508,,,,0,-128.0674710869789,-0.028815453872084618,0.034980401396751404,0.020636525005102158,-0.8897363445671662
2020-07-28,fold_6,COVID crash and V-recovery,0.0697937160730362,1,0.011460249312222004,1,0.011460249312222004,0.1966703883226728,,,,1,114.60249312222004,-0.04815976321697235,0.05149209499359131,0.0697937160730362,0.7917747031445751
2020-07-29,fold_6,COVID crash and V-recovery,0.04464621841907501,1,0.0052218628115952015,1,0.0052218628115952015,0.201892251134268,,,,1,52.218628115952015,-0.004176724702119827,0.042506542056798935,0.04464621841907501,0.3718284970110825
2020-07-30,fold_6,COVID crash and V-recovery,0.02210274524986744,1,0.01768798753619194,1,0.01768798753619194,0.21958023867045995,,,,1,176.8798753619194,-0.023165930062532425,0.05044260248541832,0.02210274524986744,1.2769965562045513
2020-07-31,fold_6,COVID crash and V-recovery,-0.0033295899629592896,-1,0.013417048379778862,1,-0.013417048379778862,0.2061631902906811,,,,0,-134.17048379778862,-0.022607043385505676,0.021145181730389595,-0.0033295899629592896,0.9366016124301634
2020-08-03,fold_6,COVID crash and V-recovery,-0.01235298439860344,-1,0.003704946953803301,1,-0.003704946953803301,0.20245824333687779,,,,0,-37.04946953803301,-0.04062740132212639,0.0034460306633263826,-0.01235298439860344,0.27259952974596996
2020-08-04,fold_6,COVID crash and V-recovery,-0.009523298591375351,-1,0.0024746968410909176,1,-0.0024746968410909176,0.19998354649578687,,,,0,-24.746968410909176,-0.027547687292099,-0.01938198134303093,-0.009523298591375351,0.18292635050540385
2020-08-05,fold_6,COVID crash and V-recovery,-0.006204187870025635,-1,0.013157923705875874,1,-0.013157923705875874,0.186825622789911,,,,0,-131.57923705875874,-0.017108919098973274,0.0029841316863894463,-0.006204187870025635,0.9953246352301299
2020-08-06,fold_6,COVID crash and V-recovery,-0.006631903350353241,-1,-0.011609433218836784,-1,0.011609433218836784,0.19843505600874778,,,,1,116.09433218836784,-0.020526159554719925,-0.00789579376578331,-0.006631903350353241,-0.8655564505121134
2020-08-07,fold_6,COVID crash and V-recovery,-0.0035219863057136536,-1,-0.004282103851437569,-1,0.004282103851437569,0.20271715986018535,,,,1,42.82103851437569,-0.00632186233997345,0.002538258209824562,-0.0035219863057136536,-0.315403274167436
2020-08-10,fold_6,COVID crash and V-recovery,-0.005716357380151749,-1,-0.01912306621670723,-1,0.01912306621670723,0.22184022607689258,,,,1,191.2306621670723,-0.013785472139716148,0.018364673480391502,-0.005716357380151749,-1.4949017218268141
2020-08-11,fold_6,COVID crash and V-recovery,0.015122905373573303,1,0.024840809404850006,1,0.024840809404850006,0.24668103548174258,,,,1,248.40809404850006,0.033193670213222504,0.04706699773669243,0.015122905373573303,1.854425462059186
2020-08-12,fold_6,COVID crash and V-recovery,-0.0023452527821063995,-1,0.002277998486533761,1,-0.002277998486533761,0.24440303699520882,,,,0,-22.77998486533761,-0.008555710315704346,0.015475744381546974,-0.0023452527821063995,0.1571654526123982
2020-08-13,fold_6,COVID crash and V-recovery,-0.002924639731645584,-1,-0.0011753810103982687,-1,0.0011753810103982687,0.2455784180056071,,,,1,11.753810103982687,-0.007013130933046341,0.026974011212587357,-0.002924639731645584,-0.08149801908205123
2020-08-14,fold_6,COVID crash and V-recovery,-0.004359092563390732,-1,0.011544312350451946,1,-0.011544312350451946,0.23403410565515514,,,,0,-115.44312350451946,-0.00847356952726841,0.03505614399909973,-0.004359092563390732,0.8004500661944717
2020-08-17,fold_6,COVID crash and V-recovery,-0.004485230892896652,-1,0.009579257108271122,1,-0.009579257108271122,0.22445484854688402,,,,0,-95.79257108271122,-0.013184266164898872,0.029736364260315895,-0.004485230892896652,0.7230246261558297
2020-08-18,fold_6,COVID crash and V-recovery,-0.006808225065469742,-1,-0.006750442553311586,-1,0.006750442553311586,0.2312052911001956,,,,1,67.50442553311586,-0.017190715298056602,0.027988793328404427,-0.006808225065469742,-0.510820204822413
2020-08-19,fold_6,COVID crash and V-recovery,-0.00805792585015297,-1,0.013776266016066074,1,-0.013776266016066074,0.21742902508412953,,,,0,-137.76266016066074,-0.02430099993944168,0.05585353076457977,-0.00805792585015297,1.037559246659717
2020-08-20,fold_6,COVID crash and V-recovery,-0.008311141282320023,-1,0.0069067515432834625,1,-0.0069067515432834625,0.21052227354084607,,,,0,-69.06751543283463,-0.027924848720431328,0.038955897092819214,-0.008311141282320023,0.5625156236933915
2020-08-21,fold_6,COVID crash and V-recovery,-0.007800795137882233,-1,0.006224532146006823,1,-0.006224532146006823,0.20429774139483925,,,,0,-62.245321460068226,-0.02572995238006115,0.0371214896440506,-0.007800795137882233,0.5106356876868382
2020-08-24,fold_6,COVID crash and V-recovery,-0.009773455560207367,-1,0.007831685245037079,1,-0.007831685245037079,0.19646605614980217,,,,0,-78.31685245037079,-0.03548327833414078,0.038897957652807236,-0.009773455560207367,0.6743238686894301
2020-08-25,fold_6,COVID crash and V-recovery,-0.01021137461066246,-1,0.021114297211170197,1,-0.021114297211170197,0.17535175893863197,,,,0,-211.14297211170197,-0.03580476716160774,0.04801339656114578,-0.01021137461066246,1.8535998038712649
2020-08-26,fold_6,COVID crash and V-recovery,-0.00854845717549324,-1,-0.003121370915323496,-1,0.003121370915323496,0.17847312985395547,,,,1,31.21370915323496,-0.027973607182502747,0.036324240267276764,-0.00854845717549324,-0.2587895593319744
2020-08-27,fold_6,COVID crash and V-recovery,-0.006907980889081955,-1,0.005072346422821283,1,-0.005072346422821283,0.1734007834311342,,,,0,-50.72346422821283,-0.024836163967847824,-0.012585151940584183,-0.006907980889081955,0.42181512853870085
2020-08-28,fold_6,COVID crash and V-recovery,-0.007566511631011963,-1,0.008001000620424747,1,-0.008001000620424747,0.16539978281070944,,,,0,-80.01000620424747,-0.025454744696617126,-0.03107313998043537,-0.007566511631011963,0.7010740917333799
2020-08-31,fold_6,COVID crash and V-recovery,-0.010333079844713211,-1,0.016947124153375626,1,-0.016947124153375626,0.1484526586573338,,,,0,-169.47124153375626,-0.03408384695649147,-0.08833174407482147,-0.010333079844713211,1.519174036231336
2020-09-01,fold_6,COVID crash and V-recovery,-0.009543843567371368,-1,0.009425140917301178,1,-0.009425140917301178,0.13902751774003264,,,,0,-94.25140917301178,-0.030618231743574142,-0.07632622867822647,-0.009543843567371368,0.8019761973282619
2020-09-02,fold_6,COVID crash and V-recovery,-0.008529111742973328,-1,-0.052030764520168304,-1,0.052030764520168304,0.19105828226020094,,,,1,520.307645201683,-0.030849210917949677,-0.10588965564966202,-0.008529111742973328,-4.362421233254415
2020-09-03,fold_6,COVID crash and V-recovery,0.052010755985975266,1,-0.013415642082691193,-1,-0.013415642082691193,0.17764264017750975,,,,0,-134.15642082691193,-0.011033378541469574,-0.0608224980533123,0.052010755985975266,-0.8180304219831065
2020-09-04,fold_6,COVID crash and V-recovery,0.01482144370675087,1,-0.04925760254263878,-1,-0.04925760254263878,0.12838503763487097,,,,0,-492.5760254263878,-0.010211104527115822,-0.03014158084988594,0.01482144370675087,-2.99098501352186
2020-09-08,fold_6,COVID crash and V-recovery,0.01536647230386734,1,0.028952637687325478,1,0.028952637687325478,0.15733767532219645,,,,1,289.5263768732548,0.05415640026330948,0.033189885318279266,0.01536647230386734,1.4630448928429223
2020-09-09,fold_6,COVID crash and V-recovery,0.012064948678016663,1,-0.020138287916779518,-1,-0.020138287916779518,0.13719938740541693,,,,0,-201.38287916779518,0.035725176334381104,-0.011837474070489407,0.012064948678016663,-0.9882583616877233
2020-09-10,fold_6,COVID crash and V-recovery,0.0130157470703125,1,-0.006963605526834726,-1,-0.006963605526834726,0.1302357818785822,,,,0,-69.63605526834726,0.04224616289138794,-0.007444728631526232,0.0130157470703125,-0.3461658618806676
2020-09-11,fold_6,COVID crash and V-recovery,0.02455751784145832,1,0.017265276983380318,1,0.017265276983380318,0.14750105886196252,,,,1,172.65276983380318,0.06020510196685791,-0.01332566887140274,0.02455751784145832,0.8559825585801524
2020-09-14,fold_6,COVID crash and V-recovery,0.024326495826244354,1,0.014073864556849003,1,0.014073864556849003,0.16157492341881152,,,,1,140.73864556849003,0.012531645596027374,-0.028195757418870926,0.024326495826244354,0.6853734804594767
2020-09-15,fold_6,COVID crash and V-recovery,0.014527823776006699,1,-0.01607472263276577,-1,-0.01607472263276577,0.14550020078604575,,,,0,-160.7472263276577,0.0026500821113586426,-0.023861397057771683,0.014527823776006699,-0.7798215646588044
2020-09-16,fold_6,COVID crash and V-recovery,0.050880640745162964,1,-0.01574554108083248,-1,-0.01574554108083248,0.12975465970521327,,,,0,-157.4554108083248,-0.012493325397372246,-0.03879699110984802,0.050880640745162964,-0.7564717033725888
2020-09-17,fold_6,COVID crash and V-recovery,0.03568088263273239,1,-0.01284454483538866,-1,-0.01284454483538866,0.11691011486982461,,,,0,-128.4454483538866,0.03357718884944916,-0.018405728042125702,0.03568088263273239,-0.6100156525437823
2020-09-18,fold_6,COVID crash and V-recovery,0.021371863782405853,1,0.0023951882030814886,1,0.0023951882030814886,0.1193053030729061,,,,1,23.951882030814886,0.04289496690034866,0.017421115189790726,0.021371863782405853,0.11391217076698176
2020-09-21,fold_6,COVID crash and V-recovery,0.0014349110424518585,1,0.01840822398662567,1,0.01840822398662567,0.13771352705953177,,,,1,184.0822398662567,0.012725882232189178,0.035582274198532104,0.0014349110424518585,0.8775572328014063
2020-09-22,fold_6,COVID crash and V-recovery,0.0071921274065971375,1,-0.03101031668484211,-1,-0.03101031668484211,0.10670321037468966,,,,0,-310.1031668484211,0.018202662467956543,0.012654685415327549,0.0071921274065971375,-1.4537438731940597
2020-09-23,fold_6,COVID crash and V-recovery,0.01532508060336113,1,0.0046457210555672646,1,0.0046457210555672646,0.11134893143025693,,,,1,46.457210555672646,0.05582411587238312,0.050490401685237885,0.01532508060336113,0.20775431739486164
2020-09-24,fold_6,COVID crash and V-recovery,0.017848681658506393,1,0.022982297465205193,1,0.022982297465205193,0.13433122889546212,,,,1,229.82297465205193,0.05651640146970749,0.061592526733875275,0.017848681658506393,1.0502742819316198
2020-09-25,fold_6,COVID crash and V-recovery,0.013356819748878479,1,0.02055634744465351,1,0.02055634744465351,0.15488757634011563,,,,1,205.5634744465351,-0.016589201986789703,0.010075737722218037,0.013356819748878479,0.9149699726863618
2020-09-28,fold_6,COVID crash and V-recovery,0.011545110493898392,1,-0.004519365727901459,-1,-0.004519365727901459,0.15036821061221417,,,,0,-45.19365727901459,-0.01627226546406746,0.010621445253491402,0.011545110493898392,-0.1973176015235255
2020-09-29,fold_6,COVID crash and V-recovery,0.03784243017435074,1,0.0068253991194069386,1,0.0068253991194069386,0.1571936097316211,,,,1,68.25399119406939,0.0117720365524292,-0.002867152215912938,0.03784243017435074,0.298621087736763
2020-09-30,fold_6,COVID crash and V-recovery,0.005435191094875336,1,0.01574784703552723,1,0.01574784703552723,0.17294145676714834,,,,1,157.4784703552723,-0.017458902671933174,0.007458656560629606,0.005435191094875336,0.697064423708603
2020-10-01,fold_6,COVID crash and V-recovery,0.008912622928619385,1,-0.02853449247777462,-1,-0.02853449247777462,0.14440696428937372,,,,0,-285.3449247777462,0.004340682178735733,-0.0029803828801959753,0.008912622928619385,-1.2533205081188008
2020-10-02,fold_6,COVID crash and V-recovery,0.06840817630290985,1,0.02110205590724945,1,0.02110205590724945,0.16550902019662317,,,,1,211.0205590724945,0.03468985855579376,0.04071858525276184,0.06840817630290985,1.0251783952435474
2020-10-05,fold_6,COVID crash and V-recovery,0.03627192974090576,1,-0.01800796203315258,-1,-0.01800796203315258,0.1475010581634706,,,,0,-180.0796203315258,0.015292230993509293,0.0500197559595108,0.03627192974090576,-0.8614788499208522
2020-10-06,fold_6,COVID crash and V-recovery,0.0862860232591629,1,0.017151206731796265,1,0.017151206731796265,0.16465226489526685,,,,1,171.51206731796265,0.04132644832134247,0.06799398362636566,0.0862860232591629,0.9414975943994984
2020-10-07,fold_6,COVID crash and V-recovery,0.013300538063049316,1,0.005308808758854866,1,0.005308808758854866,0.16996107365412172,,,,1,53.08808758854866,0.020926829427480698,0.0424555167555809,0.013300538063049316,0.30415484714686564
2020-10-08,fold_6,COVID crash and V-recovery,0.012314610183238983,1,0.015164476819336414,1,0.015164476819336414,0.18512555047345813,,,,1,151.64476819336414,0.020964406430721283,0.03041280247271061,0.012314610183238983,0.8970329885777675
2020-10-09,fold_6,COVID crash and V-recovery,-1.0695308446884155e-05,-1,0.030403228476643562,1,-0.030403228476643562,0.15472232199681457,,,,0,-304.0322847664356,-0.003268834203481674,0.009752639569342136,-1.0695308446884155e-05,1.770571887040376
2020-10-12,fold_6,COVID crash and V-recovery,-0.004512973129749298,-1,-3.373719300725497e-05,-1,3.373719300725497e-05,0.15475605918982183,,,,1,0.33737193007254973,-0.01942409574985504,-0.037110790610313416,-0.004512973129749298,-0.0018680407759308338
2020-10-13,fold_6,COVID crash and V-recovery,-0.005604591220617294,-1,-0.00838725920766592,-1,0.00838725920766592,0.16314331839748775,,,,1,83.8725920766592,-0.015908177942037582,-0.03492961823940277,-0.005604591220617294,-0.4716208204510821
2020-10-14,fold_6,COVID crash and V-recovery,-0.004327122122049332,-1,-0.006733904592692852,-1,0.006733904592692852,0.1698772229901806,,,,1,67.33904592692852,-0.018349729478359222,-0.0273162629455328,-0.004327122122049332,-0.38440893439136203
2020-10-15,fold_6,COVID crash and V-recovery,-0.0034323036670684814,-1,-0.005495686549693346,-1,0.005495686549693346,0.17537290953987394,,,,1,54.95686549693346,-0.030397668480873108,-0.020617766305804253,-0.0034323036670684814,-0.31903396928304123
2020-10-16,fold_6,COVID crash and V-recovery,0.01547781378030777,1,-0.016460204496979713,-1,-0.016460204496979713,0.15891270504289423,,,,0,-164.60204496979713,-0.052160702645778656,-0.013153640553355217,0.01547781378030777,-0.9665816644113905
2020-10-19,fold_6,COVID crash and V-recovery,0.02362452819943428,1,0.002147437771782279,1,0.002147437771782279,0.1610601428146765,,,,1,21.47437771782279,-0.016532311215996742,-0.011803005822002888,0.02362452819943428,0.12331480174769346
2020-10-20,fold_6,COVID crash and V-recovery,0.007595822215080261,1,-0.0007739050779491663,-1,-0.0007739050779491663,0.16028623773672734,,,,0,-7.739050779491663,-0.03934691473841667,-0.006172140594571829,0.007595822215080261,-0.04571847515718098
2020-10-21,fold_6,COVID crash and V-recovery,-0.002240736037492752,-1,-3.5408695111982524e-05,-1,3.5408695111982524e-05,0.16032164643183933,,,,1,0.35408695111982524,-0.0778881162405014,-0.045165520161390305,-0.002240736037492752,-0.0022928343745738243
2020-10-22,fold_6,COVID crash and V-recovery,0.035122185945510864,1,0.001968440366908908,1,0.001968440366908908,0.16229008679874823,,,,1,19.68440366908908,-0.009763561189174652,-0.02779475226998329,0.035122185945510864,0.12775259426091953
2020-10-23,fold_6,COVID crash and V-recovery,0.006392456591129303,1,-0.015109569765627384,-1,-0.015109569765627384,0.14718051703312085,,,,0,-151.09569765627384,-0.05942069739103317,-0.055452797561883926,0.006392456591129303,-1.039698635608039
2020-10-26,fold_6,COVID crash and V-recovery,0.009632863104343414,1,0.007778302300721407,1,0.007778302300721407,0.15495881933384226,,,,1,77.78302300721407,0.00424286350607872,-0.03811882436275482,0.009632863104343414,0.5479790991713467
2020-10-27,fold_6,COVID crash and V-recovery,-0.0020977146923542023,-1,-0.03976728767156601,-1,0.03976728767156601,0.19472610700540827,,,,1,397.6728767156601,0.011295914649963379,-0.028747210279107094,-0.0020977146923542023,-2.787764890068613
2020-10-28,fold_6,COVID crash and V-recovery,0.004285190254449844,1,0.01733536086976528,1,0.01733536086976528,0.21206146787517355,,,,1,173.35360869765282,0.0637107864022255,0.054690517485141754,0.004285190254449844,1.0355589815970991
2020-10-29,fold_6,COVID crash and V-recovery,-0.001024339348077774,-1,-0.025689605623483658,-1,0.025689605623483658,0.2377510734986572,,,,1,256.8960562348366,0.03145241737365723,0.06309220939874649,-0.001024339348077774,-1.5274747106782163
2020-10-30,fold_6,COVID crash and V-recovery,0.006217509508132935,1,0.0022244045976549387,1,0.0022244045976549387,0.23997547809631214,,,,1,22.244045976549387,0.05364956706762314,0.08952881395816803,0.006217509508132935,0.13410157396693856
2020-11-02,fold_6,COVID crash and V-recovery,0.0035613179206848145,1,0.017149915918707848,1,0.017149915918707848,0.25712539401502,,,,1,171.49915918707848,0.03684520721435547,0.06665904819965363,0.0035613179206848145,1.0779367386887289
2020-11-03,fold_6,COVID crash and V-recovery,0.01691947504878044,1,0.04367043823003769,1,0.04367043823003769,0.3007958322450577,,,,1,436.7043823003769,0.056579865515232086,0.031432218849658966,0.01691947504878044,2.75306621443569
2020-11-04,fold_6,COVID crash and V-recovery,0.002977900207042694,1,0.025737054646015167,1,0.025737054646015167,0.32653288689107285,,,,1,257.3705464601517,0.0026195645332336426,0.009885048493742943,0.002977900207042694,1.4119405213839278
2020-11-05,fold_6,COVID crash and V-recovery,0.001208968460559845,1,0.0007469941047020257,1,0.0007469941047020257,0.3272798809957749,,,,1,7.4699410470202565,0.003642614930868149,-0.020557139068841934,0.001208968460559845,0.03915442701452015
2020-11-06,fold_6,COVID crash and V-recovery,-0.0017893128097057343,-1,-0.02064535580575466,-1,0.02064535580575466,0.34792523680152954,,,,1,206.45355805754662,-0.0038555581122636795,-0.012569820508360863,-0.0017893128097057343,-1.099611526163606
2020-11-09,fold_6,COVID crash and V-recovery,-0.0025182105600833893,-1,-0.01807691529393196,-1,0.01807691529393196,0.3660021520954615,,,,1,180.7691529393196,0.0015426017343997955,0.015848102048039436,-0.0025182105600833893,-0.9987407535989247
2020-11-10,fold_6,COVID crash and V-recovery,-0.002920903265476227,-1,0.022123269736766815,1,-0.022123269736766815,0.3438788823586947,,,,0,-221.23269736766815,0.0006760284304618835,0.030747581273317337,-0.002920903265476227,1.1929141000624843
2020-11-11,fold_6,COVID crash and V-recovery,0.002291247248649597,1,-0.0047051324509084225,-1,-0.0047051324509084225,0.33917374990778626,,,,0,-47.051324509084225,0.014243986457586288,0.0012066756607964635,0.002291247248649597,-0.24631408484931272
2020-11-12,fold_6,COVID crash and V-recovery,0.01206311583518982,1,0.00873431283980608,1,0.00873431283980608,0.34790806274759234,,,,1,87.3431283980608,0.03633378446102142,0.013706258498132229,0.01206311583518982,0.45797074181542646
2020-11-13,fold_6,COVID crash and V-recovery,0.0033300481736660004,1,0.007772567216306925,1,0.007772567216306925,0.35568062996389926,,,,1,77.72567216306925,0.014599107205867767,-0.0018917557317763567,0.0033300481736660004,0.4062582307615261
2020-11-16,fold_6,COVID crash and V-recovery,0.00104566290974617,1,-0.0031774360686540604,-1,-0.0031774360686540604,0.3525031938952452,,,,0,-31.774360686540604,-0.0034339316189289093,-0.009630321525037289,0.00104566290974617,-0.16851969730067273
2020-11-17,fold_6,COVID crash and V-recovery,-0.00018684566020965576,-1,-0.007417635060846806,-1,0.007417635060846806,0.359920828956092,,,,1,74.17635060846806,0.00013624876737594604,0.007499608676880598,-0.00018684566020965576,-0.3932528488787517
2020-11-18,fold_6,COVID crash and V-recovery,0.008419487625360489,1,0.007794450502842665,1,0.007794450502842665,0.3677152794589347,,,,1,77.94450502842665,0.030722960829734802,0.021044887602329254,0.008419487625360489,0.41165884580625633
2020-11-19,fold_6,COVID crash and V-recovery,0.004854410886764526,1,-0.006863702088594437,-1,-0.006863702088594437,0.36085157737034024,,,,0,-68.63702088594437,0.014607079327106476,0.02242281287908554,0.004854410886764526,-0.36097592278577006
2020-11-20,fold_6,COVID crash and V-recovery,0.013767886906862259,1,3.400091009098105e-05,1,3.400091009098105e-05,0.3608855782804312,,,,1,0.3400091009098105,0.0403829887509346,0.03132430091500282,0.013767886906862259,0.0017828542565550293
2020-11-23,fold_6,COVID crash and V-recovery,0.004342716187238693,1,0.013952494598925114,1,0.013952494598925114,0.37483807287935633,,,,1,139.52494598925114,0.03211522847414017,0.04402534291148186,0.004342716187238693,0.7433640469029835
2020-11-24,fold_6,COVID crash and V-recovery,-0.000699363648891449,-1,0.006127643398940563,1,-0.006127643398940563,0.36871042948041577,,,,0,-61.27643398940563,0.002208888530731201,0.03135693445801735,-0.000699363648891449,0.3234052070137997
2020-11-25,fold_6,COVID crash and V-recovery,-0.0010230466723442078,-1,0.009172377176582813,1,-0.009172377176582813,0.35953805230383296,,,,0,-91.72377176582813,-0.001734219491481781,0.02664339542388916,-0.0010230466723442078,0.5463967394333243
2020-11-27,fold_6,COVID crash and V-recovery,-0.0010508224368095398,-1,0.0020377866458147764,1,-0.0020377866458147764,0.3575002656580182,,,,0,-20.377866458147764,-0.0038685910403728485,0.02153753489255905,-0.0010508224368095398,0.12379010218913579
2020-11-30,fold_6,COVID crash and V-recovery,-0.0048007965087890625,-1,0.012735040858387947,1,-0.012735040858387947,0.34476522479963023,,,,0,-127.35040858387947,-0.016391485929489136,0.025146711617708206,-0.0048007965087890625,0.825152095544987
2020-12-01,fold_6,COVID crash and V-recovery,-0.006833814084529877,-1,0.0012840845156461,1,-0.0012840845156461,0.34348114028398413,,,,0,-12.840845156461,-0.026346944272518158,0.0157906636595726,-0.006833814084529877,0.08186080873771634
2020-12-02,fold_6,COVID crash and V-recovery,-0.006190337240695953,-1,0.0014141055289655924,1,-0.0014141055289655924,0.34206703475501854,,,,0,-14.141055289655924,-0.023899339139461517,-0.008394548669457436,-0.006190337240695953,0.09295420381384639
2020-12-03,fold_6,COVID crash and V-recovery,-0.004461225122213364,-1,0.004066517110913992,1,-0.004066517110913992,0.33800051764410455,,,,0,-40.66517110913992,-0.01694001629948616,-0.005801084917038679,-0.004461225122213364,0.34847327562232994
2020-12-04,fold_6,COVID crash and V-recovery,-0.004926018416881561,-1,0.005646963603794575,1,-0.005646963603794575,0.33235355404031,,,,0,-56.46963603794575,-0.017333481460809708,-0.012084580026566982,-0.004926018416881561,0.5540372958545712
2020-12-07,fold_6,COVID crash and V-recovery,-0.003953758627176285,-1,0.003378992434591055,1,-0.003378992434591055,0.3289745616057189,,,,0,-33.78992434591055,-0.010056452825665474,-0.010502398945391178,-0.003953758627176285,0.329049495914118
2020-12-08,fold_6,COVID crash and V-recovery,-0.005609035491943359,-1,-0.022901127114892006,-1,0.022901127114892006,0.3518756887206109,,,,1,229.01127114892006,-0.010810310021042824,-0.0032489225268363953,-0.005609035491943359,-2.4882146420684146
2020-12-09,fold_6,COVID crash and V-recovery,-0.00264102965593338,-1,0.004007569048553705,1,-0.004007569048553705,0.3478681196720572,,,,0,-40.07569048553705,0.010942544788122177,0.025136673822999,-0.00264102965593338,0.4120471886712415
2020-12-10,fold_6,COVID crash and V-recovery,-0.0017655566334724426,-1,-0.0022169779986143112,-1,0.0022169779986143112,0.35008509767067153,,,,1,22.169779986143112,-0.0025503747165203094,0.0276457741856575,-0.0017655566334724426,-0.2632439802492302
2020-12-11,fold_6,COVID crash and V-recovery,0.01066260039806366,1,0.007229145150631666,1,0.007229145150631666,0.3573142428213032,,,,1,72.29145150631666,0.02140657976269722,0.0268356055021286,0.01066260039806366,0.8636478044932318
2020-12-14,fold_6,COVID crash and V-recovery,0.010872449725866318,1,0.01063246838748455,1,0.01063246838748455,0.36794671120878775,,,,1,106.3246838748455,0.027399390935897827,0.017734089866280556,0.010872449725866318,1.2812665826263265
2020-12-15,fold_6,COVID crash and V-recovery,-0.0019648410379886627,-1,0.0054844701662659645,1,-0.0054844701662659645,0.3624622410425218,,,,0,-54.844701662659645,-0.0033120326697826385,0.00981712993234396,-0.0019648410379886627,0.6486281134756449
2020-12-16,fold_6,COVID crash and V-recovery,-0.002604883164167404,-1,0.006516668945550919,1,-0.006516668945550919,0.35594557209697086,,,,0,-65.16668945550919,-0.011753357946872711,-0.0007163272821344435,-0.002604883164167404,0.7653729375236511
2020-12-17,fold_6,COVID crash and V-recovery,-6.669387221336365e-05,-1,-0.0030271466821432114,-1,0.0030271466821432114,0.3589727187791141,,,,1,30.271466821432114,-0.0053190384060144424,-0.002830306999385357,-6.669387221336365e-05,-0.3570831286606675
2020-12-18,fold_6,COVID crash and V-recovery,-0.0011429153382778168,-1,-0.001872371882200241,-1,0.001872371882200241,0.3608450906613143,,,,1,18.72371882200241,-0.003525376319885254,0.010225623846054077,-0.0011429153382778168,-0.22493926581037224
2020-12-21,fold_6,COVID crash and V-recovery,-0.0025430098176002502,-1,0.002715509617701173,1,-0.002715509617701173,0.35812958104361314,,,,0,-27.15509617701173,-0.002240493893623352,0.01299302838742733,-0.0025430098176002502,0.3314875297474319
2020-12-22,fold_6,COVID crash and V-recovery,-0.00029350072145462036,-1,-0.005048987455666065,-1,0.005048987455666065,0.3631785684992792,,,,1,50.48987455666065,0.0028604380786418915,0.010309210978448391,-0.00029350072145462036,-0.6146537584216499
2020-12-23,fold_6,COVID crash and V-recovery,-0.0017950013279914856,-1,0.004402689635753632,1,-0.004402689635753632,0.3587758788635256,,,,0,-44.026896357536316,0.002554856240749359,0.017815537750720978,-0.0017950013279914856,0.5731001337807812
2020-12-24,fold_6,COVID crash and V-recovery,-0.001328304409980774,-1,0.010028784163296223,1,-0.010028784163296223,0.34874709470022935,,,,0,-100.28784163296223,-0.0034010782837867737,-0.0008076458470895886,-0.001328304409980774,1.3156138038421608
2020-12-28,fold_6,COVID crash and V-recovery,-0.003388054668903351,-1,0.0008950326009653509,1,-0.0008950326009653509,0.347852062099264,,,,0,-8.950326009653509,-0.01097261905670166,-0.0026263040490448475,-0.003388054668903351,0.11659180941941093
2020-12-29,fold_6,COVID crash and V-recovery,-0.005173485726118088,-1,3.169193587382324e-05,1,-3.169193587382324e-05,0.3478203701633902,,,,0,-0.3169193587382324,-0.01683800108730793,-0.017470380291342735,-0.005173485726118088,0.004134245642294804
2020-12-30,fold_6,COVID crash and V-recovery,-0.004617944359779358,-1,0.0024573400150984526,1,-0.0024573400150984526,0.3453630301482917,,,,0,-24.573400150984526,-0.014445776119828224,0.00640215864405036,-0.004617944359779358,0.34526923346710536
2024-06-25,fold_7,"Inflation bear, AI rally and 2025",0.011303417384624481,1,0.002063107443973422,1,0.002063107443973422,0.002063107443973422,,,,1,20.63107443973422,0.055068716406822205,0.015729578211903572,0.011303417384624481,0.2480774401688555
2024-06-26,fold_7,"Inflation bear, AI rally and 2025",0.005105022341012955,1,0.0025780298747122288,1,0.0025780298747122288,0.004641137318685651,,,,1,25.780298747122288,0.031247161328792572,0.021968942135572433,0.005105022341012955,0.3111163482075264
2024-06-27,fold_7,"Inflation bear, AI rally and 2025",0.00707731768488884,1,-0.005204448942095041,-1,-0.005204448942095041,-0.0005633116234093904,,,,0,-52.04448942095041,0.03291979432106018,0.029763752594590187,0.00707731768488884,-0.6382350260450105
2024-06-28,fold_7,"Inflation bear, AI rally and 2025",0.0041481368243694305,1,0.005847935099154711,1,0.005847935099154711,0.00528462347574532,,,,1,58.47935099154711,0.01336120069026947,0.037343580275774,0.0041481368243694305,0.7423997926176615
2024-07-01,fold_7,"Inflation bear, AI rally and 2025",0.002949189394712448,1,0.010444954968988895,1,0.010444954968988895,0.015729578444734216,,,,1,104.44954968988895,0.02335268259048462,0.032359976321458817,0.002949189394712448,1.3098751779381625
2024-07-02,fold_7,"Inflation bear, AI rally and 2025",-0.0005892924964427948,-1,0.008302470669150352,1,-0.008302470669150352,0.007427107775583863,,,,0,-83.02470669150352,0.0038754604756832123,0.032287489622831345,-0.0005892924964427948,1.0097531611324242
2024-07-03,fold_7,"Inflation bear, AI rally and 2025",-0.0005580410361289978,-1,0.010372839868068695,1,-0.010372839868068695,-0.002945732092484832,,,,0,-103.72839868068695,-9.001418948173523e-05,0.0018107411451637745,-0.0005580410361289978,1.2338218881148515
2024-07-05,fold_7,"Inflation bear, AI rally and 2025",-0.002191755920648575,-1,0.002375379903241992,1,-0.002375379903241992,-0.005321111995726824,,,,0,-23.75379903241992,-0.010482612997293472,-0.0027043852023780346,-0.002191755920648575,0.3170268540244118
2024-07-08,fold_7,"Inflation bear, AI rally and 2025",-0.0003869086503982544,-1,0.0008643296314403415,1,-0.0008643296314403415,-0.006185441627167165,,,,0,-8.643296314403415,0.003260750323534012,-0.0023955574724823236,-0.0003869086503982544,0.11507389364579725
2024-07-09,fold_7,"Inflation bear, AI rally and 2025",0.0014962367713451385,1,0.010372469201683998,1,0.010372469201683998,0.004187027574516833,,,,1,103.72469201683998,0.00767313688993454,-0.002877016318961978,0.0014962367713451385,1.3809774385746778
2024-07-10,fold_7,"Inflation bear, AI rally and 2025",-0.001812659204006195,-1,-0.022174276411533356,-1,0.022174276411533356,0.02636130398605019,,,,1,221.74276411533356,-0.0027629025280475616,-0.0430438406765461,-0.001812659204006195,-2.8395556157698416
2024-07-11,fold_7,"Inflation bear, AI rally and 2025",0.011961549520492554,1,0.005857713054865599,1,0.005857713054865599,0.03221901704091579,,,,1,58.57713054865599,0.028163567185401917,-0.025613289326429367,0.011961549520492554,0.6420877278904823
2024-07-12,fold_7,"Inflation bear, AI rally and 2025",0.01314454898238182,1,0.002684207633137703,1,0.002684207633137703,0.03490322467405349,,,,1,26.84207633137703,0.044076964259147644,-0.040374159812927246,0.01314454898238182,0.30693872466430683
2024-07-15,fold_7,"Inflation bear, AI rally and 2025",0.007789112627506256,1,0.00038287072675302625,1,0.00038287072675302625,0.035286095400806516,,,,1,3.8287072675302625,0.03994595259428024,-0.028270574286580086,0.007789112627506256,0.044099727267770325
2024-07-16,fold_7,"Inflation bear, AI rally and 2025",0.010810166597366333,1,-0.02979435585439205,-1,-0.02979435585439205,0.005491739546414465,,,,0,-297.9435585439205,0.04264029860496521,-0.03218429908156395,0.010810166597366333,-3.462402666184191
2024-07-17,fold_7,"Inflation bear, AI rally and 2025",0.017310190945863724,1,-0.004743724595755339,-1,-0.004743724595755339,0.000748014950659126,,,,0,-47.43724595755339,0.04907403141260147,-0.038919322192668915,0.017310190945863724,-0.45021193175523166
2024-07-18,fold_7,"Inflation bear, AI rally and 2025",0.01972375623881817,1,-0.008903156965970993,-1,-0.008903156965970993,-0.008155142015311867,,,,0,-89.03156965970993,0.033064715564250946,-0.045264601707458496,0.01972375623881817,-0.8407390180070969
2024-07-19,fold_7,"Inflation bear, AI rally and 2025",0.0032046809792518616,1,0.014787793159484863,1,0.014787793159484863,0.006632651144172996,,,,1,147.87793159484863,0.015771616250276566,-0.026157695800065994,0.0032046809792518616,1.3904370170925573
2024-07-22,fold_7,"Inflation bear, AI rally and 2025",0.002994246780872345,1,-0.0035308548249304295,-1,-0.0035308548249304295,0.003101796319242567,,,,0,-35.308548249304295,0.002675943076610565,-0.038938675075769424,0.002994246780872345,-0.31748379855643816
2024-07-23,fold_7,"Inflation bear, AI rally and 2025",0.0035210251808166504,1,-0.03652937710285187,-1,-0.03652937710285187,-0.0334275807836093,,,,0,-365.2937710285187,0.008324313908815384,-0.049234386533498764,0.0035210251808166504,-3.366324504216688
2024-07-24,fold_7,"Inflation bear, AI rally and 2025",0.007697299122810364,1,-0.011089004576206207,-1,-0.011089004576206207,-0.04451658535981551,,,,0,-110.89004576206207,0.023991551250219345,0.016459202393889427,0.007697299122810364,-0.8311367073785129
2024-07-25,fold_7,"Inflation bear, AI rally and 2025",0.007071647793054581,1,0.01020374707877636,1,0.01020374707877636,-0.03431283828103915,,,,1,102.0374707877636,0.02371930330991745,0.003028667066246271,0.007071647793054581,0.7523452168158241
2024-07-26,fold_7,"Inflation bear, AI rally and 2025",0.009708844125270844,1,0.0020068141166120768,1,0.0020068141166120768,-0.03230602416442707,,,,1,20.068141166120768,0.020182829350233078,-0.031196199357509613,0.009708844125270844,0.14604485969080083
2024-07-29,fold_7,"Inflation bear, AI rally and 2025",0.004489224404096603,1,-0.013826565816998482,-1,-0.013826565816998482,-0.046132589981425554,,,,0,-138.26565816998482,0.006602887064218521,-0.063472680747509,0.004489224404096603,-1.0093074248608767
2024-07-30,fold_7,"Inflation bear, AI rally and 2025",0.00427575409412384,1,0.029164211824536324,1,0.029164211824536324,-0.01696837815688923,,,,1,291.64211824536324,0.011549226939678192,-0.04013648256659508,0.00427575409412384,2.085750291487153
2024-07-31,fold_7,"Inflation bear, AI rally and 2025",0.015248417854309082,1,-0.02451954036951065,-1,-0.02451954036951065,-0.04148791852639988,,,,0,-245.1954036951065,0.021050285547971725,-0.080189548432827,0.015248417854309082,-1.6077581412371202
2024-08-01,fold_7,"Inflation bear, AI rally and 2025",0.009491730481386185,1,-0.024021118879318237,-1,-0.024021118879318237,-0.06550903740571812,,,,0,-240.21118879318237,0.01584010198712349,-0.025537710636854172,0.009491730481386185,-1.4920247357675547
2024-08-02,fold_7,"Inflation bear, AI rally and 2025",0.00929984450340271,1,-0.030269667506217957,-1,-0.030269667506217957,-0.09577870491193607,,,,0,-302.69667506217957,0.026757385581731796,0.0036923731677234173,0.00929984450340271,-1.8003931776647635
2024-08-05,fold_7,"Inflation bear, AI rally and 2025",0.012869905680418015,1,0.009509631432592869,1,0.009509631432592869,-0.0862690734793432,,,,1,95.09631432592869,0.04135724902153015,0.03611313924193382,0.012869905680418015,0.524920691891243
2024-08-06,fold_7,"Inflation bear, AI rally and 2025",0.007484428584575653,1,-0.01088885311037302,-1,-0.01088885311037302,-0.09715792658971623,,,,0,-108.8885311037302,0.024128664284944534,0.05111347883939743,0.007484428584575653,-0.5969875219152809
2024-08-07,fold_7,"Inflation bear, AI rally and 2025",0.008638102561235428,1,0.030132297426462173,1,0.030132297426462173,-0.06702562916325405,,,,1,301.32297426462173,0.03008580207824707,0.062326643615961075,0.008638102561235428,1.6506589822195037
2024-08-08,fold_7,"Inflation bear, AI rally and 2025",0.005204580724239349,1,0.005208965390920639,1,0.005208965390920639,-0.06181666377233341,,,,1,52.08965390920639,0.018798694014549255,0.05714362487196922,0.005204580724239349,0.2768349311927352
2024-08-09,fold_7,"Inflation bear, AI rally and 2025",0.0028630755841732025,1,0.0021510969381779432,1,0.0021510969381779432,-0.05966556683415547,,,,1,21.510969381779432,0.015323914587497711,0.05321963131427765,0.0028630755841732025,0.1143798882170997
2024-08-12,fold_7,"Inflation bear, AI rally and 2025",-0.006309200078248978,-1,0.02450997196137905,1,-0.02450997196137905,-0.08417553879553452,,,,0,-245.0997196137905,-0.00932488963007927,0.06411891430616379,-0.006309200078248978,1.303501943679819
2024-08-13,fold_7,"Inflation bear, AI rally and 2025",-0.006296828389167786,-1,0.00032431332510896027,1,-0.00032431332510896027,-0.08449985212064348,,,,0,-3.2431332510896027,-0.017791369929909706,0.03750813379883766,-0.006296828389167786,0.01655891126018704
2024-08-14,fold_7,"Inflation bear, AI rally and 2025",-0.008626103401184082,-1,0.024949276819825172,1,-0.024949276819825172,-0.10944912894046865,,,,0,-249.49276819825172,-0.023979153484106064,0.041837096214294434,-0.008626103401184082,1.3546411923098562
2024-08-15,fold_7,"Inflation bear, AI rally and 2025",-0.0077181048691272736,-1,0.0012849696213379502,1,-0.0012849696213379502,-0.1107340985618066,,,,0,-12.849696213379502,-0.023626573383808136,0.0009060029406100512,-0.0077181048691272736,0.0668740747706282
2024-08-16,fold_7,"Inflation bear, AI rally and 2025",-0.006773307919502258,-1,0.0130503810942173,1,-0.0130503810942173,-0.1237844796560239,,,,0,-130.503810942173,-0.016238480806350708,0.010408023372292519,-0.006773307919502258,0.6827829402239022
2024-08-19,fold_7,"Inflation bear, AI rally and 2025",-0.005921129137277603,-1,-0.002100807148963213,-1,0.002100807148963213,-0.12168367250706069,,,,1,21.00807148963213,-0.016039272770285606,-0.012398049235343933,-0.005921129137277603,-0.11027773996348064
2024-08-20,fold_7,"Inflation bear, AI rally and 2025",-0.003430712968111038,-1,0.004653274081647396,1,-0.004653274081647396,-0.1263369465887081,,,,0,-46.53274081647396,-0.008736735209822655,-0.007314376067370176,-0.003430712968111038,0.2444000893406978
2024-08-21,fold_7,"Inflation bear, AI rally and 2025",-0.0011110976338386536,-1,-0.01598181575536728,-1,0.01598181575536728,-0.11035513083334081,,,,1,159.8181575536728,-0.0050233397632837296,-0.023379897698760033,-0.0011110976338386536,-0.9275646245457356
2024-08-22,fold_7,"Inflation bear, AI rally and 2025",0.00878971442580223,1,0.010786990635097027,1,0.010786990635097027,-0.09956814019824378,,,,1,107.86990635097027,0.02347569540143013,-0.008863111026585102,0.00878971442580223,0.6191949924164502
2024-08-23,fold_7,"Inflation bear, AI rally and 2025",0.0060341209173202515,1,-0.009755691513419151,-1,-0.009755691513419151,-0.10932383171166293,,,,0,-97.55691513419151,0.017417993396520615,-0.007801180239766836,0.0060341209173202515,-0.559432470656507
2024-08-26,fold_7,"Inflation bear, AI rally and 2025",0.011291135102510452,1,0.0029828662518411875,1,0.0029828662518411875,-0.10634096545982175,,,,1,29.828662518411875,0.029120609164237976,-0.028876792639493942,0.011291135102510452,0.16978265810020524
2024-08-27,fold_7,"Inflation bear, AI rally and 2025",0.008272815495729446,1,-0.011412248015403748,-1,-0.011412248015403748,-0.1177532134752255,,,,0,-114.12248015403748,0.03242706507444382,-0.03446156159043312,0.008272815495729446,-0.659384942491126
2024-08-28,fold_7,"Inflation bear, AI rally and 2025",0.009636607021093369,1,-0.0014650279190391302,-1,-0.0014650279190391302,-0.11921824139426462,,,,0,-14.650279190391302,0.03017432987689972,-0.02211609296500683,0.009636607021093369,-0.0902464387601881
2024-08-29,fold_7,"Inflation bear, AI rally and 2025",0.007947467267513275,1,0.011848920956254005,1,0.011848920956254005,-0.10736932043801062,,,,1,118.48920956254005,0.025891326367855072,-0.04780372232198715,0.007947467267513275,0.7752877777932282
2024-08-30,fold_7,"Inflation bear, AI rally and 2025",0.0016578920185565948,1,-0.03083130531013012,-1,-0.03083130531013012,-0.13820062574814074,,,,0,-308.3130531013012,0.010427668690681458,-0.046875014901161194,0.0016578920185565948,-2.118767250124786
2024-09-03,fold_7,"Inflation bear, AI rally and 2025",0.009720530360937119,1,-0.0026019022334367037,-1,-0.0026019022334367037,-0.14080252798157744,,,,0,-26.019022334367037,0.03181274235248566,-0.006844343151897192,0.009720530360937119,-0.17808602031578946
2024-09-04,fold_7,"Inflation bear, AI rally and 2025",0.00046054646372795105,1,0.0009332209010608494,1,0.0009332209010608494,-0.1398693070805166,,,,1,9.332209010608494,0.002954680472612381,0.017240503802895546,0.00046054646372795105,0.06450909024050137
2024-09-05,fold_7,"Inflation bear, AI rally and 2025",0.0023884400725364685,1,-0.02715265564620495,-1,-0.02715265564620495,-0.16702196272672154,,,,0,-271.5265564620495,-0.008616704493761063,0.026075517758727074,0.0023884400725364685,-1.9038919504433214
2024-09-06,fold_7,"Inflation bear, AI rally and 2025",0.005168460309505463,1,0.012777626514434814,1,0.012777626514434814,-0.15424433621228673,,,,1,127.77626514434814,0.005079455673694611,0.05769813060760498,0.005168460309505463,0.9153524726053623
2024-09-09,fold_7,"Inflation bear, AI rally and 2025",0.0017058253288269043,1,0.009199365973472595,1,0.009199365973472595,-0.14504497023881413,,,,1,91.99365973472595,-0.006788371130824089,0.040492791682481766,0.0017058253288269043,0.6477990684838638
2024-09-10,fold_7,"Inflation bear, AI rally and 2025",0.006296761333942413,1,0.02148294448852539,1,0.02148294448852539,-0.12356202575028874,,,,1,214.8294448852539,0.006111420691013336,0.03182163089513779,0.006296761333942413,1.4979981112463576
2024-09-11,fold_7,"Inflation bear, AI rally and 2025",-0.0013587400317192078,-1,0.009768233634531498,1,-0.009768233634531498,-0.13333025938482024,,,,0,-97.68233634531498,-0.0032356642186641693,0.005999751389026642,-0.0013587400317192078,0.6929635978910342
2024-09-12,fold_7,"Inflation bear, AI rally and 2025",-0.010671008378267288,-1,0.004469958133995533,1,-0.004469958133995533,-0.13780021751881577,,,,0,-44.69958133995533,-0.042868711054325104,0.02120135724544525,-0.010671008378267288,0.31336561528243373
2024-09-13,fold_7,"Inflation bear, AI rally and 2025",-0.008389316499233246,-1,-0.004427712876349688,-1,0.004427712876349688,-0.13337250464246608,,,,1,44.277128763496876,-0.02633078396320343,0.014826271682977676,-0.008389316499233246,-0.3362951999478053
2024-09-16,fold_7,"Inflation bear, AI rally and 2025",-0.004914645105600357,-1,0.0005282060010358691,1,-0.0005282060010358691,-0.13390071064350195,,,,0,-5.282060010358691,-0.016890769824385643,0.021901145577430725,-0.004914645105600357,0.04001501336320814
2024-09-17,fold_7,"Inflation bear, AI rally and 2025",-0.006261821836233139,-1,-0.0043389336206018925,-1,0.0043389336206018925,-0.12956177702290006,,,,1,43.389336206018925,-0.01648121513426304,0.026184871792793274,-0.006261821836233139,-0.33702704962507524
2024-09-18,fold_7,"Inflation bear, AI rally and 2025",-0.0004509575664997101,-1,0.024969838559627533,1,-0.024969838559627533,-0.1545316155825276,,,,0,-249.69838559627533,0.00734001025557518,0.031450558453798294,-0.0004509575664997101,1.9353316350330982
2024-09-19,fold_7,"Inflation bear, AI rally and 2025",-0.002693168818950653,-1,-0.001905126846395433,-1,0.001905126846395433,-0.15262648873613216,,,,1,19.05126846395433,-0.010237624868750572,0.013965615071356297,-0.002693168818950653,-0.13588783905280025
2024-09-20,fold_7,"Inflation bear, AI rally and 2025",-0.002058107405900955,-1,0.00264716031961143,1,-0.00264716031961143,-0.1552736490557436,,,,0,-26.4716031961143,-0.009939555078744888,0.010298335924744606,-0.002058107405900955,0.19516890485055438
2024-09-23,fold_7,"Inflation bear, AI rally and 2025",-0.004081308841705322,-1,0.004811933264136314,1,-0.004811933264136314,-0.1600855823198799,,,,0,-48.119332641363144,-0.008560007438063622,0.010359362699091434,-0.004081308841705322,0.3601650575373757
2024-09-24,fold_7,"Inflation bear, AI rally and 2025",-0.002325262874364853,-1,0.000926753506064415,1,-0.000926753506064415,-0.16101233582594432,,,,0,-9.26753506064415,-0.003968376666307449,-0.00848300475627184,-0.002325262874364853,0.07007636915393543
2024-09-25,fold_7,"Inflation bear, AI rally and 2025",-0.0024002492427825928,-1,0.007484894711524248,1,-0.007484894711524248,-0.16849723053746857,,,,0,-74.84894711524248,-0.001202419400215149,-0.0079979058355093,-0.0024002492427825928,0.5666209948426726
2024-09-26,fold_7,"Inflation bear, AI rally and 2025",0.0016585290431976318,1,-0.005572405643761158,-1,-0.005572405643761158,-0.17406963618122973,,,,0,-55.72405643761158,0.009648200124502182,-0.01623002626001835,0.0016585290431976318,-0.42640010528638966
2024-09-27,fold_7,"Inflation bear, AI rally and 2025",0.0057217516005039215,1,0.002708186861127615,1,0.002708186861127615,-0.1713614493201021,,,,1,27.08186861127615,0.029585100710392,0.0011703327763825655,0.0057217516005039215,0.20635895787142886
2024-09-30,fold_7,"Inflation bear, AI rally and 2025",0.006288096308708191,1,-0.01403043419122696,-1,-0.01403043419122696,-0.18539188351132907,,,,0,-140.3043419122696,0.036347098648548126,-0.01230729091912508,0.006288096308708191,-1.0903610458416224
2024-10-01,fold_7,"Inflation bear, AI rally and 2025",0.011533573269844055,1,0.0014118520775809884,1,0.0014118520775809884,-0.18398003143374808,,,,1,14.118520775809884,0.0495784655213356,0.01654731296002865,0.011533573269844055,0.12484405696456018
2024-10-02,fold_7,"Inflation bear, AI rally and 2025",0.01000065729022026,1,-0.0007472253055311739,-1,-0.0007472253055311739,-0.18472725673927926,,,,0,-7.4722530553117394,0.044035688042640686,0.022973094135522842,0.01000065729022026,-0.06613572954546378
2024-10-03,fold_7,"Inflation bear, AI rally and 2025",0.0008651241660118103,1,0.011827953159809113,1,0.011827953159809113,-0.17289930357947014,,,,1,118.27953159809113,0.014004446566104889,0.022584062069654465,0.0008651241660118103,1.0469375004229724
2024-10-04,fold_7,"Inflation bear, AI rally and 2025",0.002259019762277603,1,-0.010769437067210674,-1,-0.010769437067210674,-0.18366874064668082,,,,0,-107.69437067210674,0.015866436064243317,0.012317989021539688,0.002259019762277603,-1.0891617760661183
2024-10-07,fold_7,"Inflation bear, AI rally and 2025",0.005730349570512772,1,0.014824170619249344,1,0.014824170619249344,-0.16884457002743147,,,,1,148.24170619249344,0.035960979759693146,0.03144397586584091,0.005730349570512772,1.5176988523165102
2024-10-08,fold_7,"Inflation bear, AI rally and 2025",0.0028224028646945953,1,0.007837631739675999,1,0.007837631739675999,-0.16100693828775547,,,,1,78.37631739675999,0.03410843014717102,0.0031628955621272326,0.0028224028646945953,0.7754292898477891
2024-10-09,fold_7,"Inflation bear, AI rally and 2025",0.0011920519173145294,1,-0.0011362562654539943,-1,-0.0011362562654539943,-0.16214319455320947,,,,0,-11.362562654539943,0.021639183163642883,-0.004552541300654411,0.0011920519173145294,-0.1253588476074635
2024-10-10,fold_7,"Inflation bear, AI rally and 2025",0.002795223146677017,1,0.001561879413202405,1,0.001561879413202405,-0.16058131514000706,,,,1,15.61879413202405,0.02446787804365158,-0.0027240037452429533,0.002795223146677017,0.17747454318489056
2024-10-11,fold_7,"Inflation bear, AI rally and 2025",0.0024554543197155,1,0.008356551639735699,1,0.008356551639735699,-0.15222476350027137,,,,1,83.56551639735699,0.02842959761619568,0.002247402211651206,0.0024554543197155,0.9549677424647902
2024-10-14,fold_7,"Inflation bear, AI rally and 2025",0.00014390796422958374,1,-0.013456911779940128,-1,-0.013456911779940128,-0.1656816752802115,,,,0,-134.56911779940128,0.01714872196316719,-0.004189664032310247,0.00014390796422958374,-1.5132110812818254
2024-10-15,fold_7,"Inflation bear, AI rally and 2025",0.020409423857927322,1,0.0001221949642058462,1,0.0001221949642058462,-0.16555948031600565,,,,1,1.221949642058462,0.05047406256198883,0.010356641374528408,0.020409423857927322,0.013016782504661328
2024-10-16,fold_7,"Inflation bear, AI rally and 2025",0.01561790332198143,1,0.0006922814645804465,1,0.0006922814645804465,-0.1648671988514252,,,,1,6.922814645804465,0.05144335329532623,-0.005208073649555445,0.01561790332198143,0.07414180294465159
2024-10-17,fold_7,"Inflation bear, AI rally and 2025",0.03251887112855911,1,0.006533285602927208,1,0.006533285602927208,-0.158333913248498,,,,1,65.33285602927208,0.07687132060527802,0.002175822388380766,0.03251887112855911,0.8727836942491176
2024-10-18,fold_7,"Inflation bear, AI rally and 2025",0.00636257603764534,1,0.0019194857450202107,1,0.0019194857450202107,-0.15641442750347778,,,,1,19.194857450202107,0.03735507279634476,0.0017176733817905188,0.00636257603764534,0.2520701414263569
2024-10-21,fold_7,"Inflation bear, AI rally and 2025",0.004790842533111572,1,0.0010893935104832053,1,0.0010893935104832053,-0.15532503399299458,,,,1,10.893935104832053,0.03402460366487503,-4.0421302401227877e-05,0.004790842533111572,0.1432664185763382
2024-10-22,fold_7,"Inflation bear, AI rally and 2025",0.005609806627035141,1,-0.015442520380020142,-1,-0.015442520380020142,-0.17076755437301472,,,,0,-154.42520380020142,0.03851396590471268,0.008432736620306969,0.005609806627035141,-2.05041872134211
2024-10-23,fold_7,"Inflation bear, AI rally and 2025",0.009905941784381866,1,0.008076177909970284,1,0.008076177909970284,-0.16269137646304443,,,,1,80.76177909970284,0.03624126315116882,0.016289012506604195,0.009905941784381866,0.975069619641989
2024-10-24,fold_7,"Inflation bear, AI rally and 2025",0.01366879791021347,1,0.006075136363506317,1,0.006075136363506317,-0.15661624009953812,,,,1,60.75136363506317,0.032632842659950256,-0.01735398918390274,0.01366879791021347,0.7310287339358255
2024-10-25,fold_7,"Inflation bear, AI rally and 2025",0.007475912570953369,1,0.00016139104263857007,1,0.00016139104263857007,-0.15645484905689955,,,,1,1.6139104263857007,0.015452764928340912,-0.016057491302490234,0.007475912570953369,0.019379350634746075
2024-10-28,fold_7,"Inflation bear, AI rally and 2025",0.013208474963903427,1,0.00956255104392767,1,0.00956255104392767,-0.14689229801297188,,,,1,95.6255104392767,0.02249673753976822,-0.019136182963848114,0.013208474963903427,1.1512792631994628
2024-10-29,fold_7,"Inflation bear, AI rally and 2025",0.005983687937259674,1,-0.007586243096739054,-1,-0.007586243096739054,-0.15447854110971093,,,,0,-75.86243096739054,0.028517037630081177,-0.016022659838199615,0.005983687937259674,-0.9503655323814653
2024-10-30,fold_7,"Inflation bear, AI rally and 2025",0.01286085695028305,1,-0.02556682378053665,-1,-0.02556682378053665,-0.18004536489024758,,,,0,-255.66823780536652,0.03042050451040268,0.018364498391747475,0.01286085695028305,-3.135267415563969
2024-10-31,fold_7,"Inflation bear, AI rally and 2025",0.016806673258543015,1,0.007371632847934961,1,0.007371632847934961,-0.17267373204231262,,,,1,73.71632847934961,0.04245728254318237,0.05955290049314499,0.016806673258543015,0.7403067553257175
2024-11-01,fold_7,"Inflation bear, AI rally and 2025",0.008829984813928604,1,-0.0029172992799431086,-1,-0.0029172992799431086,-0.17559103132225573,,,,0,-29.172992799431086,0.01854041963815689,0.05334897339344025,0.008829984813928604,-0.29950634869518994
2024-11-04,fold_7,"Inflation bear, AI rally and 2025",0.003139439970254898,1,0.012676074169576168,1,0.012676074169576168,-0.16291495715267956,,,,1,126.76074169576168,0.005275927484035492,0.055682770907878876,0.003139439970254898,1.3398945483494553
2024-11-05,fold_7,"Inflation bear, AI rally and 2025",0.0033598020672798157,1,0.026800915598869324,1,0.026800915598869324,-0.13611404155381024,,,,1,268.00915598869324,0.00386936217546463,0.04119488596916199,0.0033598020672798157,2.8808626073089583
2024-11-06,fold_7,"Inflation bear, AI rally and 2025",-0.0033473968505859375,-1,0.015621576458215714,1,-0.015621576458215714,-0.15173561801202595,,,,0,-156.21576458215714,-0.0038672350347042084,0.01310655102133751,-0.0033473968505859375,1.4296840550942842
2024-11-07,fold_7,"Inflation bear, AI rally and 2025",-0.004332292824983597,-1,0.0011677085421979427,1,-0.0011677085421979427,-0.1529033265542239,,,,0,-11.677085421979427,-0.006769023835659027,-0.00948903989046812,-0.004332292824983597,0.10181834569816123
2024-11-08,fold_7,"Inflation bear, AI rally and 2025",-0.005240235477685928,-1,-0.0005835042102262378,-1,0.0005835042102262378,-0.15231982234399766,,,,1,5.835042102262378,-0.006998388096690178,-0.034771133214235306,-0.005240235477685928,-0.05088905969453027
2024-11-11,fold_7,"Inflation bear, AI rally and 2025",-0.004228819161653519,-1,-0.0018118094885721803,-1,0.0018118094885721803,-0.15050801285542548,,,,1,18.118094885721803,-0.004138855263590813,-0.02726396732032299,-0.004228819161653519,-0.16014334393689053
2024-11-12,fold_7,"Inflation bear, AI rally and 2025",-0.002298180013895035,-1,-0.0012874208623543382,-1,0.0012874208623543382,-0.14922059199307114,,,,1,12.874208623543382,0.009850278496742249,-0.018596025183796883,-0.002298180013895035,-0.11796369941144873
2024-11-13,fold_7,"Inflation bear, AI rally and 2025",-0.0005058199167251587,-1,-0.006974013987928629,-1,0.006974013987928629,-0.1422465780051425,,,,1,69.74013987928629,0.002507973462343216,-0.01788480579853058,-0.0005058199167251587,-0.6387942340020782
2024-11-14,fold_7,"Inflation bear, AI rally and 2025",0.006996244192123413,1,-0.02411438338458538,-1,-0.02411438338458538,-0.1663609613897279,,,,0,-241.1438338458538,0.020831678062677383,-0.00732002779841423,0.006996244192123413,-2.1868111876517204
2024-11-15,fold_7,"Inflation bear, AI rally and 2025",0.008102938532829285,1,0.006923658773303032,1,0.006923658773303032,-0.15943730261642486,,,,1,69.23658773303032,0.020129088312387466,0.018397189676761627,0.008102938532829285,0.5680860031384004
2024-11-18,fold_7,"Inflation bear, AI rally and 2025",0.005841858685016632,1,0.006856133230030537,1,0.006856133230030537,-0.15258116938639432,,,,1,68.56133230030537,0.01249292865395546,0.01305388379842043,0.005841858685016632,0.558401971919163
2024-11-19,fold_7,"Inflation bear, AI rally and 2025",0.006776012480258942,1,-0.0005762007203884423,-1,-0.0005762007203884423,-0.15315737010678276,,,,0,-5.762007203884423,0.017715156078338623,0.01155262440443039,0.006776012480258942,-0.046576442710721276
2024-11-20,fold_7,"Inflation bear, AI rally and 2025",0.008818969130516052,1,0.0035907637793570757,1,0.0035907637793570757,-0.1495666063274257,,,,1,35.90763779357076,0.02702312171459198,0.0042242552153766155,0.008818969130516052,0.30225052300490235
2024-11-21,fold_7,"Inflation bear, AI rally and 2025",0.005331631749868393,1,0.0016028343234211206,1,0.0016028343234211206,-0.14796377200400457,,,,1,16.028343234211206,0.020664900541305542,0.00938198808580637,0.005331631749868393,0.1361859766994263
2024-11-22,fold_7,"Inflation bear, AI rally and 2025",-0.002851545810699463,-1,0.0015803531277924776,1,-0.0015803531277924776,-0.14954412513179705,,,,0,-15.803531277924776,-0.011666113510727882,0.01860809698700905,-0.002851545810699463,0.13511581519797833
2024-11-25,fold_7,"Inflation bear, AI rally and 2025",0.009428929537534714,1,0.0053548733703792095,1,0.0053548733703792095,-0.14418925176141784,,,,1,53.548733703792095,0.022376231849193573,0.020089376717805862,0.009428929537534714,0.457620211764222
2024-11-26,fold_7,"Inflation bear, AI rally and 2025",0.0009425319731235504,1,-0.007904569618403912,-1,-0.007904569618403912,-0.15209382137982175,,,,0,-79.04569618403912,0.004312004894018173,0.027021605521440506,0.0009425319731235504,-0.6833908702918953
2024-11-27,fold_7,"Inflation bear, AI rally and 2025",0.015217218548059464,1,0.008748495951294899,1,0.008748495951294899,-0.14334532542852685,,,,1,87.48495951294899,0.02785792201757431,0.03215114027261734,0.015217218548059464,0.7556567176370566
2024-11-29,fold_7,"Inflation bear, AI rally and 2025",0.00715826079249382,1,0.010828942991793156,1,0.010828942991793156,-0.1325163824367337,,,,1,108.28942991793156,0.011038638651371002,0.03231269493699074,0.00715826079249382,1.055899376910174
2024-12-02,fold_7,"Inflation bear, AI rally and 2025",0.001343514770269394,1,0.003061633324250579,1,0.003061633324250579,-0.12945474911248311,,,,1,30.61633324250579,0.005760423839092255,0.013665560632944107,0.001343514770269394,0.29416382393420215
2024-12-03,fold_7,"Inflation bear, AI rally and 2025",8.250772953033447e-05,1,0.01228710263967514,1,0.01228710263967514,-0.11716764647280797,,,,1,122.8710263967514,-0.004389563575387001,0.007190646603703499,8.250772953033447e-05,1.180318253081192
2024-12-04,fold_7,"Inflation bear, AI rally and 2025",-0.0003800131380558014,-1,-0.0027750355657190084,-1,0.0027750355657190084,-0.11439261090708897,,,,1,27.750355657190084,-0.0032351352274417877,0.012647631578147411,-0.0003800131380558014,-0.2671733985316268
2024-12-05,fold_7,"Inflation bear, AI rally and 2025",0.0017115063965320587,1,0.008910051546990871,1,0.008910051546990871,-0.1054825593600981,,,,1,89.10051546990871,0.0003415010869503021,0.008947910740971565,0.0017115063965320587,1.0474948066388639
2024-12-06,fold_7,"Inflation bear, AI rally and 2025",0.0004513077437877655,1,-0.007818191312253475,-1,-0.007818191312253475,-0.11330075067235157,,,,0,-78.18191312253475,0.004559129476547241,0.007663036696612835,0.0004513077437877655,-0.9763530416449152
2024-12-09,fold_7,"Inflation bear, AI rally and 2025",0.0037120357155799866,1,-0.0034132804721593857,-1,-0.0034132804721593857,-0.11671403114451095,,,,0,-34.13280472159386,0.011525340378284454,0.029779212549328804,0.0037120357155799866,-0.41666036610704454
2024-12-10,fold_7,"Inflation bear, AI rally and 2025",0.007758058607578278,1,0.017744088545441628,1,0.017744088545441628,-0.09896994259906933,,,,1,177.44088545441628,0.017191700637340546,0.028778880834579468,0.007758058607578278,2.1569583437642637
2024-12-11,fold_7,"Inflation bear, AI rally and 2025",-0.001135159283876419,-1,-0.006474756635725498,-1,0.006474756635725498,-0.09249518596334383,,,,1,64.74756635725498,0.0019111894071102142,-0.025708824396133423,-0.001135159283876419,-0.7096169509710132
2024-12-12,fold_7,"Inflation bear, AI rally and 2025",0.004689350724220276,1,0.007625177036970854,1,0.007625177036970854,-0.08487000892637298,,,,1,76.25177036970854,0.006863746792078018,-0.023697493597865105,0.004689350724220276,0.8257751735954242
2024-12-13,fold_7,"Inflation bear, AI rally and 2025",0.000903785228729248,1,0.01429798360913992,1,0.01429798360913992,-0.07057202531723306,,,,1,142.9798360913992,0.00417594239115715,-0.022628068923950195,0.000903785228729248,1.5441146298969766
2024-12-16,fold_7,"Inflation bear, AI rally and 2025",-0.0009038634598255157,-1,-0.004413610324263573,-1,0.004413610324263573,-0.06615841499296948,,,,1,44.13610324263573,0.0009099282324314117,-0.02723037078976631,-0.0009038634598255157,-0.5396602766272658
2024-12-17,fold_7,"Inflation bear, AI rally and 2025",-0.0007187165319919586,-1,-0.03674361854791641,-1,0.03674361854791641,-0.02941479644505307,,,,1,367.4361854791641,0.006443828344345093,-0.00934807863086462,-0.0007187165319919586,-4.541270883179465
2024-12-18,fold_7,"Inflation bear, AI rally and 2025",0.0031229592859745026,1,-0.004463426768779755,-1,-0.004463426768779755,-0.033878223213832825,,,,0,-44.634267687797546,0.01989070698618889,0.026716021820902824,0.0031229592859745026,-0.39053926853043847
2024-12-19,fold_7,"Inflation bear, AI rally and 2025",-0.0007271915674209595,-1,0.00869460217654705,1,-0.00869460217654705,-0.042572825390379876,,,,0,-86.9460217654705,0.0061411671340465546,0.017797116190195084,-0.0007271915674209595,0.7579205871356646
2024-12-20,fold_7,"Inflation bear, AI rally and 2025",0.005159679800271988,1,0.009695682674646378,1,0.009695682674646378,-0.0328771427157335,,,,1,96.95682674646378,0.016553640365600586,-0.004286685958504677,0.005159679800271988,0.8352949709807537
2024-12-23,fold_7,"Inflation bear, AI rally and 2025",0.0056150369346141815,1,0.013468680903315544,1,0.013468680903315544,-0.019408461812417954,,,,1,134.68680903315544,0.018776744604110718,-0.02251328155398369,0.0056150369346141815,1.1411439948871818
2024-12-24,fold_7,"Inflation bear, AI rally and 2025",0.011913847178220749,1,-0.000679517223034054,-1,-0.000679517223034054,-0.020087979035452008,,,,0,-6.79517223034054,0.02477525919675827,-0.03793996945023537,0.011913847178220749,-0.05580862951838488
2024-12-26,fold_7,"Inflation bear, AI rally and 2025",0.01142045110464096,1,-0.01338233333081007,-1,-0.01338233333081007,-0.03347031236626208,,,,0,-133.8233333081007,0.02447688579559326,-0.02102765068411827,0.01142045110464096,-1.104355311002339
2024-12-27,fold_7,"Inflation bear, AI rally and 2025",0.012533936649560928,1,-0.013389199040830135,-1,-0.013389199040830135,-0.046859511407092214,,,,0,-133.89199040830135,0.026179425418376923,0.0037819980643689632,0.012533936649560928,-1.0836190505276386
2024-12-30,fold_7,"Inflation bear, AI rally and 2025",0.02092091739177704,1,-0.008530912920832634,-1,-0.008530912920832634,-0.05539042432792485,,,,0,-85.30912920832634,0.0377691313624382,-0.0008342231158167124,0.02092091739177704,-0.6790967534261981
2024-12-31,fold_7,"Inflation bear, AI rally and 2025",0.018994871526956558,1,-0.001958006527274847,-1,-0.001958006527274847,-0.057348430855199695,,,,0,-19.58006527274847,0.03663109242916107,0.007871338166296482,0.018994871526956558,-0.15697591873959477
2025-01-02,fold_7,"Inflation bear, AI rally and 2025",0.008413717150688171,1,0.016232801601290703,1,0.016232801601290703,-0.04111562925390899,,,,1,162.32801601290703,0.013587474822998047,-0.005975963082164526,0.008413717150688171,1.302564693849145
2025-01-03,fold_7,"Inflation bear, AI rally and 2025",0.003692343831062317,1,0.011427314952015877,1,0.011427314952015877,-0.029688314301893115,,,,1,114.27314952015877,0.0051629431545734406,-0.025427700951695442,0.003692343831062317,0.9007871628095191
2025-01-06,fold_7,"Inflation bear, AI rally and 2025",0.0002959892153739929,1,-0.01800542138516903,-1,-0.01800542138516903,-0.047693735687062144,,,,0,-180.0542138516903,0.011240307241678238,-0.037804875522851944,0.0002959892153739929,-1.3929812999224083
2025-01-07,fold_7,"Inflation bear, AI rally and 2025",-0.0022498108446598053,-1,0.00017464857955928892,1,-0.00017464857955928892,-0.04786838426662143,,,,0,-1.7464857955928892,-0.012300927191972733,0.0029459847137331963,-0.0022498108446598053,0.013042302412667819
2025-01-08,fold_7,"Inflation bear, AI rally and 2025",0.0016320981085300446,1,-0.015805307775735855,-1,-0.015805307775735855,-0.06367369204235729,,,,0,-158.05307775735855,0.009067494422197342,-0.004259203560650349,0.0016320981085300446,-1.1904829162064468
2025-01-10,fold_7,"Inflation bear, AI rally and 2025",0.004326414316892624,1,-0.0032189367339015007,-1,-0.0032189367339015007,-0.06689262877625879,,,,0,-32.18936733901501,-0.00015971437096595764,0.028283799067139626,0.004326414316892624,-0.23465888856546038
2025-01-13,fold_7,"Inflation bear, AI rally and 2025",0.006290733814239502,1,-0.0009498588042333722,-1,-0.0009498588042333722,-0.06784248758049216,,,,0,-9.498588042333722,0.0048828572034835815,0.03735056519508362,0.006290733814239502,-0.07222777190658458
2025-01-14,fold_7,"Inflation bear, AI rally and 2025",0.006786797195672989,1,0.022745439782738686,1,0.022745439782738686,-0.045097047797753476,,,,1,227.45439782738686,0.002736099064350128,0.05100506544113159,0.006786797195672989,1.7399232613692317
2025-01-15,fold_7,"Inflation bear, AI rally and 2025",0.0013255476951599121,1,-0.007030539680272341,-1,-0.007030539680272341,-0.052127587478025816,,,,0,-70.30539680272341,0.005148373544216156,0.030383583158254623,0.0013255476951599121,-0.5049517597581288
2025-01-16,fold_7,"Inflation bear, AI rally and 2025",0.007689084857702255,1,0.016737693920731544,1,0.016737693920731544,-0.03538989355729427,,,,1,167.37693920731544,0.015808574855327606,0.03174690529704094,0.007689084857702255,1.2269209099107852
2025-01-17,fold_7,"Inflation bear, AI rally and 2025",0.00416087731719017,1,0.005847829394042492,1,0.005847829394042492,-0.02954206416325178,,,,1,58.47829394042492,0.02716892957687378,-0.014537647366523743,0.00416087731719017,0.4143973905147078
2025-01-21,fold_7,"Inflation bear, AI rally and 2025",0.004255194216966629,1,0.012704640626907349,1,0.012704640626907349,-0.01683742353634443,,,,1,127.04640626907349,0.019690219312906265,-0.005713867023587227,0.004255194216966629,1.100211193259038
2025-01-22,fold_7,"Inflation bear, AI rally and 2025",0.0008122250437736511,1,0.0021239574998617172,1,0.0021239574998617172,-0.014713466036482714,,,,1,21.239574998617172,0.014552220702171326,-0.02029821276664734,0.0008122250437736511,0.1792397771662967
2025-01-23,fold_7,"Inflation bear, AI rally and 2025",0.0018191486597061157,1,-0.005667216144502163,-1,-0.005667216144502163,-0.020380682180984877,,,,0,-56.67216144502163,0.012351490557193756,-0.018168844282627106,0.0018191486597061157,-0.4844238379339672
2025-01-24,fold_7,"Inflation bear, AI rally and 2025",0.002390187233686447,1,-0.029546858742833138,-1,-0.029546858742833138,-0.049927540923818015,,,,0,-295.4685874283314,0.015380721539258957,-0.013955770991742611,0.002390187233686447,-2.554659461653467
2025-01-27,fold_7,"Inflation bear, AI rally and 2025",0.012644495815038681,1,0.014671609736979008,1,0.014671609736979008,-0.03525593118683901,,,,1,146.71609736979008,0.0481150820851326,0.007555878255516291,0.012644495815038681,1.1307622690069064
2025-01-28,fold_7,"Inflation bear, AI rally and 2025",0.031179968267679214,1,-0.0018797048833221197,-1,-0.0018797048833221197,-0.03713563607016113,,,,0,-18.797048833221197,-0.011517858132719994,0.00508470181375742,0.031179968267679214,-0.14046057405372117
2025-01-29,fold_7,"Inflation bear, AI rally and 2025",0.026577038690447807,1,0.004253325052559376,1,0.004253325052559376,-0.03288231101760175,,,,1,42.53325052559376,-0.0016691498458385468,0.011492137797176838,0.026577038690447807,0.3259162506482828
2025-01-30,fold_7,"Inflation bear, AI rally and 2025",0.02353791333734989,1,-0.0014541425043717027,-1,-0.0014541425043717027,-0.03433645352197345,,,,0,-14.541425043717027,0.011799320578575134,0.01244503352791071,0.02353791333734989,-0.11415912596668515
2025-01-31,fold_7,"Inflation bear, AI rally and 2025",0.022269414737820625,1,-0.008035209029912949,-1,-0.008035209029912949,-0.0423716625518864,,,,0,-80.35209029912949,0.0006256625056266785,0.0012055110419169068,0.022269414737820625,-0.6377956415929221
2025-02-03,fold_7,"Inflation bear, AI rally and 2025",0.0018711164593696594,1,0.01220043282955885,1,0.01220043282955885,-0.030171229722327553,,,,1,122.0043282955885,-0.005437083542346954,0.021273206919431686,0.0018711164593696594,0.9592780334475167
2025-02-04,fold_7,"Inflation bear, AI rally and 2025",0.0025675706565380096,1,0.004527731332927942,1,0.004527731332927942,-0.02564349838939961,,,,1,45.27731332927942,0.01212162896990776,0.006689184810966253,0.0025675706565380096,0.36248105051066565
2025-02-05,fold_7,"Inflation bear, AI rally and 2025",0.00926131010055542,1,0.00520622031763196,1,0.00520622031763196,-0.02043727807176765,,,,1,52.0622031763196,0.0214729905128479,0.0027484078891575336,0.00926131010055542,0.424351776164534
2025-02-06,fold_7,"Inflation bear, AI rally and 2025",0.01079634204506874,1,-0.01269366405904293,-1,-0.01269366405904293,-0.03313094213081058,,,,0,-126.9366405904293,0.025905784219503403,0.011825453490018845,0.01079634204506874,-1.0898155390432156
2025-02-07,fold_7,"Inflation bear, AI rally and 2025",0.0155218206346035,1,0.012032486498355865,1,0.012032486498355865,-0.021098455632454716,,,,1,120.32486498355865,0.05085406452417374,0.028708897531032562,0.0155218206346035,1.0036834697670374
2025-02-10,fold_7,"Inflation bear, AI rally and 2025",0.005133073776960373,1,-0.002383588580414653,-1,-0.002383588580414653,-0.02348204421286937,,,,0,-23.83588580414653,0.025478318333625793,0.018940920010209084,0.005133073776960373,-0.20256088020514224
2025-02-11,fold_7,"Inflation bear, AI rally and 2025",0.003367811441421509,1,0.0005869545857422054,1,0.0005869545857422054,-0.022895089627127163,,,,1,5.869545857422054,0.02304747700691223,0.021602557972073555,0.003367811441421509,0.04992246657520241
2025-02-12,fold_7,"Inflation bear, AI rally and 2025",0.0009155981242656708,1,0.014283265918493271,1,0.014283265918493271,-0.008611823708633892,,,,1,142.8326591849327,0.0038837455213069916,0.016762059181928635,0.0009155981242656708,1.2149625157575195
2025-02-13,fold_7,"Inflation bear, AI rally and 2025",-0.0017403662204742432,-1,0.004189779050648212,1,-0.004189779050648212,-0.012801602759282105,,,,0,-41.897790506482124,-0.006843503564596176,-0.01849435083568096,-0.0017403662204742432,0.3784886720745663
2025-02-14,fold_7,"Inflation bear, AI rally and 2025",0.0016174949705600739,1,0.002264508744701743,1,0.002264508744701743,-0.010537094014580362,,,,1,22.64508744701743,0.00896494835615158,-0.034558553248643875,0.0016174949705600739,0.20591048791693217
2025-02-18,fold_7,"Inflation bear, AI rally and 2025",-0.0012531541287899017,-1,0.0002780499344225973,1,-0.0002780499344225973,-0.010815143949002959,,,,0,-2.780499344225973,0.005884066224098206,-0.049502383917570114,-0.0012531541287899017,0.02685567236901609
2025-02-19,fold_7,"Inflation bear, AI rally and 2025",0.0006796717643737793,1,-0.00425354391336441,-1,-0.00425354391336441,-0.01506868786236737,,,,0,-42.535439133644104,0.005536366254091263,-0.04736772179603577,0.0006796717643737793,-0.4141406173823227
2025-02-20,fold_7,"Inflation bear, AI rally and 2025",0.007983509451150894,1,-0.020973144099116325,-1,-0.020973144099116325,-0.036041831961483695,,,,0,-209.73144099116325,0.014019206166267395,-0.07127831876277924,0.007983509451150894,-2.115124717352403
2025-02-21,fold_7,"Inflation bear, AI rally and 2025",0.007791820913553238,1,-0.011874424293637276,-1,-0.011874424293637276,-0.04791625625512097,,,,0,-118.74424293637276,0.030325300991535187,-0.03463706746697426,0.007791820913553238,-1.083570530091159
2025-02-24,fold_7,"Inflation bear, AI rally and 2025",0.0050289444625377655,1,-0.012679321691393852,-1,-0.012679321691393852,-0.06059557794651482,,,,0,-126.79321691393852,0.009983789175748825,-0.04488817974925041,0.0050289444625377655,-1.1316524071712148
2025-02-25,fold_7,"Inflation bear, AI rally and 2025",0.007814768701791763,1,0.002412711502984166,1,0.002412711502984166,-0.058182866443530656,,,,1,24.12711502984166,0.015398573130369186,-0.035231202840805054,0.007814768701791763,0.2544313760054517
2025-02-26,fold_7,"Inflation bear, AI rally and 2025",0.008211463689804077,1,-0.02816414088010788,-1,-0.02816414088010788,-0.08634700732363854,,,,0,-281.6414088010788,0.025484908372163773,-0.02469206415116787,0.008211463689804077,-3.1597074203238327
2025-02-27,fold_7,"Inflation bear, AI rally and 2025",0.00856204703450203,1,0.015668107196688652,1,0.015668107196688652,-0.07067890012694988,,,,1,156.68107196688652,0.015460770577192307,-0.02442282810807228,0.00856204703450203,1.436683933453293
2025-02-28,fold_7,"Inflation bear, AI rally and 2025",0.007476434111595154,1,-0.02212553843855858,-1,-0.02212553843855858,-0.09280443856550846,,,,0,-221.25538438558578,0.017101451754570007,-0.0327642448246479,0.007476434111595154,-1.9382641638574425
2025-03-03,fold_7,"Inflation bear, AI rally and 2025",0.01045384630560875,1,-0.0030223436187952757,-1,-0.0030223436187952757,-0.09582678218430374,,,,0,-30.223436187952757,0.02991655468940735,-0.05016609653830528,0.01045384630560875,-0.2430142505803539
2025-03-04,fold_7,"Inflation bear, AI rally and 2025",0.006900373846292496,1,0.012951849959790707,1,0.012951849959790707,-0.08287493222451303,,,,1,129.51849959790707,0.028972655534744263,-0.04953701049089432,0.006900373846292496,1.0508624067943906
2025-03-05,fold_7,"Inflation bear, AI rally and 2025",0.006314914673566818,1,-0.02789490483701229,-1,-0.02789490483701229,-0.11076983706152532,,,,0,-278.9490483701229,0.011241842061281204,-0.05127124860882759,0.006314914673566818,-2.2562760531011747
2025-03-06,fold_7,"Inflation bear, AI rally and 2025",0.017399508506059647,1,0.007326692808419466,1,0.007326692808419466,-0.10344314425310586,,,,1,73.26692808419466,0.053144291043281555,-0.04153061285614967,0.017399508506059647,0.530514293447537
2025-03-07,fold_7,"Inflation bear, AI rally and 2025",0.008660979568958282,1,-0.039527393877506256,-1,-0.039527393877506256,-0.1429705381306121,,,,0,-395.27393877506256,0.03346088528633118,-0.024974392727017403,0.008660979568958282,-2.8521982387636458
2025-03-10,fold_7,"Inflation bear, AI rally and 2025",0.008713416755199432,1,-0.002393258037045598,-1,-0.002393258037045598,-0.1453637961676577,,,,0,-23.93258037045598,0.03471141308546066,0.021015793085098267,0.008713416755199432,-0.14782092154955517
2025-03-11,fold_7,"Inflation bear, AI rally and 2025",0.007078055292367935,1,0.011217612773180008,1,0.011217612773180008,-0.1341461833944777,,,,1,112.17612773180008,0.034799568355083466,0.0062147388234734535,0.007078055292367935,0.7022379003606621
2025-03-12,fold_7,"Inflation bear, AI rally and 2025",5.326792597770691e-05,1,-0.018154267221689224,-1,-0.018154267221689224,-0.15230045061616693,,,,0,-181.54267221689224,0.0135231614112854,0.008289692923426628,5.326792597770691e-05,-1.1233351275181127
2025-03-13,fold_7,"Inflation bear, AI rally and 2025",0.0056502558290958405,1,0.0238829106092453,1,0.0238829106092453,-0.12841754000692163,,,,1,238.829106092453,0.03523450344800949,0.023048678413033485,0.0056502558290958405,1.433327728065527
2025-03-14,fold_7,"Inflation bear, AI rally and 2025",-0.001833602786064148,-1,0.006462794728577137,1,-0.006462794728577137,-0.13488033473549876,,,,0,-64.62794728577137,0.0033823661506175995,0.002457075286656618,-0.001833602786064148,0.3756676896084284
2025-03-17,fold_7,"Inflation bear, AI rally and 2025",-0.0007836297154426575,-1,-0.017194312065839767,-1,0.017194312065839767,-0.117686022669659,,,,1,171.94312065839767,-0.004104964435100555,0.017701327800750732,-0.0007836297154426575,-0.997428633637089
2025-03-18,fold_7,"Inflation bear, AI rally and 2025",0.0030147023499011993,1,0.013292566873133183,1,0.013292566873133183,-0.10439345579652581,,,,1,132.92566873133183,0.019933070987462997,0.040585990995168686,0.0030147023499011993,0.7529097085664618
2025-03-19,fold_7,"Inflation bear, AI rally and 2025",-0.002479810267686844,-1,-0.0033952805679291487,-1,0.0033952805679291487,-0.10099817522859666,,,,1,33.95280567929149,0.0012249648571014404,0.00872135628014803,-0.002479810267686844,-0.189645777621097
2025-03-20,fold_7,"Inflation bear, AI rally and 2025",-0.0009787268936634064,-1,0.0032913063187152147,1,-0.0032913063187152147,-0.10428948154731188,,,,0,-32.91306318715215,0.000844120979309082,0.006402337457984686,-0.0009787268936634064,0.18393242786491146
2025-03-21,fold_7,"Inflation bear, AI rally and 2025",0.0015879273414611816,1,0.021707046777009964,1,0.021707046777009964,-0.08258243477030192,,,,1,217.07046777009964,0.0075863562524318695,-0.023569578304886818,0.0015879273414611816,1.2558823168990274
2025-03-24,fold_7,"Inflation bear, AI rally and 2025",-0.004638995975255966,-1,0.005690351594239473,1,-0.005690351594239473,-0.08827278636454139,,,,0,-56.90351594239473,-0.016756894066929817,-0.04531926289200783,-0.004638995975255966,0.32048442258407656
2025-03-25,fold_7,"Inflation bear, AI rally and 2025",-0.0028886571526527405,-1,-0.018572067841887474,-1,0.018572067841887474,-0.06970071852265391,,,,1,185.72067841887474,-0.004914509132504463,-0.04298087954521179,-0.0028886571526527405,-1.0568059807657881
2025-03-26,fold_7,"Inflation bear, AI rally and 2025",-0.0006450153887271881,-1,-0.005714299622923136,-1,0.005714299622923136,-0.06398641889973078,,,,1,57.14299622923136,-0.0036439411342144012,-0.017136819660663605,-0.0006450153887271881,-0.3165865709902819
2025-03-27,fold_7,"Inflation bear, AI rally and 2025",0.0033158808946609497,1,-0.026680609211325645,-1,-0.026680609211325645,-0.09066702811105642,,,,0,-266.80609211325645,0.004699159413576126,-0.06644228845834732,0.0033158808946609497,-1.5728139846911706
2025-03-28,fold_7,"Inflation bear, AI rally and 2025",0.0062250979244709015,1,-4.263700975570828e-05,-1,-4.263700975570828e-05,-0.09070966512081213,,,,0,-0.4263700975570828,0.010176870971918106,-0.10388310998678207,0.0062250979244709015,-0.002417402521640605
2025-03-31,fold_7,"Inflation bear, AI rally and 2025",-0.0010681897401809692,-1,0.008028735406696796,1,-0.008028735406696796,-0.09873840052750893,,,,0,-80.28735406696796,-0.012904249131679535,-0.10143010318279266,-0.0010681897401809692,0.4742472209972108
2025-04-01,fold_7,"Inflation bear, AI rally and 2025",-0.0005550272762775421,-1,0.007271991111338139,1,-0.007271991111338139,-0.10601039163884707,,,,0,-72.71991111338139,-0.008626358583569527,-0.12763145565986633,-0.0005550272762775421,0.42748922377433163
2025-04-02,fold_7,"Inflation bear, AI rally and 2025",-0.0005781538784503937,-1,-0.055019769817590714,-1,0.055019769817590714,-0.050990621821256354,,,,1,550.1976981759071,-0.002619769424200058,-0.021547358483076096,-0.0005781538784503937,-3.2669603826950797
2025-04-03,fold_7,"Inflation bear, AI rally and 2025",0.015388846397399902,1,-0.06412143260240555,-1,-0.06412143260240555,-0.1151120544236619,,,,0,-641.2143260240555,0.04303620755672455,-0.009990752674639225,0.015388846397399902,-3.2218939204937738
2025-04-04,fold_7,"Inflation bear, AI rally and 2025",0.016557112336158752,1,0.0024103696923702955,1,0.0024103696923702955,-0.11270168473129161,,,,1,24.103696923702955,0.06776650995016098,0.07238619029521942,0.016557112336158752,0.09848710582561052
2025-04-07,fold_7,"Inflation bear, AI rally and 2025",0.014201272279024124,1,-0.01817261427640915,-1,-0.01817261427640915,-0.13087429900770076,,,,0,-181.7261427640915,0.06093258410692215,0.0767311081290245,0.014201272279024124,-0.796046233471477
2025-04-08,fold_7,"Inflation bear, AI rally and 2025",0.01639128476381302,1,0.1133560836315155,1,0.1133560836315155,-0.017518215376185253,,,,1,1133.560836315155,0.07377896457910538,0.09601788967847824,0.01639128476381302,4.889990120928103
2025-04-09,fold_7,"Inflation bear, AI rally and 2025",0.0047897957265377045,1,-0.04346316307783127,-1,-0.04346316307783127,-0.06098137845401652,,,,0,-434.6316307783127,0.008364934474229813,-0.0479557141661644,0.0047897957265377045,-1.2687291452129743
2025-04-10,fold_7,"Inflation bear, AI rally and 2025",0.015823371708393097,1,0.01825551502406597,1,0.01825551502406597,-0.04272586342995055,,,,1,182.5551502406597,0.031115896999835968,-0.004672687966376543,0.015823371708393097,0.5160277596305618
2025-04-11,fold_7,"Inflation bear, AI rally and 2025",-0.008612766861915588,-1,0.006755282171070576,1,-0.006755282171070576,-0.049481145601021126,,,,0,-67.55282171070576,-0.02803194336593151,-0.04798625782132149,-0.008612766861915588,0.19186220783259403
2025-04-14,fold_7,"Inflation bear, AI rally and 2025",-0.008279457688331604,-1,0.0011141699505969882,1,-0.0011141699505969882,-0.050595315551618114,,,,0,-11.141699505969882,-0.014692744240164757,-0.028828177601099014,-0.008279457688331604,0.0316419716434806
2025-04-15,fold_7,"Inflation bear, AI rally and 2025",-0.005965393036603928,-1,-0.030617518350481987,-1,0.030617518350481987,-0.019977797201136127,,,,1,306.17518350481987,-0.012868596240878105,-0.007517511025071144,-0.005965393036603928,-0.8747330783313502
2025-04-16,fold_7,"Inflation bear, AI rally and 2025",-0.00035455450415611267,-1,-0.00018013635417446494,-1,0.00018013635417446494,-0.019797660846961662,,,,1,1.8013635417446494,-0.011368725448846817,0.05084860697388649,-0.00035455450415611267,-0.005068363389150477
2025-04-17,fold_7,"Inflation bear, AI rally and 2025",-0.0016442351043224335,-1,-0.02505805715918541,-1,0.02505805715918541,0.005260396312223747,,,,1,250.5805715918541,-0.013368453830480576,0.06211496889591217,-0.0016442351043224335,-0.7052004373844853
2025-04-21,fold_7,"Inflation bear, AI rally and 2025",0.002453155815601349,1,0.025913363322615623,1,0.025913363322615623,0.03117375963483937,,,,1,259.13363322615623,-0.009863896295428276,0.08685559034347534,0.002453155815601349,0.720520723984611
2025-04-22,fold_7,"Inflation bear, AI rally and 2025",-0.006126783788204193,-1,0.022424837574362755,1,-0.022424837574362755,0.008748922060476616,,,,0,-224.24837574362755,-0.024176254868507385,0.06752496212720871,-0.006126783788204193,0.6211222406699431
2025-04-23,fold_7,"Inflation bear, AI rally and 2025",-0.008017677813768387,-1,0.027748601511120796,1,-0.027748601511120796,-0.01899967945064418,,,,0,-277.48601511120796,-0.02934744954109192,0.04497391730546951,-0.008017677813768387,0.7617366307611424
2025-04-24,fold_7,"Inflation bear, AI rally and 2025",-0.0074724555015563965,-1,0.01108622271567583,1,-0.01108622271567583,-0.03008590216632001,,,,0,-110.86222715675831,-0.020731553435325623,0.03020145744085312,-0.0074724555015563965,0.30192364164997343
2025-04-25,fold_7,"Inflation bear, AI rally and 2025",-0.007322058081626892,-1,-0.00031743646832183003,-1,0.00031743646832183003,-0.02976846569799818,,,,1,3.1743646832183003,-0.01939290761947632,0.03385004773736,-0.007322058081626892,-0.008630674926025761
2025-04-28,fold_7,"Inflation bear, AI rally and 2025",-0.008988149464130402,-1,0.0065827397629618645,1,-0.0065827397629618645,-0.036351205460960045,,,,0,-65.82739762961864,-0.019339635968208313,0.028217311948537827,-0.008988149464130402,0.18137760637662514
2025-04-29,fold_7,"Inflation bear, AI rally and 2025",-0.007516872137784958,-1,-0.00012620817869901657,-1,0.00012620817869901657,-0.03622499728226103,,,,1,1.2620817869901657,-0.01866999641060829,0.012289345264434814,-0.007516872137784958,-0.0034746220771629953
2025-04-30,fold_7,"Inflation bear, AI rally and 2025",-0.007053449749946594,-1,0.012976137921214104,1,-0.012976137921214104,-0.04920113520347513,,,,0,-129.76137921214104,-0.017373407259583473,0.01633375883102417,-0.007053449749946594,0.35768155522795286
2025-05-01,fold_7,"Inflation bear, AI rally and 2025",-0.006082445383071899,-1,0.014734814874827862,1,-0.014734814874827862,-0.063935950078303,,,,0,-147.34814874827862,-0.02503354661166668,0.013629618100821972,-0.006082445383071899,0.40527054453153283
2025-05-02,fold_7,"Inflation bear, AI rally and 2025",-0.007192343473434448,-1,-0.005950172431766987,-1,0.005950172431766987,-0.05798577764653601,,,,1,59.50172431766987,-0.016968930140137672,-0.0017607435584068298,-0.007192343473434448,-0.17311363003944677
2025-05-05,fold_7,"Inflation bear, AI rally and 2025",-0.005754586309194565,-1,-0.009345225989818573,-1,0.009345225989818573,-0.048640551656717435,,,,1,93.45225989818573,-0.010758932679891586,0.0441216379404068,-0.005754586309194565,-0.29888984103191907
2025-05-06,fold_7,"Inflation bear, AI rally and 2025",-0.003016136586666107,-1,0.003918205387890339,1,-0.003918205387890339,-0.05255875704460777,,,,0,-39.18205387890339,-0.006867609918117523,0.06859263777732849,-0.003016136586666107,0.1250561344734105
2025-05-07,fold_7,"Inflation bear, AI rally and 2025",-0.005011431872844696,-1,0.010271997191011906,1,-0.010271997191011906,-0.06283075423561968,,,,0,-102.71997191011906,-0.011910729110240936,0.07064971327781677,-0.005011431872844696,0.3305092844591725
2025-05-08,fold_7,"Inflation bear, AI rally and 2025",-0.005241725593805313,-1,-0.00065554742468521,-1,0.00065554742468521,-0.06217520681093447,,,,1,6.5554742468521,-0.009202467277646065,0.06147606670856476,-0.005241725593805313,-0.036156972066067466
2025-05-09,fold_7,"Inflation bear, AI rally and 2025",0.004366371780633926,1,0.03993220627307892,1,0.03993220627307892,-0.02224300053785555,,,,1,399.3220627307892,0.02829887717962265,0.06647443026304245,0.004366371780633926,2.6088471223946046
2025-05-12,fold_7,"Inflation bear, AI rally and 2025",-0.0027392134070396423,-1,0.01512577198445797,1,-0.01512577198445797,-0.03736877252231352,,,,0,-151.2577198445797,-0.0011566504836082458,0.027500687167048454,-0.0027392134070396423,0.8771644078400747
2025-05-13,fold_7,"Inflation bear, AI rally and 2025",-0.004456173628568649,-1,0.005975283216685057,1,-0.005975283216685057,-0.04334405573899858,,,,0,-59.75283216685057,0.002078130841255188,0.009036059491336346,-0.004456173628568649,0.34129920720393586
2025-05-14,fold_7,"Inflation bear, AI rally and 2025",-0.00305161252617836,-1,0.0010983524844050407,1,-0.0010983524844050407,-0.04444240822340362,,,,0,-10.983524844050407,0.01205918937921524,-0.010933410376310349,-0.00305161252617836,0.06256064208819194
2025-05-15,fold_7,"Inflation bear, AI rally and 2025",-0.0008519887924194336,-1,0.004342813044786453,1,-0.004342813044786453,-0.04878522126819007,,,,0,-43.42813044786453,0.013298224657773972,-0.010162297636270523,-0.0008519887924194336,0.26859577139762664
2025-05-16,fold_7,"Inflation bear, AI rally and 2025",-0.0014143213629722595,-1,0.0009584668441675603,1,-0.0009584668441675603,-0.04974368811235763,,,,0,-9.584668441675603,0.009667906910181046,-0.023808997124433517,-0.0014143213629722595,0.059173135968984825
2025-05-19,fold_7,"Inflation bear, AI rally and 2025",0.0017057321965694427,1,-0.00333885638974607,-1,-0.00333885638974607,-0.0530825445021037,,,,0,-33.3885638974607,0.017546486109495163,-0.0015147612430155277,0.0017057321965694427,-0.21967344676553358
2025-05-20,fold_7,"Inflation bear, AI rally and 2025",0.004535514861345291,1,-0.01399418618530035,-1,-0.01399418618530035,-0.06707673068740405,,,,0,-139.9418618530035,0.018045276403427124,-0.002617579186335206,0.004535514861345291,-0.9945301163410145
2025-05-21,fold_7,"Inflation bear, AI rally and 2025",0.010777752846479416,1,0.0018694656901061535,1,0.0018694656901061535,-0.0652072649972979,,,,1,18.694656901061535,0.041102275252342224,0.013340315781533718,0.010777752846479416,0.13832889935319634
2025-05-22,fold_7,"Inflation bear, AI rally and 2025",0.007778789848089218,1,-0.009303887374699116,-1,-0.009303887374699116,-0.07451115237199701,,,,0,-93.03887374699116,0.0374932736158371,0.009892607107758522,0.007778789848089218,-0.774461020632546
2025-05-23,fold_7,"Inflation bear, AI rally and 2025",0.032842811197042465,1,0.0232527032494545,1,0.0232527032494545,-0.051258449122542515,,,,1,232.52703249454498,0.033484093844890594,0.027063505724072456,0.032842811197042465,1.9478699600537477
2025-05-27,fold_7,"Inflation bear, AI rally and 2025",0.002873435616493225,1,-0.004441674333065748,-1,-0.004441674333065748,-0.055700123455608264,,,,0,-44.41674333065748,0.016829971224069595,0.011597446165978909,0.002873435616493225,-0.34112939391963787
2025-05-28,fold_7,"Inflation bear, AI rally and 2025",0.003920748829841614,1,0.0019637085497379303,1,0.0019637085497379303,-0.05373641490587033,,,,1,19.637085497379303,0.0183655247092247,0.018823090940713882,0.003920748829841614,0.15134440968446183
2025-05-29,fold_7,"Inflation bear, AI rally and 2025",0.001745719462633133,1,-0.0015782431000843644,-1,-0.0015782431000843644,-0.0553146580059547,,,,0,-15.782431000843644,0.01801908016204834,0.009304034523665905,0.001745719462633133,-0.12156701262634625
2025-05-30,fold_7,"Inflation bear, AI rally and 2025",0.004682391881942749,1,0.007867010310292244,1,0.007867010310292244,-0.047447647695662454,,,,1,78.67010310292244,0.018184218555688858,0.02061014249920845,0.004682391881942749,0.62145509353276
2025-06-02,fold_7,"Inflation bear, AI rally and 2025",-0.0028327368199825287,-1,0.007786644622683525,1,-0.007786644622683525,-0.05523429231834598,,,,0,-77.86644622683525,-0.0004441849887371063,0.014214090071618557,-0.0028327368199825287,0.630565866011398
2025-06-03,fold_7,"Inflation bear, AI rally and 2025",-0.0019652098417282104,-1,0.0027839706744998693,1,-0.0027839706744998693,-0.05801826299284585,,,,0,-27.839706744998693,0.0065710581839084625,0.013019595295190811,-0.0019652098417282104,0.22452047709836354
2025-06-04,fold_7,"Inflation bear, AI rally and 2025",-0.002282656729221344,-1,-0.0075553483329713345,-1,0.0075553483329713345,-0.050462914659874514,,,,1,75.55348332971334,0.0021823719143867493,0.006860374938696623,-0.002282656729221344,-0.617361654631516
2025-06-05,fold_7,"Inflation bear, AI rally and 2025",0.007522843778133392,1,0.009727864526212215,1,0.009727864526212215,-0.0407350501336623,,,,1,97.27864526212215,0.030998125672340393,0.01676086150109768,0.007522843778133392,0.7894022209341992
2025-06-06,fold_7,"Inflation bear, AI rally and 2025",-0.0003715716302394867,-1,0.001470958348363638,1,-0.001470958348363638,-0.042206008482025936,,,,0,-14.70958348363638,0.010798946022987366,-0.00560140423476696,-0.0003715716302394867,0.11958058444466334
2025-06-09,fold_7,"Inflation bear, AI rally and 2025",-0.0013638921082019806,-1,0.006592150311917067,1,-0.006592150311917067,-0.048798158793943,,,,0,-65.92150311917067,0.01044820249080658,0.0067417314276099205,-0.0013638921082019806,0.5357510440066177
2025-06-10,fold_7,"Inflation bear, AI rally and 2025",-0.002250388264656067,-1,-0.003375249681994319,-1,0.003375249681994319,-0.045422909111948684,,,,1,33.75249681994319,0.01139192283153534,-0.009649480693042278,-0.002250388264656067,-0.3927775601112056
2025-06-11,fold_7,"Inflation bear, AI rally and 2025",-0.0011562593281269073,-1,0.002345137996599078,1,-0.002345137996599078,-0.04776804710854776,,,,0,-23.451379965990782,0.01194629818201065,-0.0064444150775671005,-0.0011562593281269073,0.2955188983284086
2025-06-12,fold_7,"Inflation bear, AI rally and 2025",-0.0015410743653774261,-1,-0.012634401209652424,-1,0.012634401209652424,-0.03513364589889534,,,,1,126.34401209652424,0.006171710789203644,-0.012881052680313587,-0.0015410743653774261,-1.6115450914958678
2025-06-13,fold_7,"Inflation bear, AI rally and 2025",0.0013111121952533722,1,0.013814094476401806,1,0.013814094476401806,-0.021319551422493532,,,,1,138.14094476401806,0.016502108424901962,0.009983260184526443,0.0013111121952533722,1.658394163013713
2025-06-16,fold_7,"Inflation bear, AI rally and 2025",-0.003164947032928467,-1,-0.00979906227439642,-1,0.00979906227439642,-0.011520489148097113,,,,1,97.9906227439642,-0.002646271139383316,0.011345419101417065,-0.003164947032928467,-1.109638710114522
2025-06-17,fold_7,"Inflation bear, AI rally and 2025",-0.0007116757333278656,-1,-0.00017018403741531074,-1,0.00017018403741531074,-0.011350305110681802,,,,1,1.7018403741531074,0.014989979565143585,0.02369767054915428,-0.0007116757333278656,-0.018709541966715384
2025-06-18,fold_7,"Inflation bear, AI rally and 2025",0.00020610541105270386,1,-0.004091499838978052,-1,-0.004091499838978052,-0.015441804949659854,,,,0,-40.91499838978052,0.021708223968744278,0.03317466005682945,0.00020610541105270386,-0.45132657086905426
2025-06-20,fold_7,"Inflation bear, AI rally and 2025",-0.0026722997426986694,-1,0.010229912586510181,1,-0.010229912586510181,-0.025671717536170036,,,,0,-102.29912586510181,0.007172122597694397,0.04068398103117943,-0.0026722997426986694,1.1954519155541303
2025-06-23,fold_7,"Inflation bear, AI rally and 2025",0.0002982988953590393,1,0.015176253393292427,1,0.015176253393292427,-0.010495464142877609,,,,1,151.76253393292427,0.02709897980093956,0.03691010922193527,0.0002982988953590393,1.7152282168837871
2025-06-24,fold_7,"Inflation bear, AI rally and 2025",0.004322517663240433,1,0.002553190104663372,1,0.002553190104663372,-0.007942274038214236,,,,1,25.53190104663372,0.018920086324214935,0.01326880045235157,0.004322517663240433,0.2761633476020483
2025-06-25,fold_7,"Inflation bear, AI rally and 2025",0.004505902528762817,1,0.009306803345680237,1,0.009306803345680237,0.0013645293074660003,,,,1,93.06803345680237,0.02275931090116501,0.0176568441092968,0.004505902528762817,1.2140570495435146
2025-06-26,fold_7,"Inflation bear, AI rally and 2025",0.0023884624242782593,1,0.0034178236965090036,1,0.0034178236965090036,0.004782353003975004,,,,1,34.178236965090036,0.013039182871580124,0.018142199143767357,0.0023884624242782593,0.4336796183005765
2025-06-27,fold_7,"Inflation bear, AI rally and 2025",0.00016438961029052734,1,0.006456038448959589,1,0.006456038448959589,0.011238391452934593,,,,1,64.56038448959589,0.010872572660446167,0.007162868976593018,0.00016438961029052734,0.8166233479195625
2025-06-30,fold_7,"Inflation bear, AI rally and 2025",-0.0012787356972694397,-1,-0.008465055376291275,-1,0.008465055376291275,0.019703446829225868,,,,1,84.65055376291275,0.008256476372480392,0.0012683197855949402,-0.0012787356972694397,-1.0543437575637744
2025-07-01,fold_7,"Inflation bear, AI rally and 2025",-0.001345265656709671,-1,0.006941234227269888,1,-0.006941234227269888,0.01276221260195598,,,,0,-69.41234227269888,0.007920578122138977,0.016787249594926834,-0.001345265656709671,0.8612915520447721
2025-07-02,fold_7,"Inflation bear, AI rally and 2025",-0.002173256129026413,-1,0.009792158380150795,1,-0.009792158380150795,0.002970054221805185,,,,0,-97.92158380150795,0.0013416893780231476,0.00840685609728098,-0.002173256129026413,1.2209093004921368
2025-07-03,fold_7,"Inflation bear, AI rally and 2025",-0.003821801394224167,-1,-0.007561507169157267,-1,0.007561507169157267,0.010531561390962452,,,,1,75.61507169157267,-0.00623750314116478,-0.003638129448518157,-0.003821801394224167,-0.912062731944434
2025-07-07,fold_7,"Inflation bear, AI rally and 2025",-0.0023412667214870453,-1,0.0005614891997538507,1,-0.0005614891997538507,0.009970072191208601,,,,0,-5.614891997538507,0.0030257105827331543,0.007543554063886404,-0.0023412667214870453,0.06772407021490523
2025-07-08,fold_7,"Inflation bear, AI rally and 2025",-0.0031897127628326416,-1,0.007053874898701906,1,-0.007053874898701906,0.002916197292506695,,,,0,-70.53874898701906,-0.00803687795996666,0.007898572832345963,-0.0031897127628326416,0.8815816587750563
2025-07-09,fold_7,"Inflation bear, AI rally and 2025",-0.0038035325706005096,-1,-0.0014391591539606452,-1,0.0014391591539606452,0.00435535644646734,,,,1,14.391591539606452,-0.002605874091386795,0.0018679917557165027,-0.0038035325706005096,-0.17661141588879875
2025-07-10,fold_7,"Inflation bear, AI rally and 2025",-0.0029382482171058655,-1,-0.0022528269328176975,-1,0.0022528269328176975,0.0066081833792850375,,,,1,22.528269328176975,-0.0028414763510227203,0.011367371305823326,-0.0029382482171058655,-0.2808745383451295
2025-07-11,fold_7,"Inflation bear, AI rally and 2025",-0.0032939687371253967,-1,0.003620176576077938,1,-0.003620176576077938,0.0029880068032070994,,,,0,-36.20176576077938,0.0010662749409675598,0.012658500112593174,-0.0032939687371253967,0.4524629565912329
2025-07-14,fold_7,"Inflation bear, AI rally and 2025",-0.0017598830163478851,-1,0.0009165076771751046,1,-0.0009165076771751046,0.002071499126031995,,,,0,-9.165076771751046,0.004281807690858841,0.014209684915840626,-0.0017598830163478851,0.11420975350014795
2025-07-15,fold_7,"Inflation bear, AI rally and 2025",0.0010257288813591003,1,0.0010232938220724463,1,0.0010232938220724463,0.003094792948104441,,,,1,10.232938220724463,0.01307603344321251,0.008103914558887482,0.0010257288813591003,0.13618806482870882
2025-07-16,fold_7,"Inflation bear, AI rally and 2025",0.0025809481739997864,1,0.008060220628976822,1,0.008060220628976822,0.011155013577081263,,,,1,80.60220628976822,0.02404089644551277,0.011631511151790619,0.0025809481739997864,1.1760979880152769
2025-07-17,fold_7,"Inflation bear, AI rally and 2025",0.0037530437111854553,1,-0.0009616987663321197,-1,-0.0009616987663321197,0.010193314810749143,,,,0,-9.616987663321197,0.019891798496246338,0.005697506945580244,0.0037530437111854553,-0.14270382450815308
2025-07-18,fold_7,"Inflation bear, AI rally and 2025",-0.00029921531677246094,-1,0.005171361844986677,1,-0.005171361844986677,0.005021952965762466,,,,0,-51.71361844986677,0.010259959846735,0.00906337145715952,-0.00029921531677246094,0.7669859185624802
2025-07-21,fold_7,"Inflation bear, AI rally and 2025",0.001399300992488861,1,-0.005189262330532074,-1,-0.005189262330532074,-0.00016730936476960778,,,,0,-51.89262330532074,0.015296079218387604,0.007012150716036558,0.001399300992488861,-0.7654419130645659
2025-07-22,fold_7,"Inflation bear, AI rally and 2025",0.0048201680183410645,1,0.004550890065729618,1,0.004550890065729618,0.00438358070096001,,,,1,45.50890065729618,0.02369530498981476,0.0106513611972332,0.0048201680183410645,0.7015949302939439
2025-07-23,fold_7,"Inflation bear, AI rally and 2025",0.0031570643186569214,1,0.0021262161899358034,1,0.0021262161899358034,0.006509796890895814,,,,1,21.262161899358034,0.013991694897413254,0.007439480163156986,0.0031570643186569214,0.37827171020139594
2025-07-24,fold_7,"Inflation bear, AI rally and 2025",0.0020928680896759033,1,0.002404165454208851,1,0.002404165454208851,0.008913962345104665,,,,1,24.04165454208851,0.008323930203914642,0.0,0.0020928680896759033,0.4283990359534204
2025-07-25,fold_7,"Inflation bear, AI rally and 2025",-0.0005969405174255371,-1,0.0031201415695250034,1,-0.0031201415695250034,0.005793820775579661,,,,0,-31.201415695250034,0.0034977272152900696,-0.022299613803625107,-0.0005969405174255371,0.595502653685041
2025-07-28,fold_7,"Inflation bear, AI rally and 2025",-0.000665612518787384,-1,-0.0015500520821660757,-1,0.0015500520821660757,0.007343872857745737,,,,1,15.500520821660757,0.00661216676235199,-0.007136274129152298,-0.000665612518787384,-0.2963649319322456
2025-07-29,fold_7,"Inflation bear, AI rally and 2025",-0.002528563141822815,-1,0.001339009148068726,1,-0.001339009148068726,0.006004863709677011,,,,0,-13.39009148068726,0.0015210546553134918,-0.012398889288306236,-0.002528563141822815,0.26573052952608295
2025-07-30,fold_7,"Inflation bear, AI rally and 2025",-0.0004964657127857208,-1,-0.005313263740390539,-1,0.005313263740390539,0.01131812745006755,,,,1,53.13263740390539,0.004298552870750427,-0.0012331786565482616,-0.0004964657127857208,-1.1354257306530724
2025-07-31,fold_7,"Inflation bear, AI rally and 2025",-0.007406879216432571,-1,-0.01989544928073883,-1,0.01989544928073883,0.03121357673080638,,,,1,198.9544928073883,0.03987981379032135,0.00745871476829052,-0.007406879216432571,-4.351860117887104
2025-08-01,fold_7,"Inflation bear, AI rally and 2025",0.006907571107149124,1,0.018283480778336525,1,0.018283480778336525,0.049497057509142905,,,,1,182.83480778336525,0.03388642519712448,0.03663913160562515,0.006907571107149124,3.051587052731937
2025-08-04,fold_7,"Inflation bear, AI rally and 2025",0.003970049321651459,1,-0.006812667474150658,-1,-0.006812667474150658,0.04268439003499225,,,,0,-68.12667474150658,0.008495565503835678,0.015392293222248554,0.003970049321651459,-0.9658439511808814
2025-08-05,fold_7,"Inflation bear, AI rally and 2025",0.0065790750086307526,1,0.012504720129072666,1,0.012504720129072666,0.055189110164064914,,,,1,125.04720129072666,0.009417574852705002,0.03469543159008026,0.0065790750086307526,1.7331264565623796
2025-08-06,fold_7,"Inflation bear, AI rally and 2025",0.012716799974441528,1,0.0033786294516175985,1,0.0033786294516175985,0.05856773961568251,,,,1,33.786294516175985,0.022180993109941483,0.0226906705647707,0.012716799974441528,0.44599293756289404
2025-08-07,fold_7,"Inflation bear, AI rally and 2025",0.01600288227200508,1,0.009284966625273228,1,0.009284966625273228,0.06785270624095574,,,,1,92.84966625273228,-0.0024291276931762695,0.01853628270328045,0.01600288227200508,1.2206949690026645
2025-08-08,fold_7,"Inflation bear, AI rally and 2025",0.002923138439655304,1,-0.002963355975225568,-1,-0.002963355975225568,0.06488935026573017,,,,0,-29.633559752255678,0.0051947832107543945,0.004844300914555788,0.002923138439655304,-0.3766124078785977
2025-08-11,fold_7,"Inflation bear, AI rally and 2025",0.0036296099424362183,1,0.012490469962358475,1,0.012490469962358475,0.07737982022808865,,,,1,124.90469962358475,0.012498650699853897,0.007409026846289635,0.0036296099424362183,1.5901907501999453
2025-08-12,fold_7,"Inflation bear, AI rally and 2025",-0.0014331042766571045,-1,0.0004999605007469654,1,-0.0004999605007469654,0.07687985972734168,,,,0,-4.999605007469654,-0.007180416956543922,-0.018741806969046593,-0.0014331042766571045,0.059990749109096714
2025-08-13,fold_7,"Inflation bear, AI rally and 2025",0.0007522553205490112,1,-0.000775758468080312,-1,-0.000775758468080312,0.07610410125926137,,,,0,-7.75758468080312,0.0037571974098682404,-0.02519688941538334,0.0007522553205490112,-0.09311073597075677
2025-08-14,fold_7,"Inflation bear, AI rally and 2025",-0.0011887773871421814,-1,-0.004407014697790146,-1,0.004407014697790146,0.08051111595705152,,,,1,44.07014697790146,-0.0024818331003189087,-0.029061537235975266,-0.0011887773871421814,-0.5416591906536531
2025-08-15,fold_7,"Inflation bear, AI rally and 2025",0.00419195368885994,1,-0.0003986301308032125,-1,-0.0003986301308032125,0.0801124858262483,,,,0,-3.9863013080321252,0.016550976783037186,-0.00934495497494936,0.00419195368885994,-0.04865628722997111
2025-08-18,fold_7,"Inflation bear, AI rally and 2025",0.003486279398202896,1,-0.013660364784300327,-1,-0.013660364784300327,0.06645212104194798,,,,0,-136.60364784300327,0.02004820480942726,-0.011835196986794472,0.003486279398202896,-1.68412534415897
2025-08-19,fold_7,"Inflation bear, AI rally and 2025",0.014689512550830841,1,-0.005955122411251068,-1,-0.005955122411251068,0.06049699863069691,,,,0,-59.55122411251068,0.04712248593568802,0.005832357332110405,0.014689512550830841,-0.6933178700891818
2025-08-20,fold_7,"Inflation bear, AI rally and 2025",0.012836359441280365,1,-0.004640405066311359,-1,-0.004640405066311359,0.05585659356438555,,,,0,-46.404050663113594,0.03529222309589386,0.013323167338967323,0.012836359441280365,-0.5375727616004295
2025-08-21,fold_7,"Inflation bear, AI rally and 2025",0.015702534466981888,1,0.01530956756323576,1,0.01530956756323576,0.07116616112762131,,,,1,153.0956756323576,0.04054700583219528,0.024203982204198837,0.015702534466981888,1.7635160886517867
2025-08-22,fold_7,"Inflation bear, AI rally and 2025",0.02185904234647751,1,-0.0028888722881674767,-1,-0.0028888722881674767,0.06827728883945383,,,,0,-28.888722881674767,0.05541253089904785,-0.0027484886813908815,0.02185904234647751,-0.31008575290815854
2025-08-25,fold_7,"Inflation bear, AI rally and 2025",0.012831069529056549,1,0.004007190000265837,1,0.004007190000265837,0.07228447883971967,,,,1,40.07190000265837,0.05629860609769821,-0.008275248110294342,0.012831069529056549,0.43029600122841694
2025-08-26,fold_7,"Inflation bear, AI rally and 2025",0.004531119018793106,1,0.001535687712021172,1,0.001535687712021172,0.07382016655174084,,,,1,15.35687712021172,0.019403278827667236,-0.0044456529431045055,0.004531119018793106,0.16425835506509845
2025-08-27,fold_7,"Inflation bear, AI rally and 2025",0.006019674241542816,1,0.006240409333258867,1,0.006240409333258867,0.08006057588499971,,,,1,62.40409333258867,0.025700781494379044,0.003029386978596449,0.006019674241542816,0.667371148535967
2025-08-28,fold_7,"Inflation bear, AI rally and 2025",0.001055292785167694,1,-0.011642903089523315,-1,-0.011642903089523315,0.06841767279547639,,,,0,-116.42903089523315,0.009489040821790695,-0.0017690984532237053,0.001055292785167694,-1.241336584782596
2025-08-29,fold_7,"Inflation bear, AI rally and 2025",0.008373592048883438,1,-0.00841563194990158,-1,-0.00841563194990158,0.06000204084557481,,,,0,-84.15631949901581,0.02798008918762207,0.01473993994295597,0.008373592048883438,-0.9720242852407744
2025-09-02,fold_7,"Inflation bear, AI rally and 2025",0.01856016367673874,1,0.007836785167455673,1,0.007836785167455673,0.06783882601303048,,,,1,78.36785167455673,0.031771592795848846,0.025984633713960648,0.01856016367673874,0.9970023351283237
2025-09-03,fold_7,"Inflation bear, AI rally and 2025",0.011404473334550858,1,0.009010727517306805,1,0.009010727517306805,0.07684955353033729,,,,1,90.10727517306805,0.016275476664304733,0.018475046381354332,0.011404473334550858,1.1394559757618208
2025-09-04,fold_7,"Inflation bear, AI rally and 2025",0.007462602108716965,1,0.0014419236686080694,1,0.0014419236686080694,0.07829147719894536,,,,1,14.419236686080694,0.006267137825489044,0.015268106013536453,0.007462602108716965,0.18807909607239273
2025-09-05,fold_7,"Inflation bear, AI rally and 2025",0.0122179314494133,1,0.004866134840995073,1,0.004866134840995073,0.08315761203994043,,,,1,48.66134840995073,0.013304926455020905,0.01823362335562706,0.0122179314494133,0.6372558726449794
2025-09-08,fold_7,"Inflation bear, AI rally and 2025",0.0044497959315776825,1,0.002829062519595027,1,0.002829062519595027,0.08598667455953546,,,,1,28.29062519595027,0.0063617900013923645,0.02188795804977417,0.0044497959315776825,0.38083729456508125
2025-09-09,fold_7,"Inflation bear, AI rally and 2025",0.004588361829519272,1,0.0003271980385761708,1,0.0003271980385761708,0.08631387259811163,,,,1,3.271980385761708,0.009887605905532837,0.018213454633951187,0.004588361829519272,0.04406164831320266
2025-09-10,fold_7,"Inflation bear, AI rally and 2025",0.0006005316972732544,1,0.005803787149488926,1,0.005803787149488926,0.09211765974760056,,,,1,58.03787149488926,0.005343154072761536,0.01588842086493969,0.0006005316972732544,0.8434438852361171
2025-09-11,fold_7,"Inflation bear, AI rally and 2025",0.0008453391492366791,1,0.004407439846545458,1,0.004407439846545458,0.09652509959414601,,,,1,44.07439846545458,0.0014951527118682861,0.019061127677559853,0.0008453391492366791,0.6295015227957373
2025-09-12,fold_7,"Inflation bear, AI rally and 2025",-0.0011716820299625397,-1,0.00852047000080347,1,-0.00852047000080347,0.08800462959334254,,,,0,-85.2047000080347,0.004759244620800018,0.021400216966867447,-0.0011716820299625397,1.2054363075401078
2025-09-15,fold_7,"Inflation bear, AI rally and 2025",-0.002940293401479721,-1,-0.0008454403723590076,-1,0.0008454403723590076,0.08885006996570155,,,,1,8.454403723590076,-0.003158584237098694,0.01878230646252632,-0.002940293401479721,-0.11654796916406615
2025-09-16,fold_7,"Inflation bear, AI rally and 2025",-0.0018801726400852203,-1,-0.0019978368654847145,-1,0.0019978368654847145,0.09084790683118626,,,,1,19.978368654847145,0.0038329698145389557,0.012963303364813328,-0.0018801726400852203,-0.2753385942654289
2025-09-17,fold_7,"Inflation bear, AI rally and 2025",0.00014856457710266113,1,0.008976494893431664,1,0.008976494893431664,0.09982440172461793,,,,1,89.76494893431664,0.008680582046508789,0.01144441682845354,0.00014856457710266113,1.3607346414331145
2025-09-18,fold_7,"Inflation bear, AI rally and 2025",-0.0025332681834697723,-1,0.006746530067175627,1,-0.006746530067175627,0.0930778716574423,,,,0,-67.46530067175627,-0.0029030293226242065,-0.001852678949944675,-0.0025332681834697723,0.9971799293033602
2025-09-19,fold_7,"Inflation bear, AI rally and 2025",-0.0024190545082092285,-1,0.005902559962123632,1,-0.005902559962123632,0.08717531169531867,,,,0,-59.025599621236324,-0.0021989233791828156,-0.004496766719967127,-0.0024190545082092285,0.8612280707817476
2025-09-22,fold_7,"Inflation bear, AI rally and 2025",6.547197699546814e-05,1,-0.00666444469243288,-1,-0.00666444469243288,0.08051086700288579,,,,0,-66.6444469243288,0.011330246925354004,-0.005778889171779156,6.547197699546814e-05,-1.095695263592265
2025-09-23,fold_7,"Inflation bear, AI rally and 2025",0.0001072324812412262,1,-0.003516722936183214,-1,-0.003516722936183214,0.07699414406670257,,,,0,-35.16722936183214,0.011474695056676865,0.0036210042890161276,0.0001072324812412262,-0.5645837122021672
2025-09-24,fold_7,"Inflation bear, AI rally and 2025",-0.001123223453760147,-1,-0.004320601467043161,-1,0.004320601467043161,0.08131474553374574,,,,1,43.206014670431614,-2.5101006031036377e-05,0.011923212558031082,-0.001123223453760147,-0.6952956867216374
2025-09-25,fold_7,"Inflation bear, AI rally and 2025",0.0008233897387981415,1,0.004102441947907209,1,0.004102441947907209,0.08541718748165295,,,,1,41.024419479072094,0.007457848638296127,0.02034645900130272,0.0008233897387981415,0.6533257981723073
2025-09-26,fold_7,"Inflation bear, AI rally and 2025",-0.0006183646619319916,-1,0.0046204375103116035,1,-0.0046204375103116035,0.08079674997134134,,,,0,-46.204375103116035,-0.0007245913147926331,0.012025424279272556,-0.0006183646619319916,0.746356600807675
2025-09-29,fold_7,"Inflation bear, AI rally and 2025",0.0014780350029468536,1,0.002735448768362403,1,0.002735448768362403,0.08353219873970374,,,,1,27.35448768362403,-0.0038602538406848907,0.014887053519487381,0.0014780350029468536,0.4789916015347059
2025-09-30,fold_7,"Inflation bear, AI rally and 2025",-0.00035389140248298645,-1,0.004785485565662384,1,-0.004785485565662384,0.07874671317404136,,,,0,-47.85485565662384,-0.00026806071400642395,0.006872063037008047,-0.00035389140248298645,0.881875034282518
2025-10-01,fold_7,"Inflation bear, AI rally and 2025",0.0010692812502384186,1,0.004102644510567188,1,0.004102644510567188,0.08284935768460855,,,,1,41.02644510567188,0.0009094588458538055,0.01348517369478941,0.0010692812502384186,0.7820441076156708
2025-10-02,fold_7,"Inflation bear, AI rally and 2025",0.0006151087582111359,1,-0.004218591842800379,-1,-0.004218591842800379,0.07863076584180817,,,,0,-42.18591842800379,-0.005569618195295334,0.008171569555997849,0.0006151087582111359,-0.8557317218921436
2025-10-03,fold_7,"Inflation bear, AI rally and 2025",0.0003326237201690674,1,0.007482066750526428,1,0.007482066750526428,0.0861128325923346,,,,1,74.82066750526428,-0.007353560999035835,-0.02294095605611801,0.0003326237201690674,1.4937609204365878
2025-10-06,fold_7,"Inflation bear, AI rally and 2025",-0.002391654998064041,-1,-0.005279541946947575,-1,0.005279541946947575,0.09139237453928217,,,,1,52.795419469475746,-0.012487083673477173,-0.00942372065037489,-0.002391654998064041,-1.0216646254540132
2025-10-07,fold_7,"Inflation bear, AI rally and 2025",-0.002522788941860199,-1,0.01139859575778246,1,-0.01139859575778246,0.07999377878149971,,,,0,-113.98595757782459,-0.01689460128545761,-0.010827412828803062,-0.002522788941860199,2.165864902452659
2025-10-08,fold_7,"Inflation bear, AI rally and 2025",-0.0021606720983982086,-1,-0.0012109596282243729,-1,0.0012109596282243729,0.08120473840972409,,,,1,12.109596282243729,-0.008454574272036552,-0.015193992294371128,-0.0021606720983982086,-0.20710450937279112
2025-10-09,fold_7,"Inflation bear, AI rally and 2025",0.0018387660384178162,1,-0.0353311188519001,-1,-0.0353311188519001,0.045873619557823986,,,,0,-353.311188519001,-0.0065622106194496155,-0.01769283600151539,0.0018387660384178162,-6.190099209469844
2025-10-10,fold_7,"Inflation bear, AI rally and 2025",0.0075694844126701355,1,0.020999303087592125,1,0.020999303087592125,0.06687292264541611,,,,1,209.99303087592125,0.030657164752483368,0.024183519184589386,0.0075694844126701355,2.1656736954973526
2025-10-13,fold_7,"Inflation bear, AI rally and 2025",0.026161961257457733,1,-0.006683234125375748,-1,-0.006683234125375748,0.06018968852004036,,,,0,-66.83234125375748,-0.023659249767661095,0.01570628583431244,0.026161961257457733,-0.6302711987652501
2025-10-14,fold_7,"Inflation bear, AI rally and 2025",0.012855511158704758,1,0.007032016292214394,1,0.007032016292214394,0.06722170481225476,,,,1,70.32016292214394,0.01798839122056961,0.022127928212285042,0.012855511158704758,0.656776523455626
2025-10-15,fold_7,"Inflation bear, AI rally and 2025",0.01980588398873806,1,-0.0037098024040460587,-1,-0.0037098024040460587,0.0635119024082087,,,,0,-37.09802404046059,0.02288559079170227,0.005415184423327446,0.01980588398873806,-0.3431036216291272
2025-10-16,fold_7,"Inflation bear, AI rally and 2025",0.02482408657670021,1,0.006545236799865961,1,0.006545236799865961,0.07005713920807466,,,,1,65.45236799865961,0.02820630371570587,0.017496326938271523,0.02482408657670021,0.6141795166647341
2025-10-17,fold_7,"Inflation bear, AI rally and 2025",0.008871730417013168,1,0.012522069737315178,1,0.012522069737315178,0.08257920894538984,,,,1,125.22069737315178,0.014507140964269638,0.021572764962911606,0.008871730417013168,1.1757149166181942
2025-10-20,fold_7,"Inflation bear, AI rally and 2025",0.004050921648740768,1,-0.00026159174740314484,-1,-0.00026159174740314484,0.08231761719798669,,,,0,-2.6159174740314484,0.006393741816282272,0.02670317515730858,0.004050921648740768,-0.023926513409431638
2025-10-21,fold_7,"Inflation bear, AI rally and 2025",-0.0009237602353096008,-1,-0.009680728428065777,-1,0.009680728428065777,0.09199834562605247,,,,1,96.80728428065777,-0.004603222012519836,0.03462529554963112,-0.0009237602353096008,-0.8937772036216127
2025-10-22,fold_7,"Inflation bear, AI rally and 2025",-0.00034667178988456726,-1,0.008371341042220592,1,-0.008371341042220592,0.08362700458383188,,,,0,-83.71341042220592,0.005769278854131699,0.04879889264702797,-0.00034667178988456726,0.7598277720253334
2025-10-23,fold_7,"Inflation bear, AI rally and 2025",-0.0028198547661304474,-1,0.010621673427522182,1,-0.010621673427522182,0.0730053311563097,,,,0,-106.21673427522182,-0.014005709439516068,0.025020860135555267,-0.0028198547661304474,0.9540309455168327
2025-10-24,fold_7,"Inflation bear, AI rally and 2025",-0.004780180752277374,-1,0.01765247993171215,1,-0.01765247993171215,0.055352851224597543,,,,0,-176.5247993171215,-0.011963468044996262,0.019211603328585625,-0.004780180752277374,1.5557006495301577
2025-10-27,fold_7,"Inflation bear, AI rally and 2025",-0.0076755136251449585,-1,0.007660527713596821,1,-0.007660527713596821,0.04769232351100072,,,,0,-76.60527713596821,-0.02329445071518421,0.006332420278340578,-0.0076755136251449585,0.6400089901114824
2025-10-28,fold_7,"Inflation bear, AI rally and 2025",-0.007934141904115677,-1,0.004492870531976223,1,-0.004492870531976223,0.0431994529790245,,,,0,-44.92870531976223,-0.019393665716052055,-0.021835021674633026,-0.007934141904115677,0.37205342136019226
2025-10-29,fold_7,"Inflation bear, AI rally and 2025",-0.004730332642793655,-1,-0.015406693331897259,-1,0.015406693331897259,0.05860614631092176,,,,1,154.0669333189726,-0.006028963252902031,-0.019840959459543228,-0.004730332642793655,-1.2764184630714328
2025-10-30,fold_7,"Inflation bear, AI rally and 2025",-0.0017073266208171844,-1,0.00481241662055254,1,-0.00481241662055254,0.05379372969036922,,,,0,-48.1241662055254,0.004463516175746918,-0.02323727495968342,-0.0017073266208171844,0.3844184108543597
2025-10-31,fold_7,"Inflation bear, AI rally and 2025",-0.0037902332842350006,-1,0.004773298278450966,1,-0.004773298278450966,0.04902043141191825,,,,0,-47.73298278450966,-0.0006865821778774261,-0.03121001087129116,-0.0037902332842350006,0.3809678203254386
2025-11-03,fold_7,"Inflation bear, AI rally and 2025",7.597357034683228e-05,1,-0.02050691470503807,-1,-0.02050691470503807,0.028513516706880182,,,,0,-205.0691470503807,0.009608440101146698,-0.014100291766226292,7.597357034683228e-05,-1.645425497330582
2025-11-04,fold_7,"Inflation bear, AI rally and 2025",0.0018754936754703522,1,0.006486933678388596,1,0.006486933678388596,0.03500045038526878,,,,1,64.86933678388596,0.013828113675117493,0.003739549545571208,0.0018754936754703522,0.4904235227950415
2025-11-05,fold_7,"Inflation bear, AI rally and 2025",0.004280604422092438,1,-0.018803009763360023,-1,-0.018803009763360023,0.016197440621908754,,,,0,-188.03009763360023,0.036300353705883026,-0.0035360476467758417,0.004280604422092438,-1.4397275540722754
2025-11-06,fold_7,"Inflation bear, AI rally and 2025",0.01621945947408676,1,-0.0031603185925632715,-1,-0.0031603185925632715,0.013037122029345483,,,,0,-31.603185925632715,0.020621519535779953,-0.005360324867069721,0.01621945947408676,-0.23038518248782683
2025-11-07,fold_7,"Inflation bear, AI rally and 2025",0.012638501822948456,1,0.02188301645219326,1,0.02188301645219326,0.03492013848153874,,,,1,218.8301645219326,0.018345296382904053,-0.0014442570973187685,0.012638501822948456,1.9475170148969252
2025-11-10,fold_7,"Inflation bear, AI rally and 2025",0.024883989244699478,1,-0.002667073393240571,-1,-0.002667073393240571,0.03225306508829817,,,,0,-26.67073393240571,0.003353126347064972,-0.03190450370311737,0.024883989244699478,-0.23559951962183132
2025-11-11,fold_7,"Inflation bear, AI rally and 2025",0.002955149859189987,1,-0.0007886635139584541,-1,-0.0007886635139584541,0.03146440157433972,,,,0,-7.886635139584541,0.0036544986069202423,-0.04148799180984497,0.002955149859189987,-0.07018370771346462
2025-11-12,fold_7,"Inflation bear, AI rally and 2025",0.0020621158182621002,1,-0.020627286285161972,-1,-0.020627286285161972,0.010837115289177746,,,,0,-206.27286285161972,0.03568895906209946,-0.034746989607810974,0.0020621158182621002,-1.853642922140871
2025-11-13,fold_7,"Inflation bear, AI rally and 2025",0.0369187593460083,1,0.0007557492353953421,1,0.0007557492353953421,0.011592864524573088,,,,1,7.557492353953421,0.0596606507897377,-0.03807619959115982,0.0369187593460083,0.06288792179286838
2025-11-14,fold_7,"Inflation bear, AI rally and 2025",0.011359300464391708,1,-0.008577228523790836,-1,-0.008577228523790836,0.0030156360007822514,,,,0,-85.77228523790836,0.04742252826690674,-0.03134717792272568,0.011359300464391708,-0.7190147203950206
2025-11-17,fold_7,"Inflation bear, AI rally and 2025",0.007638249546289444,1,-0.012250563129782677,-1,-0.012250563129782677,-0.009234927129000425,,,,0,-122.50563129782677,0.023942802101373672,0.0024817129597067833,0.007638249546289444,-1.042298205062926
2025-11-18,fold_7,"Inflation bear, AI rally and 2025",0.00531710684299469,1,0.0059523372910916805,1,0.0059523372910916805,-0.003282589837908745,,,,1,59.523372910916805,0.018521904945373535,0.020877135917544365,0.00531710684299469,0.49322207919352573
2025-11-19,fold_7,"Inflation bear, AI rally and 2025",0.0030383989214897156,1,-0.02395649440586567,-1,-0.02395649440586567,-0.027239084243774414,,,,0,-239.5649440586567,0.02055487036705017,0.02372167818248272,0.0030383989214897156,-2.0052447494274688
2025-11-20,fold_7,"Inflation bear, AI rally and 2025",0.012416623532772064,1,0.007484769448637962,1,0.007484769448637962,-0.01975431479513645,,,,1,74.84769448637962,0.051069438457489014,0.055752597749233246,0.012416623532772064,0.5775990910985691
2025-11-21,fold_7,"Inflation bear, AI rally and 2025",0.009482011198997498,1,0.025251662358641624,1,0.025251662358641624,0.005497347563505173,,,,1,252.51662358641624,0.025282971560955048,0.04490327462553978,0.009482011198997498,1.9653590753917458
2025-11-24,fold_7,"Inflation bear, AI rally and 2025",0.007136024534702301,1,0.006144860293716192,1,0.006144860293716192,0.011642207857221365,,,,1,61.44860293716192,0.011698875576257706,0.027447156608104706,0.007136024534702301,0.45626205881541687
2025-11-25,fold_7,"Inflation bear, AI rally and 2025",-0.0024190805852413177,-1,0.008796879090368748,1,-0.008796879090368748,0.0028453287668526173,,,,0,-87.96879090368748,-0.015738755464553833,0.02374311164021492,-0.0024190805852413177,0.6550691216377408
2025-11-26,fold_7,"Inflation bear, AI rally and 2025",-0.00787174329161644,-1,0.008074427023530006,1,-0.008074427023530006,-0.005229098256677389,,,,0,-80.74427023530006,-0.03488784655928612,0.014015650376677513,-0.00787174329161644,0.5965591048813538
2025-11-28,fold_7,"Inflation bear, AI rally and 2025",-0.007585972547531128,-1,-0.0033645550720393658,-1,0.0033645550720393658,-0.0018645431846380234,,,,1,33.64555072039366,-0.027186043560504913,0.010010326281189919,-0.007585972547531128,-0.25463658553309576
2025-12-01,fold_7,"Inflation bear, AI rally and 2025",-0.007684677839279175,-1,0.007795544341206551,1,-0.007795544341206551,-0.009660087525844574,,,,0,-77.9554434120655,-0.02364472672343254,0.011454490013420582,-0.007684677839279175,0.5909859154765658
2025-12-02,fold_7,"Inflation bear, AI rally and 2025",-0.006355214864015579,-1,0.0024408164899796247,1,-0.0024408164899796247,-0.012100904015824199,,,,0,-24.408164899796247,-0.0187888965010643,0.004891549237072468,-0.006355214864015579,0.18403833411928913
2025-12-03,fold_7,"Inflation bear, AI rally and 2025",-0.006946001201868057,-1,-0.0009305825224146247,-1,0.0009305825224146247,-0.011170321493409574,,,,1,9.305825224146247,-0.02153639867901802,0.00653810752555728,-0.006946001201868057,-0.07470613097210492
2025-12-04,fold_7,"Inflation bear, AI rally and 2025",-0.00721392035484314,-1,0.004069102928042412,1,-0.004069102928042412,-0.015239424421451986,,,,0,-40.69102928042412,-0.01926291547715664,0.004229042213410139,-0.00721392035484314,0.3288540497593342
2025-12-05,fold_7,"Inflation bear, AI rally and 2025",-0.007258374243974686,-1,-0.0019203914562240243,-1,0.0019203914562240243,-0.013319032965227962,,,,1,19.203914562240243,-0.017163541167974472,-0.01914352923631668,-0.007258374243974686,-0.16451758365576602
2025-12-08,fold_7,"Inflation bear, AI rally and 2025",-0.006325628608465195,-1,0.0012326041469350457,1,-0.0012326041469350457,-0.014551637112163007,,,,0,-12.326041469350457,-0.012899061664938927,-0.02225513942539692,-0.006325628608465195,0.10571795040473164
2025-12-09,fold_7,"Inflation bear, AI rally and 2025",-0.005620840936899185,-1,0.00408737501129508,1,-0.00408737501129508,-0.018639012123458087,,,,0,-40.8737501129508,-0.006192352622747421,-0.02150787226855755,-0.005620840936899185,0.3860940742634263
2025-12-10,fold_7,"Inflation bear, AI rally and 2025",-0.006716590374708176,-1,-0.0032396477181464434,-1,0.0032396477181464434,-0.015399364405311644,,,,1,32.396477181464434,-0.0163120049983263,-0.04430621117353439,-0.006716590374708176,-0.305364873438464
2025-12-11,fold_7,"Inflation bear, AI rally and 2025",-0.003219183534383774,-1,-0.019303468987345695,-1,0.019303468987345695,0.0039041045820340514,,,,1,193.03468987345695,-0.00641523115336895,-0.02668045461177826,-0.003219183534383774,-1.8155420144186112
2025-12-12,fold_7,"Inflation bear, AI rally and 2025",0.015408620238304138,1,-0.005032000597566366,-1,-0.005032000597566366,-0.0011278960155323148,,,,0,-50.32000597566366,0.053269162774086,0.005574300419539213,0.015408620238304138,-0.47890443142588723
2025-12-15,fold_7,"Inflation bear, AI rally and 2025",0.006508052349090576,1,0.0019798711873590946,1,0.0019798711873590946,0.0008519751718267798,,,,1,19.798711873590946,0.0339023694396019,0.01538827270269394,0.006508052349090576,0.18738061852739712
2025-12-16,fold_7,"Inflation bear, AI rally and 2025",0.013285163789987564,1,-0.018710967153310776,-1,-0.018710967153310776,-0.017858991981483996,,,,0,-187.10967153310776,0.04702633619308472,0.018080780282616615,0.013285163789987564,-1.7991417330474324
2025-12-17,fold_7,"Inflation bear, AI rally and 2025",0.008955303579568863,1,0.014386109076440334,1,0.014386109076440334,-0.0034728829050436616,,,,1,143.86109076440334,0.02335766702890396,0.039713069796562195,0.008955303579568863,1.3234520309883862
2025-12-18,fold_7,"Inflation bear, AI rally and 2025",0.01776844635605812,1,0.012951286509633064,1,0.012951286509633064,0.009478403604589403,,,,1,129.51286509633064,0.020099911838769913,0.025262802839279175,0.01776844635605812,1.1504351940592996
2025-12-19,fold_7,"Inflation bear, AI rally and 2025",0.008061069995164871,1,0.00478197168558836,1,0.00478197168558836,0.014260375290177763,,,,1,47.8197168558836,0.013784583657979965,0.007459201384335756,0.008061069995164871,0.4635322635963407
