date,fold,regime,prediction,pred_direction,actual_return,actual_direction,strategy_return,cumulative_return,confidence,aleatoric,epistemic,correct,pnl_bps,B_pred,B_actual,D_pred,D_actual
2008-12-24,fold_1,GFC peak crash (Lehman + Mar-2009 bottom),-0.003558865748345852,-1,-0.0003429576463531703,-1,0.0003429576463531703,0.0003429576463531703,,,,1,3.4295764635317028,-0.00017070770263671875,0.06284288316965103,-0.003558865748345852,-0.01131396397522408
2008-12-26,fold_1,GFC peak crash (Lehman + Mar-2009 bottom),-0.003783734515309334,-1,-0.008273275569081306,-1,0.008273275569081306,0.008616233215434477,,,,1,82.73275569081306,0.004016082733869553,0.06286349147558212,-0.003783734515309334,-0.28636381278925166
2008-12-29,fold_1,GFC peak crash (Lehman + Mar-2009 bottom),-0.002088732086122036,-1,0.020555762574076653,1,-0.020555762574076653,-0.011939529358642176,,,,0,-205.55762574076653,0.004354722797870636,0.08108048141002655,-0.002088732086122036,0.7113592667332982
2008-12-30,fold_1,GFC peak crash (Lehman + Mar-2009 bottom),-0.0019174348562955856,-1,0.008441665209829807,1,-0.008441665209829807,-0.020381194568471983,,,,0,-84.41665209829807,0.0007220543920993805,0.0317063182592392,-0.0019174348562955856,0.359792261687734
2008-12-31,fold_1,GFC peak crash (Lehman + Mar-2009 bottom),-0.0033994512632489204,-1,0.042461689561605453,1,-0.042461689561605453,-0.06284288413007744,,,,0,-424.61689561605453,-0.005262285470962524,0.033722203224897385,-0.0033994512632489204,1.8988990613166399
2009-01-02,fold_1,GFC peak crash (Lehman + Mar-2009 bottom),-0.004044841043651104,-1,-0.00032235000981017947,-1,0.00032235000981017947,-0.06252053412026726,,,,1,3.2235000981017947,-0.007656160742044449,-0.03142658993601799,-0.004044841043651104,-0.013732587060522822
2009-01-05,fold_1,GFC peak crash (Lehman + Mar-2009 bottom),-0.004891219548881054,-1,0.00994371809065342,1,-0.00994371809065342,-0.07246425221092068,,,,0,-99.4371809065342,-0.003969263285398483,-0.04956405982375145,-0.004891219548881054,0.440405604963444
2009-01-06,fold_1,GFC peak crash (Lehman + Mar-2009 bottom),-0.0035469522699713707,-1,-0.028818404302001,-1,0.028818404302001,-0.04364584790891968,,,,1,288.18404302001,-0.003349699079990387,-0.0591689758002758,-0.0035469522699713707,-1.38107552841447
2009-01-07,fold_1,GFC peak crash (Lehman + Mar-2009 bottom),-0.0023727798834443092,-1,0.010457552038133144,1,-0.010457552038133144,-0.05410339994705282,,,,0,-104.57552038133144,-0.0032207630574703217,-0.06130253151059151,-0.0023727798834443092,0.5213772021956417
2009-01-08,fold_1,GFC peak crash (Lehman + Mar-2009 bottom),-0.0038021812215447426,-1,-0.02268710546195507,-1,0.02268710546195507,-0.03141629448509775,,,,1,226.8710546195507,-0.0030939579010009766,-0.05547646805644035,-0.0038021812215447426,-1.123864984696404
2009-01-09,fold_1,GFC peak crash (Lehman + Mar-2009 bottom),-0.0029139872640371323,-1,-0.018459821119904518,-1,0.018459821119904518,-0.012956473365193233,,,,1,184.59821119904518,-0.0007332228124141693,-0.021853338927030563,-0.0029139872640371323,-0.8874499725674849
2009-01-12,fold_1,GFC peak crash (Lehman + Mar-2009 bottom),-0.0028789956122636795,-1,0.00033880159026011825,1,-0.00033880159026011825,-0.013295274955453351,,,,0,-3.3880159026011825,0.003178279846906662,-0.05429340526461601,-0.0028789956122636795,0.016710213945114464
2009-01-13,fold_1,GFC peak crash (Lehman + Mar-2009 bottom),-0.0023705139756202698,-1,-0.030951958149671555,-1,0.030951958149671555,0.017656683194218203,,,,1,309.51958149671555,0.003695700317621231,-0.012951979413628578,-0.0023705139756202698,-1.5654513740687834
2009-01-14,fold_1,GFC peak crash (Lehman + Mar-2009 bottom),-0.0017367247492074966,-1,0.016283614560961723,1,-0.016283614560961723,0.00137306863325648,,,,0,-162.83614560961723,0.004535019397735596,0.0045303646475076675,-0.0017367247492074966,0.7915411764355298
2009-01-15,fold_1,GFC peak crash (Lehman + Mar-2009 bottom),-0.002394679933786392,-1,0.01093602366745472,1,-0.01093602366745472,-0.00956295503419824,,,,0,-109.3602366745472,0.002437036484479904,-0.006897205486893654,-0.002394679933786392,0.6052141544043578
2009-01-16,fold_1,GFC peak crash (Lehman + Mar-2009 bottom),-0.002686692401766777,-1,-0.05089988932013512,-1,0.05089988932013512,0.04133693428593688,,,,1,508.99889320135117,-0.0003279559314250946,-0.010592788457870483,-0.002686692401766777,-2.823098035338528
2009-01-20,fold_1,GFC peak crash (Lehman + Mar-2009 bottom),-0.004039912484586239,-1,0.0416802279651165,1,-0.0416802279651165,-0.0003432936791796237,,,,0,-416.802279651165,0.0016730353236198425,0.04749481379985809,-0.004039912484586239,1.9894501200614343
2009-01-21,fold_1,GFC peak crash (Lehman + Mar-2009 bottom),-0.0029591163620352745,-1,-0.013469614088535309,-1,0.013469614088535309,0.013126320409355685,,,,1,134.6961408853531,0.0022512227296829224,0.04034192115068436,-0.0029591163620352745,-0.5892937199583155
2009-01-22,fold_1,GFC peak crash (Lehman + Mar-2009 bottom),-0.0019556330516934395,-1,0.004856044892221689,1,-0.004856044892221689,0.008270275517133996,,,,0,-48.56044892221689,0.002980373799800873,0.02811305969953537,-0.0019556330516934395,0.21559962684167613
2009-01-23,fold_1,GFC peak crash (Lehman + Mar-2009 bottom),-0.003113551065325737,-1,0.00724044069647789,1,-0.00724044069647789,0.0010298348206561059,,,,0,-72.4044069647789,6.375089287757874e-05,0.005520956590771675,-0.003113551065325737,0.32150893117112656
2009-01-26,fold_1,GFC peak crash (Lehman + Mar-2009 bottom),-0.002880020998418331,-1,0.007187714800238609,1,-0.007187714800238609,-0.0061578799795825034,,,,0,-71.8771480023861,0.00012201443314552307,0.01025271974503994,-0.002880020998418331,0.318464132859641
2009-01-27,fold_1,GFC peak crash (Lehman + Mar-2009 bottom),-0.0038131223991513252,-1,0.034527335315942764,1,-0.034527335315942764,-0.04068521529552527,,,,0,-345.27335315942764,0.003235429525375366,0.018584955483675003,-0.0038131223991513252,1.5259379429002036
2009-01-28,fold_1,GFC peak crash (Lehman + Mar-2009 bottom),-0.0023587457835674286,-1,-0.025698475539684296,-1,0.025698475539684296,-0.014986739755840972,,,,1,256.98475539684296,0.0021460652351379395,-0.01460401713848114,-0.0023587457835674286,-1.0781286776485335
2009-01-29,fold_1,GFC peak crash (Lehman + Mar-2009 bottom),-0.002228289842605591,-1,-0.017736058682203293,-1,0.017736058682203293,0.0027493189263623208,,,,1,177.36058682203293,0.0014926716685295105,0.032920949161052704,-0.002228289842605591,-0.7364133233704658
2009-01-30,fold_1,GFC peak crash (Lehman + Mar-2009 bottom),-0.003320162184536457,-1,0.011972203850746155,1,-0.011972203850746155,-0.009222884924383834,,,,0,-119.72203850746155,-0.0006090477108955383,0.07648946344852448,-0.003320162184536457,0.4919620198706491
2009-02-02,fold_1,GFC peak crash (Lehman + Mar-2009 bottom),-0.0036171143874526024,-1,0.015519951470196247,1,-0.015519951470196247,-0.02474283639458008,,,,0,-155.19951470196247,0.0001392550766468048,0.06865273416042328,-0.0036171143874526024,0.6877479031448788
2009-02-03,fold_1,GFC peak crash (Lehman + Mar-2009 bottom),-0.003328641876578331,-1,0.0013383622281253338,1,-0.0013383622281253338,-0.026081198622705415,,,,0,-13.383622281253338,0.003146730363368988,0.015612514689564705,-0.003328641876578331,0.05861908332521261
2009-02-04,fold_1,GFC peak crash (Lehman + Mar-2009 bottom),-0.0018145004287362099,-1,0.021826492622494698,1,-0.021826492622494698,-0.04790769124520011,,,,0,-218.26492622494698,0.003615383058786392,0.009649120271205902,-0.0018145004287362099,0.9604636281767396
2009-02-05,fold_1,GFC peak crash (Lehman + Mar-2009 bottom),-0.002907402813434601,-1,0.02583245187997818,1,-0.02583245187997818,-0.07374014312517829,,,,0,-258.3245187997818,0.0036409907042980194,0.0,-0.002907402813434601,1.1567459466344763
2009-02-06,fold_1,GFC peak crash (Lehman + Mar-2009 bottom),-0.003337712027132511,-1,0.004135478753596544,1,-0.004135478753596544,-0.07787562187877484,,,,0,-41.35478753596544,0.0027466900646686554,-0.030422896146774292,-0.003337712027132511,0.18020994654689176
2009-02-09,fold_1,GFC peak crash (Lehman + Mar-2009 bottom),-0.002170995809137821,-1,-0.03752027079463005,-1,0.03752027079463005,-0.040355351084144786,,,,1,375.2027079463005,0.0026586130261421204,-0.07513406872749329,-0.002170995809137821,-1.6750522774946477
2009-02-10,fold_1,GFC peak crash (Lehman + Mar-2009 bottom),-0.0033444082364439964,-1,-0.004625031724572182,-1,0.004625031724572182,-0.035730319359572604,,,,1,46.25031724572182,0.002863094210624695,-0.03692920506000519,-0.0033444082364439964,-0.1963064211528487
2009-02-11,fold_1,GFC peak crash (Lehman + Mar-2009 bottom),-0.0027739815413951874,-1,0.01217737141996622,1,-0.01217737141996622,-0.047907690779538825,,,,0,-121.77371419966221,0.0022577568888664246,-0.04781389608979225,-0.0027739815413951874,0.5163659305223878
2009-02-12,fold_1,GFC peak crash (Lehman + Mar-2009 bottom),-0.002275289036333561,-1,-0.004590444266796112,-1,0.004590444266796112,-0.04331724651274271,,,,1,45.90444266796112,0.00152534618973732,-0.057216279208660126,-0.002275289036333561,-0.20214900412444273
2009-02-13,fold_1,GFC peak crash (Lehman + Mar-2009 bottom),-0.003116842359304428,-1,-0.04057569429278374,-1,0.04057569429278374,-0.002741552219958976,,,,1,405.7569429278374,-0.0009414292871952057,-0.08823682367801666,-0.003116842359304428,-1.8083558163302977
2009-02-17,fold_1,GFC peak crash (Lehman + Mar-2009 bottom),-0.0035342518240213394,-1,0.000684593163896352,1,-0.000684593163896352,-0.003426145383855328,,,,0,-6.8459316389635205,0.0011601932346820831,-0.015172178857028484,-0.0035342518240213394,0.02843112078509613
2009-02-18,fold_1,GFC peak crash (Lehman + Mar-2009 bottom),-0.0038323476910591125,-1,-0.015509720891714096,-1,0.015509720891714096,0.012083575507858768,,,,1,155.09720891714096,0.0055870674550533295,-0.022480914369225502,-0.0038323476910591125,-0.7309061935277794
2009-02-19,fold_1,GFC peak crash (Lehman + Mar-2009 bottom),-0.001941181719303131,-1,0.002774988068267703,1,-0.002774988068267703,0.009308587439591065,,,,0,-27.74988068267703,0.006553288549184799,-0.03535139560699463,-0.001941181719303131,0.14321432013255497
2009-02-20,fold_1,GFC peak crash (Lehman + Mar-2009 bottom),-0.00267837755382061,-1,-0.03561098873615265,-1,0.03561098873615265,0.044919576175743714,,,,1,356.1098873615265,0.004760783165693283,-0.04752684384584427,-0.00267837755382061,-1.8594837500008825
2009-02-23,fold_1,GFC peak crash (Lehman + Mar-2009 bottom),-0.002964913845062256,-1,0.032488949596881866,1,-0.032488949596881866,0.012430626578861848,,,,0,-324.88949596881866,0.0028612539172172546,-0.04477813467383385,-0.002964913845062256,1.5686010459481285
2009-02-24,fold_1,GFC peak crash (Lehman + Mar-2009 bottom),-0.0017900755628943443,-1,-0.00662414263933897,-1,0.00662414263933897,0.019054769218200818,,,,1,66.2414263933897,0.0021507330238819122,-0.0780186802148819,-0.0017900755628943443,-0.3026191429693795
2009-02-25,fold_1,GFC peak crash (Lehman + Mar-2009 bottom),-0.0030226418748497963,-1,-0.028380202129483223,-1,0.028380202129483223,0.04743497134768404,,,,1,283.80202129483223,0.003400065004825592,-0.04507232457399368,-0.0030226418748497963,-1.2970558461101405
2009-02-26,fold_1,GFC peak crash (Lehman + Mar-2009 bottom),-0.0019524209201335907,-1,-0.009400458075106144,-1,0.009400458075106144,0.056835429422790185,,,,1,94.00458075106144,0.003045611083507538,-0.04715467616915703,-0.0019524209201335907,-0.4385750530238969
2009-02-27,fold_1,GFC peak crash (Lehman + Mar-2009 bottom),-0.0019131498411297798,-1,-0.03286227956414223,-1,0.03286227956414223,0.08969770898693241,,,,1,328.6227956414223,0.0015385299921035767,-0.045707352459430695,-0.0019131498411297798,-1.5832543341428431
2009-03-02,fold_1,GFC peak crash (Lehman + Mar-2009 bottom),-0.003152359277009964,-1,-0.000751598970964551,-1,0.000751598970964551,0.09044930795789696,,,,1,7.51598970964551,-0.000451505184173584,-0.03436747193336487,-0.003152359277009964,-0.034702426339665096
2009-03-03,fold_1,GFC peak crash (Lehman + Mar-2009 bottom),-0.0028456607833504677,-1,0.026322215795516968,1,-0.026322215795516968,0.06412709216238,,,,0,-263.2221579551697,0.0004131793975830078,0.026322215795516968,-0.0028456607833504677,1.2246895328254972
2009-03-04,fold_1,GFC peak crash (Lehman + Mar-2009 bottom),-0.0029612071812152863,-1,-0.030462555587291718,-1,0.030462555587291718,0.09458964774967171,,,,1,304.6255558729172,0.001245260238647461,0.015251108445227146,-0.0029612071812152863,-1.3838793595797154
2009-03-05,fold_1,GFC peak crash (Lehman + Mar-2009 bottom),-0.0028455564752221107,-1,-0.007953135296702385,-1,0.007953135296702385,0.1025427830463741,,,,1,79.53135296702385,0.0008694492280483246,0.0783289447426796,-0.0028455564752221107,-0.34518343722180445
2009-03-06,fold_1,GFC peak crash (Lehman + Mar-2009 bottom),-0.002932940609753132,-1,-0.0215223990380764,-1,0.0215223990380764,0.1240651820844505,,,,1,215.223990380764,0.002362798899412155,0.08872090280056,-0.002932940609753132,-0.9528420129139734
2009-03-09,fold_1,GFC peak crash (Lehman + Mar-2009 bottom),-0.002561780624091625,-1,0.059938088059425354,1,-0.059938088059425354,0.06412709402502514,,,,0,-599.3808805942535,0.00378996878862381,0.093400739133358,-0.002561780624091625,2.6805293227550755
2009-03-10,fold_1,GFC peak crash (Lehman + Mar-2009 bottom),-0.0023833196610212326,-1,0.015251108445227146,1,-0.015251108445227146,0.048875985579798,,,,0,-152.51108445227146,0.0028324946761131287,0.07062570750713348,-0.0023833196610212326,0.5853840661056128
2009-03-11,fold_1,GFC peak crash (Lehman + Mar-2009 bottom),-0.003008597530424595,-1,0.03261528164148331,1,-0.03261528164148331,0.01626070393831469,,,,0,-326.15281641483307,0.003768976777791977,0.0679113119840622,-0.003008597530424595,1.3098519365463446
2009-03-12,fold_1,GFC peak crash (Lehman + Mar-2009 bottom),-0.0026091644540429115,-1,0.0024388229940086603,1,-0.0024388229940086603,0.013821880944306031,,,,0,-24.388229940086603,0.004120711237192154,0.03462249040603638,-0.0026091644540429115,0.09407075065924828
2009-03-13,fold_1,GFC peak crash (Lehman + Mar-2009 bottom),-0.0024535879492759705,-1,-0.016842564567923546,-1,0.016842564567923546,0.030664445512229577,,,,1,168.42564567923546,0.006362408399581909,0.0168460663408041,-0.0024535879492759705,-0.6531217118920715
2009-03-16,fold_1,GFC peak crash (Lehman + Mar-2009 bottom),-0.0025539277121424675,-1,0.037163060158491135,1,-0.037163060158491135,-0.006498614646261558,,,,0,-371.63060158491135,0.007985785603523254,0.09096124023199081,-0.0025539277121424675,1.4270914904074783
2009-03-17,fold_1,GFC peak crash (Lehman + Mar-2009 bottom),-0.0017193499952554703,-1,0.012536708265542984,1,-0.012536708265542984,-0.019035322911804542,,,,0,-125.36708265542984,0.007081281393766403,0.03517917916178703,-0.0017193499952554703,0.48619827721992376
2009-03-18,fold_1,GFC peak crash (Lehman + Mar-2009 bottom),-0.002546193078160286,-1,-0.000673539936542511,-1,0.000673539936542511,-0.01836178297526203,,,,1,6.73539936542511,0.005174033343791962,0.02724788524210453,-0.002546193078160286,-0.025968645943417606
2009-03-19,fold_1,GFC peak crash (Lehman + Mar-2009 bottom),-0.003268319182097912,-1,-0.015337600372731686,-1,0.015337600372731686,-0.0030241826025303453,,,,1,153.37600372731686,0.003066498786211014,0.05830502137541771,-0.003268319182097912,-0.5966964858352954
2009-03-20,fold_1,GFC peak crash (Lehman + Mar-2009 bottom),-0.003149159252643585,-1,0.05727260932326317,1,-0.05727260932326317,-0.060296791925793514,,,,0,-572.7260932326317,0.0038172639906406403,0.05468008294701576,-0.003149159252643585,2.2092033033287364
2009-03-23,fold_1,GFC peak crash (Lehman + Mar-2009 bottom),-0.0035020820796489716,-1,-0.018618999049067497,-1,0.018618999049067497,-0.041677792876726016,,,,1,186.18999049067497,0.00263943150639534,-0.027560722082853317,-0.0035020820796489716,-0.6698162405411248
2009-03-24,fold_1,GFC peak crash (Lehman + Mar-2009 bottom),-0.003627167083323002,-1,0.0046054162085056305,1,-0.0046054162085056305,-0.04628320908523165,,,,0,-46.054162085056305,0.002278462052345276,-0.00033004675060510635,-0.003627167083323002,0.16961509548873643
2009-03-25,fold_1,GFC peak crash (Lehman + Mar-2009 bottom),-0.004367622546851635,-1,0.03038359433412552,1,-0.03038359433412552,-0.07666680341935717,,,,0,-303.8359433412552,0.002978529781103134,0.00979765597730875,-0.004367622546851635,1.1198733440510578
2009-03-26,fold_1,GFC peak crash (Lehman + Mar-2009 bottom),-0.003884565085172653,-1,-0.018962539732456207,-1,0.018962539732456207,-0.05770426368690096,,,,1,189.62539732456207,0.0022477395832538605,0.011081703938543797,-0.003884565085172653,-0.6961401824098795
2009-03-27,fold_1,GFC peak crash (Lehman + Mar-2009 bottom),-0.0038340725004673004,-1,-0.024968193843960762,-1,0.024968193843960762,-0.032736069842940196,,,,1,249.68193843960762,0.0039107054471969604,0.048450127243995667,-0.0038340725004673004,-0.9083529903405672
2009-03-30,fold_1,GFC peak crash (Lehman + Mar-2009 bottom),-0.0035325298085808754,-1,0.008611675351858139,1,-0.008611675351858139,-0.041347745194798335,,,,0,-86.11675351858139,0.004458200186491013,0.0709424838423729,-0.0035325298085808754,0.31813871412694694
2011-11-25,fold_2,2011 US-downgrade + EU debt,-0.0013197390362620354,-1,0.03420417010784149,1,-0.03420417010784149,-0.03420417010784149,,,,0,-342.0417010784149,0.007409490644931793,0.06833713501691818,-0.0013197390362620354,2.0928216108284197
2011-11-28,fold_2,2011 US-downgrade + EU debt,-0.0015660077333450317,-1,-0.006232367362827063,-1,0.006232367362827063,-0.02797180274501443,,,,1,62.323673628270626,0.005418282002210617,0.045023635029792786,-0.0015660077333450317,-0.3454483536275587
2011-11-29,fold_2,2011 US-downgrade + EU debt,-0.0026351958513259888,-1,0.03629493713378906,1,-0.03629493713378906,-0.06426673987880349,,,,0,-362.9493713378906,0.00350145623087883,0.048457056283950806,-0.0026351958513259888,2.051226385858985
2011-11-30,fold_2,2011 US-downgrade + EU debt,-0.0029539167881011963,-1,0.006892128381878138,1,-0.006892128381878138,-0.07115886826068163,,,,0,-68.92128381878138,0.001223146915435791,0.012162119150161743,-0.0029539167881011963,0.37154584442518823
2011-12-01,fold_2,2011 US-downgrade + EU debt,-0.003346802666783333,-1,-0.002821733010932803,-1,0.002821733010932803,-0.06833713524974883,,,,1,28.21733010932803,0.003409396857023239,-0.011691782623529434,-0.003346802666783333,-0.15238429575365461
2011-12-02,fold_2,2011 US-downgrade + EU debt,-0.0027478141710162163,-1,0.010890672914683819,1,-0.010890672914683819,-0.07922780816443264,,,,0,-108.90672914683819,0.00545763224363327,0.007039838936179876,-0.0027478141710162163,0.6066935826487395
2011-12-05,fold_2,2011 US-downgrade + EU debt,-0.0016686776652932167,-1,-0.0027989486698061228,-1,0.0027989486698061228,-0.07642885949462652,,,,1,27.989486698061228,0.005503889173269272,-0.015138103626668453,-0.0016686776652932167,-0.15482394903360208
2011-12-06,fold_2,2011 US-downgrade + EU debt,-0.003235606476664543,-1,0.0,0,-0.0,-0.07642885949462652,,,,0,-0.0,0.005123049020767212,-0.02339749038219452,-0.003235606476664543,0.0
2011-12-07,fold_2,2011 US-downgrade + EU debt,-0.0037358570843935013,-1,-0.016961773857474327,-1,0.016961773857474327,-0.059467085637152195,,,,1,169.61773857474327,0.00544348731637001,-0.039122771471738815,-0.0037358570843935013,-0.9509170080754884
2011-12-08,fold_2,2011 US-downgrade + EU debt,-0.0026699239388108253,-1,0.015909889712929726,1,-0.015909889712929726,-0.07537697535008192,,,,0,-159.09889712929726,0.00949704647064209,-0.024897422641515732,-0.0026699239388108253,0.9709272968258564
2011-12-09,fold_2,2011 US-downgrade + EU debt,-0.002056604251265526,-1,-0.011287270113825798,-1,0.011287270113825798,-0.06408970523625612,,,,1,112.87270113825798,0.010435950011014938,-0.035672057420015335,-0.002056604251265526,-0.6731594202347267
2011-12-12,fold_2,2011 US-downgrade + EU debt,-0.001598568633198738,-1,-0.01105833426117897,-1,0.01105833426117897,-0.05303137097507715,,,,1,110.5833426117897,0.010480649769306183,-0.03427647426724434,-0.001598568633198738,-0.6728694141096118
2011-12-13,fold_2,2011 US-downgrade + EU debt,-0.0024928273633122444,-1,-0.015725282952189445,-1,0.015725282952189445,-0.03730608802288771,,,,1,157.25282952189445,0.011407028883695602,0.0059900484047830105,-0.0024928273633122444,-0.9495455651902264
2011-12-14,fold_2,2011 US-downgrade + EU debt,-0.0026642270386219025,-1,-0.002736423397436738,-1,0.002736423397436738,-0.03456966462545097,,,,1,27.36423397436738,0.012072153389453888,0.007308221887797117,-0.0026642270386219025,-0.16338743523011157
2011-12-15,fold_2,2011 US-downgrade + EU debt,-0.00238054059445858,-1,0.005135253071784973,1,-0.005135253071784973,-0.03970491769723594,,,,0,-51.35253071784973,0.012325502932071686,0.018533855676651,-0.00238054059445858,0.3142684862593917
2011-12-16,fold_2,2011 US-downgrade + EU debt,-0.001263652928173542,-1,-0.009891687892377377,-1,0.009891687892377377,-0.029813229804858565,,,,1,98.91687892377377,0.0095631442964077,0.021994922310113907,-0.001263652928173542,-0.6382412654649806
2011-12-19,fold_2,2011 US-downgrade + EU debt,-0.0013850890100002289,-1,0.029208188876509666,1,-0.029208188876509666,-0.05902141868136823,,,,0,-292.08188876509666,0.00712498277425766,0.03560950607061386,-0.0013850890100002289,1.8771779916831859
2011-12-20,fold_2,2011 US-downgrade + EU debt,-0.0030259015038609505,-1,-0.014407109469175339,-1,0.014407109469175339,-0.04461430921219289,,,,1,144.0710946917534,0.005377821624279022,-0.005223233252763748,-0.0030259015038609505,-0.8831967265206787
2011-12-21,fold_2,2011 US-downgrade + EU debt,-0.0029432708397507668,-1,0.008489210158586502,1,-0.008489210158586502,-0.053103519370779395,,,,0,-84.89210158586502,0.005251079797744751,0.016353648155927658,-0.0029432708397507668,0.5110574939016249
2011-12-22,fold_2,2011 US-downgrade + EU debt,-0.002380599267780781,-1,0.008596319705247879,1,-0.008596319705247879,-0.061699839076027274,,,,0,-85.96319705247879,0.00553535670042038,0.005002554971724749,-0.002380599267780781,0.5399180228938677
2011-12-23,fold_2,2011 US-downgrade + EU debt,-0.002102123573422432,-1,0.0037228951696306467,1,-0.0037228951696306467,-0.06542273424565792,,,,0,-37.22895169630647,0.0032630451023578644,0.015389706939458847,-0.002102123573422432,0.23349997107919782
2011-12-27,fold_2,2011 US-downgrade + EU debt,-0.0025432156398892403,-1,-0.011624548584222794,-1,0.011624548584222794,-0.05379818566143513,,,,1,116.24548584222794,-0.00031648948788642883,0.015876110643148422,-0.0025432156398892403,-0.8294704762865347
2011-12-28,fold_2,2011 US-downgrade + EU debt,-0.003915851004421711,-1,0.007169771008193493,1,-0.007169771008193493,-0.06096795666962862,,,,0,-71.69771008193493,-0.0009252540767192841,0.03569252789020538,-0.003915851004421711,0.5054421435318919
2011-12-29,fold_2,2011 US-downgrade + EU debt,-0.0040442440658807755,-1,-0.002861881861463189,-1,0.002861881861463189,-0.05810607480816543,,,,1,28.61881861463189,0.0006872117519378662,0.03198814019560814,-0.0040442440658807755,-0.24368794404464716
2011-12-30,fold_2,2011 US-downgrade + EU debt,-0.0031335679814219475,-1,0.018983472138643265,1,-0.018983472138643265,-0.0770895469468087,,,,0,-189.83472138643265,0.00539795309305191,0.03155828267335892,-0.0031335679814219475,1.6280766304793013
2012-01-03,fold_2,2011 US-downgrade + EU debt,-0.0020150886848568916,-1,0.004209298174828291,1,-0.004209298174828291,-0.08129884512163699,,,,0,-42.09298174828291,0.006570201367139816,0.019837142899632454,-0.0020150886848568916,0.3396611501012018
2012-01-04,fold_2,2011 US-downgrade + EU debt,-0.0015977350994944572,-1,0.008191867731511593,1,-0.008191867731511593,-0.08949071285314858,,,,0,-81.91867731511593,0.0047338008880615234,0.01769336871802807,-0.0015977350994944572,0.672157943262196
2012-01-05,fold_2,2011 US-downgrade + EU debt,-0.003645162098109722,-1,0.0034653828479349613,1,-0.0034653828479349613,-0.09295609570108354,,,,0,-34.65382847934961,0.003233671188354492,0.01344839483499527,-0.003645162098109722,0.28154617876989074
2012-01-06,fold_2,2011 US-downgrade + EU debt,-0.0032808147370815277,-1,-0.0032917384523898363,-1,0.0032917384523898363,-0.0896643572486937,,,,1,32.91738452389836,0.004825092852115631,0.00638009374961257,-0.0032808147370815277,-0.26690995994171485
2012-01-09,fold_2,2011 US-downgrade + EU debt,-0.0021571405231952667,-1,0.0072623323649168015,1,-0.0072623323649168015,-0.0969266896136105,,,,0,-72.62332364916801,0.008603755384683609,0.018740149214863777,-0.0021571405231952667,0.6176430054681394
2012-01-10,fold_2,2011 US-downgrade + EU debt,-0.0016975663602352142,-1,0.0020655242260545492,1,-0.0020655242260545492,-0.09899221383966506,,,,0,-20.655242260545492,0.006696805357933044,0.024675680324435234,-0.0016975663602352142,0.18240113183113085
2012-01-11,fold_2,2011 US-downgrade + EU debt,-0.002369840629398823,-1,0.003946894314140081,1,-0.003946894314140081,-0.10293910815380514,,,,0,-39.468943141400814,0.0036807842552661896,0.028810633346438408,-0.002369840629398823,0.3572210027434997
2012-01-12,fold_2,2011 US-downgrade + EU debt,-0.004063349217176437,-1,-0.0036029184702783823,-1,0.0036029184702783823,-0.09933618968352675,,,,1,36.02918470278382,0.0025103986263275146,0.023359356448054314,-0.004063349217176437,-0.33345716869875647
2012-01-13,fold_2,2011 US-downgrade + EU debt,-0.003157157450914383,-1,0.009068316780030727,1,-0.009068316780030727,-0.10840450646355748,,,,0,-90.68316780030727,0.0051851049065589905,0.027296697720885277,-0.003157157450914383,0.8848621991021048
2012-01-17,fold_2,2011 US-downgrade + EU debt,-0.0027587469667196274,-1,0.013197863474488258,1,-0.013197863474488258,-0.12160236993804574,,,,0,-131.97863474488258,0.007115468382835388,0.01638673059642315,-0.0027587469667196274,1.2654933739685277
2012-01-18,fold_2,2011 US-downgrade + EU debt,-0.002028385177254677,-1,0.006200478412210941,1,-0.006200478412210941,-0.12780284835025668,,,,0,-62.00478412210941,0.004845213145017624,0.015677636489272118,-0.002028385177254677,0.5753151595477494
2012-01-19,fold_2,2011 US-downgrade + EU debt,-0.0024411678314208984,-1,-0.0015043833991512656,-1,0.0015043833991512656,-0.12629846495110542,,,,1,15.043833991512656,0.003290291875600815,0.005996078252792358,-0.0024411678314208984,-0.14140463209322943
2012-01-20,fold_2,2011 US-downgrade + EU debt,-0.0041646407917141914,-1,0.0003344228898640722,1,-0.0003344228898640722,-0.1266328878409695,,,,0,-3.344228898640722,0.002656247466802597,0.010485036298632622,-0.0041646407917141914,0.039788999324111236
2012-01-23,fold_2,2011 US-downgrade + EU debt,-0.003385579213500023,-1,-0.001841651159338653,-1,0.001841651159338653,-0.12479123668163083,,,,1,18.41651159338653,0.0036353208124637604,0.010978174395859241,-0.003385579213500023,-0.23722331805890484
2012-01-24,fold_2,2011 US-downgrade + EU debt,-0.002639973536133766,-1,0.012488769367337227,1,-0.012488769367337227,-0.13728000604896806,,,,0,-124.88769367337227,0.006080258637666702,0.014142458327114582,-0.002639973536133766,1.6565615210635705
2012-01-25,fold_2,2011 US-downgrade + EU debt,-0.002272975631058216,-1,-0.0034810793586075306,-1,0.0034810793586075306,-0.13379892669036053,,,,1,34.810793586075306,0.004224807024002075,0.009716147556900978,-0.002272975631058216,-0.44592694704213065
2012-01-26,fold_2,2011 US-downgrade + EU debt,-0.0024924185127019882,-1,0.0029845747631043196,1,-0.0029845747631043196,-0.13678350145346485,,,,0,-29.845747631043196,0.0030277185142040253,0.01630597747862339,-0.0024924185127019882,0.38259811683906547
2012-01-27,fold_2,2011 US-downgrade + EU debt,-0.0035136863589286804,-1,0.000827561307232827,1,-0.000827561307232827,-0.13761106276069768,,,,0,-8.27561307232827,0.0019747912883758545,0.026951424777507782,-0.0035136863589286804,0.11205640185162051
2012-01-30,fold_2,2011 US-downgrade + EU debt,-0.0030792169272899628,-1,0.0013226325390860438,1,-0.0013226325390860438,-0.13893369529978372,,,,0,-13.226325390860438,0.001199137419462204,0.025317996740341187,-0.0030792169272899628,0.18340650606887668
2012-01-31,fold_2,2011 US-downgrade + EU debt,-0.0033880751579999924,-1,0.008062458597123623,1,-0.008062458597123623,-0.14699615389690734,,,,0,-80.62458597123623,0.0022607557475566864,0.026089711114764214,-0.0033880751579999924,1.1214809968773007
2012-02-01,fold_2,2011 US-downgrade + EU debt,-0.00289241224527359,-1,0.003108750795945525,1,-0.003108750795945525,-0.15010490469285287,,,,0,-31.08750795945525,0.0007613524794578552,0.023324616253376007,-0.00289241224527359,0.5116638443727852
2012-02-02,fold_2,2011 US-downgrade + EU debt,-0.0028956783935427666,-1,0.01363002136349678,1,-0.01363002136349678,-0.16373492605634965,,,,0,-136.3002136349678,-0.0019441768527030945,0.027394801378250122,-0.0028956783935427666,2.2556782061599634
2012-02-03,fold_2,2011 US-downgrade + EU debt,-0.004167735576629639,-1,-0.0008058656821958721,-1,0.0008058656821958721,-0.16292906037415378,,,,1,8.05865682195872,-0.004497595131397247,0.006745867431163788,-0.004167735576629639,-0.12369304079839814
2012-02-06,fold_2,2011 US-downgrade + EU debt,-0.0037035150453448296,-1,0.0020943458657711744,1,-0.0020943458657711744,-0.16502340623992495,,,,0,-20.943458657711744,-0.004250042140483856,0.01679355278611183,-0.0037035150453448296,0.3236356149482816
2012-02-07,fold_2,2011 US-downgrade + EU debt,-0.0030536623671650887,-1,0.005297363270074129,1,-0.005297363270074129,-0.17032076950999908,,,,0,-52.97363270074129,-0.0024161748588085175,0.01723337359726429,-0.0030536623671650887,0.8217622714312218
2012-02-08,fold_2,2011 US-downgrade + EU debt,-0.0029279878363013268,-1,0.0071789356879889965,1,-0.0071789356879889965,-0.17749970519798808,,,,0,-71.78935687988997,-0.004060018807649612,0.004950869362801313,-0.0029279878363013268,1.130556543370586
2012-02-09,fold_2,2011 US-downgrade + EU debt,-0.003122251480817795,-1,-0.007018911652266979,-1,0.007018911652266979,-0.1704807935457211,,,,1,70.18911652266979,-0.004717327654361725,0.01137989480048418,-0.003122251480817795,-1.074317083326856
2012-02-10,fold_2,2011 US-downgrade + EU debt,-0.00350384134799242,-1,0.009241819381713867,1,-0.009241819381713867,-0.17972261292743497,,,,0,-92.41819381713867,-0.0035393014550209045,0.015250276774168015,-0.00350384134799242,1.3874465085316885
2012-02-13,fold_2,2011 US-downgrade + EU debt,-0.002979193814098835,-1,0.00253416714258492,1,-0.00253416714258492,-0.18225678007001989,,,,0,-25.3416714258492,-0.0016250237822532654,0.00884240958839655,-0.002979193814098835,0.3658105560002509
2012-02-14,fold_2,2011 US-downgrade + EU debt,-0.002765430137515068,-1,-0.006985141430050135,-1,0.006985141430050135,-0.17527163863996975,,,,1,69.85141430050135,-0.00042005255818367004,0.001738892518915236,-0.002765430137515068,-1.0506623351197235
2012-02-15,fold_2,2011 US-downgrade + EU debt,-0.0024492600932717323,-1,0.013607961125671864,1,-0.013607961125671864,-0.18887959976564161,,,,0,-136.07961125671864,-0.0024347789585590363,0.015335114672780037,-0.0024492600932717323,2.209520931384703
2012-02-16,fold_2,2011 US-downgrade + EU debt,-0.002969997003674507,-1,-0.003148529212921858,-1,0.003148529212921858,-0.18573107055271976,,,,1,31.48529212921858,-0.0035001374781131744,0.005172334145754576,-0.002969997003674507,-0.4679680087542468
2012-02-17,fold_2,2011 US-downgrade + EU debt,-0.004530199803411961,-1,0.0028339524287730455,1,-0.0028339524287730455,-0.1885650229814928,,,,0,-28.339524287730455,-0.0033870935440063477,0.009727438911795616,-0.004530199803411961,0.41944385103734144
2012-02-21,fold_2,2011 US-downgrade + EU debt,-0.003717515617609024,-1,-0.004569350276142359,-1,0.004569350276142359,-0.18399567270535044,,,,1,45.69350276142359,-0.0015081502497196198,0.016990341246128082,-0.003717515617609024,-0.6733801069912754
2012-02-22,fold_2,2011 US-downgrade + EU debt,-0.0031149927526712418,-1,0.006611080374568701,1,-0.006611080374568701,-0.19060675307991914,,,,0,-66.11080374568701,-0.0009529963135719299,0.01706789620220661,-0.0031149927526712418,0.9651470783620054
2012-02-23,fold_2,2011 US-downgrade + EU debt,-0.0028872862458229065,-1,0.003445180831477046,1,-0.003445180831477046,-0.1940519339113962,,,,0,-34.45180831477046,-0.004272576421499252,0.018343226984143257,-0.0028872862458229065,0.5360447494646549
2012-02-24,fold_2,2011 US-downgrade + EU debt,-0.003834076225757599,-1,0.001406575320288539,1,-0.001406575320288539,-0.19545850923168473,,,,0,-14.06575320288539,-0.004454333335161209,0.014127819798886776,-0.003834076225757599,0.21888569425971233
2012-02-27,fold_2,2011 US-downgrade + EU debt,-0.004403340630233288,-1,0.010096855461597443,1,-0.010096855461597443,-0.20555536469328217,,,,0,-100.96855461597443,-0.0026748329401016235,0.002339030848816037,-0.004403340630233288,1.5778658998156045
2012-02-28,fold_2,2011 US-downgrade + EU debt,-0.0034257089719176292,-1,-0.004491796251386404,-1,0.004491796251386404,-0.20106356844189577,,,,1,44.91796251386404,0.000813756138086319,-0.01761925034224987,-0.0034257089719176292,-0.662199871345816
2012-02-29,fold_2,2011 US-downgrade + EU debt,-0.0028751641511917114,-1,0.007886411622166634,1,-0.007886411622166634,-0.2089499800640624,,,,0,-78.86411622166634,0.0024149976670742035,-0.005449074786156416,-0.0028751641511917114,1.151179852539622
2012-03-01,fold_2,2011 US-downgrade + EU debt,-0.0014801127836108208,-1,-0.0007702261791564524,-1,0.0007702261791564524,-0.20817975388490595,,,,1,7.702261791564524,-3.6932528018951416e-05,-0.0026220991276204586,-0.0014801127836108208,-0.1125984819999919
2012-03-02,fold_2,2011 US-downgrade + EU debt,-0.002980523742735386,-1,-0.0103822136297822,-1,0.0103822136297822,-0.19779754025512375,,,,1,103.822136297822,-0.0010462626814842224,0.0023094317875802517,-0.002980523742735386,-1.5251736877537474
2012-03-05,fold_2,2011 US-downgrade + EU debt,-0.004228108562529087,-1,-0.009861424565315247,-1,0.009861424565315247,-0.1879361156898085,,,,1,98.61424565315247,-0.0016005337238311768,0.013153144158422947,-0.004228108562529087,-1.5137589597575667
2012-03-06,fold_2,2011 US-downgrade + EU debt,-0.0027033789083361626,-1,0.007678378373384476,1,-0.007678378373384476,-0.19561449406319298,,,,0,-76.78378373384476,0.0011272802948951721,0.04144495725631714,-0.0027033789083361626,1.1168153240786654
2012-03-07,fold_2,2011 US-downgrade + EU debt,-0.0017641158774495125,-1,0.010713387280702591,1,-0.010713387280702591,-0.20632788134389557,,,,0,-107.13387280702591,-0.0005393847823143005,0.037231557071208954,-0.0017641158774495125,1.5151388808677082
2012-03-08,fold_2,2011 US-downgrade + EU debt,-0.0019163135439157486,-1,0.004161304794251919,1,-0.004161304794251919,-0.2104891861381475,,,,0,-41.61304794251919,-0.00501246377825737,0.029371794313192368,-0.0019163135439157486,0.5645424096506517
2012-03-09,fold_2,2011 US-downgrade + EU debt,-0.0039908187463879585,-1,0.0004614990612026304,1,-0.0004614990612026304,-0.21095068519935012,,,,0,-4.614990612026304,-0.005965329706668854,0.024503981694579124,-0.0039908187463879585,0.06361889606810102
2012-03-12,fold_2,2011 US-downgrade + EU debt,-0.004910746589303017,-1,0.01843038946390152,1,-0.01843038946390152,-0.22938107466325164,,,,0,-184.3038946390152,-0.003943778574466705,0.03108314424753189,-0.004910746589303017,2.602040314567907
2012-03-13,fold_2,2011 US-downgrade + EU debt,-0.0034018801525235176,-1,0.0034649777226150036,1,-0.0034649777226150036,-0.23284605238586664,,,,0,-34.649777226150036,-0.0020888634026050568,0.01444236095994711,-0.0034018801525235176,0.43695195041424706
2012-03-14,fold_2,2011 US-downgrade + EU debt,-0.003060847520828247,-1,0.0028536233585327864,1,-0.0028536233585327864,-0.23569967574439943,,,,0,-28.536233585327864,-0.001508604735136032,0.011126581579446793,-0.003060847520828247,0.35906071161865233
2012-03-15,fold_2,2011 US-downgrade + EU debt,-0.0029103681445121765,-1,-0.0007065081736072898,-1,0.0007065081736072898,-0.23499316757079214,,,,1,7.065081736072898,-0.0041704438626766205,0.006184988189488649,-0.0029103681445121765,-0.09036301955303956
2012-03-16,fold_2,2011 US-downgrade + EU debt,-0.003966235555708408,-1,0.007040662225335836,1,-0.007040662225335836,-0.24203382979612797,,,,0,-70.40662225335836,-0.004056770354509354,0.006294159684330225,-0.003966235555708408,0.9773428193550118
2012-03-19,fold_2,2011 US-downgrade + EU debt,-0.0051739392802119255,-1,0.0017896058270707726,1,-0.0017896058270707726,-0.24382343562319875,,,,0,-17.896058270707726,-0.00041051581501960754,0.016580747440457344,-0.0051739392802119255,0.24380827020648896
2012-03-20,fold_2,2011 US-downgrade + EU debt,-0.0028474442660808563,-1,0.0001491978910053149,1,-0.0001491978910053149,-0.24397263351420406,,,,0,-1.4919789100531489,0.003988124430179596,0.01625809818506241,-0.0028474442660808563,0.020371779229221194
2012-03-21,fold_2,2011 US-downgrade + EU debt,-0.002093830145895481,-1,-0.002087969798594713,-1,0.002087969798594713,-0.24188466371560935,,,,1,20.879697985947132,0.004486735910177231,0.01214273739606142,-0.002093830145895481,-0.2879080999137984
2012-03-22,fold_2,2011 US-downgrade + EU debt,-0.0024664802476763725,-1,-0.0005973368533886969,-1,0.0005973368533886969,-0.24128732686222065,,,,1,5.973368533886969,0.0008856989443302155,0.010396905243396759,-0.0024664802476763725,-0.0839512847838132
2012-03-23,fold_2,2011 US-downgrade + EU debt,-0.0033936770632863045,-1,0.01732725091278553,1,-0.01732725091278553,-0.2586145777750062,,,,0,-173.2725091278553,0.0006803274154663086,0.009071050211787224,-0.0033936770632863045,2.4491804812367133
2012-03-26,fold_2,2011 US-downgrade + EU debt,-0.003952782601118088,-1,0.001466956571675837,1,-0.001466956571675837,-0.260081534346682,,,,0,-14.66956571675837,0.0023825690150260925,0.0020533644128590822,-0.003952782601118088,0.18200350488989153
2012-03-27,fold_2,2011 US-downgrade + EU debt,-0.002999328076839447,-1,-0.003966162912547588,-1,0.003966162912547588,-0.25611537143413443,,,,1,39.66162912547588,0.004805859178304672,0.0002936256059911102,-0.002999328076839447,-0.5121378390983127
2012-03-28,fold_2,2011 US-downgrade + EU debt,-0.002799438312649727,-1,-0.0038338019512593746,-1,0.0038338019512593746,-0.25228156948287506,,,,1,38.338019512593746,0.005596112459897995,-0.0094646867364645,-0.002799438312649727,-0.49596645392931077
2012-03-29,fold_2,2011 US-downgrade + EU debt,-0.002041834406554699,-1,-0.001923191943205893,-1,0.001923191943205893,-0.25035837753966916,,,,1,19.23191943205893,0.003352981060743332,0.000590998271945864,-0.002041834406554699,-0.2538937655513964
2014-03-28,fold_3,Taper tantrum and 2014 H1,-0.001962423324584961,-1,0.0070972987450659275,1,-0.0070972987450659275,-0.0070972987450659275,,,,0,-70.97298745065928,0.006503190845251083,-0.007842288352549076,-0.001962423324584961,0.9060127079641355
2014-03-31,fold_3,Taper tantrum and 2014 H1,-0.0028112996369600296,-1,0.017413048073649406,1,-0.017413048073649406,-0.024510346818715334,,,,0,-174.13048073649406,0.005672398954629898,-0.0244788508862257,-0.0028112996369600296,2.2274561662872308
2014-04-01,fold_3,Taper tantrum and 2014 H1,-0.0027374904602766037,-1,0.0025748794432729483,1,-0.0025748794432729483,-0.027085226261988282,,,,0,-25.748794432729483,0.005247823894023895,-0.03270028531551361,-0.0027374904602766037,0.31157741244076076
2014-04-02,fold_3,Taper tantrum and 2014 H1,-0.002335859462618828,-1,-0.007969930768013,-1,0.007969930768013,-0.01911529549397528,,,,1,79.69930768013,0.004238445311784744,-0.018278267234563828,-0.002335859462618828,-0.9647420670863133
2014-04-03,fold_3,Taper tantrum and 2014 H1,-0.002468741498887539,-1,-0.02695758268237114,-1,0.02695758268237114,0.007842287188395858,,,,1,269.5758268237114,0.004278033971786499,-0.04177101328969002,-0.002468741498887539,-3.1906397371676727
2014-04-04,fold_3,Taper tantrum and 2014 H1,-0.002523021772503853,-1,-0.009539262391626835,-1,0.009539262391626835,0.017381549580022693,,,,1,95.39262391626835,0.004694569855928421,-0.026514969766139984,-0.002523021772503853,-0.9243960077394551
2014-04-07,fold_3,Taper tantrum and 2014 H1,-0.002676926553249359,-1,0.009191613644361496,1,-0.009191613644361496,0.008189935935661197,,,,0,-91.91613644361496,0.006022889167070389,-0.00915968231856823,-0.002676926553249359,0.8724212064864433
2014-04-08,fold_3,Taper tantrum and 2014 H1,-0.002589646726846695,-1,0.016996895894408226,1,-0.016996895894408226,-0.00880695995874703,,,,0,-169.96895894408226,0.0070275068283081055,-0.015053289011120796,-0.002589646726846695,1.5898401667635498
2014-04-09,fold_3,Taper tantrum and 2014 H1,-0.0019904999062418938,-1,-0.03146267682313919,-1,0.03146267682313919,0.02265571686439216,,,,1,314.6267682313919,0.006760455667972565,-0.018851255998015404,-0.0019904999062418938,-2.7805663507372933
2014-04-10,fold_3,Taper tantrum and 2014 H1,-0.002617696300148964,-1,-0.01170154195278883,-1,0.01170154195278883,0.03435725881718099,,,,1,117.0154195278883,0.008961591869592667,0.012843403033912182,-0.002617696300148964,-0.9044168442628483
2014-04-11,fold_3,Taper tantrum and 2014 H1,-0.0027878694236278534,-1,0.007816024124622345,1,-0.007816024124622345,0.026541234692558646,,,,0,-78.16024124622345,0.010950274765491486,0.031941864639520645,-0.0027878694236278534,0.5961510368720718
2014-04-14,fold_3,Taper tantrum and 2014 H1,-0.001671711914241314,-1,0.0032980076503008604,1,-0.0032980076503008604,0.023243227042257786,,,,0,-32.980076503008604,0.010153092443943024,0.0320403128862381,-0.001671711914241314,0.25212227676228055
2014-04-15,fold_3,Taper tantrum and 2014 H1,-0.001815861091017723,-1,0.013198929838836193,1,-0.013198929838836193,0.010044297203421593,,,,0,-131.98929838836193,0.006310928612947464,0.01990613155066967,-0.001815861091017723,1.029239149505944
2014-04-16,fold_3,Taper tantrum and 2014 H1,-0.002146391198039055,-1,0.0002319830673513934,1,-0.0002319830673513934,0.0098123141360702,,,,0,-2.319830673513934,0.0016761980950832367,0.016228817403316498,-0.002146391198039055,0.017704409515367756
2014-04-17,fold_3,Taper tantrum and 2014 H1,-0.0033036433160305023,-1,0.007396920118480921,1,-0.007396920118480921,0.0024153940175892785,,,,0,-73.96920118480921,0.0012024715542793274,-0.00011613046081038192,-0.0033036433160305023,0.5651443196261554
2014-04-21,fold_3,Taper tantrum and 2014 H1,-0.003147730603814125,-1,0.007914471440017223,1,-0.007914471440017223,-0.005499077422427945,,,,0,-79.14471440017223,0.0024495944380760193,-0.004269872326403856,-0.003147730603814125,0.6129573868021266
2014-04-22,fold_3,Taper tantrum and 2014 H1,-0.002191605046391487,-1,-0.008836171589791775,-1,0.008836171589791775,0.00333709416736383,,,,1,88.36171589791775,0.0021860264241695404,-0.004236620385199785,-0.002191605046391487,-0.685870461320646
2014-04-23,fold_3,Taper tantrum and 2014 H1,-0.002994038164615631,-1,0.009521614760160446,1,-0.009521614760160446,-0.006184520592796616,,,,0,-95.21614760160446,0.0010264627635478973,0.007235391531139612,-0.002994038164615631,0.7316941727822702
2014-04-24,fold_3,Taper tantrum and 2014 H1,-0.0033679120242595673,-1,-0.01611296460032463,-1,0.01611296460032463,0.009928444007528014,,,,1,161.1296460032463,7.181242108345032e-05,0.0006843045121058822,-0.0033679120242595673,-1.252605071352228
2014-04-25,fold_3,Taper tantrum and 2014 H1,-0.0035609714686870575,-1,0.0032431783620268106,1,-0.0032431783620268106,0.006685265645501204,,,,0,-32.43178362026811,0.0030159763991832733,0.01497045811265707,-0.0035609714686870575,0.2438609425001167
2014-04-28,fold_3,Taper tantrum and 2014 H1,-0.0033396221697330475,-1,0.00794772244989872,1,-0.00794772244989872,-0.001262456804397516,,,,0,-79.4772244989872,0.005539242178201675,0.016970984637737274,-0.0033396221697330475,0.5970399685811895
2014-04-29,fold_3,Taper tantrum and 2014 H1,-0.002287851646542549,-1,0.0026358403265476227,1,-0.0026358403265476227,-0.0038982971309451386,,,,0,-26.358403265476227,0.005746576935052872,-0.004023039247840643,-0.002287851646542549,0.19765020906525657
2014-04-30,fold_3,Taper tantrum and 2014 H1,-0.002753226086497307,-1,0.002970527159050107,1,-0.002970527159050107,-0.006868824289995246,,,,0,-29.70527159050107,0.0030580833554267883,-0.00954312551766634,-0.002753226086497307,0.2326464559028697
2014-05-01,fold_3,Taper tantrum and 2014 H1,-0.0037610679864883423,-1,-0.0018268103012815118,-1,0.0018268103012815118,-0.005042013988713734,,,,1,18.268103012815118,0.0018059872090816498,-0.013438626192510128,-0.0037610679864883423,-0.14302445624634064
2014-05-02,fold_3,Taper tantrum and 2014 H1,-0.004142221994698048,-1,0.005243705119937658,1,-0.005243705119937658,-0.010285719108651392,,,,0,-52.43705119937658,0.00371658056974411,-0.007918200455605984,-0.004142221994698048,0.41437903964715017
2014-05-05,fold_3,Taper tantrum and 2014 H1,-0.003332940861582756,-1,-0.013046301901340485,-1,0.013046301901340485,0.0027605827926890925,,,,1,130.46301901340485,0.0057550519704818726,0.003178476123139262,-0.003332940861582756,-1.1660932572157228
2014-05-06,fold_3,Taper tantrum and 2014 H1,-0.002200556918978691,-1,-0.002884245477616787,-1,0.002884245477616787,0.005644828270305879,,,,1,28.84245477616787,0.006098415702581406,0.016904594376683235,-0.002200556918978691,-0.25381310969980364
2014-05-07,fold_3,Taper tantrum and 2014 H1,-0.0020005377009510994,-1,-0.0009249738068319857,-1,0.0009249738068319857,0.006569802077137865,,,,1,9.249738068319857,0.003941092640161514,0.01456519030034542,-0.0020005377009510994,-0.08262502824968634
2014-05-08,fold_3,Taper tantrum and 2014 H1,-0.003043264150619507,-1,0.003693615784868598,1,-0.003693615784868598,0.002876186292269267,,,,0,-36.93615784868598,0.003193620592355728,0.00760283088311553,-0.003043264150619507,0.3507050202758788
2014-05-09,fold_3,Taper tantrum and 2014 H1,-0.003559386357665062,-1,0.016340382397174835,1,-0.016340382397174835,-0.013464196104905568,,,,0,-163.40382397174835,0.006215214729309082,0.010429514572024345,-0.003559386357665062,2.073398925339283
2014-05-12,fold_3,Taper tantrum and 2014 H1,-0.002772078849375248,-1,0.0006798167596571147,1,-0.0006798167596571147,-0.014144012864562683,,,,0,-6.798167596571147,0.008189104497432709,0.0010198835516348481,-0.002772078849375248,0.08207038410880037
2014-05-13,fold_3,Taper tantrum and 2014 H1,-0.0022332724183797836,-1,-0.005223650485277176,-1,0.005223650485277176,-0.008920362379285507,,,,1,52.23650485277176,0.007578093558549881,-0.00328986463136971,-0.0022332724183797836,-0.6450313470035096
2014-05-14,fold_3,Taper tantrum and 2014 H1,-0.0025204652920365334,-1,-0.007887332700192928,-1,0.007887332700192928,-0.0010330296790925786,,,,1,78.87332700192928,0.00442509725689888,0.011433972977101803,-0.0025204652920365334,-0.9679146831549944
2014-05-15,fold_3,Taper tantrum and 2014 H1,-0.002983459271490574,-1,0.006520299706608057,1,-0.006520299706608057,-0.007553329385700636,,,,0,-65.20299706608057,0.0031573958694934845,0.023701516911387444,-0.002983459271490574,0.8361923425833073
2014-05-16,fold_3,Taper tantrum and 2014 H1,-0.0035712607204914093,-1,0.0069307503290474415,1,-0.0069307503290474415,-0.014484079714748077,,,,0,-69.30750329047441,0.002870038151741028,0.02443923056125641,-0.0035712607204914093,0.8737077739859721
2014-05-19,fold_3,Taper tantrum and 2014 H1,-0.0029739364981651306,-1,-0.0036299314815551043,-1,0.0036299314815551043,-0.010854148233192973,,,,1,36.29931481555104,0.00289289653301239,0.029892729595303535,-0.0029739364981651306,-0.45881738372934977
2014-05-20,fold_3,Taper tantrum and 2014 H1,-0.0025134319439530373,-1,0.009500186890363693,1,-0.009500186890363693,-0.020354335123556666,,,,0,-95.00186890363693,0.0028731003403663635,0.03044099360704422,-0.0025134319439530373,1.225258190591561
2014-05-21,fold_3,Taper tantrum and 2014 H1,-0.002469543367624283,-1,0.004380210768431425,1,-0.004380210768431425,-0.02473454589198809,,,,0,-43.80210768431425,0.0003142803907394409,0.027313604950904846,-0.002469543367624283,0.5620858252523185
2014-05-22,fold_3,Taper tantrum and 2014 H1,-0.0032551027834415436,-1,0.007258014287799597,1,-0.007258014287799597,-0.03199256017978769,,,,0,-72.58014287799597,-0.00046425312757492065,0.023042934015393257,-0.0032551027834415436,0.9600542360580507
2014-05-23,fold_3,Taper tantrum and 2014 H1,-0.003933032974600792,-1,0.012384248897433281,1,-0.012384248897433281,-0.04437680907722097,,,,0,-123.84248897433281,0.002484869211912155,0.014798999764025211,-0.003933032974600792,1.8101637895137987
2014-05-27,fold_3,Taper tantrum and 2014 H1,-0.0030395742505788803,-1,-0.0030816674698144197,-1,0.0030816674698144197,-0.04129514160740655,,,,1,30.816674698144197,0.005597006529569626,0.0019759966526180506,-0.0030395742505788803,-0.4195607894926704
2014-05-28,fold_3,Taper tantrum and 2014 H1,-0.002659400925040245,-1,0.006372798699885607,1,-0.006372798699885607,-0.047667940307292156,,,,0,-63.72798699885607,0.005036447197198868,0.008779807947576046,-0.002659400925040245,0.8900581927586882
2014-05-29,fold_3,Taper tantrum and 2014 H1,-0.0025760475546121597,-1,0.00010953944001812488,1,-0.00010953944001812488,-0.04777747974731028,,,,0,-1.0953944001812488,0.0015180036425590515,0.010785252787172794,-0.0025760475546121597,0.015053706886225565
2014-05-30,fold_3,Taper tantrum and 2014 H1,-0.002992713823914528,-1,-0.0009859201963990927,-1,0.0009859201963990927,-0.04679155955091119,,,,1,9.859201963990927,-0.0006642676889896393,0.01640191674232483,-0.002992713823914528,-0.13605960599780215
2014-06-02,fold_3,Taper tantrum and 2014 H1,-0.003963199444115162,-1,-0.00043875392293557525,-1,0.00043875392293557525,-0.04635280562797561,,,,1,4.3875392293557525,0.0003247112035751343,0.016633290797472,-0.003963199444115162,-0.060617508986671356
2014-06-03,fold_3,Taper tantrum and 2014 H1,-0.0032099448144435883,-1,0.003722143592312932,1,-0.003722143592312932,-0.050074949220288545,,,,0,-37.22143592312932,0.0020150989294052124,0.018795523792505264,-0.0032099448144435883,0.52107920808085
2014-06-04,fold_3,Taper tantrum and 2014 H1,-0.002560161054134369,-1,0.008378244005143642,1,-0.008378244005143642,-0.05845319322543219,,,,0,-83.78244005143642,0.0019517987966537476,0.014858423732221127,-0.002560161054134369,1.2746072309545615
2014-06-05,fold_3,Taper tantrum and 2014 H1,-0.0031127380207180977,-1,0.005726202856749296,1,-0.005726202856749296,-0.06417939608218148,,,,0,-57.26202856749296,-0.0013714097440242767,-0.002603821223601699,-0.0031127380207180977,0.841536314923747
2014-06-06,fold_3,Taper tantrum and 2014 H1,-0.0034546880051493645,-1,-0.0007545453845523298,-1,0.0007545453845523298,-0.06342485069762915,,,,1,7.545453845523298,-0.0016043111681938171,-0.005401598289608955,-0.0034546880051493645,-0.1090258095653863
2014-06-09,fold_3,Taper tantrum and 2014 H1,-0.004248964600265026,-1,0.0017234788974747062,1,-0.0017234788974747062,-0.06514832959510386,,,,0,-17.23478897474706,0.0016929879784584045,-0.0037802942097187042,-0.004248964600265026,0.2507459024618815
2014-06-10,fold_3,Taper tantrum and 2014 H1,-0.003141152672469616,-1,-0.00021495713735930622,-1,0.00021495713735930622,-0.06493337245774455,,,,1,2.149571373593062,0.004105251282453537,-0.004963437560945749,-0.003141152672469616,-0.036842175568203905
2014-06-11,fold_3,Taper tantrum and 2014 H1,-0.0028013084083795547,-1,-0.009084000252187252,-1,0.009084000252187252,-0.0558493722055573,,,,1,90.84000252187252,0.0051443912088871,0.0008610818767920136,-0.0028013084083795547,-1.557411019774264
2014-06-12,fold_3,Taper tantrum and 2014 H1,-0.002392907626926899,-1,0.0029284260235726833,1,-0.0029284260235726833,-0.058777798229129985,,,,0,-29.284260235726833,0.003308553248643875,0.009298957884311676,-0.002392907626926899,0.48285032094804403
2014-06-13,fold_3,Taper tantrum and 2014 H1,-0.0024856477975845337,-1,0.0008667586953379214,1,-0.0008667586953379214,-0.059644556924467906,,,,0,-8.667586953379214,0.0007700324058532715,0.007546482607722282,-0.0024856477975845337,0.1484276600289527
2014-06-16,fold_3,Taper tantrum and 2014 H1,-0.003658565692603588,-1,0.0005403357790783048,1,-0.0005403357790783048,-0.06018489270354621,,,,0,-5.403357790783048,0.00015581399202346802,0.006895371712744236,-0.003658565692603588,0.09549964981027752
2014-06-17,fold_3,Taper tantrum and 2014 H1,-0.003309383988380432,-1,0.005609562154859304,1,-0.005609562154859304,-0.06579445485840552,,,,0,-56.095621548593044,0.00025167688727378845,0.005384569056332111,-0.003309383988380432,1.0306115744567852
2014-06-18,fold_3,Taper tantrum and 2014 H1,-0.0027152933180332184,-1,-0.000646124710328877,-1,0.000646124710328877,-0.06514833014807664,,,,1,6.46124710328877,-0.0012305602431297302,0.006119376048445702,-0.0027152933180332184,-0.11691776295906459
2014-06-19,fold_3,Taper tantrum and 2014 H1,-0.0034147482365369797,-1,0.001175950514152646,1,-0.001175950514152646,-0.06632428066222928,,,,0,-11.75950514152646,-0.0043938495218753815,0.007301395758986473,-0.0034147482365369797,0.2304085862318534
2014-06-20,fold_3,Taper tantrum and 2014 H1,-0.004087910056114197,-1,0.0002156479167751968,1,-0.0002156479167751968,-0.06653992857900448,,,,0,-2.156479167751968,-0.006613351404666901,0.010508253239095211,-0.004087910056114197,0.04299375123078296
2014-06-23,fold_3,Taper tantrum and 2014 H1,-0.004829954355955124,-1,-0.0009704668773338199,-1,0.0009704668773338199,-0.06556946170167066,,,,1,9.704668773338199,-0.0052126385271549225,0.011997771449387074,-0.004829954355955124,-0.20447154155560207
2014-06-24,fold_3,Taper tantrum and 2014 H1,-0.00431472435593605,-1,0.006344369146972895,1,-0.006344369146972895,-0.07191383084864356,,,,0,-63.44369146972895,-0.0030021071434020996,0.023876363411545753,-0.00431472435593605,1.643309511582408
2014-06-25,fold_3,Taper tantrum and 2014 H1,-0.0029707420617341995,-1,0.0005358947673812509,1,-0.0005358947673812509,-0.07244972561602481,,,,0,-5.358947673812509,-0.0011709220707416534,0.019215893000364304,-0.0029707420617341995,0.13215691458243795
2014-06-26,fold_3,Taper tantrum and 2014 H1,-0.002716558054089546,-1,0.00438280776143074,1,-0.00438280776143074,-0.07683253337745555,,,,0,-43.828077614307404,-0.0015815719962120056,0.024969423189759254,-0.002716558054089546,1.1539035577103673
2014-06-27,fold_3,Taper tantrum and 2014 H1,-0.0028293533250689507,-1,0.0017051667673513293,1,-0.0017051667673513293,-0.07853770014480688,,,,0,-17.051667673513293,-0.0026556961238384247,0.01755196787416935,-0.0028293533250689507,0.4347071467681163
2014-06-30,fold_3,Taper tantrum and 2014 H1,-0.0034883739426732063,-1,0.010908124968409538,1,-0.010908124968409538,-0.08944582511321642,,,,0,-109.08124968409538,-0.0021205879747867584,0.0037202120292931795,-0.0034883739426732063,2.7721612507452202
2014-07-01,fold_3,Taper tantrum and 2014 H1,-0.0031685838475823402,-1,0.0016838997835293412,1,-0.0016838997835293412,-0.09112972489674576,,,,0,-16.838997835293412,-0.0022456422448158264,0.0002107195177813992,-0.0031685838475823402,0.36381104072122655
2014-07-02,fold_3,Taper tantrum and 2014 H1,-0.0029474664479494095,-1,0.00628942484036088,1,-0.00628942484036088,-0.09741914973710664,,,,0,-62.8942484036088,-0.002644166350364685,-0.0046371459029614925,-0.0029474664479494095,1.3766643287193563
2014-07-03,fold_3,Taper tantrum and 2014 H1,-0.004004878923296928,-1,-0.0030346480198204517,-1,0.0030346480198204517,-0.09438450171728618,,,,1,30.346480198204517,-0.002400960773229599,-0.004503125324845314,-0.004004878923296928,-0.6900461447877146
2014-07-07,fold_3,Taper tantrum and 2014 H1,-0.0038671866059303284,-1,-0.012126589193940163,-1,0.012126589193940163,-0.08225791252334602,,,,1,121.26589193940163,-0.0001298561692237854,0.004496706649661064,-0.0038671866059303284,-2.8455543192125514
2014-07-08,fold_3,Taper tantrum and 2014 H1,-0.002903776243329048,-1,0.007398632355034351,1,-0.007398632355034351,-0.08965654487838037,,,,0,-73.98632355034351,0.001427438110113144,0.013173858635127544,-0.002903776243329048,1.4655670883826315
2014-07-09,fold_3,Taper tantrum and 2014 H1,-0.002095678821206093,-1,-0.0031639656517654657,-1,0.0031639656517654657,-0.08649257922661491,,,,1,31.639656517654657,-0.00046617165207862854,0.00974604208022356,-0.002095678821206093,-0.5971461092102441
2014-07-10,fold_3,Taper tantrum and 2014 H1,-0.0032326476648449898,-1,0.006423445418477058,1,-0.006423445418477058,-0.09291602464509197,,,,0,-64.23445418477058,-0.0007996596395969391,-0.0004228194011375308,-0.0032326476648449898,1.2017025952140485
2014-07-11,fold_3,Taper tantrum and 2014 H1,-0.0038003604859113693,-1,0.0059651839546859264,1,-0.0059651839546859264,-0.09888120859977789,,,,0,-59.651839546859264,0.0013547949492931366,0.008882122114300728,-0.0038003604859113693,1.1585792441699563
2014-07-14,fold_3,Taper tantrum and 2014 H1,-0.0026642056182026863,-1,-0.003449437441304326,-1,0.003449437441304326,-0.09543177115847357,,,,1,34.49437441304326,0.004726041108369827,0.0016677516978234053,-0.0026642056182026863,-0.6535234140812817
2014-07-15,fold_3,Taper tantrum and 2014 H1,-0.0026558414101600647,-1,0.003970816265791655,1,-0.003970816265791655,-0.09940258742426522,,,,0,-39.708162657916546,0.00515284389257431,0.01145125925540924,-0.0026558414101600647,0.7448884330714018
2014-07-16,fold_3,Taper tantrum and 2014 H1,-0.002199615351855755,-1,-0.013332827016711235,-1,0.013332827016711235,-0.08606976040755399,,,,1,133.32827016711235,0.0026638247072696686,0.013877581804990768,-0.002199615351855755,-2.467743478875805
2014-07-17,fold_3,Taper tantrum and 2014 H1,-0.0028756605461239815,-1,0.015728386119008064,1,-0.015728386119008064,-0.10179814652656205,,,,0,-157.28386119008064,0.0026424340903759003,0.026078633964061737,-0.0028756605461239815,2.603183061654549
2014-07-18,fold_3,Taper tantrum and 2014 H1,-0.0033887261524796486,-1,-0.0012491863453760743,-1,0.0012491863453760743,-0.10054896018118598,,,,1,12.491863453760743,0.0008049383759498596,0.006429646164178848,-0.0033887261524796486,-0.17872204598867492
2014-07-21,fold_3,Taper tantrum and 2014 H1,-0.002879602834582329,-1,0.006334070116281509,1,-0.006334070116281509,-0.10688303029746749,,,,0,-63.340701162815094,0.001795116811990738,0.007989144884049892,-0.002879602834582329,0.9061378421587718
2014-07-22,fold_3,Taper tantrum and 2014 H1,-0.002784140408039093,-1,0.00639713928103447,1,-0.00639713928103447,-0.11328016957850195,,,,0,-63.971392810344696,0.0009504295885562897,-0.00010333875979995355,-0.002784140408039093,0.8969545824667564
2014-07-23,fold_3,Taper tantrum and 2014 H1,-0.0025589633733034134,-1,-0.0011317766038700938,-1,0.0011317766038700938,-0.11214839297463186,,,,1,11.317766038700938,-0.0017219968140125275,-0.002574207494035363,-0.0025589633733034134,-0.15565918702123097
2014-07-24,fold_3,Taper tantrum and 2014 H1,-0.004084615036845207,-1,-0.003920600283890963,-1,0.003920600283890963,-0.1082277926907409,,,,1,39.206002838909626,-0.0016667842864990234,-0.021860044449567795,-0.004084615036845207,-0.5494414230069968
2014-07-25,fold_3,Taper tantrum and 2014 H1,-0.00392299797385931,-1,0.0003103120543528348,1,-0.0003103120543528348,-0.10853810474509373,,,,0,-3.103120543528348,-0.0003513842821121216,-0.021629933267831802,-0.00392299797385931,0.04316926421390465
2014-07-28,fold_3,Taper tantrum and 2014 H1,-0.0028809215873479843,-1,-0.001758413389325142,-1,0.001758413389325142,-0.10677969135576859,,,,1,17.58413389325142,0.0013212449848651886,-0.015097670257091522,-0.0028809215873479843,-0.24691679954321788
2014-07-29,fold_3,Taper tantrum and 2014 H1,-0.0030614007264375687,-1,0.003926270641386509,1,-0.003926270641386509,-0.1107059619971551,,,,0,-39.26270641386509,0.0005733296275138855,-0.02102711983025074,-0.0030614007264375687,0.5512776424635283
2014-07-30,fold_3,Taper tantrum and 2014 H1,-0.0026927776634693146,-1,-0.02041761204600334,-1,0.02041761204600334,-0.09028834995115176,,,,1,204.17612046003342,-0.0005858801305294037,-0.025693856179714203,-0.0026927776634693146,-3.0253746553661913
2014-07-31,fold_3,Taper tantrum and 2014 H1,-0.0031522251665592194,-1,-0.003690489800646901,-1,0.003690489800646901,-0.08659786015050486,,,,1,36.90489800646901,0.0037378594279289246,-0.008454873226583004,-0.0031522251665592194,-0.4534157647166218
2014-08-01,fold_3,Taper tantrum and 2014 H1,-0.0033359602093696594,-1,0.0068425750359892845,1,-0.0068425750359892845,-0.09344043518649414,,,,0,-68.42575035989285,0.006078656762838364,0.0024269213899970055,-0.0033359602093696594,0.8490340969905606
2014-08-04,fold_3,Taper tantrum and 2014 H1,-0.0017954818904399872,-1,-0.007687862496823072,-1,0.007687862496823072,-0.08575257268967107,,,,1,76.87862496823072,0.006943143904209137,0.001467795460484922,-0.0017954818904399872,-0.9404013445423478
2014-08-05,fold_3,Taper tantrum and 2014 H1,-0.0020603518933057785,-1,-0.0007404669304378331,-1,0.0007404669304378331,-0.08501210575923324,,,,1,7.404669304378331,0.004960305988788605,0.008736382238566875,-0.0020603518933057785,-0.0937116027863874
2014-08-06,fold_3,Taper tantrum and 2014 H1,-0.0018645618110895157,-1,-0.00317862955853343,-1,0.00317862955853343,-0.0818334762006998,,,,1,31.7862955853343,0.0030372999608516693,0.02000616118311882,-0.0018645618110895157,-0.41130322963078586
2014-08-07,fold_3,Taper tantrum and 2014 H1,-0.0025754589587450027,-1,0.007191305048763752,1,-0.007191305048763752,-0.08902478124946356,,,,0,-71.91305048763752,0.003344666212797165,0.028356796130537987,-0.0025754589587450027,0.9304928116568347
2014-08-08,fold_3,Taper tantrum and 2014 H1,-0.002115454524755478,-1,0.005883449222892523,1,-0.005883449222892523,-0.09490823047235608,,,,0,-58.83449222892523,0.00212734192609787,0.02600216120481491,-0.002115454524755478,0.757958197237931
2014-08-11,fold_3,Taper tantrum and 2014 H1,-0.00223744660615921,-1,-0.0004192753112874925,-1,0.0004192753112874925,-0.09448895516106859,,,,1,4.192753112874925,0.0008233562111854553,0.02778947539627552,-0.00223744660615921,-0.05403648788866629
2014-08-12,fold_3,Taper tantrum and 2014 H1,-0.0036593573167920113,-1,0.010529312305152416,1,-0.010529312305152416,-0.105018267466221,,,,0,-105.29312305152416,0.0018631406128406525,0.03379705175757408,-0.0036593573167920113,1.363679603234186
2014-08-13,fold_3,Taper tantrum and 2014 H1,-0.0029238462448120117,-1,0.0051720053888857365,1,-0.0051720053888857365,-0.11019027285510674,,,,0,-51.720053888857365,0.00390625,0.02326774038374424,-0.0029238462448120117,0.6446265908960627
2014-08-14,fold_3,Taper tantrum and 2014 H1,-0.0023758532479405403,-1,0.004836669657379389,1,-0.004836669657379389,-0.11502694251248613,,,,0,-48.36669657379389,0.005921322852373123,0.020119888707995415,-0.0023758532479405403,0.6416355422554882
2014-08-15,fold_3,Taper tantrum and 2014 H1,-0.0028608236461877823,-1,0.007670763414353132,1,-0.007670763414353132,-0.12269770592683926,,,,0,-76.70763414353132,0.0039653778076171875,0.016798965632915497,-0.0028608236461877823,1.135661916793589
2014-08-18,fold_3,Taper tantrum and 2014 H1,-0.002656298689544201,-1,0.005588300991803408,1,-0.005588300991803408,-0.12828600691864267,,,,0,-55.88300991803408,0.002395089715719223,0.012655028142035007,-0.002656298689544201,0.8025449421832442
2014-08-19,fold_3,Taper tantrum and 2014 H1,-0.003638787195086479,-1,0.0,0,-0.0,-0.12828600691864267,,,,0,-0.0,0.0022098608314990997,0.008072314783930779,-0.003638787195086479,0.0
2014-08-20,fold_3,Taper tantrum and 2014 H1,-0.003142204135656357,-1,0.0020241537131369114,1,-0.0020241537131369114,-0.13031016063177958,,,,0,-20.241537131369114,0.0028408095240592957,0.008273630402982235,-0.003142204135656357,0.2984589132808147
2014-08-21,fold_3,Taper tantrum and 2014 H1,-0.002978523261845112,-1,0.0015157470479607582,1,-0.0015157470479607582,-0.13182590767974034,,,,0,-15.157470479607582,0.003595098853111267,0.005143505055457354,-0.002978523261845112,0.22315366394154962
2014-08-22,fold_3,Taper tantrum and 2014 H1,-0.002982279285788536,-1,0.00352682638913393,1,-0.00352682638913393,-0.13535273406887427,,,,0,-35.2682638913393,0.0037365034222602844,0.007342625875025988,-0.002982279285788536,0.5229497782812355
2014-08-25,fold_3,Taper tantrum and 2014 H1,-0.0028161685913801193,-1,0.0010055879829451442,1,-0.0010055879829451442,-0.13635832205181941,,,,0,-10.055879829451442,0.0036970898509025574,0.00671806838363409,-0.0028161685913801193,0.14810494098229504
2014-08-26,fold_3,Taper tantrum and 2014 H1,-0.0036849025636911392,-1,0.0002013150224229321,1,-0.0002013150224229321,-0.13655963707424235,,,,0,-2.013150224229321,0.0057275258004665375,-0.00020076821965631098,-0.0036849025636911392,0.029683580416780462
2014-08-27,fold_3,Taper tantrum and 2014 H1,-0.0030107498168945312,-1,-0.0011059711687266827,-1,0.0011059711687266827,-0.13545366590551566,,,,1,11.059711687266827,0.006718553602695465,-0.0013072571018710732,-0.0030107498168945312,-0.16445378893942256
2014-08-28,fold_3,Taper tantrum and 2014 H1,-0.00249619223177433,-1,0.0037148678675293922,1,-0.0037148678675293922,-0.13916853377304506,,,,0,-37.14867867529392,0.007639240473508835,0.004816656932234764,-0.00249619223177433,0.7513692050723919
2014-08-29,fold_3,Taper tantrum and 2014 H1,-0.0028287889435887337,-1,0.002902268897742033,1,-0.002902268897742033,-0.1420708026707871,,,,0,-29.02268897742033,0.005264196544885635,0.0030023581348359585,-0.0028287889435887337,0.5869045800932715
2014-09-02,fold_3,Taper tantrum and 2014 H1,-0.002590952441096306,-1,-0.005913248751312494,-1,0.005913248751312494,-0.1361575539194746,,,,1,59.13248751312494,0.003064904361963272,-0.008227802813053131,-0.002590952441096306,-1.2456932093143112
2014-09-03,fold_3,Taper tantrum and 2014 H1,-0.003557838499546051,-1,-0.0009051738306879997,-1,0.0009051738306879997,-0.1352523800887866,,,,1,9.051738306879997,0.0019947029650211334,0.005913248751312494,-0.003557838499546051,-0.19600618181372603
2014-09-04,fold_3,Taper tantrum and 2014 H1,-0.0031470227986574173,-1,0.005017942748963833,1,-0.005017942748963833,-0.14027032283775043,,,,0,-50.17942748963833,0.001423228532075882,0.0060186004266142845,-0.0031470227986574173,1.0862393282937621
2014-09-05,fold_3,Taper tantrum and 2014 H1,-0.002938132733106613,-1,0.0019005690701305866,1,-0.0019005690701305866,-0.14217089190788101,,,,0,-19.005690701305866,0.0015084967017173767,-0.004112768918275833,-0.002938132733106613,0.40433892746950595
2014-09-08,fold_3,Taper tantrum and 2014 H1,-0.003140905871987343,-1,-0.008327892050147057,-1,0.008327892050147057,-0.13384299985773396,,,,1,83.27892050147057,0.0006585866212844849,-0.01571054756641388,-0.003140905871987343,-1.8768245623151516
2014-09-09,fold_3,Taper tantrum and 2014 H1,-0.00304383784532547,-1,0.008227802813053131,1,-0.008227802813053131,-0.1420708026707871,,,,0,-82.27802813053131,0.0010028332471847534,0.001308427657932043,-0.00304383784532547,1.777519263451231
2014-09-10,fold_3,Taper tantrum and 2014 H1,-0.0035516954958438873,-1,-0.0007998223882168531,-1,0.0007998223882168531,-0.14127098028257024,,,,1,7.998223882168531,0.0013742856681346893,-0.00541094271466136,-0.0035516954958438873,-0.16060189297344188
2014-09-11,fold_3,Taper tantrum and 2014 H1,-0.002772478386759758,-1,-0.005113426595926285,-1,0.005113426595926285,-0.13615755368664395,,,,1,51.13426595926285,0.0008507519960403442,0.0028961822390556335,-0.002772478386759758,-1.1642305984975365
2014-09-12,fold_3,Taper tantrum and 2014 H1,-0.002975217066705227,-1,-0.009697210043668747,-1,0.009697210043668747,-0.1264603436429752,,,,1,96.97210043668747,0.0016742870211601257,0.007389549165964127,-0.002975217066705227,-2.2095975746885537
2014-09-15,fold_3,Taper tantrum and 2014 H1,-0.003113999031484127,-1,0.008691084571182728,1,-0.008691084571182728,-0.13515142821415793,,,,0,-86.91084571182728,0.0006691589951515198,0.00774153508245945,-0.003113999031484127,1.8204422697855847
2014-09-16,fold_3,Taper tantrum and 2014 H1,-0.0025190282613039017,-1,0.0015084322076290846,1,-0.0015084322076290846,-0.13665986042178702,,,,0,-15.084322076290846,-0.0007105842232704163,-0.003679014276713133,-0.0025190282613039017,0.3103262284268353
2014-09-17,fold_3,Taper tantrum and 2014 H1,-0.0032809628173708916,-1,0.0075073023326694965,1,-0.0075073023326694965,-0.1441671627544565,,,,0,-75.07302332669497,-0.0021952539682388306,0.005486177280545235,-0.0032809628173708916,1.594067302481406
2014-09-18,fold_3,Taper tantrum and 2014 H1,-0.0030552931129932404,-1,-0.0006200594361871481,-1,0.0006200594361871481,-0.14354710331826936,,,,1,6.200594361871481,-0.0031646788120269775,-0.0232794601470232,-0.0030552931129932404,-0.12401778789185415
2014-09-19,fold_3,Taper tantrum and 2014 H1,-0.003427146002650261,-1,-0.009345224127173424,-1,0.009345224127173424,-0.13420187919109594,,,,1,93.45224127173424,-0.0012749433517456055,-0.012074689380824566,-0.003427146002650261,-1.876112941336521
2014-09-22,fold_3,Taper tantrum and 2014 H1,-0.0030955299735069275,-1,-0.002729465253651142,-1,0.002729465253651142,-0.1314724139374448,,,,1,27.29465253651142,2.1457672119140625e-05,-0.0040466017089784145,-0.0030955299735069275,-0.5062925958727779
2014-09-23,fold_3,Taper tantrum and 2014 H1,-0.001974976621568203,-1,0.010673623532056808,1,-0.010673623532056808,-0.1421460374695016,,,,0,-106.73623532056808,0.0011116191744804382,0.00010115558688994497,-0.001974976621568203,1.9884172085794183
2014-09-24,fold_3,Taper tantrum and 2014 H1,-0.00284699909389019,-1,-0.021258333697915077,-1,0.021258333697915077,-0.12088770377158653,,,,1,212.58333697915077,-7.256865501403809e-06,-0.026695234701037407,-0.00284699909389019,-3.6213541307532724
2014-09-25,fold_3,Taper tantrum and 2014 H1,-0.0030395565554499626,-1,0.010584711097180843,1,-0.010584711097180843,-0.13147241486876737,,,,0,-105.84711097180843,0.0022131241858005524,-0.005436900071799755,-0.0030395565554499626,1.4013167095476196
2014-09-26,fold_3,Taper tantrum and 2014 H1,-0.002351067028939724,-1,-0.0013171363389119506,-1,0.0013171363389119506,-0.13015527852985542,,,,1,13.171363389119506,0.007081206887960434,-0.0061947559006512165,-0.002351067028939724,-0.1664801500173341
2014-09-29,fold_3,Taper tantrum and 2014 H1,-0.0020056627690792084,-1,0.0014182919403538108,1,-0.0014182919403538108,-0.13157357047020923,,,,0,-14.182919403538108,0.008971545845270157,-0.007019097916781902,-0.0020056627690792084,0.1801359166050565
2015-11-24,fold_4,China devaluation and oil crash,-0.002090154215693474,-1,0.0008764576632529497,1,-0.0008764576632529497,-0.0008764576632529497,,,,0,-8.764576632529497,0.001191355288028717,0.0035007991828024387,-0.002090154215693474,0.10225956340385596
2015-11-25,fold_4,China devaluation and oil crash,-0.002434677444398403,-1,0.0014003473334014416,1,-0.0014003473334014416,-0.0022768049966543913,,,,0,-14.003473334014416,-2.7664005756378174e-05,-0.014471632428467274,-0.002434677444398403,0.16728680282196637
2015-11-27,fold_4,China devaluation and oil crash,-0.0031020278111100197,-1,-0.002540202811360359,-1,0.002540202811360359,0.0002633978147059679,,,,1,25.402028113603592,0.00024113059043884277,0.0072346641682088375,-0.0031020278111100197,-0.3035129411512779
2015-11-30,fold_4,China devaluation and oil crash,-0.003342544659972191,-1,0.009948860853910446,1,-0.009948860853910446,-0.009685463039204478,,,,0,-99.48860853910446,0.0019593127071857452,0.005248351488262415,-0.003342544659972191,1.194586063857271
2015-12-01,fold_4,China devaluation and oil crash,-0.003021816723048687,-1,-0.006184663623571396,-1,0.006184663623571396,-0.0035007994156330824,,,,1,61.84663623571396,0.0026055611670017242,-0.0046132574789226055,-0.003021816723048687,-0.7499876485171226
2015-12-02,fold_4,China devaluation and oil crash,-0.002925258129835129,-1,-0.01709597371518612,-1,0.01709597371518612,0.013595174299553037,,,,1,170.9597371518612,0.004269104450941086,-0.013724218122661114,-0.002925258129835129,-2.0535364294682603
2015-12-03,fold_4,China devaluation and oil crash,-0.002477523870766163,-1,0.023106643930077553,1,-0.023106643930077553,-0.009511469630524516,,,,0,-231.06643930077553,0.004583433270454407,0.007879506796598434,-0.002477523870766163,2.5223255326409033
2015-12-04,fold_4,China devaluation and oil crash,-0.002672094851732254,-1,-0.004526515491306782,-1,0.004526515491306782,-0.004984954139217734,,,,1,45.26515491306782,0.00297628715634346,-0.038512103259563446,-0.002672094851732254,-0.43109129945658503
2015-12-07,fold_4,China devaluation and oil crash,-0.0035395948216319084,-1,8.725155930733308e-05,1,-8.725155930733308e-05,-0.005072205698525067,,,,0,-0.8725155930733308,0.0017358176410198212,-0.026432102546095848,-0.0035395948216319084,0.008272132186391416
2015-12-08,fold_4,China devaluation and oil crash,-0.0031776390969753265,-1,-0.015295623801648617,-1,0.015295623801648617,0.01022341810312355,,,,1,152.95623801648617,0.003491245210170746,-0.020446723327040672,-0.0031776390969753265,-1.4888426203459677
2015-12-09,fold_4,China devaluation and oil crash,-0.0031257960945367813,-1,0.004507751204073429,1,-0.004507751204073429,0.00571566689905012,,,,0,-45.07751204073429,0.005130015313625336,0.00960917305201292,-0.0031257960945367813,0.4168919601981546
2015-12-10,fold_4,China devaluation and oil crash,-0.0025670118629932404,-1,-0.02328496426343918,-1,0.02328496426343918,0.0290006311624893,,,,1,232.84964263439178,0.004874628037214279,-0.009569364599883556,-0.0025670118629932404,-2.144870930139299
2015-12-11,fold_4,China devaluation and oil crash,-0.001972540281713009,-1,0.007553484290838242,1,-0.007553484290838242,0.021447146871651057,,,,0,-75.53484290838242,0.004439461976289749,-0.005653249565511942,-0.001972540281713009,0.6379484307264066
2015-12-14,fold_4,China devaluation and oil crash,-0.002447684295475483,-1,0.006072630640119314,1,-0.006072630640119314,0.015374516231531743,,,,0,-60.72630640119314,0.002658635377883911,-0.00215992983430624,-0.002447684295475483,0.5467045773028342
2015-12-15,fold_4,China devaluation and oil crash,-0.0031400369480252266,-1,0.014760272577404976,1,-0.014760272577404976,0.0006142436541267671,,,,0,-147.60272577404976,0.001236356794834137,-0.00168037845287472,-0.0031400369480252266,1.376247394325145
2015-12-16,fold_4,China devaluation and oil crash,-0.003307686187326908,-1,-0.014670786447823048,-1,0.014670786447823048,0.015285030101949815,,,,1,146.70786447823048,0.001012176275253296,-0.009042750112712383,-0.003307686187326908,-1.3074991347175047
2015-12-17,fold_4,China devaluation and oil crash,-0.00300644151866436,-1,-0.01936884969472885,-1,0.01936884969472885,0.034653879796678666,,,,1,193.6884969472885,0.0009647086262702942,0.005450133234262466,-0.00300644151866436,-1.7786319863299034
2015-12-18,fold_4,China devaluation and oil crash,-0.0033045001327991486,-1,0.011046803556382656,1,-0.011046803556382656,0.02360707624029601,,,,0,-110.46803556382656,0.0008170716464519501,0.02428596094250679,-0.0033045001327991486,0.9426938408301507
2015-12-21,fold_4,China devaluation and oil crash,-0.003170860931277275,-1,0.006552181672304869,1,-0.006552181672304869,0.01705489456799114,,,,0,-65.52181672304869,-0.00031010061502456665,0.028845859691500664,-0.003170860931277275,0.5515120227529856
2015-12-22,fold_4,China devaluation and oil crash,-0.0030334284529089928,-1,0.007397900801151991,1,-0.007397900801151991,0.00965699376683915,,,,0,-73.97900801151991,-0.0027177780866622925,0.013241508975625038,-0.0030334284529089928,0.6189166429136861
2015-12-23,fold_4,China devaluation and oil crash,-0.004091750830411911,-1,-0.00017790279525797814,-1,0.00017790279525797814,0.009834896562097128,,,,1,1.7790279525797814,-0.002911332994699478,-0.006682647857815027,-0.004091750830411911,-0.014744975855360434
2015-12-24,fold_4,China devaluation and oil crash,-0.004501768387854099,-1,-0.0005330225685611367,-1,0.0005330225685611367,0.010367919130658265,,,,1,5.330225685611367,0.00048767775297164917,-0.027828186750411987,-0.004501768387854099,-0.04418367105827519
2015-12-28,fold_4,China devaluation and oil crash,-0.002987540327012539,-1,0.01560670230537653,1,-0.01560670230537653,-0.0052387831747182645,,,,0,-156.0670230537653,0.003987036645412445,-0.02903185784816742,-0.002987540327012539,1.2940542927429068
2015-12-29,fold_4,China devaluation and oil crash,-0.002367713488638401,-1,-0.00905216857790947,-1,0.00905216857790947,0.003813385403191205,,,,1,90.5216857790947,0.0038796886801719666,-0.05429093912243843,-0.002367713488638401,-0.7217363218677224
2015-12-30,fold_4,China devaluation and oil crash,-0.0029657846316695213,-1,-0.012526256032288074,-1,0.012526256032288074,0.01633964143547928,,,,1,125.26256032288074,0.0021999888122081757,-0.07705271244049072,-0.0029657846316695213,-1.0014434086057409
2015-12-31,fold_4,China devaluation and oil crash,-0.003628908656537533,-1,-0.021323442459106445,-1,0.021323442459106445,0.037663083894585725,,,,1,213.23442459106445,0.0029477737843990326,-0.07276111096143723,-0.003628908656537533,-1.6733253467462836
2016-01-04,fold_4,China devaluation and oil crash,-0.003000713884830475,-1,-0.0017366929678246379,-1,0.0017366929678246379,0.03939977686241036,,,,1,17.36692967824638,0.007379449903964996,-0.048365604132413864,-0.003000713884830475,-0.13299938311556678
2016-01-05,fold_4,China devaluation and oil crash,-0.0017694095149636269,-1,-0.009652378037571907,-1,0.009652378037571907,0.04905215489998227,,,,1,96.52378037571907,0.009904231876134872,-0.03509790077805519,-0.0017694095149636269,-0.804466051931289
2016-01-06,fold_4,China devaluation and oil crash,-0.0016055358573794365,-1,-0.03181394189596176,-1,0.03181394189596176,0.08086609679594403,,,,1,318.1394189596176,0.009491946548223495,-0.06054344400763512,-0.0016055358573794365,-2.618651198542985
2016-01-07,fold_4,China devaluation and oil crash,-0.0021961554884910583,-1,-0.008234658278524876,-1,0.008234658278524876,0.08910075507446891,,,,1,82.34658278524876,0.008499719202518463,-0.007657906971871853,-0.0021961554884910583,-0.5849109099819225
2016-01-08,fold_4,China devaluation and oil crash,-0.0025934381410479546,-1,0.0030720664653927088,1,-0.0030720664653927088,0.0860286886090762,,,,0,-30.720664653927088,0.00852026417851448,-0.030952053144574165,-0.0025934381410479546,0.22293194032832703
2016-01-11,fold_4,China devaluation and oil crash,-0.002563703805208206,-1,0.011531009338796139,1,-0.011531009338796139,0.07449767927028006,,,,0,-115.31009338796139,0.009028337895870209,-0.031844522804021835,-0.002563703805208206,0.8379769965657005
2016-01-12,fold_4,China devaluation and oil crash,-0.001806650310754776,-1,-0.03509791940450668,-1,0.03509791940450668,0.10959559867478674,,,,1,350.97919404506683,0.008827798068523407,-0.04644802585244179,-0.001806650310754776,-2.7007112948895324
2016-01-13,fold_4,China devaluation and oil crash,-0.001771087758243084,-1,0.021071596071124077,1,-0.021071596071124077,0.08852400260366267,,,,0,-210.71596071124077,0.0076349154114723206,-0.010357847437262535,-0.001771087758243084,1.396629864588817
2016-01-14,fold_4,China devaluation and oil crash,-0.002178369089961052,-1,-0.03152880445122719,-1,0.03152880445122719,0.12005280705488985,,,,1,315.2880445122719,0.005439180880784988,-0.0028869316447526217,-0.002178369089961052,-2.0021287642035857
2016-01-15,fold_4,China devaluation and oil crash,-0.0028589023277163506,-1,0.002179595874622464,1,-0.002179595874622464,0.11787321118026739,,,,0,-21.795958746224642,0.00550924614071846,0.013690323568880558,-0.0028589023277163506,0.12870273806938973
2016-01-19,fold_4,China devaluation and oil crash,-0.002763606607913971,-1,-0.0030724939424544573,-1,0.0030724939424544573,0.12094570512272185,,,,1,30.724939424544573,0.006857298314571381,0.020469823852181435,-0.002763606607913971,-0.1848506249669811
2016-01-20,fold_4,China devaluation and oil crash,-0.00215351115912199,-1,0.0009922586614266038,1,-0.0009922586614266038,0.11995344646129524,,,,0,-9.922586614266038,0.007261812686920166,-0.0016886454541236162,-0.00215351115912199,0.061776704168400025
2016-01-21,fold_4,China devaluation and oil crash,-0.001996925100684166,-1,0.02854251302778721,1,-0.02854251302778721,0.09141093343350803,,,,0,-285.4251302778721,0.0062037743628025055,0.011338510550558567,-0.001996925100684166,1.7982371089670433
2016-01-22,fold_4,China devaluation and oil crash,-0.001788971945643425,-1,-0.014951549470424652,-1,0.014951549470424652,0.10636248290393269,,,,1,149.51549470424652,0.0027429237961769104,0.0034633507020771503,-0.001788971945643425,-0.8771940457603843
2016-01-25,fold_4,China devaluation and oil crash,-0.0031808149069547653,-1,0.008959095925092697,1,-0.008959095925092697,0.09740338697883999,,,,0,-89.59095925092697,0.0020568519830703735,0.021100182086229324,-0.0031808149069547653,0.5181487944941808
2016-01-26,fold_4,China devaluation and oil crash,-0.003856002353131771,-1,-0.02523096278309822,-1,0.02523096278309822,0.12263434976193821,,,,1,252.3096278309822,0.003770720213651657,-0.00974215380847454,-0.003856002353131771,-1.4495383138895608
2016-01-27,fold_4,China devaluation and oil crash,-0.002680804580450058,-1,0.014019414782524109,1,-0.014019414782524109,0.1086149349794141,,,,0,-140.1941478252411,0.006108902394771576,0.01068068016320467,-0.002680804580450058,0.7662004856589724
2016-01-28,fold_4,China devaluation and oil crash,-0.0016996413469314575,-1,0.02066735178232193,1,-0.02066735178232193,0.08794758319709217,,,,0,-206.6735178232193,0.0061775147914886475,-0.003437303937971592,-0.0016996413469314575,1.1335163489035494
2016-01-29,fold_4,China devaluation and oil crash,-0.001973244361579418,-1,0.0026852828450500965,1,-0.0026852828450500965,0.08526230035204208,,,,0,-26.852828450500965,0.0034990571439266205,-0.059448905289173126,-0.001973244361579418,0.14359585346548528
2016-02-01,fold_4,China devaluation and oil crash,-0.0033384105190634727,-1,-0.021883239969611168,-1,0.021883239969611168,0.10714554032165324,,,,1,218.83239969611168,0.005014222115278244,-0.07753972709178925,-0.0033384105190634727,-1.182937129687806
2016-02-02,fold_4,China devaluation and oil crash,-0.003233562223613262,-1,-0.004808129742741585,-1,0.004808129742741585,0.11195367006439483,,,,1,48.08129742741585,0.009421829134225845,-0.05876627564430237,-0.003233562223613262,-0.25945388234654193
2016-02-03,fold_4,China devaluation and oil crash,-0.0015525761991739273,-1,-9.856902761384845e-05,-1,9.856902761384845e-05,0.11205223909200868,,,,1,0.9856902761384845,0.012050505727529526,-0.05012403801083565,-0.0015525761991739273,-0.005311166214399696
2016-02-04,fold_4,China devaluation and oil crash,-0.0012355120852589607,-1,-0.03534424677491188,-1,0.03534424677491188,0.14739648586692056,,,,1,353.4424677491188,0.010031405836343765,-0.05147428438067436,-0.0012355120852589607,-1.9174533501424986
2016-02-05,fold_4,China devaluation and oil crash,-0.0016497140750288963,-1,-0.015405537560582161,-1,0.015405537560582161,0.16280202342750272,,,,1,154.0553756058216,0.00699186697602272,-0.0010195453651249409,-0.0016497140750288963,-0.8215536769418437
2016-02-08,fold_4,China devaluation and oil crash,-0.0028468575328588486,-1,-0.0031097931787371635,-1,0.0031097931787371635,0.16591181660623988,,,,1,31.097931787371635,0.007055215537548065,0.03668167442083359,-0.0028468575328588486,-0.16387711720760295
2016-02-09,fold_4,China devaluation and oil crash,-0.0028062257915735245,-1,0.0038341099862009287,1,-0.0038341099862009287,0.16207770662003895,,,,0,-38.34109986200929,0.008747410029172897,0.06218694522976875,-0.0028062257915735245,0.2020432474718451
2016-02-10,fold_4,China devaluation and oil crash,-0.001528424210846424,-1,-0.0014488183660432696,-1,0.0014488183660432696,0.16352652498608222,,,,1,14.488183660432696,0.009118001908063889,0.04687260091304779,-0.001528424210846424,-0.07698195258095755
2016-02-11,fold_4,China devaluation and oil crash,-0.0017007309943437576,-1,0.015110493637621403,1,-0.015110493637621403,0.14841603134846082,,,,0,-151.10493637621403,0.006423082202672958,0.05127744376659393,-0.0017007309943437576,0.8831972019828036
2016-02-12,fold_4,China devaluation and oil crash,-0.0030682235956192017,-1,0.02229568362236023,1,-0.02229568362236023,0.1261203477261006,,,,0,-222.9568362236023,0.0031740106642246246,0.052272047847509384,-0.0030682235956192017,1.3278565186649587
2016-02-16,fold_4,China devaluation and oil crash,-0.0037359921261668205,-1,0.022395476698875427,1,-0.022395476698875427,0.10372487102722516,,,,0,-223.95476698875427,0.0025123879313468933,0.013379471376538277,-0.0037359921261668205,1.3967733286032078
2016-02-17,fold_4,China devaluation and oil crash,-0.0032421480864286423,-1,-0.011480232700705528,-1,0.011480232700705528,0.11520510372793069,,,,1,114.80232700705528,0.0032233186066150665,0.0004877016763202846,-0.0032421480864286423,-0.6837341414653121
2016-02-18,fold_4,China devaluation and oil crash,-0.0023242533206939697,-1,0.0029560215771198273,1,-0.0029560215771198273,0.11224908215081086,,,,0,-29.560215771198273,0.0024670064449310303,0.02176855504512787,-0.0023242533206939697,0.17417363544250247
2016-02-19,fold_4,China devaluation and oil crash,-0.0024502845481038094,-1,0.016105100512504578,1,-0.016105100512504578,0.09614398163830629,,,,0,-161.05100512504578,0.000726655125617981,0.017556218430399895,-0.0024502845481038094,0.9483009542696542
2016-02-22,fold_4,China devaluation and oil crash,-0.0030198711901903152,-1,-0.016596894711256027,-1,0.016596894711256027,0.11274087634956231,,,,1,165.96894711256027,-0.0026173293590545654,-0.007580889854580164,-0.0030198711901903152,-1.027989766492414
2016-02-23,fold_4,China devaluation and oil crash,-0.003862207755446434,-1,0.00950370728969574,1,-0.00950370728969574,0.10323716905986657,,,,0,-95.0370728969574,-0.0021529421210289,0.040609244257211685,-0.003862207755446434,0.5857381864444753
2016-02-24,fold_4,China devaluation and oil crash,-0.003919515758752823,-1,0.009800620377063751,1,-0.009800620377063751,0.09343654868280282,,,,0,-98.00620377063751,1.2665987014770508e-06,0.031483400613069534,-0.003919515758752823,0.603461779103473
2016-02-25,fold_4,China devaluation and oil crash,-0.002756095491349697,-1,-0.001256314804777503,-1,0.001256314804777503,0.09469286348758033,,,,1,12.56314804777503,0.0010272562503814697,0.019791029393672943,-0.002756095491349697,-0.08165264511119744
2016-02-26,fold_4,China devaluation and oil crash,-0.003046557307243347,-1,-0.009032007306814194,-1,0.009032007306814194,0.10372487079439452,,,,1,90.32007306814194,-0.00021401792764663696,0.021426400169730186,-0.003046557307243347,-0.599497246806656
2016-02-29,fold_4,China devaluation and oil crash,-0.0032156649976968765,-1,0.031593240797519684,1,-0.031593240797519684,0.07213162999687484,,,,0,-315.93240797519684,-0.001497957855463028,0.02428814396262169,-0.0032156649976968765,2.1816719207427404
2016-03-01,fold_4,China devaluation and oil crash,-0.0036528073251247406,-1,0.00037786204484291375,1,-0.00037786204484291375,0.07175376795203192,,,,0,-3.7786204484291375,-0.0016634352505207062,-0.015623753890395164,-0.0036528073251247406,0.023467816817346564
2016-03-02,fold_4,China devaluation and oil crash,-0.0040414463728666306,-1,-0.0018917503766715527,-1,0.0018917503766715527,0.07364551832870347,,,,1,18.917503766715527,-0.0014197081327438354,-0.009589391760528088,-0.0040414463728666306,-0.12332163128581751
2016-03-03,fold_4,China devaluation and oil crash,-0.003370676189661026,-1,0.000379056204110384,1,-0.000379056204110384,0.07326646212459309,,,,0,-3.79056204110384,0.001008588820695877,-0.009225158020853996,-0.003370676189661026,0.024761813468867088
2016-03-04,fold_4,China devaluation and oil crash,-0.0025771791115403175,-1,-0.006170264445245266,-1,0.006170264445245266,0.07943672656983836,,,,1,61.70264445245266,0.0024968385696411133,0.0077295913361012936,-0.0025771791115403175,-0.40306623955910803
2016-03-07,fold_4,China devaluation and oil crash,-0.002308029681444168,-1,-0.00831865705549717,-1,0.00831865705549717,0.08775538362533553,,,,1,83.1865705549717,0.0015104152262210846,0.01558910682797432,-0.002308029681444168,-0.6310215495998357
2016-03-08,fold_4,China devaluation and oil crash,-0.00307668000459671,-1,0.0064122239127755165,1,-0.0064122239127755165,0.08134315971256001,,,,0,-64.12223912775517,0.0009165555238723755,0.023532414808869362,-0.00307668000459671,0.49861595348445165
2016-03-09,fold_4,China devaluation and oil crash,-0.002985655330121517,-1,-0.0015275164041668177,-1,0.0015275164041668177,0.08287067611672683,,,,1,15.275164041668177,0.0015097707509994507,0.025990260764956474,-0.002985655330121517,-0.11821938015982
2016-03-10,fold_4,China devaluation and oil crash,-0.0026273364201188087,-1,0.017333805561065674,1,-0.017333805561065674,0.06553687055566115,,,,0,-173.33805561065674,0.0022845789790153503,0.026959849521517754,-0.0026273364201188087,1.3440099143160127
2016-03-11,fold_4,China devaluation and oil crash,-0.0028430214151740074,-1,0.001689250930212438,1,-0.001689250930212438,0.06384761962544871,,,,0,-16.89250930212438,0.0007326975464820862,0.011191518045961857,-0.0028430214151740074,0.12547344482987752
2016-03-14,fold_4,China devaluation and oil crash,-0.003272315487265587,-1,-0.0003753479686565697,-1,0.0003753479686565697,0.06422296759410528,,,,1,3.753479686565697,-0.0013843700289726257,0.01340685784816742,-0.003272315487265587,-0.028789643508014145
2016-03-15,fold_4,China devaluation and oil crash,-0.003898417577147484,-1,0.008870068937540054,1,-0.008870068937540054,0.05535289865656523,,,,0,-88.70068937540054,-0.001388203352689743,0.016838986426591873,-0.003898417577147484,0.7362859028048112
2016-03-16,fold_4,China devaluation and oil crash,-0.0032609589397907257,-1,-0.0005579286371357739,-1,0.0005579286371357739,0.055910827293701004,,,,1,5.579286371357739,-0.0016573481261730194,-0.00029687152709811926,-0.0032609589397907257,-0.050106030756215725
2016-03-17,fold_4,China devaluation and oil crash,-0.003233775496482849,-1,0.0015654738526791334,1,-0.0015654738526791334,0.05434535344102187,,,,0,-15.654738526791334,-0.002714976668357849,0.000540980021469295,-0.003233775496482849,0.14447327970051663
2016-03-18,fold_4,China devaluation and oil crash,-0.003891407512128353,-1,0.0039045915473252535,1,-0.0039045915473252535,0.05044076189369662,,,,0,-39.045915473252535,-0.003830544650554657,-0.0024239751510322094,-0.003891407512128353,0.36082740226055715
2016-03-21,fold_4,China devaluation and oil crash,-0.0033701471984386444,-1,0.003056779270991683,1,-0.003056779270991683,0.047383982622704934,,,,0,-30.56779270991683,-0.003371313214302063,0.009602147154510021,-0.0033701471984386444,0.2984641932522144
2016-03-22,fold_4,China devaluation and oil crash,-0.0033959755674004555,-1,-0.008265787735581398,-1,0.008265787735581398,0.05564977035828633,,,,1,82.65787735581398,-0.001601293683052063,0.011403592303395271,-0.0033959755674004555,-0.8637103386924586
2016-03-23,fold_4,China devaluation and oil crash,-0.0030118655413389206,-1,0.0002799229114316404,1,-0.0002799229114316404,0.05536984744685469,,,,0,-2.799229114316404,-0.0012428387999534607,0.01820463314652443,-0.0030118655413389206,0.029426987994186592
2016-03-24,fold_4,China devaluation and oil crash,-0.0027000997215509415,-1,-0.001399481319822371,-1,0.001399481319822371,0.05676932876667706,,,,1,13.99481319822371,-0.0012640804052352905,0.028491921722888947,-0.0027000997215509415,-0.1511843418165445
2016-03-28,fold_4,China devaluation and oil crash,-0.0033223051577806473,-1,0.015930714085698128,1,-0.015930714085698128,0.040838614680978935,,,,0,-159.30714085698128,-0.001849628984928131,0.02607828378677368,-0.0033223051577806473,1.720785580467
2016-03-29,fold_4,China devaluation and oil crash,-0.003229808062314987,-1,0.004858225118368864,1,-0.004858225118368864,0.03598038956261007,,,,0,-48.58225118368864,-0.0030415989458560944,0.0004590361495502293,-0.003229808062314987,0.5002431355891801
2016-03-30,fold_4,China devaluation and oil crash,-0.0035440195351839066,-1,-0.0014647470088675618,-1,0.0014647470088675618,0.03744513657147763,,,,1,14.647470088675618,-0.003765162080526352,0.011907192878425121,-0.0035440195351839066,-0.2169314072734547
2016-03-31,fold_4,China devaluation and oil crash,-0.003694995306432247,-1,0.010567210614681244,1,-0.010567210614681244,0.02687792595679639,,,,0,-105.67210614681244,-0.005161043256521225,-0.0010990502778440714,-0.003694995306432247,1.5633052445202813
2016-04-01,fold_4,China devaluation and oil crash,-0.0035747671499848366,-1,-0.003813117742538452,-1,0.003813117742538452,0.03069104369933484,,,,1,38.13117742538452,-0.005904916673898697,-0.012399908155202866,-0.0035747671499848366,-0.5334434279302764
2016-04-04,fold_4,China devaluation and oil crash,-0.0038303090259432793,-1,-0.009688534773886204,-1,0.009688534773886204,0.040379578473221045,,,,1,96.88534773886204,-0.006065215915441513,-0.012263499200344086,-0.0038303090259432793,-1.3459487874714837
2016-04-05,fold_4,China devaluation and oil crash,-0.00311211496591568,-1,0.016306381672620773,1,-0.016306381672620773,0.02407319680060027,,,,0,-163.06381672620773,-0.005920387804508209,0.005769746843725443,-0.00311211496591568,2.206686146330935
2016-04-06,fold_4,China devaluation and oil crash,-0.0035919109359383583,-1,-0.014470990747213364,-1,0.014470990747213364,0.038544187547813635,,,,1,144.70990747213364,-0.00517706573009491,0.0021664733067154884,-0.0035919109359383583,-1.8026860920018872
2016-04-07,fold_4,China devaluation and oil crash,-0.004147646948695183,-1,-0.0007336472626775503,-1,0.0007336472626775503,0.039277834810491186,,,,1,7.336472626775503,-0.003421403467655182,0.016727684065699577,-0.004147646948695183,-0.0859524674195636
2016-04-08,fold_4,China devaluation and oil crash,-0.003296131268143654,-1,-0.0036767087876796722,-1,0.0036767087876796722,0.04295454359817086,,,,1,36.76708787679672,-0.00041960179805755615,0.014934007078409195,-0.003296131268143654,-0.4310205214851261
2016-04-11,fold_4,China devaluation and oil crash,-0.002822626382112503,-1,0.008344711735844612,1,-0.008344711735844612,0.034609831862326246,,,,0,-83.44711735844612,0.0006020329892635345,0.023929070681333542,-0.002822626382112503,1.0917883100498842
2016-04-12,fold_4,China devaluation and oil crash,-0.0029679089784622192,-1,0.012703108601272106,1,-0.012703108601272106,0.02190672326105414,,,,0,-127.03108601272106,-0.00017903000116348267,0.009451969526708126,-0.0029679089784622192,1.6164684369758442
2016-04-13,fold_4,China devaluation and oil crash,-0.003375512547791004,-1,9.022023732541129e-05,1,-9.022023732541129e-05,0.02181650302372873,,,,0,-0.9022023732541129,-0.0013677962124347687,-0.002437104005366564,-0.003375512547791004,0.010797402454357615
2016-04-14,fold_4,China devaluation and oil crash,-0.0037287408486008644,-1,-0.0025273242499679327,-1,0.0025273242499679327,0.02434382727369666,,,,1,25.273242499679327,-0.0019109956920146942,-0.002437179908156395,-0.0037287408486008644,-0.3113639257109552
2016-04-15,fold_4,China devaluation and oil crash,-0.0034882379695773125,-1,0.005318354815244675,1,-0.005318354815244675,0.019025472458451986,,,,0,-53.18354815244675,-0.002354547381401062,-0.01511763408780098,-0.0034882379695773125,0.6537108107086823
2016-04-18,fold_4,China devaluation and oil crash,-0.0034057674929499626,-1,-0.006132390350103378,-1,0.006132390350103378,0.025157862808555365,,,,1,61.32390350103378,-0.0028843358159065247,-0.020435988903045654,-0.0034057674929499626,-0.746519575063396
2016-04-19,fold_4,China devaluation and oil crash,-0.00354754738509655,-1,0.0008140353602357209,1,-0.0008140353602357209,0.024343827448319644,,,,0,-8.140353602357209,-0.0034510865807533264,-0.019178731366991997,-0.00354754738509655,0.09828481736239875
2016-04-20,fold_4,China devaluation and oil crash,-0.003550322726368904,-1,9.014434181153774e-05,1,-9.014434181153774e-05,0.024253683106508106,,,,0,-0.9014434181153774,-0.0035848505795001984,-0.028047095984220505,-0.003550322726368904,0.01091842629886139
2016-04-21,fold_4,China devaluation and oil crash,-0.003474561497569084,-1,-0.015207778662443161,-1,0.015207778662443161,0.03946146176895127,,,,1,152.0777866244316,-0.0010555833578109741,-0.04029499739408493,-0.003474561497569084,-1.889952292367294
2016-04-22,fold_4,China devaluation and oil crash,-0.0032877614721655846,-1,0.0,0,-0.0,0.03946146176895127,,,,0,-0.0,0.002181507647037506,-0.0303702000528574,-0.0032877614721655846,0.0
2016-04-25,fold_4,China devaluation and oil crash,-0.0025426913052797318,-1,-0.0048751323483884335,-1,0.0048751323483884335,0.0443365941173397,,,,1,48.751323483884335,0.005844634026288986,-0.020955650135874748,-0.0025426913052797318,-0.5584431452323555
2016-04-26,fold_4,China devaluation and oil crash,-0.002363355830311775,-1,-0.008054329082369804,-1,0.008054329082369804,0.052390923199709505,,,,1,80.54329082369804,0.006600014865398407,-0.025400573387742043,-0.002363355830311775,-1.0012567341013854
2016-04-27,fold_4,China devaluation and oil crash,-0.0022399555891752243,-1,-0.012157757766544819,-1,0.012157757766544819,0.06454868096625432,,,,1,121.57757766544819,0.005064748227596283,-0.023798203095793724,-0.0022399555891752243,-1.4878294773292926
2016-04-28,fold_4,China devaluation and oil crash,-0.0021856045350432396,-1,-0.005282980855554342,-1,0.005282980855554342,0.06983166182180867,,,,1,52.82980855554342,0.0028133317828178406,-0.011926179751753807,-0.0021856045350432396,-0.6139008000621646
2018-10-24,fold_5,2018 Vol-mageddon + Q4 sell-off,-0.0032312236726284027,-1,0.03401026502251625,1,-0.03401026502251625,-0.03401026502251625,,,,0,-340.1026502251625,0.0028745047748088837,0.026734814047813416,-0.0032312236726284027,1.77468860016443
2018-10-25,fold_5,2018 Vol-mageddon + Q4 sell-off,-0.0027837082743644714,-1,-0.026058673858642578,-1,0.026058673858642578,-0.007951591163873672,,,,1,260.5867385864258,0.0065604932606220245,0.00582903204485774,-0.0027837082743644714,-1.2692032756157483
2018-10-26,fold_5,2018 Vol-mageddon + Q4 sell-off,-0.0022056512534618378,-1,-0.02079581841826439,-1,0.02079581841826439,0.012844227254390717,,,,1,207.9581841826439,0.00849955528974533,0.016188867390155792,-0.0022056512534618378,-0.9743944970941217
2018-10-29,fold_5,2018 Vol-mageddon + Q4 sell-off,-0.002079690806567669,-1,0.01634574495255947,1,-0.01634574495255947,-0.0035015176981687546,,,,0,-163.4574495255947,0.00844801589846611,0.03450203314423561,-0.002079690806567669,0.7484921883353494
2018-10-30,fold_5,2018 Vol-mageddon + Q4 sell-off,-0.0017781183123588562,-1,0.02323329448699951,1,-0.02323329448699951,-0.026734812185168266,,,,0,-232.33294486999512,0.006767347455024719,0.025703391060233116,-0.0017781183123588562,1.0495600485665344
2018-10-31,fold_5,2018 Vol-mageddon + Q4 sell-off,-0.0021584974601864815,-1,0.013104485347867012,1,-0.013104485347867012,-0.03983929753303528,,,,0,-131.04485347867012,0.0057775527238845825,0.03335581719875336,-0.0021584974601864815,0.5763659324773915
2018-11-01,fold_5,2018 Vol-mageddon + Q4 sell-off,-0.002283342182636261,-1,-0.015698837116360664,-1,0.015698837116360664,-0.024140460416674614,,,,1,156.98837116360664,0.005085021257400513,0.013852041214704514,-0.002283342182636261,-0.6973882163455799
2018-11-02,fold_5,2018 Vol-mageddon + Q4 sell-off,-0.0019624559208750725,-1,-0.002482652897015214,-1,0.002482652897015214,-0.0216578075196594,,,,1,24.82652897015214,0.0059759169816970825,0.012555296532809734,-0.0019624559208750725,-0.10977283931015479
2018-11-05,fold_5,2018 Vol-mageddon + Q4 sell-off,-0.0022465232759714127,-1,0.007547101005911827,1,-0.007547101005911827,-0.029204908525571227,,,,0,-75.47101005911827,0.006016433238983154,-0.01568807289004326,-0.0022465232759714127,0.33421468347266076
2018-11-06,fold_5,2018 Vol-mageddon + Q4 sell-off,-0.0020762495696544647,-1,0.0308857224881649,1,-0.0308857224881649,-0.06009063101373613,,,,0,-308.857224881649,0.005285847932100296,-0.022393720224499702,-0.0020762495696544647,1.3646313407784774
2018-11-07,fold_5,2018 Vol-mageddon + Q4 sell-off,-0.0025780368596315384,-1,-0.006399292498826981,-1,0.006399292498826981,-0.05369133851490915,,,,1,63.992924988269806,0.005373254418373108,-0.0609380342066288,-0.0025780368596315384,-0.2987561094118364
2018-11-08,fold_5,2018 Vol-mageddon + Q4 sell-off,-0.0033799316734075546,-1,-0.01699558086693287,-1,0.01699558086693287,-0.03669575764797628,,,,1,169.9558086693287,0.004976153373718262,-0.03719615936279297,-0.0033799316734075546,-0.7984634592381895
2018-11-09,fold_5,2018 Vol-mageddon + Q4 sell-off,-0.003133906051516533,-1,-0.030726023018360138,-1,0.030726023018360138,-0.005969734629616141,,,,1,307.2602301836014,0.0058259740471839905,-0.023716740310192108,-0.003133906051516533,-1.4820286766987243
2018-11-12,fold_5,2018 Vol-mageddon + Q4 sell-off,-0.0027247145771980286,-1,0.000841454544570297,1,-0.000841454544570297,-0.006811189174186438,,,,0,-8.41454544570297,0.006416410207748413,-0.026007166132330894,-0.0027247145771980286,0.03882904903812807
2018-11-13,fold_5,2018 Vol-mageddon + Q4 sell-off,-0.0023275138810276985,-1,-0.007658591028302908,-1,0.007658591028302908,0.0008474018541164696,,,,1,76.58591028302908,0.00537293404340744,-0.044905394315719604,-0.0023275138810276985,-0.3699598816985418
2018-11-14,fold_5,2018 Vol-mageddon + Q4 sell-off,-0.0029191523790359497,-1,0.01734258234500885,1,-0.01734258234500885,-0.01649518049089238,,,,0,-173.4258234500885,0.0044378191232681274,-0.029672911390662193,-0.0029191523790359497,0.8349153533134935
2018-11-15,fold_5,2018 Vol-mageddon + Q4 sell-off,-0.0034331008791923523,-1,-0.0035161625128239393,-1,0.0035161625128239393,-0.012979017978068441,,,,1,35.16162512823939,0.0038000382483005524,-0.05427509918808937,-0.0034331008791923523,-0.17177737056518852
2018-11-16,fold_5,2018 Vol-mageddon + Q4 sell-off,-0.0029526539146900177,-1,-0.033016450703144073,-1,0.033016450703144073,0.020037432725075632,,,,1,330.16450703144073,0.004255156964063644,-0.027908116579055786,-0.0029526539146900177,-1.611867493491997
2018-11-19,fold_5,2018 Vol-mageddon + Q4 sell-off,-0.002999207004904747,-1,-0.018056772649288177,-1,0.018056772649288177,0.03809420537436381,,,,1,180.56772649288177,0.005676712840795517,0.008479170501232147,-0.002999207004904747,-0.8304656952937203
2018-11-20,fold_5,2018 Vol-mageddon + Q4 sell-off,-0.001874443143606186,-1,0.007573891896754503,1,-0.007573891896754503,0.030520313477609307,,,,0,-75.73891896754503,0.005884561687707901,0.058211855590343475,-0.001874443143606186,0.342721089958986
2018-11-21,fold_5,2018 Vol-mageddon + Q4 sell-off,-0.0018371334299445152,-1,-0.007259607780724764,-1,0.007259607780724764,0.03777992125833407,,,,1,72.59607780724764,0.0038004331290721893,0.047372590750455856,-0.0018371334299445152,-0.37166995530783903
2018-11-23,fold_5,2018 Vol-mageddon + Q4 sell-off,-0.0027789659798145294,-1,0.022850820794701576,1,-0.022850820794701576,0.014929100463632494,,,,0,-228.50820794701576,0.0011706724762916565,0.06186139956116676,-0.0027789659798145294,1.2649789142725905
2018-11-26,fold_5,2018 Vol-mageddon + Q4 sell-off,-0.0031618401408195496,-1,0.0033708387054502964,1,-0.0033708387054502964,0.011558261758182198,,,,0,-33.708387054502964,3.822147846221924e-06,0.05633609741926193,-0.0031618401408195496,0.1888876302400691
2018-11-27,fold_5,2018 Vol-mageddon + Q4 sell-off,-0.0035191308706998825,-1,0.03167591243982315,1,-0.03167591243982315,-0.020117650681640953,,,,0,-316.7591243982315,0.0007183440029621124,0.013853813521564007,-0.0035191308706998825,1.8367398910174983
2018-11-28,fold_5,2018 Vol-mageddon + Q4 sell-off,-0.002876007929444313,-1,-0.0032653752714395523,-1,0.0032653752714395523,-0.0168522754102014,,,,1,32.65375271439552,-0.0008250772953033447,-0.01078720297664404,-0.002876007929444313,-0.17861348239722183
2018-11-29,fold_5,2018 Vol-mageddon + Q4 sell-off,-0.0029055047780275345,-1,0.007229202892631292,1,-0.007229202892631292,-0.024081478302832693,,,,0,-72.29202892631292,-0.001497950404882431,-0.04109470173716545,-0.0029055047780275345,0.4120773526837548
2018-11-30,fold_5,2018 Vol-mageddon + Q4 sell-off,-0.003881756216287613,-1,0.017325518652796745,1,-0.017325518652796745,-0.04140699695562944,,,,0,-173.25518652796745,-0.0024488791823387146,-0.037905894219875336,-0.003881756216287613,0.997310767714053
2018-12-03,fold_5,2018 Vol-mageddon + Q4 sell-off,-0.003887406550347805,-1,-0.03911144658923149,-1,0.03911144658923149,-0.002295550366397947,,,,1,391.1144658923149,-0.002862635999917984,-0.05192564055323601,-0.003887406550347805,-2.241424192443102
2018-12-04,fold_5,2018 Vol-mageddon + Q4 sell-off,-0.004191851243376732,-1,0.007034897338598967,1,-0.007034897338598967,-0.009330447704996914,,,,0,-70.34897338598967,-0.00028463825583457947,-0.004051308147609234,-0.004191851243376732,0.3605707093956329
2018-12-06,fold_5,2018 Vol-mageddon + Q4 sell-off,-0.002874010242521763,-1,-0.03357287496328354,-1,0.03357287496328354,0.024242427258286625,,,,1,335.7287496328354,0.0011607520282268524,-0.010783231817185879,-0.002874010242521763,-1.7216083160429345
2018-12-07,fold_5,2018 Vol-mageddon + Q4 sell-off,-0.0019952356815338135,-1,0.01041800994426012,1,-0.01041800994426012,0.013824417314026505,,,,0,-104.1800994426012,0.00361580029129982,-0.0018603972857818007,-0.0019952356815338135,0.5282515780582366
2018-12-10,fold_5,2018 Vol-mageddon + Q4 sell-off,-0.0028344159945845604,-1,0.003305772552266717,1,-0.003305772552266717,0.010518644761759788,,,,0,-33.05772552266717,0.004569489508867264,-0.03519889712333679,-0.0028344159945845604,0.16689777918986154
2018-12-11,fold_5,2018 Vol-mageddon + Q4 sell-off,-0.002843087539076805,-1,0.008762886747717857,1,-0.008762886747717857,0.0017557580140419304,,,,0,-87.62886747717857,0.006495080888271332,-0.032235823571681976,-0.002843087539076805,0.45045938463094426
2018-12-12,fold_5,2018 Vol-mageddon + Q4 sell-off,-0.00305338017642498,-1,0.0003029732615686953,1,-0.0003029732615686953,0.0014527847524732351,,,,0,-3.029732615686953,0.008569709956645966,-0.06586034595966339,-0.00305338017642498,0.016551644777471525
2018-12-13,fold_5,2018 Vol-mageddon + Q4 sell-off,-0.0020944075658917427,-1,-0.02465003915131092,-1,0.02465003915131092,0.026102823903784156,,,,1,246.5003915131092,0.0074575841426849365,-0.08076487481594086,-0.0020944075658917427,-1.3467111284400528
2018-12-14,fold_5,2018 Vol-mageddon + Q4 sell-off,-0.0020410697907209396,-1,-0.02292048931121826,-1,0.02292048931121826,0.04902331321500242,,,,1,229.20489311218262,0.0075162723660469055,-0.08759868144989014,-0.0020410697907209396,-1.2038753790062104
2018-12-17,fold_5,2018 Vol-mageddon + Q4 sell-off,-0.002642642706632614,-1,0.006268845871090889,1,-0.006268845871090889,0.04275446734391153,,,,0,-62.68845871090889,0.005836207419633865,-0.08978883922100067,-0.002642642706632614,0.3242801571004377
2018-12-18,fold_5,2018 Vol-mageddon + Q4 sell-off,-0.0025095008313655853,-1,-0.024861635640263557,-1,0.024861635640263557,0.06761610298417509,,,,1,248.61635640263557,0.004050683230161667,-0.035490769892930984,-0.0025095008313655853,-1.283752666124262
2018-12-19,fold_5,2018 Vol-mageddon + Q4 sell-off,-0.0030746962875127792,-1,-0.014601556584239006,-1,0.014601556584239006,0.08221765956841409,,,,1,146.01556584239006,0.003982745110988617,-0.006766404490917921,-0.0030746962875127792,-0.7788662930931695
2018-12-20,fold_5,2018 Vol-mageddon + Q4 sell-off,-0.0026917848736047745,-1,-0.03148384019732475,-1,0.03148384019732475,0.11370149976573884,,,,1,314.8384019732475,0.003989074379205704,0.007312349509447813,-0.0026917848736047745,-1.6930339809025827
2018-12-21,fold_5,2018 Vol-mageddon + Q4 sell-off,-0.0021535679697990417,-1,-0.025110647082328796,-1,0.025110647082328796,0.13881214684806764,,,,1,251.10647082328796,0.006938546895980835,0.047193724662065506,-0.0021535679697990417,-1.2674572673187545
2018-12-24,fold_5,2018 Vol-mageddon + Q4 sell-off,-0.0027831876650452614,-1,0.06056690961122513,1,-0.06056690961122513,0.07824523723684251,,,,0,-605.6690961122513,0.009257301688194275,0.07631570100784302,-0.0027831876650452614,2.950446690963408
2018-12-26,fold_5,2018 Vol-mageddon + Q4 sell-off,-0.001812174916267395,-1,0.0038627306930720806,1,-0.0038627306930720806,0.07438250654377043,,,,0,-38.627306930720806,0.00833715870976448,-0.017467688769102097,-0.001812174916267395,0.1605697928539248
2018-12-27,fold_5,2018 Vol-mageddon + Q4 sell-off,-0.002487863413989544,-1,-0.0005228033987805247,-1,0.0005228033987805247,0.07490530994255096,,,,1,5.228033987805247,0.007719002664089203,0.020564427599310875,-0.002487863413989544,-0.021729065604608522
2018-12-28,fold_5,2018 Vol-mageddon + Q4 sell-off,-0.0022473931312561035,-1,0.008397532626986504,1,-0.008397532626986504,0.06650777731556445,,,,0,-83.97532626986504,0.0050161369144916534,0.03292231634259224,-0.0022473931312561035,0.36520208009465255
2018-12-31,fold_5,2018 Vol-mageddon + Q4 sell-off,-0.0016606878489255905,-1,0.00401133019477129,1,-0.00401133019477129,0.062496447120793164,,,,0,-40.1133019477129,0.00441824272274971,0.03352988138794899,-0.0016606878489255905,0.17395794166586181
2019-01-02,fold_5,2018 Vol-mageddon + Q4 sell-off,-0.002351168543100357,-1,-0.033216480165719986,-1,0.033216480165719986,0.09571292728651315,,,,1,332.16480165719986,0.0023739151656627655,0.03763500228524208,-0.002351168543100357,-1.4429433525971453
2019-01-03,fold_5,2018 Vol-mageddon + Q4 sell-off,-0.0020893802866339684,-1,0.04189484566450119,1,-0.04189484566450119,0.05381808162201196,,,,0,-418.9484566450119,0.00013728067278862,0.07370780408382416,-0.0020893802866339684,1.7546651131761455
2019-01-04,fold_5,2018 Vol-mageddon + Q4 sell-off,-0.0029736245051026344,-1,0.011835084296762943,1,-0.011835084296762943,0.041982997325249016,,,,0,-118.35084296762943,-0.0004647001624107361,0.028147896751761436,-0.0029736245051026344,0.4908543546392967
2019-01-07,fold_5,2018 Vol-mageddon + Q4 sell-off,-0.002793833613395691,-1,0.009005100466310978,1,-0.009005100466310978,0.03297789685893804,,,,0,-90.05100466310978,-0.00013239309191703796,0.0074369218200445175,-0.002793833613395691,0.37203579793221414
2019-01-08,fold_5,2018 Vol-mageddon + Q4 sell-off,-0.002271348610520363,-1,0.008116450160741806,1,-0.008116450160741806,0.024861446698196232,,,,0,-81.16450160741806,0.0017610043287277222,0.01776972971856594,-0.002271348610520363,0.3513725713332447
2019-01-09,fold_5,2018 Vol-mageddon + Q4 sell-off,-0.003275475464761257,-1,0.0028563211672008038,1,-0.0028563211672008038,0.02200512553099543,,,,0,-28.563211672008038,0.0035301558673381805,0.009468733333051205,-0.003275475464761257,0.12390206631015782
2019-01-10,fold_5,2018 Vol-mageddon + Q4 sell-off,-0.00319531187415123,-1,-0.0036650579422712326,-1,0.0036650579422712326,0.02567018347326666,,,,1,36.650579422712326,0.005211204290390015,0.014465805143117905,-0.00319531187415123,-0.15900432044947757
2019-01-11,fold_5,2018 Vol-mageddon + Q4 sell-off,-0.0032641859725117683,-1,-0.00887589156627655,-1,0.00887589156627655,0.03454607503954321,,,,1,88.7589156627655,0.007449060678482056,0.027982445433735847,-0.0032641859725117683,-0.3862234557550303
2019-01-14,fold_5,2018 Vol-mageddon + Q4 sell-off,-0.0022998591884970665,-1,0.019337907433509827,1,-0.019337907433509827,0.015208167606033385,,,,0,-193.37907433509827,0.008591346442699432,0.016624685376882553,-0.0022998591884970665,0.8383482210297947
2019-01-15,fold_5,2018 Vol-mageddon + Q4 sell-off,-0.0018909303471446037,-1,-0.0001845464576035738,-1,0.0001845464576035738,0.015392714063636959,,,,1,1.845464576035738,0.007890049368143082,-0.0014171712100505829,-0.0018909303471446037,-0.00808987921917732
2019-01-16,fold_5,2018 Vol-mageddon + Q4 sell-off,-0.002270909957587719,-1,0.007853393442928791,1,-0.007853393442928791,0.0075393206207081676,,,,0,-78.53393442928791,0.0055704303085803986,0.0052218688651919365,-0.002270909957587719,0.35329712750900966
2019-01-17,fold_5,2018 Vol-mageddon + Q4 sell-off,-0.002682698890566826,-1,0.009851583279669285,1,-0.009851583279669285,-0.0023122626589611173,,,,0,-98.51583279669285,0.004322294145822525,0.009246372617781162,-0.002682698890566826,0.4426878625243031
2019-01-18,fold_5,2018 Vol-mageddon + Q4 sell-off,-0.00319844763725996,-1,-0.020233651623129845,-1,0.020233651623129845,0.017921388964168727,,,,1,202.33651623129845,0.004737149924039841,-0.013034457340836525,-0.00319844763725996,-0.9341151823620253
2019-01-22,fold_5,2018 Vol-mageddon + Q4 sell-off,-0.002848227508366108,-1,0.0012960510794073343,1,-0.0012960510794073343,0.016625337884761393,,,,0,-12.960510794073343,0.00551290437579155,-0.002287453506141901,-0.002848227508366108,0.05921816890991798
2019-01-23,fold_5,2018 Vol-mageddon + Q4 sell-off,-0.002358715981245041,-1,0.006454493384808302,1,-0.006454493384808302,0.010170844499953091,,,,0,-64.54493384808302,0.004362758249044418,0.0215363297611475,-0.002358715981245041,0.31143682154349095
2019-01-24,fold_5,2018 Vol-mageddon + Q4 sell-off,-0.0030672242864966393,-1,0.011877898126840591,1,-0.011877898126840591,-0.0017070536268875003,,,,0,-118.77898126840591,0.0024130791425704956,0.02993958815932274,-0.0030672242864966393,0.5938378744339285
2019-01-25,fold_5,2018 Vol-mageddon + Q4 sell-off,-0.0031507639214396477,-1,-0.012429247610270977,-1,0.012429247610270977,0.010722193983383477,,,,1,124.29247610270977,0.0006838701665401459,0.013830570504069328,-0.0031507639214396477,-0.8309956368039547
2019-01-28,fold_5,2018 Vol-mageddon + Q4 sell-off,-0.0035727769136428833,-1,-0.009486648254096508,-1,0.009486648254096508,0.020208842237479985,,,,1,94.86648254096508,0.001985166221857071,0.038604870438575745,-0.0035727769136428833,-0.62459246102514
2019-01-29,fold_5,2018 Vol-mageddon + Q4 sell-off,-0.003549579530954361,-1,0.025119835510849953,1,-0.025119835510849953,-0.004910993273369968,,,,0,-251.19835510849953,0.0036347396671772003,0.05690077319741249,-0.003549579530954361,1.6380173508875673
2019-01-30,fold_5,2018 Vol-mageddon + Q4 sell-off,-0.0024234140291810036,-1,0.01485775038599968,1,-0.01485775038599968,-0.019768743659369648,,,,0,-148.5775038599968,0.003022328019142151,0.028794310986995697,-0.0024234140291810036,0.9158159736361503
2019-01-31,fold_5,2018 Vol-mageddon + Q4 sell-off,-0.0027434229850769043,-1,-0.004231119528412819,-1,0.004231119528412819,-0.015537624130956829,,,,1,42.31119528412819,-0.0002744533121585846,0.00041609382606111467,-0.0027434229850769043,-0.25587502014519004
2019-02-01,fold_5,2018 Vol-mageddon + Q4 sell-off,-0.0036736680194735527,-1,0.01234505232423544,1,-0.01234505232423544,-0.027882676455192268,,,,0,-123.4505232423544,-0.0043396130204200745,0.006606902461498976,-0.0036736680194735527,0.8338895394396779
2019-02-04,fold_5,2018 Vol-mageddon + Q4 sell-off,-0.0041639674454927444,-1,0.008809252642095089,1,-0.008809252642095089,-0.03669192909728736,,,,0,-88.09252642095089,-0.0048333220183849335,-0.006687937770038843,-0.0041639674454927444,0.7471241039746336
2019-02-05,fold_5,2018 Vol-mageddon + Q4 sell-off,-0.004181239753961563,-1,-0.0029866250697523355,-1,0.0029866250697523355,-0.03370530402753502,,,,1,29.866250697523355,-0.0037569403648376465,-0.0008191018714569509,-0.004181239753961563,-0.25619367299360474
2019-02-06,fold_5,2018 Vol-mageddon + Q4 sell-off,-0.003305511549115181,-1,-0.013520467095077038,-1,0.013520467095077038,-0.020184836932457983,,,,1,135.20467095077038,-0.0020008906722068787,0.002869384828954935,-0.003305511549115181,-1.175501688232634
2019-02-07,fold_5,2018 Vol-mageddon + Q4 sell-off,-0.0029077287763357162,-1,0.001959689659997821,1,-0.001959689659997821,-0.022144526592455804,,,,0,-19.59689659997821,-0.0012026503682136536,0.017617112025618553,-0.0029077287763357162,0.1667357073202623
2019-02-08,fold_5,2018 Vol-mageddon + Q4 sell-off,-0.002637145109474659,-1,-0.0009497877908870578,-1,0.0009497877908870578,-0.021194738801568747,,,,1,9.497877908870578,-0.0017858706414699554,0.019853880628943443,-0.002637145109474659,-0.08087375287144566
2019-02-11,fold_5,2018 Vol-mageddon + Q4 sell-off,-0.002986731007695198,-1,0.014678088948130608,1,-0.014678088948130608,-0.035872827749699354,,,,0,-146.78088948130608,-0.0008785538375377655,0.022779028862714767,-0.002986731007695198,1.2526771766344347
2019-02-12,fold_5,2018 Vol-mageddon + Q4 sell-off,-0.0032589901238679886,-1,0.0007018616888672113,1,-0.0007018616888672113,-0.036574689438566566,,,,0,-7.018616888672113,0.0003156214952468872,0.00792672112584114,-0.0032589901238679886,0.05846206533534345
2019-02-13,fold_5,2018 Vol-mageddon + Q4 sell-off,-0.0025584306567907333,-1,0.001227260334417224,1,-0.001227260334417224,-0.03780194977298379,,,,0,-12.27260334417224,0.0011838190257549286,0.0035608201287686825,-0.0025584306567907333,0.10956938104039882
2019-02-14,fold_5,2018 Vol-mageddon + Q4 sell-off,-0.002774488180875778,-1,0.004196458030492067,1,-0.004196458030492067,-0.04199840780347586,,,,0,-41.96458030492067,0.0009071119129657745,0.00970625039190054,-0.002774488180875778,0.3745484592003061
2019-02-15,fold_5,2018 Vol-mageddon + Q4 sell-off,-0.002394651062786579,-1,0.001975360093638301,1,-0.001975360093638301,-0.04397376789711416,,,,0,-19.75360093638301,-0.0012882128357887268,0.009147333912551403,-0.002394651062786579,0.1778756870323239
2019-02-19,fold_5,2018 Vol-mageddon + Q4 sell-off,-0.002833092585206032,-1,-0.00017421865777578205,-1,0.00017421865777578205,-0.043799549239338376,,,,1,1.7421865777578205,-0.0038314685225486755,0.008208819665014744,-0.002833092585206032,-0.015992804153815002
2019-02-20,fold_5,2018 Vol-mageddon + Q4 sell-off,-0.0038632722571492195,-1,-0.0036640395410358906,-1,0.0036640395410358906,-0.040135509698302485,,,,1,36.640395410358906,-0.004746913909912109,0.007749252486974001,-0.0038632722571492195,-0.3697444191702923
2019-02-21,fold_5,2018 Vol-mageddon + Q4 sell-off,-0.0035145794972777367,-1,0.007372690364718437,1,-0.007372690364718437,-0.04750820006302092,,,,0,-73.72690364718437,-0.002759180963039398,0.009106521494686604,-0.0035145794972777367,0.7417759552143991
2019-02-22,fold_5,2018 Vol-mageddon + Q4 sell-off,-0.0030366526916623116,-1,0.0036375417839735746,1,-0.0036375417839735746,-0.0511457418469945,,,,0,-36.375417839735746,-0.0005972832441329956,0.00863878894597292,-0.0030366526916623116,0.36480757635248523
2019-02-25,fold_5,2018 Vol-mageddon + Q4 sell-off,-0.002566847950220108,-1,0.0010368457296863198,1,-0.0010368457296863198,-0.05218258757668082,,,,0,-10.368457296863198,-0.0004270225763320923,0.005173328332602978,-0.002566847950220108,0.10749815623397956
2019-02-26,fold_5,2018 Vol-mageddon + Q4 sell-off,-0.003087621182203293,-1,-0.0006337863160297275,-1,0.0006337863160297275,-0.05154880126065109,,,,1,6.337863160297275,-0.0004933178424835205,0.004881580825895071,-0.003087621182203293,-0.06859860697891929
2019-02-27,fold_5,2018 Vol-mageddon + Q4 sell-off,-0.003555036149919033,-1,-0.002306770533323288,-1,0.002306770533323288,-0.0492420307273278,,,,1,23.06770533323288,0.0008026473224163055,-0.00017281183681916445,-0.003555036149919033,-0.2564972928000794
2019-02-28,fold_5,2018 Vol-mageddon + Q4 sell-off,-0.0029413048177957535,-1,0.006904958747327328,1,-0.006904958747327328,-0.05614698947465513,,,,0,-69.04958747327328,0.0021214932203292847,-0.010214511305093765,-0.0029413048177957535,0.9804763321443797
2019-03-01,fold_5,2018 Vol-mageddon + Q4 sell-off,-0.0023797163739800453,-1,0.00017208090866915882,1,-0.00017208090866915882,-0.05631907038332429,,,,0,-1.7208090866915882,0.0015267282724380493,-0.018637001514434814,-0.0023797163739800453,0.026893411076215196
2019-03-04,fold_5,2018 Vol-mageddon + Q4 sell-off,-0.002586464397609234,-1,0.0007450981065630913,1,-0.0007450981065630913,-0.05706416848988738,,,,0,-7.450981065630913,-0.0015589110553264618,0.0017753717256709933,-0.002586464397609234,0.11773856278902868
2019-03-05,fold_5,2018 Vol-mageddon + Q4 sell-off,-0.0030976636335253716,-1,-0.005688178818672895,-1,0.005688178818672895,-0.051375989671214484,,,,1,56.881788186728954,-0.004314050078392029,0.0065093920566141605,-0.0030976636335253716,-0.9984404366472546
2019-03-06,fold_5,2018 Vol-mageddon + Q4 sell-off,-0.003972362726926804,-1,-0.012348470278084278,-1,0.012348470278084278,-0.039027519393130206,,,,1,123.48470278084278,-0.004107575863599777,0.01968303509056568,-0.003972362726926804,-2.2472515457824884
2019-03-07,fold_5,2018 Vol-mageddon + Q4 sell-off,-0.0034495536237955093,-1,-0.0015175314620137215,-1,0.0015175314620137215,-0.037509987931116484,,,,1,15.175314620137215,-0.0025034211575984955,0.030335213989019394,-0.0034495536237955093,-0.2482345434549959
2019-03-08,fold_5,2018 Vol-mageddon + Q4 sell-off,-0.0028231311589479446,-1,0.020584454759955406,1,-0.020584454759955406,-0.05809444269107189,,,,0,-205.84454759955406,-0.0013590343296527863,0.041090596467256546,-0.0028231311589479446,3.8661865610744894
2019-03-11,fold_5,2018 Vol-mageddon + Q4 sell-off,-0.0028597312048077583,-1,0.005479118321090937,1,-0.005479118321090937,-0.06357356101216283,,,,0,-54.79118321090937,-0.0033129416406154633,0.022885199636220932,-0.0028597312048077583,0.7800188928272659
2019-03-12,fold_5,2018 Vol-mageddon + Q4 sell-off,-0.0032269861549139023,-1,0.007485463283956051,1,-0.007485463283956051,-0.07105902429611888,,,,0,-74.85463283956051,-0.004951540380716324,0.020762847736477852,-0.0032269861549139023,1.0502638374398423
2019-03-13,fold_5,2018 Vol-mageddon + Q4 sell-off,-0.004090862348675728,-1,-0.0016962912632152438,-1,0.0016962912632152438,-0.06936273303290363,,,,1,16.962912632152438,-0.00478026270866394,0.01723448745906353,-0.004090862348675728,-0.259205191477666
2019-03-14,fold_5,2018 Vol-mageddon + Q4 sell-off,-0.004158244468271732,-1,0.009237850084900856,1,-0.009237850084900856,-0.07860058311780449,,,,0,-92.37850084900856,-0.0037186145782470703,0.03444202244281769,-0.004158244468271732,1.409647264496538
2019-03-15,fold_5,2018 Vol-mageddon + Q4 sell-off,-0.0033604679629206657,-1,0.0023790590930730104,1,-0.0023790590930730104,-0.0809796422108775,,,,0,-23.790590930730104,-0.0037738271057605743,0.0029952730983495712,-0.0033604679629206657,0.34651527241994967
2019-03-18,fold_5,2018 Vol-mageddon + Q4 sell-off,-0.0033179176971316338,-1,0.003356766188517213,1,-0.003356766188517213,-0.08433640839939471,,,,0,-33.56766188517213,-0.005029086023569107,-0.0012897165725007653,-0.0033179176971316338,0.49204903498740066
2019-03-19,fold_5,2018 Vol-mageddon + Q4 sell-off,-0.0037196213379502296,-1,0.003957103006541729,1,-0.003957103006541729,-0.08829351140593644,,,,0,-39.57103006541729,-0.0062088742852211,0.0,-0.0037196213379502296,0.5777674207829703
2019-03-20,fold_5,2018 Vol-mageddon + Q4 sell-off,-0.004430385306477547,-1,0.015511245466768742,1,-0.015511245466768742,-0.10380475687270518,,,,0,-155.11245466768742,-0.0050574615597724915,-0.010400827042758465,-0.004430385306477547,2.2461296638731625
2019-03-21,fold_5,2018 Vol-mageddon + Q4 sell-off,-0.0039051882922649384,-1,-0.02220890112221241,-1,0.02220890112221241,-0.08159585575049277,,,,1,222.0890112221241,-0.003553275018930435,-0.023610059171915054,-0.0039051882922649384,-2.890170330312154
2019-03-22,fold_5,2018 Vol-mageddon + Q4 sell-off,-0.003652116283774376,-1,-0.001905930577777326,-1,0.001905930577777326,-0.07968992517271545,,,,1,19.05930577777326,-0.0010965093970298767,0.006141345482319593,-0.003652116283774376,-0.21178024690818373
2019-03-25,fold_5,2018 Vol-mageddon + Q4 sell-off,-0.004380545578896999,-1,0.004646482411772013,1,-0.004646482411772013,-0.08433640758448746,,,,0,-46.46482411772013,0.0023085735738277435,0.021207502111792564,-0.004380545578896999,0.5178372879620403
2019-03-26,fold_5,2018 Vol-mageddon + Q4 sell-off,-0.002758607268333435,-1,-0.006443724036216736,-1,0.006443724036216736,-0.07789268354827072,,,,1,64.43724036216736,0.004419151693582535,0.02034425549209118,-0.002758607268333435,-0.7136034369894386
2019-03-27,fold_5,2018 Vol-mageddon + Q4 sell-off,-0.002626216970384121,-1,0.0023020142689347267,1,-0.0023020142689347267,-0.08019469781720545,,,,0,-23.020142689347267,0.004863370209932327,0.03251755237579346,-0.002626216970384121,0.25177956690205505
2019-03-28,fold_5,2018 Vol-mageddon + Q4 sell-off,-0.0030904244631528854,-1,0.007542503532022238,1,-0.007542503532022238,-0.08773720134922769,,,,0,-75.42503532022238,0.004264667630195618,0.029834916815161705,-0.0030904244631528854,0.8249561163490199
2019-03-29,fold_5,2018 Vol-mageddon + Q4 sell-off,-0.0028290394693613052,-1,0.013160225003957748,1,-0.013160225003957748,-0.10089742635318544,,,,0,-131.60225003957748,0.004121292382478714,0.027450084686279297,-0.0028290394693613052,1.4354417979438217
2019-04-01,fold_5,2018 Vol-mageddon + Q4 sell-off,-0.0026786988601088524,-1,0.0037832369562238455,1,-0.0037832369562238455,-0.10468066330940928,,,,0,-37.832369562238455,0.0019024722278118134,0.01683189906179905,-0.0026786988601088524,0.3929132302604623
2019-04-02,fold_5,2018 Vol-mageddon + Q4 sell-off,-0.0033725257962942123,-1,0.005729572847485542,1,-0.005729572847485542,-0.11041023615689483,,,,0,-57.29572847485542,0.0006806179881095886,0.009531304240226746,-0.0033725257962942123,0.5928572924656258
2019-04-03,fold_5,2018 Vol-mageddon + Q4 sell-off,-0.0039058085530996323,-1,-0.0003806223103310913,-1,0.0003806223103310913,-0.11002961384656373,,,,1,3.806223103310913,0.0018681660294532776,0.009153859689831734,-0.0039058085530996323,-0.03937922860941791
2019-04-04,fold_5,2018 Vol-mageddon + Q4 sell-off,-0.002828950062394142,-1,0.00515767140313983,1,-0.00515767140313983,-0.11518728524970356,,,,0,-51.576714031398296,0.0013906173408031464,0.007159198634326458,-0.002828950062394142,0.5567941972777216
2019-04-05,fold_5,2018 Vol-mageddon + Q4 sell-off,-0.0027470532804727554,-1,0.0025420398451387882,1,-0.0025420398451387882,-0.11772932509484235,,,,0,-25.420398451387882,-0.00019322335720062256,0.006315842270851135,-0.0027470532804727554,0.2725024093881886
2019-04-08,fold_5,2018 Vol-mageddon + Q4 sell-off,-0.0034670718014240265,-1,-0.0035173578653484583,-1,0.0035173578653484583,-0.1142119672294939,,,,1,35.17357865348458,-0.0020835883915424347,0.003935340326279402,-0.0034670718014240265,-0.43243918616901417
2019-04-09,fold_5,2018 Vol-mageddon + Q4 sell-off,-0.003406086005270481,-1,0.005352128762751818,1,-0.005352128762751818,-0.11956409599224571,,,,0,-53.52128762751818,-9.454414248466492e-05,0.010890415869653225,-0.003406086005270481,0.6624467096671369
2019-04-10,fold_5,2018 Vol-mageddon + Q4 sell-off,-0.0036246050149202347,-1,-0.0023752839770168066,-1,0.0023752839770168066,-0.1171888120152289,,,,1,23.752839770168066,0.002748396247625351,0.009017187170684338,-0.0036246050149202347,-0.29712804898278294
2019-04-11,fold_5,2018 Vol-mageddon + Q4 sell-off,-0.0030700284987688065,-1,0.004314315505325794,1,-0.004314315505325794,-0.1215031275205547,,,,0,-43.14315505325794,0.005039293318986893,0.012674174271523952,-0.0030700284987688065,0.5391018631979752
2019-04-12,fold_5,2018 Vol-mageddon + Q4 sell-off,-0.0023849336430430412,-1,0.0001615378278074786,1,-0.0001615378278074786,-0.12166466534836218,,,,0,-1.615378278074786,0.004354387521743774,0.011184216476976871,-0.0023849336430430412,0.020732427437063147
2019-04-15,fold_5,2018 Vol-mageddon + Q4 sell-off,-0.0020428216084837914,-1,0.0034377172123640776,1,-0.0034377172123640776,-0.12510238256072626,,,,0,-34.377172123640776,0.002464011311531067,0.02366057224571705,-0.0020428216084837914,0.4422379245469731
2019-04-16,fold_5,2018 Vol-mageddon + Q4 sell-off,-0.0030879070982337,-1,0.0034789007622748613,1,-0.0034789007622748613,-0.12858128332300112,,,,0,-34.78900762274861,0.0017476417124271393,0.0170652624219656,-0.0030879070982337,0.44743409613884627
2019-04-17,fold_5,2018 Vol-mageddon + Q4 sell-off,-0.0030375979840755463,-1,0.001281703356653452,1,-0.001281703356653452,-0.12986298667965457,,,,0,-12.81703356653452,0.001323789358139038,0.017636874690651894,-0.0030375979840755463,0.16508748451011285
2019-04-18,fold_5,2018 Vol-mageddon + Q4 sell-off,-0.002617749385535717,-1,0.002824357245117426,1,-0.002824357245117426,-0.132687343924772,,,,0,-28.24357245117426,0.0012680739164352417,0.01724712736904621,-0.002617749385535717,0.4062728922046816
2019-04-22,fold_5,2018 Vol-mageddon + Q4 sell-off,-0.003048580139875412,-1,0.012637894600629807,1,-0.012637894600629807,-0.1453252385254018,,,,0,-126.37894600629807,0.0003004223108291626,0.016361890360713005,-0.003048580139875412,2.5761801972299163
2019-04-23,fold_5,2018 Vol-mageddon + Q4 sell-off,-0.0024248789995908737,-1,-0.0031575928442180157,-1,0.0031575928442180157,-0.14216764568118379,,,,1,31.575928442180157,-0.0010538510978221893,-0.004054222255945206,-0.0024248789995908737,-0.5593278337476337
2019-04-24,fold_5,2018 Vol-mageddon + Q4 sell-off,-0.002838083542883396,-1,0.004050512798130512,1,-0.004050512798130512,-0.1462181584793143,,,,0,-40.50512798130512,-0.0011261776089668274,-0.004119951277971268,-0.002838083542883396,0.7241279199257808
2019-04-25,fold_5,2018 Vol-mageddon + Q4 sell-off,-0.0035557569935917854,-1,0.0008919559768401086,1,-0.0008919559768401086,-0.1471101144561544,,,,0,-8.919559768401086,-0.00046765804290771484,-0.012520142830908298,-0.0035557569935917854,0.16275839997497182
2019-04-26,fold_5,2018 Vol-mageddon + Q4 sell-off,-0.0033092256635427475,-1,0.0019391197711229324,1,-0.0019391197711229324,-0.14904923422727734,,,,0,-19.391197711229324,0.002840515226125717,0.002410326385870576,-0.0033092256635427475,0.3551721476100761
2019-04-29,fold_5,2018 Vol-mageddon + Q4 sell-off,-0.002589988522231579,-1,-0.007778218016028404,-1,0.007778218016028404,-0.14127101621124893,,,,1,77.78218016028404,0.0054532065987586975,-0.005670021288096905,-0.002589988522231579,-1.4927381154327648
2020-04-28,fold_6,COVID crash and V-recovery,-0.002785421907901764,-1,0.034846752882003784,1,-0.034846752882003784,-0.034846752882003784,,,,0,-348.46752882003784,0.003784347325563431,0.02870927006006241,-0.002785421907901764,1.349116258860208
2020-04-29,fold_6,COVID crash and V-recovery,-0.0021120700985193253,-1,-0.00041101736132986844,-1,0.00041101736132986844,-0.034435735520673916,,,,1,4.110173613298684,0.001186523586511612,0.0,-0.0021120700985193253,-0.015273329603258962
2020-04-30,fold_6,COVID crash and V-recovery,-0.002915964461863041,-1,-0.02858983725309372,-1,0.02858983725309372,-0.005845898267580196,,,,1,285.8983725309372,-0.0016561523079872131,0.013205603696405888,-0.002915964461863041,-1.139100475499464
2020-05-01,fold_6,COVID crash and V-recovery,-0.00389943178743124,-1,0.011590042151510715,1,-0.011590042151510715,-0.017435940419090912,,,,0,-115.90042151510715,-0.0025747381150722504,0.05540729686617851,-0.00389943178743124,0.454380527434365
2020-05-04,fold_6,COVID crash and V-recovery,-0.0031538940966129303,-1,0.011273329146206379,1,-0.011273329146206379,-0.02870926956529729,,,,0,-112.73329146206379,-0.002191167324781418,0.05271638184785843,-0.0031538940966129303,0.4431575926811178
2020-05-05,fold_6,COVID crash and V-recovery,-0.0030222348868846893,-1,0.006137482821941376,1,-0.006137482821941376,-0.034846752387238666,,,,0,-61.37482821941376,-0.0023170895874500275,0.020283684134483337,-0.0030222348868846893,0.3012582525123526
2020-05-06,fold_6,COVID crash and V-recovery,-0.0031632399186491966,-1,0.012794585898518562,1,-0.012794585898518562,-0.04764133828575723,,,,0,-127.94585898518562,-0.004584591835737228,0.0015512654790654778,-0.0031632399186491966,0.6266082108417178
2020-05-07,fold_6,COVID crash and V-recovery,-0.0037448015064001083,-1,0.013611855916678905,1,-0.013611855916678905,-0.061253194202436134,,,,0,-136.11855916678905,-0.004550717771053314,4.5156863052397966e-05,-0.0037448015064001083,0.6780198336118983
2020-05-08,fold_6,COVID crash and V-recovery,-0.003997488878667355,-1,0.008899128064513206,1,-0.008899128064513206,-0.07015232226694934,,,,0,-88.99128064513206,-0.0023634880781173706,-0.007096275221556425,-0.003997488878667355,0.4383214928755762
2020-05-11,fold_6,COVID crash and V-recovery,-0.0032091159373521805,-1,-0.021159369498491287,-1,0.021159369498491287,-0.048992952768458053,,,,1,211.59369498491287,-7.306784391403198e-05,0.002465191762894392,-0.0032091159373521805,-1.0444928112474263
2020-05-12,fold_6,COVID crash and V-recovery,-0.002830956131219864,-1,-0.012594935484230518,-1,0.012594935484230518,-0.036398017284227535,,,,1,125.94935484230518,0.0003846511244773865,0.021115215495228767,-0.002830956131219864,-0.6809020398622824
2020-05-13,fold_6,COVID crash and V-recovery,-0.0024215439334511757,-1,0.011288478039205074,1,-0.011288478039205074,-0.04768649532343261,,,,0,-112.88478039205074,-0.001711435616016388,0.053481537848711014,-0.0024215439334511757,0.6091367844048735
2020-05-14,fold_6,COVID crash and V-recovery,-0.0030381307005882263,-1,0.006470423191785812,1,-0.006470423191785812,-0.05415691851521842,,,,0,-64.70423191785812,-0.003035087138414383,0.031242623925209045,-0.0030381307005882263,0.3543286206546096
2020-05-15,fold_6,COVID crash and V-recovery,-0.0037384936586022377,-1,0.018460595980286598,1,-0.018460595980286598,-0.07261751449550502,,,,0,-184.60595980286598,-0.0025935396552085876,0.028218109160661697,-0.0037384936586022377,1.0146429521600169
2020-05-18,fold_6,COVID crash and V-recovery,-0.0032747983932495117,-1,-0.002509345533326268,-1,0.002509345533326268,-0.07010816896217875,,,,1,25.093455333262682,-0.001882445067167282,0.0070541235618293285,-0.0032747983932495117,-0.1358947902996018
2020-05-19,fold_6,COVID crash and V-recovery,-0.0030862176790833473,-1,0.019771385937929153,1,-0.019771385937929153,-0.0898795549001079,,,,0,-197.71385937929153,-0.0021104253828525543,0.015006253495812416,-0.0030862176790833473,1.2019011447599568
2020-05-20,fold_6,COVID crash and V-recovery,-0.0030078087002038956,-1,-0.010950435884296894,-1,0.010950435884296894,-0.07892911901581101,,,,1,109.50435884296894,-0.0044600144028663635,-0.006068696733564138,-0.0030078087002038956,-0.6962042515893885
2020-05-21,fold_6,COVID crash and V-recovery,-0.0036863330751657486,-1,0.003445908660069108,1,-0.003445908660069108,-0.08237502767588012,,,,0,-34.45908660069108,-0.004662606865167618,0.01942809484899044,-0.0036863330751657486,0.21657318928388547
2020-05-22,fold_6,COVID crash and V-recovery,-0.004469834268093109,-1,-0.0027033903170377016,-1,0.0027033903170377016,-0.07967163735884242,,,,1,27.033903170377016,-0.003863327205181122,0.018977487459778786,-0.004469834268093109,-0.17395546199459244
2020-05-26,fold_6,COVID crash and V-recovery,-0.003640003502368927,-1,0.005442784167826176,1,-0.005442784167826176,-0.0851144215266686,,,,0,-54.42784167826176,-0.002539902925491333,0.028366241604089737,-0.003640003502368927,0.3523078665915714
2020-05-27,fold_6,COVID crash and V-recovery,-0.0035221707075834274,-1,-0.00130356359295547,-1,0.00130356359295547,-0.08381085793371312,,,,1,13.0356359295547,-0.0015952996909618378,0.02741178125143051,-0.0035221707075834274,-0.08747495646310993
2020-05-28,fold_6,COVID crash and V-recovery,-0.002765716053545475,-1,0.014546356163918972,1,-0.014546356163918972,-0.0983572140976321,,,,0,-145.46356163918972,-0.0030096210539340973,0.02167745679616928,-0.002765716053545475,1.144836825768415
2020-05-29,fold_6,COVID crash and V-recovery,-0.0032922476530075073,-1,0.002995300805196166,1,-0.002995300805196166,-0.10135251490282826,,,,0,-29.95300805196166,-0.002877280116081238,0.026764295995235443,-0.0032922476530075073,0.22837949258839393
2020-06-01,fold_6,COVID crash and V-recovery,-0.004275262355804443,-1,0.006685362663120031,1,-0.006685362663120031,-0.10803787756594829,,,,0,-66.85362663120031,-0.001870773732662201,0.03149901330471039,-0.004275262355804443,0.5827813231771511
2020-06-02,fold_6,COVID crash and V-recovery,-0.0030028140172362328,-1,0.004488324746489525,1,-0.004488324746489525,-0.11252620231243782,,,,0,-44.88324746489525,-0.000257980078458786,0.032032568007707596,-0.0030028140172362328,0.3980972830499163
2020-06-03,fold_6,COVID crash and V-recovery,-0.0026358570903539658,-1,-0.007037887815386057,-1,0.007037887815386057,-0.10548831449705176,,,,1,70.37887815386057,0.00021303817629814148,0.03947428986430168,-0.0026358570903539658,-0.6377926107384717
2020-06-04,fold_6,COVID crash and V-recovery,-0.0027831904590129852,-1,0.01963319443166256,1,-0.01963319443166256,-0.12512150892871432,,,,0,-196.3319443166256,-0.0017716549336910248,-0.0043064602650702,-0.0027831904590129852,1.7748960173917738
2020-06-05,fold_6,COVID crash and V-recovery,-0.003337855450809002,-1,0.00773001741617918,1,-0.00773001741617918,-0.1328515263448935,,,,0,-77.3001741617918,-0.0026123225688934326,-0.016023224219679832,-0.003337855450809002,0.6691537153486794
2020-06-08,fold_6,COVID crash and V-recovery,-0.003788248635828495,-1,0.007218916900455952,1,-0.007218916900455952,-0.14007044324534945,,,,0,-72.18916900455952,-0.003177497535943985,-0.011659504845738411,-0.003788248635828495,0.6401453804806366
2020-06-09,fold_6,COVID crash and V-recovery,-0.003710886463522911,-1,0.01193004846572876,1,-0.01193004846572876,-0.1520004917110782,,,,0,-119.3004846572876,-0.001225348562002182,-0.0018512934911996126,-0.003710886463522911,1.0635877806641232
2020-06-10,fold_6,COVID crash and V-recovery,-0.0036716265603899956,-1,-0.050818637013435364,-1,0.050818637013435364,-0.10118185469764285,,,,1,508.18637013435364,-0.0022721923887729645,-0.01061584148555994,-0.0036716265603899956,-4.833366497560921
2020-06-11,fold_6,COVID crash and V-recovery,-0.0029787160456180573,-1,0.007916430942714214,1,-0.007916430942714214,-0.10909828564035706,,,,0,-79.16430942714214,-0.0033409222960472107,0.04290812090039253,-0.0029787160456180573,0.5200283997094477
2020-06-12,fold_6,COVID crash and V-recovery,-0.003697388805449009,-1,0.012093736790120602,1,-0.012093736790120602,-0.12119202243047766,,,,0,-120.93736790120602,-0.004421096295118332,0.0348283015191555,-0.003697388805449009,0.8000435567549711
2020-06-15,fold_6,COVID crash and V-recovery,-0.0033534662798047066,-1,0.017027128487825394,1,-0.017027128487825394,-0.13821915091830306,,,,0,-170.27128487825394,-0.00347769632935524,0.03465566039085388,-0.0033534662798047066,1.1137561430626872
2020-06-16,fold_6,COVID crash and V-recovery,-0.0037826085463166237,-1,0.0031655009370297194,1,-0.0031655009370297194,-0.14138465185533278,,,,0,-31.655009370297194,-0.0014198310673236847,0.026103550568223,-0.0037826085463166237,0.20819354101787516
2020-06-17,fold_6,COVID crash and V-recovery,-0.003380458801984787,-1,0.002705324674025178,1,-0.002705324674025178,-0.14408997652935795,,,,0,-27.05324674025178,-0.00036099180579185486,0.002107067499309778,-0.003380458801984787,0.1778563538394904
2020-06-18,fold_6,COVID crash and V-recovery,-0.003129109740257263,-1,-0.00016339019930455834,-1,0.00016339019930455834,-0.1439265863300534,,,,1,1.6339019930455834,0.002365250140428543,0.008876042440533638,-0.003129109740257263,-0.011216744710318296
2020-06-19,fold_6,COVID crash and V-recovery,-0.002447722479701042,-1,0.01192109752446413,1,-0.01192109752446413,-0.15584768385451753,,,,0,-119.2109752446413,0.0030367784202098846,-0.01485886238515377,-0.002447722479701042,0.8301943175953945
2020-06-22,fold_6,COVID crash and V-recovery,-0.0014093071222305298,-1,0.008475018665194511,1,-0.008475018665194511,-0.16432270251971204,,,,0,-84.75018665194511,0.002395525574684143,-0.01593226008117199,-0.0014093071222305298,0.5811019860795387
2020-06-23,fold_6,COVID crash and V-recovery,-0.0025678249076008797,-1,-0.02083098329603672,-1,0.02083098329603672,-0.14349171922367532,,,,1,208.3098329603672,-0.0008838139474391937,-0.004995599389076233,-0.0025678249076008797,-1.4175974704980616
2020-06-24,fold_6,COVID crash and V-recovery,-0.0031662480905652046,-1,0.009474299848079681,1,-0.009474299848079681,-0.152966019071755,,,,0,-94.74299848079681,-0.002255711704492569,0.02743980661034584,-0.0031662480905652046,0.6165341995312399
2020-06-25,fold_6,COVID crash and V-recovery,-0.002765672281384468,-1,-0.023898296058177948,-1,0.023898296058177948,-0.12906772301357705,,,,1,238.98296058177948,-0.0008239559829235077,0.02472933940589428,-0.002765672281384468,-1.5408676806680528
2020-06-26,fold_6,COVID crash and V-recovery,-0.0021764542907476425,-1,0.010847700759768486,1,-0.010847700759768486,-0.13991542377334554,,,,0,-108.47700759768486,-0.000688161700963974,0.07291491329669952,-0.0021764542907476425,0.6746617427209867
2020-06-29,fold_6,COVID crash and V-recovery,-0.002652198076248169,-1,0.01941167749464512,1,-0.01941167749464512,-0.15932710126799066,,,,0,-194.1167749464512,-0.0006429515779018402,0.05515451729297638,-0.002652198076248169,1.1947957833765366
2020-06-30,fold_6,COVID crash and V-recovery,-0.0037133367732167244,-1,0.011604422703385353,1,-0.011604422703385353,-0.170931523971376,,,,0,-116.04422703385353,-0.0009316429495811462,0.048828642815351486,-0.0037133367732167244,0.692796584541074
2020-07-01,fold_6,COVID crash and V-recovery,-0.0037617143243551254,-1,0.00676383264362812,1,-0.00676383264362812,-0.17769535661500413,,,,0,-67.6383264362812,0.003856811672449112,0.04561207443475723,-0.0037617143243551254,0.39974959804786203
2020-07-02,fold_6,COVID crash and V-recovery,-0.002787197008728981,-1,0.024287275969982147,1,-0.024287275969982147,-0.20198263258498628,,,,0,-242.87275969982147,0.008237577974796295,0.04565257206559181,-0.002787197008728981,1.4358778581058032
2020-07-06,fold_6,COVID crash and V-recovery,-0.0014009447768330574,-1,-0.006912693381309509,-1,0.006912693381309509,-0.19506993920367677,,,,1,69.12693381309509,0.008243680000305176,0.0005803222302347422,-0.0014009447768330574,-0.40157268428087856
2020-07-07,fold_6,COVID crash and V-recovery,-0.0018857810646295547,-1,0.01308580581098795,1,-0.01308580581098795,-0.20815574501466472,,,,0,-130.8580581098795,0.00456465408205986,0.014546205289661884,-0.0018857810646295547,0.760950319818398
2020-07-08,fold_6,COVID crash and V-recovery,-0.002405380830168724,-1,0.008387851528823376,1,-0.008387851528823376,-0.2165435965434881,,,,0,-83.87851528823376,0.0006586536765098572,0.0034939206670969725,-0.002405380830168724,0.4829213491086964
2020-07-09,fold_6,COVID crash and V-recovery,-0.0030204057693481445,-1,0.006804332137107849,1,-0.006804332137107849,-0.22334792868059594,,,,0,-68.04332137107849,0.003077533096075058,-0.01173989288508892,-0.0030204057693481445,0.39410950525264227
2020-07-10,fold_6,COVID crash and V-recovery,-0.002922368235886097,-1,-0.020784974098205566,-1,0.020784974098205566,-0.20256295458239038,,,,1,207.84974098205566,0.004786122590303421,-0.017386941239237785,-0.002922368235886097,-1.5882076019087286
2020-07-13,fold_6,COVID crash and V-recovery,-0.0018059974536299706,-1,0.007053189445286989,1,-0.007053189445286989,-0.20961614402767736,,,,0,-70.53189445286989,0.006036512553691864,0.031374141573905945,-0.0018059974536299706,0.5120446139780346
2020-07-14,fold_6,COVID crash and V-recovery,-0.002587428316473961,-1,0.0020335218869149685,1,-0.0020335218869149685,-0.21164966591459233,,,,0,-20.335218869149685,0.0061296336352825165,0.013845482841134071,-0.002587428316473961,0.14954269287114882
2020-07-15,fold_6,COVID crash and V-recovery,-0.0027821017429232597,-1,-0.006845961790531874,-1,0.006845961790531874,-0.20480370412406046,,,,1,68.45961790531874,0.005535539239645004,0.01532869040966034,-0.0027821017429232597,-0.5241009812391734
2020-07-16,fold_6,COVID crash and V-recovery,-0.0034631527960300446,-1,0.0011572843650355935,1,-0.0011572843650355935,-0.20596098848909605,,,,0,-11.572843650355935,0.0064507536590099335,-0.004292608238756657,-0.0034631527960300446,0.08812283189001813
2020-07-17,fold_6,COVID crash and V-recovery,-0.0035230321809649467,-1,0.027976106852293015,1,-0.027976106852293015,-0.23393709534138907,,,,0,-279.76106852293015,0.008083190768957138,-0.01499137282371521,-0.0035230321809649467,2.132123708338193
2020-07-20,fold_6,COVID crash and V-recovery,-0.001737087033689022,-1,-0.010475467890501022,-1,0.010475467890501022,-0.22346162745088805,,,,1,104.75467890501022,0.006687745451927185,-0.025281477719545364,-0.001737087033689022,-0.7206510227050099
2020-07-21,fold_6,COVID crash and V-recovery,-0.0023755282163619995,-1,0.0035167301539331675,1,-0.0035167301539331675,-0.2269783576048212,,,,0,-35.167301539331675,0.0035462528467178345,-0.027612756937742233,-0.0023755282163619995,0.24286262614215368
2020-07-22,fold_6,COVID crash and V-recovery,-0.0032345959916710854,-1,-0.026467259973287582,-1,0.026467259973287582,-0.20051109763153363,,,,1,264.6725997328758,0.0001050308346748352,-0.019669238477945328,-0.0032345959916710854,-1.8409053843650716
2020-07-23,fold_6,COVID crash and V-recovery,-0.0034073637798428535,-1,-0.009541480801999569,-1,0.009541480801999569,-0.19096961682953406,,,,1,95.41480801999569,0.0021400973200798035,0.012019885703921318,-0.0034073637798428535,-0.6432334964953011
2020-07-24,fold_6,COVID crash and V-recovery,-0.0033173253759741783,-1,0.01768600009381771,1,-0.01768600009381771,-0.20865561692335177,,,,0,-176.8600009381771,0.007091309875249863,0.03924935311079025,-0.0033173253759741783,1.1921186983156284
2020-07-27,fold_6,COVID crash and V-recovery,-0.00102199986577034,-1,-0.012806747108697891,-1,0.012806747108697891,-0.19584886981465388,,,,1,128.0674710869789,0.0073939114809036255,0.034980401396751404,-0.00102199986577034,-0.8897363445671662
2020-07-28,fold_6,COVID crash and V-recovery,-0.0015151947736740112,-1,0.011460249312222004,1,-0.011460249312222004,-0.20730911912687588,,,,0,-114.60249312222004,0.0036320649087429047,0.05149209499359131,-0.0015151947736740112,0.7917747031445751
2020-07-29,fold_6,COVID crash and V-recovery,-0.003315199166536331,-1,0.0052218628115952015,1,-0.0052218628115952015,-0.2125309819384711,,,,0,-52.218628115952015,-0.0008680596947669983,0.042506542056798935,-0.003315199166536331,0.3718284970110825
2020-07-30,fold_6,COVID crash and V-recovery,-0.004075757227838039,-1,0.01768798753619194,1,-0.01768798753619194,-0.23021896947466303,,,,0,-176.8798753619194,0.0012795031070709229,0.05044260248541832,-0.004075757227838039,1.2769965562045513
2020-07-31,fold_6,COVID crash and V-recovery,-0.003566790372133255,-1,0.013417048379778862,1,-0.013417048379778862,-0.2436360178544419,,,,0,-134.17048379778862,0.0042158253490924835,0.021145181730389595,-0.003566790372133255,0.9366016124301634
2020-08-03,fold_6,COVID crash and V-recovery,-0.001767640933394432,-1,0.003704946953803301,1,-0.003704946953803301,-0.2473409648082452,,,,0,-37.04946953803301,0.0022368021309375763,0.0034460306633263826,-0.001767640933394432,0.27259952974596996
2020-08-04,fold_6,COVID crash and V-recovery,-0.0026140352711081505,-1,0.0024746968410909176,1,-0.0024746968410909176,-0.2498156616493361,,,,0,-24.746968410909176,-0.002196572721004486,-0.01938198134303093,-0.0026140352711081505,0.18292635050540385
2020-08-05,fold_6,COVID crash and V-recovery,-0.0035812221467494965,-1,0.013157923705875874,1,-0.013157923705875874,-0.262973585355212,,,,0,-131.57923705875874,-0.0066328756511211395,0.0029841316863894463,-0.0035812221467494965,0.9953246352301299
2020-08-06,fold_6,COVID crash and V-recovery,-0.00384608656167984,-1,-0.011609433218836784,-1,0.011609433218836784,-0.2513641521363752,,,,1,116.09433218836784,-0.005565565079450607,-0.00789579376578331,-0.00384608656167984,-0.8655564505121134
2020-08-07,fold_6,COVID crash and V-recovery,-0.0035826973617076874,-1,-0.004282103851437569,-1,0.004282103851437569,-0.24708204828493763,,,,1,42.82103851437569,-0.001173499971628189,0.002538258209824562,-0.0035826973617076874,-0.315403274167436
2020-08-10,fold_6,COVID crash and V-recovery,-0.002299204468727112,-1,-0.01912306621670723,-1,0.01912306621670723,-0.2279589820682304,,,,1,191.2306621670723,0.002573210746049881,0.018364673480391502,-0.002299204468727112,-1.4949017218268141
2020-08-11,fold_6,COVID crash and V-recovery,-0.0026114648208022118,-1,0.024840809404850006,1,-0.024840809404850006,-0.2527997914730804,,,,0,-248.40809404850006,0.005165554583072662,0.04706699773669243,-0.0026114648208022118,1.854425462059186
2020-08-12,fold_6,COVID crash and V-recovery,-0.002747645601630211,-1,0.002277998486533761,1,-0.002277998486533761,-0.25507778995961417,,,,0,-22.77998486533761,0.004491269588470459,0.015475744381546974,-0.002747645601630211,0.1571654526123982
2020-08-13,fold_6,COVID crash and V-recovery,-0.0024750670418143272,-1,-0.0011753810103982687,-1,0.0011753810103982687,-0.2539024089492159,,,,1,11.753810103982687,0.00620487704873085,0.026974011212587357,-0.0024750670418143272,-0.08149801908205123
2020-08-14,fold_6,COVID crash and V-recovery,-0.002899198792874813,-1,0.011544312350451946,1,-0.011544312350451946,-0.26544672129966784,,,,0,-115.44312350451946,0.007385462522506714,0.03505614399909973,-0.002899198792874813,0.8004500661944717
2020-08-17,fold_6,COVID crash and V-recovery,-0.0017327219247817993,-1,0.009579257108271122,1,-0.009579257108271122,-0.27502597840793896,,,,0,-95.79257108271122,0.005584891885519028,0.029736364260315895,-0.0017327219247817993,0.7230246261558297
2020-08-18,fold_6,COVID crash and V-recovery,-0.0022129733115434647,-1,-0.006750442553311586,-1,0.006750442553311586,-0.2682755358546274,,,,1,67.50442553311586,0.002618905156850815,0.027988793328404427,-0.0022129733115434647,-0.510820204822413
2020-08-19,fold_6,COVID crash and V-recovery,-0.0035252440720796585,-1,0.013776266016066074,1,-0.013776266016066074,-0.28205180187069345,,,,0,-137.76266016066074,-0.0007100626826286316,0.05585353076457977,-0.0035252440720796585,1.037559246659717
2020-08-20,fold_6,COVID crash and V-recovery,-0.0037399213761091232,-1,0.0069067515432834625,1,-0.0069067515432834625,-0.2889585534139769,,,,0,-69.06751543283463,0.0008801296353340149,0.038955897092819214,-0.0037399213761091232,0.5625156236933915
2020-08-21,fold_6,COVID crash and V-recovery,-0.003502095118165016,-1,0.006224532146006823,1,-0.006224532146006823,-0.29518308555998374,,,,0,-62.245321460068226,0.0036915242671966553,0.0371214896440506,-0.003502095118165016,0.5106356876868382
2020-08-24,fold_6,COVID crash and V-recovery,-0.001827126368880272,-1,0.007831685245037079,1,-0.007831685245037079,-0.3030147708050208,,,,0,-78.31685245037079,0.004233505576848984,0.038897957652807236,-0.001827126368880272,0.6743238686894301
2020-08-25,fold_6,COVID crash and V-recovery,-0.0025442317128181458,-1,0.021114297211170197,1,-0.021114297211170197,-0.324129068016191,,,,0,-211.14297211170197,0.0048566050827503204,0.04801339656114578,-0.0025442317128181458,1.8535998038712649
2020-08-26,fold_6,COVID crash and V-recovery,-0.0035840924829244614,-1,-0.003121370915323496,-1,0.003121370915323496,-0.3210076971008675,,,,1,31.21370915323496,0.0032657086849212646,0.036324240267276764,-0.0035840924829244614,-0.2587895593319744
2020-08-27,fold_6,COVID crash and V-recovery,-0.0033470913767814636,-1,0.005072346422821283,1,-0.005072346422821283,-0.3260800435236888,,,,0,-50.72346422821283,0.005599074065685272,-0.012585151940584183,-0.0033470913767814636,0.42181512853870085
2020-08-28,fold_6,COVID crash and V-recovery,-0.0030052904039621353,-1,0.008001000620424747,1,-0.008001000620424747,-0.33408104414411355,,,,0,-80.01000620424747,0.006024520844221115,-0.03107313998043537,-0.0030052904039621353,0.7010740917333799
2020-08-31,fold_6,COVID crash and V-recovery,-0.001906203106045723,-1,0.016947124153375626,1,-0.016947124153375626,-0.3510281682974892,,,,0,-169.47124153375626,0.004197217524051666,-0.08833174407482147,-0.001906203106045723,1.519174036231336
2020-09-01,fold_6,COVID crash and V-recovery,-0.0028663165867328644,-1,0.009425140917301178,1,-0.009425140917301178,-0.36045330921479035,,,,0,-94.25140917301178,0.0008292458951473236,-0.07632622867822647,-0.0028663165867328644,0.8019761973282619
2020-09-02,fold_6,COVID crash and V-recovery,-0.0033131400123238564,-1,-0.052030764520168304,-1,0.052030764520168304,-0.30842254469462205,,,,1,520.307645201683,-0.0032670870423316956,-0.10588965564966202,-0.0033131400123238564,-4.362421233254415
2020-09-03,fold_6,COVID crash and V-recovery,-0.004044805653393269,-1,-0.013415642082691193,-1,0.013415642082691193,-0.29500690261193085,,,,1,134.15642082691193,0.00027144700288772583,-0.0608224980533123,-0.004044805653393269,-0.8180304219831065
2020-09-04,fold_6,COVID crash and V-recovery,-0.003149171359837055,-1,-0.04925760254263878,-1,0.04925760254263878,-0.24574930006929208,,,,1,492.5760254263878,0.002690877765417099,-0.03014158084988594,-0.003149171359837055,-2.99098501352186
2020-09-08,fold_6,COVID crash and V-recovery,-0.0014391159638762474,-1,0.028952637687325478,1,-0.028952637687325478,-0.27470193775661755,,,,0,-289.5263768732548,0.005021989345550537,0.033189885318279266,-0.0014391159638762474,1.4630448928429223
2020-09-09,fold_6,COVID crash and V-recovery,-0.002660272642970085,-1,-0.020138287916779518,-1,0.020138287916779518,-0.25456364983983804,,,,1,201.38287916779518,0.003359224647283554,-0.011837474070489407,-0.002660272642970085,-0.9882583616877233
2020-09-10,fold_6,COVID crash and V-recovery,-0.002520443871617317,-1,-0.006963605526834726,-1,0.006963605526834726,-0.2476000443130033,,,,1,69.63605526834726,0.0030279643833637238,-0.007444728631526232,-0.002520443871617317,-0.3461658618806676
2020-09-11,fold_6,COVID crash and V-recovery,-0.0031567448750138283,-1,0.017265276983380318,1,-0.017265276983380318,-0.2648653212963836,,,,0,-172.65276983380318,0.005518890917301178,-0.01332566887140274,-0.0031567448750138283,0.8559825585801524
2020-09-14,fold_6,COVID crash and V-recovery,-0.002012209966778755,-1,0.014073864556849003,1,-0.014073864556849003,-0.27893918585323263,,,,0,-140.73864556849003,0.004479501396417618,-0.028195757418870926,-0.002012209966778755,0.6853734804594767
2020-09-15,fold_6,COVID crash and V-recovery,-0.0018890947103500366,-1,-0.01607472263276577,-1,0.01607472263276577,-0.26286446322046686,,,,1,160.7472263276577,0.0016897395253181458,-0.023861397057771683,-0.0018890947103500366,-0.7798215646588044
2020-09-16,fold_6,COVID crash and V-recovery,-0.003112317994236946,-1,-0.01574554108083248,-1,0.01574554108083248,-0.24711892213963438,,,,1,157.4554108083248,-0.0022260881960392,-0.03879699110984802,-0.003112317994236946,-0.7564717033725888
2020-09-17,fold_6,COVID crash and V-recovery,-0.0029487954452633858,-1,-0.01284454483538866,-1,0.01284454483538866,-0.23427437730424572,,,,1,128.4454483538866,-0.003608502447605133,-0.018405728042125702,-0.0029487954452633858,-0.6100156525437823
2020-09-18,fold_6,COVID crash and V-recovery,-0.003208777867257595,-1,0.0023951882030814886,1,-0.0023951882030814886,-0.2366695655073272,,,,0,-23.951882030814886,-0.0015850961208343506,0.017421115189790726,-0.003208777867257595,0.11391217076698176
2020-09-21,fold_6,COVID crash and V-recovery,-0.002522161230444908,-1,0.01840822398662567,1,-0.01840822398662567,-0.2550777894939529,,,,0,-184.0822398662567,0.0002704933285713196,0.035582274198532104,-0.002522161230444908,0.8775572328014063
2020-09-22,fold_6,COVID crash and V-recovery,-0.0017489297315478325,-1,-0.03101031668484211,-1,0.03101031668484211,-0.22406747280911077,,,,1,310.1031668484211,0.0021486617624759674,0.012654685415327549,-0.0017489297315478325,-1.4537438731940597
2020-09-23,fold_6,COVID crash and V-recovery,-0.003345375880599022,-1,0.0046457210555672646,1,-0.0046457210555672646,-0.22871319386467803,,,,0,-46.457210555672646,0.004689015448093414,0.050490401685237885,-0.003345375880599022,0.20775431739486164
2020-09-24,fold_6,COVID crash and V-recovery,-0.0027770614251494408,-1,0.022982297465205193,1,-0.022982297465205193,-0.2516954913298832,,,,0,-229.82297465205193,0.007838241755962372,0.061592526733875275,-0.0027770614251494408,1.0502742819316198
2020-09-25,fold_6,COVID crash and V-recovery,-0.0017674118280410767,-1,0.02055634744465351,1,-0.02055634744465351,-0.27225183877453674,,,,0,-205.5634744465351,0.010010026395320892,0.010075737722218037,-0.0017674118280410767,0.9149699726863618
2020-09-28,fold_6,COVID crash and V-recovery,-0.0013875234872102737,-1,-0.004519365727901459,-1,0.004519365727901459,-0.2677324730466353,,,,1,45.19365727901459,0.007428083568811417,0.010621445253491402,-0.0013875234872102737,-0.1973176015235255
2020-09-29,fold_6,COVID crash and V-recovery,-0.0017163623124361038,-1,0.0068253991194069386,1,-0.0068253991194069386,-0.2745578721660422,,,,0,-68.25399119406939,0.005078956484794617,-0.002867152215912938,-0.0017163623124361038,0.298621087736763
2020-09-30,fold_6,COVID crash and V-recovery,-0.002693609334528446,-1,0.01574784703552723,1,-0.01574784703552723,-0.29030571920156945,,,,0,-157.4784703552723,0.002881459891796112,0.007458656560629606,-0.002693609334528446,0.697064423708603
2020-10-01,fold_6,COVID crash and V-recovery,-0.002601446583867073,-1,-0.02853449247777462,-1,0.02853449247777462,-0.2617712267237948,,,,1,285.3449247777462,0.00247110053896904,-0.0029803828801959753,-0.002601446583867073,-1.2533205081188008
2020-10-02,fold_6,COVID crash and V-recovery,-0.0027914848178625107,-1,0.02110205590724945,1,-0.02110205590724945,-0.2828732826310443,,,,0,-211.0205590724945,0.00406801700592041,0.04071858525276184,-0.0027914848178625107,1.0251783952435474
2020-10-05,fold_6,COVID crash and V-recovery,-0.002339012920856476,-1,-0.01800796203315258,-1,0.01800796203315258,-0.2648653205978917,,,,1,180.0796203315258,0.005509141832590103,0.0500197559595108,-0.002339012920856476,-0.8614788499208522
2020-10-06,fold_6,COVID crash and V-recovery,-0.0022840676829218864,-1,0.017151206731796265,1,-0.017151206731796265,-0.28201652732968796,,,,0,-171.51206731796265,0.0068858712911605835,0.06799398362636566,-0.0022840676829218864,0.9414975943994984
2020-10-07,fold_6,COVID crash and V-recovery,-0.0027482416480779648,-1,0.005308808758854866,1,-0.005308808758854866,-0.2873253360885428,,,,0,-53.08808758854866,0.008213169872760773,0.0424555167555809,-0.0027482416480779648,0.30415484714686564
2020-10-08,fold_6,COVID crash and V-recovery,-0.0025912709534168243,-1,0.015164476819336414,1,-0.015164476819336414,-0.30248981290787924,,,,0,-151.64476819336414,0.010007128119468689,0.03041280247271061,-0.0025912709534168243,0.8970329885777675
2020-10-09,fold_6,COVID crash and V-recovery,-0.0029193172231316566,-1,0.030403228476643562,1,-0.030403228476643562,-0.3328930413845228,,,,0,-304.0322847664356,0.01083751767873764,0.009752639569342136,-0.0029193172231316566,1.770571887040376
2020-10-12,fold_6,COVID crash and V-recovery,-0.0022524558007717133,-1,-3.373719300725497e-05,-1,3.373719300725497e-05,-0.33285930419151555,,,,1,0.33737193007254973,0.008814826607704163,-0.037110790610313416,-0.0022524558007717133,-0.0018680407759308338
2020-10-13,fold_6,COVID crash and V-recovery,-0.002118874341249466,-1,-0.00838725920766592,-1,0.00838725920766592,-0.32447204498384963,,,,1,83.8725920766592,0.006752964109182358,-0.03492961823940277,-0.002118874341249466,-0.4716208204510821
2020-10-14,fold_6,COVID crash and V-recovery,-0.0027503110468387604,-1,-0.006733904592692852,-1,0.006733904592692852,-0.3177381403911568,,,,1,67.33904592692852,0.00449565052986145,-0.0273162629455328,-0.0027503110468387604,-0.38440893439136203
2020-10-15,fold_6,COVID crash and V-recovery,-0.0025594206526875496,-1,-0.005495686549693346,-1,0.005495686549693346,-0.31224245384146343,,,,1,54.95686549693346,0.0032056085765361786,-0.020617766305804253,-0.0025594206526875496,-0.31903396928304123
2020-10-16,fold_6,COVID crash and V-recovery,-0.002842300571501255,-1,-0.016460204496979713,-1,0.016460204496979713,-0.2957822493444837,,,,1,164.60204496979713,0.0025136470794677734,-0.013153640553355217,-0.002842300571501255,-0.9665816644113905
2020-10-19,fold_6,COVID crash and V-recovery,-0.0028845882043242455,-1,0.002147437771782279,1,-0.002147437771782279,-0.297929687116266,,,,0,-21.47437771782279,0.0017869509756565094,-0.011803005822002888,-0.0028845882043242455,0.12331480174769346
2020-10-20,fold_6,COVID crash and V-recovery,-0.0029125940054655075,-1,-0.0007739050779491663,-1,0.0007739050779491663,-0.29715578203831683,,,,1,7.739050779491663,0.0025689825415611267,-0.006172140594571829,-0.0029125940054655075,-0.04571847515718098
2020-10-21,fold_6,COVID crash and V-recovery,-0.0032431157305836678,-1,-3.5408695111982524e-05,-1,3.5408695111982524e-05,-0.29712037334320485,,,,1,0.35408695111982524,0.0032601431012153625,-0.045165520161390305,-0.0032431157305836678,-0.0022928343745738243
2020-10-22,fold_6,COVID crash and V-recovery,-0.0030457666143774986,-1,0.001968440366908908,1,-0.001968440366908908,-0.29908881371011375,,,,0,-19.68440366908908,0.0033507049083709717,-0.02779475226998329,-0.0030457666143774986,0.12775259426091953
2020-10-23,fold_6,COVID crash and V-recovery,-0.0032004108652472496,-1,-0.015109569765627384,-1,0.015109569765627384,-0.28397924394448637,,,,1,151.09569765627384,0.00306764617562294,-0.055452797561883926,-0.0032004108652472496,-1.039698635608039
2020-10-26,fold_6,COVID crash and V-recovery,-0.0030482374131679535,-1,0.007778302300721407,1,-0.007778302300721407,-0.2917575462452078,,,,0,-77.78302300721407,0.002111285924911499,-0.03811882436275482,-0.0030482374131679535,0.5479790991713467
2020-10-27,fold_6,COVID crash and V-recovery,-0.0028818193823099136,-1,-0.03976728767156601,-1,0.03976728767156601,-0.25199025857364177,,,,1,397.6728767156601,0.0010960027575492859,-0.028747210279107094,-0.0028818193823099136,-2.787764890068613
2020-10-28,fold_6,COVID crash and V-recovery,-0.0029589030891656876,-1,0.01733536086976528,1,-0.01733536086976528,-0.26932561944340705,,,,0,-173.35360869765282,0.000697016716003418,0.054690517485141754,-0.0029589030891656876,1.0355589815970991
2020-10-29,fold_6,COVID crash and V-recovery,-0.0022880258038640022,-1,-0.025689605623483658,-1,0.025689605623483658,-0.2436360138199234,,,,1,256.8960562348366,-0.0011782832443714142,0.06309220939874649,-0.0022880258038640022,-1.5274747106782163
2020-10-30,fold_6,COVID crash and V-recovery,-0.0026130471378564835,-1,0.0022244045976549387,1,-0.0022244045976549387,-0.24586041841757833,,,,0,-22.244045976549387,-0.001292891800403595,0.08952881395816803,-0.0026130471378564835,0.13410157396693856
2020-11-02,fold_6,COVID crash and V-recovery,-0.0027564270421862602,-1,0.017149915918707848,1,-0.017149915918707848,-0.2630103343362862,,,,0,-171.49915918707848,-0.0015180334448814392,0.06665904819965363,-0.0027564270421862602,1.0779367386887289
2020-11-03,fold_6,COVID crash and V-recovery,-0.0024446388706564903,-1,0.04367043823003769,1,-0.04367043823003769,-0.30668077256632387,,,,0,-436.7043823003769,-9.526684880256653e-05,0.031432218849658966,-0.0024446388706564903,2.75306621443569
2020-11-04,fold_6,COVID crash and V-recovery,-0.002943689003586769,-1,0.025737054646015167,1,-0.025737054646015167,-0.33241782721233903,,,,0,-257.3705464601517,0.001124165952205658,0.009885048493742943,-0.002943689003586769,1.4119405213839278
2020-11-05,fold_6,COVID crash and V-recovery,-0.002250141464173794,-1,0.0007469941047020257,1,-0.0007469941047020257,-0.33316482131704106,,,,0,-7.4699410470202565,0.002156812697649002,-0.020557139068841934,-0.002250141464173794,0.03915442701452015
2020-11-06,fold_6,COVID crash and V-recovery,-0.0029160035774111748,-1,-0.02064535580575466,-1,0.02064535580575466,-0.3125194655112864,,,,1,206.45355805754662,0.0036322586238384247,-0.012569820508360863,-0.0029160035774111748,-1.099611526163606
2020-11-09,fold_6,COVID crash and V-recovery,-0.0024489061906933784,-1,-0.01807691529393196,-1,0.01807691529393196,-0.29444255021735444,,,,1,180.7691529393196,0.0035961754620075226,0.015848102048039436,-0.0024489061906933784,-0.9987407535989247
2020-11-10,fold_6,COVID crash and V-recovery,-0.001912575215101242,-1,0.022123269736766815,1,-0.022123269736766815,-0.31656581995412125,,,,0,-221.23269736766815,0.003551248461008072,0.030747581273317337,-0.001912575215101242,1.1929141000624843
2020-11-11,fold_6,COVID crash and V-recovery,-0.0022721607238054276,-1,-0.0047051324509084225,-1,0.0047051324509084225,-0.31186068750321283,,,,1,47.051324509084225,0.002626504749059677,0.0012066756607964635,-0.0022721607238054276,-0.24631408484931272
2020-11-12,fold_6,COVID crash and V-recovery,-0.001915525645017624,-1,0.00873431283980608,1,-0.00873431283980608,-0.3205950003430189,,,,0,-87.3431283980608,0.0020145773887634277,0.013706258498132229,-0.001915525645017624,0.45797074181542646
2020-11-13,fold_6,COVID crash and V-recovery,-0.003091532737016678,-1,0.007772567216306925,1,-0.007772567216306925,-0.32836756755932583,,,,0,-77.72567216306925,0.0031410008668899536,-0.0018917557317763567,-0.003091532737016678,0.4062582307615261
2020-11-16,fold_6,COVID crash and V-recovery,-0.0028876271098852158,-1,-0.0031774360686540604,-1,0.0031774360686540604,-0.3251901314906718,,,,1,31.774360686540604,0.0050324946641922,-0.009630321525037289,-0.0028876271098852158,-0.16851969730067273
2020-11-17,fold_6,COVID crash and V-recovery,-0.0027699097990989685,-1,-0.007417635060846806,-1,0.007417635060846806,-0.31777249642982497,,,,1,74.17635060846806,0.009282205253839493,0.007499608676880598,-0.0027699097990989685,-0.3932528488787517
2020-11-18,fold_6,COVID crash and V-recovery,-0.002904217690229416,-1,0.007794450502842665,1,-0.007794450502842665,-0.32556694693266763,,,,0,-77.94450502842665,0.010715443640947342,0.021044887602329254,-0.002904217690229416,0.41165884580625633
2020-11-19,fold_6,COVID crash and V-recovery,-0.001913607120513916,-1,-0.006863702088594437,-1,0.006863702088594437,-0.3187032448440732,,,,1,68.63702088594437,0.010730773210525513,0.02242281287908554,-0.001913607120513916,-0.36097592278577006
2020-11-20,fold_6,COVID crash and V-recovery,-0.002416379749774933,-1,3.400091009098105e-05,1,-3.400091009098105e-05,-0.3187372457541642,,,,0,-0.3400091009098105,0.008787531405687332,0.03132430091500282,-0.002416379749774933,0.0017828542565550293
2020-11-23,fold_6,COVID crash and V-recovery,-0.002272258512675762,-1,0.013952494598925114,1,-0.013952494598925114,-0.3326897403530893,,,,0,-139.52494598925114,0.006624206900596619,0.04402534291148186,-0.002272258512675762,0.7433640469029835
2020-11-24,fold_6,COVID crash and V-recovery,-0.002384522929787636,-1,0.006127643398940563,1,-0.006127643398940563,-0.33881738375202985,,,,0,-61.27643398940563,0.006092999130487442,0.03135693445801735,-0.002384522929787636,0.3234052070137997
2020-11-25,fold_6,COVID crash and V-recovery,-0.002859010361135006,-1,0.009172377176582813,1,-0.009172377176582813,-0.34798976092861267,,,,0,-91.72377176582813,0.004971269518136978,0.02664339542388916,-0.002859010361135006,0.5463967394333243
2020-11-27,fold_6,COVID crash and V-recovery,-0.0024822046980261803,-1,0.0020377866458147764,1,-0.0020377866458147764,-0.35002754757442744,,,,0,-20.377866458147764,0.003570418804883957,0.02153753489255905,-0.0024822046980261803,0.12379010218913579
2020-11-30,fold_6,COVID crash and V-recovery,-0.002839384600520134,-1,0.012735040858387947,1,-0.012735040858387947,-0.3627625884328154,,,,0,-127.35040858387947,0.0005419403314590454,0.025146711617708206,-0.002839384600520134,0.825152095544987
2020-12-01,fold_6,COVID crash and V-recovery,-0.0032802000641822815,-1,0.0012840845156461,1,-0.0012840845156461,-0.3640466729484615,,,,0,-12.840845156461,-0.0026258304715156555,0.0157906636595726,-0.0032802000641822815,0.08186080873771634
2020-12-02,fold_6,COVID crash and V-recovery,-0.00381351076066494,-1,0.0014141055289655924,1,-0.0014141055289655924,-0.3654607784774271,,,,0,-14.141055289655924,-0.0034683533012866974,-0.008394548669457436,-0.00381351076066494,0.09295420381384639
2020-12-03,fold_6,COVID crash and V-recovery,-0.004399856552481651,-1,0.004066517110913992,1,-0.004066517110913992,-0.3695272955883411,,,,0,-40.66517110913992,-0.000657837837934494,-0.005801084917038679,-0.004399856552481651,0.34847327562232994
2020-12-04,fold_6,COVID crash and V-recovery,-0.003196548670530319,-1,0.005646963603794575,1,-0.005646963603794575,-0.37517425919213565,,,,0,-56.46963603794575,0.0009681694209575653,-0.012084580026566982,-0.003196548670530319,0.5540372958545712
2020-12-07,fold_6,COVID crash and V-recovery,-0.0028943894430994987,-1,0.003378992434591055,1,-0.003378992434591055,-0.3785532516267267,,,,0,-33.78992434591055,0.00032934918999671936,-0.010502398945391178,-0.0028943894430994987,0.329049495914118
2020-12-08,fold_6,COVID crash and V-recovery,-0.003522450104355812,-1,-0.022901127114892006,-1,0.022901127114892006,-0.3556521245118347,,,,1,229.01127114892006,-0.001394718885421753,-0.0032489225268363953,-0.003522450104355812,-2.4882146420684146
2020-12-09,fold_6,COVID crash and V-recovery,-0.003302469849586487,-1,0.004007569048553705,1,-0.004007569048553705,-0.3596596935603884,,,,0,-40.07569048553705,-0.0009507127106189728,0.025136673822999,-0.003302469849586487,0.4120471886712415
2020-12-10,fold_6,COVID crash and V-recovery,-0.0031768837943673134,-1,-0.0022169779986143112,-1,0.0022169779986143112,-0.3574427155617741,,,,1,22.169779986143112,0.0004055388271808624,0.0276457741856575,-0.0031768837943673134,-0.2632439802492302
2020-12-11,fold_6,COVID crash and V-recovery,-0.0024018045514822006,-1,0.007229145150631666,1,-0.007229145150631666,-0.36467186071240576,,,,0,-72.29145150631666,-0.0008254013955593109,0.0268356055021286,-0.0024018045514822006,0.8636478044932318
2020-12-14,fold_6,COVID crash and V-recovery,-0.0028884103521704674,-1,0.01063246838748455,1,-0.01063246838748455,-0.3753043290998903,,,,0,-106.3246838748455,-0.0021045170724391937,0.017734089866280556,-0.0028884103521704674,1.2812665826263265
2020-12-15,fold_6,COVID crash and V-recovery,-0.003681689500808716,-1,0.0054844701662659645,1,-0.0054844701662659645,-0.3807887992661563,,,,0,-54.844701662659645,-0.003389880061149597,0.00981712993234396,-0.003681689500808716,0.6486281134756449
2020-12-16,fold_6,COVID crash and V-recovery,-0.0036979475989937782,-1,0.006516668945550919,1,-0.006516668945550919,-0.3873054682117072,,,,0,-65.16668945550919,-0.0009014271199703217,-0.0007163272821344435,-0.0036979475989937782,0.7653729375236511
2020-12-17,fold_6,COVID crash and V-recovery,-0.0035067545250058174,-1,-0.0030271466821432114,-1,0.0030271466821432114,-0.384278321529564,,,,1,30.271466821432114,0.001934487372636795,-0.002830306999385357,-0.0035067545250058174,-0.3570831286606675
2020-12-18,fold_6,COVID crash and V-recovery,-0.0018033180385828018,-1,-0.001872371882200241,-1,0.001872371882200241,-0.38240594964736374,,,,1,18.72371882200241,0.0022483356297016144,0.010225623846054077,-0.0018033180385828018,-0.22493926581037224
2020-12-21,fold_6,COVID crash and V-recovery,-0.002610985189676285,-1,0.002715509617701173,1,-0.002715509617701173,-0.3851214592650649,,,,0,-27.15509617701173,0.001964084804058075,0.01299302838742733,-0.002610985189676285,0.3314875297474319
2020-12-22,fold_6,COVID crash and V-recovery,-0.0027693621814250946,-1,-0.005048987455666065,-1,0.005048987455666065,-0.38007247180939885,,,,1,50.48987455666065,0.0008899495005607605,0.010309210978448391,-0.0027693621814250946,-0.6146537584216499
2020-12-23,fold_6,COVID crash and V-recovery,-0.00260058231651783,-1,0.004402689635753632,1,-0.004402689635753632,-0.3844751614451525,,,,0,-44.026896357536316,0.0012176111340522766,0.017815537750720978,-0.00260058231651783,0.5731001337807812
2020-12-24,fold_6,COVID crash and V-recovery,-0.0028645219281315804,-1,0.010028784163296223,1,-0.010028784163296223,-0.3945039456084487,,,,0,-100.28784163296223,0.0018542520701885223,-0.0008076458470895886,-0.0028645219281315804,1.3156138038421608
2020-12-28,fold_6,COVID crash and V-recovery,-0.002120153047144413,-1,0.0008950326009653509,1,-0.0008950326009653509,-0.39539897820941405,,,,0,-8.950326009653509,0.002199169248342514,-0.0026263040490448475,-0.002120153047144413,0.11659180941941093
2020-12-29,fold_6,COVID crash and V-recovery,-0.00267241895198822,-1,3.169193587382324e-05,1,-3.169193587382324e-05,-0.3954306701452879,,,,0,-0.3169193587382324,0.0029538460075855255,-0.017470380291342735,-0.00267241895198822,0.004134245642294804
2020-12-30,fold_6,COVID crash and V-recovery,-0.003252456896007061,-1,0.0024573400150984526,1,-0.0024573400150984526,-0.39788801016038633,,,,0,-24.573400150984526,0.0032053105533123016,0.00640215864405036,-0.003252456896007061,0.34526923346710536
2024-06-25,fold_7,"Inflation bear, AI rally and 2025",-0.0025040097534656525,-1,0.002063107443973422,1,-0.002063107443973422,-0.002063107443973422,,,,0,-20.63107443973422,0.001315869390964508,0.015729578211903572,-0.0025040097534656525,0.2480774401688555
2024-06-26,fold_7,"Inflation bear, AI rally and 2025",-0.0031690532341599464,-1,0.0025780298747122288,1,-0.0025780298747122288,-0.004641137318685651,,,,0,-25.780298747122288,9.456276893615723e-05,0.021968942135572433,-0.0031690532341599464,0.3111163482075264
2024-06-27,fold_7,"Inflation bear, AI rally and 2025",-0.003726283088326454,-1,-0.005204448942095041,-1,0.005204448942095041,0.0005633116234093904,,,,1,52.04448942095041,0.0007442869246006012,0.029763752594590187,-0.003726283088326454,-0.6382350260450105
2024-06-28,fold_7,"Inflation bear, AI rally and 2025",-0.003480258397758007,-1,0.005847935099154711,1,-0.005847935099154711,-0.00528462347574532,,,,0,-58.47935099154711,0.003174666315317154,0.037343580275774,-0.003480258397758007,0.7423997926176615
2024-07-01,fold_7,"Inflation bear, AI rally and 2025",-0.0025993622839450836,-1,0.010444954968988895,1,-0.010444954968988895,-0.015729578444734216,,,,0,-104.44954968988895,0.004637293517589569,0.032359976321458817,-0.0025993622839450836,1.3098751779381625
2024-07-02,fold_7,"Inflation bear, AI rally and 2025",-0.0024094749242067337,-1,0.008302470669150352,1,-0.008302470669150352,-0.024032049113884568,,,,0,-83.02470669150352,0.003045428544282913,0.032287489622831345,-0.0024094749242067337,1.0097531611324242
2024-07-03,fold_7,"Inflation bear, AI rally and 2025",-0.0028401557356119156,-1,0.010372839868068695,1,-0.010372839868068695,-0.03440488898195326,,,,0,-103.72839868068695,0.0006347335875034332,0.0018107411451637745,-0.0028401557356119156,1.2338218881148515
2024-07-05,fold_7,"Inflation bear, AI rally and 2025",-0.0034278398379683495,-1,0.002375379903241992,1,-0.002375379903241992,-0.036780268885195255,,,,0,-23.75379903241992,-0.0006894208490848541,-0.0027043852023780346,-0.0034278398379683495,0.3170268540244118
2024-07-08,fold_7,"Inflation bear, AI rally and 2025",-0.003332192078232765,-1,0.0008643296314403415,1,-0.0008643296314403415,-0.0376445985166356,,,,0,-8.643296314403415,-0.00020969286561012268,-0.0023955574724823236,-0.003332192078232765,0.11507389364579725
2024-07-09,fold_7,"Inflation bear, AI rally and 2025",-0.003050466999411583,-1,0.010372469201683998,1,-0.010372469201683998,-0.048017067718319595,,,,0,-103.72469201683998,-0.00014991313219070435,-0.002877016318961978,-0.003050466999411583,1.3809774385746778
2024-07-10,fold_7,"Inflation bear, AI rally and 2025",-0.00272972509264946,-1,-0.022174276411533356,-1,0.022174276411533356,-0.02584279130678624,,,,1,221.74276411533356,-0.0029976628720760345,-0.0430438406765461,-0.00272972509264946,-2.8395556157698416
2024-07-11,fold_7,"Inflation bear, AI rally and 2025",-0.0034996606409549713,-1,0.005857713054865599,1,-0.005857713054865599,-0.03170050436165184,,,,0,-58.57713054865599,-0.005294088274240494,-0.025613289326429367,-0.0034996606409549713,0.6420877278904823
2024-07-12,fold_7,"Inflation bear, AI rally and 2025",-0.004381919279694557,-1,0.002684207633137703,1,-0.002684207633137703,-0.03438471199478954,,,,0,-26.84207633137703,-0.004797756671905518,-0.040374159812927246,-0.004381919279694557,0.30693872466430683
2024-07-15,fold_7,"Inflation bear, AI rally and 2025",-0.004015456885099411,-1,0.00038287072675302625,1,-0.00038287072675302625,-0.03476758272154257,,,,0,-3.8287072675302625,-0.0019326955080032349,-0.028270574286580086,-0.004015456885099411,0.044099727267770325
2024-07-16,fold_7,"Inflation bear, AI rally and 2025",-0.003433072008192539,-1,-0.02979435585439205,-1,0.02979435585439205,-0.004973226867150515,,,,1,297.9435585439205,-0.00012063607573509216,-0.03218429908156395,-0.003433072008192539,-3.462402666184191
2024-07-17,fold_7,"Inflation bear, AI rally and 2025",-0.0030720923095941544,-1,-0.004743724595755339,-1,0.004743724595755339,-0.00022950227139517665,,,,1,47.43724595755339,-0.00016947835683822632,-0.038919322192668915,-0.0030720923095941544,-0.45021193175523166
2024-07-18,fold_7,"Inflation bear, AI rally and 2025",-0.0033645126968622208,-1,-0.008903156965970993,-1,0.008903156965970993,0.008673654694575816,,,,1,89.03156965970993,-0.0002836845815181732,-0.045264601707458496,-0.0033645126968622208,-0.8407390180070969
2024-07-19,fold_7,"Inflation bear, AI rally and 2025",-0.0033382996916770935,-1,0.014787793159484863,1,-0.014787793159484863,-0.006114138464909047,,,,0,-147.87793159484863,0.0007609091699123383,-0.026157695800065994,-0.0033382996916770935,1.3904370170925573
2024-07-22,fold_7,"Inflation bear, AI rally and 2025",-0.0024706823751330376,-1,-0.0035308548249304295,-1,0.0035308548249304295,-0.0025832836399786174,,,,1,35.308548249304295,0.0015006139874458313,-0.038938675075769424,-0.0024706823751330376,-0.31748379855643816
2024-07-23,fold_7,"Inflation bear, AI rally and 2025",-0.0023288922384381294,-1,-0.03652937710285187,-1,0.03652937710285187,0.03394609346287325,,,,1,365.2937710285187,0.0010431371629238129,-0.049234386533498764,-0.0023288922384381294,-3.366324504216688
2024-07-24,fold_7,"Inflation bear, AI rally and 2025",-0.0028736628592014313,-1,-0.011089004576206207,-1,0.011089004576206207,0.04503509803907946,,,,1,110.89004576206207,0.0001706145703792572,0.016459202393889427,-0.0028736628592014313,-0.8311367073785129
2024-07-25,fold_7,"Inflation bear, AI rally and 2025",-0.0029700538143515587,-1,0.01020374707877636,1,-0.01020374707877636,0.0348313509603031,,,,0,-102.0374707877636,0.0012568868696689606,0.003028667066246271,-0.0029700538143515587,0.7523452168158241
2024-07-26,fold_7,"Inflation bear, AI rally and 2025",-0.0024660658091306686,-1,0.0020068141166120768,1,-0.0020068141166120768,0.03282453684369102,,,,0,-20.068141166120768,0.0009200870990753174,-0.031196199357509613,-0.0024660658091306686,0.14604485969080083
2024-07-29,fold_7,"Inflation bear, AI rally and 2025",-0.002702268771827221,-1,-0.013826565816998482,-1,0.013826565816998482,0.0466511026606895,,,,1,138.26565816998482,0.0006628893315792084,-0.063472680747509,-0.002702268771827221,-1.0093074248608767
2024-07-30,fold_7,"Inflation bear, AI rally and 2025",-0.0035988222807645798,-1,0.029164211824536324,1,-0.029164211824536324,0.01748689083615318,,,,0,-291.64211824536324,0.0012107528746128082,-0.04013648256659508,-0.0035988222807645798,2.085750291487153
2024-07-31,fold_7,"Inflation bear, AI rally and 2025",-0.0029106540605425835,-1,-0.02451954036951065,-1,0.02451954036951065,0.04200643120566383,,,,1,245.1954036951065,0.002083469182252884,-0.080189548432827,-0.0029106540605425835,-1.6077581412371202
2024-08-01,fold_7,"Inflation bear, AI rally and 2025",-0.002792865037918091,-1,-0.024021118879318237,-1,0.024021118879318237,0.06602755008498207,,,,1,240.21118879318237,0.003186214715242386,-0.025537710636854172,-0.002792865037918091,-1.4920247357675547
2024-08-02,fold_7,"Inflation bear, AI rally and 2025",-0.002708880230784416,-1,-0.030269667506217957,-1,0.030269667506217957,0.09629721759120002,,,,1,302.69667506217957,0.0033866874873638153,0.0036923731677234173,-0.002708880230784416,-1.8003931776647635
2024-08-05,fold_7,"Inflation bear, AI rally and 2025",-0.00235655065625906,-1,0.009509631432592869,1,-0.009509631432592869,0.08678758615860716,,,,0,-95.09631432592869,0.003708094358444214,0.03611313924193382,-0.00235655065625906,0.524920691891243
2024-08-06,fold_7,"Inflation bear, AI rally and 2025",-0.0022107334807515144,-1,-0.01088885311037302,-1,0.01088885311037302,0.09767643926898018,,,,1,108.8885311037302,0.0033833757042884827,0.05111347883939743,-0.0022107334807515144,-0.5969875219152809
2024-08-07,fold_7,"Inflation bear, AI rally and 2025",-0.0022671595215797424,-1,0.030132297426462173,1,-0.030132297426462173,0.067544141842518,,,,0,-301.32297426462173,0.0037404820322990417,0.062326643615961075,-0.0022671595215797424,1.6506589822195037
2024-08-08,fold_7,"Inflation bear, AI rally and 2025",-0.002955768257379532,-1,0.005208965390920639,1,-0.005208965390920639,0.06233517645159736,,,,0,-52.08965390920639,0.004374891519546509,0.05714362487196922,-0.002955768257379532,0.2768349311927352
2024-08-09,fold_7,"Inflation bear, AI rally and 2025",-0.00289032980799675,-1,0.0021510969381779432,1,-0.0021510969381779432,0.06018407951341942,,,,0,-21.510969381779432,0.006257425993680954,0.05321963131427765,-0.00289032980799675,0.1143798882170997
2024-08-12,fold_7,"Inflation bear, AI rally and 2025",-0.002513403072953224,-1,0.02450997196137905,1,-0.02450997196137905,0.03567410755204037,,,,0,-245.0997196137905,0.00795646384358406,0.06411891430616379,-0.002513403072953224,1.303501943679819
2024-08-13,fold_7,"Inflation bear, AI rally and 2025",-0.0019248053431510925,-1,0.00032431332510896027,1,-0.00032431332510896027,0.03534979422693141,,,,0,-3.2431332510896027,0.007552351802587509,0.03750813379883766,-0.0019248053431510925,0.01655891126018704
2024-08-14,fold_7,"Inflation bear, AI rally and 2025",-0.00204413291066885,-1,0.024949276819825172,1,-0.024949276819825172,0.010400517407106236,,,,0,-249.49276819825172,0.006361763924360275,0.041837096214294434,-0.00204413291066885,1.3546411923098562
2024-08-15,fold_7,"Inflation bear, AI rally and 2025",-0.0024245809763669968,-1,0.0012849696213379502,1,-0.0012849696213379502,0.009115547785768285,,,,0,-12.849696213379502,0.004891879856586456,0.0009060029406100512,-0.0024245809763669968,0.0668740747706282
2024-08-16,fold_7,"Inflation bear, AI rally and 2025",-0.002402679994702339,-1,0.0130503810942173,1,-0.0130503810942173,-0.003934833308449015,,,,0,-130.503810942173,0.004969865083694458,0.010408023372292519,-0.002402679994702339,0.6827829402239022
2024-08-19,fold_7,"Inflation bear, AI rally and 2025",-0.0025315256789326668,-1,-0.002100807148963213,-1,0.002100807148963213,-0.001834026159485802,,,,1,21.00807148963213,0.005247119814157486,-0.012398049235343933,-0.0025315256789326668,-0.11027773996348064
2024-08-20,fold_7,"Inflation bear, AI rally and 2025",-0.0026490138843655586,-1,0.004653274081647396,1,-0.004653274081647396,-0.006487300241133198,,,,0,-46.53274081647396,0.004657533019781113,-0.007314376067370176,-0.0026490138843655586,0.2444000893406978
2024-08-21,fold_7,"Inflation bear, AI rally and 2025",-0.003040047362446785,-1,-0.01598181575536728,-1,0.01598181575536728,0.009494515514234081,,,,1,159.8181575536728,0.0037617795169353485,-0.023379897698760033,-0.003040047362446785,-0.9275646245457356
2024-08-22,fold_7,"Inflation bear, AI rally and 2025",-0.003365304321050644,-1,0.010786990635097027,1,-0.010786990635097027,-0.001292475120862946,,,,0,-107.86990635097027,0.0038476139307022095,-0.008863111026585102,-0.003365304321050644,0.6191949924164502
2024-08-23,fold_7,"Inflation bear, AI rally and 2025",-0.002818419598042965,-1,-0.009755691513419151,-1,0.009755691513419151,0.008463216392556205,,,,1,97.55691513419151,0.0041578225791454315,-0.007801180239766836,-0.002818419598042965,-0.559432470656507
2024-08-26,fold_7,"Inflation bear, AI rally and 2025",-0.0029415395110845566,-1,0.0029828662518411875,1,-0.0029828662518411875,0.005480350140715018,,,,0,-29.828662518411875,0.004945490509271622,-0.028876792639493942,-0.0029415395110845566,0.16978265810020524
2024-08-27,fold_7,"Inflation bear, AI rally and 2025",-0.0033038612455129623,-1,-0.011412248015403748,-1,0.011412248015403748,0.016892598156118765,,,,1,114.12248015403748,0.0051513127982616425,-0.03446156159043312,-0.0033038612455129623,-0.659384942491126
2024-08-28,fold_7,"Inflation bear, AI rally and 2025",-0.002979479730129242,-1,-0.0014650279190391302,-1,0.0014650279190391302,0.018357626075157896,,,,1,14.650279190391302,0.005400974303483963,-0.02211609296500683,-0.002979479730129242,-0.0902464387601881
2024-08-29,fold_7,"Inflation bear, AI rally and 2025",-0.0029722684994339943,-1,0.011848920956254005,1,-0.011848920956254005,0.00650870511890389,,,,0,-118.48920956254005,0.004326626658439636,-0.04780372232198715,-0.0029722684994339943,0.7752877777932282
2024-08-30,fold_7,"Inflation bear, AI rally and 2025",-0.002717328257858753,-1,-0.03083130531013012,-1,0.03083130531013012,0.03734001042903401,,,,1,308.3130531013012,0.003490246832370758,-0.046875014901161194,-0.002717328257858753,-2.118767250124786
2024-09-03,fold_7,"Inflation bear, AI rally and 2025",-0.0027388520538806915,-1,-0.0026019022334367037,-1,0.0026019022334367037,0.03994191266247071,,,,1,26.019022334367037,0.0033536404371261597,-0.006844343151897192,-0.0027388520538806915,-0.17808602031578946
2024-09-04,fold_7,"Inflation bear, AI rally and 2025",-0.002503257244825363,-1,0.0009332209010608494,1,-0.0009332209010608494,0.039008691761409864,,,,0,-9.332209010608494,0.0022104494273662567,0.017240503802895546,-0.002503257244825363,0.06450909024050137
2024-09-05,fold_7,"Inflation bear, AI rally and 2025",-0.0026946133002638817,-1,-0.02715265564620495,-1,0.02715265564620495,0.06616134740761481,,,,1,271.5265564620495,0.0010029599070549011,0.026075517758727074,-0.0026946133002638817,-1.9038919504433214
2024-09-06,fold_7,"Inflation bear, AI rally and 2025",-0.003234805539250374,-1,0.012777626514434814,1,-0.012777626514434814,0.05338372089318,,,,0,-127.77626514434814,0.0007941387593746185,0.05769813060760498,-0.003234805539250374,0.9153524726053623
2024-09-09,fold_7,"Inflation bear, AI rally and 2025",-0.0030115656554698944,-1,0.009199365973472595,1,-0.009199365973472595,0.0441843549197074,,,,0,-91.99365973472595,0.00026209279894828796,0.040492791682481766,-0.0030115656554698944,0.6477990684838638
2024-09-10,fold_7,"Inflation bear, AI rally and 2025",-0.003096918575465679,-1,0.02148294448852539,1,-0.02148294448852539,0.022701410431182012,,,,0,-214.8294448852539,-0.00018020719289779663,0.03182163089513779,-0.003096918575465679,1.4979981112463576
2024-09-11,fold_7,"Inflation bear, AI rally and 2025",-0.0031593507155776024,-1,0.009768233634531498,1,-0.009768233634531498,0.012933176796650514,,,,0,-97.68233634531498,-0.0019513145089149475,0.005999751389026642,-0.0031593507155776024,0.6929635978910342
2024-09-12,fold_7,"Inflation bear, AI rally and 2025",-0.0030953651294112206,-1,0.004469958133995533,1,-0.004469958133995533,0.008463218662654981,,,,0,-44.69958133995533,-0.0028760582208633423,0.02120135724544525,-0.0030953651294112206,0.31336561528243373
2024-09-13,fold_7,"Inflation bear, AI rally and 2025",-0.0035874387249350548,-1,-0.004427712876349688,-1,0.004427712876349688,0.012890931539004669,,,,1,44.277128763496876,-0.0030945390462875366,0.014826271682977676,-0.0035874387249350548,-0.3362951999478053
2024-09-16,fold_7,"Inflation bear, AI rally and 2025",-0.003290059044957161,-1,0.0005282060010358691,1,-0.0005282060010358691,0.0123627255379688,,,,0,-5.282060010358691,-0.002444744110107422,0.021901145577430725,-0.003290059044957161,0.04001501336320814
2024-09-17,fold_7,"Inflation bear, AI rally and 2025",-0.0032970067113637924,-1,-0.0043389336206018925,-1,0.0043389336206018925,0.016701659158570692,,,,1,43.389336206018925,-0.0018158815801143646,0.026184871792793274,-0.0032970067113637924,-0.33702704962507524
2024-09-18,fold_7,"Inflation bear, AI rally and 2025",-0.0031290408223867416,-1,0.024969838559627533,1,-0.024969838559627533,-0.008268179401056841,,,,0,-249.69838559627533,-0.0016544535756111145,0.031450558453798294,-0.0031290408223867416,1.9353316350330982
2024-09-19,fold_7,"Inflation bear, AI rally and 2025",-0.002666730433702469,-1,-0.001905126846395433,-1,0.001905126846395433,-0.006363052554661408,,,,1,19.05126846395433,-0.00148671492934227,0.013965615071356297,-0.002666730433702469,-0.13588783905280025
2024-09-20,fold_7,"Inflation bear, AI rally and 2025",-0.0031736064702272415,-1,0.00264716031961143,1,-0.00264716031961143,-0.009010212874272838,,,,0,-26.4716031961143,-3.096088767051697e-05,0.010298335924744606,-0.0031736064702272415,0.19516890485055438
2024-09-23,fold_7,"Inflation bear, AI rally and 2025",-0.0031842440366744995,-1,0.004811933264136314,1,-0.004811933264136314,-0.013822146138409153,,,,0,-48.119332641363144,0.002465415745973587,0.010359362699091434,-0.0031842440366744995,0.3601650575373757
2024-09-24,fold_7,"Inflation bear, AI rally and 2025",-0.0027348892763257027,-1,0.000926753506064415,1,-0.000926753506064415,-0.014748899644473568,,,,0,-9.26753506064415,0.005089029669761658,-0.00848300475627184,-0.0027348892763257027,0.07007636915393543
2024-09-25,fold_7,"Inflation bear, AI rally and 2025",-0.0026124408468604088,-1,0.007484894711524248,1,-0.007484894711524248,-0.022233794355997816,,,,0,-74.84894711524248,0.004684519022703171,-0.0079979058355093,-0.0026124408468604088,0.5666209948426726
2024-09-26,fold_7,"Inflation bear, AI rally and 2025",-0.0028238706290721893,-1,-0.005572405643761158,-1,0.005572405643761158,-0.016661388712236658,,,,1,55.72405643761158,0.0033541880548000336,-0.01623002626001835,-0.0028238706290721893,-0.42640010528638966
2024-09-27,fold_7,"Inflation bear, AI rally and 2025",-0.0032073818147182465,-1,0.002708186861127615,1,-0.002708186861127615,-0.019369575573364273,,,,0,-27.08186861127615,0.002422608435153961,0.0011703327763825655,-0.0032073818147182465,0.20635895787142886
2024-09-30,fold_7,"Inflation bear, AI rally and 2025",-0.002851087599992752,-1,-0.01403043419122696,-1,0.01403043419122696,-0.0053391413821373135,,,,1,140.3043419122696,0.0027747713029384613,-0.01230729091912508,-0.002851087599992752,-1.0903610458416224
2024-10-01,fold_7,"Inflation bear, AI rally and 2025",-0.0027358494699001312,-1,0.0014118520775809884,1,-0.0014118520775809884,-0.006750993459718302,,,,0,-14.118520775809884,0.0035407468676567078,0.01654731296002865,-0.0027358494699001312,0.12484405696456018
2024-10-02,fold_7,"Inflation bear, AI rally and 2025",-0.003021104261279106,-1,-0.0007472253055311739,-1,0.0007472253055311739,-0.006003768154187128,,,,1,7.4722530553117394,0.0038087889552116394,0.022973094135522842,-0.003021104261279106,-0.06613572954546378
2024-10-03,fold_7,"Inflation bear, AI rally and 2025",-0.002849731594324112,-1,0.011827953159809113,1,-0.011827953159809113,-0.01783172131399624,,,,0,-118.27953159809113,0.005070239305496216,0.022584062069654465,-0.002849731594324112,1.0469375004229724
2024-10-04,fold_7,"Inflation bear, AI rally and 2025",-0.0029604472219944,-1,-0.010769437067210674,-1,0.010769437067210674,-0.007062284246785566,,,,1,107.69437067210674,0.005696002393960953,0.012317989021539688,-0.0029604472219944,-1.0891617760661183
2024-10-07,fold_7,"Inflation bear, AI rally and 2025",-0.002667645923793316,-1,0.014824170619249344,1,-0.014824170619249344,-0.02188645486603491,,,,0,-148.24170619249344,0.005778331309556961,0.03144397586584091,-0.002667645923793316,1.5176988523165102
2024-10-08,fold_7,"Inflation bear, AI rally and 2025",-0.0023624515160918236,-1,0.007837631739675999,1,-0.007837631739675999,-0.02972408660571091,,,,0,-78.37631739675999,0.0050485022366046906,0.0031628955621272326,-0.0023624515160918236,0.7754292898477891
2024-10-09,fold_7,"Inflation bear, AI rally and 2025",-0.0024583470076322556,-1,-0.0011362562654539943,-1,0.0011362562654539943,-0.028587830340256914,,,,1,11.362562654539943,0.0030483268201351166,-0.004552541300654411,-0.0024583470076322556,-0.1253588476074635
2024-10-10,fold_7,"Inflation bear, AI rally and 2025",-0.0028898799791932106,-1,0.001561879413202405,1,-0.001561879413202405,-0.03014970975345932,,,,0,-15.61879413202405,-9.950995445251465e-05,-0.0027240037452429533,-0.0028898799791932106,0.17747454318489056
2024-10-11,fold_7,"Inflation bear, AI rally and 2025",-0.003597019240260124,-1,0.008356551639735699,1,-0.008356551639735699,-0.03850626139319502,,,,0,-83.56551639735699,-0.002653457224369049,0.002247402211651206,-0.003597019240260124,0.9549677424647902
2024-10-14,fold_7,"Inflation bear, AI rally and 2025",-0.003840431571006775,-1,-0.013456911779940128,-1,0.013456911779940128,-0.02504934961325489,,,,1,134.56911779940128,-0.004150371998548508,-0.004189664032310247,-0.003840431571006775,-1.5132110812818254
2024-10-15,fold_7,"Inflation bear, AI rally and 2025",-0.003956859931349754,-1,0.0001221949642058462,1,-0.0001221949642058462,-0.025171544577460736,,,,0,-1.221949642058462,-0.0034617818892002106,0.010356641374528408,-0.003956859931349754,0.013016782504661328
2024-10-16,fold_7,"Inflation bear, AI rally and 2025",-0.0029903892427682877,-1,0.0006922814645804465,1,-0.0006922814645804465,-0.025863826042041183,,,,0,-6.922814645804465,-0.003744009882211685,-0.005208073649555445,-0.0029903892427682877,0.07414180294465159
2024-10-17,fold_7,"Inflation bear, AI rally and 2025",-0.002740318886935711,-1,0.006533285602927208,1,-0.006533285602927208,-0.03239711164496839,,,,0,-65.33285602927208,-0.0049330852925777435,0.002175822388380766,-0.002740318886935711,0.8727836942491176
2024-10-18,fold_7,"Inflation bear, AI rally and 2025",-0.0039017032831907272,-1,0.0019194857450202107,1,-0.0019194857450202107,-0.0343165973899886,,,,0,-19.194857450202107,-0.004975959658622742,0.0017176733817905188,-0.0039017032831907272,0.2520701414263569
2024-10-21,fold_7,"Inflation bear, AI rally and 2025",-0.00397125631570816,-1,0.0010893935104832053,1,-0.0010893935104832053,-0.035405990900471807,,,,0,-10.893935104832053,-0.0009102039039134979,-4.0421302401227877e-05,-0.00397125631570816,0.1432664185763382
2024-10-22,fold_7,"Inflation bear, AI rally and 2025",-0.003394140861928463,-1,-0.015442520380020142,-1,0.015442520380020142,-0.019963470520451665,,,,1,154.42520380020142,0.003325648605823517,0.008432736620306969,-0.003394140861928463,-2.05041872134211
2024-10-23,fold_7,"Inflation bear, AI rally and 2025",-0.0020223334431648254,-1,0.008076177909970284,1,-0.008076177909970284,-0.02803964843042195,,,,0,-80.76177909970284,0.004527054727077484,0.016289012506604195,-0.0020223334431648254,0.975069619641989
2024-10-24,fold_7,"Inflation bear, AI rally and 2025",-0.0016601653769612312,-1,0.006075136363506317,1,-0.006075136363506317,-0.034114784793928266,,,,0,-60.75136363506317,0.002741605043411255,-0.01735398918390274,-0.0016601653769612312,0.7310287339358255
2024-10-25,fold_7,"Inflation bear, AI rally and 2025",-0.0022767474874854088,-1,0.00016139104263857007,1,-0.00016139104263857007,-0.034276175836566836,,,,0,-1.6139104263857007,-0.0004912912845611572,-0.016057491302490234,-0.0022767474874854088,0.019379350634746075
2024-10-28,fold_7,"Inflation bear, AI rally and 2025",-0.0028024353086948395,-1,0.00956255104392767,1,-0.00956255104392767,-0.043838726880494505,,,,0,-95.6255104392767,-0.001379113644361496,-0.019136182963848114,-0.0028024353086948395,1.1512792631994628
2024-10-29,fold_7,"Inflation bear, AI rally and 2025",-0.0032131224870681763,-1,-0.007586243096739054,-1,0.007586243096739054,-0.03625248378375545,,,,1,75.86243096739054,0.00013546273112297058,-0.016022659838199615,-0.0032131224870681763,-0.9503655323814653
2024-10-30,fold_7,"Inflation bear, AI rally and 2025",-0.002980281598865986,-1,-0.02556682378053665,-1,0.02556682378053665,-0.0106856600032188,,,,1,255.66823780536652,0.0016460791230201721,0.018364498391747475,-0.002980281598865986,-3.135267415563969
2024-10-31,fold_7,"Inflation bear, AI rally and 2025",-0.002574590966105461,-1,0.007371632847934961,1,-0.007371632847934961,-0.01805729285115376,,,,0,-73.71632847934961,0.0024853236973285675,0.05955290049314499,-0.002574590966105461,0.7403067553257175
2024-11-01,fold_7,"Inflation bear, AI rally and 2025",-0.002370760776102543,-1,-0.0029172992799431086,-1,0.0029172992799431086,-0.015139993571210653,,,,1,29.172992799431086,0.002877935767173767,0.05334897339344025,-0.002370760776102543,-0.29950634869518994
2024-11-04,fold_7,"Inflation bear, AI rally and 2025",-0.0026157675310969353,-1,0.012676074169576168,1,-0.012676074169576168,-0.02781606774078682,,,,0,-126.76074169576168,0.003436978906393051,0.055682770907878876,-0.0026157675310969353,1.3398945483494553
2024-11-05,fold_7,"Inflation bear, AI rally and 2025",-0.0030370447784662247,-1,0.026800915598869324,1,-0.026800915598869324,-0.054616983339656144,,,,0,-268.00915598869324,0.004618071019649506,0.04119488596916199,-0.0030370447784662247,2.8808626073089583
2024-11-06,fold_7,"Inflation bear, AI rally and 2025",-0.0026572318747639656,-1,0.015621576458215714,1,-0.015621576458215714,-0.07023855979787186,,,,0,-156.21576458215714,0.005447886884212494,0.01310655102133751,-0.0026572318747639656,1.4296840550942842
2024-11-07,fold_7,"Inflation bear, AI rally and 2025",-0.0023264549672603607,-1,0.0011677085421979427,1,-0.0011677085421979427,-0.0714062683400698,,,,0,-11.677085421979427,0.0046248771250247955,-0.00948903989046812,-0.0023264549672603607,0.10181834569816123
2024-11-08,fold_7,"Inflation bear, AI rally and 2025",-0.002905788831412792,-1,-0.0005835042102262378,-1,0.0005835042102262378,-0.07082276412984356,,,,1,5.835042102262378,0.00360841304063797,-0.034771133214235306,-0.002905788831412792,-0.05088905969453027
2024-11-11,fold_7,"Inflation bear, AI rally and 2025",-0.003065713681280613,-1,-0.0018118094885721803,-1,0.0018118094885721803,-0.06901095464127138,,,,1,18.118094885721803,0.002765502780675888,-0.02726396732032299,-0.003065713681280613,-0.16014334393689053
2024-11-12,fold_7,"Inflation bear, AI rally and 2025",-0.0028495751321315765,-1,-0.0012874208623543382,-1,0.0012874208623543382,-0.06772353377891704,,,,1,12.874208623543382,0.002773299813270569,-0.018596025183796883,-0.0028495751321315765,-0.11796369941144873
2024-11-13,fold_7,"Inflation bear, AI rally and 2025",-0.002739916555583477,-1,-0.006974013987928629,-1,0.006974013987928629,-0.060749519790988415,,,,1,69.74013987928629,0.0016380585730075836,-0.01788480579853058,-0.002739916555583477,-0.6387942340020782
2024-11-14,fold_7,"Inflation bear, AI rally and 2025",-0.0026780860498547554,-1,-0.02411438338458538,-1,0.02411438338458538,-0.036635136406403035,,,,1,241.1438338458538,0.00238124281167984,-0.00732002779841423,-0.0026780860498547554,-2.1868111876517204
2024-11-15,fold_7,"Inflation bear, AI rally and 2025",-0.0029024137184023857,-1,0.006923658773303032,1,-0.006923658773303032,-0.04355879517970607,,,,0,-69.23658773303032,0.004697021096944809,0.018397189676761627,-0.0029024137184023857,0.5680860031384004
2024-11-18,fold_7,"Inflation bear, AI rally and 2025",-0.00254921056330204,-1,0.006856133230030537,1,-0.006856133230030537,-0.050414928409736603,,,,0,-68.56133230030537,0.007392168045043945,0.01305388379842043,-0.00254921056330204,0.558401971919163
2024-11-19,fold_7,"Inflation bear, AI rally and 2025",-0.0023999400436878204,-1,-0.0005762007203884423,-1,0.0005762007203884423,-0.04983872768934816,,,,1,5.762007203884423,0.008391354233026505,0.01155262440443039,-0.0023999400436878204,-0.046576442710721276
2024-11-20,fold_7,"Inflation bear, AI rally and 2025",-0.0021241512149572372,-1,0.0035907637793570757,1,-0.0035907637793570757,-0.05342949146870524,,,,0,-35.90763779357076,0.006914500147104263,0.0042242552153766155,-0.0021241512149572372,0.30225052300490235
2024-11-21,fold_7,"Inflation bear, AI rally and 2025",-0.0019879844039678574,-1,0.0016028343234211206,1,-0.0016028343234211206,-0.05503232579212636,,,,0,-16.028343234211206,0.003933873027563095,0.00938198808580637,-0.0019879844039678574,0.1361859766994263
2024-11-22,fold_7,"Inflation bear, AI rally and 2025",-0.00286116823554039,-1,0.0015803531277924776,1,-0.0015803531277924776,-0.056612678919918835,,,,0,-15.803531277924776,0.0025401748716831207,0.01860809698700905,-0.00286116823554039,0.13511581519797833
2024-11-25,fold_7,"Inflation bear, AI rally and 2025",-0.0032293815165758133,-1,0.0053548733703792095,1,-0.0053548733703792095,-0.061967552290298045,,,,0,-53.548733703792095,0.002373557537794113,0.020089376717805862,-0.0032293815165758133,0.457620211764222
2024-11-26,fold_7,"Inflation bear, AI rally and 2025",-0.002611633390188217,-1,-0.007904569618403912,-1,0.007904569618403912,-0.05406298267189413,,,,1,79.04569618403912,0.0017316006124019623,0.027021605521440506,-0.002611633390188217,-0.6833908702918953
2024-11-27,fold_7,"Inflation bear, AI rally and 2025",-0.002750587649643421,-1,0.008748495951294899,1,-0.008748495951294899,-0.06281147862318903,,,,0,-87.48495951294899,0.00018653273582458496,0.03215114027261734,-0.002750587649643421,0.7556567176370566
2024-11-29,fold_7,"Inflation bear, AI rally and 2025",-0.003031766042113304,-1,0.010828942991793156,1,-0.010828942991793156,-0.07364042161498219,,,,0,-108.28942991793156,-0.0006442628800868988,0.03231269493699074,-0.003031766042113304,1.055899376910174
2024-12-02,fold_7,"Inflation bear, AI rally and 2025",-0.003334229812026024,-1,0.003061633324250579,1,-0.003061633324250579,-0.07670205493923277,,,,0,-30.61633324250579,-0.0001148805022239685,0.013665560632944107,-0.003334229812026024,0.29416382393420215
2024-12-03,fold_7,"Inflation bear, AI rally and 2025",-0.003926616162061691,-1,0.01228710263967514,1,-0.01228710263967514,-0.08898915757890791,,,,0,-122.8710263967514,0.002315826714038849,0.007190646603703499,-0.003926616162061691,1.180318253081192
2024-12-04,fold_7,"Inflation bear, AI rally and 2025",-0.00326736643910408,-1,-0.0027750355657190084,-1,0.0027750355657190084,-0.0862141220131889,,,,1,27.750355657190084,0.004293914884328842,0.012647631578147411,-0.00326736643910408,-0.2671733985316268
2024-12-05,fold_7,"Inflation bear, AI rally and 2025",-0.00291308481246233,-1,0.008910051546990871,1,-0.008910051546990871,-0.09512417356017977,,,,0,-89.10051546990871,0.0052389055490493774,0.008947910740971565,-0.00291308481246233,1.0474948066388639
2024-12-06,fold_7,"Inflation bear, AI rally and 2025",-0.0027241213247179985,-1,-0.007818191312253475,-1,0.007818191312253475,-0.0873059822479263,,,,1,78.18191312253475,0.003596864640712738,0.007663036696612835,-0.0027241213247179985,-0.9763530416449152
2024-12-09,fold_7,"Inflation bear, AI rally and 2025",-0.0027136318385601044,-1,-0.0034132804721593857,-1,0.0034132804721593857,-0.08389270177576691,,,,1,34.13280472159386,0.002838030457496643,0.029779212549328804,-0.0027136318385601044,-0.41666036610704454
2024-12-10,fold_7,"Inflation bear, AI rally and 2025",-0.003340810537338257,-1,0.017744088545441628,1,-0.017744088545441628,-0.10163679032120854,,,,0,-177.44088545441628,0.003145739436149597,0.028778880834579468,-0.003340810537338257,2.1569583437642637
2024-12-11,fold_7,"Inflation bear, AI rally and 2025",-0.002860523760318756,-1,-0.006474756635725498,-1,0.006474756635725498,-0.09516203368548304,,,,1,64.74756635725498,0.0024532750248908997,-0.025708824396133423,-0.002860523760318756,-0.7096169509710132
2024-12-12,fold_7,"Inflation bear, AI rally and 2025",-0.0027152355760335922,-1,0.007625177036970854,1,-0.007625177036970854,-0.10278721072245389,,,,0,-76.25177036970854,0.002882435917854309,-0.023697493597865105,-0.0027152355760335922,0.8257751735954242
2024-12-13,fold_7,"Inflation bear, AI rally and 2025",-0.0030765142291784286,-1,0.01429798360913992,1,-0.01429798360913992,-0.11708519433159381,,,,0,-142.9798360913992,0.003743942826986313,-0.022628068923950195,-0.0030765142291784286,1.5441146298969766
2024-12-16,fold_7,"Inflation bear, AI rally and 2025",-0.0025550443679094315,-1,-0.004413610324263573,-1,0.004413610324263573,-0.11267158400733024,,,,1,44.13610324263573,0.003854796290397644,-0.02723037078976631,-0.0025550443679094315,-0.5396602766272658
2024-12-17,fold_7,"Inflation bear, AI rally and 2025",-0.0029281936585903168,-1,-0.03674361854791641,-1,0.03674361854791641,-0.07592796545941383,,,,1,367.4361854791641,0.00441279262304306,-0.00934807863086462,-0.0029281936585903168,-4.541270883179465
2024-12-18,fold_7,"Inflation bear, AI rally and 2025",-0.0029244553297758102,-1,-0.004463426768779755,-1,0.004463426768779755,-0.07146453869063407,,,,1,44.634267687797546,0.0048181042075157166,0.026716021820902824,-0.0029244553297758102,-0.39053926853043847
2024-12-19,fold_7,"Inflation bear, AI rally and 2025",-0.002496710978448391,-1,0.00869460217654705,1,-0.00869460217654705,-0.08015914086718112,,,,0,-86.9460217654705,0.006469275802373886,0.017797116190195084,-0.002496710978448391,0.7579205871356646
2024-12-20,fold_7,"Inflation bear, AI rally and 2025",-0.002322264015674591,-1,0.009695682674646378,1,-0.009695682674646378,-0.0898548235418275,,,,0,-96.95682674646378,0.005647104233503342,-0.004286685958504677,-0.002322264015674591,0.8352949709807537
2024-12-23,fold_7,"Inflation bear, AI rally and 2025",-0.002233954146504402,-1,0.013468680903315544,1,-0.013468680903315544,-0.10332350444514304,,,,0,-134.68680903315544,0.004150085151195526,-0.02251328155398369,-0.002233954146504402,1.1411439948871818
2024-12-24,fold_7,"Inflation bear, AI rally and 2025",-0.003012837842106819,-1,-0.000679517223034054,-1,0.000679517223034054,-0.10264398722210899,,,,1,6.79517223034054,0.0026868022978305817,-0.03793996945023537,-0.003012837842106819,-0.05580862951838488
2024-12-26,fold_7,"Inflation bear, AI rally and 2025",-0.003200983628630638,-1,-0.01338233333081007,-1,0.01338233333081007,-0.08926165389129892,,,,1,133.8233333081007,0.0028703585267066956,-0.02102765068411827,-0.003200983628630638,-1.104355311002339
2024-12-27,fold_7,"Inflation bear, AI rally and 2025",-0.002683616243302822,-1,-0.013389199040830135,-1,0.013389199040830135,-0.07587245485046878,,,,1,133.89199040830135,0.004706338047981262,0.0037819980643689632,-0.002683616243302822,-1.0836190505276386
2024-12-30,fold_7,"Inflation bear, AI rally and 2025",-0.0023977356031537056,-1,-0.008530912920832634,-1,0.008530912920832634,-0.06734154192963615,,,,1,85.30912920832634,0.005585581064224243,-0.0008342231158167124,-0.0023977356031537056,-0.6790967534261981
2024-12-31,fold_7,"Inflation bear, AI rally and 2025",-0.00226553063839674,-1,-0.001958006527274847,-1,0.001958006527274847,-0.0653835354023613,,,,1,19.58006527274847,0.0046639591455459595,0.007871338166296482,-0.00226553063839674,-0.15697591873959477
2025-01-02,fold_7,"Inflation bear, AI rally and 2025",-0.0025431104004383087,-1,0.016232801601290703,1,-0.016232801601290703,-0.081616337003652,,,,0,-162.32801601290703,0.003620259463787079,-0.005975963082164526,-0.0025431104004383087,1.302564693849145
2025-01-03,fold_7,"Inflation bear, AI rally and 2025",-0.002716613933444023,-1,0.011427314952015877,1,-0.011427314952015877,-0.09304365195566788,,,,0,-114.27314952015877,0.004162892699241638,-0.025427700951695442,-0.002716613933444023,0.9007871628095191
2025-01-06,fold_7,"Inflation bear, AI rally and 2025",-0.0028776852414011955,-1,-0.01800542138516903,-1,0.01800542138516903,-0.07503823057049885,,,,1,180.0542138516903,0.0066185034811496735,-0.037804875522851944,-0.0028776852414011955,-1.3929812999224083
2025-01-07,fold_7,"Inflation bear, AI rally and 2025",-0.0026656296104192734,-1,0.00017464857955928892,1,-0.00017464857955928892,-0.07521287915005814,,,,0,-1.7464857955928892,0.007902681827545166,0.0029459847137331963,-0.0026656296104192734,0.013042302412667819
2025-01-08,fold_7,"Inflation bear, AI rally and 2025",-0.0020073503255844116,-1,-0.015805307775735855,-1,0.015805307775735855,-0.05940757137432229,,,,1,158.05307775735855,0.007361665368080139,-0.004259203560650349,-0.0020073503255844116,-1.1904829162064468
2025-01-10,fold_7,"Inflation bear, AI rally and 2025",-0.002407423220574856,-1,-0.0032189367339015007,-1,0.0032189367339015007,-0.05618863464042079,,,,1,32.18936733901501,0.0055655986070632935,0.028283799067139626,-0.002407423220574856,-0.23465888856546038
2025-01-13,fold_7,"Inflation bear, AI rally and 2025",-0.0024014944210648537,-1,-0.0009498588042333722,-1,0.0009498588042333722,-0.055238775836187415,,,,1,9.498588042333722,0.002914607524871826,0.03735056519508362,-0.0024014944210648537,-0.07222777190658458
2025-01-14,fold_7,"Inflation bear, AI rally and 2025",-0.0029473816975951195,-1,0.022745439782738686,1,-0.022745439782738686,-0.0779842156189261,,,,0,-227.45439782738686,0.002719670534133911,0.05100506544113159,-0.0029473816975951195,1.7399232613692317
2025-01-15,fold_7,"Inflation bear, AI rally and 2025",-0.0028705913573503494,-1,-0.007030539680272341,-1,0.007030539680272341,-0.07095367593865376,,,,1,70.30539680272341,0.003433357924222946,0.030383583158254623,-0.0028705913573503494,-0.5049517597581288
2025-01-16,fold_7,"Inflation bear, AI rally and 2025",-0.0024283910170197487,-1,0.016737693920731544,1,-0.016737693920731544,-0.0876913698593853,,,,0,-167.37693920731544,0.005773894488811493,0.03174690529704094,-0.0024283910170197487,1.2269209099107852
2025-01-17,fold_7,"Inflation bear, AI rally and 2025",-0.002833472564816475,-1,0.005847829394042492,1,-0.005847829394042492,-0.0935391992534278,,,,0,-58.47829394042492,0.007571004331111908,-0.014537647366523743,-0.002833472564816475,0.4143973905147078
2025-01-21,fold_7,"Inflation bear, AI rally and 2025",-0.0021562594920396805,-1,0.012704640626907349,1,-0.012704640626907349,-0.10624383988033514,,,,0,-127.04640626907349,0.008021946996450424,-0.005713867023587227,-0.0021562594920396805,1.100211193259038
2025-01-22,fold_7,"Inflation bear, AI rally and 2025",-0.002427949570119381,-1,0.0021239574998617172,1,-0.0021239574998617172,-0.10836779738019686,,,,0,-21.239574998617172,0.007452055811882019,-0.02029821276664734,-0.002427949570119381,0.1792397771662967
2025-01-23,fold_7,"Inflation bear, AI rally and 2025",-0.0023517757654190063,-1,-0.005667216144502163,-1,0.005667216144502163,-0.1027005812356947,,,,1,56.67216144502163,0.005721300840377808,-0.018168844282627106,-0.0023517757654190063,-0.4844238379339672
2025-01-24,fold_7,"Inflation bear, AI rally and 2025",-0.002410593442618847,-1,-0.029546858742833138,-1,0.029546858742833138,-0.07315372249286156,,,,1,295.4685874283314,0.0051744431257247925,-0.013955770991742611,-0.002410593442618847,-2.554659461653467
2025-01-27,fold_7,"Inflation bear, AI rally and 2025",-0.0027910443022847176,-1,0.014671609736979008,1,-0.014671609736979008,-0.08782533222984057,,,,0,-146.71609736979008,0.005104929208755493,0.007555878255516291,-0.0027910443022847176,1.1307622690069064
2025-01-28,fold_7,"Inflation bear, AI rally and 2025",-0.0024548647925257683,-1,-0.0018797048833221197,-1,0.0018797048833221197,-0.08594562734651845,,,,1,18.797048833221197,0.004106026142835617,0.00508470181375742,-0.0024548647925257683,-0.14046057405372117
2025-01-29,fold_7,"Inflation bear, AI rally and 2025",-0.002949853427708149,-1,0.004253325052559376,1,-0.004253325052559376,-0.09019895239907783,,,,0,-42.53325052559376,0.0033591091632843018,0.011492137797176838,-0.002949853427708149,0.3259162506482828
2025-01-30,fold_7,"Inflation bear, AI rally and 2025",-0.0029500098899006844,-1,-0.0014541425043717027,-1,0.0014541425043717027,-0.08874480989470612,,,,1,14.541425043717027,0.001951463520526886,0.01244503352791071,-0.0029500098899006844,-0.11415912596668515
2025-01-31,fold_7,"Inflation bear, AI rally and 2025",-0.0031682755798101425,-1,-0.008035209029912949,-1,0.008035209029912949,-0.08070960086479317,,,,1,80.35209029912949,0.0040002912282943726,0.0012055110419169068,-0.0031682755798101425,-0.6377956415929221
2025-02-03,fold_7,"Inflation bear, AI rally and 2025",-0.0036008916795253754,-1,0.01220043282955885,1,-0.01220043282955885,-0.09291003369435202,,,,0,-122.0043282955885,0.0059326812624931335,0.021273206919431686,-0.0036008916795253754,0.9592780334475167
2025-02-04,fold_7,"Inflation bear, AI rally and 2025",-0.0023539308458566666,-1,0.004527731332927942,1,-0.004527731332927942,-0.09743776502727997,,,,0,-45.27731332927942,0.006539452821016312,0.006689184810966253,-0.0023539308458566666,0.36248105051066565
2025-02-05,fold_7,"Inflation bear, AI rally and 2025",-0.002515077590942383,-1,0.00520622031763196,1,-0.00520622031763196,-0.10264398534491193,,,,0,-52.0622031763196,0.004714116454124451,0.0027484078891575336,-0.002515077590942383,0.424351776164534
2025-02-06,fold_7,"Inflation bear, AI rally and 2025",-0.002308993600308895,-1,-0.01269366405904293,-1,0.01269366405904293,-0.089950321285869,,,,1,126.9366405904293,0.0015387684106826782,0.011825453490018845,-0.002308993600308895,-1.0898155390432156
2025-02-07,fold_7,"Inflation bear, AI rally and 2025",-0.002631927840411663,-1,0.012032486498355865,1,-0.012032486498355865,-0.10198280778422486,,,,0,-120.32486498355865,0.0009305737912654877,0.028708897531032562,-0.002631927840411663,1.0036834697670374
2025-02-10,fold_7,"Inflation bear, AI rally and 2025",-0.002920013852417469,-1,-0.002383588580414653,-1,0.002383588580414653,-0.09959921920381021,,,,1,23.83588580414653,0.00020608678460121155,0.018940920010209084,-0.002920013852417469,-0.20256088020514224
2025-02-11,fold_7,"Inflation bear, AI rally and 2025",-0.002553485333919525,-1,0.0005869545857422054,1,-0.0005869545857422054,-0.10018617378955241,,,,0,-5.869545857422054,-0.0009250901639461517,0.021602557972073555,-0.002553485333919525,0.04992246657520241
2025-02-12,fold_7,"Inflation bear, AI rally and 2025",-0.0030916230753064156,-1,0.014283265918493271,1,-0.014283265918493271,-0.11446943970804568,,,,0,-142.8326591849327,-0.000775214284658432,0.016762059181928635,-0.0030916230753064156,1.2149625157575195
2025-02-13,fold_7,"Inflation bear, AI rally and 2025",-0.002902403473854065,-1,0.004189779050648212,1,-0.004189779050648212,-0.1186592187586939,,,,0,-41.897790506482124,-0.0020943284034729004,-0.01849435083568096,-0.002902403473854065,0.3784886720745663
2025-02-14,fold_7,"Inflation bear, AI rally and 2025",-0.003215974196791649,-1,0.002264508744701743,1,-0.002264508744701743,-0.12092372750339564,,,,0,-22.64508744701743,-0.00209793820977211,-0.034558553248643875,-0.003215974196791649,0.20591048791693217
2025-02-18,fold_7,"Inflation bear, AI rally and 2025",-0.003990495577454567,-1,0.0002780499344225973,1,-0.0002780499344225973,-0.12120177743781824,,,,0,-2.780499344225973,-0.0022496655583381653,-0.049502383917570114,-0.003990495577454567,0.02685567236901609
2025-02-19,fold_7,"Inflation bear, AI rally and 2025",-0.0028144819661974907,-1,-0.00425354391336441,-1,0.00425354391336441,-0.11694823352445383,,,,1,42.535439133644104,-0.0015649646520614624,-0.04736772179603577,-0.0028144819661974907,-0.4141406173823227
2025-02-20,fold_7,"Inflation bear, AI rally and 2025",-0.003226769156754017,-1,-0.020973144099116325,-1,0.020973144099116325,-0.0959750894253375,,,,1,209.73144099116325,-0.00023680925369262695,-0.07127831876277924,-0.003226769156754017,-2.115124717352403
2025-02-21,fold_7,"Inflation bear, AI rally and 2025",-0.002931227907538414,-1,-0.011874424293637276,-1,0.011874424293637276,-0.08410066513170023,,,,1,118.74424293637276,0.0006771199405193329,-0.03463706746697426,-0.002931227907538414,-1.083570530091159
2025-02-24,fold_7,"Inflation bear, AI rally and 2025",-0.0026310738176107407,-1,-0.012679321691393852,-1,0.012679321691393852,-0.07142134344030637,,,,1,126.79321691393852,0.0026978179812431335,-0.04488817974925041,-0.0026310738176107407,-1.1316524071712148
2025-02-25,fold_7,"Inflation bear, AI rally and 2025",-0.002689930610358715,-1,0.002412711502984166,1,-0.002412711502984166,-0.07383405494329054,,,,0,-24.12711502984166,0.003777485340833664,-0.035231202840805054,-0.002689930610358715,0.2544313760054517
2025-02-26,fold_7,"Inflation bear, AI rally and 2025",-0.0022436771541833878,-1,-0.02816414088010788,-1,0.02816414088010788,-0.04566991406318266,,,,1,281.6414088010788,0.003766145557165146,-0.02469206415116787,-0.0022436771541833878,-3.1597074203238327
2025-02-27,fold_7,"Inflation bear, AI rally and 2025",-0.0026308782398700714,-1,0.015668107196688652,1,-0.015668107196688652,-0.06133802125987131,,,,0,-156.68107196688652,0.004200506955385208,-0.02442282810807228,-0.0026308782398700714,1.436683933453293
2025-02-28,fold_7,"Inflation bear, AI rally and 2025",-0.0021545160561800003,-1,-0.02212553843855858,-1,0.02212553843855858,-0.03921248282131273,,,,1,221.25538438558578,0.0027878805994987488,-0.0327642448246479,-0.0021545160561800003,-1.9382641638574425
2025-03-03,fold_7,"Inflation bear, AI rally and 2025",-0.0027496088296175003,-1,-0.0030223436187952757,-1,0.0030223436187952757,-0.03619013920251746,,,,1,30.223436187952757,0.002717338502407074,-0.05016609653830528,-0.0027496088296175003,-0.2430142505803539
2025-03-04,fold_7,"Inflation bear, AI rally and 2025",-0.003316843882203102,-1,0.012951849959790707,1,-0.012951849959790707,-0.049141989162308164,,,,0,-129.51849959790707,0.0031669698655605316,-0.04953701049089432,-0.003316843882203102,1.0508624067943906
2025-03-05,fold_7,"Inflation bear, AI rally and 2025",-0.002264370210468769,-1,-0.02789490483701229,-1,0.02789490483701229,-0.021247084325295873,,,,1,278.9490483701229,0.0031822174787521362,-0.05127124860882759,-0.002264370210468769,-2.2562760531011747
2025-03-06,fold_7,"Inflation bear, AI rally and 2025",-0.00264655239880085,-1,0.007326692808419466,1,-0.007326692808419466,-0.02857377713371534,,,,0,-73.26692808419466,0.003118116408586502,-0.04153061285614967,-0.00264655239880085,0.530514293447537
2025-03-07,fold_7,"Inflation bear, AI rally and 2025",-0.0022441912442445755,-1,-0.039527393877506256,-1,0.039527393877506256,0.010953616743790917,,,,1,395.27393877506256,0.002010192722082138,-0.024974392727017403,-0.0022441912442445755,-2.8521982387636458
2025-03-10,fold_7,"Inflation bear, AI rally and 2025",-0.0023622605949640274,-1,-0.002393258037045598,-1,0.002393258037045598,0.013346874780836515,,,,1,23.93258037045598,0.00410064309835434,0.021015793085098267,-0.0023622605949640274,-0.14782092154955517
2025-03-11,fold_7,"Inflation bear, AI rally and 2025",-0.0028793858364224434,-1,0.011217612773180008,1,-0.011217612773180008,0.002129262007656507,,,,0,-112.17612773180008,0.005379430949687958,0.0062147388234734535,-0.0028793858364224434,0.7022379003606621
2025-03-12,fold_7,"Inflation bear, AI rally and 2025",-0.0020386064425110817,-1,-0.018154267221689224,-1,0.018154267221689224,0.02028352922934573,,,,1,181.54267221689224,0.005465541034936905,0.008289692923426628,-0.0020386064425110817,-1.1233351275181127
2025-03-13,fold_7,"Inflation bear, AI rally and 2025",-0.0022938139736652374,-1,0.0238829106092453,1,-0.0238829106092453,-0.003599381379899569,,,,0,-238.829106092453,0.005159053951501846,0.023048678413033485,-0.0022938139736652374,1.433327728065527
2025-03-14,fold_7,"Inflation bear, AI rally and 2025",-0.002424752339720726,-1,0.006462794728577137,1,-0.006462794728577137,-0.010062176108476706,,,,0,-64.62794728577137,0.00290587916970253,0.002457075286656618,-0.002424752339720726,0.3756676896084284
2025-03-17,fold_7,"Inflation bear, AI rally and 2025",-0.00272162351757288,-1,-0.017194312065839767,-1,0.017194312065839767,0.007132135957363062,,,,1,171.94312065839767,0.0036691613495349884,0.017701327800750732,-0.00272162351757288,-0.997428633637089
2025-03-18,fold_7,"Inflation bear, AI rally and 2025",-0.002974599599838257,-1,0.013292566873133183,1,-0.013292566873133183,-0.006160430915770121,,,,0,-132.92566873133183,0.005200270563364029,0.040585990995168686,-0.002974599599838257,0.7529097085664618
2025-03-19,fold_7,"Inflation bear, AI rally and 2025",-0.0020924676209688187,-1,-0.0033952805679291487,-1,0.0033952805679291487,-0.0027651503478409722,,,,1,33.95280567929149,0.003870256245136261,0.00872135628014803,-0.0020924676209688187,-0.189645777621097
2025-03-20,fold_7,"Inflation bear, AI rally and 2025",-0.0029092617332935333,-1,0.0032913063187152147,1,-0.0032913063187152147,-0.006056456666556187,,,,0,-32.91306318715215,0.002568170428276062,0.006402337457984686,-0.0029092617332935333,0.18393242786491146
2025-03-21,fold_7,"Inflation bear, AI rally and 2025",-0.003144320100545883,-1,0.021707046777009964,1,-0.021707046777009964,-0.02776350344356615,,,,0,-217.07046777009964,0.0025390908122062683,-0.023569578304886818,-0.003144320100545883,1.2558823168990274
2025-03-24,fold_7,"Inflation bear, AI rally and 2025",-0.002891569398343563,-1,0.005690351594239473,1,-0.005690351594239473,-0.033453855037805624,,,,0,-56.90351594239473,0.004867341369390488,-0.04531926289200783,-0.002891569398343563,0.32048442258407656
2025-03-25,fold_7,"Inflation bear, AI rally and 2025",-0.002948181703686714,-1,-0.018572067841887474,-1,0.018572067841887474,-0.01488178719591815,,,,1,185.72067841887474,0.007869191467761993,-0.04298087954521179,-0.002948181703686714,-1.0568059807657881
2025-03-26,fold_7,"Inflation bear, AI rally and 2025",-0.001981101930141449,-1,-0.005714299622923136,-1,0.005714299622923136,-0.009167487572995014,,,,1,57.14299622923136,0.0101112499833107,-0.017136819660663605,-0.001981101930141449,-0.3165865709902819
2025-03-27,fold_7,"Inflation bear, AI rally and 2025",-0.00209830142557621,-1,-0.026680609211325645,-1,0.026680609211325645,0.01751312163833063,,,,1,266.80609211325645,0.011754119768738747,-0.06644228845834732,-0.00209830142557621,-1.5728139846911706
2025-03-28,fold_7,"Inflation bear, AI rally and 2025",-0.002321874722838402,-1,-4.263700975570828e-05,-1,4.263700975570828e-05,0.01755575864808634,,,,1,0.4263700975570828,0.01096135750412941,-0.10388310998678207,-0.002321874722838402,-0.002417402521640605
2025-03-31,fold_7,"Inflation bear, AI rally and 2025",-0.0020354706794023514,-1,0.008028735406696796,1,-0.008028735406696796,0.009527023241389543,,,,0,-80.28735406696796,0.011126866564154625,-0.10143010318279266,-0.0020354706794023514,0.4742472209972108
2025-04-01,fold_7,"Inflation bear, AI rally and 2025",-0.0021515674889087677,-1,0.007271991111338139,1,-0.007271991111338139,0.0022550321300514042,,,,0,-72.71991111338139,0.01001160591840744,-0.12763145565986633,-0.0021515674889087677,0.42748922377433163
2025-04-02,fold_7,"Inflation bear, AI rally and 2025",-0.0016432013362646103,-1,-0.055019769817590714,-1,0.055019769817590714,0.05727480194764212,,,,1,550.1976981759071,0.008021742105484009,-0.021547358483076096,-0.0016432013362646103,-3.2669603826950797
2025-04-03,fold_7,"Inflation bear, AI rally and 2025",-0.0025648577138781548,-1,-0.06412143260240555,-1,0.06412143260240555,0.12139623455004767,,,,1,641.2143260240555,0.008137166500091553,-0.009990752674639225,-0.0025648577138781548,-3.2218939204937738
2025-04-04,fold_7,"Inflation bear, AI rally and 2025",-0.0022960714995861053,-1,0.0024103696923702955,1,-0.0024103696923702955,0.11898586485767737,,,,0,-24.103696923702955,0.008586078882217407,0.07238619029521942,-0.0022960714995861053,0.09848710582561052
2025-04-07,fold_7,"Inflation bear, AI rally and 2025",-0.0017731338739395142,-1,-0.01817261427640915,-1,0.01817261427640915,0.13715847913408652,,,,1,181.7261427640915,0.008077751845121384,0.0767311081290245,-0.0017731338739395142,-0.796046233471477
2025-04-08,fold_7,"Inflation bear, AI rally and 2025",-0.0021806256845593452,-1,0.1133560836315155,1,-0.1133560836315155,0.023802395502571017,,,,0,-1133.560836315155,0.005589265376329422,0.09601788967847824,-0.0021806256845593452,4.889990120928103
2025-04-09,fold_7,"Inflation bear, AI rally and 2025",-0.0022186702117323875,-1,-0.04346316307783127,-1,0.04346316307783127,0.06726555858040228,,,,1,434.6316307783127,0.0019020810723304749,-0.0479557141661644,-0.0022186702117323875,-1.2687291452129743
2025-04-10,fold_7,"Inflation bear, AI rally and 2025",-0.003635692410171032,-1,0.01825551502406597,1,-0.01825551502406597,0.049010043556336313,,,,0,-182.5551502406597,0.002803497016429901,-0.004672687966376543,-0.003635692410171032,0.5160277596305618
2025-04-11,fold_7,"Inflation bear, AI rally and 2025",-0.003800247795879841,-1,0.006755282171070576,1,-0.006755282171070576,0.04225476138526574,,,,0,-67.55282171070576,0.004884231835603714,-0.04798625782132149,-0.003800247795879841,0.19186220783259403
2025-04-14,fold_7,"Inflation bear, AI rally and 2025",-0.002239074558019638,-1,0.0011141699505969882,1,-0.0011141699505969882,0.04114059143466875,,,,0,-11.141699505969882,0.005307044833898544,-0.028828177601099014,-0.002239074558019638,0.0316419716434806
2025-04-15,fold_7,"Inflation bear, AI rally and 2025",-0.002550342120230198,-1,-0.030617518350481987,-1,0.030617518350481987,0.07175810978515074,,,,1,306.17518350481987,0.0027101226150989532,-0.007517511025071144,-0.002550342120230198,-0.8747330783313502
2025-04-16,fold_7,"Inflation bear, AI rally and 2025",-0.0027998462319374084,-1,-0.00018013635417446494,-1,0.00018013635417446494,0.0719382461393252,,,,1,1.8013635417446494,-0.000644635409116745,0.05084860697388649,-0.0027998462319374084,-0.005068363389150477
2025-04-17,fold_7,"Inflation bear, AI rally and 2025",-0.003565439023077488,-1,-0.02505805715918541,-1,0.02505805715918541,0.09699630329851061,,,,1,250.5805715918541,0.00025568529963493347,0.06211496889591217,-0.003565439023077488,-0.7052004373844853
2025-04-21,fold_7,"Inflation bear, AI rally and 2025",-0.003296506591141224,-1,0.025913363322615623,1,-0.025913363322615623,0.07108293997589499,,,,0,-259.13363322615623,0.002756725996732712,0.08685559034347534,-0.003296506591141224,0.720520723984611
2025-04-22,fold_7,"Inflation bear, AI rally and 2025",-0.00201478973031044,-1,0.022424837574362755,1,-0.022424837574362755,0.04865810240153223,,,,0,-224.24837574362755,0.004716105759143829,0.06752496212720871,-0.00201478973031044,0.6211222406699431
2025-04-23,fold_7,"Inflation bear, AI rally and 2025",-0.002729428932070732,-1,0.027748601511120796,1,-0.027748601511120796,0.020909500890411437,,,,0,-277.48601511120796,0.004931092262268066,0.04497391730546951,-0.002729428932070732,0.7617366307611424
2025-04-24,fold_7,"Inflation bear, AI rally and 2025",-0.0032792743295431137,-1,0.01108622271567583,1,-0.01108622271567583,0.009823278174735606,,,,0,-110.86222715675831,0.00338103249669075,0.03020145744085312,-0.0032792743295431137,0.30192364164997343
2025-04-25,fold_7,"Inflation bear, AI rally and 2025",-0.0034537408500909805,-1,-0.00031743646832183003,-1,0.00031743646832183003,0.010140714643057436,,,,1,3.1743646832183003,0.0063164085149765015,0.03385004773736,-0.0034537408500909805,-0.008630674926025761
2025-04-28,fold_7,"Inflation bear, AI rally and 2025",-0.0031934473663568497,-1,0.0065827397629618645,1,-0.0065827397629618645,0.0035579748800955713,,,,0,-65.82739762961864,0.007586736232042313,0.028217311948537827,-0.0031934473663568497,0.18137760637662514
2025-04-29,fold_7,"Inflation bear, AI rally and 2025",-0.0015388792380690575,-1,-0.00012620817869901657,-1,0.00012620817869901657,0.003684183058794588,,,,1,1.2620817869901657,0.007274467498064041,0.012289345264434814,-0.0015388792380690575,-0.0034746220771629953
2025-04-30,fold_7,"Inflation bear, AI rally and 2025",-0.002245292067527771,-1,0.012976137921214104,1,-0.012976137921214104,-0.009291954862419516,,,,0,-129.76137921214104,0.004656743258237839,0.01633375883102417,-0.002245292067527771,0.35768155522795286
2025-05-01,fold_7,"Inflation bear, AI rally and 2025",-0.003006812185049057,-1,0.014734814874827862,1,-0.014734814874827862,-0.024026769737247378,,,,0,-147.34814874827862,0.0019072070717811584,0.013629618100821972,-0.003006812185049057,0.40527054453153283
2025-05-02,fold_7,"Inflation bear, AI rally and 2025",-0.0035068439319729805,-1,-0.005950172431766987,-1,0.005950172431766987,-0.01807659730548039,,,,1,59.50172431766987,0.0033846870064735413,-0.0017607435584068298,-0.0035068439319729805,-0.17311363003944677
2025-05-05,fold_7,"Inflation bear, AI rally and 2025",-0.0032111890614032745,-1,-0.009345225989818573,-1,0.009345225989818573,-0.008731371315661818,,,,1,93.45225989818573,0.005568597465753555,0.0441216379404068,-0.0032111890614032745,-0.29888984103191907
2025-05-06,fold_7,"Inflation bear, AI rally and 2025",-0.002061602659523487,-1,0.003918205387890339,1,-0.003918205387890339,-0.012649576703552157,,,,0,-39.18205387890339,0.006031546741724014,0.06859263777732849,-0.002061602659523487,0.1250561344734105
2025-05-07,fold_7,"Inflation bear, AI rally and 2025",-0.003179416060447693,-1,0.010271997191011906,1,-0.010271997191011906,-0.022921573894564062,,,,0,-102.71997191011906,0.005022227764129639,0.07064971327781677,-0.003179416060447693,0.3305092844591725
2025-05-08,fold_7,"Inflation bear, AI rally and 2025",-0.0035017747431993484,-1,-0.00065554742468521,-1,0.00065554742468521,-0.022266026469878852,,,,1,6.5554742468521,0.002967488020658493,0.06147606670856476,-0.0035017747431993484,-0.036156972066067466
2025-05-09,fold_7,"Inflation bear, AI rally and 2025",-0.003675149753689766,-1,0.03993220627307892,1,-0.03993220627307892,-0.06219823274295777,,,,0,-399.3220627307892,0.003975234925746918,0.06647443026304245,-0.003675149753689766,2.6088471223946046
2025-05-12,fold_7,"Inflation bear, AI rally and 2025",-0.0035553323104977608,-1,0.01512577198445797,1,-0.01512577198445797,-0.07732400472741574,,,,0,-151.2577198445797,0.0041998401284217834,0.027500687167048454,-0.0035553323104977608,0.8771644078400747
2025-05-13,fold_7,"Inflation bear, AI rally and 2025",-0.0023420490324497223,-1,0.005975283216685057,1,-0.005975283216685057,-0.0832992879441008,,,,0,-59.75283216685057,0.003721199929714203,0.009036059491336346,-0.0023420490324497223,0.34129920720393586
2025-05-14,fold_7,"Inflation bear, AI rally and 2025",-0.0030351467430591583,-1,0.0010983524844050407,1,-0.0010983524844050407,-0.08439764042850584,,,,0,-10.983524844050407,0.002207733690738678,-0.010933410376310349,-0.0030351467430591583,0.06256064208819194
2025-05-15,fold_7,"Inflation bear, AI rally and 2025",-0.0033214623108506203,-1,0.004342813044786453,1,-0.004342813044786453,-0.08874045347329229,,,,0,-43.42813044786453,-0.0014729760587215424,-0.010162297636270523,-0.0033214623108506203,0.26859577139762664
2025-05-16,fold_7,"Inflation bear, AI rally and 2025",-0.003377453424036503,-1,0.0009584668441675603,1,-0.0009584668441675603,-0.08969892031745985,,,,0,-9.584668441675603,-0.0008488968014717102,-0.023808997124433517,-0.003377453424036503,0.059173135968984825
2025-05-19,fold_7,"Inflation bear, AI rally and 2025",-0.0035629738122224808,-1,-0.00333885638974607,-1,0.00333885638974607,-0.08636006392771378,,,,1,33.3885638974607,-0.0010799020528793335,-0.0015147612430155277,-0.0035629738122224808,-0.21967344676553358
2025-05-20,fold_7,"Inflation bear, AI rally and 2025",-0.0025871526449918747,-1,-0.01399418618530035,-1,0.01399418618530035,-0.07236587774241343,,,,1,139.9418618530035,-0.0020592212677001953,-0.002617579186335206,-0.0025871526449918747,-0.9945301163410145
2025-05-21,fold_7,"Inflation bear, AI rally and 2025",-0.0036644162610173225,-1,0.0018694656901061535,1,-0.0018694656901061535,-0.07423534343251958,,,,0,-18.694656901061535,-0.0027409568428993225,0.013340315781533718,-0.0036644162610173225,0.13832889935319634
2025-05-22,fold_7,"Inflation bear, AI rally and 2025",-0.0034953253343701363,-1,-0.009303887374699116,-1,0.009303887374699116,-0.06493145605782047,,,,1,93.03887374699116,-0.004198834300041199,0.009892607107758522,-0.0034953253343701363,-0.774461020632546
2025-05-23,fold_7,"Inflation bear, AI rally and 2025",-0.0034611262381076813,-1,0.0232527032494545,1,-0.0232527032494545,-0.08818415930727497,,,,0,-232.52703249454498,-0.0022536925971508026,0.027063505724072456,-0.0034611262381076813,1.9478699600537477
2025-05-27,fold_7,"Inflation bear, AI rally and 2025",-0.003496997058391571,-1,-0.004441674333065748,-1,0.004441674333065748,-0.08374248497420922,,,,1,44.41674333065748,-0.0015120618045330048,0.011597446165978909,-0.003496997058391571,-0.34112939391963787
2025-05-28,fold_7,"Inflation bear, AI rally and 2025",-0.002192714251577854,-1,0.0019637085497379303,1,-0.0019637085497379303,-0.08570619352394715,,,,0,-19.637085497379303,-0.0014634281396865845,0.018823090940713882,-0.002192714251577854,0.15134440968446183
2025-05-29,fold_7,"Inflation bear, AI rally and 2025",-0.0028891684487462044,-1,-0.0015782431000843644,-1,0.0015782431000843644,-0.08412795042386279,,,,1,15.782431000843644,-0.0023206137120723724,0.009304034523665905,-0.0028891684487462044,-0.12156701262634625
2025-05-30,fold_7,"Inflation bear, AI rally and 2025",-0.0032202061265707016,-1,0.007867010310292244,1,-0.007867010310292244,-0.09199496073415503,,,,0,-78.67010310292244,-0.0038910694420337677,0.02061014249920845,-0.0032202061265707016,0.62145509353276
2025-06-02,fold_7,"Inflation bear, AI rally and 2025",-0.0030675632879137993,-1,0.007786644622683525,1,-0.007786644622683525,-0.09978160535683855,,,,0,-77.86644622683525,-0.0026565343141555786,0.014214090071618557,-0.0030675632879137993,0.630565866011398
2025-06-03,fold_7,"Inflation bear, AI rally and 2025",-0.0032045040279626846,-1,0.0027839706744998693,1,-0.0027839706744998693,-0.10256557603133842,,,,0,-27.839706744998693,-0.0017736293375492096,0.013019595295190811,-0.0032045040279626846,0.22452047709836354
2025-06-04,fold_7,"Inflation bear, AI rally and 2025",-0.0023294370621442795,-1,-0.0075553483329713345,-1,0.0075553483329713345,-0.09501022769836709,,,,1,75.55348332971334,-0.002294503152370453,0.006860374938696623,-0.0023294370621442795,-0.617361654631516
2025-06-05,fold_7,"Inflation bear, AI rally and 2025",-0.0028787124902009964,-1,0.009727864526212215,1,-0.009727864526212215,-0.1047380922245793,,,,0,-97.27864526212215,-0.0023430809378623962,0.01676086150109768,-0.0028787124902009964,0.7894022209341992
2025-06-06,fold_7,"Inflation bear, AI rally and 2025",-0.0032983822748064995,-1,0.001470958348363638,1,-0.001470958348363638,-0.10620905057294294,,,,0,-14.70958348363638,-0.0026216022670269012,-0.00560140423476696,-0.0032983822748064995,0.11958058444466334
2025-06-09,fold_7,"Inflation bear, AI rally and 2025",-0.003195393830537796,-1,0.006592150311917067,1,-0.006592150311917067,-0.11280120088486001,,,,0,-65.92150311917067,-0.0002369023859500885,0.0067417314276099205,-0.003195393830537796,0.5357510440066177
2025-06-10,fold_7,"Inflation bear, AI rally and 2025",-0.003363354131579399,-1,-0.003375249681994319,-1,0.003375249681994319,-0.10942595120286569,,,,1,33.75249681994319,0.000896502286195755,-0.009649480693042278,-0.003363354131579399,-0.3927775601112056
2025-06-11,fold_7,"Inflation bear, AI rally and 2025",-0.0022849375382065773,-1,0.002345137996599078,1,-0.002345137996599078,-0.11177108919946477,,,,0,-23.451379965990782,-0.0002540275454521179,-0.0064444150775671005,-0.0022849375382065773,0.2955188983284086
2025-06-12,fold_7,"Inflation bear, AI rally and 2025",-0.0025876201689243317,-1,-0.012634401209652424,-1,0.012634401209652424,-0.09913668798981234,,,,1,126.34401209652424,-0.003067508339881897,-0.012881052680313587,-0.0025876201689243317,-1.6115450914958678
2025-06-13,fold_7,"Inflation bear, AI rally and 2025",-0.0034352531656622887,-1,0.013814094476401806,1,-0.013814094476401806,-0.11295078246621415,,,,0,-138.14094476401806,-0.004856709390878677,0.009983260184526443,-0.0034352531656622887,1.658394163013713
2025-06-16,fold_7,"Inflation bear, AI rally and 2025",-0.003987742587924004,-1,-0.00979906227439642,-1,0.00979906227439642,-0.10315172019181773,,,,1,97.9906227439642,-0.003469940274953842,0.011345419101417065,-0.003987742587924004,-1.109638710114522
2025-06-17,fold_7,"Inflation bear, AI rally and 2025",-0.003978276625275612,-1,-0.00017018403741531074,-1,0.00017018403741531074,-0.10298153615440242,,,,1,1.7018403741531074,-0.0010157972574234009,0.02369767054915428,-0.003978276625275612,-0.018709541966715384
2025-06-18,fold_7,"Inflation bear, AI rally and 2025",-0.002614632248878479,-1,-0.004091499838978052,-1,0.004091499838978052,-0.09889003631542437,,,,1,40.91499838978052,-0.00019583851099014282,0.03317466005682945,-0.002614632248878479,-0.45132657086905426
2025-06-20,fold_7,"Inflation bear, AI rally and 2025",-0.002632986754179001,-1,0.010229912586510181,1,-0.010229912586510181,-0.10911994890193455,,,,0,-102.29912586510181,-0.0006650611758232117,0.04068398103117943,-0.002632986754179001,1.1954519155541303
2025-06-23,fold_7,"Inflation bear, AI rally and 2025",-0.0031366627663373947,-1,0.015176253393292427,1,-0.015176253393292427,-0.12429620229522698,,,,0,-151.76253393292427,-0.003084782510995865,0.03691010922193527,-0.0031366627663373947,1.7152282168837871
2025-06-24,fold_7,"Inflation bear, AI rally and 2025",-0.0034610340371727943,-1,0.002553190104663372,1,-0.002553190104663372,-0.12684939239989035,,,,0,-25.53190104663372,-0.0027419142425060272,0.01326880045235157,-0.0034610340371727943,0.2761633476020483
2025-06-25,fold_7,"Inflation bear, AI rally and 2025",-0.0038720183074474335,-1,0.009306803345680237,1,-0.009306803345680237,-0.13615619574557059,,,,0,-93.06803345680237,-0.002213355153799057,0.0176568441092968,-0.0038720183074474335,1.2140570495435146
2025-06-26,fold_7,"Inflation bear, AI rally and 2025",-0.0032220594584941864,-1,0.0034178236965090036,1,-0.0034178236965090036,-0.1395740194420796,,,,0,-34.178236965090036,-0.0026667453348636627,0.018142199143767357,-0.0032220594584941864,0.4336796183005765
2025-06-27,fold_7,"Inflation bear, AI rally and 2025",-0.003387017175555229,-1,0.006456038448959589,1,-0.006456038448959589,-0.14603005789103918,,,,0,-64.56038448959589,-0.00417722761631012,0.007162868976593018,-0.003387017175555229,0.8166233479195625
2025-06-30,fold_7,"Inflation bear, AI rally and 2025",-0.003724372014403343,-1,-0.008465055376291275,-1,0.008465055376291275,-0.1375650025147479,,,,1,84.65055376291275,-0.005859635770320892,0.0012683197855949402,-0.003724372014403343,-1.0543437575637744
2025-07-01,fold_7,"Inflation bear, AI rally and 2025",-0.003958499059081078,-1,0.006941234227269888,1,-0.006941234227269888,-0.1445062367420178,,,,0,-69.41234227269888,-0.006335463374853134,0.016787249594926834,-0.003958499059081078,0.8612915520447721
2025-07-02,fold_7,"Inflation bear, AI rally and 2025",-0.0043504610657691956,-1,0.009792158380150795,1,-0.009792158380150795,-0.15429839512216859,,,,0,-97.92158380150795,-0.005881931632757187,0.00840685609728098,-0.0043504610657691956,1.2209093004921368
2025-07-03,fold_7,"Inflation bear, AI rally and 2025",-0.004136295989155769,-1,-0.007561507169157267,-1,0.007561507169157267,-0.14673688795301132,,,,1,75.61507169157267,-0.0033716224133968353,-0.003638129448518157,-0.004136295989155769,-0.912062731944434
2025-07-07,fold_7,"Inflation bear, AI rally and 2025",-0.0043499525636434555,-1,0.0005614891997538507,1,-0.0005614891997538507,-0.14729837715276517,,,,0,-5.614891997538507,0.0005338415503501892,0.007543554063886404,-0.0043499525636434555,0.06772407021490523
2025-07-08,fold_7,"Inflation bear, AI rally and 2025",-0.003473450429737568,-1,0.007053874898701906,1,-0.007053874898701906,-0.15435225205146708,,,,0,-70.53874898701906,0.004307109862565994,0.007898572832345963,-0.003473450429737568,0.8815816587750563
2025-07-09,fold_7,"Inflation bear, AI rally and 2025",-0.0018595866858959198,-1,-0.0014391591539606452,-1,0.0014391591539606452,-0.15291309289750643,,,,1,14.391591539606452,0.004164732992649078,0.0018679917557165027,-0.0018595866858959198,-0.17661141588879875
2025-07-10,fold_7,"Inflation bear, AI rally and 2025",-0.0023312214761972427,-1,-0.0022528269328176975,-1,0.0022528269328176975,-0.15066026596468873,,,,1,22.528269328176975,0.0025018006563186646,0.011367371305823326,-0.0023312214761972427,-0.2808745383451295
2025-07-11,fold_7,"Inflation bear, AI rally and 2025",-0.0035153115168213844,-1,0.003620176576077938,1,-0.003620176576077938,-0.15428044254076667,,,,0,-36.20176576077938,0.0021954886615276337,0.012658500112593174,-0.0035153115168213844,0.4524629565912329
2025-07-14,fold_7,"Inflation bear, AI rally and 2025",-0.003133043646812439,-1,0.0009165076771751046,1,-0.0009165076771751046,-0.15519695021794178,,,,0,-9.165076771751046,0.0035797543823719025,0.014209684915840626,-0.003133043646812439,0.11420975350014795
2025-07-15,fold_7,"Inflation bear, AI rally and 2025",-0.0025300215929746628,-1,0.0010232938220724463,1,-0.0010232938220724463,-0.15622024404001422,,,,0,-10.232938220724463,0.0030890852212905884,0.008103914558887482,-0.0025300215929746628,0.13618806482870882
2025-07-16,fold_7,"Inflation bear, AI rally and 2025",-0.0022453730925917625,-1,0.008060220628976822,1,-0.008060220628976822,-0.16428046466899104,,,,0,-80.60220628976822,-0.00034687668085098267,0.011631511151790619,-0.0022453730925917625,1.1760979880152769
2025-07-17,fold_7,"Inflation bear, AI rally and 2025",-0.0028219418600201607,-1,-0.0009616987663321197,-1,0.0009616987663321197,-0.16331876590265892,,,,1,9.616987663321197,-0.0036080218851566315,0.005697506945580244,-0.0028219418600201607,-0.14270382450815308
2025-07-18,fold_7,"Inflation bear, AI rally and 2025",-0.004145828075706959,-1,0.005171361844986677,1,-0.005171361844986677,-0.1684901277476456,,,,0,-51.71361844986677,-0.0019121915102005005,0.00906337145715952,-0.004145828075706959,0.7669859185624802
2025-07-21,fold_7,"Inflation bear, AI rally and 2025",-0.00409714225679636,-1,-0.005189262330532074,-1,0.005189262330532074,-0.16330086541711353,,,,1,51.89262330532074,0.0023693107068538666,0.007012150716036558,-0.00409714225679636,-0.7654419130645659
2025-07-22,fold_7,"Inflation bear, AI rally and 2025",-0.0024508321657776833,-1,0.004550890065729618,1,-0.004550890065729618,-0.16785175548284315,,,,0,-45.50890065729618,0.005296401679515839,0.0106513611972332,-0.0024508321657776833,0.7015949302939439
2025-07-23,fold_7,"Inflation bear, AI rally and 2025",-0.0018060728907585144,-1,0.0021262161899358034,1,-0.0021262161899358034,-0.16997797167277895,,,,0,-21.262161899358034,0.003102228045463562,0.007439480163156986,-0.0018060728907585144,0.37827171020139594
2025-07-24,fold_7,"Inflation bear, AI rally and 2025",-0.0025454191491007805,-1,0.002404165454208851,1,-0.002404165454208851,-0.1723821371269878,,,,0,-24.04165454208851,0.000554349273443222,0.0,-0.0025454191491007805,0.4283990359534204
2025-07-25,fold_7,"Inflation bear, AI rally and 2025",-0.003695359453558922,-1,0.0031201415695250034,1,-0.0031201415695250034,-0.1755022786965128,,,,0,-31.201415695250034,0.0016887970268726349,-0.022299613803625107,-0.003695359453558922,0.595502653685041
2025-07-28,fold_7,"Inflation bear, AI rally and 2025",-0.003138413652777672,-1,-0.0015500520821660757,-1,0.0015500520821660757,-0.17395222661434673,,,,1,15.500520821660757,0.0043836236000061035,-0.007136274129152298,-0.003138413652777672,-0.2963649319322456
2025-07-29,fold_7,"Inflation bear, AI rally and 2025",-0.0021161530166864395,-1,0.001339009148068726,1,-0.001339009148068726,-0.17529123576241545,,,,0,-13.39009148068726,0.0057032667100429535,-0.012398889288306236,-0.0021161530166864395,0.26573052952608295
2025-07-30,fold_7,"Inflation bear, AI rally and 2025",-0.0020765867084264755,-1,-0.005313263740390539,-1,0.005313263740390539,-0.16997797202202491,,,,1,53.13263740390539,0.004081267863512039,-0.0012331786565482616,-0.0020765867084264755,-1.1354257306530724
2025-07-31,fold_7,"Inflation bear, AI rally and 2025",-0.002437903545796871,-1,-0.01989544928073883,-1,0.01989544928073883,-0.15008252274128608,,,,1,198.9544928073883,0.002787496894598007,0.00745871476829052,-0.002437903545796871,-4.351860117887104
2025-08-01,fold_7,"Inflation bear, AI rally and 2025",-0.0029057078063488007,-1,0.018283480778336525,1,-0.018283480778336525,-0.1683660035196226,,,,0,-182.83480778336525,0.0037372224032878876,0.03663913160562515,-0.0029057078063488007,3.051587052731937
2025-08-04,fold_7,"Inflation bear, AI rally and 2025",-0.0028584692627191544,-1,-0.006812667474150658,-1,0.006812667474150658,-0.16155333604547195,,,,1,68.12667474150658,0.00432446226477623,0.015392293222248554,-0.0028584692627191544,-0.9658439511808814
2025-08-05,fold_7,"Inflation bear, AI rally and 2025",-0.0025360025465488434,-1,0.012504720129072666,1,-0.012504720129072666,-0.17405805617454462,,,,0,-125.04720129072666,0.004637762904167175,0.03469543159008026,-0.0025360025465488434,1.7331264565623796
2025-08-06,fold_7,"Inflation bear, AI rally and 2025",-0.0025357194244861603,-1,0.0033786294516175985,1,-0.0033786294516175985,-0.17743668562616222,,,,0,-33.786294516175985,0.0032550469040870667,0.0226906705647707,-0.0025357194244861603,0.44599293756289404
2025-08-07,fold_7,"Inflation bear, AI rally and 2025",-0.0027926573529839516,-1,0.009284966625273228,1,-0.009284966625273228,-0.18672165225143544,,,,0,-92.84966625273228,0.0036218464374542236,0.01853628270328045,-0.0027926573529839516,1.2206949690026645
2025-08-08,fold_7,"Inflation bear, AI rally and 2025",-0.0029242094606161118,-1,-0.002963355975225568,-1,0.002963355975225568,-0.18375829627620988,,,,1,29.633559752255678,0.005132518708705902,0.004844300914555788,-0.0029242094606161118,-0.3766124078785977
2025-08-11,fold_7,"Inflation bear, AI rally and 2025",-0.002184479497373104,-1,0.012490469962358475,1,-0.012490469962358475,-0.19624876623856835,,,,0,-124.90469962358475,0.005582578480243683,0.007409026846289635,-0.002184479497373104,1.5901907501999453
2025-08-12,fold_7,"Inflation bear, AI rally and 2025",-0.002046779729425907,-1,0.0004999605007469654,1,-0.0004999605007469654,-0.19674872673931532,,,,0,-4.999605007469654,0.003966715186834335,-0.018741806969046593,-0.002046779729425907,0.059990749109096714
2025-08-13,fold_7,"Inflation bear, AI rally and 2025",-0.002357989549636841,-1,-0.000775758468080312,-1,0.000775758468080312,-0.195972968271235,,,,1,7.75758468080312,0.0010214224457740784,-0.02519688941538334,-0.002357989549636841,-0.09311073597075677
2025-08-14,fold_7,"Inflation bear, AI rally and 2025",-0.003016725182533264,-1,-0.004407014697790146,-1,0.004407014697790146,-0.19156595357344486,,,,1,44.07014697790146,0.0014302171766757965,-0.029061537235975266,-0.003016725182533264,-0.5416591906536531
2025-08-15,fold_7,"Inflation bear, AI rally and 2025",-0.0032041501253843307,-1,-0.0003986301308032125,-1,0.0003986301308032125,-0.19116732344264165,,,,1,3.9863013080321252,0.0037246905267238617,-0.00934495497494936,-0.0032041501253843307,-0.04865628722997111
2025-08-18,fold_7,"Inflation bear, AI rally and 2025",-0.0025239819660782814,-1,-0.013660364784300327,-1,0.013660364784300327,-0.17750695865834132,,,,1,136.60364784300327,0.0051661208271980286,-0.011835196986794472,-0.0025239819660782814,-1.68412534415897
2025-08-19,fold_7,"Inflation bear, AI rally and 2025",-0.0025540105998516083,-1,-0.005955122411251068,-1,0.005955122411251068,-0.17155183624709025,,,,1,59.55122411251068,0.005395360291004181,0.005832357332110405,-0.0025540105998516083,-0.6933178700891818
2025-08-20,fold_7,"Inflation bear, AI rally and 2025",-0.002598615363240242,-1,-0.004640405066311359,-1,0.004640405066311359,-0.1669114311807789,,,,1,46.404050663113594,0.004607390612363815,0.013323167338967323,-0.002598615363240242,-0.5375727616004295
2025-08-21,fold_7,"Inflation bear, AI rally and 2025",-0.0028949789702892303,-1,0.01530956756323576,1,-0.01530956756323576,-0.18222099874401465,,,,0,-153.0956756323576,0.006215978413820267,0.024203982204198837,-0.0028949789702892303,1.7635160886517867
2025-08-22,fold_7,"Inflation bear, AI rally and 2025",-0.0026904884725809097,-1,-0.0028888722881674767,-1,0.0028888722881674767,-0.17933212645584717,,,,1,28.888722881674767,0.006236884742975235,-0.0027484886813908815,-0.0026904884725809097,-0.31008575290815854
2025-08-25,fold_7,"Inflation bear, AI rally and 2025",-0.002487177960574627,-1,0.004007190000265837,1,-0.004007190000265837,-0.183339316456113,,,,0,-40.07190000265837,0.00578724592924118,-0.008275248110294342,-0.002487177960574627,0.43029600122841694
2025-08-26,fold_7,"Inflation bear, AI rally and 2025",-0.0027283355593681335,-1,0.001535687712021172,1,-0.001535687712021172,-0.18487500416813418,,,,0,-15.35687712021172,0.00431128591299057,-0.0044456529431045055,-0.0027283355593681335,0.16425835506509845
2025-08-27,fold_7,"Inflation bear, AI rally and 2025",-0.0027624601498246193,-1,0.006240409333258867,1,-0.006240409333258867,-0.19111541350139305,,,,0,-62.40409333258867,0.0026705414056777954,0.003029386978596449,-0.0027624601498246193,0.667371148535967
2025-08-28,fold_7,"Inflation bear, AI rally and 2025",-0.00304473377764225,-1,-0.011642903089523315,-1,0.011642903089523315,-0.17947251041186973,,,,1,116.42903089523315,0.0028352178633213043,-0.0017690984532237053,-0.00304473377764225,-1.241336584782596
2025-08-29,fold_7,"Inflation bear, AI rally and 2025",-0.0028076665475964546,-1,-0.00841563194990158,-1,0.00841563194990158,-0.17105687846196815,,,,1,84.15631949901581,0.004338528960943222,0.01473993994295597,-0.0028076665475964546,-0.9720242852407744
2025-09-02,fold_7,"Inflation bear, AI rally and 2025",-0.0023959241807460785,-1,0.007836785167455673,1,-0.007836785167455673,-0.17889366362942383,,,,0,-78.36785167455673,0.004576649516820908,0.025984633713960648,-0.0023959241807460785,0.9970023351283237
2025-09-03,fold_7,"Inflation bear, AI rally and 2025",-0.0028271162882447243,-1,0.009010727517306805,1,-0.009010727517306805,-0.18790439114673063,,,,0,-90.10727517306805,0.0051055774092674255,0.018475046381354332,-0.0028271162882447243,1.1394559757618208
2025-09-04,fold_7,"Inflation bear, AI rally and 2025",-0.002634418196976185,-1,0.0014419236686080694,1,-0.0014419236686080694,-0.1893463148153387,,,,0,-14.419236686080694,0.005042143166065216,0.015268106013536453,-0.002634418196976185,0.18807909607239273
2025-09-05,fold_7,"Inflation bear, AI rally and 2025",-0.0029570944607257843,-1,0.004866134840995073,1,-0.004866134840995073,-0.19421244965633377,,,,0,-48.66134840995073,0.005875732749700546,0.01823362335562706,-0.0029570944607257843,0.6372558726449794
2025-09-08,fold_7,"Inflation bear, AI rally and 2025",-0.0030933180823922157,-1,0.002829062519595027,1,-0.002829062519595027,-0.1970415121759288,,,,0,-28.29062519595027,0.004971381276845932,0.02188795804977417,-0.0030933180823922157,0.38083729456508125
2025-09-09,fold_7,"Inflation bear, AI rally and 2025",-0.002543611451983452,-1,0.0003271980385761708,1,-0.0003271980385761708,-0.19736871021450497,,,,0,-3.271980385761708,0.004434686154127121,0.018213454633951187,-0.002543611451983452,0.04406164831320266
2025-09-10,fold_7,"Inflation bear, AI rally and 2025",-0.0026975777000188828,-1,0.005803787149488926,1,-0.005803787149488926,-0.2031724973639939,,,,0,-58.03787149488926,0.00261726975440979,0.01588842086493969,-0.0026975777000188828,0.8434438852361171
2025-09-11,fold_7,"Inflation bear, AI rally and 2025",-0.00280865840613842,-1,0.004407439846545458,1,-0.004407439846545458,-0.20757993721053936,,,,0,-44.07439846545458,0.0016065165400505066,0.019061127677559853,-0.00280865840613842,0.6295015227957373
2025-09-12,fold_7,"Inflation bear, AI rally and 2025",-0.0033311042934656143,-1,0.00852047000080347,1,-0.00852047000080347,-0.21610040721134283,,,,0,-85.2047000080347,0.0022030100226402283,0.021400216966867447,-0.0033311042934656143,1.2054363075401078
2025-09-15,fold_7,"Inflation bear, AI rally and 2025",-0.0031990651041269302,-1,-0.0008454403723590076,-1,0.0008454403723590076,-0.21525496683898382,,,,1,8.454403723590076,0.0024401620030403137,0.01878230646252632,-0.0031990651041269302,-0.11654796916406615
2025-09-16,fold_7,"Inflation bear, AI rally and 2025",-0.0027180369943380356,-1,-0.0019978368654847145,-1,0.0019978368654847145,-0.2132571299734991,,,,1,19.978368654847145,0.0027716197073459625,0.012963303364813328,-0.0027180369943380356,-0.2753385942654289
2025-09-17,fold_7,"Inflation bear, AI rally and 2025",-0.0032665394246578217,-1,0.008976494893431664,1,-0.008976494893431664,-0.22223362486693077,,,,0,-89.76494893431664,0.0034384168684482574,0.01144441682845354,-0.0032665394246578217,1.3607346414331145
2025-09-18,fold_7,"Inflation bear, AI rally and 2025",-0.0029539279639720917,-1,0.006746530067175627,1,-0.006746530067175627,-0.2289801549341064,,,,0,-67.46530067175627,0.003767970949411392,-0.001852678949944675,-0.0029539279639720917,0.9971799293033602
2025-09-19,fold_7,"Inflation bear, AI rally and 2025",-0.003025876358151436,-1,0.005902559962123632,1,-0.005902559962123632,-0.23488271489623003,,,,0,-59.025599621236324,0.0035841651260852814,-0.004496766719967127,-0.003025876358151436,0.8612280707817476
2025-09-22,fold_7,"Inflation bear, AI rally and 2025",-0.003196319565176964,-1,-0.00666444469243288,-1,0.00666444469243288,-0.22821827020379715,,,,1,66.6444469243288,0.0033237338066101074,-0.005778889171779156,-0.003196319565176964,-1.095695263592265
2025-09-23,fold_7,"Inflation bear, AI rally and 2025",-0.0032506063580513,-1,-0.003516722936183214,-1,0.003516722936183214,-0.22470154726761393,,,,1,35.16722936183214,0.0036143846809864044,0.0036210042890161276,-0.0032506063580513,-0.5645837122021672
2025-09-24,fold_7,"Inflation bear, AI rally and 2025",-0.003263716585934162,-1,-0.004320601467043161,-1,0.004320601467043161,-0.22038094580057077,,,,1,43.206014670431614,0.0040952228009700775,0.011923212558031082,-0.003263716585934162,-0.6952956867216374
2025-09-25,fold_7,"Inflation bear, AI rally and 2025",-0.0026787184178829193,-1,0.004102441947907209,1,-0.004102441947907209,-0.22448338774847798,,,,0,-41.024419479072094,0.0038433298468589783,0.02034645900130272,-0.0026787184178829193,0.6533257981723073
2025-09-26,fold_7,"Inflation bear, AI rally and 2025",-0.0026410305872559547,-1,0.0046204375103116035,1,-0.0046204375103116035,-0.22910382525878958,,,,0,-46.204375103116035,0.0033253170549869537,0.012025424279272556,-0.0026410305872559547,0.746356600807675
2025-09-29,fold_7,"Inflation bear, AI rally and 2025",-0.002918427810072899,-1,0.002735448768362403,1,-0.002735448768362403,-0.231839274027152,,,,0,-27.35448768362403,0.0027477219700813293,0.014887053519487381,-0.002918427810072899,0.4789916015347059
2025-09-30,fold_7,"Inflation bear, AI rally and 2025",-0.0029084794223308563,-1,0.004785485565662384,1,-0.004785485565662384,-0.23662475959281437,,,,0,-47.85485565662384,0.0027766115963459015,0.006872063037008047,-0.0029084794223308563,0.881875034282518
2025-10-01,fold_7,"Inflation bear, AI rally and 2025",-0.0029834844172000885,-1,0.004102644510567188,1,-0.004102644510567188,-0.24072740410338156,,,,0,-41.02644510567188,0.002603955566883087,0.01348517369478941,-0.0029834844172000885,0.7820441076156708
2025-10-02,fold_7,"Inflation bear, AI rally and 2025",-0.0028267810121178627,-1,-0.004218591842800379,-1,0.004218591842800379,-0.23650881226058118,,,,1,42.18591842800379,0.0026279017329216003,0.008171569555997849,-0.0028267810121178627,-0.8557317218921436
2025-10-03,fold_7,"Inflation bear, AI rally and 2025",-0.002833021804690361,-1,0.007482066750526428,1,-0.007482066750526428,-0.2439908790111076,,,,0,-74.82066750526428,0.0018441490828990936,-0.02294095605611801,-0.002833021804690361,1.4937609204365878
2025-10-06,fold_7,"Inflation bear, AI rally and 2025",-0.0028665363788604736,-1,-0.005279541946947575,-1,0.005279541946947575,-0.23871133706416003,,,,1,52.795419469475746,0.0004523135721683502,-0.00942372065037489,-0.0028665363788604736,-1.0216646254540132
2025-10-07,fold_7,"Inflation bear, AI rally and 2025",-0.003227444365620613,-1,0.01139859575778246,1,-0.01139859575778246,-0.2501099328219425,,,,0,-113.98595757782459,-0.00012493878602981567,-0.010827412828803062,-0.003227444365620613,2.165864902452659
2025-10-08,fold_7,"Inflation bear, AI rally and 2025",-0.0034142406657338142,-1,-0.0012109596282243729,-1,0.0012109596282243729,-0.24889897319371812,,,,1,12.109596282243729,-0.0015023499727249146,-0.015193992294371128,-0.0034142406657338142,-0.20710450937279112
2025-10-09,fold_7,"Inflation bear, AI rally and 2025",-0.0035358136519789696,-1,-0.0353311188519001,-1,0.0353311188519001,-0.21356785434181802,,,,1,353.311188519001,-0.0009730122983455658,-0.01769283600151539,-0.0035358136519789696,-6.190099209469844
2025-10-10,fold_7,"Inflation bear, AI rally and 2025",-0.0034356508404016495,-1,0.020999303087592125,1,-0.020999303087592125,-0.23456715742941014,,,,0,-209.99303087592125,0.0019881874322891235,0.024183519184589386,-0.0034356508404016495,2.1656736954973526
2025-10-13,fold_7,"Inflation bear, AI rally and 2025",-0.002380792051553726,-1,-0.006683234125375748,-1,0.006683234125375748,-0.2278839233040344,,,,1,66.83234125375748,0.0018401965498924255,0.01570628583431244,-0.002380792051553726,-0.6302711987652501
2025-10-14,fold_7,"Inflation bear, AI rally and 2025",-0.002555547282099724,-1,0.007032016292214394,1,-0.007032016292214394,-0.2349159395962488,,,,0,-70.32016292214394,0.0010042451322078705,0.022127928212285042,-0.002555547282099724,0.656776523455626
2025-10-15,fold_7,"Inflation bear, AI rally and 2025",-0.00319038238376379,-1,-0.0037098024040460587,-1,0.0037098024040460587,-0.23120613719220273,,,,1,37.09802404046059,0.0006081126630306244,0.005415184423327446,-0.00319038238376379,-0.3431036216291272
2025-10-16,fold_7,"Inflation bear, AI rally and 2025",-0.0027276845648884773,-1,0.006545236799865961,1,-0.006545236799865961,-0.2377513739920687,,,,0,-65.45236799865961,0.002592179924249649,0.017496326938271523,-0.0027276845648884773,0.6141795166647341
2025-10-17,fold_7,"Inflation bear, AI rally and 2025",-0.002952774055302143,-1,0.012522069737315178,1,-0.012522069737315178,-0.25027344372938387,,,,0,-125.22069737315178,0.004178408533334732,0.021572764962911606,-0.002952774055302143,1.1757149166181942
2025-10-20,fold_7,"Inflation bear, AI rally and 2025",-0.0021309154108166695,-1,-0.00026159174740314484,-1,0.00026159174740314484,-0.2500118519819807,,,,1,2.6159174740314484,0.002417292445898056,0.02670317515730858,-0.0021309154108166695,-0.023926513409431638
2025-10-21,fold_7,"Inflation bear, AI rally and 2025",-0.002306007780134678,-1,-0.009680728428065777,-1,0.009680728428065777,-0.24033112355391495,,,,1,96.80728428065777,0.0012633278965950012,0.03462529554963112,-0.002306007780134678,-0.8937772036216127
2025-10-22,fold_7,"Inflation bear, AI rally and 2025",-0.0030693896114826202,-1,0.008371341042220592,1,-0.008371341042220592,-0.24870246459613554,,,,0,-83.71341042220592,-0.00027135759592056274,0.04879889264702797,-0.0030693896114826202,0.7598277720253334
2025-10-23,fold_7,"Inflation bear, AI rally and 2025",-0.0027313269674777985,-1,0.010621673427522182,1,-0.010621673427522182,-0.2593241380236577,,,,0,-106.21673427522182,-0.0006088651716709137,0.025020860135555267,-0.0027313269674777985,0.9540309455168327
2025-10-24,fold_7,"Inflation bear, AI rally and 2025",-0.002974347211420536,-1,0.01765247993171215,1,-0.01765247993171215,-0.2769766179553699,,,,0,-176.5247993171215,-0.0007569491863250732,0.019211603328585625,-0.002974347211420536,1.5557006495301577
2025-10-27,fold_7,"Inflation bear, AI rally and 2025",-0.0030694492161273956,-1,0.007660527713596821,1,-0.007660527713596821,-0.2846371456689667,,,,0,-76.60527713596821,-0.00395483523607254,0.006332420278340578,-0.0030694492161273956,0.6400089901114824
2025-10-28,fold_7,"Inflation bear, AI rally and 2025",-0.004059807397425175,-1,0.004492870531976223,1,-0.004492870531976223,-0.2891300162009429,,,,0,-44.92870531976223,-0.0021857917308807373,-0.021835021674633026,-0.004059807397425175,0.37205342136019226
2025-10-29,fold_7,"Inflation bear, AI rally and 2025",-0.004450347274541855,-1,-0.015406693331897259,-1,0.015406693331897259,-0.27372332286904566,,,,1,154.0669333189726,0.0010924451053142548,-0.019840959459543228,-0.004450347274541855,-1.2764184630714328
2025-10-30,fold_7,"Inflation bear, AI rally and 2025",-0.0027182279154658318,-1,0.00481241662055254,1,-0.00481241662055254,-0.2785357394895982,,,,0,-48.1241662055254,0.005583040416240692,-0.02323727495968342,-0.0027182279154658318,0.3844184108543597
2025-10-31,fold_7,"Inflation bear, AI rally and 2025",-0.0026785442605614662,-1,0.004773298278450966,1,-0.004773298278450966,-0.28330903776804917,,,,0,-47.73298278450966,0.0069408416748046875,-0.03121001087129116,-0.0026785442605614662,0.3809678203254386
2025-11-03,fold_7,"Inflation bear, AI rally and 2025",-0.0024180905893445015,-1,-0.02050691470503807,-1,0.02050691470503807,-0.2628021230630111,,,,1,205.0691470503807,0.003695279359817505,-0.014100291766226292,-0.0024180905893445015,-1.645425497330582
2025-11-04,fold_7,"Inflation bear, AI rally and 2025",-0.0030538998544216156,-1,0.006486933678388596,1,-0.006486933678388596,-0.2692890567413997,,,,0,-64.86933678388596,0.004070185124874115,0.003739549545571208,-0.0030538998544216156,0.4904235227950415
2025-11-05,fold_7,"Inflation bear, AI rally and 2025",-0.002974920906126499,-1,-0.018803009763360023,-1,0.018803009763360023,-0.25048604697803967,,,,1,188.03009763360023,0.004793751984834671,-0.0035360476467758417,-0.002974920906126499,-1.4397275540722754
2025-11-06,fold_7,"Inflation bear, AI rally and 2025",-0.00199065450578928,-1,-0.0031603185925632715,-1,0.0031603185925632715,-0.2473257283854764,,,,1,31.603185925632715,0.006431180983781815,-0.005360324867069721,-0.00199065450578928,-0.23038518248782683
2025-11-07,fold_7,"Inflation bear, AI rally and 2025",-0.002027742564678192,-1,0.02188301645219326,1,-0.02188301645219326,-0.26920874483766966,,,,0,-218.8301645219326,0.0046361833810806274,-0.0014442570973187685,-0.002027742564678192,1.9475170148969252
2025-11-10,fold_7,"Inflation bear, AI rally and 2025",-0.001758224330842495,-1,-0.002667073393240571,-1,0.002667073393240571,-0.2665416714444291,,,,1,26.67073393240571,-0.0014405734837055206,-0.03190450370311737,-0.001758224330842495,-0.23559951962183132
2025-11-11,fold_7,"Inflation bear, AI rally and 2025",-0.0037837261334061623,-1,-0.0007886635139584541,-1,0.0007886635139584541,-0.26575300793047063,,,,1,7.886635139584541,-0.0034374110400676727,-0.04148799180984497,-0.0037837261334061623,-0.07018370771346462
2025-11-12,fold_7,"Inflation bear, AI rally and 2025",-0.00438244454562664,-1,-0.020627286285161972,-1,0.020627286285161972,-0.24512572164530866,,,,1,206.27286285161972,-0.002485699951648712,-0.034746989607810974,-0.00438244454562664,-1.853642922140871
2025-11-13,fold_7,"Inflation bear, AI rally and 2025",-0.00296684168279171,-1,0.0007557492353953421,1,-0.0007557492353953421,-0.245881470880704,,,,0,-7.557492353953421,0.0016314387321472168,-0.03807619959115982,-0.00296684168279171,0.06288792179286838
2025-11-14,fold_7,"Inflation bear, AI rally and 2025",-0.0029122522100806236,-1,-0.008577228523790836,-1,0.008577228523790836,-0.23730424235691316,,,,1,85.77228523790836,0.001645151525735855,-0.03134717792272568,-0.0029122522100806236,-0.7190147203950206
2025-11-17,fold_7,"Inflation bear, AI rally and 2025",-0.0024466365575790405,-1,-0.012250563129782677,-1,0.012250563129782677,-0.2250536792271305,,,,1,122.50563129782677,-0.0005295127630233765,0.0024817129597067833,-0.0024466365575790405,-1.042298205062926
2025-11-18,fold_7,"Inflation bear, AI rally and 2025",-0.003594774752855301,-1,0.0059523372910916805,1,-0.0059523372910916805,-0.23100601651822217,,,,0,-59.523372910916805,-0.0003985874354839325,0.020877135917544365,-0.003594774752855301,0.49322207919352573
2025-11-19,fold_7,"Inflation bear, AI rally and 2025",-0.0035065216943621635,-1,-0.02395649440586567,-1,0.02395649440586567,-0.2070495221123565,,,,1,239.5649440586567,0.0006568469107151031,0.02372167818248272,-0.0035065216943621635,-2.0052447494274688
2025-11-20,fold_7,"Inflation bear, AI rally and 2025",-0.0026671206578612328,-1,0.007484769448637962,1,-0.007484769448637962,-0.21453429156099446,,,,0,-74.84769448637962,0.004213113337755203,0.055752597749233246,-0.0026671206578612328,0.5775990910985691
2025-11-21,fold_7,"Inflation bear, AI rally and 2025",-0.002184933051466942,-1,0.025251662358641624,1,-0.025251662358641624,-0.23978595391963609,,,,0,-252.51662358641624,0.00470428541302681,0.04490327462553978,-0.002184933051466942,1.9653590753917458
2025-11-24,fold_7,"Inflation bear, AI rally and 2025",-0.0018000677227973938,-1,0.006144860293716192,1,-0.006144860293716192,-0.24593081421335228,,,,0,-61.44860293716192,0.0017994828522205353,0.027447156608104706,-0.0018000677227973938,0.45626205881541687
2025-11-25,fold_7,"Inflation bear, AI rally and 2025",-0.0032733818516135216,-1,0.008796879090368748,1,-0.008796879090368748,-0.254727693303721,,,,0,-87.96879090368748,9.24617052078247e-06,0.02374311164021492,-0.0032733818516135216,0.6550691216377408
2025-11-26,fold_7,"Inflation bear, AI rally and 2025",-0.0038093766197562218,-1,0.008074427023530006,1,-0.008074427023530006,-0.26280212032725103,,,,0,-80.74427023530006,0.00010547786951065063,0.014015650376677513,-0.0038093766197562218,0.5965591048813538
2025-11-28,fold_7,"Inflation bear, AI rally and 2025",-0.0030436040833592415,-1,-0.0033645550720393658,-1,0.0033645550720393658,-0.25943756525521167,,,,1,33.64555072039366,0.00274667888879776,0.010010326281189919,-0.0030436040833592415,-0.25463658553309576
2025-12-01,fold_7,"Inflation bear, AI rally and 2025",-0.002414396032691002,-1,0.007795544341206551,1,-0.007795544341206551,-0.2672331095964182,,,,0,-77.9554434120655,0.0035336874425411224,0.011454490013420582,-0.002414396032691002,0.5909859154765658
2025-12-02,fold_7,"Inflation bear, AI rally and 2025",-0.001710444688796997,-1,0.0024408164899796247,1,-0.0024408164899796247,-0.26967392608639784,,,,0,-24.408164899796247,0.001840483397245407,0.004891549237072468,-0.001710444688796997,0.18403833411928913
2025-12-03,fold_7,"Inflation bear, AI rally and 2025",-0.0033858809620141983,-1,-0.0009305825224146247,-1,0.0009305825224146247,-0.2687433435639832,,,,1,9.305825224146247,0.001113101840019226,0.00653810752555728,-0.0033858809620141983,-0.07470613097210492
2025-12-04,fold_7,"Inflation bear, AI rally and 2025",-0.0041139815002679825,-1,0.004069102928042412,1,-0.004069102928042412,-0.27281244649202563,,,,0,-40.69102928042412,0.003141261637210846,0.004229042213410139,-0.0041139815002679825,0.3288540497593342
2025-12-05,fold_7,"Inflation bear, AI rally and 2025",-0.0030147433280944824,-1,-0.0019203914562240243,-1,0.0019203914562240243,-0.2708920550358016,,,,1,19.203914562240243,0.007775783538818359,-0.01914352923631668,-0.0030147433280944824,-0.16451758365576602
2025-12-08,fold_7,"Inflation bear, AI rally and 2025",-0.002125471830368042,-1,0.0012326041469350457,1,-0.0012326041469350457,-0.27212465918273665,,,,0,-12.326041469350457,0.009492848068475723,-0.02225513942539692,-0.002125471830368042,0.10571795040473164
2025-12-09,fold_7,"Inflation bear, AI rally and 2025",-0.0014693839475512505,-1,0.00408737501129508,1,-0.00408737501129508,-0.27621203419403173,,,,0,-40.8737501129508,0.007876750081777573,-0.02150787226855755,-0.0014693839475512505,0.3860940742634263
2025-12-10,fold_7,"Inflation bear, AI rally and 2025",-0.002845965325832367,-1,-0.0032396477181464434,-1,0.0032396477181464434,-0.2729723864758853,,,,1,32.396477181464434,0.005565382540225983,-0.04430621117353439,-0.002845965325832367,-0.305364873438464
2025-12-11,fold_7,"Inflation bear, AI rally and 2025",-0.0032197991386055946,-1,-0.019303468987345695,-1,0.019303468987345695,-0.2536689174885396,,,,1,193.03468987345695,0.005704119801521301,-0.02668045461177826,-0.0032197991386055946,-1.8155420144186112
2025-12-12,fold_7,"Inflation bear, AI rally and 2025",-0.0025679944083094597,-1,-0.005032000597566366,-1,0.005032000597566366,-0.24863691689097323,,,,1,50.32000597566366,0.008936025202274323,0.005574300419539213,-0.0025679944083094597,-0.47890443142588723
2025-12-15,fold_7,"Inflation bear, AI rally and 2025",-0.001890435814857483,-1,0.0019798711873590946,1,-0.0019798711873590946,-0.2506167880783323,,,,0,-19.798711873590946,0.009521383792161942,0.01538827270269394,-0.001890435814857483,0.18738061852739712
2025-12-16,fold_7,"Inflation bear, AI rally and 2025",-0.0010445564985275269,-1,-0.018710967153310776,-1,0.018710967153310776,-0.23190582092502154,,,,1,187.10967153310776,0.005888413637876511,0.018080780282616615,-0.0010445564985275269,-1.7991417330474324
2025-12-17,fold_7,"Inflation bear, AI rally and 2025",-0.0024581914767622948,-1,0.014386109076440334,1,-0.014386109076440334,-0.24629193000146188,,,,0,-143.86109076440334,0.0018016956746578217,0.039713069796562195,-0.0024581914767622948,1.3234520309883862
2025-12-18,fold_7,"Inflation bear, AI rally and 2025",-0.003499327227473259,-1,0.012951286509633064,1,-0.012951286509633064,-0.25924321651109494,,,,0,-129.51286509633064,0.0004878304898738861,0.025262802839279175,-0.003499327227473259,1.1504351940592996
2025-12-19,fold_7,"Inflation bear, AI rally and 2025",-0.0034743063151836395,-1,0.00478197168558836,1,-0.00478197168558836,-0.2640251881966833,,,,0,-47.8197168558836,0.00228002667427063,0.007459201384335756,-0.0034743063151836395,0.4635322635963407
