date,fold,regime,prediction,pred_direction,actual_return,actual_direction,strategy_return,cumulative_return,confidence,aleatoric,epistemic,correct,pnl_bps,B_pred,B_actual,D_pred,D_actual
2008-10-14,fold_1,GFC peak crash (Lehman + Mar-2009 bottom),0.017128095030784607,1,-0.09382425993680954,-1,-0.09382425993680954,-0.09382425993680954,,,,0,-938.2425993680954,-0.004720497876405716,-0.06547101587057114,0.017128095030784607,-2.109097253039619
2008-10-15,fold_1,GFC peak crash (Lehman + Mar-2009 bottom),0.04583054780960083,1,0.05282853543758392,1,0.05282853543758392,-0.040995724499225616,,,,1,528.2853543758392,0.008992470800876617,0.0003273205365985632,0.04583054780960083,1.1070436320743604
2008-10-16,fold_1,GFC peak crash (Lehman + Mar-2009 bottom),0.03296222537755966,1,0.0012392186326906085,1,0.0012392186326906085,-0.03975650586653501,,,,1,12.392186326906085,0.028025947511196136,-0.05642925575375557,0.03296222537755966,0.02550105319463656
2008-10-17,fold_1,GFC peak crash (Lehman + Mar-2009 bottom),0.024913083761930466,1,0.027482815086841583,1,0.027482815086841583,-0.012273690779693425,,,,1,274.82815086841583,0.02608652599155903,-0.09033822268247604,0.024913083761930466,0.5718398491366828
2008-10-20,fold_1,GFC peak crash (Lehman + Mar-2009 bottom),0.01630445569753647,1,-0.05319732427597046,-1,-0.05319732427597046,-0.06547101505566388,,,,0,-531.9732427597046,0.002420984208583832,-0.14600127935409546,0.01630445569753647,-1.12620021320199
2008-10-21,fold_1,GFC peak crash (Lehman + Mar-2009 bottom),0.020828429609537125,1,-0.028025925159454346,-1,-0.028025925159454346,-0.09349694021511823,,,,0,-280.25925159454346,-0.012629516422748566,0.011998527683317661,0.020828429609537125,-0.5757042442051474
2008-10-22,fold_1,GFC peak crash (Lehman + Mar-2009 bottom),0.040194302797317505,1,-0.003928040619939566,-1,-0.003928040619939566,-0.0974249808350578,,,,0,-39.28040619939566,0.009063579142093658,0.037510186433792114,0.040194302797317505,-0.08006814480336048
2008-10-23,fold_1,GFC peak crash (Lehman + Mar-2009 bottom),0.03787956386804581,1,-0.03266974538564682,-1,-0.03266974538564682,-0.13009472622070462,,,,0,-326.6974538564682,0.000745132565498352,0.07424870133399963,0.03787956386804581,-0.6675545237896594
2008-10-24,fold_1,GFC peak crash (Lehman + Mar-2009 bottom),0.042599767446517944,1,-0.028180237859487534,-1,-0.028180237859487534,-0.15827496408019215,,,,0,-281.80237859487534,0.004308778792619705,0.10843947529792786,0.042599767446517944,-0.5701113436673966
2008-10-27,fold_1,GFC peak crash (Lehman + Mar-2009 bottom),0.026647109538316727,1,0.10480247437953949,1,0.10480247437953949,-0.05347248970065266,,,,1,1048.024743795395,0.02261415310204029,0.13448895514011383,0.026647109538316727,2.264899617614946
2008-10-28,fold_1,GFC peak crash (Lehman + Mar-2009 bottom),0.002786114811897278,1,-0.002514267573133111,-1,-0.002514267573133111,-0.05598675727378577,,,,0,-25.14267573133111,-0.01542019471526146,0.05762910470366478,0.002786114811897278,-0.048841884986909896
2008-10-29,fold_1,GFC peak crash (Lehman + Mar-2009 bottom),0.005053766071796417,1,0.03281047195196152,1,0.03281047195196152,-0.023176285321824253,,,,1,328.1047195196152,0.0023491270840168,0.006586431059986353,0.005053766071796417,0.6380102978731311
2008-10-30,fold_1,GFC peak crash (Lehman + Mar-2009 bottom),-0.014189530164003372,-1,0.0015210297424346209,1,-0.0015210297424346209,-0.024697315064258873,,,,0,-15.210297424346209,-0.03304470703005791,-0.07195529341697693,-0.014189530164003372,0.029885778865258273
2008-10-31,fold_1,GFC peak crash (Lehman + Mar-2009 bottom),-0.016806133091449738,-1,-0.002130764303728938,-1,0.002130764303728938,-0.022566550760529935,,,,1,21.30764303728938,-0.02238459512591362,-0.05307116359472275,-0.016806133091449738,-0.04196421772856818
2008-11-03,fold_1,GFC peak crash (Lehman + Mar-2009 bottom),-0.010719956830143929,-1,0.027942635118961334,1,-0.027942635118961334,-0.05050918587949127,,,,0,-279.42635118961334,-0.018164072185754776,-0.06449751555919647,-0.010719956830143929,0.5578122188998867
2008-11-04,fold_1,GFC peak crash (Lehman + Mar-2009 bottom),-0.005714720115065575,-1,-0.05355694144964218,-1,0.05355694144964218,0.003047755570150912,,,,1,535.5694144964218,-0.022703226655721664,-0.11445481330156326,-0.005714720115065575,-1.1086007483566258
2008-11-05,fold_1,GFC peak crash (Lehman + Mar-2009 bottom),-0.0026740729808807373,-1,-0.04573125019669533,-1,0.04573125019669533,0.04877900576684624,,,,1,457.3125019669533,-0.017353281378746033,-0.10817801207304001,-0.0026740729808807373,-0.9193969803721691
2008-11-06,fold_1,GFC peak crash (Lehman + Mar-2009 bottom),0.008384082466363907,1,0.020405156537890434,1,0.020405156537890434,0.06918416230473667,,,,1,204.05156537890434,0.009250789880752563,-0.0032778142485767603,0.008384082466363907,0.4047481996307721
2008-11-07,fold_1,GFC peak crash (Lehman + Mar-2009 bottom),0.011027887463569641,1,-0.013557118363678455,-1,-0.013557118363678455,0.05562704394105822,,,,0,-135.57118363678455,0.012770608067512512,-0.07349137961864471,0.011027887463569641,-0.26792465922922915
2008-11-10,fold_1,GFC peak crash (Lehman + Mar-2009 bottom),0.01142546534538269,1,-0.022014662623405457,-1,-0.022014662623405457,0.03361238131765276,,,,0,-220.14662623405457,0.005873303860425949,-0.08120820671319962,0.01142546534538269,-0.5036393665804041
2008-11-11,fold_1,GFC peak crash (Lehman + Mar-2009 bottom),0.01585354283452034,1,-0.04728014022111893,-1,-0.04728014022111893,-0.013667758903466165,,,,0,-472.80140221118927,0.021504120901226997,-0.060251399874687195,0.01585354283452034,-1.1031007637312877
2008-11-12,fold_1,GFC peak crash (Lehman + Mar-2009 bottom),0.024688515812158585,1,0.05916894972324371,1,0.05916894972324371,0.04550119081977755,,,,1,591.6894972324371,0.03463298827409744,-0.06660705804824829,0.024688515812158585,1.5233259617194848
2008-11-13,fold_1,GFC peak crash (Lehman + Mar-2009 bottom),0.009311269968748093,1,-0.04980840906500816,-1,-0.04980840906500816,-0.004307218245230615,,,,0,-498.08409065008163,0.0478786937892437,-0.1753859519958496,0.009311269968748093,-1.2675075099672721
2008-11-14,fold_1,GFC peak crash (Lehman + Mar-2009 bottom),0.015097010880708694,1,-0.02127394825220108,-1,-0.02127394825220108,-0.025581166497431695,,,,0,-212.7394825220108,0.014886097982525826,-0.0830669030547142,0.015097010880708694,-0.5208683941068185
2008-11-17,fold_1,GFC peak crash (Lehman + Mar-2009 bottom),0.03229721635580063,1,-0.001057852292433381,-1,-0.001057852292433381,-0.026639018789865077,,,,0,-10.57852292433381,0.035792432725429535,-0.0024704299867153168,0.03229721635580063,-0.02601861775965601
2008-11-18,fold_1,GFC peak crash (Lehman + Mar-2009 bottom),0.03377006947994232,1,-0.05363579839468002,-1,-0.05363579839468002,-0.0802748171845451,,,,0,-536.3579839468002,0.04426813870668411,-0.0060164593160152435,0.03377006947994232,-1.3795502580863528
2008-11-19,fold_1,GFC peak crash (Lehman + Mar-2009 bottom),0.0313100591301918,1,-0.049609940499067307,-1,-0.049609940499067307,-0.1298847576836124,,,,0,-496.09940499067307,0.03290354833006859,0.08865413069725037,0.0313100591301918,-1.234032731259152
2008-11-20,fold_1,GFC peak crash (Lehman + Mar-2009 bottom),0.019907258450984955,1,0.042510632425546646,1,0.042510632425546646,-0.08737412525806576,,,,1,425.10632425546646,0.02821148745715618,0.13039687275886536,0.019907258450984955,1.0195702067929981
2008-11-21,fold_1,GFC peak crash (Lehman + Mar-2009 bottom),0.01291763037443161,1,0.059322528541088104,1,0.059322528541088104,-0.028051596716977656,,,,1,593.225285410881,0.020320046693086624,0.009702088311314583,0.01291763037443161,1.4078845529535253
2008-11-24,fold_1,GFC peak crash (Lehman + Mar-2009 bottom),-0.0013269446790218353,-1,-0.0046038818545639515,-1,0.0046038818545639515,-0.023447714862413704,,,,1,46.038818545639515,0.006042815744876862,-0.016746971756219864,-0.0013269446790218353,-0.10529690246968396
2008-11-25,fold_1,GFC peak crash (Lehman + Mar-2009 bottom),0.012277781963348389,1,0.04103479161858559,1,0.04103479161858559,0.017587076756171882,,,,1,410.34791618585587,0.02595207281410694,0.015847941860556602,0.012277781963348389,1.111254334073887
2008-11-26,fold_1,GFC peak crash (Lehman + Mar-2009 bottom),-0.007560376077890396,-1,-0.007867200300097466,-1,0.007867200300097466,0.025454277056269348,,,,1,78.67200300097466,0.00761820375919342,-0.053896866738796234,-0.007560376077890396,-0.2067849103956423
2008-11-28,fold_1,GFC peak crash (Lehman + Mar-2009 bottom),-0.013232864439487457,-1,-0.07818415015935898,-1,0.07818415015935898,0.10363842721562833,,,,1,781.8415015935898,0.006565045565366745,-0.0062005408108234406,-0.013232864439487457,-2.0920149030097552
2008-12-01,fold_1,GFC peak crash (Lehman + Mar-2009 bottom),0.006990745663642883,1,0.03287346661090851,1,0.03287346661090851,0.13651189382653683,,,,1,328.7346661090851,0.04249017313122749,0.11061938107013702,0.006990745663642883,0.7967744531761531
2008-12-02,fold_1,GFC peak crash (Lehman + Mar-2009 bottom),0.01666656881570816,1,0.027991032227873802,1,0.027991032227873802,0.16450292605441064,,,,1,279.910322278738,0.06421250849962234,0.07541601359844208,0.01666656881570816,0.6679611691128471
2008-12-03,fold_1,GFC peak crash (Lehman + Mar-2009 bottom),0.010012909770011902,1,-0.0287100151181221,-1,-0.0287100151181221,0.13579291093628854,,,,0,-287.100151181221,0.04238538444042206,0.04408736154437065,0.010012909770011902,-0.6850921338906252
2008-12-04,fold_1,GFC peak crash (Lehman + Mar-2009 bottom),0.019648242741823196,1,0.03982912749052048,1,0.03982912749052048,0.175622038426809,,,,1,398.2912749052048,0.05488166585564613,0.04499876871705055,0.019648242741823196,0.9793462647053741
2008-12-05,fold_1,GFC peak crash (Lehman + Mar-2009 bottom),0.014156460762023926,1,0.03863576799631119,1,0.03863576799631119,0.2142578064231202,,,,1,386.3576799631119,0.03551506996154785,0.025248471647500992,0.014156460762023926,0.9573386069605946
2008-12-08,fold_1,GFC peak crash (Lehman + Mar-2009 bottom),-0.005469458177685738,-1,-0.0023298992309719324,-1,0.0023298992309719324,0.21658770565409213,,,,1,23.298992309719324,-0.0020805038511753082,-0.031062552705407143,-0.005469458177685738,-0.05680074135595529
2008-12-09,fold_1,GFC peak crash (Lehman + Mar-2009 bottom),0.00115874782204628,1,-0.0033376188948750496,-1,-0.0033376188948750496,0.21325008675921708,,,,0,-33.376188948750496,0.011419374495744705,0.018161559477448463,0.00115874782204628,-0.08158449891293568
2008-12-10,fold_1,GFC peak crash (Lehman + Mar-2009 bottom),-0.005776742473244667,-1,-0.0277986079454422,-1,0.0277986079454422,0.24104869470465928,,,,1,277.986079454422,0.011903639882802963,0.009317740797996521,-0.005776742473244667,-0.6843648104632636
2008-12-11,fold_1,GFC peak crash (Lehman + Mar-2009 bottom),-0.010022604838013649,-1,0.020078828558325768,1,-0.020078828558325768,0.22096986614633352,,,,0,-200.78828558325768,-0.009657975286245346,0.019404899328947067,-0.010022604838013649,0.505647258021963
2008-12-12,fold_1,GFC peak crash (Lehman + Mar-2009 bottom),-0.018957240507006645,-1,-0.017675256356596947,-1,0.017675256356596947,0.23864512250293046,,,,1,176.75256356596947,-0.026724662631750107,0.007497432641685009,-0.018957240507006645,-0.4687346241071723
2008-12-15,fold_1,GFC peak crash (Lehman + Mar-2009 bottom),-0.00596277229487896,-1,0.04689421504735947,1,-0.04689421504735947,0.191750907455571,,,,0,-468.94215047359467,0.009477496147155762,0.003164258087053895,-0.00596277229487896,1.2939084794448272
2008-12-16,fold_1,GFC peak crash (Lehman + Mar-2009 bottom),-0.009650425985455513,-1,-0.012181437574326992,-1,0.012181437574326992,0.203932345029898,,,,1,121.81437574326992,-0.013798080384731293,-0.04887895658612251,-0.009650425985455513,-0.32546634396738044
2008-12-17,fold_1,GFC peak crash (Lehman + Mar-2009 bottom),-0.006709069013595581,-1,-0.017711449414491653,-1,0.017711449414491653,0.22164379444438964,,,,1,177.11449414491653,-0.009506933391094208,-0.033948201686143875,-0.006709069013595581,-0.4719795642427665
2008-12-18,fold_1,GFC peak crash (Lehman + Mar-2009 bottom),0.004335518926382065,1,0.008171360939741135,1,0.008171360939741135,0.22981515538413078,,,,1,81.71360939741135,-0.0018198192119598389,-0.01657971180975437,0.004335518926382065,0.22839322156023914
2008-12-19,fold_1,GFC peak crash (Lehman + Mar-2009 bottom),0.002132125198841095,1,-0.02200843021273613,-1,-0.02200843021273613,0.20780672517139465,,,,0,-220.0843021273613,0.007746420800685883,-0.03302434831857681,0.002132125198841095,-0.6461012592114418
2008-12-22,fold_1,GFC peak crash (Lehman + Mar-2009 bottom),0.006045497953891754,1,-0.005149002652615309,-1,-0.005149002652615309,0.20265772251877934,,,,0,-51.49002652615309,-0.006244033575057983,0.009539843536913395,0.006045497953891754,-0.1556607008643919
2008-12-23,fold_1,GFC peak crash (Lehman + Mar-2009 bottom),0.013564344495534897,1,0.0027493173256516457,1,0.0027493173256516457,0.20540703984443098,,,,1,27.493173256516457,0.02625438943505287,0.0231305118650198,0.013564344495534897,0.09066467300399882
2008-12-24,fold_1,GFC peak crash (Lehman + Mar-2009 bottom),0.015176527202129364,1,-0.0003429576463531703,-1,-0.0003429576463531703,0.2050640821980778,,,,0,-3.4295764635317028,0.026903606951236725,0.06284288316965103,0.015176527202129364,-0.01131396397522408
2008-12-26,fold_1,GFC peak crash (Lehman + Mar-2009 bottom),0.004151850938796997,1,-0.008273275569081306,-1,-0.008273275569081306,0.1967908066289965,,,,0,-82.73275569081306,-0.00019192323088645935,0.06286349147558212,0.004151850938796997,-0.28636381278925166
2008-12-29,fold_1,GFC peak crash (Lehman + Mar-2009 bottom),0.0023223012685775757,1,0.020555762574076653,1,0.020555762574076653,0.21734656920307316,,,,1,205.55762574076653,-0.002588663250207901,0.08108048141002655,0.0023223012685775757,0.7113592667332982
2008-12-30,fold_1,GFC peak crash (Lehman + Mar-2009 bottom),0.0008494891226291656,1,0.008441665209829807,1,0.008441665209829807,0.22578823441290297,,,,1,84.41665209829807,-0.002254210412502289,0.0317063182592392,0.0008494891226291656,0.359792261687734
2008-12-31,fold_1,GFC peak crash (Lehman + Mar-2009 bottom),-0.01660871133208275,-1,0.042461689561605453,1,-0.042461689561605453,0.1833265448512975,,,,0,-424.61689561605453,-0.01605292782187462,0.033722203224897385,-0.01660871133208275,1.8988990613166399
2009-01-02,fold_1,GFC peak crash (Lehman + Mar-2009 bottom),-0.01924053207039833,-1,-0.00032235000981017947,-1,0.00032235000981017947,0.1836488948611077,,,,1,3.2235000981017947,-0.020851027220487595,-0.03142658993601799,-0.01924053207039833,-0.013732587060522822
2009-01-05,fold_1,GFC peak crash (Lehman + Mar-2009 bottom),-0.013560391962528229,-1,0.00994371809065342,1,-0.00994371809065342,0.17370517677045427,,,,0,-99.4371809065342,-0.01891445741057396,-0.04956405982375145,-0.013560391962528229,0.440405604963444
2009-01-06,fold_1,GFC peak crash (Lehman + Mar-2009 bottom),-0.014895657077431679,-1,-0.028818404302001,-1,0.028818404302001,0.20252358107245527,,,,1,288.18404302001,-0.011958170682191849,-0.0591689758002758,-0.014895657077431679,-1.38107552841447
2009-01-07,fold_1,GFC peak crash (Lehman + Mar-2009 bottom),0.0051836781203746796,1,0.010457552038133144,1,0.010457552038133144,0.21298113311058842,,,,1,104.57552038133144,0.022667832672595978,-0.06130253151059151,0.0051836781203746796,0.5213772021956417
2009-01-08,fold_1,GFC peak crash (Lehman + Mar-2009 bottom),0.0034349747002124786,1,-0.02268710546195507,-1,-0.02268710546195507,0.19029402764863335,,,,0,-226.8710546195507,0.03968336060643196,-0.05547646805644035,0.0034349747002124786,-1.123864984696404
2009-01-09,fold_1,GFC peak crash (Lehman + Mar-2009 bottom),0.0033426806330680847,1,-0.018459821119904518,-1,-0.018459821119904518,0.17183420652872883,,,,0,-184.59821119904518,0.019400686025619507,-0.021853338927030563,0.0033426806330680847,-0.8874499725674849
2009-01-12,fold_1,GFC peak crash (Lehman + Mar-2009 bottom),0.007420055568218231,1,0.00033880159026011825,1,0.00033880159026011825,0.17217300811898895,,,,1,3.3880159026011825,0.03930755332112312,-0.05429340526461601,0.007420055568218231,0.016710213945114464
2009-01-13,fold_1,GFC peak crash (Lehman + Mar-2009 bottom),0.004140947014093399,1,-0.030951958149671555,-1,-0.030951958149671555,0.1412210499693174,,,,0,-309.51958149671555,0.038450855761766434,-0.012951979413628578,0.004140947014093399,-1.5654513740687834
2009-01-14,fold_1,GFC peak crash (Lehman + Mar-2009 bottom),0.010537132620811462,1,0.016283614560961723,1,0.016283614560961723,0.15750466453027911,,,,1,162.83614560961723,0.03359323367476463,0.0045303646475076675,0.010537132620811462,0.7915411764355298
2009-01-15,fold_1,GFC peak crash (Lehman + Mar-2009 bottom),0.01309967041015625,1,0.01093602366745472,1,0.01093602366745472,0.16844068819773383,,,,1,109.3602366745472,0.028734680265188217,-0.006897205486893654,0.01309967041015625,0.6052141544043578
2009-01-16,fold_1,GFC peak crash (Lehman + Mar-2009 bottom),0.012756291776895523,1,-0.05089988932013512,-1,-0.05089988932013512,0.11754079887759872,,,,0,-508.99889320135117,0.021046526730060577,-0.010592788457870483,0.012756291776895523,-2.823098035338528
2009-01-20,fold_1,GFC peak crash (Lehman + Mar-2009 bottom),0.012779362499713898,1,0.0416802279651165,1,0.0416802279651165,0.15922102684271522,,,,1,416.802279651165,-0.002092469483613968,0.04749481379985809,0.012779362499713898,1.9894501200614343
2009-01-21,fold_1,GFC peak crash (Lehman + Mar-2009 bottom),0.0008167214691638947,1,-0.013469614088535309,-1,-0.013469614088535309,0.1457514127541799,,,,0,-134.6961408853531,-0.008209381252527237,0.04034192115068436,0.0008167214691638947,-0.5892937199583155
2009-01-22,fold_1,GFC peak crash (Lehman + Mar-2009 bottom),0.019497442990541458,1,0.004856044892221689,1,0.004856044892221689,0.1506074576464016,,,,1,48.56044892221689,-0.007887277752161026,0.02811305969953537,0.019497442990541458,0.21559962684167613
2009-01-23,fold_1,GFC peak crash (Lehman + Mar-2009 bottom),-0.0010914281010627747,-1,0.00724044069647789,1,-0.00724044069647789,0.1433670169499237,,,,0,-72.4044069647789,-0.014506995677947998,0.005520956590771675,-0.0010914281010627747,0.32150893117112656
2009-01-26,fold_1,GFC peak crash (Lehman + Mar-2009 bottom),0.014499593526124954,1,0.007187714800238609,1,0.007187714800238609,0.15055473175016232,,,,1,71.8771480023861,-0.014600906521081924,0.01025271974503994,0.014499593526124954,0.318464132859641
2009-01-27,fold_1,GFC peak crash (Lehman + Mar-2009 bottom),0.01988774910569191,1,0.034527335315942764,1,0.034527335315942764,0.18508206706610508,,,,1,345.27335315942764,0.008892450481653214,0.018584955483675003,0.01988774910569191,1.5259379429002036
2009-01-28,fold_1,GFC peak crash (Lehman + Mar-2009 bottom),-0.0005666613578796387,-1,-0.025698475539684296,-1,0.025698475539684296,0.21078054260578938,,,,1,256.98475539684296,0.003838907927274704,-0.01460401713848114,-0.0005666613578796387,-1.0781286776485335
2009-01-29,fold_1,GFC peak crash (Lehman + Mar-2009 bottom),0.005977798253297806,1,-0.017736058682203293,-1,-0.017736058682203293,0.19304448392358609,,,,0,-177.36058682203293,0.0024255476891994476,0.032920949161052704,0.005977798253297806,-0.7364133233704658
2009-01-30,fold_1,GFC peak crash (Lehman + Mar-2009 bottom),0.017897870391607285,1,0.011972203850746155,1,0.011972203850746155,0.20501668777433224,,,,1,119.72203850746155,0.019992457702755928,0.07648946344852448,0.017897870391607285,0.4919620198706491
2009-02-02,fold_1,GFC peak crash (Lehman + Mar-2009 bottom),0.023761149495840073,1,0.015519951470196247,1,0.015519951470196247,0.2205366392445285,,,,1,155.19951470196247,0.014439500868320465,0.06865273416042328,0.023761149495840073,0.6877479031448788
2009-02-03,fold_1,GFC peak crash (Lehman + Mar-2009 bottom),0.01869836077094078,1,0.0013383622281253338,1,0.0013383622281253338,0.22187500147265382,,,,1,13.383622281253338,0.02661050856113434,0.015612514689564705,0.01869836077094078,0.05861908332521261
2009-02-04,fold_1,GFC peak crash (Lehman + Mar-2009 bottom),0.007494449615478516,1,0.021826492622494698,1,0.021826492622494698,0.24370149409514852,,,,1,218.26492622494698,-0.012292828410863876,0.009649120271205902,0.007494449615478516,0.9604636281767396
2009-02-05,fold_1,GFC peak crash (Lehman + Mar-2009 bottom),0.0025467798113822937,1,0.02583245187997818,1,0.02583245187997818,0.2695339459751267,,,,1,258.3245187997818,-0.03446586802601814,0.0,0.0025467798113822937,1.1567459466344763
2009-02-06,fold_1,GFC peak crash (Lehman + Mar-2009 bottom),0.00442090630531311,1,0.004135478753596544,1,0.004135478753596544,0.27366942472872324,,,,1,41.35478753596544,-7.89053738117218e-05,-0.030422896146774292,0.00442090630531311,0.18020994654689176
2009-02-09,fold_1,GFC peak crash (Lehman + Mar-2009 bottom),0.009893838316202164,1,-0.03752027079463005,-1,-0.03752027079463005,0.2361491539340932,,,,0,-375.2027079463005,0.022761059924960136,-0.07513406872749329,0.009893838316202164,-1.6750522774946477
2009-02-10,fold_1,GFC peak crash (Lehman + Mar-2009 bottom),0.01577920839190483,1,-0.004625031724572182,-1,-0.004625031724572182,0.231524122209521,,,,0,-46.25031724572182,0.013748683035373688,-0.03692920506000519,0.01577920839190483,-0.1963064211528487
2009-02-11,fold_1,GFC peak crash (Lehman + Mar-2009 bottom),0.021204303950071335,1,0.01217737141996622,1,0.01217737141996622,0.24370149362948723,,,,1,121.77371419966221,0.02652846835553646,-0.04781389608979225,0.021204303950071335,0.5163659305223878
2009-02-12,fold_1,GFC peak crash (Lehman + Mar-2009 bottom),0.019523199647665024,1,-0.004590444266796112,-1,-0.004590444266796112,0.23911104936269112,,,,0,-45.90444266796112,0.005029596388339996,-0.057216279208660126,0.019523199647665024,-0.20214900412444273
2009-02-13,fold_1,GFC peak crash (Lehman + Mar-2009 bottom),0.0035392530262470245,1,-0.04057569429278374,-1,-0.04057569429278374,0.19853535506990738,,,,0,-405.7569429278374,-0.010055601596832275,-0.08823682367801666,0.0035392530262470245,-1.8083558163302977
2009-02-17,fold_1,GFC peak crash (Lehman + Mar-2009 bottom),0.008306529372930527,1,0.000684593163896352,1,0.000684593163896352,0.19921994823380373,,,,1,6.8459316389635205,0.003411967307329178,-0.015172178857028484,0.008306529372930527,0.02843112078509613
2009-02-18,fold_1,GFC peak crash (Lehman + Mar-2009 bottom),0.015141203999519348,1,-0.015509720891714096,-1,-0.015509720891714096,0.18371022734208964,,,,0,-155.09720891714096,0.01632680371403694,-0.022480914369225502,0.015141203999519348,-0.7309061935277794
2009-02-19,fold_1,GFC peak crash (Lehman + Mar-2009 bottom),0.013387240469455719,1,0.002774988068267703,1,0.002774988068267703,0.18648521541035734,,,,1,27.74988068267703,0.0041937194764614105,-0.03535139560699463,0.013387240469455719,0.14321432013255497
2009-02-20,fold_1,GFC peak crash (Lehman + Mar-2009 bottom),0.016355670988559723,1,-0.03561098873615265,-1,-0.03561098873615265,0.1508742266742047,,,,0,-356.1098873615265,0.008137021213769913,-0.04752684384584427,0.016355670988559723,-1.8594837500008825
2009-02-23,fold_1,GFC peak crash (Lehman + Mar-2009 bottom),0.019687026739120483,1,0.032488949596881866,1,0.032488949596881866,0.18336317627108656,,,,1,324.88949596881866,0.0176529660820961,-0.04477813467383385,0.019687026739120483,1.5686010459481285
2009-02-24,fold_1,GFC peak crash (Lehman + Mar-2009 bottom),0.015254594385623932,1,-0.00662414263933897,-1,-0.00662414263933897,0.1767390336317476,,,,0,-66.2414263933897,0.014549359679222107,-0.0780186802148819,0.015254594385623932,-0.3026191429693795
2009-02-25,fold_1,GFC peak crash (Lehman + Mar-2009 bottom),0.021449416875839233,1,-0.028380202129483223,-1,-0.028380202129483223,0.14835883150226437,,,,0,-283.80202129483223,-0.008263051509857178,-0.04507232457399368,0.021449416875839233,-1.2970558461101405
2009-02-26,fold_1,GFC peak crash (Lehman + Mar-2009 bottom),0.025745399296283722,1,-0.009400458075106144,-1,-0.009400458075106144,0.13895837342715822,,,,0,-94.00458075106144,0.014414748176932335,-0.04715467616915703,0.025745399296283722,-0.4385750530238969
2009-02-27,fold_1,GFC peak crash (Lehman + Mar-2009 bottom),0.034988678991794586,1,-0.03286227956414223,-1,-0.03286227956414223,0.106096093863016,,,,0,-328.6227956414223,0.008455365896224976,-0.045707352459430695,0.034988678991794586,-1.5832543341428431
2009-03-02,fold_1,GFC peak crash (Lehman + Mar-2009 bottom),0.03750915080308914,1,-0.000751598970964551,-1,-0.000751598970964551,0.10534449489205144,,,,0,-7.51598970964551,0.027902979403734207,-0.03436747193336487,0.03750915080308914,-0.034702426339665096
2009-03-03,fold_1,GFC peak crash (Lehman + Mar-2009 bottom),0.02674698457121849,1,0.026322215795516968,1,0.026322215795516968,0.1316667106875684,,,,1,263.2221579551697,0.037909772247076035,0.026322215795516968,0.02674698457121849,1.2246895328254972
2009-03-04,fold_1,GFC peak crash (Lehman + Mar-2009 bottom),0.02005976065993309,1,-0.030462555587291718,-1,-0.030462555587291718,0.1012041551002767,,,,0,-304.6255558729172,0.016792932525277138,0.015251108445227146,0.02005976065993309,-1.3838793595797154
2009-03-05,fold_1,GFC peak crash (Lehman + Mar-2009 bottom),0.0252029150724411,1,-0.007953135296702385,-1,-0.007953135296702385,0.09325101980357431,,,,0,-79.53135296702385,0.022928524762392044,0.0783289447426796,0.0252029150724411,-0.34518343722180445
2009-03-06,fold_1,GFC peak crash (Lehman + Mar-2009 bottom),0.01903296634554863,1,-0.0215223990380764,-1,-0.0215223990380764,0.07172862076549791,,,,0,-215.223990380764,0.026786260306835175,0.08872090280056,0.01903296634554863,-0.9528420129139734
2009-03-09,fold_1,GFC peak crash (Lehman + Mar-2009 bottom),0.027123019099235535,1,0.059938088059425354,1,0.059938088059425354,0.13166670882492326,,,,1,599.3808805942535,0.007811605930328369,0.093400739133358,0.027123019099235535,2.6805293227550755
2009-03-10,fold_1,GFC peak crash (Lehman + Mar-2009 bottom),0.008607830852270126,1,0.015251108445227146,1,0.015251108445227146,0.1469178172701504,,,,1,152.51108445227146,-0.013913452625274658,0.07062570750713348,0.008607830852270126,0.5853840661056128
2009-03-11,fold_1,GFC peak crash (Lehman + Mar-2009 bottom),0.013654157519340515,1,0.03261528164148331,1,0.03261528164148331,0.17953309891163372,,,,1,326.15281641483307,-0.006395731121301651,0.0679113119840622,0.013654157519340515,1.3098519365463446
2009-03-12,fold_1,GFC peak crash (Lehman + Mar-2009 bottom),-0.016169918701052666,-1,0.0024388229940086603,1,-0.0024388229940086603,0.17709427591762505,,,,0,-24.388229940086603,-0.020214226096868515,0.03462249040603638,-0.016169918701052666,0.09407075065924828
2009-03-13,fold_1,GFC peak crash (Lehman + Mar-2009 bottom),-0.012644866481423378,-1,-0.016842564567923546,-1,0.016842564567923546,0.1939368404855486,,,,1,168.42564567923546,-0.0008109286427497864,0.0168460663408041,-0.012644866481423378,-0.6531217118920715
2009-03-16,fold_1,GFC peak crash (Lehman + Mar-2009 bottom),-0.009752711281180382,-1,0.037163060158491135,1,-0.037163060158491135,0.15677378032705747,,,,0,-371.63060158491135,0.008967731148004532,0.09096124023199081,-0.009752711281180382,1.4270914904074783
2009-03-17,fold_1,GFC peak crash (Lehman + Mar-2009 bottom),-0.00636708177626133,-1,0.012536708265542984,1,-0.012536708265542984,0.14423707206151448,,,,0,-125.36708265542984,2.9772520065307617e-05,0.03517917916178703,-0.00636708177626133,0.48619827721992376
2009-03-18,fold_1,GFC peak crash (Lehman + Mar-2009 bottom),-0.00874883122742176,-1,-0.000673539936542511,-1,0.000673539936542511,0.144910611998057,,,,1,6.73539936542511,-0.0038625821471214294,0.02724788524210453,-0.00874883122742176,-0.025968645943417606
2009-03-19,fold_1,GFC peak crash (Lehman + Mar-2009 bottom),-0.007708624005317688,-1,-0.015337600372731686,-1,0.015337600372731686,0.16024821237078868,,,,1,153.37600372731686,-0.005241058766841888,0.05830502137541771,-0.007708624005317688,-0.5966964858352954
2009-03-20,fold_1,GFC peak crash (Lehman + Mar-2009 bottom),-0.00658034160733223,-1,0.05727260932326317,1,-0.05727260932326317,0.10297560304752551,,,,0,-572.7260932326317,-0.010808337479829788,0.05468008294701576,-0.00658034160733223,2.2092033033287364
2009-03-23,fold_1,GFC peak crash (Lehman + Mar-2009 bottom),-0.007710151374340057,-1,-0.018618999049067497,-1,0.018618999049067497,0.12159460209659301,,,,1,186.18999049067497,-0.0151347815990448,-0.027560722082853317,-0.007710151374340057,-0.6698162405411248
2009-03-24,fold_1,GFC peak crash (Lehman + Mar-2009 bottom),-0.005023563280701637,-1,0.0046054162085056305,1,-0.0046054162085056305,0.11698918588808738,,,,0,-46.054162085056305,-0.012690678238868713,-0.00033004675060510635,-0.005023563280701637,0.16961509548873643
2009-03-25,fold_1,GFC peak crash (Lehman + Mar-2009 bottom),-0.003620471805334091,-1,0.03038359433412552,1,-0.03038359433412552,0.08660559155396186,,,,0,-303.8359433412552,0.007303878664970398,0.00979765597730875,-0.003620471805334091,1.1198733440510578
2009-03-26,fold_1,GFC peak crash (Lehman + Mar-2009 bottom),-0.0014473944902420044,-1,-0.018962539732456207,-1,0.018962539732456207,0.10556813128641807,,,,1,189.62539732456207,-0.004855550825595856,0.011081703938543797,-0.0014473944902420044,-0.6961401824098795
2009-03-27,fold_1,GFC peak crash (Lehman + Mar-2009 bottom),-0.0011524148285388947,-1,-0.024968193843960762,-1,0.024968193843960762,0.13053632513037883,,,,1,249.68193843960762,0.0032363496720790863,0.048450127243995667,-0.0011524148285388947,-0.9083529903405672
2009-03-30,fold_1,GFC peak crash (Lehman + Mar-2009 bottom),0.004722282290458679,1,0.008611675351858139,1,0.008611675351858139,0.13914800048223697,,,,1,86.11675351858139,-0.006827611476182938,0.0709424838423729,0.004722282290458679,0.31813871412694694
2011-09-15,fold_2,2011 US-downgrade + EU debt,-0.005731826648116112,-1,0.009124577045440674,1,-0.009124577045440674,-0.009124577045440674,,,,0,-91.24577045440674,-0.006160955876111984,-0.04553168639540672,-0.005731826648116112,0.4347056708931124
2011-09-16,fold_2,2011 US-downgrade + EU debt,-0.0019738078117370605,-1,0.0003535690775606781,1,-0.0003535690775606781,-0.009478146123001352,,,,0,-3.5356907756067812,0.00932079553604126,-0.04407443106174469,-0.0019738078117370605,0.01982427670138496
2011-09-19,fold_2,2011 US-downgrade + EU debt,-0.00018050521612167358,-1,-0.004426280502229929,-1,0.004426280502229929,-0.005051865620771423,,,,1,44.26280502229929,0.014166492968797684,-0.032860659062862396,-0.00018050521612167358,-0.2549162745851953
2011-09-20,fold_2,2011 US-downgrade + EU debt,-0.0018324889242649078,-1,-0.01754116453230381,-1,0.01754116453230381,0.012489298911532387,,,,1,175.4116453230381,0.01907286047935486,-0.018082918599247932,-0.0018324889242649078,-1.0096621780694353
2011-09-21,fold_2,2011 US-downgrade + EU debt,0.00010076910257339478,1,-0.033042386174201965,-1,-0.033042386174201965,-0.020553087262669578,,,,0,-330.42386174201965,0.011981073766946793,-0.015467620454728603,0.00010076910257339478,-2.152660066156558
2011-09-22,fold_2,2011 US-downgrade + EU debt,-0.0039741769433021545,-1,0.010581832379102707,1,-0.010581832379102707,-0.031134919641772285,,,,0,-105.81832379102707,0.013231359422206879,0.005583454854786396,-0.0039741769433021545,0.6244651039168694
2011-09-23,fold_2,2011 US-downgrade + EU debt,0.002504054456949234,1,0.011567340232431889,1,0.011567340232431889,-0.019567579409340397,,,,1,115.67340232431889,0.011757627129554749,-0.031135154888033867,0.002504054456949234,0.6922635135380182
2011-09-26,fold_2,2011 US-downgrade + EU debt,0.0027466751635074615,1,0.010351460427045822,1,0.010351460427045822,-0.009216118982294574,,,,1,103.51460427045822,0.004652027040719986,-0.06875809282064438,0.0027466751635074615,0.647964709418546
2011-09-27,fold_2,2011 US-downgrade + EU debt,0.0030949003994464874,1,-0.014925866387784481,-1,-0.014925866387784481,-0.024141985370079055,,,,0,-149.2586638778448,0.010537005960941315,-0.058785609900951385,0.0030949003994464874,-0.9999033511891946
2011-09-28,fold_2,2011 US-downgrade + EU debt,0.006089087575674057,1,-0.011991309933364391,-1,-0.011991309933364391,-0.03613329530344345,,,,0,-119.91309933364391,0.014083290472626686,-0.018508419394493103,0.006089087575674057,-0.7875993579204961
2011-09-29,fold_2,2011 US-downgrade + EU debt,0.010718896985054016,1,-0.02613677829504013,-1,-0.02613677829504013,-0.06227007359848358,,,,0,-261.3677829504013,0.014080600813031197,0.010155943222343922,0.010718896985054016,-1.691140593132799
2011-09-30,fold_2,2011 US-downgrade + EU debt,0.02209664136171341,1,-0.02605559676885605,-1,-0.02605559676885605,-0.08832567036733963,,,,0,-260.5559676885605,0.027873842045664787,0.029656758531928062,0.02209664136171341,-1.5890624264028668
2011-10-03,fold_2,2011 US-downgrade + EU debt,0.017504826188087463,1,0.020323943346738815,1,0.020323943346738815,-0.06800172702060081,,,,1,203.23943346738815,0.024200618267059326,0.08971229940652847,0.017504826188087463,1.2264255117918808
2011-10-04,fold_2,2011 US-downgrade + EU debt,0.011224955320358276,1,0.025351323187351227,1,0.025351323187351227,-0.042650403833249584,,,,1,253.51323187351227,0.01882762648165226,0.07615866512060165,0.011224955320358276,1.4753303773046933
2011-10-05,fold_2,2011 US-downgrade + EU debt,0.009155705571174622,1,0.016673052683472633,1,0.016673052683472633,-0.02597735114977695,,,,1,166.73052683472633,0.011797718703746796,0.05576667934656143,0.009155705571174622,0.9689172428878959
2011-10-06,fold_2,2011 US-downgrade + EU debt,0.002888847142457962,1,-0.006635963451117277,-1,-0.006635963451117277,-0.03261331460089423,,,,0,-66.35963451117277,-0.012255799025297165,0.04823896661400795,0.002888847142457962,-0.37753096585769524
2011-10-07,fold_2,2011 US-downgrade + EU debt,0.0025657005608081818,1,0.03399994224309921,1,0.03399994224309921,0.001386627642204985,,,,1,339.9994224309921,0.003489229828119278,0.07326241582632065,0.0025657005608081818,2.0109698426755127
2011-10-10,fold_2,2011 US-downgrade + EU debt,-0.0035378746688365936,-1,0.006770310457795858,1,-0.006770310457795858,-0.005383682815590873,,,,0,-67.70310457795858,-0.004377622157335281,0.023672057315707207,-0.0035378746688365936,0.36958041822768833
2011-10-11,fold_2,2011 US-downgrade + EU debt,-0.000975586473941803,-1,0.004959336947649717,1,-0.004959336947649717,-0.01034301976324059,,,,0,-49.59336947649717,0.014025157317519188,0.029220879077911377,-0.000975586473941803,0.27339337368955224
2011-10-12,fold_2,2011 US-downgrade + EU debt,5.967915058135986e-05,1,0.009145340882241726,1,0.009145340882241726,-0.0011976788809988648,,,,1,91.45340882241726,0.005607176572084427,0.004759124014526606,5.967915058135986e-05,0.5110648573448996
2011-10-13,fold_2,2011 US-downgrade + EU debt,-8.101016283035278e-05,-1,0.018387483432888985,1,-0.018387483432888985,-0.01958516231388785,,,,0,-183.87483432888985,0.010217584669589996,-0.00932210311293602,-8.101016283035278e-05,1.0383404829196792
2011-10-14,fold_2,2011 US-downgrade + EU debt,0.0012737549841403961,1,-0.015590416267514229,-1,-0.015590416267514229,-0.03517557858140208,,,,0,-155.9041626751423,0.00916237011551857,-0.015241407789289951,0.0012737549841403961,-0.8630311332953978
2011-10-17,fold_2,2011 US-downgrade + EU debt,0.004887547343969345,1,0.012319132685661316,1,0.012319132685661316,-0.022856445895740762,,,,1,123.19132685661316,0.017662413418293,0.02090400457382202,0.004887547343969345,0.6695962803549923
2011-10-18,fold_2,2011 US-downgrade + EU debt,0.005820088088512421,1,-0.019502418115735054,-1,-0.019502418115735054,-0.042358864011475816,,,,0,-195.02418115735054,0.015617746859788895,-0.011272321455180645,0.005820088088512421,-1.0498388879697274
2011-10-19,fold_2,2011 US-downgrade + EU debt,0.00522637739777565,1,-0.004935885779559612,-1,-0.004935885779559612,-0.04729474979103543,,,,0,-49.35885779559612,0.02267572283744812,0.007008848246186972,0.00522637739777565,-0.26431722574440353
2011-10-20,fold_2,2011 US-downgrade + EU debt,0.0051926858723163605,1,0.012468178756535053,1,0.012468178756535053,-0.034826571034500375,,,,1,124.68178756535053,0.02696014568209648,0.03915964812040329,0.0051926858723163605,0.7254950301428739
2011-10-21,fold_2,2011 US-downgrade + EU debt,0.00012709200382232666,1,0.02055499702692032,1,0.02055499702692032,-0.014271574007580057,,,,1,205.5499702692032,0.01945759914815426,0.028219684958457947,0.00012709200382232666,1.1916707960141402
2011-10-24,fold_2,2011 US-downgrade + EU debt,-0.005368206650018692,-1,-0.019857194274663925,-1,0.019857194274663925,0.005585620267083868,,,,1,198.57194274663925,-0.0019655898213386536,-0.009274552576243877,-0.005368206650018692,-1.1242654227451692
2011-10-25,fold_2,2011 US-downgrade + EU debt,-0.0014564990997314453,-1,-0.0012212475994601846,-1,0.0012212475994601846,0.006806867866544053,,,,1,12.212475994601846,0.013984756544232368,-0.01582009345293045,-0.0014564990997314453,-0.06760576848215083
2011-10-26,fold_2,2011 US-downgrade + EU debt,-0.002951011061668396,-1,0.027214914560317993,1,-0.027214914560317993,-0.02040804669377394,,,,0,-272.14914560317993,0.007754072546958923,-0.006130612455308437,-0.002951011061668396,1.5327721267443946
2011-10-27,fold_2,2011 US-downgrade + EU debt,-0.0037426091730594635,-1,0.0015282155945897102,1,-0.0015282155945897102,-0.02193626228836365,,,,0,-15.282155945897102,-0.009960800409317017,-0.012826281599700451,-0.0037426091730594635,0.08226495855020724
2011-10-28,fold_2,2011 US-downgrade + EU debt,-0.0025858357548713684,-1,-0.01693923957645893,-1,0.01693923957645893,-0.0049970227119047195,,,,1,169.3923957645893,0.01067286729812622,-0.019531505182385445,-0.0025858357548713684,-0.9604499301628657
2011-10-31,fold_2,2011 US-downgrade + EU debt,0.0027724765241146088,1,-0.026402734220027924,-1,-0.026402734220027924,-0.03139975693193264,,,,0,-264.02734220027924,0.0065468475222587585,0.004476445727050304,0.0027724765241146088,-1.5465390044523744
2011-11-01,fold_2,2011 US-downgrade + EU debt,0.002079874277114868,1,0.008468233048915863,1,0.008468233048915863,-0.02293152388301678,,,,1,84.68233048915863,-0.02477436140179634,0.04232337325811386,0.002079874277114868,0.48436570043620525
2011-11-02,fold_2,2011 US-downgrade + EU debt,-0.004479428753256798,-1,0.02051924541592598,1,-0.02051924541592598,-0.04345076929894276,,,,0,-205.1924541592598,-0.018299881368875504,-0.0019340838771313429,-0.004479428753256798,1.2326345198031936
2011-11-03,fold_2,2011 US-downgrade + EU debt,-0.00503578782081604,-1,-0.005177008453756571,-1,0.005177008453756571,-0.03827376084518619,,,,1,51.77008453756571,-0.025486353784799576,-0.022981518879532814,-0.00503578782081604,-0.3070564506044192
2011-11-04,fold_2,2011 US-downgrade + EU debt,-0.007726786658167839,-1,0.007068710867315531,1,-0.007068710867315531,-0.04534247171250172,,,,0,-70.68710867315531,-0.033963385969400406,0.0008646357455290854,-0.007726786658167839,0.4198931974338946
2011-11-07,fold_2,2011 US-downgrade + EU debt,-0.004817632958292961,-1,0.011444195173680782,1,-0.011444195173680782,-0.0567866668861825,,,,0,-114.44195173680782,-0.01765110343694687,-0.012446429580450058,-0.004817632958292961,0.7577434176658022
2011-11-08,fold_2,2011 US-downgrade + EU debt,-0.0020869076251983643,-1,-0.03578922525048256,-1,0.03578922525048256,-0.020997441635699943,,,,1,357.8922525048256,-0.000458449125289917,-0.012819630093872547,-0.0020869076251983643,-2.3478716767528267
2011-11-09,fold_2,2011 US-downgrade + EU debt,0.0014820694923400879,1,-0.0005281896446831524,-1,-0.0005281896446831524,-0.021525631280383095,,,,0,-5.281896446831524,0.00473964586853981,0.006316989194601774,0.0014820694923400879,-0.030743494779457137
2011-11-10,fold_2,2011 US-downgrade + EU debt,0.00214284285902977,1,0.018669145181775093,1,0.018669145181775093,-0.002856486098608002,,,,1,186.69145181775093,0.004563640803098679,-0.016872424632310867,0.00214284285902977,1.0943993430677403
2011-11-11,fold_2,2011 US-downgrade + EU debt,0.004444357007741928,1,-0.006242354400455952,-1,-0.006242354400455952,-0.009098840499063954,,,,0,-62.42354400455952,0.012035280466079712,-0.04327357932925224,0.004444357007741928,-0.3656038217529387
2011-11-14,fold_2,2011 US-downgrade + EU debt,0.003227412700653076,1,0.011070994660258293,1,0.011070994660258293,0.0019721541611943394,,,,1,110.70994660258293,0.02320849522948265,-0.056350450962781906,0.003227412700653076,0.660064405187602
2011-11-15,fold_2,2011 US-downgrade + EU debt,0.0036166273057460785,1,-0.016652606427669525,-1,-0.016652606427669525,-0.014680452266475186,,,,0,-166.52606427669525,0.005367565900087357,-0.06411396712064743,0.0036166273057460785,-0.9954319296180413
2011-11-16,fold_2,2011 US-downgrade + EU debt,0.00146416574716568,1,-0.023717602714896202,-1,-0.023717602714896202,-0.03839805498137139,,,,0,-237.17602714896202,0.016680678352713585,-0.07028059661388397,0.00146416574716568,-1.4309837360810318
2011-11-17,fold_2,2011 US-downgrade + EU debt,-0.001801770180463791,-1,-0.007732008118182421,-1,0.007732008118182421,-0.030666046863188967,,,,1,77.32008118182421,0.010287635028362274,-0.05428644269704819,-0.001801770180463791,-0.44520972628588534
2011-11-18,fold_2,2011 US-downgrade + EU debt,0.008211217820644379,1,-0.01931922696530819,-1,-0.01931922696530819,-0.049985273828497157,,,,0,-193.1922696530819,0.014079127460718155,-0.012350264005362988,0.008211217820644379,-1.1213304566334896
2011-11-21,fold_2,2011 US-downgrade + EU debt,0.009356074035167694,1,0.003307477105408907,1,0.003307477105408907,-0.04667779672308825,,,,1,33.07477105408907,0.019464757293462753,0.0007365956553258002,0.009356074035167694,0.1927749391665025
2011-11-22,fold_2,2011 US-downgrade + EU debt,0.014328181743621826,1,-0.022819234058260918,-1,-0.022819234058260918,-0.06949703078134917,,,,0,-228.19234058260918,0.02599700726568699,0.03372405469417572,0.014328181743621826,-1.3755493653767066
2011-11-23,fold_2,2011 US-downgrade + EU debt,0.01814471185207367,1,-0.00772344833239913,-1,-0.00772344833239913,-0.0772204791137483,,,,0,-77.2344833239913,0.03194543346762657,0.06343542039394379,0.01814471185207367,-0.4450522951381622
2011-11-25,fold_2,2011 US-downgrade + EU debt,0.024041742086410522,1,0.03420417010784149,1,0.03420417010784149,-0.043016309005906805,,,,1,342.0417010784149,0.03627198189496994,0.06833713501691818,0.024041742086410522,2.0928216108284197
2011-11-28,fold_2,2011 US-downgrade + EU debt,0.008892063051462173,1,-0.006232367362827063,-1,-0.006232367362827063,-0.04924867636873387,,,,0,-62.323673628270626,0.01552918367087841,0.045023635029792786,0.008892063051462173,-0.3454483536275587
2011-11-29,fold_2,2011 US-downgrade + EU debt,0.00789191946387291,1,0.03629493713378906,1,0.03629493713378906,-0.012953739234944806,,,,1,362.9493713378906,0.01089763268828392,0.048457056283950806,0.00789191946387291,2.051226385858985
2011-11-30,fold_2,2011 US-downgrade + EU debt,-0.004506213590502739,-1,0.006892128381878138,1,-0.006892128381878138,-0.019845867616822943,,,,0,-68.92128381878138,-0.013742141425609589,0.012162119150161743,-0.004506213590502739,0.37154584442518823
2011-12-01,fold_2,2011 US-downgrade + EU debt,-0.00626988522708416,-1,-0.002821733010932803,-1,0.002821733010932803,-0.01702413460589014,,,,1,28.21733010932803,0.0009684264659881592,-0.011691782623529434,-0.00626988522708416,-0.15238429575365461
2011-12-02,fold_2,2011 US-downgrade + EU debt,-0.006945297122001648,-1,0.010890672914683819,1,-0.010890672914683819,-0.02791480752057396,,,,0,-108.90672914683819,-0.0024217739701271057,0.007039838936179876,-0.006945297122001648,0.6066935826487395
2011-12-05,fold_2,2011 US-downgrade + EU debt,-0.005581682547926903,-1,-0.0027989486698061228,-1,0.0027989486698061228,-0.025115858850767836,,,,1,27.989486698061228,-0.01045851781964302,-0.015138103626668453,-0.005581682547926903,-0.15482394903360208
2011-12-06,fold_2,2011 US-downgrade + EU debt,-0.003959320485591888,-1,0.0,0,-0.0,-0.025115858850767836,,,,0,-0.0,-0.0023371540009975433,-0.02339749038219452,-0.003959320485591888,0.0
2011-12-07,fold_2,2011 US-downgrade + EU debt,-0.001642037183046341,-1,-0.016961773857474327,-1,0.016961773857474327,-0.008154084993293509,,,,1,169.61773857474327,-0.0005649961531162262,-0.039122771471738815,-0.001642037183046341,-0.9509170080754884
2011-12-08,fold_2,2011 US-downgrade + EU debt,0.0007679387927055359,1,0.015909889712929726,1,0.015909889712929726,0.007755804719636217,,,,1,159.09889712929726,0.004430130124092102,-0.024897422641515732,0.0007679387927055359,0.9709272968258564
2011-12-09,fold_2,2011 US-downgrade + EU debt,0.0015614144504070282,1,-0.011287270113825798,-1,-0.011287270113825798,-0.0035314653941895813,,,,0,-112.87270113825798,0.003552839159965515,-0.035672057420015335,0.0015614144504070282,-0.6731594202347267
2011-12-12,fold_2,2011 US-downgrade + EU debt,-0.0012121647596359253,-1,-0.01105833426117897,-1,0.01105833426117897,0.007526868866989389,,,,1,110.5833426117897,-0.0030861757695674896,-0.03427647426724434,-0.0012121647596359253,-0.6728694141096118
2011-12-13,fold_2,2011 US-downgrade + EU debt,-0.0018986351788043976,-1,-0.015725282952189445,-1,0.015725282952189445,0.023252151819178835,,,,1,157.25282952189445,0.004496842622756958,0.0059900484047830105,-0.0018986351788043976,-0.9495455651902264
2011-12-14,fold_2,2011 US-downgrade + EU debt,1.7579644918441772e-05,1,-0.002736423397436738,-1,-0.002736423397436738,0.020515728421742097,,,,0,-27.36423397436738,0.006856299936771393,0.007308221887797117,1.7579644918441772e-05,-0.16338743523011157
2011-12-15,fold_2,2011 US-downgrade + EU debt,0.002910710871219635,1,0.005135253071784973,1,0.005135253071784973,0.02565098149352707,,,,1,51.35253071784973,0.006071813404560089,0.018533855676651,0.002910710871219635,0.3142684862593917
2011-12-16,fold_2,2011 US-downgrade + EU debt,0.004783060401678085,1,-0.009891687892377377,-1,-0.009891687892377377,0.015759293601149693,,,,0,-98.91687892377377,-0.0007512345910072327,0.021994922310113907,0.004783060401678085,-0.6382412654649806
2011-12-19,fold_2,2011 US-downgrade + EU debt,0.0051275379955768585,1,0.029208188876509666,1,0.029208188876509666,0.04496748247765936,,,,1,292.08188876509666,-0.0023023784160614014,0.03560950607061386,0.0051275379955768585,1.8771779916831859
2011-12-20,fold_2,2011 US-downgrade + EU debt,-0.004597054794430733,-1,-0.014407109469175339,-1,0.014407109469175339,0.0593745919468347,,,,1,144.0710946917534,-0.014054812490940094,-0.005223233252763748,-0.004597054794430733,-0.8831967265206787
2011-12-21,fold_2,2011 US-downgrade + EU debt,-0.005460459738969803,-1,0.008489210158586502,1,-0.008489210158586502,0.050885381788248196,,,,0,-84.89210158586502,0.0002714619040489197,0.016353648155927658,-0.005460459738969803,0.5110574939016249
2011-12-22,fold_2,2011 US-downgrade + EU debt,-0.007548343390226364,-1,0.008596319705247879,1,-0.008596319705247879,0.04228906208300032,,,,0,-85.96319705247879,-0.011340517550706863,0.005002554971724749,-0.007548343390226364,0.5399180228938677
2011-12-23,fold_2,2011 US-downgrade + EU debt,-0.006958579644560814,-1,0.0037228951696306467,1,-0.0037228951696306467,0.03856616691336967,,,,0,-37.22895169630647,-0.011046774685382843,0.015389706939458847,-0.006958579644560814,0.23349997107919782
2011-12-27,fold_2,2011 US-downgrade + EU debt,-0.008545709773898125,-1,-0.011624548584222794,-1,0.011624548584222794,0.050190715497592464,,,,1,116.24548584222794,-0.017540059983730316,0.015876110643148422,-0.008545709773898125,-0.8294704762865347
2011-12-28,fold_2,2011 US-downgrade + EU debt,-0.005042068660259247,-1,0.007169771008193493,1,-0.007169771008193493,0.04302094448939897,,,,0,-71.69771008193493,-0.008565079420804977,0.03569252789020538,-0.005042068660259247,0.5054421435318919
2011-12-29,fold_2,2011 US-downgrade + EU debt,-0.006504373624920845,-1,-0.002861881861463189,-1,0.002861881861463189,0.04588282635086216,,,,1,28.61881861463189,-0.012702502310276031,0.03198814019560814,-0.006504373624920845,-0.24368794404464716
2011-12-30,fold_2,2011 US-downgrade + EU debt,-0.005792761221528053,-1,0.018983472138643265,1,-0.018983472138643265,0.026899354212218896,,,,0,-189.83472138643265,-0.003562144935131073,0.03155828267335892,-0.005792761221528053,1.6280766304793013
2012-01-03,fold_2,2011 US-downgrade + EU debt,-0.006623279303312302,-1,0.004209298174828291,1,-0.004209298174828291,0.022690056037390605,,,,0,-42.09298174828291,-0.00454794242978096,0.019837142899632454,-0.006623279303312302,0.3396611501012018
2012-01-04,fold_2,2011 US-downgrade + EU debt,-0.004129704087972641,-1,0.008191867731511593,1,-0.008191867731511593,0.014498188305879012,,,,0,-81.91867731511593,0.00491679459810257,0.01769336871802807,-0.004129704087972641,0.672157943262196
2012-01-05,fold_2,2011 US-downgrade + EU debt,-0.0032620057463645935,-1,0.0034653828479349613,1,-0.0034653828479349613,0.01103280545794405,,,,0,-34.65382847934961,0.001758471131324768,0.01344839483499527,-0.0032620057463645935,0.28154617876989074
2012-01-06,fold_2,2011 US-downgrade + EU debt,-0.00024574995040893555,-1,-0.0032917384523898363,-1,0.0032917384523898363,0.014324543910333887,,,,1,32.91738452389836,0.012165240943431854,0.00638009374961257,-0.00024574995040893555,-0.26690995994171485
2012-01-09,fold_2,2011 US-downgrade + EU debt,0.0007611066102981567,1,0.0072623323649168015,1,0.0072623323649168015,0.021586876275250688,,,,1,72.62332364916801,0.017893370240926743,0.018740149214863777,0.0007611066102981567,0.6176430054681394
2012-01-10,fold_2,2011 US-downgrade + EU debt,0.0015954524278640747,1,0.0020655242260545492,1,0.0020655242260545492,0.023652400501305237,,,,1,20.655242260545492,0.012924425303936005,0.024675680324435234,0.0015954524278640747,0.18240113183113085
2012-01-11,fold_2,2011 US-downgrade + EU debt,0.002204660326242447,1,0.003946894314140081,1,0.003946894314140081,0.02759929481544532,,,,1,39.468943141400814,0.016466347500681877,0.028810633346438408,0.002204660326242447,0.3572210027434997
2012-01-12,fold_2,2011 US-downgrade + EU debt,0.002046283334493637,1,-0.0036029184702783823,-1,-0.0036029184702783823,0.023996376345166937,,,,0,-36.02918470278382,0.00936637818813324,0.023359356448054314,0.002046283334493637,-0.33345716869875647
2012-01-13,fold_2,2011 US-downgrade + EU debt,0.0012146234512329102,1,0.009068316780030727,1,0.009068316780030727,0.033064693125197664,,,,1,90.68316780030727,0.01689697802066803,0.027296697720885277,0.0012146234512329102,0.8848621991021048
2012-01-17,fold_2,2011 US-downgrade + EU debt,-0.0010680928826332092,-1,0.013197863474488258,1,-0.013197863474488258,0.019866829650709406,,,,0,-131.97863474488258,0.011867213994264603,0.01638673059642315,-0.0010680928826332092,1.2654933739685277
2012-01-18,fold_2,2011 US-downgrade + EU debt,-0.00181681290268898,-1,0.006200478412210941,1,-0.006200478412210941,0.013666351238498464,,,,0,-62.00478412210941,0.009122610092163086,0.015677636489272118,-0.00181681290268898,0.5753151595477494
2012-01-19,fold_2,2011 US-downgrade + EU debt,-0.0011502057313919067,-1,-0.0015043833991512656,-1,0.0015043833991512656,0.01517073463764973,,,,1,15.043833991512656,0.013033382594585419,0.005996078252792358,-0.0011502057313919067,-0.14140463209322943
2012-01-20,fold_2,2011 US-downgrade + EU debt,0.0004981309175491333,1,0.0003344228898640722,1,0.0003344228898640722,0.015505157527513802,,,,1,3.344228898640722,0.018060073256492615,0.010485036298632622,0.0004981309175491333,0.039788999324111236
2012-01-23,fold_2,2011 US-downgrade + EU debt,-0.0022125057876110077,-1,-0.001841651159338653,-1,0.001841651159338653,0.017346808686852455,,,,1,18.41651159338653,0.013106927275657654,0.010978174395859241,-0.0022125057876110077,-0.23722331805890484
2012-01-24,fold_2,2011 US-downgrade + EU debt,-0.0012668110430240631,-1,0.012488769367337227,1,-0.012488769367337227,0.004858039319515228,,,,0,-124.88769367337227,0.011988319456577301,0.014142458327114582,-0.0012668110430240631,1.6565615210635705
2012-01-25,fold_2,2011 US-downgrade + EU debt,-0.0019466914236545563,-1,-0.0034810793586075306,-1,0.0034810793586075306,0.008339118678122759,,,,1,34.810793586075306,0.004014879465103149,0.009716147556900978,-0.0019466914236545563,-0.44592694704213065
2012-01-26,fold_2,2011 US-downgrade + EU debt,-0.00019696727395057678,-1,0.0029845747631043196,1,-0.0029845747631043196,0.005354543915018439,,,,0,-29.845747631043196,0.007474500685930252,0.01630597747862339,-0.00019696727395057678,0.38259811683906547
2012-01-27,fold_2,2011 US-downgrade + EU debt,-0.00153389573097229,-1,0.000827561307232827,1,-0.000827561307232827,0.004526982607785612,,,,0,-8.27561307232827,0.006590936332941055,0.026951424777507782,-0.00153389573097229,0.11205640185162051
2012-01-30,fold_2,2011 US-downgrade + EU debt,-0.001965656876564026,-1,0.0013226325390860438,1,-0.0013226325390860438,0.0032043500686995685,,,,0,-13.226325390860438,0.0074796490371227264,0.025317996740341187,-0.001965656876564026,0.18340650606887668
2012-01-31,fold_2,2011 US-downgrade + EU debt,-0.0011521503329277039,-1,0.008062458597123623,1,-0.008062458597123623,-0.004858108528424054,,,,0,-80.62458597123623,0.008367303758859634,0.026089711114764214,-0.0011521503329277039,1.1214809968773007
2012-02-01,fold_2,2011 US-downgrade + EU debt,-0.001409381628036499,-1,0.003108750795945525,1,-0.003108750795945525,-0.00796685932436958,,,,0,-31.08750795945525,0.0007301494479179382,0.023324616253376007,-0.001409381628036499,0.5116638443727852
2012-02-02,fold_2,2011 US-downgrade + EU debt,-0.0007702596485614777,-1,0.01363002136349678,1,-0.01363002136349678,-0.02159688068786636,,,,0,-136.3002136349678,0.00424787774682045,0.027394801378250122,-0.0007702596485614777,2.2556782061599634
2012-02-03,fold_2,2011 US-downgrade + EU debt,-0.0028607361018657684,-1,-0.0008058656821958721,-1,0.0008058656821958721,-0.020791015005670488,,,,1,8.05865682195872,0.0027148351073265076,0.006745867431163788,-0.0028607361018657684,-0.12369304079839814
2012-02-06,fold_2,2011 US-downgrade + EU debt,-0.0009429082274436951,-1,0.0020943458657711744,1,-0.0020943458657711744,-0.022885360871441662,,,,0,-20.943458657711744,0.00802178680896759,0.01679355278611183,-0.0009429082274436951,0.3236356149482816
2012-02-07,fold_2,2011 US-downgrade + EU debt,-0.0003559999167919159,-1,0.005297363270074129,1,-0.005297363270074129,-0.02818272414151579,,,,0,-52.97363270074129,0.006702788174152374,0.01723337359726429,-0.0003559999167919159,0.8217622714312218
2012-02-08,fold_2,2011 US-downgrade + EU debt,-0.0008196234703063965,-1,0.0071789356879889965,1,-0.0071789356879889965,-0.03536165982950479,,,,0,-71.78935687988997,0.003890678286552429,0.004950869362801313,-0.0008196234703063965,1.130556543370586
2012-02-09,fold_2,2011 US-downgrade + EU debt,-0.0017560049891471863,-1,-0.007018911652266979,-1,0.007018911652266979,-0.02834274817723781,,,,1,70.18911652266979,0.003942012786865234,0.01137989480048418,-0.0017560049891471863,-1.074317083326856
2012-02-10,fold_2,2011 US-downgrade + EU debt,-0.003241058439016342,-1,0.009241819381713867,1,-0.009241819381713867,-0.037584567558951676,,,,0,-92.41819381713867,-0.0029825717210769653,0.015250276774168015,-0.003241058439016342,1.3874465085316885
2012-02-13,fold_2,2011 US-downgrade + EU debt,-0.0015249177813529968,-1,0.00253416714258492,1,-0.00253416714258492,-0.040118734701536596,,,,0,-25.3416714258492,-0.0003448016941547394,0.00884240958839655,-0.0015249177813529968,0.3658105560002509
2012-02-14,fold_2,2011 US-downgrade + EU debt,-0.004666013643145561,-1,-0.006985141430050135,-1,0.006985141430050135,-0.03313359327148646,,,,1,69.85141430050135,-0.006100200116634369,0.001738892518915236,-0.004666013643145561,-1.0506623351197235
2012-02-15,fold_2,2011 US-downgrade + EU debt,-0.005996065214276314,-1,0.013607961125671864,1,-0.013607961125671864,-0.046741554397158325,,,,0,-136.07961125671864,-0.009189043194055557,0.015335114672780037,-0.005996065214276314,2.209520931384703
2012-02-16,fold_2,2011 US-downgrade + EU debt,-0.0045190248638391495,-1,-0.003148529212921858,-1,0.003148529212921858,-0.04359302518423647,,,,1,31.48529212921858,-0.01226571574807167,0.005172334145754576,-0.0045190248638391495,-0.4679680087542468
2012-02-17,fold_2,2011 US-downgrade + EU debt,-0.0033884868025779724,-1,0.0028339524287730455,1,-0.0028339524287730455,-0.04642697761300951,,,,0,-28.339524287730455,0.00015665218234062195,0.009727438911795616,-0.0033884868025779724,0.41944385103734144
2012-02-21,fold_2,2011 US-downgrade + EU debt,-0.005022889003157616,-1,-0.004569350276142359,-1,0.004569350276142359,-0.041857627336867154,,,,1,45.69350276142359,-0.008985597640275955,0.016990341246128082,-0.005022889003157616,-0.6733801069912754
2012-02-22,fold_2,2011 US-downgrade + EU debt,-0.004122132435441017,-1,0.006611080374568701,1,-0.006611080374568701,-0.048468707711435854,,,,0,-66.11080374568701,-0.003400832414627075,0.01706789620220661,-0.004122132435441017,0.9651470783620054
2012-02-23,fold_2,2011 US-downgrade + EU debt,-0.0046586934477090836,-1,0.003445180831477046,1,-0.003445180831477046,-0.0519138885429129,,,,0,-34.45180831477046,-0.008027035742998123,0.018343226984143257,-0.0046586934477090836,0.5360447494646549
2012-02-24,fold_2,2011 US-downgrade + EU debt,-0.0054045990109443665,-1,0.001406575320288539,1,-0.001406575320288539,-0.05332046386320144,,,,0,-14.06575320288539,-0.010060999542474747,0.014127819798886776,-0.0054045990109443665,0.21888569425971233
2012-02-27,fold_2,2011 US-downgrade + EU debt,-0.004706377163529396,-1,0.010096855461597443,1,-0.010096855461597443,-0.06341731932479888,,,,0,-100.96855461597443,-0.015861906111240387,0.002339030848816037,-0.004706377163529396,1.5778658998156045
2012-02-28,fold_2,2011 US-downgrade + EU debt,-0.004493292421102524,-1,-0.004491796251386404,-1,0.004491796251386404,-0.05892552307341248,,,,1,44.91796251386404,-0.013214726001024246,-0.01761925034224987,-0.004493292421102524,-0.662199871345816
2012-02-29,fold_2,2011 US-downgrade + EU debt,-0.004043513908982277,-1,0.007886411622166634,1,-0.007886411622166634,-0.06681193469557911,,,,0,-78.86411622166634,-0.003864157944917679,-0.005449074786156416,-0.004043513908982277,1.151179852539622
2012-03-01,fold_2,2011 US-downgrade + EU debt,-0.005519956350326538,-1,-0.0007702261791564524,-1,0.0007702261791564524,-0.06604170851642266,,,,1,7.702261791564524,-0.011720195412635803,-0.0026220991276204586,-0.005519956350326538,-0.1125984819999919
2012-03-02,fold_2,2011 US-downgrade + EU debt,-0.0046709999442100525,-1,-0.0103822136297822,-1,0.0103822136297822,-0.05565949488664046,,,,1,103.822136297822,-0.00782473012804985,0.0023094317875802517,-0.0046709999442100525,-1.5251736877537474
2012-03-05,fold_2,2011 US-downgrade + EU debt,-0.00454922579228878,-1,-0.009861424565315247,-1,0.009861424565315247,-0.04579807032132521,,,,1,98.61424565315247,-0.009998384863138199,0.013153144158422947,-0.00454922579228878,-1.5137589597575667
2012-03-06,fold_2,2011 US-downgrade + EU debt,-0.002666909247636795,-1,0.007678378373384476,1,-0.007678378373384476,-0.05347644869470969,,,,0,-76.78378373384476,-0.00595126673579216,0.04144495725631714,-0.002666909247636795,1.1168153240786654
2012-03-07,fold_2,2011 US-downgrade + EU debt,-0.001477271318435669,-1,0.010713387280702591,1,-0.010713387280702591,-0.06418983597541228,,,,0,-107.13387280702591,0.0007333867251873016,0.037231557071208954,-0.001477271318435669,1.5151388808677082
2012-03-08,fold_2,2011 US-downgrade + EU debt,-0.001996885985136032,-1,0.004161304794251919,1,-0.004161304794251919,-0.0683511407696642,,,,0,-41.61304794251919,-0.0041916146874427795,0.029371794313192368,-0.001996885985136032,0.5645424096506517
2012-03-09,fold_2,2011 US-downgrade + EU debt,-0.0040410906076431274,-1,0.0004614990612026304,1,-0.0004614990612026304,-0.06881263983086683,,,,0,-4.614990612026304,-0.005493663251399994,0.024503981694579124,-0.0040410906076431274,0.06361889606810102
2012-03-12,fold_2,2011 US-downgrade + EU debt,-0.001406848430633545,-1,0.01843038946390152,1,-0.01843038946390152,-0.08724302929476835,,,,0,-184.3038946390152,-0.005702599883079529,0.03108314424753189,-0.001406848430633545,2.602040314567907
2012-03-13,fold_2,2011 US-downgrade + EU debt,-0.004931733012199402,-1,0.0034649777226150036,1,-0.0034649777226150036,-0.09070800701738335,,,,0,-34.649777226150036,-0.005528546869754791,0.01444236095994711,-0.004931733012199402,0.43695195041424706
2012-03-14,fold_2,2011 US-downgrade + EU debt,-0.0034499503672122955,-1,0.0028536233585327864,1,-0.0028536233585327864,-0.09356163037591614,,,,0,-28.536233585327864,0.0058117397129535675,0.011126581579446793,-0.0034499503672122955,0.35906071161865233
2012-03-15,fold_2,2011 US-downgrade + EU debt,-0.004936773329973221,-1,-0.0007065081736072898,-1,0.0007065081736072898,-0.09285512220230885,,,,1,7.065081736072898,0.0018550306558609009,0.006184988189488649,-0.004936773329973221,-0.09036301955303956
2012-03-16,fold_2,2011 US-downgrade + EU debt,-0.0028449445962905884,-1,0.007040662225335836,1,-0.007040662225335836,-0.09989578442764468,,,,0,-70.40662225335836,0.009412799030542374,0.006294159684330225,-0.0028449445962905884,0.9773428193550118
2012-03-19,fold_2,2011 US-downgrade + EU debt,-0.005428653210401535,-1,0.0017896058270707726,1,-0.0017896058270707726,-0.10168539025471546,,,,0,-17.896058270707726,0.007149558514356613,0.016580747440457344,-0.005428653210401535,0.24380827020648896
2012-03-20,fold_2,2011 US-downgrade + EU debt,-0.004136359319090843,-1,0.0001491978910053149,1,-0.0001491978910053149,-0.10183458814572077,,,,0,-1.4919789100531489,0.002529419958591461,0.01625809818506241,-0.004136359319090843,0.020371779229221194
2012-03-21,fold_2,2011 US-downgrade + EU debt,-0.004743436351418495,-1,-0.002087969798594713,-1,0.002087969798594713,-0.09974661834712606,,,,1,20.879697985947132,0.000457175076007843,0.01214273739606142,-0.004743436351418495,-0.2879080999137984
2012-03-22,fold_2,2011 US-downgrade + EU debt,-0.002758227288722992,-1,-0.0005973368533886969,-1,0.0005973368533886969,-0.09914928149373736,,,,1,5.973368533886969,0.001112576574087143,0.010396905243396759,-0.002758227288722992,-0.0839512847838132
2012-03-23,fold_2,2011 US-downgrade + EU debt,-0.002155020833015442,-1,0.01732725091278553,1,-0.01732725091278553,-0.11647653240652289,,,,0,-173.2725091278553,0.0003467164933681488,0.009071050211787224,-0.002155020833015442,2.4491804812367133
2012-03-26,fold_2,2011 US-downgrade + EU debt,-0.0038381069898605347,-1,0.001466956571675837,1,-0.001466956571675837,-0.11794348897819873,,,,0,-14.66956571675837,-0.008715596050024033,0.0020533644128590822,-0.0038381069898605347,0.18200350488989153
2012-03-27,fold_2,2011 US-downgrade + EU debt,-0.004644196480512619,-1,-0.003966162912547588,-1,0.003966162912547588,-0.11397732606565114,,,,1,39.66162912547588,-0.011893436312675476,0.0002936256059911102,-0.004644196480512619,-0.5121378390983127
2012-03-28,fold_2,2011 US-downgrade + EU debt,-0.003920307382941246,-1,-0.0038338019512593746,-1,0.0038338019512593746,-0.11014352411439177,,,,1,38.338019512593746,-0.004623733460903168,-0.0094646867364645,-0.003920307382941246,-0.49596645392931077
2012-03-29,fold_2,2011 US-downgrade + EU debt,-0.004095401614904404,-1,-0.001923191943205893,-1,0.001923191943205893,-0.10822033217118587,,,,1,19.23191943205893,-0.010836616158485413,0.000590998271945864,-0.004095401614904404,-0.2538937655513964
2014-01-15,fold_3,Taper tantrum and 2014 H1,-0.007493209093809128,-1,0.0001126616625697352,1,-0.0001126616625697352,-0.0001126616625697352,,,,0,-1.126616625697352,-0.017387408763170242,0.0012436264660209417,-0.007493209093809128,0.013950900778237539
2014-01-16,fold_3,Taper tantrum and 2014 H1,-0.005883699283003807,-1,-0.005673323292285204,-1,0.005673323292285204,0.005560661629715469,,,,1,56.73323292285204,-0.015693262219429016,-0.01873062178492546,-0.005883699283003807,-0.7035983118439286
2014-01-17,fold_3,Taper tantrum and 2014 H1,-0.004361746832728386,-1,0.007595003116875887,1,-0.007595003116875887,-0.002034341487160418,,,,0,-75.95003116875887,-0.004381921142339706,-0.022787921130657196,-0.004361746832728386,0.9809625016845549
2014-01-21,fold_3,Taper tantrum and 2014 H1,-0.006063288077712059,-1,0.002594240242615342,1,-0.002594240242615342,-0.00462858172977576,,,,0,-25.94240242615342,-0.009588807821273804,-0.03096586838364601,-0.006063288077712059,0.32830651915834724
2014-01-22,fold_3,Taper tantrum and 2014 H1,-0.0066928137093782425,-1,-0.003384955460205674,-1,0.003384955460205674,-0.0012436262695700862,,,,1,33.84955460205674,-0.008495248854160309,-0.04433417320251465,-0.0066928137093782425,-0.44583861680612996
2014-01-23,fold_3,Taper tantrum and 2014 H1,-0.0029625408351421356,-1,-0.019861586391925812,-1,0.019861586391925812,0.018617960122355726,,,,1,198.61586391925812,-0.007864054292440414,-0.022632019594311714,-0.0029625408351421356,-2.7349038759462183
2014-01-24,fold_3,Taper tantrum and 2014 H1,-0.0017842240631580353,-1,-0.009730622172355652,-1,0.009730622172355652,0.028348582294711377,,,,1,97.30622172355652,-0.006214816123247147,-0.00543285021558404,-0.0017842240631580353,-1.1431654320502362
2014-01-27,fold_3,Taper tantrum and 2014 H1,-0.0010699555277824402,-1,-0.000582944368943572,-1,0.000582944368943572,0.02893152666365495,,,,1,5.82944368943572,-0.008394502103328705,-0.01892089657485485,-0.0010699555277824402,-0.06658835206544884
2014-01-28,fold_3,Taper tantrum and 2014 H1,-0.00012252479791641235,-1,-0.010774065740406513,-1,0.010774065740406513,0.03970559240406146,,,,1,107.74065740406513,-0.012287590652704239,-0.01100925076752901,-0.00012252479791641235,-1.2330962221756665
2014-01-29,fold_3,Taper tantrum and 2014 H1,-0.004010865464806557,-1,0.018317200243473053,1,-0.018317200243473053,0.02138839216058841,,,,0,-183.17200243473053,-0.015266623347997665,-0.002829657169058919,-0.004010865464806557,2.022355057104581
2014-01-30,fold_3,Taper tantrum and 2014 H1,-0.007922487333416939,-1,-0.002662418410181999,-1,0.002662418410181999,0.02405081057077041,,,,1,26.624184101819992,-0.035951513797044754,-0.008475491777062416,-0.007922487333416939,-0.27074895491327616
2014-01-31,fold_3,Taper tantrum and 2014 H1,-0.005347294732928276,-1,-0.0232186671346426,-1,0.0232186671346426,0.04726947770541301,,,,1,232.186671346426,-0.03173583373427391,0.011868431232869625,-0.005347294732928276,-2.3954371602570377
2014-02-03,fold_3,Taper tantrum and 2014 H1,-0.0023705214262008667,-1,0.00732870027422905,1,-0.00732870027422905,0.03994077743118396,,,,0,-73.2870027422905,-0.01130158081650734,0.04079838842153549,-0.0023705214262008667,0.6738547334707149
2014-02-04,fold_3,Taper tantrum and 2014 H1,-0.0018390640616416931,-1,-0.0025944721419364214,-1,0.0025944721419364214,0.04253524957312038,,,,1,25.944721419364214,-0.004475314170122147,0.044794484972953796,-0.0018390640616416931,-0.2365624843890007
2014-02-05,fold_3,Taper tantrum and 2014 H1,-0.001420494168996811,-1,0.012671365402638912,1,-0.012671365402638912,0.02986388417048147,,,,0,-126.71365402638912,-0.007319878786802292,0.04930127039551735,-0.001420494168996811,1.1746588584135984
2014-02-06,fold_3,Taper tantrum and 2014 H1,-0.001918356865644455,-1,0.017681505531072617,1,-0.017681505531072617,0.012182378639408853,,,,0,-176.81505531072617,-0.019470039755105972,0.044020943343639374,-0.001918356865644455,1.586847935678539
2014-02-07,fold_3,Taper tantrum and 2014 H1,-0.00419340655207634,-1,0.005711291451007128,1,-0.005711291451007128,0.006471087188401725,,,,0,-57.11291451007128,-0.016774021089076996,0.02834596298635006,-0.00419340655207634,0.4840179030918917
2014-02-10,fold_3,Taper tantrum and 2014 H1,-0.002750784158706665,-1,0.01132479403167963,1,-0.01132479403167963,-0.004853706843277905,,,,0,-113.2479403167963,-0.005742888897657394,0.027522001415491104,-0.002750784158706665,0.9559290777305137
2014-02-11,fold_3,Taper tantrum and 2014 H1,-0.004075895994901657,-1,0.0019123154925182462,1,-0.0019123154925182462,-0.006766022335796151,,,,0,-19.12315492518246,-0.007996667176485062,0.009303354658186436,-0.004075895994901657,0.1641730970530303
2014-02-12,fold_3,Taper tantrum and 2014 H1,-0.004335425794124603,-1,0.007391038816422224,1,-0.007391038816422224,-0.014157061152218375,,,,0,-73.91038816422224,-0.005487158894538879,0.012065837159752846,-0.004335425794124603,0.6803320448787504
2014-02-13,fold_3,Taper tantrum and 2014 H1,-0.006165137514472008,-1,0.002006523311138153,1,-0.002006523311138153,-0.01616358446335653,,,,0,-20.06523311138153,-0.015311282128095627,0.003341410309076309,-0.006165137514472008,0.18518020522137435
2014-02-14,fold_3,Taper tantrum and 2014 H1,-0.005578665062785149,-1,0.004887329414486885,1,-0.004887329414486885,-0.021050913877843414,,,,0,-48.87329414486885,-0.013579845428466797,0.006658549886196852,-0.005578665062785149,0.4506622092338748
2014-02-18,fold_3,Taper tantrum and 2014 H1,-0.00686861015856266,-1,-0.006893852725625038,-1,0.006893852725625038,-0.014157061152218375,,,,1,68.93852725625038,-0.016339417546987534,0.0006642256048507988,-0.00686861015856266,-0.6368089736087781
2014-02-19,fold_3,Taper tantrum and 2014 H1,-0.008489422500133514,-1,0.004674798343330622,1,-0.004674798343330622,-0.018831859495548997,,,,0,-46.74798343330622,-0.01614317297935486,0.006672346033155918,-0.008489422500133514,0.4327661199719058
2014-02-20,fold_3,Taper tantrum and 2014 H1,-0.008382009342312813,-1,-0.0013333880342543125,-1,0.0013333880342543125,-0.017498471461294685,,,,1,13.333880342543125,-0.018715310841798782,0.008464290760457516,-0.008382009342312813,-0.12303941265819411
2014-02-21,fold_3,Taper tantrum and 2014 H1,-0.006099337711930275,-1,0.005323662888258696,1,-0.005323662888258696,-0.02282213434955338,,,,0,-53.236628882586956,-0.007363501936197281,0.008691264316439629,-0.006099337711930275,0.49226051732137377
2014-02-24,fold_3,Taper tantrum and 2014 H1,-0.008189912885427475,-1,-0.001106994808651507,-1,0.001106994808651507,-0.021715139540901873,,,,1,11.069948086515069,-0.006199222058057785,-0.00407614978030324,-0.008189912885427475,-0.11145365394766149
2014-02-25,fold_3,Taper tantrum and 2014 H1,-0.005097160115838051,-1,-0.000885732239112258,-1,0.000885732239112258,-0.020829407301789615,,,,1,8.85732239112258,-0.003952868282794952,0.009663728065788746,-0.005097160115838051,-0.09136686309462048
2014-02-26,fold_3,Taper tantrum and 2014 H1,-0.0071634575724601746,-1,0.006466743536293507,1,-0.006466743536293507,-0.027296150838083122,,,,0,-64.66743536293507,-0.0007121935486793518,0.013298643752932549,-0.0071634575724601746,0.6669918548421834
2014-02-27,fold_3,Taper tantrum and 2014 H1,-0.005865216255187988,-1,-0.0011064147111028433,-1,0.0011064147111028433,-0.02618973612698028,,,,1,11.064147111028433,-0.005063902586698532,0.005953503772616386,-0.005865216255187988,-0.1164405687605777
2014-02-28,fold_3,Taper tantrum and 2014 H1,-0.005083464086055756,-1,-0.007443751208484173,-1,0.007443751208484173,-0.018745984918496106,,,,1,74.43751208484173,-0.004250094294548035,0.002101438818499446,-0.005083464086055756,-0.8678280809274966
2014-03-03,fold_3,Taper tantrum and 2014 H1,-0.003983747214078903,-1,0.0126328831538558,1,-0.0126328831538558,-0.031378868072351906,,,,0,-126.328831538558,-0.002901904284954071,0.010427766479551792,-0.003983747214078903,1.449198935767308
2014-03-04,fold_3,Taper tantrum and 2014 H1,-0.003528829663991928,-1,0.002749183913692832,1,-0.002749183913692832,-0.03412805198604474,,,,0,-27.49183913692832,-0.002764880657196045,-0.006517944857478142,-0.003528829663991928,0.36409727286672033
2014-03-05,fold_3,Taper tantrum and 2014 H1,-0.0018139146268367767,-1,-0.000878396793268621,-1,0.000878396793268621,-0.03324965519277612,,,,1,8.78396793268621,-0.0017110519111156464,-0.00550622446462512,-0.0018139146268367767,-0.11876164717620236
2014-03-06,fold_3,Taper tantrum and 2014 H1,-0.00231291726231575,-1,-0.004958479665219784,-1,0.004958479665219784,-0.028291175527556334,,,,1,49.58479665219784,-0.002749018371105194,-0.018862556666135788,-0.00231291726231575,-0.6722333900953021
2014-03-07,fold_3,Taper tantrum and 2014 H1,-0.004091465845704079,-1,0.0008825759869068861,1,-0.0008825759869068861,-0.02917375151446322,,,,0,-8.825759869068861,-0.0009074956178665161,-0.020760266110301018,-0.004091465845704079,0.1279116911000885
2014-03-10,fold_3,Taper tantrum and 2014 H1,-0.002527207136154175,-1,-0.004312828183174133,-1,0.004312828183174133,-0.024860923331289086,,,,1,43.12828183174133,0.00151757150888443,-0.012884118594229221,-0.002527207136154175,-0.7622219523205848
2014-03-11,fold_3,Taper tantrum and 2014 H1,-0.0038607604801654816,-1,0.0037609043065458536,1,-0.0037609043065458536,-0.02862182763783494,,,,0,-37.609043065458536,-0.004999056458473206,0.003430252429097891,-0.0038607604801654816,0.6720760088848108
2014-03-12,fold_3,Taper tantrum and 2014 H1,-0.0031107179820537567,-1,-0.01423472911119461,-1,0.01423472911119461,-0.01438709852664033,,,,1,142.3472911119461,-0.0095394067466259,-0.00575813977047801,-0.0031107179820537567,-2.812872408524843
2014-03-13,fold_3,Taper tantrum and 2014 H1,-0.0012679696083068848,-1,-0.006856187712401152,-1,0.006856187712401152,-0.007530910814239178,,,,1,68.56187712401152,-0.007610682398080826,0.01124925073236227,-0.0012679696083068848,-1.1497802921245706
2014-03-14,fold_3,Taper tantrum and 2014 H1,1.576542854309082e-05,1,0.008758722804486752,1,0.008758722804486752,0.0012278119902475737,,,,1,87.58722804486752,-0.0033478736877441406,0.005999579560011625,1.576542854309082e-05,1.4767679021712654
2014-03-17,fold_3,Taper tantrum and 2014 H1,7.306411862373352e-05,1,0.012001542374491692,1,0.012001542374491692,0.013229354364739265,,,,1,120.01542374491692,-0.0028325170278549194,-0.011562190018594265,7.306411862373352e-05,1.926450667269544
2014-03-18,fold_3,Taper tantrum and 2014 H1,-0.000452972948551178,-1,-0.005427488125860691,-1,0.005427488125860691,0.018656842490599956,,,,1,54.27488125860691,-0.0023623108863830566,-0.020281963050365448,-0.000452972948551178,-0.8107154202653549
2014-03-19,fold_3,Taper tantrum and 2014 H1,-0.006861763074994087,-1,0.0027726609259843826,1,-0.0027726609259843826,0.015884181564615574,,,,0,-27.726609259843826,-0.009951133280992508,-0.02781808003783226,-0.006861763074994087,0.41839638687375774
2014-03-20,fold_3,Taper tantrum and 2014 H1,-0.005966624245047569,-1,-0.012105858884751797,-1,0.012105858884751797,0.02799004044936737,,,,1,121.05858884751797,-0.01039162278175354,-0.03621464595198631,-0.005966624245047569,-1.8416946564998837
2014-03-21,fold_3,Taper tantrum and 2014 H1,-0.0067453160881996155,-1,-0.008803046308457851,-1,0.008803046308457851,0.03679308675782522,,,,1,88.03046308457851,-0.005812022835016251,-0.02215406857430935,-0.0067453160881996155,-1.239424755320805
2014-03-24,fold_3,Taper tantrum and 2014 H1,-0.00532647967338562,-1,0.003281768411397934,1,-0.003281768411397934,0.03351131834642729,,,,0,-32.81768411397934,-0.008893724530935287,-0.0062537225894629955,-0.00532647967338562,0.4511965566791618
2014-03-25,fold_3,Taper tantrum and 2014 H1,-0.0038576237857341766,-1,-0.012963604182004929,-1,0.012963604182004929,0.046474922528432216,,,,1,129.6360418200493,-0.001217719167470932,0.00787755660712719,-0.0038576237857341766,-1.7743265739366645
2014-03-26,fold_3,Taper tantrum and 2014 H1,-0.0022866129875183105,-1,-0.005623903591185808,-1,0.005623903591185808,0.052098826119618025,,,,1,56.23903591185808,-0.0010799989104270935,0.02341604046523571,-0.0022866129875183105,-0.7157141756594412
2014-03-27,fold_3,Taper tantrum and 2014 H1,-0.0011966787278652191,-1,0.0019547175616025925,1,-0.0019547175616025925,0.05014410855801543,,,,0,-19.547175616025925,-0.005767572671175003,0.02107001282274723,-0.0011966787278652191,0.24979581633408446
2014-03-28,fold_3,Taper tantrum and 2014 H1,-0.002894710749387741,-1,0.0070972987450659275,1,-0.0070972987450659275,0.043046809812949505,,,,0,-70.97298745065928,-0.009983811527490616,-0.007842288352549076,-0.002894710749387741,0.9060127079641355
2014-03-31,fold_3,Taper tantrum and 2014 H1,-0.0035784803330898285,-1,0.017413048073649406,1,-0.017413048073649406,0.0256337617393001,,,,0,-174.13048073649406,-0.00017227232456207275,-0.0244788508862257,-0.0035784803330898285,2.2274561662872308
2014-04-01,fold_3,Taper tantrum and 2014 H1,-0.006238849833607674,-1,0.0025748794432729483,1,-0.0025748794432729483,0.02305888229602715,,,,0,-25.748794432729483,-0.0017119981348514557,-0.03270028531551361,-0.006238849833607674,0.31157741244076076
2014-04-02,fold_3,Taper tantrum and 2014 H1,-0.004718447104096413,-1,-0.007969930768013,-1,0.007969930768013,0.03102881306404015,,,,1,79.69930768013,0.00432741641998291,-0.018278267234563828,-0.004718447104096413,-0.9647420670863133
2014-04-03,fold_3,Taper tantrum and 2014 H1,-0.00343317911028862,-1,-0.02695758268237114,-1,0.02695758268237114,0.05798639574641129,,,,1,269.5758268237114,0.0037443190813064575,-0.04177101328969002,-0.00343317911028862,-3.1906397371676727
2014-04-04,fold_3,Taper tantrum and 2014 H1,-0.004723118618130684,-1,-0.009539262391626835,-1,0.009539262391626835,0.06752565813803812,,,,1,95.39262391626835,0.0020450130105018616,-0.026514969766139984,-0.004723118618130684,-0.9243960077394551
2014-04-07,fold_3,Taper tantrum and 2014 H1,-0.003264978528022766,-1,0.009191613644361496,1,-0.009191613644361496,0.05833404449367663,,,,0,-91.91613644361496,-0.0015701763331890106,-0.00915968231856823,-0.003264978528022766,0.8724212064864433
2014-04-08,fold_3,Taper tantrum and 2014 H1,-0.0016003400087356567,-1,0.016996895894408226,1,-0.016996895894408226,0.0413371485992684,,,,0,-169.96895894408226,0.0018236637115478516,-0.015053289011120796,-0.0016003400087356567,1.5898401667635498
2014-04-09,fold_3,Taper tantrum and 2014 H1,-0.0036724619567394257,-1,-0.03146267682313919,-1,0.03146267682313919,0.0727998254224076,,,,1,314.6267682313919,0.0037423744797706604,-0.018851255998015404,-0.0036724619567394257,-2.7805663507372933
2014-04-10,fold_3,Taper tantrum and 2014 H1,-0.0037412233650684357,-1,-0.01170154195278883,-1,0.01170154195278883,0.08450136737519642,,,,1,117.0154195278883,-0.006116446107625961,0.012843403033912182,-0.0037412233650684357,-0.9044168442628483
2014-04-11,fold_3,Taper tantrum and 2014 H1,0.0007299371063709259,1,0.007816024124622345,1,0.007816024124622345,0.09231739149981877,,,,1,78.16024124622345,-0.0017174147069454193,0.031941864639520645,0.0007299371063709259,0.5961510368720718
2014-04-14,fold_3,Taper tantrum and 2014 H1,0.0008073523640632629,1,0.0032980076503008604,1,0.0032980076503008604,0.09561539915011963,,,,1,32.980076503008604,-0.006544400006532669,0.0320403128862381,0.0008073523640632629,0.25212227676228055
2014-04-15,fold_3,Taper tantrum and 2014 H1,0.0010131299495697021,1,0.013198929838836193,1,0.013198929838836193,0.10881432898895582,,,,1,131.98929838836193,0.0026941336691379547,0.01990613155066967,0.0010131299495697021,1.029239149505944
2014-04-16,fold_3,Taper tantrum and 2014 H1,0.0013151317834854126,1,0.0002319830673513934,1,0.0002319830673513934,0.10904631205630722,,,,1,2.319830673513934,0.010625183582305908,0.016228817403316498,0.0013151317834854126,0.017704409515367756
2014-04-17,fold_3,Taper tantrum and 2014 H1,-0.00812353566288948,-1,0.007396920118480921,1,-0.007396920118480921,0.1016493919378263,,,,0,-73.96920118480921,0.011530254036188126,-0.00011613046081038192,-0.00812353566288948,0.5651443196261554
2014-04-21,fold_3,Taper tantrum and 2014 H1,-0.001561049371957779,-1,0.007914471440017223,1,-0.007914471440017223,0.09373492049780907,,,,0,-79.14471440017223,0.025345608592033386,-0.004269872326403856,-0.001561049371957779,0.6129573868021266
2014-04-22,fold_3,Taper tantrum and 2014 H1,0.0003295689821243286,1,-0.008836171589791775,-1,-0.008836171589791775,0.0848987489080173,,,,0,-88.36171589791775,0.020369164645671844,-0.004236620385199785,0.0003295689821243286,-0.685870461320646
2014-04-23,fold_3,Taper tantrum and 2014 H1,0.0015527233481407166,1,0.009521614760160446,1,0.009521614760160446,0.09442036366817774,,,,1,95.21614760160446,0.01621781662106514,0.007235391531139612,0.0015527233481407166,0.7316941727822702
2014-04-24,fold_3,Taper tantrum and 2014 H1,0.0005032122135162354,1,-0.01611296460032463,-1,-0.01611296460032463,0.07830739906785311,,,,0,-161.1296460032463,0.0050608329474925995,0.0006843045121058822,0.0005032122135162354,-1.252605071352228
2014-04-25,fold_3,Taper tantrum and 2014 H1,-0.0008842907845973969,-1,0.0032431783620268106,1,-0.0032431783620268106,0.0750642207058263,,,,0,-32.43178362026811,0.006971757858991623,0.01497045811265707,-0.0008842907845973969,0.2438609425001167
2014-04-28,fold_3,Taper tantrum and 2014 H1,-0.00041593611240386963,-1,0.00794772244989872,1,-0.00794772244989872,0.06711649825592758,,,,0,-79.4772244989872,-0.0017335489392280579,0.016970984637737274,-0.00041593611240386963,0.5970399685811895
2014-04-29,fold_3,Taper tantrum and 2014 H1,-0.00034299492835998535,-1,0.0026358403265476227,1,-0.0026358403265476227,0.06448065792937996,,,,0,-26.358403265476227,-0.00036313384771347046,-0.004023039247840643,-0.00034299492835998535,0.19765020906525657
2014-04-30,fold_3,Taper tantrum and 2014 H1,-0.0015118420124053955,-1,0.002970527159050107,1,-0.002970527159050107,0.06151013077032985,,,,0,-29.70527159050107,0.0006571970880031586,-0.00954312551766634,-0.0015118420124053955,0.2326464559028697
2014-05-01,fold_3,Taper tantrum and 2014 H1,-0.001310441642999649,-1,-0.0018268103012815118,-1,0.0018268103012815118,0.06333694107161136,,,,1,18.268103012815118,0.005180567502975464,-0.013438626192510128,-0.001310441642999649,-0.14302445624634064
2014-05-02,fold_3,Taper tantrum and 2014 H1,-0.004040321335196495,-1,0.005243705119937658,1,-0.005243705119937658,0.058093235951673705,,,,0,-52.43705119937658,0.004656746983528137,-0.007918200455605984,-0.004040321335196495,0.41437903964715017
2014-05-05,fold_3,Taper tantrum and 2014 H1,-0.0019131526350975037,-1,-0.013046301901340485,-1,0.013046301901340485,0.07113953785301419,,,,1,130.46301901340485,-0.0002682320773601532,0.003178476123139262,-0.0019131526350975037,-1.1660932572157228
2014-05-06,fold_3,Taper tantrum and 2014 H1,0.000547364354133606,1,-0.002884245477616787,-1,-0.002884245477616787,0.0682552923753974,,,,0,-28.84245477616787,0.010624896734952927,0.016904594376683235,0.000547364354133606,-0.25381310969980364
2014-05-07,fold_3,Taper tantrum and 2014 H1,-0.0006242170929908752,-1,-0.0009249738068319857,-1,0.0009249738068319857,0.06918026618222939,,,,1,9.249738068319857,0.005973897874355316,0.01456519030034542,-0.0006242170929908752,-0.08262502824968634
2014-05-08,fold_3,Taper tantrum and 2014 H1,-0.001886855810880661,-1,0.003693615784868598,1,-0.003693615784868598,0.06548665039736079,,,,0,-36.93615784868598,0.0015527643263339996,0.00760283088311553,-0.001886855810880661,0.3507050202758788
2014-05-09,fold_3,Taper tantrum and 2014 H1,-0.0018675439059734344,-1,0.016340382397174835,1,-0.016340382397174835,0.049146268000185955,,,,0,-163.40382397174835,0.010049033910036087,0.010429514572024345,-0.0018675439059734344,2.073398925339283
2014-05-12,fold_3,Taper tantrum and 2014 H1,-0.001390647143125534,-1,0.0006798167596571147,1,-0.0006798167596571147,0.04846645124052884,,,,0,-6.798167596571147,0.0030782781541347504,0.0010198835516348481,-0.001390647143125534,0.08207038410880037
2014-05-13,fold_3,Taper tantrum and 2014 H1,-0.0011399313807487488,-1,-0.005223650485277176,-1,0.005223650485277176,0.053690101725806016,,,,1,52.23650485277176,0.005530625581741333,-0.00328986463136971,-0.0011399313807487488,-0.6450313470035096
2014-05-14,fold_3,Taper tantrum and 2014 H1,9.47900116443634e-05,1,-0.007887332700192928,-1,-0.007887332700192928,0.04580276902561309,,,,0,-78.87332700192928,0.004110507667064667,0.011433972977101803,9.47900116443634e-05,-0.9679146831549944
2014-05-15,fold_3,Taper tantrum and 2014 H1,-0.0009386315941810608,-1,0.006520299706608057,1,-0.006520299706608057,0.03928246931900503,,,,0,-65.20299706608057,-0.0005033649504184723,0.023701516911387444,-0.0009386315941810608,0.8361923425833073
2014-05-16,fold_3,Taper tantrum and 2014 H1,0.0012093521654605865,1,0.0069307503290474415,1,0.0069307503290474415,0.04621321964805247,,,,1,69.30750329047441,0.0028284266591072083,0.02443923056125641,0.0012093521654605865,0.8737077739859721
2014-05-19,fold_3,Taper tantrum and 2014 H1,-3.375113010406494e-06,-1,-0.0036299314815551043,-1,0.0036299314815551043,0.04984315112960758,,,,1,36.29931481555104,0.0006206482648849487,0.029892729595303535,-3.375113010406494e-06,-0.45881738372934977
2014-05-20,fold_3,Taper tantrum and 2014 H1,0.0010121315717697144,1,0.009500186890363693,1,0.009500186890363693,0.05934333801997127,,,,1,95.00186890363693,0.0010339803993701935,0.03044099360704422,0.0010121315717697144,1.225258190591561
2014-05-21,fold_3,Taper tantrum and 2014 H1,0.0004168413579463959,1,0.004380210768431425,1,0.004380210768431425,0.0637235487884027,,,,1,43.80210768431425,0.0006783455610275269,0.027313604950904846,0.0004168413579463959,0.5620858252523185
2014-05-22,fold_3,Taper tantrum and 2014 H1,-0.0013215914368629456,-1,0.007258014287799597,1,-0.007258014287799597,0.0564655345006031,,,,0,-72.58014287799597,-0.0022598132491111755,0.023042934015393257,-0.0013215914368629456,0.9600542360580507
2014-05-23,fold_3,Taper tantrum and 2014 H1,2.3752450942993164e-05,1,0.012384248897433281,1,0.012384248897433281,0.06884978339803638,,,,1,123.84248897433281,0.001672200858592987,0.014798999764025211,2.3752450942993164e-05,1.8101637895137987
2014-05-27,fold_3,Taper tantrum and 2014 H1,0.0001164563000202179,1,-0.0030816674698144197,-1,-0.0030816674698144197,0.06576811592822196,,,,0,-30.816674698144197,-0.00023850053548812866,0.0019759966526180506,0.0001164563000202179,-0.4195607894926704
2014-05-28,fold_3,Taper tantrum and 2014 H1,0.00037978217005729675,1,0.006372798699885607,1,0.006372798699885607,0.07214091462810757,,,,1,63.72798699885607,0.0025397352874279022,0.008779807947576046,0.00037978217005729675,0.8900581927586882
2014-05-29,fold_3,Taper tantrum and 2014 H1,-0.000794634222984314,-1,0.00010953944001812488,1,-0.00010953944001812488,0.07203137518808944,,,,0,-1.0953944001812488,-0.0025316551327705383,0.010785252787172794,-0.000794634222984314,0.015053706886225565
2014-05-30,fold_3,Taper tantrum and 2014 H1,0.001492772251367569,1,-0.0009859201963990927,-1,-0.0009859201963990927,0.07104545499169035,,,,0,-9.859201963990927,0.0015098042786121368,0.01640191674232483,0.001492772251367569,-0.13605960599780215
2014-06-02,fold_3,Taper tantrum and 2014 H1,0.0005534961819648743,1,-0.00043875392293557525,-1,-0.00043875392293557525,0.07060670106875477,,,,0,-4.3875392293557525,0.002637553960084915,0.016633290797472,0.0005534961819648743,-0.060617508986671356
2014-06-03,fold_3,Taper tantrum and 2014 H1,0.0006524920463562012,1,0.003722143592312932,1,0.003722143592312932,0.0743288446610677,,,,1,37.22143592312932,0.0018728487193584442,0.018795523792505264,0.0006524920463562012,0.52107920808085
2014-06-04,fold_3,Taper tantrum and 2014 H1,0.0007446072995662689,1,0.008378244005143642,1,0.008378244005143642,0.08270708866621135,,,,1,83.78244005143642,0.0033562593162059784,0.014858423732221127,0.0007446072995662689,1.2746072309545615
2014-06-05,fold_3,Taper tantrum and 2014 H1,-0.0002628527581691742,-1,0.005726202856749296,1,-0.005726202856749296,0.07698088580946205,,,,0,-57.26202856749296,-0.0021271593868732452,-0.002603821223601699,-0.0002628527581691742,0.841536314923747
2014-06-06,fold_3,Taper tantrum and 2014 H1,-0.0014865770936012268,-1,-0.0007545453845523298,-1,0.0007545453845523298,0.07773543119401438,,,,1,7.545453845523298,0.003107961267232895,-0.005401598289608955,-0.0014865770936012268,-0.1090258095653863
2014-06-09,fold_3,Taper tantrum and 2014 H1,-0.002101469784975052,-1,0.0017234788974747062,1,-0.0017234788974747062,0.07601195229653968,,,,0,-17.23478897474706,0.0031762458384037018,-0.0037802942097187042,-0.002101469784975052,0.2507459024618815
2014-06-10,fold_3,Taper tantrum and 2014 H1,-0.0005780421197414398,-1,-0.00021495713735930622,-1,0.00021495713735930622,0.07622690943389898,,,,1,2.149571373593062,0.00540461391210556,-0.004963437560945749,-0.0005780421197414398,-0.036842175568203905
2014-06-11,fold_3,Taper tantrum and 2014 H1,-0.0023215003311634064,-1,-0.009084000252187252,-1,0.009084000252187252,0.08531090968608623,,,,1,90.84000252187252,0.004478614777326584,0.0008610818767920136,-0.0023215003311634064,-1.557411019774264
2014-06-12,fold_3,Taper tantrum and 2014 H1,-0.002788648009300232,-1,0.0029284260235726833,1,-0.0029284260235726833,0.08238248366251355,,,,0,-29.284260235726833,-0.000793755054473877,0.009298957884311676,-0.002788648009300232,0.48285032094804403
2014-06-13,fold_3,Taper tantrum and 2014 H1,-0.002373017370700836,-1,0.0008667586953379214,1,-0.0008667586953379214,0.08151572496717563,,,,0,-8.667586953379214,-0.003698483109474182,0.007546482607722282,-0.002373017370700836,0.1484276600289527
2014-06-16,fold_3,Taper tantrum and 2014 H1,-0.0017060302197933197,-1,0.0005403357790783048,1,-0.0005403357790783048,0.08097538918809732,,,,0,-5.403357790783048,-0.005163621157407761,0.006895371712744236,-0.0017060302197933197,0.09549964981027752
2014-06-17,fold_3,Taper tantrum and 2014 H1,-0.001985207200050354,-1,0.005609562154859304,1,-0.005609562154859304,0.07536582703323802,,,,0,-56.095621548593044,-0.003656599670648575,0.005384569056332111,-0.001985207200050354,1.0306115744567852
2014-06-18,fold_3,Taper tantrum and 2014 H1,-0.002166859805583954,-1,-0.000646124710328877,-1,0.000646124710328877,0.0760119517435669,,,,1,6.46124710328877,-0.0040919482707977295,0.006119376048445702,-0.002166859805583954,-0.11691776295906459
2014-06-19,fold_3,Taper tantrum and 2014 H1,-0.004426291212439537,-1,0.001175950514152646,1,-0.001175950514152646,0.07483600122941425,,,,0,-11.75950514152646,-0.006571616977453232,0.007301395758986473,-0.004426291212439537,0.2304085862318534
2014-06-20,fold_3,Taper tantrum and 2014 H1,-0.0048912521451711655,-1,0.0002156479167751968,1,-0.0002156479167751968,0.07462035331263905,,,,0,-2.156479167751968,-0.004991278052330017,0.010508253239095211,-0.0048912521451711655,0.04299375123078296
2014-06-23,fold_3,Taper tantrum and 2014 H1,-0.005485091358423233,-1,-0.0009704668773338199,-1,0.0009704668773338199,0.07559082018997287,,,,1,9.704668773338199,-0.005758646875619888,0.011997771449387074,-0.005485091358423233,-0.20447154155560207
2014-06-24,fold_3,Taper tantrum and 2014 H1,-0.004841575399041176,-1,0.006344369146972895,1,-0.006344369146972895,0.06924645104299998,,,,0,-63.44369146972895,-0.009212743490934372,0.023876363411545753,-0.004841575399041176,1.643309511582408
2014-06-25,fold_3,Taper tantrum and 2014 H1,-0.005388626828789711,-1,0.0005358947673812509,1,-0.0005358947673812509,0.06871055627561873,,,,0,-5.358947673812509,-0.011097531765699387,0.019215893000364304,-0.005388626828789711,0.13215691458243795
2014-06-26,fold_3,Taper tantrum and 2014 H1,-0.0039049144834280014,-1,0.00438280776143074,1,-0.00438280776143074,0.06432774851418799,,,,0,-43.828077614307404,-0.01094069704413414,0.024969423189759254,-0.0039049144834280014,1.1539035577103673
2014-06-27,fold_3,Taper tantrum and 2014 H1,-0.0031825900077819824,-1,0.0017051667673513293,1,-0.0017051667673513293,0.06262258174683666,,,,0,-17.051667673513293,-0.010859262198209763,0.01755196787416935,-0.0031825900077819824,0.4347071467681163
2014-06-30,fold_3,Taper tantrum and 2014 H1,-0.0034324005246162415,-1,0.010908124968409538,1,-0.010908124968409538,0.05171445677842712,,,,0,-109.08124968409538,-0.011432971805334091,0.0037202120292931795,-0.0034324005246162415,2.7721612507452202
2014-07-01,fold_3,Taper tantrum and 2014 H1,-0.0040604062378406525,-1,0.0016838997835293412,1,-0.0016838997835293412,0.05003055699489778,,,,0,-16.838997835293412,-0.00391991063952446,0.0002107195177813992,-0.0040604062378406525,0.36381104072122655
2014-07-02,fold_3,Taper tantrum and 2014 H1,-0.002353064715862274,-1,0.00628942484036088,1,-0.00628942484036088,0.0437411321545369,,,,0,-62.8942484036088,0.0057561881840229034,-0.0046371459029614925,-0.002353064715862274,1.3766643287193563
2014-07-03,fold_3,Taper tantrum and 2014 H1,-0.0015993006527423859,-1,-0.0030346480198204517,-1,0.0030346480198204517,0.04677578017435735,,,,1,30.346480198204517,0.006713926792144775,-0.004503125324845314,-0.0015993006527423859,-0.6900461447877146
2014-07-07,fold_3,Taper tantrum and 2014 H1,-0.002585221081972122,-1,-0.012126589193940163,-1,0.012126589193940163,0.058902369368297514,,,,1,121.26589193940163,0.0015114061534404755,0.004496706649661064,-0.002585221081972122,-2.8455543192125514
2014-07-08,fold_3,Taper tantrum and 2014 H1,-0.002991892397403717,-1,0.007398632355034351,1,-0.007398632355034351,0.05150373701326316,,,,0,-73.98632355034351,-0.00133519247174263,0.013173858635127544,-0.002991892397403717,1.4655670883826315
2014-07-09,fold_3,Taper tantrum and 2014 H1,-0.0023398585617542267,-1,-0.0031639656517654657,-1,0.0031639656517654657,0.05466770266502863,,,,1,31.639656517654657,-0.0018297657370567322,0.00974604208022356,-0.0023398585617542267,-0.5971461092102441
2014-07-10,fold_3,Taper tantrum and 2014 H1,-0.0035750269889831543,-1,0.006423445418477058,1,-0.006423445418477058,0.04824425724655157,,,,0,-64.23445418477058,-0.009615033864974976,-0.0004228194011375308,-0.0035750269889831543,1.2017025952140485
2014-07-11,fold_3,Taper tantrum and 2014 H1,-0.0015436001121997833,-1,0.0059651839546859264,1,-0.0059651839546859264,0.04227907329186564,,,,0,-59.651839546859264,-0.003744073212146759,0.008882122114300728,-0.0015436001121997833,1.1585792441699563
2014-07-14,fold_3,Taper tantrum and 2014 H1,-0.002180200070142746,-1,-0.003449437441304326,-1,0.003449437441304326,0.04572851073316997,,,,1,34.49437441304326,-0.0010648258030414581,0.0016677516978234053,-0.002180200070142746,-0.6535234140812817
2014-07-15,fold_3,Taper tantrum and 2014 H1,-0.003916870802640915,-1,0.003970816265791655,1,-0.003970816265791655,0.041757694467378315,,,,0,-39.708162657916546,-0.0052987635135650635,0.01145125925540924,-0.003916870802640915,0.7448884330714018
2014-07-16,fold_3,Taper tantrum and 2014 H1,-0.0019682645797729492,-1,-0.013332827016711235,-1,0.013332827016711235,0.05509052148408955,,,,1,133.32827016711235,-0.0045033469796180725,0.013877581804990768,-0.0019682645797729492,-2.467743478875805
2014-07-17,fold_3,Taper tantrum and 2014 H1,-0.0048322007060050964,-1,0.015728386119008064,1,-0.015728386119008064,0.039362135365081485,,,,0,-157.28386119008064,-0.005081586539745331,0.026078633964061737,-0.0048322007060050964,2.603183061654549
2014-07-18,fold_3,Taper tantrum and 2014 H1,-0.0006019175052642822,-1,-0.0012491863453760743,-1,0.0012491863453760743,0.04061132171045756,,,,1,12.491863453760743,0.0006658248603343964,0.006429646164178848,-0.0006019175052642822,-0.17872204598867492
2014-07-21,fold_3,Taper tantrum and 2014 H1,-0.0037421733140945435,-1,0.006334070116281509,1,-0.006334070116281509,0.03427725159417605,,,,0,-63.340701162815094,-0.004049975425004959,0.007989144884049892,-0.0037421733140945435,0.9061378421587718
2014-07-22,fold_3,Taper tantrum and 2014 H1,-0.0025636106729507446,-1,0.00639713928103447,1,-0.00639713928103447,0.02788011231314158,,,,0,-63.971392810344696,-0.0019855089485645294,-0.00010333875979995355,-0.0025636106729507446,0.8969545824667564
2014-07-23,fold_3,Taper tantrum and 2014 H1,-0.002074737101793289,-1,-0.0011317766038700938,-1,0.0011317766038700938,0.029011888917011674,,,,1,11.317766038700938,-0.001232840120792389,-0.002574207494035363,-0.002074737101793289,-0.15565918702123097
2014-07-24,fold_3,Taper tantrum and 2014 H1,-0.0036474987864494324,-1,-0.003920600283890963,-1,0.003920600283890963,0.03293248920090264,,,,1,39.206002838909626,-0.0037619024515151978,-0.021860044449567795,-0.0036474987864494324,-0.5494414230069968
2014-07-25,fold_3,Taper tantrum and 2014 H1,-0.003597170114517212,-1,0.0003103120543528348,1,-0.0003103120543528348,0.0326221771465498,,,,0,-3.103120543528348,-0.005810614675283432,-0.021629933267831802,-0.003597170114517212,0.04316926421390465
2014-07-28,fold_3,Taper tantrum and 2014 H1,-0.0028079859912395477,-1,-0.001758413389325142,-1,0.001758413389325142,0.034380590535874944,,,,1,17.58413389325142,-0.004866298288106918,-0.015097670257091522,-0.0028079859912395477,-0.24691679954321788
2014-07-29,fold_3,Taper tantrum and 2014 H1,-0.0022090114653110504,-1,0.003926270641386509,1,-0.003926270641386509,0.030454319894488435,,,,0,-39.26270641386509,-0.0036532320082187653,-0.02102711983025074,-0.0022090114653110504,0.5512776424635283
2014-07-30,fold_3,Taper tantrum and 2014 H1,-0.0059421006590127945,-1,-0.02041761204600334,-1,0.02041761204600334,0.05087193194049178,,,,1,204.17612046003342,-0.010433528572320938,-0.025693856179714203,-0.0059421006590127945,-3.0253746553661913
2014-07-31,fold_3,Taper tantrum and 2014 H1,-0.004130331799387932,-1,-0.003690489800646901,-1,0.003690489800646901,0.05456242174113868,,,,1,36.90489800646901,-0.006175931543111801,-0.008454873226583004,-0.004130331799387932,-0.4534157647166218
2014-08-01,fold_3,Taper tantrum and 2014 H1,-0.00586426816880703,-1,0.0068425750359892845,1,-0.0068425750359892845,0.047719846705149394,,,,0,-68.42575035989285,-0.0054493434727191925,0.0024269213899970055,-0.00586426816880703,0.8490340969905606
2014-08-04,fold_3,Taper tantrum and 2014 H1,-0.0016381479799747467,-1,-0.007687862496823072,-1,0.007687862496823072,0.055407709201972466,,,,1,76.87862496823072,-0.004381511360406876,0.001467795460484922,-0.0016381479799747467,-0.9404013445423478
2014-08-05,fold_3,Taper tantrum and 2014 H1,-0.003652222454547882,-1,-0.0007404669304378331,-1,0.0007404669304378331,0.0561481761324103,,,,1,7.404669304378331,-0.006223667412996292,0.008736382238566875,-0.003652222454547882,-0.0937116027863874
2014-08-06,fold_3,Taper tantrum and 2014 H1,0.0002412945032119751,1,-0.00317862955853343,-1,-0.00317862955853343,0.05296954657387687,,,,0,-31.7862955853343,-0.0051087550818920135,0.02000616118311882,0.0002412945032119751,-0.41130322963078586
2014-08-07,fold_3,Taper tantrum and 2014 H1,0.00045489147305488586,1,0.007191305048763752,1,0.007191305048763752,0.06016085162264062,,,,1,71.91305048763752,-0.011048447340726852,0.028356796130537987,0.00045489147305488586,0.9304928116568347
2014-08-08,fold_3,Taper tantrum and 2014 H1,-0.0011612959206104279,-1,0.005883449222892523,1,-0.005883449222892523,0.0542774023997481,,,,0,-58.83449222892523,-0.017275869846343994,0.02600216120481491,-0.0011612959206104279,0.757958197237931
2014-08-11,fold_3,Taper tantrum and 2014 H1,-0.0024535097181797028,-1,-0.0004192753112874925,-1,0.0004192753112874925,0.05469667771103559,,,,1,4.192753112874925,-0.017926950007677078,0.02778947539627552,-0.0024535097181797028,-0.05403648788866629
2014-08-12,fold_3,Taper tantrum and 2014 H1,-0.0037119202315807343,-1,0.010529312305152416,1,-0.010529312305152416,0.044167365405883174,,,,0,-105.29312305152416,-0.016331128776073456,0.03379705175757408,-0.0037119202315807343,1.363679603234186
2014-08-13,fold_3,Taper tantrum and 2014 H1,-0.004597825929522514,-1,0.0051720053888857365,1,-0.0051720053888857365,0.03899536001699744,,,,0,-51.720053888857365,-0.013779621571302414,0.02326774038374424,-0.004597825929522514,0.6446265908960627
2014-08-14,fold_3,Taper tantrum and 2014 H1,-0.005022607743740082,-1,0.004836669657379389,1,-0.004836669657379389,0.03415869035961805,,,,0,-48.36669657379389,-0.011708594858646393,0.020119888707995415,-0.005022607743740082,0.6416355422554882
2014-08-15,fold_3,Taper tantrum and 2014 H1,-0.0055704861879348755,-1,0.007670763414353132,1,-0.007670763414353132,0.026487926945264917,,,,0,-76.70763414353132,-0.005634777247905731,0.016798965632915497,-0.0055704861879348755,1.135661916793589
2014-08-18,fold_3,Taper tantrum and 2014 H1,-0.004075797274708748,-1,0.005588300991803408,1,-0.005588300991803408,0.02089962595346151,,,,0,-55.88300991803408,-0.004950329661369324,0.012655028142035007,-0.004075797274708748,0.8025449421832442
2014-08-19,fold_3,Taper tantrum and 2014 H1,-0.0029664337635040283,-1,0.0,0,-0.0,0.02089962595346151,,,,0,-0.0,-0.0020911283791065216,0.008072314783930779,-0.0029664337635040283,0.0
2014-08-20,fold_3,Taper tantrum and 2014 H1,-0.003651786595582962,-1,0.0020241537131369114,1,-0.0020241537131369114,0.018875472240324598,,,,0,-20.241537131369114,-0.0016764327883720398,0.008273630402982235,-0.003651786595582962,0.2984589132808147
2014-08-21,fold_3,Taper tantrum and 2014 H1,-0.002204619348049164,-1,0.0015157470479607582,1,-0.0015157470479607582,0.01735972519236384,,,,0,-15.157470479607582,-0.0011455081403255463,0.005143505055457354,-0.002204619348049164,0.22315366394154962
2014-08-22,fold_3,Taper tantrum and 2014 H1,-0.0031002722680568695,-1,0.00352682638913393,1,-0.00352682638913393,0.01383289880322991,,,,0,-35.2682638913393,0.0006625354290008545,0.007342625875025988,-0.0031002722680568695,0.5229497782812355
2014-08-25,fold_3,Taper tantrum and 2014 H1,-0.00409301184117794,-1,0.0010055879829451442,1,-0.0010055879829451442,0.012827310820284765,,,,0,-10.055879829451442,-0.004173561930656433,0.00671806838363409,-0.00409301184117794,0.14810494098229504
2014-08-26,fold_3,Taper tantrum and 2014 H1,-0.004430558532476425,-1,0.0002013150224229321,1,-0.0002013150224229321,0.012625995797861833,,,,0,-2.013150224229321,-0.00028648972511291504,-0.00020076821965631098,-0.004430558532476425,0.029683580416780462
2014-08-27,fold_3,Taper tantrum and 2014 H1,-0.002027645707130432,-1,-0.0011059711687266827,-1,0.0011059711687266827,0.013731966966588516,,,,1,11.059711687266827,-0.0020031072199344635,-0.0013072571018710732,-0.002027645707130432,-0.16445378893942256
2014-08-28,fold_3,Taper tantrum and 2014 H1,-0.0007628835737705231,-1,0.0037148678675293922,1,-0.0037148678675293922,0.010017099099059124,,,,0,-37.14867867529392,0.0010026060044765472,0.004816656932234764,-0.0007628835737705231,0.7513692050723919
2014-08-29,fold_3,Taper tantrum and 2014 H1,-0.0006463490426540375,-1,0.002902268897742033,1,-0.002902268897742033,0.0071148302013170905,,,,0,-29.02268897742033,0.00217650830745697,0.0030023581348359585,-0.0006463490426540375,0.5869045800932715
2014-09-02,fold_3,Taper tantrum and 2014 H1,-0.0010690130293369293,-1,-0.005913248751312494,-1,0.005913248751312494,0.013028078952629585,,,,1,59.13248751312494,0.002731122076511383,-0.008227802813053131,-0.0010690130293369293,-1.2456932093143112
2014-09-03,fold_3,Taper tantrum and 2014 H1,-0.00029304996132850647,-1,-0.0009051738306879997,-1,0.0009051738306879997,0.013933252783317585,,,,1,9.051738306879997,0.004607006907463074,0.005913248751312494,-0.00029304996132850647,-0.19600618181372603
2014-09-04,fold_3,Taper tantrum and 2014 H1,-0.0015870258212089539,-1,0.005017942748963833,1,-0.005017942748963833,0.008915310034353752,,,,0,-50.17942748963833,0.002034369856119156,0.0060186004266142845,-0.0015870258212089539,1.0862393282937621
2014-09-05,fold_3,Taper tantrum and 2014 H1,-0.00431470014154911,-1,0.0019005690701305866,1,-0.0019005690701305866,0.007014740964223165,,,,0,-19.005690701305866,-0.0027812086045742035,-0.004112768918275833,-0.00431470014154911,0.40433892746950595
2014-09-08,fold_3,Taper tantrum and 2014 H1,-0.005800504237413406,-1,-0.008327892050147057,-1,0.008327892050147057,0.015342633014370222,,,,1,83.27892050147057,-0.004620078951120377,-0.01571054756641388,-0.005800504237413406,-1.8768245623151516
2014-09-09,fold_3,Taper tantrum and 2014 H1,-0.005353255197405815,-1,0.008227802813053131,1,-0.008227802813053131,0.0071148302013170905,,,,0,-82.27802813053131,-0.004557628184556961,0.001308427657932043,-0.005353255197405815,1.777519263451231
2014-09-10,fold_3,Taper tantrum and 2014 H1,-0.00485067255795002,-1,-0.0007998223882168531,-1,0.0007998223882168531,0.007914652589533944,,,,1,7.998223882168531,-0.00244072824716568,-0.00541094271466136,-0.00485067255795002,-0.16060189297344188
2014-09-11,fold_3,Taper tantrum and 2014 H1,-0.004982341080904007,-1,-0.005113426595926285,-1,0.005113426595926285,0.013028079185460228,,,,1,51.13426595926285,-0.002966035157442093,0.0028961822390556335,-0.004982341080904007,-1.1642305984975365
2014-09-12,fold_3,Taper tantrum and 2014 H1,-0.005942154675722122,-1,-0.009697210043668747,-1,0.009697210043668747,0.022725289229128975,,,,1,96.97210043668747,-0.0012628622353076935,0.007389549165964127,-0.005942154675722122,-2.2095975746885537
2014-09-15,fold_3,Taper tantrum and 2014 H1,-0.005551699548959732,-1,0.008691084571182728,1,-0.008691084571182728,0.014034204657946248,,,,0,-86.91084571182728,-0.0015215910971164703,0.00774153508245945,-0.005551699548959732,1.8204422697855847
2014-09-16,fold_3,Taper tantrum and 2014 H1,-0.005639757961034775,-1,0.0015084322076290846,1,-0.0015084322076290846,0.012525772450317163,,,,0,-15.084322076290846,-0.0031253285706043243,-0.003679014276713133,-0.005639757961034775,0.3103262284268353
2014-09-17,fold_3,Taper tantrum and 2014 H1,-0.009084805846214294,-1,0.0075073023326694965,1,-0.0075073023326694965,0.0050184701176476665,,,,0,-75.07302332669497,-0.011347919702529907,0.005486177280545235,-0.009084805846214294,1.594067302481406
2014-09-18,fold_3,Taper tantrum and 2014 H1,-0.007157996296882629,-1,-0.0006200594361871481,-1,0.0006200594361871481,0.005638529553834815,,,,1,6.200594361871481,-0.008617885410785675,-0.0232794601470232,-0.007157996296882629,-0.12401778789185415
2014-09-19,fold_3,Taper tantrum and 2014 H1,-0.006733190268278122,-1,-0.009345224127173424,-1,0.009345224127173424,0.014983753681008238,,,,1,93.45224127173424,-0.003956880420446396,-0.012074689380824566,-0.006733190268278122,-1.876112941336521
2014-09-22,fold_3,Taper tantrum and 2014 H1,-0.008283901959657669,-1,-0.002729465253651142,-1,0.002729465253651142,0.01771321893465938,,,,1,27.29465253651142,-0.007626626640558243,-0.0040466017089784145,-0.008283901959657669,-0.5062925958727779
2014-09-23,fold_3,Taper tantrum and 2014 H1,-0.004400581121444702,-1,0.010673623532056808,1,-0.010673623532056808,0.007039595402602572,,,,0,-106.73623532056808,-0.0005818605422973633,0.00010115558688994497,-0.004400581121444702,1.9884172085794183
2014-09-24,fold_3,Taper tantrum and 2014 H1,-0.0040648989379405975,-1,-0.021258333697915077,-1,0.021258333697915077,0.02829792910051765,,,,1,212.58333697915077,0.0026726722717285156,-0.026695234701037407,-0.0040648989379405975,-3.6213541307532724
2014-09-25,fold_3,Taper tantrum and 2014 H1,-0.002752527594566345,-1,0.010584711097180843,1,-0.010584711097180843,0.017713218003336806,,,,0,-105.84711097180843,0.0012836232781410217,-0.005436900071799755,-0.002752527594566345,1.4013167095476196
2014-09-26,fold_3,Taper tantrum and 2014 H1,-0.0007002130150794983,-1,-0.0013171363389119506,-1,0.0013171363389119506,0.019030354342248756,,,,1,13.171363389119506,0.0005942471325397491,-0.0061947559006512165,-0.0007002130150794983,-0.1664801500173341
2014-09-29,fold_3,Taper tantrum and 2014 H1,-0.0023634470999240875,-1,0.0014182919403538108,1,-0.0014182919403538108,0.017612062401894946,,,,0,-14.182919403538108,0.0031548403203487396,-0.007019097916781902,-0.0023634470999240875,0.1801359166050565
2015-09-15,fold_4,China devaluation and oil crash,-0.006308570504188538,-1,0.005618483759462833,1,-0.005618483759462833,-0.005618483759462833,,,,0,-56.184837594628334,-0.04853856936097145,-0.02026941254734993,-0.006308570504188538,0.2423541223530864
2015-09-16,fold_4,China devaluation and oil crash,-0.013262150809168816,-1,0.00037324512959457934,1,-0.00037324512959457934,-0.005991728889057413,,,,0,-3.7324512959457934,-0.04794901981949806,-0.025119448080658913,-0.013262150809168816,0.01609604162384066
2015-09-17,fold_4,China devaluation and oil crash,-0.017092788591980934,-1,-0.014325105585157871,-1,0.014325105585157871,0.008333376696100459,,,,1,143.2510558515787,-0.032117392867803574,-0.02914709784090519,-0.017092788591980934,-0.6190175770752189
2015-09-18,fold_4,China devaluation and oil crash,-0.008081810548901558,-1,0.0031276640947908163,1,-0.0031276640947908163,0.005205712601309642,,,,0,-31.276640947908163,-0.030670341104269028,-0.023336129263043404,-0.008081810548901558,0.13899245747091407
2015-09-21,fold_4,China devaluation and oil crash,-0.010717714205384254,-1,-0.015063699334859848,-1,0.015063699334859848,0.02026941193616949,,,,1,150.63699334859848,-0.043147142976522446,-0.055345356464385986,-0.010717714205384254,-0.746687887394059
2015-09-22,fold_4,China devaluation and oil crash,-0.005732398480176926,-1,0.0007684477022849023,1,-0.0007684477022849023,0.019500964233884588,,,,0,-7.684477022849023,-0.039439644664525986,-0.04549579694867134,-0.005732398480176926,0.04159180316692615
2015-09-23,fold_4,China devaluation and oil crash,-0.0013939067721366882,-1,-0.003654405241832137,-1,0.003654405241832137,0.023155369475716725,,,,1,36.54405241832137,-0.013591848313808441,-0.02350310981273651,-0.0013939067721366882,-0.19798969234792727
2015-09-24,fold_4,China devaluation and oil crash,-0.0008783675730228424,-1,-0.00851413607597351,-1,0.00851413607597351,0.031669505551690236,,,,1,85.14136075973511,-0.012693043798208237,-0.015338551253080368,-0.0008783675730228424,-0.5731943020936433
2015-09-25,fold_4,China devaluation and oil crash,0.004729125648736954,1,-0.028881562873721123,-1,-0.028881562873721123,0.002787942677969113,,,,0,-288.8156287372112,-0.003337666392326355,0.010535220615565777,0.004729125648736954,-2.07910398068912
2015-09-28,fold_4,China devaluation and oil crash,0.015047069638967514,1,-0.005214141681790352,-1,-0.005214141681790352,-0.002426199003821239,,,,0,-52.14141681790352,0.018023915588855743,0.053640756756067276,0.015047069638967514,-0.34036847806668635
2015-09-29,fold_4,China devaluation and oil crash,0.019138678908348083,1,0.022761136293411255,1,0.022761136293411255,0.020334937289590016,,,,1,227.61136293411255,0.028111310675740242,0.05410434678196907,0.019138678908348083,1.5065800472282846
2015-09-30,fold_4,China devaluation and oil crash,0.011025186628103256,1,0.004510152153670788,1,0.004510152153670788,0.024845089443260804,,,,1,45.10152153670788,0.020851073786616325,0.03732498735189438,0.011025186628103256,0.31597404724577227
2015-10-01,fold_4,China devaluation and oil crash,0.002054911106824875,1,0.01735963486135006,1,0.01735963486135006,0.04220472430461086,,,,1,173.5963486135006,0.015217917039990425,0.036783184856176376,0.002054911106824875,1.3470453856996372
2015-10-02,fold_4,China devaluation and oil crash,-0.006345683708786964,-1,0.014223971404135227,1,-0.014223971404135227,0.027980752900475636,,,,0,-142.23971404135227,0.01409662514925003,0.02393958531320095,-0.006345683708786964,1.0603778627484988
2015-10-05,fold_4,China devaluation and oil crash,-0.0024673044681549072,-1,-0.0047505502589046955,-1,0.0047505502589046955,0.03273130315938033,,,,1,47.505502589046955,0.0021069608628749847,0.012153252959251404,-0.0024673044681549072,-0.3512746338909319
2015-10-06,fold_4,China devaluation and oil crash,-0.004839399829506874,-1,0.005981777794659138,1,-0.005981777794659138,0.026749525364721194,,,,0,-59.81777794659138,0.0068874359130859375,0.010421394370496273,-0.004839399829506874,0.4961165984798305
2015-10-07,fold_4,China devaluation and oil crash,-0.004984429106116295,-1,0.003968350123614073,1,-0.003968350123614073,0.02278117524110712,,,,0,-39.68350123614073,0.003297150135040283,0.0028364972677081823,-0.004984429106116295,0.33445216226270147
2015-10-08,fold_4,China devaluation and oil crash,-0.0069488901644945145,-1,0.004516035784035921,1,-0.004516035784035921,0.0182651394570712,,,,0,-45.16035784035921,-0.004113327711820602,0.015160449780523777,-0.0069488901644945145,0.3876521817562764
2015-10-09,fold_4,China devaluation and oil crash,-0.006599094718694687,-1,0.002437639283016324,1,-0.002437639283016324,0.015827500174054876,,,,0,-24.37639283016324,0.0013299211859703064,0.014815110713243484,-0.006599094718694687,0.20962937932366787
2015-10-12,fold_4,China devaluation and oil crash,-0.0005854368209838867,-1,-0.006482408381998539,-1,0.006482408381998539,0.022309908556053415,,,,1,64.82408381998539,0.008417349308729172,0.018095392733812332,-0.0005854368209838867,-0.5578045619965765
2015-10-13,fold_4,China devaluation and oil crash,-0.0008118599653244019,-1,-0.0016031190752983093,-1,0.0016031190752983093,0.023913027631351724,,,,1,16.031190752983093,0.01504250057041645,0.019414884969592094,-0.0008118599653244019,-0.14044291647671067
2015-10-14,fold_4,China devaluation and oil crash,0.0013318434357643127,1,0.016292301937937737,1,0.016292301937937737,0.04020532956928946,,,,1,162.92301937937737,0.016343146562576294,0.014898093417286873,0.0013318434357643127,1.4353121076134057
2015-10-15,fold_4,China devaluation and oil crash,-0.0005530156195163727,-1,0.004170697182416916,1,-0.004170697182416916,0.036034632386872545,,,,0,-41.70697182416916,0.01164821907877922,0.01876967027783394,-0.0005530156195163727,0.34985995436791084
2015-10-16,fold_4,China devaluation and oil crash,0.0005404092371463776,1,0.005717921536415815,1,0.005717921536415815,0.04175255392328836,,,,1,57.17921536415815,0.0172406118363142,0.042197540402412415,0.0005404092371463776,0.4963281646211488
2015-10-19,fold_4,China devaluation and oil crash,0.001003466546535492,1,-0.005162917543202639,-1,-0.005162917543202639,0.03658963638008572,,,,0,-51.629175432026386,0.007875137031078339,0.03709967061877251,0.001003466546535492,-0.4462308188451556
2015-10-20,fold_4,China devaluation and oil crash,-0.001958101987838745,-1,-0.006119910627603531,-1,0.006119910627603531,0.04270954700768925,,,,1,61.19910627603531,0.003275316208600998,0.04429900646209717,-0.001958101987838745,-0.549909513091617
2015-10-21,fold_4,China devaluation and oil crash,-0.0011879019439220428,-1,0.02016388066112995,1,-0.02016388066112995,0.0225456663465593,,,,0,-201.63880661129951,0.006748385727405548,0.05869702249765396,-0.0011879019439220428,1.7985088349856173
2015-10-22,fold_4,China devaluation and oil crash,0.0006887353956699371,1,0.02759856916964054,1,0.02759856916964054,0.05014423551619984,,,,1,275.9856916964054,0.009098324924707413,0.03695332258939743,0.0006887353956699371,2.2891135509366194
2015-10-23,fold_4,China devaluation and oil crash,-0.0008294917643070221,-1,0.0006200486677698791,1,-0.0006200486677698791,0.04952418684842996,,,,0,-6.200486677698791,0.009554456919431686,0.004864683840423822,-0.0008294917643070221,0.046239165445014885
2015-10-26,fold_4,China devaluation and oil crash,0.0012100189924240112,1,0.0020364215597510338,1,0.0020364215597510338,0.051560608408181,,,,1,20.364215597510338,0.013267144560813904,0.015475906431674957,0.0012100189924240112,0.17327052468370258
2015-10-27,fold_4,China devaluation and oil crash,0.0022216029465198517,1,0.008278105407953262,1,0.008278105407953262,0.05983871381613426,,,,1,82.78105407953262,0.011845160275697708,0.0169235672801733,0.0022216029465198517,0.7073047718117413
2015-10-28,fold_4,China devaluation and oil crash,0.0009085163474082947,1,-0.001579819479957223,-1,-0.001579819479957223,0.058258894336177036,,,,0,-15.79819479957223,0.01684419997036457,0.008732274174690247,0.0009085163474082947,-0.1476400958413283
2015-10-29,fold_4,China devaluation and oil crash,0.002785421907901764,1,-0.0044900719076395035,-1,-0.0044900719076395035,0.05376882242853753,,,,0,-44.900719076395035,0.02606705203652382,0.0076130894012749195,0.002785421907901764,-0.42125876748744795
2015-10-30,fold_4,China devaluation and oil crash,0.0020195692777633667,1,0.011231271550059319,1,0.011231271550059319,0.06500009397859685,,,,1,112.31271550059319,0.02273571863770485,0.012800556607544422,0.0020195692777633667,1.125673331570117
2015-11-02,fold_4,China devaluation and oil crash,-0.0005213320255279541,-1,0.0034840821754187346,1,-0.0034840821754187346,0.06151601180317812,,,,0,-34.840821754187346,0.013642743229866028,-0.009115763008594513,-0.0005213320255279541,0.35607678947438853
2015-11-03,fold_4,China devaluation and oil crash,-0.0009896792471408844,-1,8.681241888552904e-05,1,-8.681241888552904e-05,0.06142919938429259,,,,0,-0.8681241888552904,0.012045763432979584,-0.015156766399741173,-0.0009896792471408844,0.008896579534874601
2015-11-04,fold_4,China devaluation and oil crash,-0.0014093071222305298,-1,-0.0026990047190338373,-1,0.0026990047190338373,0.06412820410332642,,,,1,26.990047190338373,0.0028968118131160736,-0.0164802223443985,-0.0014093071222305298,-0.27923049992307447
2015-11-05,fold_4,China devaluation and oil crash,-0.0010748840868473053,-1,0.0006973955896683037,1,-0.0006973955896683037,0.06343080851365812,,,,0,-6.973955896683037,0.002652779221534729,-0.02355119399726391,-0.0010748840868473053,0.07231429521597253
2015-11-06,fold_4,China devaluation and oil crash,-0.004299938678741455,-1,-0.010685048997402191,-1,0.010685048997402191,0.07411585751106031,,,,1,106.85048997402191,0.008581802248954773,-0.044079799205064774,-0.004299938678741455,-1.113930360360376
2015-11-09,fold_4,China devaluation and oil crash,-0.004442468285560608,-1,-0.002556920750066638,-1,0.002556920750066638,0.07667277826112695,,,,1,25.56920750066638,-0.0033011026680469513,-0.01911265403032303,-0.004442468285560608,-0.2590533167347578
2015-11-10,fold_4,China devaluation and oil crash,-0.0037052929401397705,-1,-0.0012366441078484058,-1,0.0012366441078484058,0.07790942236897536,,,,1,12.366441078484058,0.005099594593048096,-0.0159277506172657,-0.0037052929401397705,-0.12644673556114616
2015-11-11,fold_4,China devaluation and oil crash,-0.004059948027133942,-1,-0.009769977070391178,-1,0.009769977070391178,0.08767939943936653,,,,1,97.69977070391178,0.0033988840878009796,0.004321797750890255,-0.004059948027133942,-0.9992510511783043
2015-11-12,fold_4,China devaluation and oil crash,-0.004361968487501144,-1,-0.019831210374832153,-1,0.019831210374832153,0.10751060981419869,,,,1,198.31210374832153,0.0007621161639690399,0.014795579016208649,-0.004361968487501144,-2.124953703021285
2015-11-13,fold_4,China devaluation and oil crash,0.0018749162554740906,1,0.014282097108662128,1,0.014282097108662128,0.12179270692286082,,,,1,142.82097108662128,0.0059076882898807526,0.041375380009412766,0.0018749162554740906,1.3879178394405955
2015-11-16,fold_4,China devaluation and oil crash,0.0033954866230487823,1,0.0006279842928051949,1,0.0006279842928051949,0.12242069121566601,,,,1,6.2798429280519485,-0.0011290870606899261,0.024206893518567085,0.0033954866230487823,0.058699210833415644
2015-11-17,fold_4,China devaluation and oil crash,-0.0005327984690666199,-1,0.019012903794646263,1,-0.019012903794646263,0.10340778742101975,,,,0,-190.12903794646263,-0.0013283006846904755,0.022702451795339584,-0.0005327984690666199,1.7874648466146612
2015-11-18,fold_4,China devaluation and oil crash,-0.004056453704833984,-1,0.0007038041949272156,1,-0.0007038041949272156,0.10270398322609253,,,,0,-7.038041949272156,-0.003099646419286728,0.004566005896776915,-0.004056453704833984,0.06188420412372024
2015-11-19,fold_4,China devaluation and oil crash,-0.00433536060154438,-1,0.006748592015355825,1,-0.006748592015355825,0.0959553912107367,,,,0,-67.48592015355825,-0.003223143517971039,0.005262549035251141,-0.00433536060154438,0.6462822591666338
2015-11-20,fold_4,China devaluation and oil crash,-0.0029335692524909973,-1,-0.0028863900806754827,-1,0.0028863900806754827,0.09884178129141219,,,,1,28.863900806754827,0.004537370055913925,-0.004026245791465044,-0.0029335692524909973,-0.33729056284664266
2015-11-23,fold_4,China devaluation and oil crash,-0.0042807720601558685,-1,-0.0008764576632529497,-1,0.0008764576632529497,0.09971823895466514,,,,1,8.764576632529497,0.007280401885509491,0.008809004910290241,-0.0042807720601558685,-0.10214217951414425
2015-11-24,fold_4,China devaluation and oil crash,-0.005496913567185402,-1,0.0008764576632529497,1,-0.0008764576632529497,0.09884178129141219,,,,0,-8.764576632529497,0.004421144723892212,0.0035007991828024387,-0.005496913567185402,0.10225956340385596
2015-11-25,fold_4,China devaluation and oil crash,-0.0023765824735164642,-1,0.0014003473334014416,1,-0.0014003473334014416,0.09744143395801075,,,,0,-14.003473334014416,0.006040487438440323,-0.014471632428467274,-0.0023765824735164642,0.16728680282196637
2015-11-27,fold_4,China devaluation and oil crash,-0.0023303404450416565,-1,-0.002540202811360359,-1,0.002540202811360359,0.09998163676937111,,,,1,25.402028113603592,0.008536390960216522,0.0072346641682088375,-0.0023303404450416565,-0.3035129411512779
2015-11-30,fold_4,China devaluation and oil crash,-0.0033459924161434174,-1,0.009948860853910446,1,-0.009948860853910446,0.09003277591546066,,,,0,-99.48860853910446,0.002349723130464554,0.005248351488262415,-0.0033459924161434174,1.194586063857271
2015-12-01,fold_4,China devaluation and oil crash,-0.0023119598627090454,-1,-0.006184663623571396,-1,0.006184663623571396,0.09621743953903206,,,,1,61.84663623571396,-0.0021127164363861084,-0.0046132574789226055,-0.0023119598627090454,-0.7499876485171226
2015-12-02,fold_4,China devaluation and oil crash,-0.0019997768104076385,-1,-0.01709597371518612,-1,0.01709597371518612,0.11331341325421818,,,,1,170.9597371518612,-0.0003426484763622284,-0.013724218122661114,-0.0019997768104076385,-2.0535364294682603
2015-12-03,fold_4,China devaluation and oil crash,-0.0011382363736629486,-1,0.023106643930077553,1,-0.023106643930077553,0.09020676932414062,,,,0,-231.06643930077553,-0.0014860332012176514,0.007879506796598434,-0.0011382363736629486,2.5223255326409033
2015-12-04,fold_4,China devaluation and oil crash,-0.0019502155482769012,-1,-0.004526515491306782,-1,0.004526515491306782,0.0947332848154474,,,,1,45.26515491306782,-0.006046418100595474,-0.038512103259563446,-0.0019502155482769012,-0.43109129945658503
2015-12-07,fold_4,China devaluation and oil crash,-0.0034454017877578735,-1,8.725155930733308e-05,1,-8.725155930733308e-05,0.09464603325614007,,,,0,-0.8725155930733308,-0.0075226835906505585,-0.026432102546095848,-0.0034454017877578735,0.008272132186391416
2015-12-08,fold_4,China devaluation and oil crash,-0.003297824412584305,-1,-0.015295623801648617,-1,0.015295623801648617,0.10994165705778869,,,,1,152.95623801648617,-0.004094183444976807,-0.020446723327040672,-0.003297824412584305,-1.4888426203459677
2015-12-09,fold_4,China devaluation and oil crash,0.0022334903478622437,1,0.004507751204073429,1,0.004507751204073429,0.11444940826186212,,,,1,45.07751204073429,0.005249634385108948,0.00960917305201292,0.0022334903478622437,0.4168919601981546
2015-12-10,fold_4,China devaluation and oil crash,-0.0029407180845737457,-1,-0.02328496426343918,-1,0.02328496426343918,0.1377343725253013,,,,1,232.84964263439178,-6.562471389770508e-05,-0.009569364599883556,-0.0029407180845737457,-2.144870930139299
2015-12-11,fold_4,China devaluation and oil crash,0.00456773117184639,1,0.007553484290838242,1,0.007553484290838242,0.14528785681613954,,,,1,75.53484290838242,0.0054465606808662415,-0.005653249565511942,0.00456773117184639,0.6379484307264066
2015-12-14,fold_4,China devaluation and oil crash,0.001957230269908905,1,0.006072630640119314,1,0.006072630640119314,0.15136048745625885,,,,1,60.72630640119314,0.0013563744723796844,-0.00215992983430624,0.001957230269908905,0.5467045773028342
2015-12-15,fold_4,China devaluation and oil crash,0.0038191601634025574,1,0.014760272577404976,1,0.014760272577404976,0.16612076003366383,,,,1,147.60272577404976,-0.01833677664399147,-0.00168037845287472,0.0038191601634025574,1.376247394325145
2015-12-16,fold_4,China devaluation and oil crash,0.0003699958324432373,1,-0.014670786447823048,-1,-0.014670786447823048,0.15144997358584078,,,,0,-146.70786447823048,-0.015639636665582657,-0.009042750112712383,0.0003699958324432373,-1.3074991347175047
2015-12-17,fold_4,China devaluation and oil crash,-0.0056627001613378525,-1,-0.01936884969472885,-1,0.01936884969472885,0.17081882328056963,,,,1,193.6884969472885,-0.022589635103940964,0.005450133234262466,-0.0056627001613378525,-1.7786319863299034
2015-12-18,fold_4,China devaluation and oil crash,0.0004059448838233948,1,0.011046803556382656,1,0.011046803556382656,0.1818656268369523,,,,1,110.46803556382656,-0.007283195853233337,0.02428596094250679,0.0004059448838233948,0.9426938408301507
2015-12-21,fold_4,China devaluation and oil crash,-0.00012324005365371704,-1,0.006552181672304869,1,-0.006552181672304869,0.17531344516464742,,,,0,-65.52181672304869,-0.010119229555130005,0.028845859691500664,-0.00012324005365371704,0.5515120227529856
2015-12-22,fold_4,China devaluation and oil crash,-0.0011849366128444672,-1,0.007397900801151991,1,-0.007397900801151991,0.16791554436349543,,,,0,-73.97900801151991,-0.008873026818037033,0.013241508975625038,-0.0011849366128444672,0.6189166429136861
2015-12-23,fold_4,China devaluation and oil crash,-0.0037834718823432922,-1,-0.00017790279525797814,-1,0.00017790279525797814,0.1680934471587534,,,,1,1.7790279525797814,-0.011993788182735443,-0.006682647857815027,-0.0037834718823432922,-0.014744975855360434
2015-12-24,fold_4,China devaluation and oil crash,-0.005476970225572586,-1,-0.0005330225685611367,-1,0.0005330225685611367,0.16862646972731454,,,,1,5.330225685611367,-0.015376709401607513,-0.027828186750411987,-0.005476970225572586,-0.04418367105827519
2015-12-28,fold_4,China devaluation and oil crash,-0.006440451368689537,-1,0.01560670230537653,1,-0.01560670230537653,0.153019767421938,,,,0,-156.0670230537653,-0.020705174654722214,-0.02903185784816742,-0.006440451368689537,1.2940542927429068
2015-12-29,fold_4,China devaluation and oil crash,-0.009789787232875824,-1,-0.00905216857790947,-1,0.00905216857790947,0.16207193599984748,,,,1,90.5216857790947,-0.023567568510770798,-0.05429093912243843,-0.009789787232875824,-0.7217363218677224
2015-12-30,fold_4,China devaluation and oil crash,-0.008489925414323807,-1,-0.012526256032288074,-1,0.012526256032288074,0.17459819203213556,,,,1,125.26256032288074,-0.015443965792655945,-0.07705271244049072,-0.008489925414323807,-1.0014434086057409
2015-12-31,fold_4,China devaluation and oil crash,-0.0050692372024059296,-1,-0.021323442459106445,-1,0.021323442459106445,0.195921634491242,,,,1,213.23442459106445,-0.00407068058848381,-0.07276111096143723,-0.0050692372024059296,-1.6733253467462836
2016-01-04,fold_4,China devaluation and oil crash,-0.0033527016639709473,-1,-0.0017366929678246379,-1,0.0017366929678246379,0.19765832745906664,,,,1,17.36692967824638,-0.002032991498708725,-0.048365604132413864,-0.0033527016639709473,-0.13299938311556678
2016-01-05,fold_4,China devaluation and oil crash,0.0006641298532485962,1,-0.009652378037571907,-1,-0.009652378037571907,0.18800594942149473,,,,0,-96.52378037571907,0.002247534692287445,-0.03509790077805519,0.0006641298532485962,-0.804466051931289
2016-01-06,fold_4,China devaluation and oil crash,0.004219405353069305,1,-0.03181394189596176,-1,-0.03181394189596176,0.15619200752553297,,,,0,-318.1394189596176,0.0030944086611270905,-0.06054344400763512,0.004219405353069305,-2.618651198542985
2016-01-07,fold_4,China devaluation and oil crash,0.010935496538877487,1,-0.008234658278524876,-1,-0.008234658278524876,0.1479573492470081,,,,0,-82.34658278524876,0.01420319452881813,-0.007657906971871853,0.010935496538877487,-0.5849109099819225
2016-01-08,fold_4,China devaluation and oil crash,0.01757989451289177,1,0.0030720664653927088,1,0.0030720664653927088,0.1510294157124008,,,,1,30.720664653927088,0.021355241537094116,-0.030952053144574165,0.01757989451289177,0.22293194032832703
2016-01-11,fold_4,China devaluation and oil crash,0.012377534061670303,1,0.011531009338796139,1,0.011531009338796139,0.16256042505119694,,,,1,115.31009338796139,0.011290598660707474,-0.031844522804021835,0.012377534061670303,0.8379769965657005
2016-01-12,fold_4,China devaluation and oil crash,0.007225926965475082,1,-0.03509791940450668,-1,-0.03509791940450668,0.12746250564669026,,,,0,-350.97919404506683,0.006651896983385086,-0.04644802585244179,0.007225926965475082,-2.7007112948895324
2016-01-13,fold_4,China devaluation and oil crash,0.018188655376434326,1,0.021071596071124077,1,0.021071596071124077,0.14853410171781434,,,,1,210.71596071124077,0.018357576802372932,-0.010357847437262535,0.018188655376434326,1.396629864588817
2016-01-14,fold_4,China devaluation and oil crash,0.007820256054401398,1,-0.03152880445122719,-1,-0.03152880445122719,0.11700529726658715,,,,0,-315.2880445122719,0.0031879283487796783,-0.0028869316447526217,0.007820256054401398,-2.0021287642035857
2016-01-15,fold_4,China devaluation and oil crash,0.014569204300642014,1,0.002179595874622464,1,0.002179595874622464,0.11918489314120961,,,,1,21.795958746224642,0.0012847073376178741,0.013690323568880558,0.014569204300642014,0.12870273806938973
2016-01-19,fold_4,China devaluation and oil crash,0.02035941556096077,1,-0.0030724939424544573,-1,-0.0030724939424544573,0.11611239919875516,,,,0,-30.724939424544573,0.012986358255147934,0.020469823852181435,0.02035941556096077,-0.1848506249669811
2016-01-20,fold_4,China devaluation and oil crash,0.0159924179315567,1,0.0009922586614266038,1,0.0009922586614266038,0.11710465786018176,,,,1,9.922586614266038,0.009714696556329727,-0.0016886454541236162,0.0159924179315567,0.061776704168400025
2016-01-21,fold_4,China devaluation and oil crash,0.005335498601198196,1,0.02854251302778721,1,0.02854251302778721,0.14564717088796897,,,,1,285.4251302778721,-0.006894662976264954,0.011338510550558567,0.005335498601198196,1.7982371089670433
2016-01-22,fold_4,China devaluation and oil crash,-0.0034609511494636536,-1,-0.014951549470424652,-1,0.014951549470424652,0.16059872035839362,,,,1,149.51549470424652,-0.015343725681304932,0.0034633507020771503,-0.0034609511494636536,-0.8771940457603843
2016-01-25,fold_4,China devaluation and oil crash,-0.0005015432834625244,-1,0.008959095925092697,1,-0.008959095925092697,0.15163962443330092,,,,0,-89.59095925092697,-0.011906556785106659,0.021100182086229324,-0.0005015432834625244,0.5181487944941808
2016-01-26,fold_4,China devaluation and oil crash,-0.0030299462378025055,-1,-0.02523096278309822,-1,0.02523096278309822,0.17687058721639914,,,,1,252.3096278309822,-0.014850571751594543,-0.00974215380847454,-0.0030299462378025055,-1.4495383138895608
2016-01-27,fold_4,China devaluation and oil crash,-0.0027417801320552826,-1,0.014019414782524109,1,-0.014019414782524109,0.16285117243387504,,,,0,-140.1941478252411,-0.0057083480060100555,0.01068068016320467,-0.0027417801320552826,0.7662004856589724
2016-01-28,fold_4,China devaluation and oil crash,-0.0041415076702833176,-1,0.02066735178232193,1,-0.02066735178232193,0.1421838206515531,,,,0,-206.6735178232193,0.006723940372467041,-0.003437303937971592,-0.0041415076702833176,1.1335163489035494
2016-01-29,fold_4,China devaluation and oil crash,-0.00590980239212513,-1,0.0026852828450500965,1,-0.0026852828450500965,0.139498537806503,,,,0,-26.852828450500965,0.013333212584257126,-0.059448905289173126,-0.00590980239212513,0.14359585346548528
2016-02-01,fold_4,China devaluation and oil crash,-0.005002826452255249,-1,-0.021883239969611168,-1,0.021883239969611168,0.16138177777611418,,,,1,218.83239969611168,0.01660153828561306,-0.07753972709178925,-0.005002826452255249,-1.182937129687806
2016-02-02,fold_4,China devaluation and oil crash,0.005833156406879425,1,-0.004808129742741585,-1,-0.004808129742741585,0.1565736480333726,,,,0,-48.08129742741585,0.04027625918388367,-0.05876627564430237,0.005833156406879425,-0.25945388234654193
2016-02-03,fold_4,China devaluation and oil crash,-0.0013540573418140411,-1,-9.856902761384845e-05,-1,9.856902761384845e-05,0.15667221706098644,,,,1,0.9856902761384845,0.04138161242008209,-0.05012403801083565,-0.0013540573418140411,-0.005311166214399696
2016-02-04,fold_4,China devaluation and oil crash,-0.000397462397813797,-1,-0.03534424677491188,-1,0.03534424677491188,0.19201646383589832,,,,1,353.4424677491188,0.04822232574224472,-0.05147428438067436,-0.000397462397813797,-1.9174533501424986
2016-02-05,fold_4,China devaluation and oil crash,0.00981883704662323,1,-0.015405537560582161,-1,-0.015405537560582161,0.17661092627531616,,,,0,-154.0553756058216,0.05188846215605736,-0.0010195453651249409,0.00981883704662323,-0.8215536769418437
2016-02-08,fold_4,China devaluation and oil crash,0.019313901662826538,1,-0.0031097931787371635,-1,-0.0031097931787371635,0.173501133096579,,,,0,-31.097931787371635,0.030939143151044846,0.03668167442083359,0.019313901662826538,-0.16387711720760295
2016-02-09,fold_4,China devaluation and oil crash,0.026673488318920135,1,0.0038341099862009287,1,0.0038341099862009287,0.17733524308277993,,,,1,38.34109986200929,0.05116034671664238,0.06218694522976875,0.026673488318920135,0.2020432474718451
2016-02-10,fold_4,China devaluation and oil crash,0.023719873279333115,1,-0.0014488183660432696,-1,-0.0014488183660432696,0.17588642471673666,,,,0,-14.488183660432696,0.03308045491576195,0.04687260091304779,0.023719873279333115,-0.07698195258095755
2016-02-11,fold_4,China devaluation and oil crash,0.020148586481809616,1,0.015110493637621403,1,0.015110493637621403,0.19099691835435806,,,,1,151.10493637621403,0.017385760322213173,0.05127744376659393,0.020148586481809616,0.8831972019828036
2016-02-12,fold_4,China devaluation and oil crash,0.0018154419958591461,1,0.02229568362236023,1,0.02229568362236023,0.2132926019767183,,,,1,222.9568362236023,0.011449974030256271,0.052272047847509384,0.0018154419958591461,1.3278565186649587
2016-02-16,fold_4,China devaluation and oil crash,0.0010906383395195007,1,0.022395476698875427,1,0.022395476698875427,0.23568807867559372,,,,1,223.95476698875427,0.004918590188026428,0.013379471376538277,0.0010906383395195007,1.3967733286032078
2016-02-17,fold_4,China devaluation and oil crash,-0.006153471767902374,-1,-0.011480232700705528,-1,0.011480232700705528,0.24716831137629924,,,,1,114.80232700705528,0.01100056990981102,0.0004877016763202846,-0.006153471767902374,-0.6837341414653121
2016-02-18,fold_4,China devaluation and oil crash,-0.006464285776019096,-1,0.0029560215771198273,1,-0.0029560215771198273,0.24421228979917942,,,,0,-29.560215771198273,0.016413068398833275,0.02176855504512787,-0.006464285776019096,0.17417363544250247
2016-02-19,fold_4,China devaluation and oil crash,-0.0050170570611953735,-1,0.016105100512504578,1,-0.016105100512504578,0.22810718928667484,,,,0,-161.05100512504578,0.020153656601905823,0.017556218430399895,-0.0050170570611953735,0.9483009542696542
2016-02-22,fold_4,China devaluation and oil crash,-0.004862925037741661,-1,-0.016596894711256027,-1,0.016596894711256027,0.24470408399793087,,,,1,165.96894711256027,-0.0012086369097232819,-0.007580889854580164,-0.004862925037741661,-1.027989766492414
2016-02-23,fold_4,China devaluation and oil crash,-0.0009851455688476562,-1,0.00950370728969574,1,-0.00950370728969574,0.23520037670823513,,,,0,-95.0370728969574,0.018832191824913025,0.040609244257211685,-0.0009851455688476562,0.5857381864444753
2016-02-24,fold_4,China devaluation and oil crash,0.001095302402973175,1,0.009800620377063751,1,0.009800620377063751,0.24500099708529888,,,,1,98.00620377063751,0.010489068925380707,0.031483400613069534,0.001095302402973175,0.603461779103473
2016-02-25,fold_4,China devaluation and oil crash,-0.0005122125148773193,-1,-0.001256314804777503,-1,0.001256314804777503,0.24625731189007638,,,,1,12.56314804777503,0.0031491294503211975,0.019791029393672943,-0.0005122125148773193,-0.08165264511119744
2016-02-26,fold_4,China devaluation and oil crash,-0.004826681688427925,-1,-0.009032007306814194,-1,0.009032007306814194,0.2552893191968906,,,,1,90.32007306814194,0.008017431944608688,0.021426400169730186,-0.004826681688427925,-0.599497246806656
2016-02-29,fold_4,China devaluation and oil crash,0.0022860467433929443,1,0.031593240797519684,1,0.031593240797519684,0.28688255999441026,,,,1,315.93240797519684,0.007898136973381042,0.02428814396262169,0.0022860467433929443,2.1816719207427404
2016-03-01,fold_4,China devaluation and oil crash,-7.499754428863525e-05,-1,0.00037786204484291375,1,-0.00037786204484291375,0.28650469794956734,,,,0,-3.7786204484291375,0.009010475128889084,-0.015623753890395164,-7.499754428863525e-05,0.023467816817346564
2016-03-02,fold_4,China devaluation and oil crash,-0.0006625093519687653,-1,-0.0018917503766715527,-1,0.0018917503766715527,0.2883964483262389,,,,1,18.917503766715527,0.015285834670066833,-0.009589391760528088,-0.0006625093519687653,-0.12332163128581751
2016-03-03,fold_4,China devaluation and oil crash,-0.0011523030698299408,-1,0.000379056204110384,1,-0.000379056204110384,0.2880173921221285,,,,0,-3.79056204110384,0.012063242495059967,-0.009225158020853996,-0.0011523030698299408,0.024761813468867088
2016-03-04,fold_4,China devaluation and oil crash,-0.0035388804972171783,-1,-0.006170264445245266,-1,0.006170264445245266,0.2941876565673738,,,,1,61.70264445245266,0.007131986320018768,0.0077295913361012936,-0.0035388804972171783,-0.40306623955910803
2016-03-07,fold_4,China devaluation and oil crash,-0.00556207075715065,-1,-0.00831865705549717,-1,0.00831865705549717,0.30250631362287095,,,,1,83.1865705549717,0.00015797466039657593,0.01558910682797432,-0.00556207075715065,-0.6310215495998357
2016-03-08,fold_4,China devaluation and oil crash,-0.00019720196723937988,-1,0.0064122239127755165,1,-0.0064122239127755165,0.29609408971009543,,,,0,-64.12223912775517,0.00161806121468544,0.023532414808869362,-0.00019720196723937988,0.49861595348445165
2016-03-09,fold_4,China devaluation and oil crash,-0.003923473879694939,-1,-0.0015275164041668177,-1,0.0015275164041668177,0.29762160611426225,,,,1,15.275164041668177,-0.006847940385341644,0.025990260764956474,-0.003923473879694939,-0.11821938015982
2016-03-10,fold_4,China devaluation and oil crash,-0.004517024382948875,-1,0.017333805561065674,1,-0.017333805561065674,0.2802878005531966,,,,0,-173.33805561065674,-0.006250668317079544,0.026959849521517754,-0.004517024382948875,1.3440099143160127
2016-03-11,fold_4,China devaluation and oil crash,-0.007483171299099922,-1,0.001689250930212438,1,-0.001689250930212438,0.27859854962298414,,,,0,-16.89250930212438,-0.007889922708272934,0.011191518045961857,-0.007483171299099922,0.12547344482987752
2016-03-14,fold_4,China devaluation and oil crash,-0.004702884703874588,-1,-0.0003753479686565697,-1,0.0003753479686565697,0.2789738975916407,,,,1,3.753479686565697,-0.006862923502922058,0.01340685784816742,-0.004702884703874588,-0.028789643508014145
2016-03-15,fold_4,China devaluation and oil crash,-0.004883391782641411,-1,0.008870068937540054,1,-0.008870068937540054,0.27010382865410065,,,,0,-88.70068937540054,-0.011045083403587341,0.016838986426591873,-0.004883391782641411,0.7362859028048112
2016-03-16,fold_4,China devaluation and oil crash,-0.0033409483730793,-1,-0.0005579286371357739,-1,0.0005579286371357739,0.2706617572912364,,,,1,5.579286371357739,-0.012464188039302826,-0.00029687152709811926,-0.0033409483730793,-0.050106030756215725
2016-03-17,fold_4,China devaluation and oil crash,-0.0028940029442310333,-1,0.0015654738526791334,1,-0.0015654738526791334,0.2690962834385573,,,,0,-15.654738526791334,-0.011356256902217865,0.000540980021469295,-0.0028940029442310333,0.14447327970051663
2016-03-18,fold_4,China devaluation and oil crash,-0.0038478970527648926,-1,0.0039045915473252535,1,-0.0039045915473252535,0.26519169189123204,,,,0,-39.045915473252535,-0.010901812463998795,-0.0024239751510322094,-0.0038478970527648926,0.36082740226055715
2016-03-21,fold_4,China devaluation and oil crash,-0.0032244399189949036,-1,0.003056779270991683,1,-0.003056779270991683,0.26213491262024036,,,,0,-30.56779270991683,-0.014400187879800797,0.009602147154510021,-0.0032244399189949036,0.2984641932522144
2016-03-22,fold_4,China devaluation and oil crash,-0.003258645534515381,-1,-0.008265787735581398,-1,0.008265787735581398,0.27040070035582175,,,,1,82.65787735581398,-0.010027345269918442,0.011403592303395271,-0.003258645534515381,-0.8637103386924586
2016-03-23,fold_4,China devaluation and oil crash,-0.0016069673001766205,-1,0.0002799229114316404,1,-0.0002799229114316404,0.2701207774443901,,,,0,-2.799229114316404,-0.0044556185603141785,0.01820463314652443,-0.0016069673001766205,0.029426987994186592
2016-03-24,fold_4,China devaluation and oil crash,-0.0018100067973136902,-1,-0.001399481319822371,-1,0.001399481319822371,0.2715202587642125,,,,1,13.99481319822371,-0.0052389539778232574,0.028491921722888947,-0.0018100067973136902,-0.1511843418165445
2016-03-28,fold_4,China devaluation and oil crash,-0.0022998452186584473,-1,0.015930714085698128,1,-0.015930714085698128,0.25558954467851436,,,,0,-159.30714085698128,-0.0066671185195446014,0.02607828378677368,-0.0022998452186584473,1.720785580467
2016-03-29,fold_4,China devaluation and oil crash,0.0003064349293708801,1,0.004858225118368864,1,0.004858225118368864,0.2604477697968832,,,,1,48.58225118368864,-0.0005523823201656342,0.0004590361495502293,0.0003064349293708801,0.5002431355891801
2016-03-30,fold_4,China devaluation and oil crash,-0.00042190030217170715,-1,-0.0014647470088675618,-1,0.0014647470088675618,0.2619125168057508,,,,1,14.647470088675618,0.0008227340877056122,0.011907192878425121,-0.00042190030217170715,-0.2169314072734547
2016-03-31,fold_4,China devaluation and oil crash,6.780028343200684e-07,1,0.010567210614681244,1,0.010567210614681244,0.272479727420432,,,,1,105.67210614681244,-0.002603866159915924,-0.0010990502778440714,6.780028343200684e-07,1.5633052445202813
2016-04-01,fold_4,China devaluation and oil crash,-0.001015208661556244,-1,-0.003813117742538452,-1,0.003813117742538452,0.2762928451629705,,,,1,38.13117742538452,-0.004074275493621826,-0.012399908155202866,-0.001015208661556244,-0.5334434279302764
2016-04-04,fold_4,China devaluation and oil crash,-0.0014089830219745636,-1,-0.009688534773886204,-1,0.009688534773886204,0.2859813799368567,,,,1,96.88534773886204,-0.0013704188168048859,-0.012263499200344086,-0.0014089830219745636,-1.3459487874714837
2016-04-05,fold_4,China devaluation and oil crash,0.002067435532808304,1,0.016306381672620773,1,0.016306381672620773,0.30228776160947746,,,,1,163.06381672620773,0.006198622286319733,0.005769746843725443,0.002067435532808304,2.206686146330935
2016-04-06,fold_4,China devaluation and oil crash,0.0019270889461040497,1,-0.014470990747213364,-1,-0.014470990747213364,0.2878167708622641,,,,0,-144.70990747213364,0.006266813725233078,0.0021664733067154884,0.0019270889461040497,-1.8026860920018872
2016-04-07,fold_4,China devaluation and oil crash,0.0007934458553791046,1,-0.0007336472626775503,-1,-0.0007336472626775503,0.28708312359958654,,,,0,-7.336472626775503,0.004194535315036774,0.016727684065699577,0.0007934458553791046,-0.0859524674195636
2016-04-08,fold_4,China devaluation and oil crash,0.00251973420381546,1,-0.0036767087876796722,-1,-0.0036767087876796722,0.28340641481190687,,,,0,-36.76708787679672,0.0073789022862911224,0.014934007078409195,0.00251973420381546,-0.4310205214851261
2016-04-11,fold_4,China devaluation and oil crash,0.0026167482137680054,1,0.008344711735844612,1,0.008344711735844612,0.2917511265477515,,,,1,83.44711735844612,-0.0005377903580665588,0.023929070681333542,0.0026167482137680054,1.0917883100498842
2016-04-12,fold_4,China devaluation and oil crash,-0.0021204687654972076,-1,0.012703108601272106,1,-0.012703108601272106,0.2790480179464794,,,,0,-127.03108601272106,-0.00791521742939949,0.009451969526708126,-0.0021204687654972076,1.6164684369758442
2016-04-13,fold_4,China devaluation and oil crash,-0.0035170018672943115,-1,9.022023732541129e-05,1,-9.022023732541129e-05,0.27895779770915397,,,,0,-0.9022023732541129,-0.009906575083732605,-0.002437104005366564,-0.0035170018672943115,0.010797402454357615
2016-04-14,fold_4,China devaluation and oil crash,-0.003353368490934372,-1,-0.0025273242499679327,-1,0.0025273242499679327,0.2814851219591219,,,,1,25.273242499679327,-0.0073530226945877075,-0.002437179908156395,-0.003353368490934372,-0.3113639257109552
2016-04-15,fold_4,China devaluation and oil crash,-0.00029452890157699585,-1,0.005318354815244675,1,-0.005318354815244675,0.2761667671438772,,,,0,-53.18354815244675,0.0010979138314723969,-0.01511763408780098,-0.00029452890157699585,0.6537108107086823
2016-04-18,fold_4,China devaluation and oil crash,-0.003601226955652237,-1,-0.006132390350103378,-1,0.006132390350103378,0.2822991574939806,,,,1,61.32390350103378,-0.0045201703906059265,-0.020435988903045654,-0.003601226955652237,-0.746519575063396
2016-04-19,fold_4,China devaluation and oil crash,-0.004817094653844833,-1,0.0008140353602357209,1,-0.0008140353602357209,0.2814851221337449,,,,0,-8.140353602357209,-0.005765922367572784,-0.019178731366991997,-0.004817094653844833,0.09828481736239875
2016-04-20,fold_4,China devaluation and oil crash,-0.005600014701485634,-1,9.014434181153774e-05,1,-9.014434181153774e-05,0.28139497779193334,,,,0,-0.9014434181153774,0.0020048916339874268,-0.028047095984220505,-0.005600014701485634,0.01091842629886139
2016-04-21,fold_4,China devaluation and oil crash,-0.00581083819270134,-1,-0.015207778662443161,-1,0.015207778662443161,0.2966027564543765,,,,1,152.0777866244316,0.004677001386880875,-0.04029499739408493,-0.00581083819270134,-1.889952292367294
2016-04-22,fold_4,China devaluation and oil crash,-0.006242958828806877,-1,0.0,0,-0.0,0.2966027564543765,,,,0,-0.0,-0.0023754723370075226,-0.0303702000528574,-0.006242958828806877,0.0
2016-04-25,fold_4,China devaluation and oil crash,-0.002390936017036438,-1,-0.0048751323483884335,-1,0.0048751323483884335,0.30147788880276494,,,,1,48.751323483884335,0.0005734190344810486,-0.020955650135874748,-0.002390936017036438,-0.5584431452323555
2016-04-26,fold_4,China devaluation and oil crash,-0.0043384842574596405,-1,-0.008054329082369804,-1,0.008054329082369804,0.30953221788513474,,,,1,80.54329082369804,-0.012604061514139175,-0.025400573387742043,-0.0043384842574596405,-1.0012567341013854
2016-04-27,fold_4,China devaluation and oil crash,-0.009629186242818832,-1,-0.012157757766544819,-1,0.012157757766544819,0.32168997565167956,,,,1,121.57757766544819,-0.013531293720006943,-0.023798203095793724,-0.009629186242818832,-1.4878294773292926
2016-04-28,fold_4,China devaluation and oil crash,-0.0050412509590387344,-1,-0.005282980855554342,-1,0.005282980855554342,0.3269729565072339,,,,1,52.82980855554342,-0.0011016465723514557,-0.011926179751753807,-0.0050412509590387344,-0.6139008000621646
2018-08-14,fold_5,2018 Vol-mageddon + Q4 sell-off,-0.001026194542646408,-1,-0.012310362420976162,-1,0.012310362420976162,0.012310362420976162,,,,1,123.10362420976162,-0.0003132447600364685,-0.006025122478604317,-0.001026194542646408,-1.5377193445424446
2018-08-15,fold_5,2018 Vol-mageddon + Q4 sell-off,-0.0018684417009353638,-1,0.0032866154797375202,1,-0.0032866154797375202,0.009023746941238642,,,,0,-32.8661547973752,-0.006350051611661911,0.01015878189355135,-0.0018684417009353638,0.3887142468544823
2018-08-16,fold_5,2018 Vol-mageddon + Q4 sell-off,-0.00039668008685112,-1,0.00022241576516535133,1,-0.00022241576516535133,0.00880133117607329,,,,0,-2.2241576516535133,-0.0024924464523792267,0.005435173399746418,-0.00039668008685112,0.026438458137545466
2018-08-17,fold_5,2018 Vol-mageddon + Q4 sell-off,0.0009786896407604218,1,-0.0008900492684915662,-1,-0.0008900492684915662,0.007911281907581724,,,,0,-8.900492684915662,0.007228601723909378,0.01446197833865881,0.0009786896407604218,-0.10579976211303016
2018-08-20,fold_5,2018 Vol-mageddon + Q4 sell-off,0.0008192248642444611,1,0.0036662581842392683,1,0.0036662581842392683,0.011577540091820993,,,,1,36.66258184239268,0.0052296556532382965,0.02549304999411106,0.0008192248642444611,0.43724791695062576
2018-08-21,fold_5,2018 Vol-mageddon + Q4 sell-off,-0.0005122721195220947,-1,0.0038735417183488607,1,-0.0038735417183488607,0.007703998373472132,,,,0,-38.73541718348861,0.0027515217661857605,0.023290682584047318,-0.0005122721195220947,0.46254067897825857
2018-08-22,fold_5,2018 Vol-mageddon + Q4 sell-off,-0.0008690394461154938,-1,-0.0014369931304827332,-1,0.0014369931304827332,0.009140991503954865,,,,1,14.369931304827332,0.0026101842522621155,0.03088875114917755,-0.0008690394461154938,-0.1836131444658376
2018-08-23,fold_5,2018 Vol-mageddon + Q4 sell-off,-0.0004485398530960083,-1,0.009249220602214336,1,-0.009249220602214336,-0.00010822909825947136,,,,0,-92.49220602214336,0.0015561357140541077,0.030556749552488327,-0.0004485398530960083,1.312007862239074
2018-08-24,fold_5,2018 Vol-mageddon + Q4 sell-off,-0.0012208260595798492,-1,0.010141022503376007,1,-0.010141022503376007,-0.010249251601635478,,,,0,-101.41022503376007,-0.0032860562205314636,0.022594677284359932,-0.0012208260595798492,1.5160676042116923
2018-08-27,fold_5,2018 Vol-mageddon + Q4 sell-off,-0.0015213899314403534,-1,0.0014638900756835938,1,-0.0014638900756835938,-0.011713141677319072,,,,0,-14.638900756835938,-0.0027464069426059723,0.008158083073794842,-0.0015213899314403534,0.23216552607430826
2018-08-28,fold_5,2018 Vol-mageddon + Q4 sell-off,-0.0009076818823814392,-1,0.011471610516309738,1,-0.011471610516309738,-0.02318475219362881,,,,0,-114.71610516309738,2.6319175958633423e-05,-0.0063036587089300156,-0.0009076818823814392,1.8869571273454948
2018-08-29,fold_5,2018 Vol-mageddon + Q4 sell-off,0.0001347661018371582,1,-0.0017689941450953484,-1,-0.0017689941450953484,-0.02495374633872416,,,,0,-17.689941450953484,8.238106966018677e-05,-0.026754802092909813,0.0001347661018371582,-0.2703320881805462
2018-08-30,fold_5,2018 Vol-mageddon + Q4 sell-off,-0.0006165057420730591,-1,0.0012871483340859413,1,-0.0012871483340859413,-0.0262408946728101,,,,0,-12.871483340859413,0.002467423677444458,-0.028843693435192108,-0.0006165057420730591,0.22124895708706202
2018-08-31,fold_5,2018 Vol-mageddon + Q4 sell-off,0.00028463825583457947,1,-0.00429557217285037,-1,-0.00429557217285037,-0.03053646684566047,,,,0,-42.955721728503704,0.004443340003490448,-0.026768488809466362,0.00028463825583457947,-0.7426059889692106
2018-09-04,fold_5,2018 Vol-mageddon + Q4 sell-off,-0.0019693970680236816,-1,-0.012997850775718689,-1,0.012997850775718689,-0.01753861606994178,,,,1,129.9785077571869,-0.0029627270996570587,-0.014797898940742016,-0.0019693970680236816,-2.274368868583156
2018-09-05,fold_5,2018 Vol-mageddon + Q4 sell-off,-0.0015603713691234589,-1,-0.00897953286767006,-1,0.00897953286767006,-0.008559083202271722,,,,1,89.79532867670059,-0.0034841597080230713,-0.004753672983497381,-0.0015603713691234589,-1.4119354233931694
2018-09-06,fold_5,2018 Vol-mageddon + Q4 sell-off,0.0014877505600452423,1,-0.0038578850217163563,-1,-0.0038578850217163563,-0.012416968223988079,,,,0,-38.57885021716356,0.004597093909978867,0.014849498867988586,0.0014877505600452423,-0.5789416532339245
2018-09-07,fold_5,2018 Vol-mageddon + Q4 sell-off,-0.003957174718379974,-1,0.0033623524941504,1,-0.0033623524941504,-0.01577932071813848,,,,0,-33.623524941504,-0.0016069784760475159,0.015776794403791428,-0.003957174718379974,0.5005041863548502
2018-09-10,fold_5,2018 Vol-mageddon + Q4 sell-off,-0.00048520416021347046,-1,0.007675017695873976,1,-0.007675017695873976,-0.023454338414012454,,,,0,-76.75017695873976,0.008691303431987762,-0.0020932797342538834,-0.00048520416021347046,1.1737890568017
2018-09-11,fold_5,2018 Vol-mageddon + Q4 sell-off,-0.0033262260258197784,-1,-0.0029536255169659853,-1,0.0029536255169659853,-0.02050071289704647,,,,1,29.536255169659853,0.0004661642014980316,-0.0015308947768062353,-0.0033262260258197784,-0.4372117422280712
2018-09-12,fold_5,2018 Vol-mageddon + Q4 sell-off,-0.0032706819474697113,-1,0.010623639449477196,1,-0.010623639449477196,-0.031124352346523665,,,,0,-106.23639449477196,-0.001521378755569458,0.0006569302058778703,-0.0032706819474697113,1.5993389285599509
2018-09-13,fold_5,2018 Vol-mageddon + Q4 sell-off,-0.0032334402203559875,-1,-0.002930588787421584,-1,0.002930588787421584,-0.02819376355910208,,,,1,29.30588787421584,-0.008335225284099579,0.0010289637139067054,-0.0032334402203559875,-0.45118622445558054
2018-09-14,fold_5,2018 Vol-mageddon + Q4 sell-off,-0.004826875403523445,-1,-0.014507722109556198,-1,0.014507722109556198,-0.013686041449545883,,,,1,145.07722109556198,-0.0035116299986839294,-0.0015230397693812847,-0.004826875403523445,-2.2365085644815483
2018-09-17,fold_5,2018 Vol-mageddon + Q4 sell-off,-0.004737542942166328,-1,0.008237402886152267,1,-0.008237402886152267,-0.02192344433569815,,,,0,-82.37402886152267,-0.004624318331480026,0.01576199196279049,-0.004737542942166328,1.13579438217693
2018-09-18,fold_5,2018 Vol-mageddon + Q4 sell-off,-0.005748331546783447,-1,-0.0007658004760742188,-1,0.0007658004760742188,-0.02115764385962393,,,,1,7.6580047607421875,-0.008594043552875519,0.00888301432132721,-0.005748331546783447,-0.10237775008834965
2018-09-19,fold_5,2018 Vol-mageddon + Q4 sell-off,-0.005930803716182709,-1,0.010995673015713692,1,-0.010995673015713692,-0.03215331687533762,,,,0,-109.95673015713692,-0.005945280194282532,0.010354790836572647,-0.005930803716182709,1.4784977216211306
2018-09-20,fold_5,2018 Vol-mageddon + Q4 sell-off,-0.0044943057000637054,-1,-0.00548259261995554,-1,0.00548259261995554,-0.026670724255382083,,,,1,54.8259261995554,-0.004185900092124939,0.007789247203618288,-0.0044943057000637054,-0.7042587737554218
2018-09-21,fold_5,2018 Vol-mageddon + Q4 sell-off,-0.004536464810371399,-1,0.002777309622615576,1,-0.002777309622615576,-0.02944803387799766,,,,0,-27.773096226155758,-0.007137168198823929,0.013056525960564613,-0.004536464810371399,0.35270575058628745
2018-09-24,fold_5,2018 Vol-mageddon + Q4 sell-off,-0.006892932578921318,-1,0.0013584248954430223,1,-0.0013584248954430223,-0.03080645877344068,,,,0,-13.584248954430223,-0.002826102077960968,0.01232261210680008,-0.006892932578921318,0.17819671546611277
2018-09-25,fold_5,2018 Vol-mageddon + Q4 sell-off,-0.0041773393750190735,-1,0.0007059755735099316,1,-0.0007059755735099316,-0.03151243434695061,,,,0,-7.059755735099316,-0.004965983331203461,0.008705517277121544,-0.0041773393750190735,0.09691556136553459
2018-09-26,fold_5,2018 Vol-mageddon + Q4 sell-off,-0.004486370831727982,-1,0.00843012984842062,1,-0.00843012984842062,-0.03994256419537123,,,,0,-84.3012984842062,-0.008396066725254059,0.009075534529983997,-0.004486370831727982,1.1581767856288074
2018-09-27,fold_5,2018 Vol-mageddon + Q4 sell-off,-0.0043371617794036865,-1,-0.0002153137611458078,-1,0.0002153137611458078,-0.039727250434225425,,,,1,2.153137611458078,-0.00964968279004097,-0.018739888444542885,-0.0043371617794036865,-0.030463890037563997
2018-09-28,fold_5,2018 Vol-mageddon + Q4 sell-off,-0.004183722659945488,-1,0.002043396234512329,1,-0.002043396234512329,-0.041770646668737754,,,,0,-20.43396234512329,-0.009396187961101532,-0.030826954171061516,-0.004183722659945488,0.28955915449981495
2018-10-01,fold_5,2018 Vol-mageddon + Q4 sell-off,-0.006954912096261978,-1,-0.0022586702834814787,-1,0.0022586702834814787,-0.039511976385256276,,,,1,22.586702834814787,-0.012216407805681229,-0.03899511694908142,-0.006954912096261978,-0.3196605862331189
2018-10-02,fold_5,2018 Vol-mageddon + Q4 sell-off,-0.007406620308756828,-1,0.0010759925935417414,1,-0.0010759925935417414,-0.04058796897879802,,,,0,-10.759925935417414,-0.017174556851387024,-0.0335022509098053,-0.007406620308756828,0.1533092755250861
2018-10-03,fold_5,2018 Vol-mageddon + Q4 sell-off,-0.008168458938598633,-1,-0.019385293126106262,-1,0.019385293126106262,-0.021202675852691755,,,,1,193.85293126106262,-0.010181739926338196,-0.07955434173345566,-0.008168458938598633,-3.032313178191907
2018-10-04,fold_5,2018 Vol-mageddon + Q4 sell-off,-0.009749891236424446,-1,-0.012302380055189133,-1,0.012302380055189133,-0.008900295797502622,,,,1,123.02380055189133,-0.012973681092262268,-0.07264971733093262,-0.009749891236424446,-1.649475386727381
2018-10-05,fold_5,2018 Vol-mageddon + Q4 sell-off,-0.008706824854016304,-1,-0.006124766077846289,-1,0.006124766077846289,-0.0027755297196563333,,,,1,61.24766077846289,-0.011113382875919342,-0.032896917313337326,-0.008706824854016304,-0.7750360940234491
2018-10-08,fold_5,2018 Vol-mageddon + Q4 sell-off,-0.0023436062037944794,-1,0.003234193893149495,1,-0.003234193893149495,-0.0060097236128058285,,,,0,-32.34193893149495,-0.0027835816144943237,-0.03895066678524017,-0.0023436062037944794,0.4050319915801271
2018-10-09,fold_5,2018 Vol-mageddon + Q4 sell-off,-0.00415654294192791,-1,-0.04497610032558441,-1,0.04497610032558441,0.03896637671277858,,,,1,449.7610032558441,-0.0083872489631176,-0.013507483527064323,-0.00415654294192791,-5.74268986795803
2018-10-10,fold_5,2018 Vol-mageddon + Q4 sell-off,0.00624556839466095,1,-0.012480662204325199,-1,-0.012480662204325199,0.026485714508453384,,,,0,-124.80662204325199,-0.0059717074036598206,0.03186367079615593,0.00624556839466095,-0.9804380361378571
2018-10-11,fold_5,2018 Vol-mageddon + Q4 sell-off,0.012201745063066483,1,0.02745041809976101,1,0.02745041809976101,0.05393613260821439,,,,1,274.5041809976101,0.009691540151834488,0.020888805389404297,0.012201745063066483,2.142276908545707
2018-10-12,fold_5,2018 Vol-mageddon + Q4 sell-off,0.0007137507200241089,1,-0.012178515084087849,-1,-0.012178515084087849,0.041757617524126545,,,,0,-121.78515084087849,-0.002789970487356186,-0.007485735230147839,0.0007137507200241089,-0.8580742505676323
2018-10-15,fold_5,2018 Vol-mageddon + Q4 sell-off,0.005078431218862534,1,0.028677375987172127,1,0.028677375987172127,0.07043499351129867,,,,1,286.77375987172127,0.0052688270807266235,0.009823471307754517,0.005078431218862534,2.0363214130848357
2018-10-16,fold_5,2018 Vol-mageddon + Q4 sell-off,-0.0028149038553237915,-1,0.0003950525133404881,1,-0.0003950525133404881,0.07003994099795818,,,,0,-3.9505251334048808,-0.007654041051864624,-0.022540796548128128,-0.0028149038553237915,0.025712687103086888
2018-10-17,fold_5,2018 Vol-mageddon + Q4 sell-off,-0.004479000344872475,-1,-0.023455524817109108,-1,0.023455524817109108,0.09349546581506729,,,,1,234.55524817109108,-0.0011490210890769958,-0.0697828084230423,-0.004479000344872475,-1.526713668475972
2018-10-18,fold_5,2018 Vol-mageddon + Q4 sell-off,-0.0028513148427009583,-1,-0.00092412339290604,-1,0.00092412339290604,0.09441958920797333,,,,1,9.2412339290604,-0.007979892194271088,-0.012317018583416939,-0.0028513148427009583,-0.05758955729145474
2018-10-19,fold_5,2018 Vol-mageddon + Q4 sell-off,0.003608502447605133,1,0.005130691919475794,1,0.005130691919475794,0.09955028112744913,,,,1,51.30691919475794,-0.002626262605190277,-0.037451568990945816,0.003608502447605133,0.3206451188195099
2018-10-22,fold_5,2018 Vol-mageddon + Q4 sell-off,-0.001669425517320633,-1,-0.003686893032863736,-1,0.003686893032863736,0.10323717416031286,,,,1,36.86893032863736,-0.00931394100189209,-0.06337808072566986,-0.001669425517320633,-0.22999663911757656
2018-10-23,fold_5,2018 Vol-mageddon + Q4 sell-off,0.002591259777545929,1,-0.04684695973992348,-1,-0.04684695973992348,0.056390214420389384,,,,0,-468.4695973992348,-0.007493637502193451,-0.04334544390439987,0.002591259777545929,-2.9190838441089455
2018-10-24,fold_5,2018 Vol-mageddon + Q4 sell-off,0.01642734557390213,1,0.03401026502251625,1,0.03401026502251625,0.09040047944290563,,,,1,340.1026502251625,0.005353305488824844,0.026734814047813416,0.01642734557390213,1.77468860016443
2018-10-25,fold_5,2018 Vol-mageddon + Q4 sell-off,0.0018080584704875946,1,-0.026058673858642578,-1,-0.026058673858642578,0.06434180558426306,,,,0,-260.5867385864258,-0.009037543088197708,0.00582903204485774,0.0018080584704875946,-1.2692032756157483
2018-10-26,fold_5,2018 Vol-mageddon + Q4 sell-off,0.006035894155502319,1,-0.02079581841826439,-1,-0.02079581841826439,0.04354598716599867,,,,0,-207.9581841826439,-0.0030635595321655273,0.016188867390155792,0.006035894155502319,-0.9743944970941217
2018-10-29,fold_5,2018 Vol-mageddon + Q4 sell-off,0.018990319222211838,1,0.01634574495255947,1,0.01634574495255947,0.05989173211855814,,,,1,163.4574495255947,0.01850251480937004,0.03450203314423561,0.018990319222211838,0.7484921883353494
2018-10-30,fold_5,2018 Vol-mageddon + Q4 sell-off,0.01889001950621605,1,0.02323329448699951,1,0.02323329448699951,0.08312502660555765,,,,1,232.33294486999512,0.006864041090011597,0.025703391060233116,0.01889001950621605,1.0495600485665344
2018-10-31,fold_5,2018 Vol-mageddon + Q4 sell-off,-0.0005660466849803925,-1,0.013104485347867012,1,-0.013104485347867012,0.07002054125769064,,,,0,-131.04485347867012,-0.01591133326292038,0.03335581719875336,-0.0005660466849803925,0.5763659324773915
2018-11-01,fold_5,2018 Vol-mageddon + Q4 sell-off,-0.0021689049899578094,-1,-0.015698837116360664,-1,0.015698837116360664,0.0857193783740513,,,,1,156.98837116360664,-0.001430962234735489,0.013852041214704514,-0.0021689049899578094,-0.6973882163455799
2018-11-02,fold_5,2018 Vol-mageddon + Q4 sell-off,-0.00817040354013443,-1,-0.002482652897015214,-1,0.002482652897015214,0.08820203127106652,,,,1,24.82652897015214,0.0051411353051662445,0.012555296532809734,-0.00817040354013443,-0.10977283931015479
2018-11-05,fold_5,2018 Vol-mageddon + Q4 sell-off,-0.004394784569740295,-1,0.007547101005911827,1,-0.007547101005911827,0.08065493026515469,,,,0,-75.47101005911827,0.004592534154653549,-0.01568807289004326,-0.004394784569740295,0.33421468347266076
2018-11-06,fold_5,2018 Vol-mageddon + Q4 sell-off,-0.0026985779404640198,-1,0.0308857224881649,1,-0.0308857224881649,0.04976920777698979,,,,0,-308.857224881649,-0.0027005672454833984,-0.022393720224499702,-0.0026985779404640198,1.3646313407784774
2018-11-07,fold_5,2018 Vol-mageddon + Q4 sell-off,-0.0037328675389289856,-1,-0.006399292498826981,-1,0.006399292498826981,0.05616850027581677,,,,1,63.992924988269806,-0.018959764391183853,-0.0609380342066288,-0.0037328675389289856,-0.2987561094118364
2018-11-08,fold_5,2018 Vol-mageddon + Q4 sell-off,-0.007739223539829254,-1,-0.01699558086693287,-1,0.01699558086693287,0.07316408114274964,,,,1,169.9558086693287,-0.020068544894456863,-0.03719615936279297,-0.007739223539829254,-0.7984634592381895
2018-11-09,fold_5,2018 Vol-mageddon + Q4 sell-off,-0.009887812659144402,-1,-0.030726023018360138,-1,0.030726023018360138,0.10389010416110978,,,,1,307.2602301836014,-0.013975102454423904,-0.023716740310192108,-0.009887812659144402,-1.4820286766987243
2018-11-12,fold_5,2018 Vol-mageddon + Q4 sell-off,-0.006875397637486458,-1,0.000841454544570297,1,-0.000841454544570297,0.10304864961653948,,,,0,-8.41454544570297,-0.00413426011800766,-0.026007166132330894,-0.006875397637486458,0.03882904903812807
2018-11-13,fold_5,2018 Vol-mageddon + Q4 sell-off,-0.0024845339357852936,-1,-0.007658591028302908,-1,0.007658591028302908,0.11070724064484239,,,,1,76.58591028302908,0.011458765715360641,-0.044905394315719604,-0.0024845339357852936,-0.3699598816985418
2018-11-14,fold_5,2018 Vol-mageddon + Q4 sell-off,0.002029959112405777,1,0.01734258234500885,1,0.01734258234500885,0.12804982298985124,,,,1,173.4258234500885,0.011714283376932144,-0.029672911390662193,0.002029959112405777,0.8349153533134935
2018-11-15,fold_5,2018 Vol-mageddon + Q4 sell-off,0.0008038356900215149,1,-0.0035161625128239393,-1,-0.0035161625128239393,0.1245336604770273,,,,0,-35.16162512823939,0.0008964501321315765,-0.05427509918808937,0.0008038356900215149,-0.17177737056518852
2018-11-16,fold_5,2018 Vol-mageddon + Q4 sell-off,0.0045689791440963745,1,-0.033016450703144073,-1,-0.033016450703144073,0.09151720977388322,,,,0,-330.16450703144073,0.0160065945237875,-0.027908116579055786,0.0045689791440963745,-1.611867493491997
2018-11-19,fold_5,2018 Vol-mageddon + Q4 sell-off,0.005453087389469147,1,-0.018056772649288177,-1,-0.018056772649288177,0.07346043712459505,,,,0,-180.56772649288177,0.03049987554550171,0.008479170501232147,0.005453087389469147,-0.8304656952937203
2018-11-20,fold_5,2018 Vol-mageddon + Q4 sell-off,0.01053038239479065,1,0.007573891896754503,1,0.007573891896754503,0.08103432902134955,,,,1,75.73891896754503,0.028400307521224022,0.058211855590343475,0.01053038239479065,0.342721089958986
2018-11-21,fold_5,2018 Vol-mageddon + Q4 sell-off,0.0092703215777874,1,-0.007259607780724764,-1,-0.007259607780724764,0.07377472124062479,,,,0,-72.59607780724764,0.019861975684762,0.047372590750455856,0.0092703215777874,-0.37166995530783903
2018-11-23,fold_5,2018 Vol-mageddon + Q4 sell-off,0.014083147048950195,1,0.022850820794701576,1,0.022850820794701576,0.09662554203532636,,,,1,228.50820794701576,0.0319654606282711,0.06186139956116676,0.014083147048950195,1.2649789142725905
2018-11-26,fold_5,2018 Vol-mageddon + Q4 sell-off,0.004489339888095856,1,0.0033708387054502964,1,0.0033708387054502964,0.09999638074077666,,,,1,33.708387054502964,0.0062183476984500885,0.05633609741926193,0.004489339888095856,0.1888876302400691
2018-11-27,fold_5,2018 Vol-mageddon + Q4 sell-off,0.0020403824746608734,1,0.03167591243982315,1,0.03167591243982315,0.1316722931805998,,,,1,316.7591243982315,-0.0036601610481739044,0.013853813521564007,0.0020403824746608734,1.8367398910174983
2018-11-28,fold_5,2018 Vol-mageddon + Q4 sell-off,-0.004150275141000748,-1,-0.0032653752714395523,-1,0.0032653752714395523,0.13493766845203936,,,,1,32.65375271439552,-0.010819226503372192,-0.01078720297664404,-0.004150275141000748,-0.17861348239722183
2018-11-29,fold_5,2018 Vol-mageddon + Q4 sell-off,-0.0030920803546905518,-1,0.007229202892631292,1,-0.007229202892631292,0.12770846555940807,,,,0,-72.29202892631292,0.0027895867824554443,-0.04109470173716545,-0.0030920803546905518,0.4120773526837548
2018-11-30,fold_5,2018 Vol-mageddon + Q4 sell-off,-0.004356997087597847,-1,0.017325518652796745,1,-0.017325518652796745,0.11038294690661132,,,,0,-173.25518652796745,-0.005318507552146912,-0.037905894219875336,-0.004356997087597847,0.997310767714053
2018-12-03,fold_5,2018 Vol-mageddon + Q4 sell-off,-0.002801738679409027,-1,-0.03911144658923149,-1,0.03911144658923149,0.14949439349584281,,,,1,391.1144658923149,-0.017565105110406876,-0.05192564055323601,-0.002801738679409027,-2.241424192443102
2018-12-04,fold_5,2018 Vol-mageddon + Q4 sell-off,-0.0014680549502372742,-1,0.007034897338598967,1,-0.007034897338598967,0.14245949615724385,,,,0,-70.34897338598967,0.00825011357665062,-0.004051308147609234,-0.0014680549502372742,0.3605707093956329
2018-12-06,fold_5,2018 Vol-mageddon + Q4 sell-off,-0.0012755990028381348,-1,-0.03357287496328354,-1,0.03357287496328354,0.1760323711205274,,,,1,335.7287496328354,-0.0023269914090633392,-0.010783231817185879,-0.0012755990028381348,-1.7216083160429345
2018-12-07,fold_5,2018 Vol-mageddon + Q4 sell-off,-0.006081864237785339,-1,0.01041800994426012,1,-0.01041800994426012,0.16561436117626727,,,,0,-104.1800994426012,-0.0007583238184452057,-0.0018603972857818007,-0.006081864237785339,0.5282515780582366
2018-12-10,fold_5,2018 Vol-mageddon + Q4 sell-off,2.8517097234725952e-05,1,0.003305772552266717,1,0.003305772552266717,0.16892013372853398,,,,1,33.05772552266717,-0.0037055350840091705,-0.03519889712333679,2.8517097234725952e-05,0.16689777918986154
2018-12-11,fold_5,2018 Vol-mageddon + Q4 sell-off,0.0040054842829704285,1,0.008762886747717857,1,0.008762886747717857,0.17768302047625184,,,,1,87.62886747717857,-0.005752090364694595,-0.032235823571681976,0.0040054842829704285,0.45045938463094426
2018-12-12,fold_5,2018 Vol-mageddon + Q4 sell-off,0.0007043145596981049,1,0.0003029732615686953,1,0.0003029732615686953,0.17798599373782054,,,,1,3.029732615686953,-0.011171277612447739,-0.06586034595966339,0.0007043145596981049,0.016551644777471525
2018-12-13,fold_5,2018 Vol-mageddon + Q4 sell-off,-0.0011464692652225494,-1,-0.02465003915131092,-1,0.02465003915131092,0.20263603288913146,,,,1,246.5003915131092,-0.017861809581518173,-0.08076487481594086,-0.0011464692652225494,-1.3467111284400528
2018-12-14,fold_5,2018 Vol-mageddon + Q4 sell-off,-0.00028508156538009644,-1,-0.02292048931121826,-1,0.02292048931121826,0.22555652220034972,,,,1,229.20489311218262,-0.00016246363520622253,-0.08759868144989014,-0.00028508156538009644,-1.2038753790062104
2018-12-17,fold_5,2018 Vol-mageddon + Q4 sell-off,0.00047850608825683594,1,0.006268845871090889,1,0.006268845871090889,0.2318253680714406,,,,1,62.68845871090889,0.004192046821117401,-0.08978883922100067,0.00047850608825683594,0.3242801571004377
2018-12-18,fold_5,2018 Vol-mageddon + Q4 sell-off,0.01677991822361946,1,-0.024861635640263557,-1,-0.024861635640263557,0.20696373243117705,,,,0,-248.61635640263557,0.017589526250958443,-0.035490769892930984,0.01677991822361946,-1.283752666124262
2018-12-19,fold_5,2018 Vol-mageddon + Q4 sell-off,0.014248959720134735,1,-0.014601556584239006,-1,-0.014601556584239006,0.19236217584693804,,,,0,-146.01556584239006,0.025992566719651222,-0.006766404490917921,0.014248959720134735,-0.7788662930931695
2018-12-20,fold_5,2018 Vol-mageddon + Q4 sell-off,0.020049069076776505,1,-0.03148384019732475,-1,-0.03148384019732475,0.1608783356496133,,,,0,-314.8384019732475,0.031391143798828125,0.007312349509447813,0.020049069076776505,-1.6930339809025827
2018-12-21,fold_5,2018 Vol-mageddon + Q4 sell-off,0.02148853987455368,1,-0.025110647082328796,-1,-0.025110647082328796,0.1357676885672845,,,,0,-251.10647082328796,0.034616027027368546,0.047193724662065506,0.02148853987455368,-1.2674572673187545
2018-12-24,fold_5,2018 Vol-mageddon + Q4 sell-off,0.024585843086242676,1,0.06056690961122513,1,0.06056690961122513,0.19633459817850962,,,,1,605.6690961122513,0.04681745171546936,0.07631570100784302,0.024585843086242676,2.950446690963408
2018-12-26,fold_5,2018 Vol-mageddon + Q4 sell-off,0.003762517124414444,1,0.0038627306930720806,1,0.0038627306930720806,0.2001973288715817,,,,1,38.627306930720806,0.003017093986272812,-0.017467688769102097,0.003762517124414444,0.1605697928539248
2018-12-27,fold_5,2018 Vol-mageddon + Q4 sell-off,0.007952142506837845,1,-0.0005228033987805247,-1,-0.0005228033987805247,0.19967452547280118,,,,0,-5.228033987805247,0.002116285264492035,0.020564427599310875,0.007952142506837845,-0.021729065604608522
2018-12-28,fold_5,2018 Vol-mageddon + Q4 sell-off,0.008308056741952896,1,0.008397532626986504,1,0.008397532626986504,0.20807205809978768,,,,1,83.97532626986504,0.005932889878749847,0.03292231634259224,0.008308056741952896,0.36520208009465255
2018-12-31,fold_5,2018 Vol-mageddon + Q4 sell-off,0.0015665926039218903,1,0.00401133019477129,1,0.00401133019477129,0.21208338829455897,,,,1,40.1133019477129,-0.0062779709696769714,0.03352988138794899,0.0015665926039218903,0.17395794166586181
2019-01-02,fold_5,2018 Vol-mageddon + Q4 sell-off,-0.008625796064734459,-1,-0.033216480165719986,-1,0.033216480165719986,0.24529986846027896,,,,1,332.16480165719986,-0.020092498511075974,0.03763500228524208,-0.008625796064734459,-1.4429433525971453
2019-01-03,fold_5,2018 Vol-mageddon + Q4 sell-off,0.005167078226804733,1,0.04189484566450119,1,0.04189484566450119,0.28719471412478015,,,,1,418.9484566450119,0.0046898238360881805,0.07370780408382416,0.005167078226804733,1.7546651131761455
2019-01-04,fold_5,2018 Vol-mageddon + Q4 sell-off,-0.004175761714577675,-1,0.011835084296762943,1,-0.011835084296762943,0.2753596298280172,,,,0,-118.35084296762943,-0.009917128831148148,0.028147896751761436,-0.004175761714577675,0.4908543546392967
2019-01-07,fold_5,2018 Vol-mageddon + Q4 sell-off,-0.005786774680018425,-1,0.009005100466310978,1,-0.009005100466310978,0.2663545293617062,,,,0,-90.05100466310978,-0.022695299237966537,0.0074369218200445175,-0.005786774680018425,0.37203579793221414
2019-01-08,fold_5,2018 Vol-mageddon + Q4 sell-off,-0.0065462589263916016,-1,0.008116450160741806,1,-0.008116450160741806,0.2582380792009644,,,,0,-81.16450160741806,-0.015398740768432617,0.01776972971856594,-0.0065462589263916016,0.3513725713332447
2019-01-09,fold_5,2018 Vol-mageddon + Q4 sell-off,-0.009969118982553482,-1,0.0028563211672008038,1,-0.0028563211672008038,0.2553817580337636,,,,0,-28.563211672008038,-0.01788482442498207,0.009468733333051205,-0.009969118982553482,0.12390206631015782
2019-01-10,fold_5,2018 Vol-mageddon + Q4 sell-off,-0.010406924411654472,-1,-0.0036650579422712326,-1,0.0036650579422712326,0.25904681597603485,,,,1,36.650579422712326,-0.012851700186729431,0.014465805143117905,-0.010406924411654472,-0.15900432044947757
2019-01-11,fold_5,2018 Vol-mageddon + Q4 sell-off,-0.00866636075079441,-1,-0.00887589156627655,-1,0.00887589156627655,0.2679227075423114,,,,1,88.7589156627655,-0.011218961328268051,0.027982445433735847,-0.00866636075079441,-0.3862234557550303
2019-01-14,fold_5,2018 Vol-mageddon + Q4 sell-off,-0.0030762702226638794,-1,0.019337907433509827,1,-0.019337907433509827,0.24858480010880157,,,,0,-193.37907433509827,-0.008209120482206345,0.016624685376882553,-0.0030762702226638794,0.8383482210297947
2019-01-15,fold_5,2018 Vol-mageddon + Q4 sell-off,-0.003128793090581894,-1,-0.0001845464576035738,-1,0.0001845464576035738,0.24876934656640515,,,,1,1.845464576035738,-0.01441003754734993,-0.0014171712100505829,-0.003128793090581894,-0.00808987921917732
2019-01-16,fold_5,2018 Vol-mageddon + Q4 sell-off,-0.003403555601835251,-1,0.007853393442928791,1,-0.007853393442928791,0.24091595312347636,,,,0,-78.53393442928791,-0.005121737718582153,0.0052218688651919365,-0.003403555601835251,0.35329712750900966
2019-01-17,fold_5,2018 Vol-mageddon + Q4 sell-off,-0.0029646940529346466,-1,0.009851583279669285,1,-0.009851583279669285,0.23106436984380707,,,,0,-98.51583279669285,-0.008559133857488632,0.009246372617781162,-0.0029646940529346466,0.4426878625243031
2019-01-18,fold_5,2018 Vol-mageddon + Q4 sell-off,-0.004182817414402962,-1,-0.020233651623129845,-1,0.020233651623129845,0.2512980214669369,,,,1,202.33651623129845,0.0020693205296993256,-0.013034457340836525,-0.004182817414402962,-0.9341151823620253
2019-01-22,fold_5,2018 Vol-mageddon + Q4 sell-off,-0.002525411546230316,-1,0.0012960510794073343,1,-0.0012960510794073343,0.2500019703875296,,,,0,-12.960510794073343,0.00121278315782547,-0.002287453506141901,-0.002525411546230316,0.05921816890991798
2019-01-23,fold_5,2018 Vol-mageddon + Q4 sell-off,-0.00018626824021339417,-1,0.006454493384808302,1,-0.006454493384808302,0.24354747700272128,,,,0,-64.54493384808302,-0.0007674954831600189,0.0215363297611475,-0.00018626824021339417,0.31143682154349095
2019-01-24,fold_5,2018 Vol-mageddon + Q4 sell-off,-0.0019051730632781982,-1,0.011877898126840591,1,-0.011877898126840591,0.2316695788758807,,,,0,-118.77898126840591,-0.012267328798770905,0.02993958815932274,-0.0019051730632781982,0.5938378744339285
2019-01-25,fold_5,2018 Vol-mageddon + Q4 sell-off,-0.002349942922592163,-1,-0.012429247610270977,-1,0.012429247610270977,0.24409882648615167,,,,1,124.29247610270977,-0.0034134946763515472,0.013830570504069328,-0.002349942922592163,-0.8309956368039547
2019-01-28,fold_5,2018 Vol-mageddon + Q4 sell-off,0.0017162561416625977,1,-0.009486648254096508,-1,-0.009486648254096508,0.23461217823205516,,,,0,-94.86648254096508,0.0023525357246398926,0.038604870438575745,0.0017162561416625977,-0.62459246102514
2019-01-29,fold_5,2018 Vol-mageddon + Q4 sell-off,0.0028516799211502075,1,0.025119835510849953,1,0.025119835510849953,0.2597320137429051,,,,1,251.19835510849953,0.004182051867246628,0.05690077319741249,0.0028516799211502075,1.6380173508875673
2019-01-30,fold_5,2018 Vol-mageddon + Q4 sell-off,0.00010119378566741943,1,0.01485775038599968,1,0.01485775038599968,0.2745897641289048,,,,1,148.5775038599968,-0.0041601285338401794,0.028794310986995697,0.00010119378566741943,0.9158159736361503
2019-01-31,fold_5,2018 Vol-mageddon + Q4 sell-off,0.0008696503937244415,1,-0.004231119528412819,-1,-0.004231119528412819,0.27035864460049197,,,,0,-42.31119528412819,0.0009582526981830597,0.00041609382606111467,0.0008696503937244415,-0.25587502014519004
2019-02-01,fold_5,2018 Vol-mageddon + Q4 sell-off,-0.0031528249382972717,-1,0.01234505232423544,1,-0.01234505232423544,0.25801359227625653,,,,0,-123.4505232423544,-0.012262582778930664,0.006606902461498976,-0.0031528249382972717,0.8338895394396779
2019-02-04,fold_5,2018 Vol-mageddon + Q4 sell-off,-0.0013632439076900482,-1,0.008809252642095089,1,-0.008809252642095089,0.24920433963416144,,,,0,-88.09252642095089,-0.016041666269302368,-0.006687937770038843,-0.0013632439076900482,0.7471241039746336
2019-02-05,fold_5,2018 Vol-mageddon + Q4 sell-off,-0.0009679235517978668,-1,-0.0029866250697523355,-1,0.0029866250697523355,0.2521909647039138,,,,1,29.866250697523355,-0.009163908660411835,-0.0008191018714569509,-0.0009679235517978668,-0.25619367299360474
2019-02-06,fold_5,2018 Vol-mageddon + Q4 sell-off,-0.0006076395511627197,-1,-0.013520467095077038,-1,0.013520467095077038,0.2657114317989908,,,,1,135.20467095077038,-0.008876804262399673,0.002869384828954935,-0.0006076395511627197,-1.175501688232634
2019-02-07,fold_5,2018 Vol-mageddon + Q4 sell-off,0.0007451176643371582,1,0.001959689659997821,1,0.001959689659997821,0.26767112145898864,,,,1,19.59689659997821,-0.007077604532241821,0.017617112025618553,0.0007451176643371582,0.1667357073202623
2019-02-08,fold_5,2018 Vol-mageddon + Q4 sell-off,0.0029577575623989105,1,-0.0009497877908870578,-1,-0.0009497877908870578,0.2667213336681016,,,,0,-9.497877908870578,-0.0026842914521694183,0.019853880628943443,0.0029577575623989105,-0.08087375287144566
2019-02-11,fold_5,2018 Vol-mageddon + Q4 sell-off,0.0013089440762996674,1,0.014678088948130608,1,0.014678088948130608,0.2813994226162322,,,,1,146.78088948130608,-0.0039032362401485443,0.022779028862714767,0.0013089440762996674,1.2526771766344347
2019-02-12,fold_5,2018 Vol-mageddon + Q4 sell-off,-9.35085117816925e-05,-1,0.0007018616888672113,1,-0.0007018616888672113,0.280697560927365,,,,0,-7.018616888672113,-0.008525654673576355,0.00792672112584114,-9.35085117816925e-05,0.05846206533534345
2019-02-13,fold_5,2018 Vol-mageddon + Q4 sell-off,-0.0028825663030147552,-1,0.001227260334417224,1,-0.001227260334417224,0.27947030059294775,,,,0,-12.27260334417224,-0.009332194924354553,0.0035608201287686825,-0.0028825663030147552,0.10956938104039882
2019-02-14,fold_5,2018 Vol-mageddon + Q4 sell-off,-0.0026813745498657227,-1,0.004196458030492067,1,-0.004196458030492067,0.2752738425624557,,,,0,-41.96458030492067,-0.009067218750715256,0.00970625039190054,-0.0026813745498657227,0.3745484592003061
2019-02-15,fold_5,2018 Vol-mageddon + Q4 sell-off,-0.004056334495544434,-1,0.001975360093638301,1,-0.001975360093638301,0.2732984824688174,,,,0,-19.75360093638301,-0.00044826045632362366,0.009147333912551403,-0.004056334495544434,0.1778756870323239
2019-02-19,fold_5,2018 Vol-mageddon + Q4 sell-off,-0.003222014755010605,-1,-0.00017421865777578205,-1,0.00017421865777578205,0.27347270112659317,,,,1,1.7421865777578205,-0.010442357510328293,0.008208819665014744,-0.003222014755010605,-0.015992804153815002
2019-02-20,fold_5,2018 Vol-mageddon + Q4 sell-off,-0.003080233931541443,-1,-0.0036640395410358906,-1,0.0036640395410358906,0.27713674066762906,,,,1,36.640395410358906,-0.010807279497385025,0.007749252486974001,-0.003080233931541443,-0.3697444191702923
2019-02-21,fold_5,2018 Vol-mageddon + Q4 sell-off,-0.0016058720648288727,-1,0.007372690364718437,1,-0.007372690364718437,0.2697640503029106,,,,0,-73.72690364718437,-0.012054596096277237,0.009106521494686604,-0.0016058720648288727,0.7417759552143991
2019-02-22,fold_5,2018 Vol-mageddon + Q4 sell-off,-0.0032740384340286255,-1,0.0036375417839735746,1,-0.0036375417839735746,0.26612650851893704,,,,0,-36.375417839735746,-0.013356786221265793,0.00863878894597292,-0.0032740384340286255,0.36480757635248523
2019-02-25,fold_5,2018 Vol-mageddon + Q4 sell-off,-0.003081090748310089,-1,0.0010368457296863198,1,-0.0010368457296863198,0.2650896627892507,,,,0,-10.368457296863198,-0.013195745646953583,0.005173328332602978,-0.003081090748310089,0.10749815623397956
2019-02-26,fold_5,2018 Vol-mageddon + Q4 sell-off,-0.0008634142577648163,-1,-0.0006337863160297275,-1,0.0006337863160297275,0.26572344910528045,,,,1,6.337863160297275,-0.009852029383182526,0.004881580825895071,-0.0008634142577648163,-0.06859860697891929
2019-02-27,fold_5,2018 Vol-mageddon + Q4 sell-off,-0.0018622688949108124,-1,-0.002306770533323288,-1,0.002306770533323288,0.26803021963860374,,,,1,23.06770533323288,-0.009387228637933731,-0.00017281183681916445,-0.0018622688949108124,-0.2564972928000794
2019-02-28,fold_5,2018 Vol-mageddon + Q4 sell-off,-0.0008040033280849457,-1,0.006904958747327328,1,-0.006904958747327328,0.2611252608912764,,,,0,-69.04958747327328,-0.009404949843883514,-0.010214511305093765,-0.0008040033280849457,0.9804763321443797
2019-03-01,fold_5,2018 Vol-mageddon + Q4 sell-off,-0.005060086026787758,-1,0.00017208090866915882,1,-0.00017208090866915882,0.26095317998260725,,,,0,-1.7208090866915882,-0.0047913119196891785,-0.018637001514434814,-0.005060086026787758,0.026893411076215196
2019-03-04,fold_5,2018 Vol-mageddon + Q4 sell-off,-0.004157938063144684,-1,0.0007450981065630913,1,-0.0007450981065630913,0.26020808187604416,,,,0,-7.450981065630913,-0.013325177133083344,0.0017753717256709933,-0.004157938063144684,0.11773856278902868
2019-03-05,fold_5,2018 Vol-mageddon + Q4 sell-off,-0.003118138760328293,-1,-0.005688178818672895,-1,0.005688178818672895,0.26589626069471706,,,,1,56.881788186728954,-0.01082608848810196,0.0065093920566141605,-0.003118138760328293,-0.9984404366472546
2019-03-06,fold_5,2018 Vol-mageddon + Q4 sell-off,-0.0016659088432788849,-1,-0.012348470278084278,-1,0.012348470278084278,0.27824473097280134,,,,1,123.48470278084278,-0.00783177837729454,0.01968303509056568,-0.0016659088432788849,-2.2472515457824884
2019-03-07,fold_5,2018 Vol-mageddon + Q4 sell-off,-0.0010912567377090454,-1,-0.0015175314620137215,-1,0.0015175314620137215,0.27976226243481506,,,,1,15.175314620137215,-0.0027059875428676605,0.030335213989019394,-0.0010912567377090454,-0.2482345434549959
2019-03-08,fold_5,2018 Vol-mageddon + Q4 sell-off,0.0031019337475299835,1,0.020584454759955406,1,0.020584454759955406,0.30034671719477046,,,,1,205.84454759955406,0.0019324533641338348,0.041090596467256546,0.0031019337475299835,3.8661865610744894
2019-03-11,fold_5,2018 Vol-mageddon + Q4 sell-off,0.0014237836003303528,1,0.005479118321090937,1,0.005479118321090937,0.3058258355158614,,,,1,54.79118321090937,-0.007097605615854263,0.022885199636220932,0.0014237836003303528,0.7800188928272659
2019-03-12,fold_5,2018 Vol-mageddon + Q4 sell-off,-0.0011570937931537628,-1,0.007485463283956051,1,-0.007485463283956051,0.29834037223190535,,,,0,-74.85463283956051,-0.00469188392162323,0.020762847736477852,-0.0011570937931537628,1.0502638374398423
2019-03-13,fold_5,2018 Vol-mageddon + Q4 sell-off,-0.0015370436012744904,-1,-0.0016962912632152438,-1,0.0016962912632152438,0.3000366634951206,,,,1,16.962912632152438,-0.007831070572137833,0.01723448745906353,-0.0015370436012744904,-0.259205191477666
2019-03-14,fold_5,2018 Vol-mageddon + Q4 sell-off,-0.0016285032033920288,-1,0.009237850084900856,1,-0.009237850084900856,0.29079881341021974,,,,0,-92.37850084900856,-0.007124762982130051,0.03444202244281769,-0.0016285032033920288,1.409647264496538
2019-03-15,fold_5,2018 Vol-mageddon + Q4 sell-off,-0.0018100254237651825,-1,0.0023790590930730104,1,-0.0023790590930730104,0.2884197543171467,,,,0,-23.790590930730104,-0.011271849274635315,0.0029952730983495712,-0.0018100254237651825,0.34651527241994967
2019-03-18,fold_5,2018 Vol-mageddon + Q4 sell-off,-0.0035846643149852753,-1,0.003356766188517213,1,-0.003356766188517213,0.2850629881286295,,,,0,-33.56766188517213,-0.008617918938398361,-0.0012897165725007653,-0.0035846643149852753,0.49204903498740066
2019-03-19,fold_5,2018 Vol-mageddon + Q4 sell-off,-0.0035445578396320343,-1,0.003957103006541729,1,-0.003957103006541729,0.2811058851220878,,,,0,-39.57103006541729,-0.007050763815641403,0.0,-0.0035445578396320343,0.5777674207829703
2019-03-20,fold_5,2018 Vol-mageddon + Q4 sell-off,-0.0012051351368427277,-1,0.015511245466768742,1,-0.015511245466768742,0.26559463965531904,,,,0,-155.11245466768742,-0.00716777890920639,-0.010400827042758465,-0.0012051351368427277,2.2461296638731625
2019-03-21,fold_5,2018 Vol-mageddon + Q4 sell-off,-0.001477852463722229,-1,-0.02220890112221241,-1,0.02220890112221241,0.28780354077753145,,,,1,222.0890112221241,-0.012103408575057983,-0.023610059171915054,-0.001477852463722229,-2.890170330312154
2019-03-22,fold_5,2018 Vol-mageddon + Q4 sell-off,0.0007970072329044342,1,-0.001905930577777326,-1,-0.001905930577777326,0.2858976101997541,,,,0,-19.05930577777326,-0.0021797381341457367,0.006141345482319593,0.0007970072329044342,-0.21178024690818373
2019-03-25,fold_5,2018 Vol-mageddon + Q4 sell-off,0.004519231617450714,1,0.004646482411772013,1,0.004646482411772013,0.29054409261152614,,,,1,46.46482411772013,0.005424533039331436,0.021207502111792564,0.004519231617450714,0.5178372879620403
2019-03-26,fold_5,2018 Vol-mageddon + Q4 sell-off,0.0034786947071552277,1,-0.006443724036216736,-1,-0.006443724036216736,0.2841003685753094,,,,0,-64.43724036216736,0.008607298135757446,0.02034425549209118,0.0034786947071552277,-0.7136034369894386
2019-03-27,fold_5,2018 Vol-mageddon + Q4 sell-off,0.003525298088788986,1,0.0023020142689347267,1,0.0023020142689347267,0.28640238284424413,,,,1,23.020142689347267,0.009213808923959732,0.03251755237579346,0.003525298088788986,0.25177956690205505
2019-03-28,fold_5,2018 Vol-mageddon + Q4 sell-off,0.004113849252462387,1,0.007542503532022238,1,0.007542503532022238,0.29394488637626637,,,,1,75.42503532022238,0.007994316518306732,0.029834916815161705,0.004113849252462387,0.8249561163490199
2019-03-29,fold_5,2018 Vol-mageddon + Q4 sell-off,0.0020180940628051758,1,0.013160225003957748,1,0.013160225003957748,0.3071051113802241,,,,1,131.60225003957748,0.000231131911277771,0.027450084686279297,0.0020180940628051758,1.4354417979438217
2019-04-01,fold_5,2018 Vol-mageddon + Q4 sell-off,0.00027715787291526794,1,0.0037832369562238455,1,0.0037832369562238455,0.31088834833644796,,,,1,37.832369562238455,-0.005283188074827194,0.01683189906179905,0.00027715787291526794,0.3929132302604623
2019-04-02,fold_5,2018 Vol-mageddon + Q4 sell-off,0.002417970448732376,1,0.005729572847485542,1,0.005729572847485542,0.3166179211839335,,,,1,57.29572847485542,0.00015686824917793274,0.009531304240226746,0.002417970448732376,0.5928572924656258
2019-04-03,fold_5,2018 Vol-mageddon + Q4 sell-off,0.00024622678756713867,1,-0.0003806223103310913,-1,-0.0003806223103310913,0.3162372988736024,,,,0,-3.806223103310913,0.0005502551794052124,0.009153859689831734,0.00024622678756713867,-0.03937922860941791
2019-04-04,fold_5,2018 Vol-mageddon + Q4 sell-off,-0.001080576330423355,-1,0.00515767140313983,1,-0.00515767140313983,0.3110796274704626,,,,0,-51.576714031398296,-0.0011431016027927399,0.007159198634326458,-0.001080576330423355,0.5567941972777216
2019-04-05,fold_5,2018 Vol-mageddon + Q4 sell-off,-0.0015943832695484161,-1,0.0025420398451387882,1,-0.0025420398451387882,0.3085375876253238,,,,0,-25.420398451387882,-0.00310361385345459,0.006315842270851135,-0.0015943832695484161,0.2725024093881886
2019-04-08,fold_5,2018 Vol-mageddon + Q4 sell-off,-0.0004671551287174225,-1,-0.0035173578653484583,-1,0.0035173578653484583,0.31205494549067225,,,,1,35.17357865348458,-0.0027572736144065857,0.003935340326279402,-0.0004671551287174225,-0.43243918616901417
2019-04-09,fold_5,2018 Vol-mageddon + Q4 sell-off,-0.00037874653935432434,-1,0.005352128762751818,1,-0.005352128762751818,0.30670281672792044,,,,0,-53.52128762751818,-0.003155320882797241,0.010890415869653225,-0.00037874653935432434,0.6624467096671369
2019-04-10,fold_5,2018 Vol-mageddon + Q4 sell-off,0.0012657679617404938,1,-0.0023752839770168066,-1,-0.0023752839770168066,0.30432753275090363,,,,0,-23.752839770168066,-0.002257898449897766,0.009017187170684338,0.0012657679617404938,-0.29712804898278294
2019-04-11,fold_5,2018 Vol-mageddon + Q4 sell-off,-3.8929283618927e-05,-1,0.004314315505325794,1,-0.004314315505325794,0.30001321724557783,,,,0,-43.14315505325794,-0.008800547569990158,0.012674174271523952,-3.8929283618927e-05,0.5391018631979752
2019-04-12,fold_5,2018 Vol-mageddon + Q4 sell-off,-0.000759027898311615,-1,0.0001615378278074786,1,-0.0001615378278074786,0.29985167941777036,,,,0,-1.615378278074786,-0.009165272116661072,0.011184216476976871,-0.000759027898311615,0.020732427437063147
2019-04-15,fold_5,2018 Vol-mageddon + Q4 sell-off,-0.0015735328197479248,-1,0.0034377172123640776,1,-0.0034377172123640776,0.2964139622054063,,,,0,-34.377172123640776,-0.007850106805562973,0.02366057224571705,-0.0015735328197479248,0.4422379245469731
2019-04-16,fold_5,2018 Vol-mageddon + Q4 sell-off,-0.003896895796060562,-1,0.0034789007622748613,1,-0.0034789007622748613,0.2929350614431314,,,,0,-34.78900762274861,-0.007235772907733917,0.0170652624219656,-0.003896895796060562,0.44743409613884627
2019-04-17,fold_5,2018 Vol-mageddon + Q4 sell-off,-0.006937596946954727,-1,0.001281703356653452,1,-0.001281703356653452,0.29165335808647797,,,,0,-12.81703356653452,-0.014457087963819504,0.017636874690651894,-0.006937596946954727,0.16508748451011285
2019-04-18,fold_5,2018 Vol-mageddon + Q4 sell-off,-0.0055027976632118225,-1,0.002824357245117426,1,-0.002824357245117426,0.28882900084136054,,,,0,-28.24357245117426,-0.009869299829006195,0.01724712736904621,-0.0055027976632118225,0.4062728922046816
2019-04-22,fold_5,2018 Vol-mageddon + Q4 sell-off,-0.004060165956616402,-1,0.012637894600629807,1,-0.012637894600629807,0.27619110624073073,,,,0,-126.37894600629807,-0.007671568542718887,0.016361890360713005,-0.004060165956616402,2.5761801972299163
2019-04-23,fold_5,2018 Vol-mageddon + Q4 sell-off,-0.005315491929650307,-1,-0.0031575928442180157,-1,0.0031575928442180157,0.27934869908494875,,,,1,31.575928442180157,-0.006625264883041382,-0.004054222255945206,-0.005315491929650307,-0.5593278337476337
2019-04-24,fold_5,2018 Vol-mageddon + Q4 sell-off,-0.003504335880279541,-1,0.004050512798130512,1,-0.004050512798130512,0.27529818628681824,,,,0,-40.50512798130512,-0.009300313889980316,-0.004119951277971268,-0.003504335880279541,0.7241279199257808
2019-04-25,fold_5,2018 Vol-mageddon + Q4 sell-off,-0.0031004101037979126,-1,0.0008919559768401086,1,-0.0008919559768401086,0.2744062303099781,,,,0,-8.919559768401086,-0.0048072002828121185,-0.012520142830908298,-0.0031004101037979126,0.16275839997497182
2019-04-26,fold_5,2018 Vol-mageddon + Q4 sell-off,-0.0019154883921146393,-1,0.0019391197711229324,1,-0.0019391197711229324,0.2724671105388552,,,,0,-19.391197711229324,-0.005784798413515091,0.002410326385870576,-0.0019154883921146393,0.3551721476100761
2019-04-29,fold_5,2018 Vol-mageddon + Q4 sell-off,-0.0020985864102840424,-1,-0.007778218016028404,-1,0.007778218016028404,0.2802453285548836,,,,1,77.78218016028404,-0.006580166518688202,-0.005670021288096905,-0.0020985864102840424,-1.4927381154327648
2020-02-14,fold_6,COVID crash and V-recovery,-0.004766089841723442,-1,0.00038334113196469843,1,-0.00038334113196469843,-0.00038334113196469843,,,,0,-3.8334113196469843,-0.023718122392892838,-0.058126457035541534,-0.004766089841723442,0.037054692594182814
2020-02-18,fold_6,COVID crash and V-recovery,-0.006586289033293724,-1,0.009539753198623657,1,-0.009539753198623657,-0.009923094330588356,,,,0,-95.39753198623657,-0.027693506330251694,-0.0860784575343132,-0.006586289033293724,0.9273987048674636
2020-02-19,fold_6,COVID crash and V-recovery,-0.005874261260032654,-1,-0.00932669173926115,-1,0.00932669173926115,-0.0005964025913272053,,,,1,93.2669173926115,-0.02109721675515175,-0.09047750383615494,-0.005874261260032654,-0.8878382572068921
2020-02-20,fold_6,COVID crash and V-recovery,-0.005003439262509346,-1,-0.019396374002099037,-1,0.019396374002099037,0.018799971410771832,,,,1,193.96374002099037,-0.015765447169542313,-0.1325218379497528,-0.005003439262509346,-1.8138145511056467
2020-02-21,fold_6,COVID crash and V-recovery,0.0002806447446346283,1,-0.03932648524641991,-1,-0.03932648524641991,-0.020526513835648075,,,,0,-393.26485246419907,0.008059341460466385,-0.1123478040099144,0.0002806447446346283,-3.4145285841041195
2020-02-24,fold_6,COVID crash and V-recovery,0.006742000579833984,1,-0.02756866067647934,-1,-0.02756866067647934,-0.048095174512127414,,,,0,-275.6866067647934,0.0010222643613815308,-0.022704971954226494,0.006742000579833984,-1.9188995714738115
2020-02-25,fold_6,COVID crash and V-recovery,0.01181129738688469,1,0.005140705965459347,1,0.005140705965459347,-0.04295446854666807,,,,1,51.40705965459347,-0.00023728236556053162,-0.027729181572794914,0.01181129738688469,0.3445345680463664
2020-02-26,fold_6,COVID crash and V-recovery,0.011106610298156738,1,-0.051371023058891296,-1,-0.051371023058891296,-0.09432549160555936,,,,0,-513.710230588913,-0.0025202445685863495,0.008005531504750252,0.011106610298156738,-3.5254205032207495
2020-02-27,fold_6,COVID crash and V-recovery,0.015246886759996414,1,0.0007776540005579591,1,0.0007776540005579591,-0.0935478376050014,,,,1,7.776540005579591,0.009555704891681671,0.02852322906255722,0.015246886759996414,0.041919228265831186
2020-02-28,fold_6,COVID crash and V-recovery,0.014807786792516708,1,0.05031634867191315,1,0.05031634867191315,-0.04323148893308826,,,,1,503.16348671913147,0.02022993378341198,0.010729601606726646,0.014807786792516708,2.714663724904528
2020-03-02,fold_6,COVID crash and V-recovery,0.008025620132684708,1,-0.03259287029504776,-1,-0.03259287029504776,-0.07582435922813602,,,,0,-325.9287029504776,-0.004639163613319397,-0.11158188432455063,0.008025620132684708,-1.524033495503508
2020-03-03,fold_6,COVID crash and V-recovery,0.018358014523983,1,0.04087541997432709,1,0.04087541997432709,-0.03494893925380893,,,,1,408.7541997432709,0.012355633080005646,-0.02596919983625412,0.018358014523983,1.8294166450010205
2020-03-04,fold_6,COVID crash and V-recovery,0.005879204720258713,1,-0.03085332363843918,-1,-0.03085332363843918,-0.06580226289224811,,,,0,-308.5332363843918,0.001117706298828125,-0.11137661337852478,0.005879204720258713,-1.3071079771292768
2020-03-05,fold_6,COVID crash and V-recovery,0.010472197085618973,1,-0.01701597310602665,-1,-0.01701597310602665,-0.08281823599827476,,,,0,-170.1597310602665,0.005663152784109116,-0.17669427394866943,0.010472197085618973,-0.6922464338547529
2020-03-06,fold_6,COVID crash and V-recovery,0.02195315808057785,1,-0.07199513912200928,-1,-0.07199513912200928,-0.15481337512028404,,,,0,-719.9513912200928,0.024189481511712074,-0.07836981117725372,0.02195315808057785,-2.9031253955405036
2020-03-09,fold_6,COVID crash and V-recovery,0.02642850950360298,1,0.05301981791853905,1,0.05301981791853905,-0.10179355720174499,,,,1,530.1981791853905,0.03512297943234444,-0.13396690785884857,0.02642850950360298,1.7942068231919444
2020-03-10,fold_6,COVID crash and V-recovery,0.011653855443000793,1,-0.04453199356794357,-1,-0.04453199356794357,-0.14632555076968856,,,,0,-445.31993567943573,0.009652778506278992,-0.11388345062732697,0.011653855443000793,-1.4036184204922437
2020-03-11,fold_6,COVID crash and V-recovery,0.014887042343616486,1,-0.09617097675800323,-1,-0.09617097675800323,-0.2424965275276918,,,,0,-961.7097675800323,0.021759655326604843,-0.10023970156908035,0.014887042343616486,-2.892143262870561
2020-03-12,fold_6,COVID crash and V-recovery,0.02403804287314415,1,0.08130848407745361,1,0.08130848407745361,-0.16118804345023818,,,,1,813.0848407745361,0.03620827570557594,0.0019156171474605799,0.02403804287314415,2.0563200326309063
2020-03-13,fold_6,COVID crash and V-recovery,0.010546550154685974,1,-0.12759223580360413,-1,-0.12759223580360413,-0.2887802792538423,,,,0,-1275.9223580360413,0.03046947717666626,-0.11935686320066452,0.010546550154685974,-2.9318428061847235
2020-03-16,fold_6,COVID crash and V-recovery,0.025970779359340668,1,0.07310327887535095,1,0.07310327887535095,-0.21567700037849136,,,,1,731.0327887535095,0.03870680555701256,0.008956932462751865,0.025970779359340668,1.4049170246314153
2020-03-17,fold_6,COVID crash and V-recovery,0.028517723083496094,1,-0.03088824450969696,-1,-0.03088824450969696,-0.24656524488818832,,,,0,-308.8824450969696,0.033895865082740784,0.01043920498341322,0.028517723083496094,-0.5663306840910367
2020-03-18,fold_6,COVID crash and V-recovery,0.025644641369581223,1,0.005984340328723192,1,0.005984340328723192,-0.24058090455946513,,,,1,59.84340328723192,0.02266087383031845,0.03389502316713333,0.025644641369581223,0.10893455432192647
2020-03-19,fold_6,COVID crash and V-recovery,0.03325442224740982,1,-0.03996399790048599,-1,-0.03996399790048599,-0.2805449024599511,,,,0,-399.6399790048599,0.011671662330627441,0.07923150807619095,0.03325442224740982,-0.7277839597663036
2020-03-20,fold_6,COVID crash and V-recovery,0.025406107306480408,1,0.0007215568330138922,1,0.0007215568330138922,-0.2798233456269372,,,,1,7.215568330138922,0.020179634913802147,0.08419716358184814,0.025406107306480408,0.013009237616722924
2020-03-23,fold_6,COVID crash and V-recovery,0.03662572056055069,1,0.07458554953336716,1,0.07458554953336716,-0.20523779609357007,,,,1,745.8554953336716,0.00781514123082161,0.11920323222875595,0.03662572056055069,1.3619532583716727
2020-03-24,fold_6,COVID crash and V-recovery,0.0009936019778251648,1,-0.007432425860315561,-1,-0.007432425860315561,-0.21267022195388563,,,,0,-74.32425860315561,-0.01967592164874077,0.03604106232523918,0.0009936019778251648,-0.13059038406955709
2020-03-25,fold_6,COVID crash and V-recovery,-0.0008630193769931793,-1,0.05132082477211952,1,-0.05132082477211952,-0.26399104672600515,,,,0,-513.2082477211952,-0.02357492223381996,5.4859290685271844e-05,-0.0008630193769931793,0.9015247831095355
2020-03-26,fold_6,COVID crash and V-recovery,-0.012281360104680061,-1,-0.034998346120119095,-1,0.034998346120119095,-0.22899270060588606,,,,1,349.98346120119095,-0.02116844430565834,-0.031174037605524063,-0.012281360104680061,-0.6148211832518793
2020-03-27,fold_6,COVID crash and V-recovery,-0.014505136758089066,-1,0.03572762385010719,1,-0.03572762385010719,-0.26472032445599325,,,,0,-357.27623850107193,-0.0053586289286613464,-0.010470139794051647,-0.014505136758089066,0.6217869710557287
2020-03-30,fold_6,COVID crash and V-recovery,-0.004663746803998947,-1,-0.008576614782214165,-1,0.008576614782214165,-0.2561437096737791,,,,1,85.76614782214165,-0.00037825852632522583,0.02285684272646904,-0.004663746803998947,-0.15070272679850347
2020-03-31,fold_6,COVID crash and V-recovery,-0.0049758609384298325,-1,-0.043418630957603455,-1,0.043418630957603455,-0.21272507871617563,,,,1,434.18630957603455,0.003971893340349197,0.031026244163513184,-0.0049758609384298325,-0.7688141008966403
2020-04-01,fold_6,COVID crash and V-recovery,0.0012837052345275879,1,0.02009192667901516,1,0.02009192667901516,-0.19263315203716047,,,,1,200.9192667901516,0.002022217959165573,0.09545475989580154,0.0012837052345275879,0.355171613440864
2020-04-02,fold_6,COVID crash and V-recovery,-0.013361180201172829,-1,-0.014294445514678955,-1,0.014294445514678955,-0.17833870652248152,,,,1,142.94445514678955,-0.03425370529294014,0.07680775225162506,-0.013361180201172829,-0.25377689003712767
2020-04-03,fold_6,COVID crash and V-recovery,-0.016934534534811974,-1,0.06905461102724075,1,-0.06905461102724075,-0.24739331754972227,,,,0,-690.5461102724075,-0.05532896891236305,0.10184760391712189,-0.016934534534811974,1.2267871397796892
2020-04-06,fold_6,COVID crash and V-recovery,-0.03144468367099762,-1,-0.00040721436380408704,-1,0.00040721436380408704,-0.24698610318591818,,,,1,4.07214363804087,-0.07640780508518219,0.07536505907773972,-0.03144468367099762,-0.007258143756962585
2020-04-07,fold_6,COVID crash and V-recovery,-0.026687998324632645,-1,0.021009888499975204,1,-0.021009888499975204,-0.2679959916858934,,,,0,-210.09888499975204,-0.04299115762114525,0.0642361268401146,-0.026687998324632645,0.38312905774086525
2020-04-08,fold_6,COVID crash and V-recovery,-0.012809030711650848,-1,0.0014449184527620673,1,-0.0014449184527620673,-0.26944091013865545,,,,0,-14.449184527620673,-0.043114978820085526,0.06130203232169151,-0.012809030711650848,0.026693376605347516
2020-04-09,fold_6,COVID crash and V-recovery,-0.002139229327440262,-1,0.010745402425527573,1,-0.010745402425527573,-0.280186312564183,,,,0,-107.45402425527573,-0.013109464198350906,0.0693778470158577,-0.002139229327440262,0.2163080765123416
2020-04-13,fold_6,COVID crash and V-recovery,-0.003821399062871933,-1,0.04257206618785858,1,-0.04257206618785858,-0.3227583787520416,,,,0,-425.7206618785858,-0.013988863676786423,0.046717315912246704,-0.003821399062871933,0.9196391109077393
2020-04-14,fold_6,COVID crash and V-recovery,0.005638204514980316,1,-0.011536145582795143,-1,-0.011536145582795143,-0.33429452433483675,,,,0,-115.36145582795143,-0.012593444436788559,-0.03345223888754845,0.005638204514980316,-0.3061814340177442
2020-04-15,fold_6,COVID crash and V-recovery,0.0011599957942962646,1,0.018075792118906975,1,0.018075792118906975,-0.3162187322159298,,,,1,180.75792118906975,-0.01018691435456276,0.007326609455049038,0.0011599957942962646,0.5309427510377467
2020-04-16,fold_6,COVID crash and V-recovery,-0.0010695643723011017,-1,0.00952073186635971,1,-0.00952073186635971,-0.3257394640822895,,,,0,-95.2073186635971,-0.009677592664957047,-0.012884554453194141,-0.0010695643723011017,0.28351655070026416
2020-04-17,fold_6,COVID crash and V-recovery,0.002778206020593643,1,-0.011915127746760845,-1,-0.011915127746760845,-0.33765459182905033,,,,0,-119.15127746760845,0.004165925085544586,-0.006757906638085842,0.002778206020593643,-0.35438838311293325
2020-04-20,fold_6,COVID crash and V-recovery,0.0032479949295520782,1,-0.03759749233722687,-1,-0.03759749233722687,-0.3752520841662772,,,,0,-375.9749233722687,-0.0003395453095436096,0.013168531470000744,0.0032479949295520782,-1.156075156829076
2020-04-21,fold_6,COVID crash and V-recovery,0.0051786936819553375,1,0.029242703691124916,1,0.029242703691124916,-0.3460093804751523,,,,1,292.42703691124916,0.007325850427150726,0.031751591712236404,0.0051786936819553375,0.8705687119503405
2020-04-22,fold_6,COVID crash and V-recovery,0.0028989389538764954,1,-0.002135372254997492,-1,-0.002135372254997492,-0.3481447527301498,,,,0,-21.35372254997492,0.009944546967744827,0.03735563904047012,0.0028989389538764954,-0.07146079430570496
2020-04-23,fold_6,COVID crash and V-recovery,-0.00017982348799705505,-1,0.01564737968146801,1,-0.01564737968146801,-0.3637921324116178,,,,0,-156.4737968146801,-0.0005282983183860779,0.03907999396324158,-0.00017982348799705505,0.524388295378778
2020-04-24,fold_6,COVID crash and V-recovery,-0.00500834546983242,-1,0.00801131036132574,1,-0.00801131036132574,-0.3718034427729435,,,,0,-80.11310361325741,-0.019518118351697922,-0.005157221108675003,-0.00500834546983242,0.28853254756205166
2020-04-27,fold_6,COVID crash and V-recovery,-0.004199700430035591,-1,-0.019014431163668633,-1,0.019014431163668633,-0.3527890116092749,,,,1,190.14431163668633,-0.014771830290555954,-0.0015784892020747066,-0.004199700430035591,-0.7121462546267044
2020-04-28,fold_6,COVID crash and V-recovery,-0.004360802471637726,-1,0.034846752882003784,1,-0.034846752882003784,-0.3876357644912787,,,,0,-348.46752882003784,-0.02093576267361641,0.02870927006006241,-0.004360802471637726,1.349116258860208
2020-04-29,fold_6,COVID crash and V-recovery,-0.005622517317533493,-1,-0.00041101736132986844,-1,0.00041101736132986844,-0.3872247471299488,,,,1,4.110173613298684,-0.012408923357725143,0.0,-0.005622517317533493,-0.015273329603258962
2020-04-30,fold_6,COVID crash and V-recovery,-0.0019317381083965302,-1,-0.02858983725309372,-1,0.02858983725309372,-0.3586349098768551,,,,1,285.8983725309372,-0.012520518153905869,0.013205603696405888,-0.0019317381083965302,-1.139100475499464
2020-05-01,fold_6,COVID crash and V-recovery,-0.0019788555800914764,-1,0.011590042151510715,1,-0.011590042151510715,-0.3702249520283658,,,,0,-115.90042151510715,-0.01233278214931488,0.05540729686617851,-0.0019788555800914764,0.454380527434365
2020-05-04,fold_6,COVID crash and V-recovery,-0.00538351945579052,-1,0.011273329146206379,1,-0.011273329146206379,-0.3814982811745722,,,,0,-112.73329146206379,-0.02929433062672615,0.05271638184785843,-0.00538351945579052,0.4431575926811178
2020-05-05,fold_6,COVID crash and V-recovery,-0.008897751569747925,-1,0.006137482821941376,1,-0.006137482821941376,-0.38763576399651356,,,,0,-61.37482821941376,-0.030792776495218277,0.020283684134483337,-0.008897751569747925,0.3012582525123526
2020-05-06,fold_6,COVID crash and V-recovery,-0.004685882478952408,-1,0.012794585898518562,1,-0.012794585898518562,-0.4004303498950321,,,,0,-127.94585898518562,-0.0384625606238842,0.0015512654790654778,-0.004685882478952408,0.6266082108417178
2020-05-07,fold_6,COVID crash and V-recovery,-0.00515846349298954,-1,0.013611855916678905,1,-0.013611855916678905,-0.41404220581171103,,,,0,-136.11855916678905,-0.030583549290895462,4.5156863052397966e-05,-0.00515846349298954,0.6780198336118983
2020-05-08,fold_6,COVID crash and V-recovery,-0.0014164820313453674,-1,0.008899128064513206,1,-0.008899128064513206,-0.42294133387622423,,,,0,-88.99128064513206,-0.010277651250362396,-0.007096275221556425,-0.0014164820313453674,0.4383214928755762
2020-05-11,fold_6,COVID crash and V-recovery,0.0007501654326915741,1,-0.021159369498491287,-1,-0.021159369498491287,-0.4441007033747155,,,,0,-211.59369498491287,-0.006000172346830368,0.002465191762894392,0.0007501654326915741,-1.0444928112474263
2020-05-12,fold_6,COVID crash and V-recovery,0.004680227488279343,1,-0.012594935484230518,-1,-0.012594935484230518,-0.45669563885894604,,,,0,-125.94935484230518,0.016132624819874763,0.021115215495228767,0.004680227488279343,-0.6809020398622824
2020-05-13,fold_6,COVID crash and V-recovery,0.0077413879334926605,1,0.011288478039205074,1,0.011288478039205074,-0.44540716081974097,,,,1,112.88478039205074,0.02101348713040352,0.053481537848711014,0.0077413879334926605,0.6091367844048735
2020-05-14,fold_6,COVID crash and V-recovery,-0.003399200737476349,-1,0.006470423191785812,1,-0.006470423191785812,-0.4518775840115268,,,,0,-64.70423191785812,-0.008715763688087463,0.031242623925209045,-0.003399200737476349,0.3543286206546096
2020-05-15,fold_6,COVID crash and V-recovery,-0.0002643801271915436,-1,0.018460595980286598,1,-0.018460595980286598,-0.4703381799918134,,,,0,-184.60595980286598,-0.0022725574672222137,0.028218109160661697,-0.0002643801271915436,1.0146429521600169
2020-05-18,fold_6,COVID crash and V-recovery,-0.0017632395029067993,-1,-0.002509345533326268,-1,0.002509345533326268,-0.4678288344584871,,,,1,25.093455333262682,-0.023449327796697617,0.0070541235618293285,-0.0017632395029067993,-0.1358947902996018
2020-05-19,fold_6,COVID crash and V-recovery,-0.0015604086220264435,-1,0.019771385937929153,1,-0.019771385937929153,-0.48760022039641626,,,,0,-197.71385937929153,-0.002581097185611725,0.015006253495812416,-0.0015604086220264435,1.2019011447599568
2020-05-20,fold_6,COVID crash and V-recovery,8.665025234222412e-05,1,-0.010950435884296894,-1,-0.010950435884296894,-0.49855065628071316,,,,0,-109.50435884296894,0.0037533827126026154,-0.006068696733564138,8.665025234222412e-05,-0.6962042515893885
2020-05-21,fold_6,COVID crash and V-recovery,-0.0007417760789394379,-1,0.003445908660069108,1,-0.003445908660069108,-0.5019965649407823,,,,0,-34.45908660069108,0.013661818578839302,0.01942809484899044,-0.0007417760789394379,0.21657318928388547
2020-05-22,fold_6,COVID crash and V-recovery,-7.012113928794861e-05,-1,-0.0027033903170377016,-1,0.0027033903170377016,-0.49929317462374456,,,,1,27.033903170377016,0.010776862502098083,0.018977487459778786,-7.012113928794861e-05,-0.17395546199459244
2020-05-26,fold_6,COVID crash and V-recovery,-0.005636956542730331,-1,0.005442784167826176,1,-0.005442784167826176,-0.5047359587915707,,,,0,-54.42784167826176,0.00797201320528984,0.028366241604089737,-0.005636956542730331,0.3523078665915714
2020-05-27,fold_6,COVID crash and V-recovery,-0.0029559358954429626,-1,-0.00130356359295547,-1,0.00130356359295547,-0.5034323951986153,,,,1,13.0356359295547,0.010164793580770493,0.02741178125143051,-0.0029559358954429626,-0.08747495646310993
2020-05-28,fold_6,COVID crash and V-recovery,0.001472577452659607,1,0.014546356163918972,1,0.014546356163918972,-0.4888860390346963,,,,1,145.46356163918972,0.0074903033673763275,0.02167745679616928,0.001472577452659607,1.144836825768415
2020-05-29,fold_6,COVID crash and V-recovery,0.0016463696956634521,1,0.002995300805196166,1,0.002995300805196166,-0.48589073822950013,,,,1,29.95300805196166,-0.012275557965040207,0.026764295995235443,0.0016463696956634521,0.22837949258839393
2020-06-01,fold_6,COVID crash and V-recovery,0.002703215926885605,1,0.006685362663120031,1,0.006685362663120031,-0.4792053755663801,,,,1,66.85362663120031,-0.006677057594060898,0.03149901330471039,0.002703215926885605,0.5827813231771511
2020-06-02,fold_6,COVID crash and V-recovery,0.0021671466529369354,1,0.004488324746489525,1,0.004488324746489525,-0.4747170508198906,,,,1,44.88324746489525,-0.0073480866849422455,0.032032568007707596,0.0021671466529369354,0.3980972830499163
2020-06-03,fold_6,COVID crash and V-recovery,0.0008734911680221558,1,-0.007037887815386057,-1,-0.007037887815386057,-0.48175493863527663,,,,0,-70.37887815386057,-0.011376343667507172,0.03947428986430168,0.0008734911680221558,-0.6377926107384717
2020-06-04,fold_6,COVID crash and V-recovery,-0.0018149763345718384,-1,0.01963319443166256,1,-0.01963319443166256,-0.5013881330669392,,,,0,-196.3319443166256,0.002457261085510254,-0.0043064602650702,-0.0018149763345718384,1.7748960173917738
2020-06-05,fold_6,COVID crash and V-recovery,-0.009300637990236282,-1,0.00773001741617918,1,-0.00773001741617918,-0.5091181504831184,,,,0,-77.3001741617918,0.00034771114587783813,-0.016023224219679832,-0.009300637990236282,0.6691537153486794
2020-06-08,fold_6,COVID crash and V-recovery,-0.005501266568899155,-1,0.007218916900455952,1,-0.007218916900455952,-0.5163370673835743,,,,0,-72.18916900455952,0.009350001811981201,-0.011659504845738411,-0.005501266568899155,0.6401453804806366
2020-06-09,fold_6,COVID crash and V-recovery,-0.0008760504424571991,-1,0.01193004846572876,1,-0.01193004846572876,-0.5282671158493031,,,,0,-119.3004846572876,0.0038818717002868652,-0.0018512934911996126,-0.0008760504424571991,1.0635877806641232
2020-06-10,fold_6,COVID crash and V-recovery,0.007324971258640289,1,-0.050818637013435364,-1,-0.050818637013435364,-0.5790857528627384,,,,0,-508.18637013435364,-0.007108379155397415,-0.01061584148555994,0.007324971258640289,-4.833366497560921
2020-06-11,fold_6,COVID crash and V-recovery,-0.0005918629467487335,-1,0.007916430942714214,1,-0.007916430942714214,-0.5870021838054527,,,,0,-79.16430942714214,-0.04301409795880318,0.04290812090039253,-0.0005918629467487335,0.5200283997094477
2020-06-12,fold_6,COVID crash and V-recovery,-0.0029175058007240295,-1,0.012093736790120602,1,-0.012093736790120602,-0.5990959205955733,,,,0,-120.93736790120602,-0.018469784408807755,0.0348283015191555,-0.0029175058007240295,0.8000435567549711
2020-06-15,fold_6,COVID crash and V-recovery,-0.004054266959428787,-1,0.017027128487825394,1,-0.017027128487825394,-0.6161230490833987,,,,0,-170.27128487825394,-0.012211877852678299,0.03465566039085388,-0.004054266959428787,1.1137561430626872
2020-06-16,fold_6,COVID crash and V-recovery,-0.0046447403728961945,-1,0.0031655009370297194,1,-0.0031655009370297194,-0.6192885500204284,,,,0,-31.655009370297194,-0.014575108885765076,0.026103550568223,-0.0046447403728961945,0.20819354101787516
2020-06-17,fold_6,COVID crash and V-recovery,-0.004717951640486717,-1,0.002705324674025178,1,-0.002705324674025178,-0.6219938746944536,,,,0,-27.05324674025178,-0.020365212112665176,0.002107067499309778,-0.004717951640486717,0.1778563538394904
2020-06-18,fold_6,COVID crash and V-recovery,0.0014095604419708252,1,-0.00016339019930455834,-1,-0.00016339019930455834,-0.6221572648937581,,,,0,-1.6339019930455834,-0.001279931515455246,0.008876042440533638,0.0014095604419708252,-0.011216744710318296
2020-06-19,fold_6,COVID crash and V-recovery,-0.0002449452877044678,-1,0.01192109752446413,1,-0.01192109752446413,-0.6340783624182222,,,,0,-119.2109752446413,-0.0038891807198524475,-0.01485886238515377,-0.0002449452877044678,0.8301943175953945
2020-06-22,fold_6,COVID crash and V-recovery,0.001880846917629242,1,0.008475018665194511,1,0.008475018665194511,-0.6256033437530277,,,,1,84.75018665194511,-0.006803993135690689,-0.01593226008117199,0.001880846917629242,0.5811019860795387
2020-06-23,fold_6,COVID crash and V-recovery,-0.001830320805311203,-1,-0.02083098329603672,-1,0.02083098329603672,-0.604772360456991,,,,1,208.3098329603672,-0.005465202033519745,-0.004995599389076233,-0.001830320805311203,-1.4175974704980616
2020-06-24,fold_6,COVID crash and V-recovery,0.0022267550230026245,1,0.009474299848079681,1,0.009474299848079681,-0.5952980606089113,,,,1,94.74299848079681,0.00011267885565757751,0.02743980661034584,0.0022267550230026245,0.6165341995312399
2020-06-25,fold_6,COVID crash and V-recovery,0.0007185637950897217,1,-0.023898296058177948,-1,-0.023898296058177948,-0.6191963566670893,,,,0,-238.98296058177948,-0.0005726590752601624,0.02472933940589428,0.0007185637950897217,-1.5408676806680528
2020-06-26,fold_6,COVID crash and V-recovery,0.004499003291130066,1,0.010847700759768486,1,0.010847700759768486,-0.6083486559073208,,,,1,108.47700759768486,0.0012088380753993988,0.07291491329669952,0.004499003291130066,0.6746617427209867
2020-06-29,fold_6,COVID crash and V-recovery,0.006062772125005722,1,0.01941167749464512,1,0.01941167749464512,-0.5889369784126757,,,,1,194.1167749464512,0.00746946781873703,0.05515451729297638,0.006062772125005722,1.1947957833765366
2020-06-30,fold_6,COVID crash and V-recovery,-0.0011086836457252502,-1,0.011604422703385353,1,-0.011604422703385353,-0.600541401116061,,,,0,-116.04422703385353,-0.0015634484589099884,0.048828642815351486,-0.0011086836457252502,0.692796584541074
2020-07-01,fold_6,COVID crash and V-recovery,-1.7277896404266357e-05,-1,0.00676383264362812,1,-0.00676383264362812,-0.6073052337596891,,,,0,-67.6383264362812,-0.006929770112037659,0.04561207443475723,-1.7277896404266357e-05,0.39974959804786203
2020-07-02,fold_6,COVID crash and V-recovery,-0.003491640090942383,-1,0.024287275969982147,1,-0.024287275969982147,-0.6315925097296713,,,,0,-242.87275969982147,-0.017423134297132492,0.04565257206559181,-0.003491640090942383,1.4358778581058032
2020-07-06,fold_6,COVID crash and V-recovery,-0.0027904175221920013,-1,-0.006912693381309509,-1,0.006912693381309509,-0.6246798163483618,,,,1,69.12693381309509,-0.016194574534893036,0.0005803222302347422,-0.0027904175221920013,-0.40157268428087856
2020-07-07,fold_6,COVID crash and V-recovery,-0.0018450208008289337,-1,0.01308580581098795,1,-0.01308580581098795,-0.6377656221593497,,,,0,-130.8580581098795,-0.016838237643241882,0.014546205289661884,-0.0018450208008289337,0.760950319818398
2020-07-08,fold_6,COVID crash and V-recovery,-0.0018083490431308746,-1,0.008387851528823376,1,-0.008387851528823376,-0.6461534736881731,,,,0,-83.87851528823376,-0.020961996167898178,0.0034939206670969725,-0.0018083490431308746,0.4829213491086964
2020-07-09,fold_6,COVID crash and V-recovery,-0.004970792680978775,-1,0.006804332137107849,1,-0.006804332137107849,-0.652957805825281,,,,0,-68.04332137107849,-0.021031122654676437,-0.01173989288508892,-0.004970792680978775,0.39410950525264227
2020-07-10,fold_6,COVID crash and V-recovery,-0.0025167949497699738,-1,-0.020784974098205566,-1,0.020784974098205566,-0.6321728317270754,,,,1,207.84974098205566,-0.010528869926929474,-0.017386941239237785,-0.0025167949497699738,-1.5882076019087286
2020-07-13,fold_6,COVID crash and V-recovery,-0.0035626739263534546,-1,0.007053189445286989,1,-0.007053189445286989,-0.6392260211723624,,,,0,-70.53189445286989,-0.006076522171497345,0.031374141573905945,-0.0035626739263534546,0.5120446139780346
2020-07-14,fold_6,COVID crash and V-recovery,0.00029904767870903015,1,0.0020335218869149685,1,0.0020335218869149685,-0.6371924992854474,,,,1,20.335218869149685,-0.00669599324464798,0.013845482841134071,0.00029904767870903015,0.14954269287114882
2020-07-15,fold_6,COVID crash and V-recovery,-7.156282663345337e-06,-1,-0.006845961790531874,-1,0.006845961790531874,-0.6303465374949155,,,,1,68.45961790531874,-0.008024286478757858,0.01532869040966034,-7.156282663345337e-06,-0.5241009812391734
2020-07-16,fold_6,COVID crash and V-recovery,0.0003766678273677826,1,0.0011572843650355935,1,0.0011572843650355935,-0.6291892531298799,,,,1,11.572843650355935,-0.003396216779947281,-0.004292608238756657,0.0003766678273677826,0.08812283189001813
2020-07-17,fold_6,COVID crash and V-recovery,0.0032363608479499817,1,0.027976106852293015,1,0.027976106852293015,-0.6012131462775869,,,,1,279.76106852293015,0.004967194050550461,-0.01499137282371521,0.0032363608479499817,2.132123708338193
2020-07-20,fold_6,COVID crash and V-recovery,-0.0012998171150684357,-1,-0.010475467890501022,-1,0.010475467890501022,-0.5907376783870859,,,,1,104.75467890501022,-0.01709713414311409,-0.025281477719545364,-0.0012998171150684357,-0.7206510227050099
2020-07-21,fold_6,COVID crash and V-recovery,-0.003571808338165283,-1,0.0035167301539331675,1,-0.0035167301539331675,-0.5942544085410191,,,,0,-35.167301539331675,-0.015260715037584305,-0.027612756937742233,-0.003571808338165283,0.24286262614215368
2020-07-22,fold_6,COVID crash and V-recovery,-0.0005887150764465332,-1,-0.026467259973287582,-1,0.026467259973287582,-0.5677871485677315,,,,1,264.6725997328758,-0.026129934936761856,-0.019669238477945328,-0.0005887150764465332,-1.8409053843650716
2020-07-23,fold_6,COVID crash and V-recovery,0.00031008198857307434,1,-0.009541480801999569,-1,-0.009541480801999569,-0.5773286293697311,,,,0,-95.41480801999569,-0.010273642838001251,0.012019885703921318,0.00031008198857307434,-0.6432334964953011
2020-07-24,fold_6,COVID crash and V-recovery,0.00019352883100509644,1,0.01768600009381771,1,0.01768600009381771,-0.5596426292759134,,,,1,176.8600009381771,-0.0160825252532959,0.03924935311079025,0.00019352883100509644,1.1921186983156284
2020-07-27,fold_6,COVID crash and V-recovery,-0.0005291067063808441,-1,-0.012806747108697891,-1,0.012806747108697891,-0.5468358821672155,,,,1,128.0674710869789,-0.0165824294090271,0.034980401396751404,-0.0005291067063808441,-0.8897363445671662
2020-07-28,fold_6,COVID crash and V-recovery,-0.0003360770642757416,-1,0.011460249312222004,1,-0.011460249312222004,-0.5582961314794375,,,,0,-114.60249312222004,-0.015180323272943497,0.05149209499359131,-0.0003360770642757416,0.7917747031445751
2020-07-29,fold_6,COVID crash and V-recovery,-0.003315873444080353,-1,0.0052218628115952015,1,-0.0052218628115952015,-0.5635179942910327,,,,0,-52.218628115952015,-0.026457998901605606,0.042506542056798935,-0.003315873444080353,0.3718284970110825
2020-07-30,fold_6,COVID crash and V-recovery,-0.0032525397837162018,-1,0.01768798753619194,1,-0.01768798753619194,-0.5812059818272246,,,,0,-176.8798753619194,-0.0285249762237072,0.05044260248541832,-0.0032525397837162018,1.2769965562045513
2020-07-31,fold_6,COVID crash and V-recovery,-0.0022452622652053833,-1,0.013417048379778862,1,-0.013417048379778862,-0.5946230302070035,,,,0,-134.17048379778862,-0.027514848858118057,0.021145181730389595,-0.0022452622652053833,0.9366016124301634
2020-08-03,fold_6,COVID crash and V-recovery,-0.0059625376015901566,-1,0.003704946953803301,1,-0.003704946953803301,-0.5983279771608068,,,,0,-37.04946953803301,-0.031368356198072433,0.0034460306633263826,-0.0059625376015901566,0.27259952974596996
2020-08-04,fold_6,COVID crash and V-recovery,-0.001270253211259842,-1,0.0024746968410909176,1,-0.0024746968410909176,-0.6008026740018977,,,,0,-24.746968410909176,-0.01720462366938591,-0.01938198134303093,-0.001270253211259842,0.18292635050540385
2020-08-05,fold_6,COVID crash and V-recovery,0.00023407116532325745,1,0.013157923705875874,1,0.013157923705875874,-0.5876447502960218,,,,1,131.57923705875874,-0.010104469954967499,0.0029841316863894463,0.00023407116532325745,0.9953246352301299
2020-08-06,fold_6,COVID crash and V-recovery,0.0015095658600330353,1,-0.011609433218836784,-1,-0.011609433218836784,-0.5992541835148586,,,,0,-116.09433218836784,-0.00761006772518158,-0.00789579376578331,0.0015095658600330353,-0.8655564505121134
2020-08-07,fold_6,COVID crash and V-recovery,-0.0027047619223594666,-1,-0.004282103851437569,-1,0.004282103851437569,-0.594972079663421,,,,1,42.82103851437569,-0.01555786281824112,0.002538258209824562,-0.0027047619223594666,-0.315403274167436
2020-08-10,fold_6,COVID crash and V-recovery,0.0011313147842884064,1,-0.01912306621670723,-1,-0.01912306621670723,-0.6140951458801283,,,,0,-191.2306621670723,-0.005891710519790649,0.018364673480391502,0.0011313147842884064,-1.4949017218268141
2020-08-11,fold_6,COVID crash and V-recovery,-0.008274083957076073,-1,0.024840809404850006,1,-0.024840809404850006,-0.6389359552849783,,,,0,-248.40809404850006,-0.010116398334503174,0.04706699773669243,-0.008274083957076073,1.854425462059186
2020-08-12,fold_6,COVID crash and V-recovery,-0.0033756569027900696,-1,0.002277998486533761,1,-0.002277998486533761,-0.641213953771512,,,,0,-22.77998486533761,-0.020100940018892288,0.015475744381546974,-0.0033756569027900696,0.1571654526123982
2020-08-13,fold_6,COVID crash and V-recovery,-0.004680996760725975,-1,-0.0011753810103982687,-1,0.0011753810103982687,-0.6400385727611138,,,,1,11.753810103982687,-0.017168398946523666,0.026974011212587357,-0.004680996760725975,-0.08149801908205123
2020-08-14,fold_6,COVID crash and V-recovery,-0.00863761268556118,-1,0.011544312350451946,1,-0.011544312350451946,-0.6515828851115657,,,,0,-115.44312350451946,-0.022717785090208054,0.03505614399909973,-0.00863761268556118,0.8004500661944717
2020-08-17,fold_6,COVID crash and V-recovery,-0.004329519346356392,-1,0.009579257108271122,1,-0.009579257108271122,-0.6611621422198368,,,,0,-95.79257108271122,-0.019384969025850296,0.029736364260315895,-0.004329519346356392,0.7230246261558297
2020-08-18,fold_6,COVID crash and V-recovery,-0.006190299987792969,-1,-0.006750442553311586,-1,0.006750442553311586,-0.6544116996665252,,,,1,67.50442553311586,-0.02452223375439644,0.027988793328404427,-0.006190299987792969,-0.510820204822413
2020-08-19,fold_6,COVID crash and V-recovery,-0.008385593071579933,-1,0.013776266016066074,1,-0.013776266016066074,-0.6681879656825913,,,,0,-137.76266016066074,-0.029759932309389114,0.05585353076457977,-0.008385593071579933,1.037559246659717
2020-08-20,fold_6,COVID crash and V-recovery,-0.008235359564423561,-1,0.0069067515432834625,1,-0.0069067515432834625,-0.6750947172258748,,,,0,-69.06751543283463,-0.02639695629477501,0.038955897092819214,-0.008235359564423561,0.5625156236933915
2020-08-21,fold_6,COVID crash and V-recovery,-0.005790695548057556,-1,0.006224532146006823,1,-0.006224532146006823,-0.6813192493718816,,,,0,-62.245321460068226,-0.013465821743011475,0.0371214896440506,-0.005790695548057556,0.5106356876868382
2020-08-24,fold_6,COVID crash and V-recovery,-0.004526499658823013,-1,0.007831685245037079,1,-0.007831685245037079,-0.6891509346169187,,,,0,-78.31685245037079,-0.017954576760530472,0.038897957652807236,-0.004526499658823013,0.6743238686894301
2020-08-25,fold_6,COVID crash and V-recovery,-0.005554456263780594,-1,0.021114297211170197,1,-0.021114297211170197,-0.7102652318280889,,,,0,-211.14297211170197,-0.015809081494808197,0.04801339656114578,-0.005554456263780594,1.8535998038712649
2020-08-26,fold_6,COVID crash and V-recovery,-0.005355849862098694,-1,-0.003121370915323496,-1,0.003121370915323496,-0.7071438609127654,,,,1,31.21370915323496,-0.013082683086395264,0.036324240267276764,-0.005355849862098694,-0.2587895593319744
2020-08-27,fold_6,COVID crash and V-recovery,-0.0046586282551288605,-1,0.005072346422821283,1,-0.005072346422821283,-0.7122162073355867,,,,0,-50.72346422821283,-0.009837575256824493,-0.012585151940584183,-0.0046586282551288605,0.42181512853870085
2020-08-28,fold_6,COVID crash and V-recovery,-0.0023230500519275665,-1,0.008001000620424747,1,-0.008001000620424747,-0.7202172079560114,,,,0,-80.01000620424747,-0.007479280233383179,-0.03107313998043537,-0.0023230500519275665,0.7010740917333799
2020-08-31,fold_6,COVID crash and V-recovery,-0.004597995430231094,-1,0.016947124153375626,1,-0.016947124153375626,-0.737164332109387,,,,0,-169.47124153375626,-0.01642979308962822,-0.08833174407482147,-0.004597995430231094,1.519174036231336
2020-09-01,fold_6,COVID crash and V-recovery,-0.005450408905744553,-1,0.009425140917301178,1,-0.009425140917301178,-0.7465894730266882,,,,0,-94.25140917301178,-0.02044244483113289,-0.07632622867822647,-0.005450408905744553,0.8019761973282619
2020-09-02,fold_6,COVID crash and V-recovery,-0.004337923601269722,-1,-0.052030764520168304,-1,0.052030764520168304,-0.6945587085065199,,,,1,520.307645201683,-0.025042284280061722,-0.10588965564966202,-0.004337923601269722,-4.362421233254415
2020-09-03,fold_6,COVID crash and V-recovery,-0.00794854573905468,-1,-0.013415642082691193,-1,0.013415642082691193,-0.6811430664238287,,,,1,134.15642082691193,-0.02244884893298149,-0.0608224980533123,-0.00794854573905468,-0.8180304219831065
2020-09-04,fold_6,COVID crash and V-recovery,-0.01046261377632618,-1,-0.04925760254263878,-1,0.04925760254263878,-0.6318854638811899,,,,1,492.5760254263878,-0.013181697577238083,-0.03014158084988594,-0.01046261377632618,-2.99098501352186
2020-09-08,fold_6,COVID crash and V-recovery,0.009181827306747437,1,0.028952637687325478,1,0.028952637687325478,-0.6029328261938645,,,,1,289.5263768732548,0.00856129452586174,0.033189885318279266,0.009181827306747437,1.4630448928429223
2020-09-09,fold_6,COVID crash and V-recovery,0.006571367383003235,1,-0.020138287916779518,-1,-0.020138287916779518,-0.623071114110644,,,,0,-201.38287916779518,0.007411744445562363,-0.011837474070489407,0.006571367383003235,-0.9882583616877233
2020-09-10,fold_6,COVID crash and V-recovery,0.0008470192551612854,1,-0.006963605526834726,-1,-0.006963605526834726,-0.6300347196374787,,,,0,-69.63605526834726,-0.004792060703039169,-0.007444728631526232,0.0008470192551612854,-0.3461658618806676
2020-09-11,fold_6,COVID crash and V-recovery,0.003139641135931015,1,0.017265276983380318,1,0.017265276983380318,-0.6127694426540984,,,,1,172.65276983380318,0.004619751125574112,-0.01332566887140274,0.003139641135931015,0.8559825585801524
2020-09-14,fold_6,COVID crash and V-recovery,-0.006927439942955971,-1,0.014073864556849003,1,-0.014073864556849003,-0.6268433072109474,,,,0,-140.73864556849003,-0.00919543206691742,-0.028195757418870926,-0.006927439942955971,0.6853734804594767
2020-09-15,fold_6,COVID crash and V-recovery,-0.003359425812959671,-1,-0.01607472263276577,-1,0.01607472263276577,-0.6107685845781816,,,,1,160.7472263276577,-0.03285538777709007,-0.023861397057771683,-0.003359425812959671,-0.7798215646588044
2020-09-16,fold_6,COVID crash and V-recovery,-0.008171137422323227,-1,-0.01574554108083248,-1,0.01574554108083248,-0.5950230434973491,,,,1,157.4554108083248,-0.024843621999025345,-0.03879699110984802,-0.008171137422323227,-0.7564717033725888
2020-09-17,fold_6,COVID crash and V-recovery,-0.009518913924694061,-1,-0.01284454483538866,-1,0.01284454483538866,-0.5821784986619605,,,,1,128.4454483538866,-0.016932830214500427,-0.018405728042125702,-0.009518913924694061,-0.6100156525437823
2020-09-18,fold_6,COVID crash and V-recovery,-0.0050385333597660065,-1,0.0023951882030814886,1,-0.0023951882030814886,-0.584573686865042,,,,0,-23.951882030814886,-0.0015080533921718597,0.017421115189790726,-0.0050385333597660065,0.11391217076698176
2020-09-21,fold_6,COVID crash and V-recovery,-0.006949663162231445,-1,0.01840822398662567,1,-0.01840822398662567,-0.6029819108516676,,,,0,-184.0822398662567,-0.02448304370045662,0.035582274198532104,-0.006949663162231445,0.8775572328014063
2020-09-22,fold_6,COVID crash and V-recovery,-0.008226949721574783,-1,-0.03101031668484211,-1,0.03101031668484211,-0.5719715941668255,,,,1,310.1031668484211,-0.025650139898061752,0.012654685415327549,-0.008226949721574783,-1.4537438731940597
2020-09-23,fold_6,COVID crash and V-recovery,-0.0013746470212936401,-1,0.0046457210555672646,1,-0.0046457210555672646,-0.5766173152223928,,,,0,-46.457210555672646,-0.004860375076532364,0.050490401685237885,-0.0013746470212936401,0.20775431739486164
2020-09-24,fold_6,COVID crash and V-recovery,0.000263456255197525,1,0.022982297465205193,1,0.022982297465205193,-0.5536350177571876,,,,1,229.82297465205193,0.0007521212100982666,0.061592526733875275,0.000263456255197525,1.0502742819316198
2020-09-25,fold_6,COVID crash and V-recovery,-0.007007962092757225,-1,0.02055634744465351,1,-0.02055634744465351,-0.5741913652018411,,,,0,-205.5634744465351,-0.019610170274972916,0.010075737722218037,-0.007007962092757225,0.9149699726863618
2020-09-28,fold_6,COVID crash and V-recovery,-0.012521812692284584,-1,-0.004519365727901459,-1,0.004519365727901459,-0.5696719994739396,,,,1,45.19365727901459,-0.03236899897456169,0.010621445253491402,-0.012521812692284584,-0.1973176015235255
2020-09-29,fold_6,COVID crash and V-recovery,-0.005426762625575066,-1,0.0068253991194069386,1,-0.0068253991194069386,-0.5764973985933466,,,,0,-68.25399119406939,-0.004651859402656555,-0.002867152215912938,-0.005426762625575066,0.298621087736763
2020-09-30,fold_6,COVID crash and V-recovery,-0.0044716112315654755,-1,0.01574784703552723,1,-0.01574784703552723,-0.5922452456288738,,,,0,-157.4784703552723,-0.010709121823310852,0.007458656560629606,-0.0044716112315654755,0.697064423708603
2020-10-01,fold_6,COVID crash and V-recovery,0.0003259293735027313,1,-0.02853449247777462,-1,-0.02853449247777462,-0.6207797381066484,,,,0,-285.3449247777462,-0.010036196559667587,-0.0029803828801959753,0.0003259293735027313,-1.2533205081188008
2020-10-02,fold_6,COVID crash and V-recovery,-0.0022924505174160004,-1,0.02110205590724945,1,-0.02110205590724945,-0.6418817940138979,,,,0,-211.0205590724945,0.01292407140135765,0.04071858525276184,-0.0022924505174160004,1.0251783952435474
2020-10-05,fold_6,COVID crash and V-recovery,-0.0022982843220233917,-1,-0.01800796203315258,-1,0.01800796203315258,-0.6238738319807453,,,,1,180.0796203315258,-0.002254810184240341,0.0500197559595108,-0.0022982843220233917,-0.8614788499208522
2020-10-06,fold_6,COVID crash and V-recovery,0.0020657964050769806,1,0.017151206731796265,1,0.017151206731796265,-0.606722625248949,,,,1,171.51206731796265,0.0090208500623703,0.06799398362636566,0.0020657964050769806,0.9414975943994984
2020-10-07,fold_6,COVID crash and V-recovery,-0.008349044248461723,-1,0.005308808758854866,1,-0.005308808758854866,-0.6120314340078039,,,,0,-53.08808758854866,0.002562243491411209,0.0424555167555809,-0.008349044248461723,0.30415484714686564
2020-10-08,fold_6,COVID crash and V-recovery,-0.0026664361357688904,-1,0.015164476819336414,1,-0.015164476819336414,-0.6271959108271403,,,,0,-151.64476819336414,0.028078723698854446,0.03041280247271061,-0.0026664361357688904,0.8970329885777675
2020-10-09,fold_6,COVID crash and V-recovery,-0.0036989599466323853,-1,0.030403228476643562,1,-0.030403228476643562,-0.6575991393037839,,,,0,-304.0322847664356,0.00298265740275383,0.009752639569342136,-0.0036989599466323853,1.770571887040376
2020-10-12,fold_6,COVID crash and V-recovery,0.0014507286250591278,1,-3.373719300725497e-05,-1,-3.373719300725497e-05,-0.6576328764967911,,,,0,-0.33737193007254973,-0.011636737734079361,-0.037110790610313416,0.0014507286250591278,-0.0018680407759308338
2020-10-13,fold_6,COVID crash and V-recovery,0.0032142065465450287,1,-0.00838725920766592,-1,-0.00838725920766592,-0.6660201357044571,,,,0,-83.8725920766592,-0.0028464198112487793,-0.03492961823940277,0.0032142065465450287,-0.4716208204510821
2020-10-14,fold_6,COVID crash and V-recovery,0.001491360366344452,1,-0.006733904592692852,-1,-0.006733904592692852,-0.6727540402971499,,,,0,-67.33904592692852,-0.010045468807220459,-0.0273162629455328,0.001491360366344452,-0.38440893439136203
2020-10-15,fold_6,COVID crash and V-recovery,0.0006383918225765228,1,-0.005495686549693346,-1,-0.005495686549693346,-0.6782497268468433,,,,0,-54.95686549693346,-0.01236484944820404,-0.020617766305804253,0.0006383918225765228,-0.31903396928304123
2020-10-16,fold_6,COVID crash and V-recovery,0.006227221339941025,1,-0.016460204496979713,-1,-0.016460204496979713,-0.694709931343823,,,,0,-164.60204496979713,0.004175949841737747,-0.013153640553355217,0.006227221339941025,-0.9665816644113905
2020-10-19,fold_6,COVID crash and V-recovery,0.007801804691553116,1,0.002147437771782279,1,0.002147437771782279,-0.6925624935720407,,,,1,21.47437771782279,-0.003356378525495529,-0.011803005822002888,0.007801804691553116,0.12331480174769346
2020-10-20,fold_6,COVID crash and V-recovery,0.002284776419401169,1,-0.0007739050779491663,-1,-0.0007739050779491663,-0.6933363986499899,,,,0,-7.739050779491663,-0.0019164718687534332,-0.006172140594571829,0.002284776419401169,-0.04571847515718098
2020-10-21,fold_6,COVID crash and V-recovery,0.0006212480366230011,1,-3.5408695111982524e-05,-1,-3.5408695111982524e-05,-0.6933718073451018,,,,0,-0.35408695111982524,-0.01086106151342392,-0.045165520161390305,0.0006212480366230011,-0.0022928343745738243
2020-10-22,fold_6,COVID crash and V-recovery,-0.0037383362650871277,-1,0.001968440366908908,1,-0.001968440366908908,-0.6953402477120108,,,,0,-19.68440366908908,-0.018654514104127884,-0.02779475226998329,-0.0037383362650871277,0.12775259426091953
2020-10-23,fold_6,COVID crash and V-recovery,-0.0036574900150299072,-1,-0.015109569765627384,-1,0.015109569765627384,-0.6802306779463834,,,,1,151.09569765627384,-0.020317014306783676,-0.055452797561883926,-0.0036574900150299072,-1.039698635608039
2020-10-26,fold_6,COVID crash and V-recovery,0.0030417703092098236,1,0.007778302300721407,1,0.007778302300721407,-0.672452375645662,,,,1,77.78302300721407,-0.018455784767866135,-0.03811882436275482,0.0030417703092098236,0.5479790991713467
2020-10-27,fold_6,COVID crash and V-recovery,0.00659821555018425,1,-0.03976728767156601,-1,-0.03976728767156601,-0.712219663317228,,,,0,-397.6728767156601,-0.012608211487531662,-0.028747210279107094,0.00659821555018425,-2.787764890068613
2020-10-28,fold_6,COVID crash and V-recovery,0.014316637068986893,1,0.01733536086976528,1,0.01733536086976528,-0.6948843024474627,,,,1,173.35360869765282,-0.002179723232984543,0.054690517485141754,0.014316637068986893,1.0355589815970991
2020-10-29,fold_6,COVID crash and V-recovery,0.00833064317703247,1,-0.025689605623483658,-1,-0.025689605623483658,-0.7205739080709463,,,,0,-256.8960562348366,-0.0027009323239326477,0.06309220939874649,0.00833064317703247,-1.5274747106782163
2020-10-30,fold_6,COVID crash and V-recovery,0.013080187141895294,1,0.0022244045976549387,1,0.0022244045976549387,-0.7183495034732914,,,,1,22.244045976549387,0.0004579387605190277,0.08952881395816803,0.013080187141895294,0.13410157396693856
2020-11-02,fold_6,COVID crash and V-recovery,0.014791946858167648,1,0.017149915918707848,1,0.017149915918707848,-0.7011995875545836,,,,1,171.49915918707848,-0.0022182948887348175,0.06665904819965363,0.014791946858167648,1.0779367386887289
2020-11-03,fold_6,COVID crash and V-recovery,0.003925040364265442,1,0.04367043823003769,1,0.04367043823003769,-0.6575291493245459,,,,1,436.7043823003769,-0.014609906822443008,0.031432218849658966,0.003925040364265442,2.75306621443569
2020-11-04,fold_6,COVID crash and V-recovery,-0.004449229687452316,-1,0.025737054646015167,1,-0.025737054646015167,-0.683266203970561,,,,0,-257.3705464601517,-0.02839670702815056,0.009885048493742943,-0.004449229687452316,1.4119405213839278
2020-11-05,fold_6,COVID crash and V-recovery,-0.004574913531541824,-1,0.0007469941047020257,1,-0.0007469941047020257,-0.6840131980752631,,,,0,-7.4699410470202565,-0.028441619127988815,-0.020557139068841934,-0.004574913531541824,0.03915442701452015
2020-11-06,fold_6,COVID crash and V-recovery,-0.003102131187915802,-1,-0.02064535580575466,-1,0.02064535580575466,-0.6633678422695084,,,,1,206.45355805754662,-0.019058283418416977,-0.012569820508360863,-0.003102131187915802,-1.099611526163606
2020-11-09,fold_6,COVID crash and V-recovery,-0.00879998505115509,-1,-0.01807691529393196,-1,0.01807691529393196,-0.6452909269755764,,,,1,180.7691529393196,-0.026585306972265244,0.015848102048039436,-0.00879998505115509,-0.9987407535989247
2020-11-10,fold_6,COVID crash and V-recovery,-0.0026549547910690308,-1,0.022123269736766815,1,-0.022123269736766815,-0.6674141967123433,,,,0,-221.23269736766815,-0.007171504199504852,0.030747581273317337,-0.0026549547910690308,1.1929141000624843
2020-11-11,fold_6,COVID crash and V-recovery,-0.0030828826129436493,-1,-0.0047051324509084225,-1,0.0047051324509084225,-0.6627090642614348,,,,1,47.051324509084225,-0.01196146011352539,0.0012066756607964635,-0.0030828826129436493,-0.24631408484931272
2020-11-12,fold_6,COVID crash and V-recovery,-0.0014410018920898438,-1,0.00873431283980608,1,-0.00873431283980608,-0.6714433771012409,,,,0,-87.3431283980608,-0.0009420998394489288,0.013706258498132229,-0.0014410018920898438,0.45797074181542646
2020-11-13,fold_6,COVID crash and V-recovery,-0.0014397650957107544,-1,0.007772567216306925,1,-0.007772567216306925,-0.6792159443175478,,,,0,-77.72567216306925,-0.0029513612389564514,-0.0018917557317763567,-0.0014397650957107544,0.4062582307615261
2020-11-16,fold_6,COVID crash and V-recovery,-0.0037316419184207916,-1,-0.0031774360686540604,-1,0.0031774360686540604,-0.6760385082488938,,,,1,31.774360686540604,-0.018998224288225174,-0.009630321525037289,-0.0037316419184207916,-0.16851969730067273
2020-11-17,fold_6,COVID crash and V-recovery,-0.0059384070336818695,-1,-0.007417635060846806,-1,0.007417635060846806,-0.668620873188047,,,,1,74.17635060846806,-0.020483318716287613,0.007499608676880598,-0.0059384070336818695,-0.3932528488787517
2020-11-18,fold_6,COVID crash and V-recovery,-0.005729572847485542,-1,0.007794450502842665,1,-0.007794450502842665,-0.6764153236908896,,,,0,-77.94450502842665,-0.01874319091439247,0.021044887602329254,-0.005729572847485542,0.41165884580625633
2020-11-19,fold_6,COVID crash and V-recovery,-0.007135862484574318,-1,-0.006863702088594437,-1,0.006863702088594437,-0.6695516216022952,,,,1,68.63702088594437,-0.012058679014444351,0.02242281287908554,-0.007135862484574318,-0.36097592278577006
2020-11-20,fold_6,COVID crash and V-recovery,-0.005626678466796875,-1,3.400091009098105e-05,1,-3.400091009098105e-05,-0.6695856225123862,,,,0,-0.3400091009098105,-0.0014642849564552307,0.03132430091500282,-0.005626678466796875,0.0017828542565550293
2020-11-23,fold_6,COVID crash and V-recovery,-0.010002324357628822,-1,0.013952494598925114,1,-0.013952494598925114,-0.6835381171113113,,,,0,-139.52494598925114,-0.012502908706665039,0.04402534291148186,-0.010002324357628822,0.7433640469029835
2020-11-24,fold_6,COVID crash and V-recovery,-0.012155316770076752,-1,0.006127643398940563,1,-0.006127643398940563,-0.6896657605102519,,,,0,-61.27643398940563,-0.018216829746961594,0.03135693445801735,-0.012155316770076752,0.3234052070137997
2020-11-25,fold_6,COVID crash and V-recovery,-0.006286397576332092,-1,0.009172377176582813,1,-0.009172377176582813,-0.6988381376868347,,,,0,-91.72377176582813,-0.00926576554775238,0.02664339542388916,-0.006286397576332092,0.5463967394333243
2020-11-27,fold_6,COVID crash and V-recovery,-0.005823859944939613,-1,0.0020377866458147764,1,-0.0020377866458147764,-0.7008759243326494,,,,0,-20.377866458147764,-0.011527396738529205,0.02153753489255905,-0.005823859944939613,0.12379010218913579
2020-11-30,fold_6,COVID crash and V-recovery,-0.00039437413215637207,-1,0.012735040858387947,1,-0.012735040858387947,-0.7136109651910374,,,,0,-127.35040858387947,-0.011547558009624481,0.025146711617708206,-0.00039437413215637207,0.825152095544987
2020-12-01,fold_6,COVID crash and V-recovery,-0.0028747469186782837,-1,0.0012840845156461,1,-0.0012840845156461,-0.7148950497066835,,,,0,-12.840845156461,-0.011857360601425171,0.0157906636595726,-0.0028747469186782837,0.08186080873771634
2020-12-02,fold_6,COVID crash and V-recovery,-0.004866655915975571,-1,0.0014141055289655924,1,-0.0014141055289655924,-0.7163091552356491,,,,0,-14.141055289655924,-0.012481920421123505,-0.008394548669457436,-0.004866655915975571,0.09295420381384639
2020-12-03,fold_6,COVID crash and V-recovery,-0.005372760817408562,-1,0.004066517110913992,1,-0.004066517110913992,-0.7203756723465631,,,,0,-40.66517110913992,-0.012491118162870407,-0.005801084917038679,-0.005372760817408562,0.34847327562232994
2020-12-04,fold_6,COVID crash and V-recovery,-0.007745727896690369,-1,0.005646963603794575,1,-0.005646963603794575,-0.7260226359503577,,,,0,-56.46963603794575,0.0009231418371200562,-0.012084580026566982,-0.007745727896690369,0.5540372958545712
2020-12-07,fold_6,COVID crash and V-recovery,-0.0017885491251945496,-1,0.003378992434591055,1,-0.003378992434591055,-0.7294016283849487,,,,0,-33.78992434591055,0.003688126802444458,-0.010502398945391178,-0.0017885491251945496,0.329049495914118
2020-12-08,fold_6,COVID crash and V-recovery,-0.0012378133833408356,-1,-0.022901127114892006,-1,0.022901127114892006,-0.7065005012700567,,,,1,229.01127114892006,0.004579074680805206,-0.0032489225268363953,-0.0012378133833408356,-2.4882146420684146
2020-12-09,fold_6,COVID crash and V-recovery,-0.005716295912861824,-1,0.004007569048553705,1,-0.004007569048553705,-0.7105080703186104,,,,0,-40.07569048553705,-0.011703301221132278,0.025136673822999,-0.005716295912861824,0.4120471886712415
2020-12-10,fold_6,COVID crash and V-recovery,-0.006312759593129158,-1,-0.0022169779986143112,-1,0.0022169779986143112,-0.7082910923199961,,,,1,22.169779986143112,-0.0035425014793872833,0.0276457741856575,-0.006312759593129158,-0.2632439802492302
2020-12-11,fold_6,COVID crash and V-recovery,-0.0035358667373657227,-1,0.007229145150631666,1,-0.007229145150631666,-0.7155202374706278,,,,0,-72.29145150631666,-0.0071350038051605225,0.0268356055021286,-0.0035358667373657227,0.8636478044932318
2020-12-14,fold_6,COVID crash and V-recovery,-0.0058059897273778915,-1,0.01063246838748455,1,-0.01063246838748455,-0.7261527058581123,,,,0,-106.3246838748455,-0.017729438841342926,0.017734089866280556,-0.0058059897273778915,1.2812665826263265
2020-12-15,fold_6,COVID crash and V-recovery,-0.005643455311655998,-1,0.0054844701662659645,1,-0.0054844701662659645,-0.7316371760243783,,,,0,-54.844701662659645,-0.01328451931476593,0.00981712993234396,-0.005643455311655998,0.6486281134756449
2020-12-16,fold_6,COVID crash and V-recovery,-0.005055096000432968,-1,0.006516668945550919,1,-0.006516668945550919,-0.7381538449699292,,,,0,-65.16668945550919,-0.02141624316573143,-0.0007163272821344435,-0.005055096000432968,0.7653729375236511
2020-12-17,fold_6,COVID crash and V-recovery,-0.0034961551427841187,-1,-0.0030271466821432114,-1,0.0030271466821432114,-0.735126698287786,,,,1,30.271466821432114,-0.019692648202180862,-0.002830306999385357,-0.0034961551427841187,-0.3570831286606675
2020-12-18,fold_6,COVID crash and V-recovery,-0.004914106801152229,-1,-0.001872371882200241,-1,0.001872371882200241,-0.7332543264055857,,,,1,18.72371882200241,-0.018040280789136887,0.010225623846054077,-0.004914106801152229,-0.22493926581037224
2020-12-21,fold_6,COVID crash and V-recovery,-0.006056094542145729,-1,0.002715509617701173,1,-0.002715509617701173,-0.7359698360232869,,,,0,-27.15509617701173,-0.014333527535200119,0.01299302838742733,-0.006056094542145729,0.3314875297474319
2020-12-22,fold_6,COVID crash and V-recovery,-0.005845149978995323,-1,-0.005048987455666065,-1,0.005048987455666065,-0.7309208485676209,,,,1,50.48987455666065,-0.017168685793876648,0.010309210978448391,-0.005845149978995323,-0.6146537584216499
2020-12-23,fold_6,COVID crash and V-recovery,-0.005090886726975441,-1,0.004402689635753632,1,-0.004402689635753632,-0.7353235382033745,,,,0,-44.026896357536316,-0.012787386775016785,0.017815537750720978,-0.005090886726975441,0.5731001337807812
2020-12-24,fold_6,COVID crash and V-recovery,-0.005167106166481972,-1,0.010028784163296223,1,-0.010028784163296223,-0.7453523223666707,,,,0,-100.28784163296223,-0.014702484011650085,-0.0008076458470895886,-0.005167106166481972,1.3156138038421608
2020-12-28,fold_6,COVID crash and V-recovery,-0.009398354217410088,-1,0.0008950326009653509,1,-0.0008950326009653509,-0.7462473549676361,,,,0,-8.950326009653509,-0.02132435515522957,-0.0026263040490448475,-0.009398354217410088,0.11659180941941093
2020-12-29,fold_6,COVID crash and V-recovery,-0.011055335402488708,-1,3.169193587382324e-05,1,-3.169193587382324e-05,-0.7462790469035099,,,,0,-0.3169193587382324,-0.026911508291959763,-0.017470380291342735,-0.011055335402488708,0.004134245642294804
2020-12-30,fold_6,COVID crash and V-recovery,-0.0064656175673007965,-1,0.0024573400150984526,1,-0.0024573400150984526,-0.7487363869186083,,,,0,-24.573400150984526,-0.020959723740816116,0.00640215864405036,-0.0064656175673007965,0.34526923346710536
2024-04-12,fold_7,"Inflation bear, AI rally and 2025",0.004538845270872116,1,-0.016587810590863228,-1,-0.016587810590863228,-0.016587810590863228,,,,0,-165.87810590863228,-0.006034668534994125,-0.05540034547448158,0.004538845270872116,-1.915637977737409
2024-04-15,fold_7,"Inflation bear, AI rally and 2025",0.008025620132684708,1,9.28273075260222e-05,1,9.28273075260222e-05,-0.016494983283337206,,,,1,0.928273075260222,0.0007244423031806946,-0.028806107118725777,0.008025620132684708,0.010276851524955881
2024-04-16,fold_7,"Inflation bear, AI rally and 2025",0.007461316883563995,1,-0.012276514433324337,-1,-0.012276514433324337,-0.028771497716661543,,,,0,-122.76514433324337,-0.0017718374729156494,-0.014086250215768814,0.007461316883563995,-1.398273534739221
2024-04-17,fold_7,"Inflation bear, AI rally and 2025",0.014799494296312332,1,-0.005722694098949432,-1,-0.005722694098949432,-0.034494191815610975,,,,0,-57.226940989494324,0.0003071427345275879,0.0015721198869869113,0.014799494296312332,-0.6232469284784488
2024-04-18,fold_7,"Inflation bear, AI rally and 2025",0.01584874838590622,1,-0.020906154066324234,-1,-0.020906154066324234,-0.05540034588193521,,,,0,-209.06154066324234,-0.004458807408809662,0.002453271532431245,0.01584874838590622,-2.3521081873632403
2024-04-19,fold_7,"Inflation bear, AI rally and 2025",0.014643318951129913,1,0.010006428696215153,1,0.010006428696215153,-0.045393917185720056,,,,1,100.06428696215153,-0.002406403422355652,0.038673385977745056,0.014643318951129913,1.001945669500256
2024-04-22,fold_7,"Inflation bear, AI rally and 2025",0.015483357012271881,1,0.014812683686614037,1,0.014812683686614037,-0.03058123349910602,,,,1,148.12683686614037,-0.0036557242274284363,0.03271905705332756,0.015483357012271881,1.4477695045384535
2024-04-23,fold_7,"Inflation bear, AI rally and 2025",0.011674921959638596,1,0.0033818555530160666,1,0.0033818555530160666,-0.027199377946089953,,,,1,33.818555530160666,-0.01555917039513588,-0.0011298799654468894,0.011674921959638596,0.3153720124031093
2024-04-24,fold_7,"Inflation bear, AI rally and 2025",0.0018931925296783447,1,-0.004841542802751064,-1,-0.004841542802751064,-0.03204092074884102,,,,0,-48.41542802751064,-0.02546234056353569,-0.011768510565161705,0.0018931925296783447,-0.4514034651311373
2024-04-25,fold_7,"Inflation bear, AI rally and 2025",-0.0020608939230442047,-1,0.015313959680497646,1,-0.015313959680497646,-0.047354880429338664,,,,0,-153.13959680497646,-0.021898556500673294,0.005755472928285599,-0.0020608939230442047,1.4241324448891393
2024-04-26,fold_7,"Inflation bear, AI rally and 2025",-0.005660265684127808,-1,0.004052098840475082,1,-0.004052098840475082,-0.051406979269813746,,,,0,-40.520988404750824,-0.016354668885469437,0.010340644046664238,-0.005660265684127808,0.3593017104789151
2024-04-29,fold_7,"Inflation bear, AI rally and 2025",-1.8537044525146484e-05,-1,-0.019036252051591873,-1,0.019036252051591873,-0.03237072721822187,,,,1,190.36252051591873,-0.009874828159809113,0.01718253269791603,-1.8537044525146484e-05,-1.684004190632592
2024-04-30,fold_7,"Inflation bear, AI rally and 2025",0.0008676685392856598,1,-0.007256774697452784,-1,-0.007256774697452784,-0.03962750191567466,,,,0,-72.56774697452784,-0.02090858295559883,0.036377713084220886,0.0008676685392856598,-0.6086610786073906
2024-05-01,fold_7,"Inflation bear, AI rally and 2025",0.004714809358119965,1,0.01268244069069624,1,0.01268244069069624,-0.026945061224978417,,,,1,126.8244069069624,-0.005556464195251465,0.043043844401836395,0.004714809358119965,1.0549368441432632
2024-05-02,fold_7,"Inflation bear, AI rally and 2025",0.008217670023441315,1,0.01989912986755371,1,0.01989912986755371,-0.007045931357424706,,,,1,198.9912986755371,-0.0070009976625442505,0.03254050761461258,0.008217670023441315,1.6776006709564757
2024-05-03,fold_7,"Inflation bear, AI rally and 2025",0.0020666420459747314,1,0.01089398842304945,1,0.01089398842304945,0.0038480570656247437,,,,1,108.9398842304945,-0.014071524143218994,0.014996875077486038,0.0020666420459747314,0.8789025385636756
2024-05-06,fold_7,"Inflation bear, AI rally and 2025",0.002637214958667755,1,0.00015892888768576086,1,0.00015892888768576086,0.0040069859533105046,,,,1,1.5892888768576086,-0.00943896546959877,0.006407518871128559,0.002637214958667755,0.012581531524142072
2024-05-07,fold_7,"Inflation bear, AI rally and 2025",-0.0018616914749145508,-1,-0.0005906449514441192,-1,0.0005906449514441192,0.004597630904754624,,,,1,5.906449514441192,-0.011541254818439484,0.012660286389291286,-0.0018616914749145508,-0.04685816338663532
2024-05-08,fold_7,"Inflation bear, AI rally and 2025",0.0009712763130664825,1,0.002179105766117573,1,0.002179105766117573,0.0067767366708721966,,,,1,21.791057661175728,-0.01513247936964035,0.028760163113474846,0.0009712763130664825,0.1749964145930725
2024-05-09,fold_7,"Inflation bear, AI rally and 2025",-0.0004893951117992401,-1,0.002355497097596526,1,-0.002355497097596526,0.00442123957327567,,,,0,-23.55497097596526,-0.01636560633778572,0.02454777993261814,-0.0004893951117992401,0.19715011812391026
2024-05-10,fold_7,"Inflation bear, AI rally and 2025",-0.00043177977204322815,-1,0.002304631983861327,1,-0.002304631983861327,0.0021166075894143432,,,,0,-23.04631983861327,-0.012483999133110046,0.02170546166598797,-0.00043177977204322815,0.20204176077495256
2024-05-13,fold_7,"Inflation bear, AI rally and 2025",0.001913849264383316,1,0.006411696784198284,1,0.006411696784198284,0.008528304373612627,,,,1,64.11696784198284,-0.008313015103340149,0.026349298655986786,0.001913849264383316,0.5937243334603832
2024-05-14,fold_7,"Inflation bear, AI rally and 2025",0.0036444440484046936,1,0.015509231947362423,1,0.015509231947362423,0.02403753632097505,,,,1,155.09231947362423,-0.00474085658788681,0.02189207263290882,0.0036444440484046936,1.4236688665281578
2024-05-15,fold_7,"Inflation bear, AI rally and 2025",0.003733024001121521,1,-0.002033278113231063,-1,-0.002033278113231063,0.022004258207743987,,,,0,-20.33278113231063,-0.014941703528165817,0.006185304373502731,0.003733024001121521,-0.18321011445197363
2024-05-16,fold_7,"Inflation bear, AI rally and 2025",0.0024728327989578247,1,-0.0004868214309681207,-1,-0.0004868214309681207,0.021517436776775867,,,,0,-4.868214309681207,-0.010015677660703659,0.00371000450104475,0.0024728327989578247,-0.044122443394488634
2024-05-17,fold_7,"Inflation bear, AI rally and 2025",0.003938745707273483,1,0.006948469206690788,1,0.006948469206690788,0.028465905983466655,,,,1,69.48469206690788,-0.0027602650225162506,0.013608839362859726,0.003938745707273483,0.6952125898010301
2024-05-20,fold_7,"Inflation bear, AI rally and 2025",0.000561639666557312,1,0.0019544712267816067,1,0.0019544712267816067,0.03042037721024826,,,,1,19.544712267816067,-0.01977553591132164,0.010431037284433842,0.000561639666557312,0.19813782720354398
2024-05-21,fold_7,"Inflation bear, AI rally and 2025",-4.226714372634888e-05,-1,-0.00019753658853005618,-1,0.00019753658853005618,0.030617913798778318,,,,1,1.9753658853005618,-0.017471883445978165,0.00140322744846344,-4.226714372634888e-05,-0.02123648203471224
2024-05-22,fold_7,"Inflation bear, AI rally and 2025",-0.0023743920028209686,-1,-0.0045085777528584,-1,0.0045085777528584,0.03512649155163672,,,,1,45.085777528584,-0.015240605920553207,-0.00917046144604683,-0.0023743920028209686,-0.4863059884639499
2024-05-23,fold_7,"Inflation bear, AI rally and 2025",-0.003325384110212326,-1,0.009412013925611973,1,-0.009412013925611973,0.025714477626024745,,,,0,-94.12013925611973,-0.01449986919760704,-0.006523867137730122,-0.003325384110212326,1.0161228281011665
2024-05-24,fold_7,"Inflation bear, AI rally and 2025",-0.0010615289211273193,-1,0.003770666429772973,1,-0.003770666429772973,0.021943811196251772,,,,0,-37.70666429772973,-0.006056800484657288,-0.0105808787047863,-0.0010615289211273193,0.42558054147400476
2024-05-28,fold_7,"Inflation bear, AI rally and 2025",-0.004486164078116417,-1,-0.007073338143527508,-1,0.007073338143527508,0.02901714933977928,,,,1,70.73338143527508,-0.007858242839574814,-0.011618755757808685,-0.004486164078116417,-0.7989006844998127
2024-05-29,fold_7,"Inflation bear, AI rally and 2025",-0.0018737763166427612,-1,-0.010771225206553936,-1,0.010771225206553936,0.039788374546333216,,,,1,107.71225206553936,-0.005660470575094223,0.015413827262818813,-0.0018737763166427612,-1.3594968419813447
2024-05-30,fold_7,"Inflation bear, AI rally and 2025",0.001985020935535431,1,-0.0018619840266183019,-1,-0.0018619840266183019,0.037926390519714914,,,,0,-18.61984026618302,0.003761429339647293,0.02583981119096279,0.001985020935535431,-0.2292967954822727
2024-05-31,fold_7,"Inflation bear, AI rally and 2025",0.0015592388808727264,1,0.005355002358555794,1,0.005355002358555794,0.04328139287827071,,,,1,53.55002358555794,0.0016294680535793304,0.026816576719284058,0.0015592388808727264,0.7027090494998068
2024-06-03,fold_7,"Inflation bear, AI rally and 2025",0.004638489335775375,1,0.002732788911089301,1,0.002732788911089301,0.04601418178936001,,,,1,27.32788911089301,0.008768025785684586,0.025492563843727112,0.004638489335775375,0.43368193802744326
2024-06-04,fold_7,"Inflation bear, AI rally and 2025",0.005946706980466843,1,0.01995924487709999,1,0.01995924487709999,0.06597342666646,,,,1,199.5924487709999,0.013055406510829926,0.02959909848868847,0.005946706980466843,3.4156224962840676
2024-06-05,fold_7,"Inflation bear, AI rally and 2025",0.003641977906227112,1,-0.0003452417440712452,-1,-0.0003452417440712452,0.06562818492238875,,,,0,-3.452417440712452,0.008403703570365906,0.022652629762887955,0.003641977906227112,-0.04695363633241321
2024-06-06,fold_7,"Inflation bear, AI rally and 2025",0.0023127906024456024,1,-0.0008852180326357484,-1,-0.0008852180326357484,0.064742966889753,,,,0,-8.852180326357484,0.0073400624096393585,0.028403399512171745,0.0023127906024456024,-0.12040439171168577
2024-06-07,fold_7,"Inflation bear, AI rally and 2025",-0.0037105605006217957,-1,0.004030989948660135,1,-0.004030989948660135,0.06071197694109287,,,,0,-40.30989948660135,0.0007499232888221741,0.03445643186569214,-0.0037105605006217957,0.5492899450229848
2024-06-10,fold_7,"Inflation bear, AI rally and 2025",-0.0014370419085025787,-1,0.006839322857558727,1,-0.006839322857558727,0.053872654083534144,,,,0,-68.39322857558727,-0.006315603852272034,0.04260094463825226,-0.0014370419085025787,0.9273771940684392
2024-06-11,fold_7,"Inflation bear, AI rally and 2025",-0.0012570656836032867,-1,0.013012777082622051,1,-0.013012777082622051,0.04085987700091209,,,,0,-130.1277708262205,-0.005196340382099152,0.03607082739472389,-0.0012570656836032867,1.731768227856263
2024-06-12,fold_7,"Inflation bear, AI rally and 2025",0.00296570360660553,1,0.005405528470873833,1,0.005405528470873833,0.046265405471785925,,,,1,54.05528470873833,0.0015823915600776672,0.015320060774683952,0.00296570360660553,0.6817164243853996
2024-06-13,fold_7,"Inflation bear, AI rally and 2025",-0.0015115626156330109,-1,0.005167814902961254,1,-0.005167814902961254,0.04109759056882467,,,,0,-51.67814902961254,0.0014429576694965363,0.0072316755540668964,-0.0015115626156330109,0.71453510413117
2024-06-14,fold_7,"Inflation bear, AI rally and 2025",-0.0004333294928073883,-1,0.012175502255558968,1,-0.012175502255558968,0.028922088313265704,,,,0,-121.75502255558968,0.005979269742965698,-0.009386073797941208,-0.0004333294928073883,1.6655900350437747
2024-06-17,fold_7,"Inflation bear, AI rally and 2025",-0.00015505030751228333,-1,0.0003092046536039561,1,-0.0003092046536039561,0.028612883659661748,,,,0,-3.092046536039561,0.00826214998960495,-0.010190867818892002,-0.00015505030751228333,0.03964268442676233
2024-06-18,fold_7,"Inflation bear, AI rally and 2025",0.0004125945270061493,1,-0.007737989537417889,-1,-0.007737989537417889,0.02087489412224386,,,,0,-77.37989537417889,0.001699596643447876,-0.008436965756118298,0.0004125945270061493,-1.0123242809306967
2024-06-20,fold_7,"Inflation bear, AI rally and 2025",0.0005131922662258148,1,-0.002682856749743223,-1,-0.002682856749743223,0.018192037372500636,,,,0,-26.828567497432232,0.004107281565666199,0.0018790541216731071,0.0005131922662258148,-0.34285804932426206
2024-06-21,fold_7,"Inflation bear, AI rally and 2025",0.002633187919855118,1,-0.011449933983385563,-1,-0.011449933983385563,0.006742103389115073,,,,0,-114.49933983385563,0.0024116449058055878,-0.00064253801247105,0.002633187919855118,-1.4589962236954837
2024-06-24,fold_7,"Inflation bear, AI rally and 2025",0.004841770976781845,1,0.011370707303285599,1,0.011370707303285599,0.01811281069240067,,,,1,113.70707303285599,0.012065358459949493,0.01665533147752285,0.004841770976781845,1.387839319558593
2024-06-25,fold_7,"Inflation bear, AI rally and 2025",0.004955127835273743,1,0.002063107443973422,1,0.002063107443973422,0.020175918136374094,,,,1,20.63107443973422,0.00792369619011879,0.015729578211903572,0.004955127835273743,0.2480774401688555
2024-06-26,fold_7,"Inflation bear, AI rally and 2025",0.0031583383679389954,1,0.0025780298747122288,1,0.0025780298747122288,0.022753948011086322,,,,1,25.780298747122288,0.007377307862043381,0.021968942135572433,0.0031583383679389954,0.3111163482075264
2024-06-27,fold_7,"Inflation bear, AI rally and 2025",0.004025757312774658,1,-0.005204448942095041,-1,-0.005204448942095041,0.01754949906899128,,,,0,-52.04448942095041,0.014580398797988892,0.029763752594590187,0.004025757312774658,-0.6382350260450105
2024-06-28,fold_7,"Inflation bear, AI rally and 2025",0.0009580552577972412,1,0.005847935099154711,1,0.005847935099154711,0.023397434168145992,,,,1,58.47935099154711,0.0078677237033844,0.037343580275774,0.0009580552577972412,0.7423997926176615
2024-07-01,fold_7,"Inflation bear, AI rally and 2025",0.0006159134209156036,1,0.010444954968988895,1,0.010444954968988895,0.03384238913713489,,,,1,104.44954968988895,0.011597003787755966,0.032359976321458817,0.0006159134209156036,1.3098751779381625
2024-07-02,fold_7,"Inflation bear, AI rally and 2025",-0.0010127909481525421,-1,0.008302470669150352,1,-0.008302470669150352,0.025539918467984535,,,,0,-83.02470669150352,0.0054421089589595795,0.032287489622831345,-0.0010127909481525421,1.0097531611324242
2024-07-03,fold_7,"Inflation bear, AI rally and 2025",0.0006849467754364014,1,0.010372839868068695,1,0.010372839868068695,0.03591275833605323,,,,1,103.72839868068695,0.006344649940729141,0.0018107411451637745,0.0006849467754364014,1.2338218881148515
2024-07-05,fold_7,"Inflation bear, AI rally and 2025",-0.00319020077586174,-1,0.002375379903241992,1,-0.002375379903241992,0.03353737843281124,,,,0,-23.75379903241992,-0.002744462341070175,-0.0027043852023780346,-0.00319020077586174,0.3170268540244118
2024-07-08,fold_7,"Inflation bear, AI rally and 2025",-0.0017282702028751373,-1,0.0008643296314403415,1,-0.0008643296314403415,0.032673048801370896,,,,0,-8.643296314403415,-0.0036137811839580536,-0.0023955574724823236,-0.0017282702028751373,0.11507389364579725
2024-07-09,fold_7,"Inflation bear, AI rally and 2025",-0.0009814351797103882,-1,0.010372469201683998,1,-0.010372469201683998,0.0223005795996869,,,,0,-103.72469201683998,-0.00446338951587677,-0.002877016318961978,-0.0009814351797103882,1.3809774385746778
2024-07-10,fold_7,"Inflation bear, AI rally and 2025",-0.0016112029552459717,-1,-0.022174276411533356,-1,0.022174276411533356,0.044474856011220254,,,,1,221.74276411533356,-0.014790158718824387,-0.0430438406765461,-0.0016112029552459717,-2.8395556157698416
2024-07-11,fold_7,"Inflation bear, AI rally and 2025",0.0021152347326278687,1,0.005857713054865599,1,0.005857713054865599,0.05033256906608585,,,,1,58.57713054865599,0.0009203627705574036,-0.025613289326429367,0.0021152347326278687,0.6420877278904823
2024-07-12,fold_7,"Inflation bear, AI rally and 2025",0.0030786655843257904,1,0.002684207633137703,1,0.002684207633137703,0.053016776699223556,,,,1,26.84207633137703,0.006172642111778259,-0.040374159812927246,0.0030786655843257904,0.30693872466430683
2024-07-15,fold_7,"Inflation bear, AI rally and 2025",5.7034194469451904e-05,1,0.00038287072675302625,1,0.00038287072675302625,0.05339964742597658,,,,1,3.8287072675302625,0.009755756705999374,-0.028270574286580086,5.7034194469451904e-05,0.044099727267770325
2024-07-16,fold_7,"Inflation bear, AI rally and 2025",-0.001039218157529831,-1,-0.02979435585439205,-1,0.02979435585439205,0.08319400328036863,,,,1,297.9435585439205,0.012337300926446915,-0.03218429908156395,-0.001039218157529831,-3.462402666184191
2024-07-17,fold_7,"Inflation bear, AI rally and 2025",0.0018662773072719574,1,-0.004743724595755339,-1,-0.004743724595755339,0.0784502786846133,,,,0,-47.43724595755339,0.015735244378447533,-0.038919322192668915,0.0018662773072719574,-0.45021193175523166
2024-07-18,fold_7,"Inflation bear, AI rally and 2025",0.004737913608551025,1,-0.008903156965970993,-1,-0.008903156965970993,0.0695471217186423,,,,0,-89.03156965970993,0.010510686784982681,-0.045264601707458496,0.004737913608551025,-0.8407390180070969
2024-07-19,fold_7,"Inflation bear, AI rally and 2025",0.006911113858222961,1,0.014787793159484863,1,0.014787793159484863,0.08433491487812717,,,,1,147.87793159484863,0.006044901907444,-0.026157695800065994,0.006911113858222961,1.3904370170925573
2024-07-22,fold_7,"Inflation bear, AI rally and 2025",0.004989113658666611,1,-0.0035308548249304295,-1,-0.0035308548249304295,0.08080406005319674,,,,0,-35.308548249304295,0.0021905936300754547,-0.038938675075769424,0.004989113658666611,-0.31748379855643816
2024-07-23,fold_7,"Inflation bear, AI rally and 2025",0.0062276870012283325,1,-0.03652937710285187,-1,-0.03652937710285187,0.04427468295034487,,,,0,-365.2937710285187,-0.0010149665176868439,-0.049234386533498764,0.0062276870012283325,-3.366324504216688
2024-07-24,fold_7,"Inflation bear, AI rally and 2025",0.009175408631563187,1,-0.011089004576206207,-1,-0.011089004576206207,0.03318567837413866,,,,0,-110.89004576206207,-0.009663261473178864,0.016459202393889427,0.009175408631563187,-0.8311367073785129
2024-07-25,fold_7,"Inflation bear, AI rally and 2025",0.008816134184598923,1,0.01020374707877636,1,0.01020374707877636,0.04338942545291502,,,,1,102.0374707877636,-0.008607868105173111,0.003028667066246271,0.008816134184598923,0.7523452168158241
2024-07-26,fold_7,"Inflation bear, AI rally and 2025",0.010060921311378479,1,0.0020068141166120768,1,0.0020068141166120768,0.0453962395695271,,,,1,20.068141166120768,-0.010208569467067719,-0.031196199357509613,0.010060921311378479,0.14604485969080083
2024-07-29,fold_7,"Inflation bear, AI rally and 2025",0.006325099617242813,1,-0.013826565816998482,-1,-0.013826565816998482,0.031569673752528615,,,,0,-138.26565816998482,-0.017111916095018387,-0.063472680747509,0.006325099617242813,-1.0093074248608767
2024-07-30,fold_7,"Inflation bear, AI rally and 2025",0.010020468384027481,1,0.029164211824536324,1,0.029164211824536324,0.06073388557706494,,,,1,291.64211824536324,-0.011657096445560455,-0.04013648256659508,0.010020468384027481,2.085750291487153
2024-07-31,fold_7,"Inflation bear, AI rally and 2025",-0.0015751980245113373,-1,-0.02451954036951065,-1,0.02451954036951065,0.08525342594657559,,,,1,245.1954036951065,-0.009402681142091751,-0.080189548432827,-0.0015751980245113373,-1.6077581412371202
2024-08-01,fold_7,"Inflation bear, AI rally and 2025",0.005549207329750061,1,-0.024021118879318237,-1,-0.024021118879318237,0.06123230706725735,,,,0,-240.21118879318237,0.010071903467178345,-0.025537710636854172,0.005549207329750061,-1.4920247357675547
2024-08-02,fold_7,"Inflation bear, AI rally and 2025",0.013695009052753448,1,-0.030269667506217957,-1,-0.030269667506217957,0.030962639561039396,,,,0,-302.69667506217957,0.011817388236522675,0.0036923731677234173,0.013695009052753448,-1.8003931776647635
2024-08-05,fold_7,"Inflation bear, AI rally and 2025",0.019191328436136246,1,0.009509631432592869,1,0.009509631432592869,0.040472270993632264,,,,1,95.09631432592869,0.014347996562719345,0.03611313924193382,0.019191328436136246,0.524920691891243
2024-08-06,fold_7,"Inflation bear, AI rally and 2025",0.021296843886375427,1,-0.01088885311037302,-1,-0.01088885311037302,0.029583417883259244,,,,0,-108.8885311037302,0.02102327160537243,0.05111347883939743,0.021296843886375427,-0.5969875219152809
2024-08-07,fold_7,"Inflation bear, AI rally and 2025",0.022951845079660416,1,0.030132297426462173,1,0.030132297426462173,0.05971571530972142,,,,1,301.32297426462173,0.008298840373754501,0.062326643615961075,0.022951845079660416,1.6506589822195037
2024-08-08,fold_7,"Inflation bear, AI rally and 2025",0.009884599596261978,1,0.005208965390920639,1,0.005208965390920639,0.06492468070064206,,,,1,52.08965390920639,-0.00487590953707695,0.05714362487196922,0.009884599596261978,0.2768349311927352
2024-08-09,fold_7,"Inflation bear, AI rally and 2025",0.0019949860870838165,1,0.0021510969381779432,1,0.0021510969381779432,0.06707577763882,,,,1,21.510969381779432,-0.02144848182797432,0.05321963131427765,0.0019949860870838165,0.1143798882170997
2024-08-12,fold_7,"Inflation bear, AI rally and 2025",-0.0026500560343265533,-1,0.02450997196137905,1,-0.02450997196137905,0.04256580567744095,,,,0,-245.0997196137905,-0.022685054689645767,0.06411891430616379,-0.0026500560343265533,1.303501943679819
2024-08-13,fold_7,"Inflation bear, AI rally and 2025",-0.0033678673207759857,-1,0.00032431332510896027,1,-0.00032431332510896027,0.04224149235233199,,,,0,-3.2431332510896027,-0.014291483908891678,0.03750813379883766,-0.0033678673207759857,0.01655891126018704
2024-08-14,fold_7,"Inflation bear, AI rally and 2025",-0.00161048024892807,-1,0.024949276819825172,1,-0.024949276819825172,0.017292215532506816,,,,0,-249.49276819825172,-0.003929000347852707,0.041837096214294434,-0.00161048024892807,1.3546411923098562
2024-08-15,fold_7,"Inflation bear, AI rally and 2025",-0.00433632917702198,-1,0.0012849696213379502,1,-0.0012849696213379502,0.016007245911168866,,,,0,-12.849696213379502,-0.016702409833669662,0.0009060029406100512,-0.00433632917702198,0.0668740747706282
2024-08-16,fold_7,"Inflation bear, AI rally and 2025",9.340792894363403e-05,1,0.0130503810942173,1,0.0130503810942173,0.029057627005386166,,,,1,130.503810942173,0.001697305589914322,0.010408023372292519,9.340792894363403e-05,0.6827829402239022
2024-08-19,fold_7,"Inflation bear, AI rally and 2025",-0.0009396784007549286,-1,-0.002100807148963213,-1,0.002100807148963213,0.03115843415434938,,,,1,21.00807148963213,-0.008492670953273773,-0.012398049235343933,-0.0009396784007549286,-0.11027773996348064
2024-08-20,fold_7,"Inflation bear, AI rally and 2025",-0.0004884302616119385,-1,0.004653274081647396,1,-0.004653274081647396,0.026505160072701983,,,,0,-46.53274081647396,-0.005068283528089523,-0.007314376067370176,-0.0004884302616119385,0.2444000893406978
2024-08-21,fold_7,"Inflation bear, AI rally and 2025",0.0015069805085659027,1,-0.01598181575536728,-1,-0.01598181575536728,0.010523344317334704,,,,0,-159.8181575536728,-0.004983082413673401,-0.023379897698760033,0.0015069805085659027,-0.9275646245457356
2024-08-22,fold_7,"Inflation bear, AI rally and 2025",0.0015584193170070648,1,0.010786990635097027,1,0.010786990635097027,0.02131033495243173,,,,1,107.86990635097027,-0.005341526120901108,-0.008863111026585102,0.0015584193170070648,0.6191949924164502
2024-08-23,fold_7,"Inflation bear, AI rally and 2025",0.0003610365092754364,1,-0.009755691513419151,-1,-0.009755691513419151,0.01155464343901258,,,,0,-97.55691513419151,-0.003723498433828354,-0.007801180239766836,0.0003610365092754364,-0.559432470656507
2024-08-26,fold_7,"Inflation bear, AI rally and 2025",4.832819104194641e-05,1,0.0029828662518411875,1,0.0029828662518411875,0.014537509690853767,,,,1,29.828662518411875,-0.006969518959522247,-0.028876792639493942,4.832819104194641e-05,0.16978265810020524
2024-08-27,fold_7,"Inflation bear, AI rally and 2025",0.00017659738659858704,1,-0.011412248015403748,-1,-0.011412248015403748,0.0031252616754500195,,,,0,-114.12248015403748,-0.005360513925552368,-0.03446156159043312,0.00017659738659858704,-0.659384942491126
2024-08-28,fold_7,"Inflation bear, AI rally and 2025",-0.001250285655260086,-1,-0.0014650279190391302,-1,0.0014650279190391302,0.00459028959448915,,,,1,14.650279190391302,-0.014428168535232544,-0.02211609296500683,-0.001250285655260086,-0.0902464387601881
2024-08-29,fold_7,"Inflation bear, AI rally and 2025",0.00015306100249290466,1,0.011848920956254005,1,0.011848920956254005,0.016439210550743155,,,,1,118.48920956254005,-0.005353894084692001,-0.04780372232198715,0.00015306100249290466,0.7752877777932282
2024-08-30,fold_7,"Inflation bear, AI rally and 2025",-0.00407072901725769,-1,-0.03083130531013012,-1,0.03083130531013012,0.047270515860873275,,,,1,308.3130531013012,-0.014855876564979553,-0.046875014901161194,-0.00407072901725769,-2.118767250124786
2024-09-03,fold_7,"Inflation bear, AI rally and 2025",-0.0043023694306612015,-1,-0.0026019022334367037,-1,0.0026019022334367037,0.04987241809430998,,,,1,26.019022334367037,-0.014327634125947952,-0.006844343151897192,-0.0043023694306612015,-0.17808602031578946
2024-09-04,fold_7,"Inflation bear, AI rally and 2025",0.004729967564344406,1,0.0009332209010608494,1,0.0009332209010608494,0.05080563899537083,,,,1,9.332209010608494,0.0011330097913742065,0.017240503802895546,0.004729967564344406,0.06450909024050137
2024-09-05,fold_7,"Inflation bear, AI rally and 2025",0.00509880855679512,1,-0.02715265564620495,-1,-0.02715265564620495,0.02365298334916588,,,,0,-271.5265564620495,-0.011673446744680405,0.026075517758727074,0.00509880855679512,-1.9038919504433214
2024-09-06,fold_7,"Inflation bear, AI rally and 2025",0.006455320864915848,1,0.012777626514434814,1,0.012777626514434814,0.036430609863600694,,,,1,127.77626514434814,-0.012539912015199661,0.05769813060760498,0.006455320864915848,0.9153524726053623
2024-09-09,fold_7,"Inflation bear, AI rally and 2025",0.010583456605672836,1,0.009199365973472595,1,0.009199365973472595,0.04562997583707329,,,,1,91.99365973472595,-0.006629232317209244,0.040492791682481766,0.010583456605672836,0.6477990684838638
2024-09-10,fold_7,"Inflation bear, AI rally and 2025",0.007379952818155289,1,0.02148294448852539,1,0.02148294448852539,0.06711292032559868,,,,1,214.8294448852539,-0.018289510160684586,0.03182163089513779,0.007379952818155289,1.4979981112463576
2024-09-11,fold_7,"Inflation bear, AI rally and 2025",-0.003403209149837494,-1,0.009768233634531498,1,-0.009768233634531498,0.05734468669106718,,,,0,-97.68233634531498,-0.036082763224840164,0.005999751389026642,-0.003403209149837494,0.6929635978910342
2024-09-12,fold_7,"Inflation bear, AI rally and 2025",-0.00516342930495739,-1,0.004469958133995533,1,-0.004469958133995533,0.05287472855707165,,,,0,-44.69958133995533,-0.030790019780397415,0.02120135724544525,-0.00516342930495739,0.31336561528243373
2024-09-13,fold_7,"Inflation bear, AI rally and 2025",-0.001753930002450943,-1,-0.004427712876349688,-1,0.004427712876349688,0.057302441433421336,,,,1,44.277128763496876,-0.022862236946821213,0.014826271682977676,-0.001753930002450943,-0.3362951999478053
2024-09-16,fold_7,"Inflation bear, AI rally and 2025",-0.0011714845895767212,-1,0.0005282060010358691,1,-0.0005282060010358691,0.05677423543238547,,,,0,-5.282060010358691,-0.021837878972291946,0.021901145577430725,-0.0011714845895767212,0.04001501336320814
2024-09-17,fold_7,"Inflation bear, AI rally and 2025",-0.0006169378757476807,-1,-0.0043389336206018925,-1,0.0043389336206018925,0.06111316905298736,,,,1,43.389336206018925,-0.02216816321015358,0.026184871792793274,-0.0006169378757476807,-0.33702704962507524
2024-09-18,fold_7,"Inflation bear, AI rally and 2025",-0.003425922244787216,-1,0.024969838559627533,1,-0.024969838559627533,0.036143330493359827,,,,0,-249.69838559627533,-0.02366119995713234,0.031450558453798294,-0.003425922244787216,1.9353316350330982
2024-09-19,fold_7,"Inflation bear, AI rally and 2025",-0.005821544677019119,-1,-0.001905126846395433,-1,0.001905126846395433,0.03804845733975526,,,,1,19.05126846395433,-0.019748974591493607,0.013965615071356297,-0.005821544677019119,-0.13588783905280025
2024-09-20,fold_7,"Inflation bear, AI rally and 2025",0.00020171701908111572,1,0.00264716031961143,1,0.00264716031961143,0.04069561765936669,,,,1,26.4716031961143,-0.02002585306763649,0.010298335924744606,0.00020171701908111572,0.19516890485055438
2024-09-23,fold_7,"Inflation bear, AI rally and 2025",-0.00256337970495224,-1,0.004811933264136314,1,-0.004811933264136314,0.035883684395230375,,,,0,-48.119332641363144,-0.015428699553012848,0.010359362699091434,-0.00256337970495224,0.3601650575373757
2024-09-24,fold_7,"Inflation bear, AI rally and 2025",-0.0035470090806484222,-1,0.000926753506064415,1,-0.000926753506064415,0.03495693088916596,,,,0,-9.26753506064415,-0.013256348669528961,-0.00848300475627184,-0.0035470090806484222,0.07007636915393543
2024-09-25,fold_7,"Inflation bear, AI rally and 2025",-0.003043767064809799,-1,0.007484894711524248,1,-0.007484894711524248,0.027472036177641712,,,,0,-74.84894711524248,-0.02000470831990242,-0.0079979058355093,-0.003043767064809799,0.5666209948426726
2024-09-26,fold_7,"Inflation bear, AI rally and 2025",-0.003566805273294449,-1,-0.005572405643761158,-1,0.005572405643761158,0.03304444182140287,,,,1,55.72405643761158,-0.01896742358803749,-0.01623002626001835,-0.003566805273294449,-0.42640010528638966
2024-09-27,fold_7,"Inflation bear, AI rally and 2025",-0.0009156689047813416,-1,0.002708186861127615,1,-0.002708186861127615,0.030336254960275255,,,,0,-27.08186861127615,-0.01336618885397911,0.0011703327763825655,-0.0009156689047813416,0.20635895787142886
2024-09-30,fold_7,"Inflation bear, AI rally and 2025",0.0030151940882205963,1,-0.01403043419122696,-1,-0.01403043419122696,0.016305820769048296,,,,0,-140.3043419122696,-0.009055905044078827,-0.01230729091912508,0.0030151940882205963,-1.0903610458416224
2024-10-01,fold_7,"Inflation bear, AI rally and 2025",0.0026356875896453857,1,0.0014118520775809884,1,0.0014118520775809884,0.017717672846629284,,,,1,14.118520775809884,-0.013185925781726837,0.01654731296002865,0.0026356875896453857,0.12484405696456018
2024-10-02,fold_7,"Inflation bear, AI rally and 2025",0.0038141831755638123,1,-0.0007472253055311739,-1,-0.0007472253055311739,0.01697044754109811,,,,0,-7.4722530553117394,-0.01668175309896469,0.022973094135522842,0.0038141831755638123,-0.06613572954546378
2024-10-03,fold_7,"Inflation bear, AI rally and 2025",0.0006101168692111969,1,0.011827953159809113,1,0.011827953159809113,0.028798400700907223,,,,1,118.27953159809113,-0.02966628596186638,0.022584062069654465,0.0006101168692111969,1.0469375004229724
2024-10-04,fold_7,"Inflation bear, AI rally and 2025",-0.005002887919545174,-1,-0.010769437067210674,-1,0.010769437067210674,0.0395678377681179,,,,1,107.69437067210674,-0.02130093052983284,0.012317989021539688,-0.005002887919545174,-1.0891617760661183
2024-10-07,fold_7,"Inflation bear, AI rally and 2025",-0.004389982670545578,-1,0.014824170619249344,1,-0.014824170619249344,0.024743667148868553,,,,0,-148.24170619249344,-0.02840043231844902,0.03144397586584091,-0.004389982670545578,1.5176988523165102
2024-10-08,fold_7,"Inflation bear, AI rally and 2025",0.002411983907222748,1,0.007837631739675999,1,0.007837631739675999,0.03258129888854455,,,,1,78.37631739675999,-0.0035977065563201904,0.0031628955621272326,0.002411983907222748,0.7754292898477891
2024-10-09,fold_7,"Inflation bear, AI rally and 2025",0.0006280727684497833,1,-0.0011362562654539943,-1,-0.0011362562654539943,0.03144504262309056,,,,0,-11.362562654539943,0.012309439480304718,-0.004552541300654411,0.0006280727684497833,-0.1253588476074635
2024-10-10,fold_7,"Inflation bear, AI rally and 2025",0.0005922652781009674,1,0.001561879413202405,1,0.001561879413202405,0.03300692203629296,,,,1,15.61879413202405,0.025141889229416847,-0.0027240037452429533,0.0005922652781009674,0.17747454318489056
2024-10-11,fold_7,"Inflation bear, AI rally and 2025",0.0033286921679973602,1,0.008356551639735699,1,0.008356551639735699,0.04136347367602866,,,,1,83.56551639735699,0.024273833259940147,0.002247402211651206,0.0033286921679973602,0.9549677424647902
2024-10-14,fold_7,"Inflation bear, AI rally and 2025",0.001783464103937149,1,-0.013456911779940128,-1,-0.013456911779940128,0.027906561896088533,,,,0,-134.56911779940128,0.008880160748958588,-0.004189664032310247,0.001783464103937149,-1.5132110812818254
2024-10-15,fold_7,"Inflation bear, AI rally and 2025",0.0036926716566085815,1,0.0001221949642058462,1,0.0001221949642058462,0.02802875686029438,,,,1,1.221949642058462,0.014415102079510689,0.010356641374528408,0.0036926716566085815,0.013016782504661328
2024-10-16,fold_7,"Inflation bear, AI rally and 2025",0.008747771382331848,1,0.0006922814645804465,1,0.0006922814645804465,0.028721038324874826,,,,1,6.922814645804465,0.017327088862657547,-0.005208073649555445,0.008747771382331848,0.07414180294465159
2024-10-17,fold_7,"Inflation bear, AI rally and 2025",0.004520241171121597,1,0.006533285602927208,1,0.006533285602927208,0.035254323927802034,,,,1,65.33285602927208,0.01682117208838463,0.002175822388380766,0.004520241171121597,0.8727836942491176
2024-10-18,fold_7,"Inflation bear, AI rally and 2025",0.007013365626335144,1,0.0019194857450202107,1,0.0019194857450202107,0.037173809672822244,,,,1,19.194857450202107,0.023431789129972458,0.0017176733817905188,0.007013365626335144,0.2520701414263569
2024-10-21,fold_7,"Inflation bear, AI rally and 2025",0.003874450922012329,1,0.0010893935104832053,1,0.0010893935104832053,0.03826320318330545,,,,1,10.893935104832053,0.00949990376830101,-4.0421302401227877e-05,0.003874450922012329,0.1432664185763382
2024-10-22,fold_7,"Inflation bear, AI rally and 2025",0.0016745179891586304,1,-0.015442520380020142,-1,-0.015442520380020142,0.022820682803285308,,,,0,-154.42520380020142,0.006789691746234894,0.008432736620306969,0.0016745179891586304,-2.05041872134211
2024-10-23,fold_7,"Inflation bear, AI rally and 2025",0.003781057894229889,1,0.008076177909970284,1,0.008076177909970284,0.03089686071325559,,,,1,80.76177909970284,-0.007537882775068283,0.016289012506604195,0.003781057894229889,0.975069619641989
2024-10-24,fold_7,"Inflation bear, AI rally and 2025",0.004149455577135086,1,0.006075136363506317,1,0.006075136363506317,0.03697199707676191,,,,1,60.75136363506317,0.0025414153933525085,-0.01735398918390274,0.004149455577135086,0.7310287339358255
2024-10-25,fold_7,"Inflation bear, AI rally and 2025",-0.0019644424319267273,-1,0.00016139104263857007,1,-0.00016139104263857007,0.03681060603412334,,,,0,-1.6139104263857007,-0.0037069171667099,-0.016057491302490234,-0.0019644424319267273,0.019379350634746075
2024-10-28,fold_7,"Inflation bear, AI rally and 2025",0.004341907799243927,1,0.00956255104392767,1,0.00956255104392767,0.04637315707805101,,,,1,95.6255104392767,0.004889287054538727,-0.019136182963848114,0.004341907799243927,1.1512792631994628
2024-10-29,fold_7,"Inflation bear, AI rally and 2025",-6.593763828277588e-05,-1,-0.007586243096739054,-1,0.007586243096739054,0.05395940017479006,,,,1,75.86243096739054,0.010918211191892624,-0.016022659838199615,-6.593763828277588e-05,-0.9503655323814653
2024-10-30,fold_7,"Inflation bear, AI rally and 2025",0.004326052963733673,1,-0.02556682378053665,-1,-0.02556682378053665,0.02839257639425341,,,,0,-255.66823780536652,0.02447362430393696,0.018364498391747475,0.004326052963733673,-3.135267415563969
2024-10-31,fold_7,"Inflation bear, AI rally and 2025",0.011838164180517197,1,0.007371632847934961,1,0.007371632847934961,0.03576420924218837,,,,1,73.71632847934961,0.002305947244167328,0.05955290049314499,0.011838164180517197,0.7403067553257175
2024-11-01,fold_7,"Inflation bear, AI rally and 2025",0.004024256020784378,1,-0.0029172992799431086,-1,-0.0029172992799431086,0.03284690996224526,,,,0,-29.172992799431086,0.002351973205804825,0.05334897339344025,0.004024256020784378,-0.29950634869518994
2024-11-04,fold_7,"Inflation bear, AI rally and 2025",0.010718997567892075,1,0.012676074169576168,1,0.012676074169576168,0.04552298413182143,,,,1,126.76074169576168,0.00292133167386055,0.055682770907878876,0.010718997567892075,1.3398945483494553
2024-11-05,fold_7,"Inflation bear, AI rally and 2025",0.005873415619134903,1,0.026800915598869324,1,0.026800915598869324,0.07232389973069075,,,,1,268.00915598869324,-0.002803359180688858,0.04119488596916199,0.005873415619134903,2.8808626073089583
2024-11-06,fold_7,"Inflation bear, AI rally and 2025",-0.00872679241001606,-1,0.015621576458215714,1,-0.015621576458215714,0.05670232327247504,,,,0,-156.21576458215714,-0.011289987713098526,0.01310655102133751,-0.00872679241001606,1.4296840550942842
2024-11-07,fold_7,"Inflation bear, AI rally and 2025",-0.004707619547843933,-1,0.0011677085421979427,1,-0.0011677085421979427,0.0555346147302771,,,,0,-11.677085421979427,0.014761118218302727,-0.00948903989046812,-0.004707619547843933,0.10181834569816123
2024-11-08,fold_7,"Inflation bear, AI rally and 2025",-0.0013627894222736359,-1,-0.0005835042102262378,-1,0.0005835042102262378,0.056118118940503336,,,,1,5.835042102262378,0.016107046976685524,-0.034771133214235306,-0.0013627894222736359,-0.05088905969453027
2024-11-11,fold_7,"Inflation bear, AI rally and 2025",-0.0020111948251724243,-1,-0.0018118094885721803,-1,0.0018118094885721803,0.05792992842907552,,,,1,18.118094885721803,0.023997794836759567,-0.02726396732032299,-0.0020111948251724243,-0.16014334393689053
2024-11-12,fold_7,"Inflation bear, AI rally and 2025",-0.0026808641850948334,-1,-0.0012874208623543382,-1,0.0012874208623543382,0.059217349291429855,,,,1,12.874208623543382,0.025081465020775795,-0.018596025183796883,-0.0026808641850948334,-0.11796369941144873
2024-11-13,fold_7,"Inflation bear, AI rally and 2025",-0.0006145834922790527,-1,-0.006974013987928629,-1,0.006974013987928629,0.06619136327935848,,,,1,69.74013987928629,0.01115211471915245,-0.01788480579853058,-0.0006145834922790527,-0.6387942340020782
2024-11-14,fold_7,"Inflation bear, AI rally and 2025",-0.0029741600155830383,-1,-0.02411438338458538,-1,0.02411438338458538,0.09030574666394386,,,,1,241.1438338458538,0.00849837064743042,-0.00732002779841423,-0.0029741600155830383,-2.1868111876517204
2024-11-15,fold_7,"Inflation bear, AI rally and 2025",0.0007701516151428223,1,0.006923658773303032,1,0.006923658773303032,0.0972294054372469,,,,1,69.23658773303032,0.0003021620213985443,0.018397189676761627,0.0007701516151428223,0.5680860031384004
2024-11-18,fold_7,"Inflation bear, AI rally and 2025",0.008029032498598099,1,0.006856133230030537,1,0.006856133230030537,0.10408553866727743,,,,1,68.56133230030537,-0.005107715725898743,0.01305388379842043,0.008029032498598099,0.558401971919163
2024-11-19,fold_7,"Inflation bear, AI rally and 2025",0.0021109730005264282,1,-0.0005762007203884423,-1,-0.0005762007203884423,0.10350933794688899,,,,0,-5.762007203884423,-0.01239049807190895,0.01155262440443039,0.0021109730005264282,-0.046576442710721276
2024-11-20,fold_7,"Inflation bear, AI rally and 2025",0.00052696093916893,1,0.0035907637793570757,1,0.0035907637793570757,0.10710010172624607,,,,1,35.90763779357076,-0.01108163595199585,0.0042242552153766155,0.00052696093916893,0.30225052300490235
2024-11-21,fold_7,"Inflation bear, AI rally and 2025",-0.0013669580221176147,-1,0.0016028343234211206,1,-0.0016028343234211206,0.10549726740282495,,,,0,-16.028343234211206,-0.014649003744125366,0.00938198808580637,-0.0013669580221176147,0.1361859766994263
2024-11-22,fold_7,"Inflation bear, AI rally and 2025",-0.0035133399069309235,-1,0.0015803531277924776,1,-0.0015803531277924776,0.10391691427503247,,,,0,-15.803531277924776,-0.00748467817902565,0.01860809698700905,-0.0035133399069309235,0.13511581519797833
2024-11-25,fold_7,"Inflation bear, AI rally and 2025",-0.003687158226966858,-1,0.0053548733703792095,1,-0.0053548733703792095,0.09856204090465326,,,,0,-53.548733703792095,-0.0027565844357013702,0.020089376717805862,-0.003687158226966858,0.457620211764222
2024-11-26,fold_7,"Inflation bear, AI rally and 2025",-0.0037784799933433533,-1,-0.007904569618403912,-1,0.007904569618403912,0.10646661052305717,,,,1,79.04569618403912,0.00030129775404930115,0.027021605521440506,-0.0037784799933433533,-0.6833908702918953
2024-11-27,fold_7,"Inflation bear, AI rally and 2025",-0.002050112932920456,-1,0.008748495951294899,1,-0.008748495951294899,0.09771811457176227,,,,0,-87.48495951294899,0.011505890637636185,0.03215114027261734,-0.002050112932920456,0.7556567176370566
2024-11-29,fold_7,"Inflation bear, AI rally and 2025",-0.000545211136341095,-1,0.010828942991793156,1,-0.010828942991793156,0.08688917157996912,,,,0,-108.28942991793156,0.005265586078166962,0.03231269493699074,-0.000545211136341095,1.055899376910174
2024-12-02,fold_7,"Inflation bear, AI rally and 2025",-0.0030351094901561737,-1,0.003061633324250579,1,-0.003061633324250579,0.08382753825571854,,,,0,-30.61633324250579,-0.005322497338056564,0.013665560632944107,-0.0030351094901561737,0.29416382393420215
2024-12-03,fold_7,"Inflation bear, AI rally and 2025",-0.0024081505835056305,-1,0.01228710263967514,1,-0.01228710263967514,0.0715404356160434,,,,0,-122.8710263967514,-0.002429615706205368,0.007190646603703499,-0.0024081505835056305,1.180318253081192
2024-12-04,fold_7,"Inflation bear, AI rally and 2025",-0.0021240562200546265,-1,-0.0027750355657190084,-1,0.0027750355657190084,0.0743154711817624,,,,1,27.750355657190084,-0.0028381459414958954,0.012647631578147411,-0.0021240562200546265,-0.2671733985316268
2024-12-05,fold_7,"Inflation bear, AI rally and 2025",-0.0005373433232307434,-1,0.008910051546990871,1,-0.008910051546990871,0.06540541963477153,,,,0,-89.10051546990871,0.0013197027146816254,0.008947910740971565,-0.0005373433232307434,1.0474948066388639
2024-12-06,fold_7,"Inflation bear, AI rally and 2025",-0.00564933754503727,-1,-0.007818191312253475,-1,0.007818191312253475,0.07322361094702501,,,,1,78.18191312253475,0.005150370299816132,0.007663036696612835,-0.00564933754503727,-0.9763530416449152
2024-12-09,fold_7,"Inflation bear, AI rally and 2025",-0.0018216930329799652,-1,-0.0034132804721593857,-1,0.0034132804721593857,0.0766368914191844,,,,1,34.13280472159386,0.0036956146359443665,0.029779212549328804,-0.0018216930329799652,-0.41666036610704454
2024-12-10,fold_7,"Inflation bear, AI rally and 2025",6.92605972290039e-05,1,0.017744088545441628,1,0.017744088545441628,0.09438097996462602,,,,1,177.44088545441628,0.00689668208360672,0.028778880834579468,6.92605972290039e-05,2.1569583437642637
2024-12-11,fold_7,"Inflation bear, AI rally and 2025",-0.0023753494024276733,-1,-0.006474756635725498,-1,0.006474756635725498,0.10085573660035152,,,,1,64.74756635725498,-0.006094995886087418,-0.025708824396133423,-0.0023753494024276733,-0.7096169509710132
2024-12-12,fold_7,"Inflation bear, AI rally and 2025",-0.005039386451244354,-1,0.007625177036970854,1,-0.007625177036970854,0.09323055956338067,,,,0,-76.25177036970854,-0.013382956385612488,-0.023697493597865105,-0.005039386451244354,0.8257751735954242
2024-12-13,fold_7,"Inflation bear, AI rally and 2025",-0.0058473851531744,-1,0.01429798360913992,1,-0.01429798360913992,0.07893257595424075,,,,0,-142.9798360913992,-0.01700078323483467,-0.022628068923950195,-0.0058473851531744,1.5441146298969766
2024-12-16,fold_7,"Inflation bear, AI rally and 2025",-0.008077157661318779,-1,-0.004413610324263573,-1,0.004413610324263573,0.08334618627850432,,,,1,44.13610324263573,-0.028651464730501175,-0.02723037078976631,-0.008077157661318779,-0.5396602766272658
2024-12-17,fold_7,"Inflation bear, AI rally and 2025",-0.005672425031661987,-1,-0.03674361854791641,-1,0.03674361854791641,0.12008980482642073,,,,1,367.4361854791641,-0.016295671463012695,-0.00934807863086462,-0.005672425031661987,-4.541270883179465
2024-12-18,fold_7,"Inflation bear, AI rally and 2025",-0.0023800544440746307,-1,-0.004463426768779755,-1,0.004463426768779755,0.12455323159520049,,,,1,44.634267687797546,-0.015854470431804657,0.026716021820902824,-0.0023800544440746307,-0.39053926853043847
2024-12-19,fold_7,"Inflation bear, AI rally and 2025",-0.000307716429233551,-1,0.00869460217654705,1,-0.00869460217654705,0.11585862941865344,,,,0,-86.9460217654705,0.005527310073375702,0.017797116190195084,-0.000307716429233551,0.7579205871356646
2024-12-20,fold_7,"Inflation bear, AI rally and 2025",0.005653642117977142,1,0.009695682674646378,1,0.009695682674646378,0.1255543120932998,,,,1,96.95682674646378,0.008974123746156693,-0.004286685958504677,0.005653642117977142,0.8352949709807537
2024-12-23,fold_7,"Inflation bear, AI rally and 2025",0.008063755929470062,1,0.013468680903315544,1,0.013468680903315544,0.13902299299661536,,,,1,134.68680903315544,0.007687292993068695,-0.02251328155398369,0.008063755929470062,1.1411439948871818
2024-12-24,fold_7,"Inflation bear, AI rally and 2025",0.0015892423689365387,1,-0.000679517223034054,-1,-0.000679517223034054,0.1383434757735813,,,,0,-6.79517223034054,0.012870848178863525,-0.03793996945023537,0.0015892423689365387,-0.05580862951838488
2024-12-26,fold_7,"Inflation bear, AI rally and 2025",-0.003914074972271919,-1,-0.01338233333081007,-1,0.01338233333081007,0.15172580910439137,,,,1,133.8233333081007,0.016525959596037865,-0.02102765068411827,-0.003914074972271919,-1.104355311002339
2024-12-27,fold_7,"Inflation bear, AI rally and 2025",-0.0036778301000595093,-1,-0.013389199040830135,-1,0.013389199040830135,0.1651150081452215,,,,1,133.89199040830135,0.007513899356126785,0.0037819980643689632,-0.0036778301000595093,-1.0836190505276386
2024-12-30,fold_7,"Inflation bear, AI rally and 2025",0.001476868987083435,1,-0.008530912920832634,-1,-0.008530912920832634,0.15658409522438888,,,,0,-85.30912920832634,0.004533585160970688,-0.0008342231158167124,0.001476868987083435,-0.6790967534261981
2024-12-31,fold_7,"Inflation bear, AI rally and 2025",0.011812586337327957,1,-0.001958006527274847,-1,-0.001958006527274847,0.15462608869711403,,,,0,-19.58006527274847,0.010758664458990097,0.007871338166296482,0.011812586337327957,-0.15697591873959477
2025-01-02,fold_7,"Inflation bear, AI rally and 2025",0.010864652693271637,1,0.016232801601290703,1,0.016232801601290703,0.17085889029840473,,,,1,162.32801601290703,-0.008289922028779984,-0.005975963082164526,0.010864652693271637,1.302564693849145
2025-01-03,fold_7,"Inflation bear, AI rally and 2025",0.004716057330369949,1,0.011427314952015877,1,0.011427314952015877,0.1822862052504206,,,,1,114.27314952015877,-0.015039347112178802,-0.025427700951695442,0.004716057330369949,0.9007871628095191
2025-01-06,fold_7,"Inflation bear, AI rally and 2025",-0.0009941011667251587,-1,-0.01800542138516903,-1,0.01800542138516903,0.20029162663558964,,,,1,180.0542138516903,-0.012020628899335861,-0.037804875522851944,-0.0009941011667251587,-1.3929812999224083
2025-01-07,fold_7,"Inflation bear, AI rally and 2025",0.005351617932319641,1,0.00017464857955928892,1,0.00017464857955928892,0.20046627521514893,,,,1,1.7464857955928892,-0.003948811441659927,0.0029459847137331963,0.005351617932319641,0.013042302412667819
2025-01-08,fold_7,"Inflation bear, AI rally and 2025",0.005464687943458557,1,-0.015805307775735855,-1,-0.015805307775735855,0.18466096743941307,,,,0,-158.05307775735855,0.005053263157606125,-0.004259203560650349,0.005464687943458557,-1.1904829162064468
2025-01-10,fold_7,"Inflation bear, AI rally and 2025",0.004871834069490433,1,-0.0032189367339015007,-1,-0.0032189367339015007,0.18144203070551157,,,,0,-32.18936733901501,-0.013249419629573822,0.028283799067139626,0.004871834069490433,-0.23465888856546038
2025-01-13,fold_7,"Inflation bear, AI rally and 2025",0.008473418653011322,1,-0.0009498588042333722,-1,-0.0009498588042333722,0.1804921719012782,,,,0,-9.498588042333722,-0.00703231617808342,0.03735056519508362,0.008473418653011322,-0.07222777190658458
2025-01-14,fold_7,"Inflation bear, AI rally and 2025",0.014586485922336578,1,0.022745439782738686,1,0.022745439782738686,0.20323761168401688,,,,1,227.45439782738686,-0.014490026980638504,0.05100506544113159,0.014586485922336578,1.7399232613692317
2025-01-15,fold_7,"Inflation bear, AI rally and 2025",0.005237635225057602,1,-0.007030539680272341,-1,-0.007030539680272341,0.19620707200374454,,,,0,-70.30539680272341,-0.027614448219537735,0.030383583158254623,0.005237635225057602,-0.5049517597581288
2025-01-16,fold_7,"Inflation bear, AI rally and 2025",-8.571892976760864e-05,-1,0.016737693920731544,1,-0.016737693920731544,0.179469378083013,,,,0,-167.37693920731544,-0.03547387197613716,0.03174690529704094,-8.571892976760864e-05,1.2269209099107852
2025-01-17,fold_7,"Inflation bear, AI rally and 2025",-0.0008144490420818329,-1,0.005847829394042492,1,-0.005847829394042492,0.1736215486889705,,,,0,-58.47829394042492,-0.004804052412509918,-0.014537647366523743,-0.0008144490420818329,0.4143973905147078
2025-01-21,fold_7,"Inflation bear, AI rally and 2025",0.002566073089838028,1,0.012704640626907349,1,0.012704640626907349,0.18632618931587785,,,,1,127.04640626907349,-0.007410239428281784,-0.005713867023587227,0.002566073089838028,1.100211193259038
2025-01-22,fold_7,"Inflation bear, AI rally and 2025",-0.001282278448343277,-1,0.0021239574998617172,1,-0.0021239574998617172,0.18420223181601614,,,,0,-21.239574998617172,-0.00829434022307396,-0.02029821276664734,-0.001282278448343277,0.1792397771662967
2025-01-23,fold_7,"Inflation bear, AI rally and 2025",-0.002553541213274002,-1,-0.005667216144502163,-1,0.005667216144502163,0.1898694479605183,,,,1,56.67216144502163,-7.975101470947266e-05,-0.018168844282627106,-0.002553541213274002,-0.4844238379339672
2025-01-24,fold_7,"Inflation bear, AI rally and 2025",-0.0005220137536525726,-1,-0.029546858742833138,-1,0.029546858742833138,0.21941630670335144,,,,1,295.4685874283314,0.007514581084251404,-0.013955770991742611,-0.0005220137536525726,-2.554659461653467
2025-01-27,fold_7,"Inflation bear, AI rally and 2025",-0.0007605887949466705,-1,0.014671609736979008,1,-0.014671609736979008,0.20474469696637243,,,,0,-146.71609736979008,0.0021472088992595673,0.007555878255516291,-0.0007605887949466705,1.1307622690069064
2025-01-28,fold_7,"Inflation bear, AI rally and 2025",0.001690443605184555,1,-0.0018797048833221197,-1,-0.0018797048833221197,0.2028649920830503,,,,0,-18.797048833221197,-0.012849528342485428,0.00508470181375742,0.001690443605184555,-0.14046057405372117
2025-01-29,fold_7,"Inflation bear, AI rally and 2025",-0.0026070959866046906,-1,0.004253325052559376,1,-0.004253325052559376,0.19861166703049093,,,,0,-42.53325052559376,-0.021880488842725754,0.011492137797176838,-0.0026070959866046906,0.3259162506482828
2025-01-30,fold_7,"Inflation bear, AI rally and 2025",0.0015361011028289795,1,-0.0014541425043717027,-1,-0.0014541425043717027,0.19715752452611923,,,,0,-14.541425043717027,-0.012204010039567947,0.01244503352791071,0.0015361011028289795,-0.11415912596668515
2025-01-31,fold_7,"Inflation bear, AI rally and 2025",-0.002470884472131729,-1,-0.008035209029912949,-1,0.008035209029912949,0.20519273355603218,,,,1,80.35209029912949,-0.02461038902401924,0.0012055110419169068,-0.002470884472131729,-0.6377956415929221
2025-02-03,fold_7,"Inflation bear, AI rally and 2025",-0.006527571007609367,-1,0.01220043282955885,1,-0.01220043282955885,0.19299230072647333,,,,0,-122.0043282955885,-0.026006486266851425,0.021273206919431686,-0.006527571007609367,0.9592780334475167
2025-02-04,fold_7,"Inflation bear, AI rally and 2025",-0.0017472058534622192,-1,0.004527731332927942,1,-0.004527731332927942,0.1884645693935454,,,,0,-45.27731332927942,-0.018996890634298325,0.006689184810966253,-0.0017472058534622192,0.36248105051066565
2025-02-05,fold_7,"Inflation bear, AI rally and 2025",0.0004071146249771118,1,0.00520622031763196,1,0.00520622031763196,0.19367078971117735,,,,1,52.0622031763196,-0.010649990290403366,0.0027484078891575336,0.0004071146249771118,0.424351776164534
2025-02-06,fold_7,"Inflation bear, AI rally and 2025",-0.00036260858178138733,-1,-0.01269366405904293,-1,0.01269366405904293,0.20636445377022028,,,,1,126.9366405904293,-0.012166380882263184,0.011825453490018845,-0.00036260858178138733,-1.0898155390432156
2025-02-07,fold_7,"Inflation bear, AI rally and 2025",-0.0025458931922912598,-1,0.012032486498355865,1,-0.012032486498355865,0.19433196727186441,,,,0,-120.32486498355865,-0.014367382973432541,0.028708897531032562,-0.0025458931922912598,1.0036834697670374
2025-02-10,fold_7,"Inflation bear, AI rally and 2025",0.0012163110077381134,1,-0.002383588580414653,-1,-0.002383588580414653,0.19194837869144976,,,,0,-23.83588580414653,-0.016382381319999695,0.018940920010209084,0.0012163110077381134,-0.20256088020514224
2025-02-11,fold_7,"Inflation bear, AI rally and 2025",2.913549542427063e-05,1,0.0005869545857422054,1,0.0005869545857422054,0.19253533327719197,,,,1,5.869545857422054,-0.01762630045413971,0.021602557972073555,2.913549542427063e-05,0.04992246657520241
2025-02-12,fold_7,"Inflation bear, AI rally and 2025",-0.0030111856758594513,-1,0.014283265918493271,1,-0.014283265918493271,0.1782520673586987,,,,0,-142.8326591849327,-0.031378183513879776,0.016762059181928635,-0.0030111856758594513,1.2149625157575195
2025-02-13,fold_7,"Inflation bear, AI rally and 2025",-0.0021532773971557617,-1,0.004189779050648212,1,-0.004189779050648212,0.17406228830805048,,,,0,-41.897790506482124,-0.026303526014089584,-0.01849435083568096,-0.0021532773971557617,0.3784886720745663
2025-02-14,fold_7,"Inflation bear, AI rally and 2025",-0.0014460571110248566,-1,0.002264508744701743,1,-0.002264508744701743,0.17179777956334874,,,,0,-22.64508744701743,-0.01880350336432457,-0.034558553248643875,-0.0014460571110248566,0.20591048791693217
2025-02-18,fold_7,"Inflation bear, AI rally and 2025",-0.001274995505809784,-1,0.0002780499344225973,1,-0.0002780499344225973,0.17151972962892614,,,,0,-2.780499344225973,-0.010948844254016876,-0.049502383917570114,-0.001274995505809784,0.02685567236901609
2025-02-19,fold_7,"Inflation bear, AI rally and 2025",-0.0007292404770851135,-1,-0.00425354391336441,-1,0.00425354391336441,0.17577327354229055,,,,1,42.535439133644104,-0.012604475021362305,-0.04736772179603577,-0.0007292404770851135,-0.4141406173823227
2025-02-20,fold_7,"Inflation bear, AI rally and 2025",0.0018001124262809753,1,-0.020973144099116325,-1,-0.020973144099116325,0.15480012944317423,,,,0,-209.73144099116325,0.0024768412113189697,-0.07127831876277924,0.0018001124262809753,-2.115124717352403
2025-02-21,fold_7,"Inflation bear, AI rally and 2025",0.004030086100101471,1,-0.011874424293637276,-1,-0.011874424293637276,0.14292570514953695,,,,0,-118.74424293637276,0.009033583104610443,-0.03463706746697426,0.004030086100101471,-1.083570530091159
2025-02-24,fold_7,"Inflation bear, AI rally and 2025",0.004744593054056168,1,-0.012679321691393852,-1,-0.012679321691393852,0.1302463834581431,,,,0,-126.79321691393852,-0.0028335824608802795,-0.04488817974925041,0.004744593054056168,-1.1316524071712148
2025-02-25,fold_7,"Inflation bear, AI rally and 2025",0.008258819580078125,1,0.002412711502984166,1,0.002412711502984166,0.13265909496112727,,,,1,24.12711502984166,-0.0006995797157287598,-0.035231202840805054,0.008258819580078125,0.2544313760054517
2025-02-26,fold_7,"Inflation bear, AI rally and 2025",0.01158227026462555,1,-0.02816414088010788,-1,-0.02816414088010788,0.10449495408101939,,,,0,-281.6414088010788,0.001047234982252121,-0.02469206415116787,0.01158227026462555,-3.1597074203238327
2025-02-27,fold_7,"Inflation bear, AI rally and 2025",0.007381066679954529,1,0.015668107196688652,1,0.015668107196688652,0.12016306127770804,,,,1,156.68107196688652,-0.01315787062048912,-0.02442282810807228,0.007381066679954529,1.436683933453293
2025-02-28,fold_7,"Inflation bear, AI rally and 2025",0.008012179285287857,1,-0.02212553843855858,-1,-0.02212553843855858,0.09803752283914946,,,,0,-221.25538438558578,-0.013009756803512573,-0.0327642448246479,0.008012179285287857,-1.9382641638574425
2025-03-03,fold_7,"Inflation bear, AI rally and 2025",0.012320559471845627,1,-0.0030223436187952757,-1,-0.0030223436187952757,0.09501517922035418,,,,0,-30.223436187952757,-0.002094544470310211,-0.05016609653830528,0.012320559471845627,-0.2430142505803539
2025-03-04,fold_7,"Inflation bear, AI rally and 2025",0.011981919407844543,1,0.012951849959790707,1,0.012951849959790707,0.10796702918014489,,,,1,129.51849959790707,-0.0012908130884170532,-0.04953701049089432,0.011981919407844543,1.0508624067943906
2025-03-05,fold_7,"Inflation bear, AI rally and 2025",0.013641398400068283,1,-0.02789490483701229,-1,-0.02789490483701229,0.0800721243431326,,,,0,-278.9490483701229,-0.01032809168100357,-0.05127124860882759,0.013641398400068283,-2.2562760531011747
2025-03-06,fold_7,"Inflation bear, AI rally and 2025",0.014489568769931793,1,0.007326692808419466,1,0.007326692808419466,0.08739881715155207,,,,1,73.26692808419466,0.00471830740571022,-0.04153061285614967,0.014489568769931793,0.530514293447537
2025-03-07,fold_7,"Inflation bear, AI rally and 2025",0.011814933270215988,1,-0.039527393877506256,-1,-0.039527393877506256,0.04787142327404581,,,,0,-395.27393877506256,0.0012846626341342926,-0.024974392727017403,0.011814933270215988,-2.8521982387636458
2025-03-10,fold_7,"Inflation bear, AI rally and 2025",0.01784951239824295,1,-0.002393258037045598,-1,-0.002393258037045598,0.04547816523700021,,,,0,-23.93258037045598,0.007087148725986481,0.021015793085098267,0.01784951239824295,-0.14782092154955517
2025-03-11,fold_7,"Inflation bear, AI rally and 2025",0.01965681090950966,1,0.011217612773180008,1,0.011217612773180008,0.05669577801018022,,,,1,112.17612773180008,0.007653463631868362,0.0062147388234734535,0.01965681090950966,0.7022379003606621
2025-03-12,fold_7,"Inflation bear, AI rally and 2025",0.012652434408664703,1,-0.018154267221689224,-1,-0.018154267221689224,0.038541510788490996,,,,0,-181.54267221689224,-0.009023208171129227,0.008289692923426628,0.012652434408664703,-1.1233351275181127
2025-03-13,fold_7,"Inflation bear, AI rally and 2025",0.01503453403711319,1,0.0238829106092453,1,0.0238829106092453,0.062424421397736296,,,,1,238.829106092453,0.005284152925014496,0.023048678413033485,0.01503453403711319,1.433327728065527
2025-03-14,fold_7,"Inflation bear, AI rally and 2025",0.00526045635342598,1,0.006462794728577137,1,0.006462794728577137,0.06888721612631343,,,,1,64.62794728577137,-0.006829943507909775,0.002457075286656618,0.00526045635342598,0.3756676896084284
2025-03-17,fold_7,"Inflation bear, AI rally and 2025",0.0015948228538036346,1,-0.017194312065839767,-1,-0.017194312065839767,0.051692904060473666,,,,0,-171.94312065839767,-0.008305080235004425,0.017701327800750732,0.0015948228538036346,-0.997428633637089
2025-03-18,fold_7,"Inflation bear, AI rally and 2025",0.008362635970115662,1,0.013292566873133183,1,0.013292566873133183,0.06498547093360685,,,,1,132.92566873133183,0.015855679288506508,0.040585990995168686,0.008362635970115662,0.7529097085664618
2025-03-19,fold_7,"Inflation bear, AI rally and 2025",0.002892870455980301,1,-0.0033952805679291487,-1,-0.0033952805679291487,0.0615901903656777,,,,0,-33.95280567929149,0.007876493036746979,0.00872135628014803,0.002892870455980301,-0.189645777621097
2025-03-20,fold_7,"Inflation bear, AI rally and 2025",-0.000619884580373764,-1,0.0032913063187152147,1,-0.0032913063187152147,0.058298884046962485,,,,0,-32.91306318715215,0.008009679615497589,0.006402337457984686,-0.000619884580373764,0.18393242786491146
2025-03-21,fold_7,"Inflation bear, AI rally and 2025",-0.001420438289642334,-1,0.021707046777009964,1,-0.021707046777009964,0.03659183726995252,,,,0,-217.07046777009964,0.0010638944804668427,-0.023569578304886818,-0.001420438289642334,1.2558823168990274
2025-03-24,fold_7,"Inflation bear, AI rally and 2025",-0.005751132965087891,-1,0.005690351594239473,1,-0.005690351594239473,0.030901485675713047,,,,0,-56.90351594239473,-0.04249495640397072,-0.04531926289200783,-0.005751132965087891,0.32048442258407656
2025-03-25,fold_7,"Inflation bear, AI rally and 2025",-0.009762173518538475,-1,-0.018572067841887474,-1,0.018572067841887474,0.04947355351760052,,,,1,185.72067841887474,-0.02614331617951393,-0.04298087954521179,-0.009762173518538475,-1.0568059807657881
2025-03-26,fold_7,"Inflation bear, AI rally and 2025",-0.006564045324921608,-1,-0.005714299622923136,-1,0.005714299622923136,0.05518785314052366,,,,1,57.14299622923136,-0.03899781033396721,-0.017136819660663605,-0.006564045324921608,-0.3165865709902819
2025-03-27,fold_7,"Inflation bear, AI rally and 2025",0.0003253258764743805,1,-0.026680609211325645,-1,-0.026680609211325645,0.028507243929198012,,,,0,-266.80609211325645,-0.03725018724799156,-0.06644228845834732,0.0003253258764743805,-1.5728139846911706
2025-03-28,fold_7,"Inflation bear, AI rally and 2025",0.010107878595590591,1,-4.263700975570828e-05,-1,-4.263700975570828e-05,0.028464606919442303,,,,0,-0.4263700975570828,-0.0016939975321292877,-0.10388310998678207,0.010107878595590591,-0.002417402521640605
2025-03-31,fold_7,"Inflation bear, AI rally and 2025",0.01201077550649643,1,0.008028735406696796,1,0.008028735406696796,0.0364933423261391,,,,1,80.28735406696796,-0.002187330275774002,-0.10143010318279266,0.01201077550649643,0.4742472209972108
2025-04-01,fold_7,"Inflation bear, AI rally and 2025",0.014164607971906662,1,0.007271991111338139,1,0.007271991111338139,0.04376533343747724,,,,1,72.71991111338139,-0.011809807270765305,-0.12763145565986633,0.014164607971906662,0.42748922377433163
2025-04-02,fold_7,"Inflation bear, AI rally and 2025",0.007166985422372818,1,-0.055019769817590714,-1,-0.055019769817590714,-0.011254436380113475,,,,0,-550.1976981759071,-0.011015105992555618,-0.021547358483076096,0.007166985422372818,-3.2669603826950797
2025-04-03,fold_7,"Inflation bear, AI rally and 2025",0.02621733397245407,1,-0.06412143260240555,-1,-0.06412143260240555,-0.07537586898251902,,,,0,-641.2143260240555,0.017346233129501343,-0.009990752674639225,0.02621733397245407,-3.2218939204937738
2025-04-04,fold_7,"Inflation bear, AI rally and 2025",0.03453131765127182,1,0.0024103696923702955,1,0.0024103696923702955,-0.07296549929014873,,,,1,24.103696923702955,0.030533157289028168,0.07238619029521942,0.03453131765127182,0.09848710582561052
2025-04-07,fold_7,"Inflation bear, AI rally and 2025",0.03282526135444641,1,-0.01817261427640915,-1,-0.01817261427640915,-0.09113811356655788,,,,0,-181.7261427640915,0.030497893691062927,0.0767311081290245,0.03282526135444641,-0.796046233471477
2025-04-08,fold_7,"Inflation bear, AI rally and 2025",0.032888948917388916,1,0.1133560836315155,1,0.1133560836315155,0.022217970064957626,,,,1,1133.560836315155,0.03375091776251793,0.09601788967847824,0.032888948917388916,4.889990120928103
2025-04-09,fold_7,"Inflation bear, AI rally and 2025",0.0023589693009853363,1,-0.04346316307783127,-1,-0.04346316307783127,-0.021245193012873642,,,,0,-434.6316307783127,-0.01860615983605385,-0.0479557141661644,0.0023589693009853363,-1.2687291452129743
2025-04-10,fold_7,"Inflation bear, AI rally and 2025",0.013460606336593628,1,0.01825551502406597,1,0.01825551502406597,-0.0029896779888076708,,,,1,182.5551502406597,-0.02517557516694069,-0.004672687966376543,0.013460606336593628,0.5160277596305618
2025-04-11,fold_7,"Inflation bear, AI rally and 2025",-0.00513114221394062,-1,0.006755282171070576,1,-0.006755282171070576,-0.009744960159878246,,,,0,-67.55282171070576,-0.040801625698804855,-0.04798625782132149,-0.00513114221394062,0.19186220783259403
2025-04-14,fold_7,"Inflation bear, AI rally and 2025",-0.011328982189297676,-1,0.0011141699505969882,1,-0.0011141699505969882,-0.010859130110475235,,,,0,-11.141699505969882,-0.02469615265727043,-0.028828177601099014,-0.011328982189297676,0.0316419716434806
2025-04-15,fold_7,"Inflation bear, AI rally and 2025",-0.01392589695751667,-1,-0.030617518350481987,-1,0.030617518350481987,0.019758388240006752,,,,1,306.17518350481987,-0.011760875582695007,-0.007517511025071144,-0.01392589695751667,-0.8747330783313502
2025-04-16,fold_7,"Inflation bear, AI rally and 2025",0.001198790967464447,1,-0.00018013635417446494,-1,-0.00018013635417446494,0.019578251885832287,,,,0,-1.8013635417446494,-0.0005278401076793671,0.05084860697388649,0.001198790967464447,-0.005068363389150477
2025-04-17,fold_7,"Inflation bear, AI rally and 2025",0.00473405048251152,1,-0.02505805715918541,-1,-0.02505805715918541,-0.005479805273353122,,,,0,-250.5805715918541,-0.003771994262933731,0.06211496889591217,0.00473405048251152,-0.7052004373844853
2025-04-21,fold_7,"Inflation bear, AI rally and 2025",0.008358120918273926,1,0.025913363322615623,1,0.025913363322615623,0.0204335580492625,,,,1,259.13363322615623,0.005927950143814087,0.08685559034347534,0.008358120918273926,0.720520723984611
2025-04-22,fold_7,"Inflation bear, AI rally and 2025",0.00636422261595726,1,0.022424837574362755,1,0.022424837574362755,0.042858395623625256,,,,1,224.24837574362755,-0.005699589848518372,0.06752496212720871,0.00636422261595726,0.6211222406699431
2025-04-23,fold_7,"Inflation bear, AI rally and 2025",-0.0006310939788818359,-1,0.027748601511120796,1,-0.027748601511120796,0.01510979411250446,,,,0,-277.48601511120796,-0.03895058110356331,0.04497391730546951,-0.0006310939788818359,0.7617366307611424
2025-04-24,fold_7,"Inflation bear, AI rally and 2025",-0.020175235345959663,-1,0.01108622271567583,1,-0.01108622271567583,0.004023571396828629,,,,0,-110.86222715675831,-0.07143040001392365,0.03020145744085312,-0.020175235345959663,0.30192364164997343
2025-04-25,fold_7,"Inflation bear, AI rally and 2025",-0.020760856568813324,-1,-0.00031743646832183003,-1,0.00031743646832183003,0.004341007865150459,,,,1,3.1743646832183003,-0.07409222424030304,0.03385004773736,-0.020760856568813324,-0.008630674926025761
2025-04-28,fold_7,"Inflation bear, AI rally and 2025",-0.014806656166911125,-1,0.0065827397629618645,1,-0.0065827397629618645,-0.0022417318978114054,,,,0,-65.82739762961864,-0.052590180188417435,0.028217311948537827,-0.014806656166911125,0.18137760637662514
2025-04-29,fold_7,"Inflation bear, AI rally and 2025",-0.010872974991798401,-1,-0.00012620817869901657,-1,0.00012620817869901657,-0.002115523719112389,,,,1,1.2620817869901657,-0.04759123548865318,0.012289345264434814,-0.010872974991798401,-0.0034746220771629953
2025-04-30,fold_7,"Inflation bear, AI rally and 2025",-0.009618662297725677,-1,0.012976137921214104,1,-0.012976137921214104,-0.015091661640326492,,,,0,-129.76137921214104,-0.04286350682377815,0.01633375883102417,-0.009618662297725677,0.35768155522795286
2025-05-01,fold_7,"Inflation bear, AI rally and 2025",-0.01565561071038246,-1,0.014734814874827862,1,-0.014734814874827862,-0.029826476515154354,,,,0,-147.34814874827862,-0.057480160146951675,0.013629618100821972,-0.01565561071038246,0.40527054453153283
2025-05-02,fold_7,"Inflation bear, AI rally and 2025",-0.012139666825532913,-1,-0.005950172431766987,-1,0.005950172431766987,-0.023876304083387367,,,,1,59.50172431766987,-0.04613169655203819,-0.0017607435584068298,-0.012139666825532913,-0.17311363003944677
2025-05-05,fold_7,"Inflation bear, AI rally and 2025",-0.010971328243613243,-1,-0.009345225989818573,-1,0.009345225989818573,-0.014531078093568794,,,,1,93.45225989818573,-0.04485461488366127,0.0441216379404068,-0.010971328243613243,-0.29888984103191907
2025-05-06,fold_7,"Inflation bear, AI rally and 2025",-0.00874640978872776,-1,0.003918205387890339,1,-0.003918205387890339,-0.018449283481459133,,,,0,-39.18205387890339,-0.04313847795128822,0.06859263777732849,-0.00874640978872776,0.1250561344734105
2025-05-07,fold_7,"Inflation bear, AI rally and 2025",-0.011822588741779327,-1,0.010271997191011906,1,-0.010271997191011906,-0.02872128067247104,,,,0,-102.71997191011906,-0.051649000495672226,0.07064971327781677,-0.011822588741779327,0.3305092844591725
2025-05-08,fold_7,"Inflation bear, AI rally and 2025",-0.012525688856840134,-1,-0.00065554742468521,-1,0.00065554742468521,-0.02806573324778583,,,,1,6.5554742468521,-0.04504823312163353,0.06147606670856476,-0.012525688856840134,-0.036156972066067466
2025-05-09,fold_7,"Inflation bear, AI rally and 2025",-0.00683613121509552,-1,0.03993220627307892,1,-0.03993220627307892,-0.06799793952086475,,,,0,-399.3220627307892,-0.026833172887563705,0.06647443026304245,-0.00683613121509552,2.6088471223946046
2025-05-12,fold_7,"Inflation bear, AI rally and 2025",-0.005695853382349014,-1,0.01512577198445797,1,-0.01512577198445797,-0.08312371150532272,,,,0,-151.2577198445797,-0.021236438304185867,0.027500687167048454,-0.005695853382349014,0.8771644078400747
2025-05-13,fold_7,"Inflation bear, AI rally and 2025",-0.0067622046917676926,-1,0.005975283216685057,1,-0.005975283216685057,-0.08909899472200777,,,,0,-59.75283216685057,-0.0027862638235092163,0.009036059491336346,-0.0067622046917676926,0.34129920720393586
2025-05-14,fold_7,"Inflation bear, AI rally and 2025",-0.0008898824453353882,-1,0.0010983524844050407,1,-0.0010983524844050407,-0.09019734720641281,,,,0,-10.983524844050407,0.01869690604507923,-0.010933410376310349,-0.0008898824453353882,0.06256064208819194
2025-05-15,fold_7,"Inflation bear, AI rally and 2025",0.0014865957200527191,1,0.004342813044786453,1,0.004342813044786453,-0.08585453416162636,,,,1,43.42813044786453,0.012338045984506607,-0.010162297636270523,0.0014865957200527191,0.26859577139762664
2025-05-16,fold_7,"Inflation bear, AI rally and 2025",0.005637042224407196,1,0.0009584668441675603,1,0.0009584668441675603,-0.0848960673174588,,,,1,9.584668441675603,0.02142464742064476,-0.023808997124433517,0.005637042224407196,0.059173135968984825
2025-05-19,fold_7,"Inflation bear, AI rally and 2025",0.005003180354833603,1,-0.00333885638974607,-1,-0.00333885638974607,-0.08823492370720487,,,,0,-33.3885638974607,0.006071712821722031,-0.0015147612430155277,0.005003180354833603,-0.21967344676553358
2025-05-20,fold_7,"Inflation bear, AI rally and 2025",0.006278611719608307,1,-0.01399418618530035,-1,-0.01399418618530035,-0.10222910989250522,,,,0,-139.9418618530035,0.008254393935203552,-0.002617579186335206,0.006278611719608307,-0.9945301163410145
2025-05-21,fold_7,"Inflation bear, AI rally and 2025",0.00772586464881897,1,0.0018694656901061535,1,0.0018694656901061535,-0.10035964420239907,,,,1,18.694656901061535,0.015943186357617378,0.013340315781533718,0.00772586464881897,0.13832889935319634
2025-05-22,fold_7,"Inflation bear, AI rally and 2025",0.00476643443107605,1,-0.009303887374699116,-1,-0.009303887374699116,-0.10966353157709818,,,,0,-93.03887374699116,-0.0005151741206645966,0.009892607107758522,0.00476643443107605,-0.774461020632546
2025-05-23,fold_7,"Inflation bear, AI rally and 2025",0.007246710360050201,1,0.0232527032494545,1,0.0232527032494545,-0.08641082832764369,,,,1,232.52703249454498,0.0006197206676006317,0.027063505724072456,0.007246710360050201,1.9478699600537477
2025-05-27,fold_7,"Inflation bear, AI rally and 2025",0.0007703155279159546,1,-0.004441674333065748,-1,-0.004441674333065748,-0.09085250266070943,,,,0,-44.41674333065748,-0.010713949799537659,0.011597446165978909,0.0007703155279159546,-0.34112939391963787
2025-05-28,fold_7,"Inflation bear, AI rally and 2025",-0.004412023350596428,-1,0.0019637085497379303,1,-0.0019637085497379303,-0.09281621121044736,,,,0,-19.637085497379303,-0.0193815715610981,0.018823090940713882,-0.004412023350596428,0.15134440968446183
2025-05-29,fold_7,"Inflation bear, AI rally and 2025",-0.001940898597240448,-1,-0.0015782431000843644,-1,0.0015782431000843644,-0.091237968110363,,,,1,15.782431000843644,-0.007184915244579315,0.009304034523665905,-0.001940898597240448,-0.12156701262634625
2025-05-30,fold_7,"Inflation bear, AI rally and 2025",-0.0014611706137657166,-1,0.007867010310292244,1,-0.007867010310292244,-0.09910497842065524,,,,0,-78.67010310292244,-0.014014068990945816,0.02061014249920845,-0.0014611706137657166,0.62145509353276
2025-06-02,fold_7,"Inflation bear, AI rally and 2025",-0.0006875693798065186,-1,0.007786644622683525,1,-0.007786644622683525,-0.10689162304333877,,,,0,-77.86644622683525,-0.014126252382993698,0.014214090071618557,-0.0006875693798065186,0.630565866011398
2025-06-03,fold_7,"Inflation bear, AI rally and 2025",-0.0009464211761951447,-1,0.0027839706744998693,1,-0.0027839706744998693,-0.10967559371783864,,,,0,-27.839706744998693,-0.018910031765699387,0.013019595295190811,-0.0009464211761951447,0.22452047709836354
2025-06-04,fold_7,"Inflation bear, AI rally and 2025",0.0009312555193901062,1,-0.0075553483329713345,-1,-0.0075553483329713345,-0.11723094205080997,,,,0,-75.55348332971334,-0.011002417653799057,0.006860374938696623,0.0009312555193901062,-0.617361654631516
2025-06-05,fold_7,"Inflation bear, AI rally and 2025",0.0008598454296588898,1,0.009727864526212215,1,0.009727864526212215,-0.10750307752459776,,,,1,97.27864526212215,-0.010952964425086975,0.01676086150109768,0.0008598454296588898,0.7894022209341992
2025-06-06,fold_7,"Inflation bear, AI rally and 2025",-0.0018863417208194733,-1,0.001470958348363638,1,-0.001470958348363638,-0.1089740358729614,,,,0,-14.70958348363638,-0.015993226319551468,-0.00560140423476696,-0.0018863417208194733,0.11958058444466334
2025-06-09,fold_7,"Inflation bear, AI rally and 2025",-0.0030261725187301636,-1,0.006592150311917067,1,-0.006592150311917067,-0.11556618618487846,,,,0,-65.92150311917067,-0.016993213444948196,0.0067417314276099205,-0.0030261725187301636,0.5357510440066177
2025-06-10,fold_7,"Inflation bear, AI rally and 2025",-0.0013703517615795135,-1,-0.003375249681994319,-1,0.003375249681994319,-0.11219093650288414,,,,1,33.75249681994319,-0.015663299709558487,-0.009649480693042278,-0.0013703517615795135,-0.3927775601112056
2025-06-11,fold_7,"Inflation bear, AI rally and 2025",-0.0008245892822742462,-1,0.002345137996599078,1,-0.002345137996599078,-0.11453607449948322,,,,0,-23.451379965990782,-0.016283515840768814,-0.0064444150775671005,-0.0008245892822742462,0.2955188983284086
2025-06-12,fold_7,"Inflation bear, AI rally and 2025",0.0007670186460018158,1,-0.012634401209652424,-1,-0.012634401209652424,-0.12717047570913564,,,,0,-126.34401209652424,-0.012494955211877823,-0.012881052680313587,0.0007670186460018158,-1.6115450914958678
2025-06-13,fold_7,"Inflation bear, AI rally and 2025",-0.0010487362742424011,-1,0.013814094476401806,1,-0.013814094476401806,-0.14098457018553745,,,,0,-138.14094476401806,-0.00403980165719986,0.009983260184526443,-0.0010487362742424011,1.658394163013713
2025-06-16,fold_7,"Inflation bear, AI rally and 2025",0.0008845813572406769,1,-0.00979906227439642,-1,-0.00979906227439642,-0.15078363245993387,,,,0,-97.9906227439642,-0.008763931691646576,0.011345419101417065,0.0008845813572406769,-1.109638710114522
2025-06-17,fold_7,"Inflation bear, AI rally and 2025",-0.004061484709382057,-1,-0.00017018403741531074,-1,0.00017018403741531074,-0.15061344842251856,,,,1,1.7018403741531074,-0.02874961867928505,0.02369767054915428,-0.004061484709382057,-0.018709541966715384
2025-06-18,fold_7,"Inflation bear, AI rally and 2025",-0.0012631863355636597,-1,-0.004091499838978052,-1,0.004091499838978052,-0.1465219485835405,,,,1,40.91499838978052,-0.016956686973571777,0.03317466005682945,-0.0012631863355636597,-0.45132657086905426
2025-06-20,fold_7,"Inflation bear, AI rally and 2025",-0.00015709176659584045,-1,0.010229912586510181,1,-0.010229912586510181,-0.1567518611700507,,,,0,-102.29912586510181,-0.03274181857705116,0.04068398103117943,-0.00015709176659584045,1.1954519155541303
2025-06-23,fold_7,"Inflation bear, AI rally and 2025",0.0021325796842575073,1,0.015176253393292427,1,0.015176253393292427,-0.14157560777675826,,,,1,151.76253393292427,-0.014348693192005157,0.03691010922193527,0.0021325796842575073,1.7152282168837871
2025-06-24,fold_7,"Inflation bear, AI rally and 2025",0.0015860572457313538,1,0.002553190104663372,1,0.002553190104663372,-0.1390224176720949,,,,1,25.53190104663372,-0.00831114873290062,0.01326880045235157,0.0015860572457313538,0.2761633476020483
2025-06-25,fold_7,"Inflation bear, AI rally and 2025",-0.0006876327097415924,-1,0.009306803345680237,1,-0.009306803345680237,-0.14832922101777513,,,,0,-93.06803345680237,-0.007767055183649063,0.0176568441092968,-0.0006876327097415924,1.2140570495435146
2025-06-26,fold_7,"Inflation bear, AI rally and 2025",0.000884275883436203,1,0.0034178236965090036,1,0.0034178236965090036,-0.14491139732126612,,,,1,34.178236965090036,-0.0076011307537555695,0.018142199143767357,0.000884275883436203,0.4336796183005765
2025-06-27,fold_7,"Inflation bear, AI rally and 2025",-0.00017280131578445435,-1,0.006456038448959589,1,-0.006456038448959589,-0.1513674357702257,,,,0,-64.56038448959589,-0.006183110177516937,0.007162868976593018,-0.00017280131578445435,0.8166233479195625
2025-06-30,fold_7,"Inflation bear, AI rally and 2025",0.00032636895775794983,1,-0.008465055376291275,-1,-0.008465055376291275,-0.159832491146517,,,,0,-84.65055376291275,-0.010295163840055466,0.0012683197855949402,0.00032636895775794983,-1.0543437575637744
2025-07-01,fold_7,"Inflation bear, AI rally and 2025",0.0012812688946723938,1,0.006941234227269888,1,0.006941234227269888,-0.1528912569192471,,,,1,69.41234227269888,0.002107277512550354,0.016787249594926834,0.0012812688946723938,0.8612915520447721
2025-07-02,fold_7,"Inflation bear, AI rally and 2025",0.0008033998310565948,1,0.009792158380150795,1,0.009792158380150795,-0.1430990985390963,,,,1,97.92158380150795,-0.0015772730112075806,0.00840685609728098,0.0008033998310565948,1.2209093004921368
2025-07-03,fold_7,"Inflation bear, AI rally and 2025",0.00017103925347328186,1,-0.007561507169157267,-1,-0.007561507169157267,-0.15066060570825357,,,,0,-75.61507169157267,-0.004875116050243378,-0.003638129448518157,0.00017103925347328186,-0.912062731944434
2025-07-07,fold_7,"Inflation bear, AI rally and 2025",-0.001008637249469757,-1,0.0005614891997538507,1,-0.0005614891997538507,-0.15122209490800742,,,,0,-5.614891997538507,-0.0029450170695781708,0.007543554063886404,-0.001008637249469757,0.06772407021490523
2025-07-08,fold_7,"Inflation bear, AI rally and 2025",-0.0053147729486227036,-1,0.007053874898701906,1,-0.007053874898701906,-0.15827596980670933,,,,0,-70.53874898701906,-0.0030778534710407257,0.007898572832345963,-0.0053147729486227036,0.8815816587750563
2025-07-09,fold_7,"Inflation bear, AI rally and 2025",-0.0018629953265190125,-1,-0.0014391591539606452,-1,0.0014391591539606452,-0.15683681065274868,,,,1,14.391591539606452,-0.009825721383094788,0.0018679917557165027,-0.0018629953265190125,-0.17661141588879875
2025-07-10,fold_7,"Inflation bear, AI rally and 2025",-0.00293717160820961,-1,-0.0022528269328176975,-1,0.0022528269328176975,-0.15458398371993098,,,,1,22.528269328176975,-0.011382728815078735,0.011367371305823326,-0.00293717160820961,-0.2808745383451295
2025-07-11,fold_7,"Inflation bear, AI rally and 2025",-0.0017593875527381897,-1,0.003620176576077938,1,-0.003620176576077938,-0.15820416029600892,,,,0,-36.20176576077938,-0.00753210112452507,0.012658500112593174,-0.0017593875527381897,0.4524629565912329
2025-07-14,fold_7,"Inflation bear, AI rally and 2025",-0.0021115951240062714,-1,0.0009165076771751046,1,-0.0009165076771751046,-0.15912066797318403,,,,0,-9.165076771751046,-0.009323123842477798,0.014209684915840626,-0.0021115951240062714,0.11420975350014795
2025-07-15,fold_7,"Inflation bear, AI rally and 2025",-0.002431560307741165,-1,0.0010232938220724463,1,-0.0010232938220724463,-0.16014396179525647,,,,0,-10.232938220724463,-0.009509935975074768,0.008103914558887482,-0.002431560307741165,0.13618806482870882
2025-07-16,fold_7,"Inflation bear, AI rally and 2025",0.0006133429706096649,1,0.008060220628976822,1,0.008060220628976822,-0.15208374116627965,,,,1,80.60220628976822,-0.000475078821182251,0.011631511151790619,0.0006133429706096649,1.1760979880152769
2025-07-17,fold_7,"Inflation bear, AI rally and 2025",0.0014398396015167236,1,-0.0009616987663321197,-1,-0.0009616987663321197,-0.15304543993261177,,,,0,-9.616987663321197,-0.002980560064315796,0.005697506945580244,0.0014398396015167236,-0.14270382450815308
2025-07-18,fold_7,"Inflation bear, AI rally and 2025",0.0012719854712486267,1,0.005171361844986677,1,0.005171361844986677,-0.1478740780876251,,,,1,51.71361844986677,0.003477342426776886,0.00906337145715952,0.0012719854712486267,0.7669859185624802
2025-07-21,fold_7,"Inflation bear, AI rally and 2025",0.0025120824575424194,1,-0.005189262330532074,-1,-0.005189262330532074,-0.15306334041815717,,,,0,-51.89262330532074,0.00047324225306510925,0.007012150716036558,0.0025120824575424194,-0.7654419130645659
2025-07-22,fold_7,"Inflation bear, AI rally and 2025",0.00243527814745903,1,0.004550890065729618,1,0.004550890065729618,-0.14851245035242755,,,,1,45.50890065729618,0.011209964752197266,0.0106513611972332,0.00243527814745903,0.7015949302939439
2025-07-23,fold_7,"Inflation bear, AI rally and 2025",-0.0006560534238815308,-1,0.0021262161899358034,1,-0.0021262161899358034,-0.15063866654236335,,,,0,-21.262161899358034,0.0025023147463798523,0.007439480163156986,-0.0006560534238815308,0.37827171020139594
2025-07-24,fold_7,"Inflation bear, AI rally and 2025",0.0007007159292697906,1,0.002404165454208851,1,0.002404165454208851,-0.1482345010881545,,,,1,24.04165454208851,0.0018396936357021332,0.0,0.0007007159292697906,0.4283990359534204
2025-07-25,fold_7,"Inflation bear, AI rally and 2025",0.0001223944127559662,1,0.0031201415695250034,1,0.0031201415695250034,-0.1451143595186295,,,,1,31.201415695250034,0.002686925232410431,-0.022299613803625107,0.0001223944127559662,0.595502653685041
2025-07-28,fold_7,"Inflation bear, AI rally and 2025",-0.0014066360890865326,-1,-0.0015500520821660757,-1,0.0015500520821660757,-0.14356430743646342,,,,1,15.500520821660757,0.0016059055924415588,-0.007136274129152298,-0.0014066360890865326,-0.2963649319322456
2025-07-29,fold_7,"Inflation bear, AI rally and 2025",-0.004255427047610283,-1,0.001339009148068726,1,-0.001339009148068726,-0.14490331658453215,,,,0,-13.39009148068726,-0.006613239645957947,-0.012398889288306236,-0.004255427047610283,0.26573052952608295
2025-07-30,fold_7,"Inflation bear, AI rally and 2025",-0.001140400767326355,-1,-0.005313263740390539,-1,0.005313263740390539,-0.1395900528441416,,,,1,53.13263740390539,-0.003163151443004608,-0.0012331786565482616,-0.001140400767326355,-1.1354257306530724
2025-07-31,fold_7,"Inflation bear, AI rally and 2025",-0.002717394381761551,-1,-0.01989544928073883,-1,0.01989544928073883,-0.11969460356340278,,,,1,198.9544928073883,0.0031180530786514282,0.00745871476829052,-0.002717394381761551,-4.351860117887104
2025-08-01,fold_7,"Inflation bear, AI rally and 2025",0.005066491663455963,1,0.018283480778336525,1,0.018283480778336525,-0.10141112278506625,,,,1,182.83480778336525,0.006183106452226639,0.03663913160562515,0.005066491663455963,3.051587052731937
2025-08-04,fold_7,"Inflation bear, AI rally and 2025",0.012349281460046768,1,-0.006812667474150658,-1,-0.006812667474150658,-0.10822379025921691,,,,0,-68.12667474150658,0.013019908219575882,0.015392293222248554,0.012349281460046768,-0.9658439511808814
2025-08-05,fold_7,"Inflation bear, AI rally and 2025",0.010462328791618347,1,0.012504720129072666,1,0.012504720129072666,-0.09571907013014425,,,,1,125.04720129072666,0.011335257440805435,0.03469543159008026,0.010462328791618347,1.7331264565623796
2025-08-06,fold_7,"Inflation bear, AI rally and 2025",0.010359484702348709,1,0.0033786294516175985,1,0.0033786294516175985,-0.09234044067852665,,,,1,33.786294516175985,0.013548566028475761,0.0226906705647707,0.010359484702348709,0.44599293756289404
2025-08-07,fold_7,"Inflation bear, AI rally and 2025",0.009037386626005173,1,0.009284966625273228,1,0.009284966625273228,-0.08305547405325342,,,,1,92.84966625273228,0.008550237864255905,0.01853628270328045,0.009037386626005173,1.2206949690026645
2025-08-08,fold_7,"Inflation bear, AI rally and 2025",0.002786591649055481,1,-0.002963355975225568,-1,-0.002963355975225568,-0.08601883002847899,,,,0,-29.633559752255678,0.007827363908290863,0.004844300914555788,0.002786591649055481,-0.3766124078785977
2025-08-11,fold_7,"Inflation bear, AI rally and 2025",-0.00012456253170967102,-1,0.012490469962358475,1,-0.012490469962358475,-0.09850929999083746,,,,0,-124.90469962358475,0.001130416989326477,0.007409026846289635,-0.00012456253170967102,1.5901907501999453
2025-08-12,fold_7,"Inflation bear, AI rally and 2025",0.001201041042804718,1,0.0004999605007469654,1,0.0004999605007469654,-0.0980093394900905,,,,1,4.999605007469654,-0.0026724040508270264,-0.018741806969046593,0.001201041042804718,0.059990749109096714
2025-08-13,fold_7,"Inflation bear, AI rally and 2025",0.0016052685678005219,1,-0.000775758468080312,-1,-0.000775758468080312,-0.09878509795817081,,,,0,-7.75758468080312,0.001969940960407257,-0.02519688941538334,0.0016052685678005219,-0.09311073597075677
2025-08-14,fold_7,"Inflation bear, AI rally and 2025",0.0001656152307987213,1,-0.004407014697790146,-1,-0.004407014697790146,-0.10319211265596095,,,,0,-44.07014697790146,0.009571097791194916,-0.029061537235975266,0.0001656152307987213,-0.5416591906536531
2025-08-15,fold_7,"Inflation bear, AI rally and 2025",0.0012957602739334106,1,-0.0003986301308032125,-1,-0.0003986301308032125,-0.10359074278676417,,,,0,-3.9863013080321252,0.021347563713788986,-0.00934495497494936,0.0012957602739334106,-0.04865628722997111
2025-08-18,fold_7,"Inflation bear, AI rally and 2025",0.0025469064712524414,1,-0.013660364784300327,-1,-0.013660364784300327,-0.1172511075710645,,,,0,-136.60364784300327,0.0162701066583395,-0.011835196986794472,0.0025469064712524414,-1.68412534415897
2025-08-19,fold_7,"Inflation bear, AI rally and 2025",0.0025272592902183533,1,-0.005955122411251068,-1,-0.005955122411251068,-0.12320622998231556,,,,0,-59.55122411251068,0.01242150366306305,0.005832357332110405,0.0025272592902183533,-0.6933178700891818
2025-08-20,fold_7,"Inflation bear, AI rally and 2025",0.0031292624771595,1,-0.004640405066311359,-1,-0.004640405066311359,-0.12784663504862692,,,,0,-46.404050663113594,0.0029852651059627533,0.013323167338967323,0.0031292624771595,-0.5375727616004295
2025-08-21,fold_7,"Inflation bear, AI rally and 2025",0.004435889422893524,1,0.01530956756323576,1,0.01530956756323576,-0.11253706748539116,,,,1,153.0956756323576,0.001939374953508377,0.024203982204198837,0.004435889422893524,1.7635160886517867
2025-08-22,fold_7,"Inflation bear, AI rally and 2025",0.0035008974373340607,1,-0.0028888722881674767,-1,-0.0028888722881674767,-0.11542593977355864,,,,0,-28.888722881674767,0.007107201963663101,-0.0027484886813908815,0.0035008974373340607,-0.31008575290815854
2025-08-25,fold_7,"Inflation bear, AI rally and 2025",0.0030997470021247864,1,0.004007190000265837,1,0.004007190000265837,-0.1114187497732928,,,,1,40.07190000265837,0.010207947343587875,-0.008275248110294342,0.0030997470021247864,0.43029600122841694
2025-08-26,fold_7,"Inflation bear, AI rally and 2025",0.0018389560282230377,1,0.001535687712021172,1,0.001535687712021172,-0.10988306206127163,,,,1,15.35687712021172,0.010288085788488388,-0.0044456529431045055,0.0018389560282230377,0.16425835506509845
2025-08-27,fold_7,"Inflation bear, AI rally and 2025",0.0008153654634952545,1,0.006240409333258867,1,0.006240409333258867,-0.10364265272801276,,,,1,62.40409333258867,0.012584928423166275,0.003029386978596449,0.0008153654634952545,0.667371148535967
2025-08-28,fold_7,"Inflation bear, AI rally and 2025",-0.0014058612287044525,-1,-0.011642903089523315,-1,0.011642903089523315,-0.09199974963848945,,,,1,116.42903089523315,0.011066142469644547,-0.0017690984532237053,-0.0014058612287044525,-1.241336584782596
2025-08-29,fold_7,"Inflation bear, AI rally and 2025",-0.0011506788432598114,-1,-0.00841563194990158,-1,0.00841563194990158,-0.08358411768858787,,,,1,84.15631949901581,0.006619162857532501,0.01473993994295597,-0.0011506788432598114,-0.9720242852407744
2025-09-02,fold_7,"Inflation bear, AI rally and 2025",0.0007288120687007904,1,0.007836785167455673,1,0.007836785167455673,-0.0757473325211322,,,,1,78.36785167455673,-0.0002075284719467163,0.025984633713960648,0.0007288120687007904,0.9970023351283237
2025-09-03,fold_7,"Inflation bear, AI rally and 2025",0.00315064936876297,1,0.009010727517306805,1,0.009010727517306805,-0.06673660500382539,,,,1,90.10727517306805,-0.0003226138651371002,0.018475046381354332,0.00315064936876297,1.1394559757618208
2025-09-04,fold_7,"Inflation bear, AI rally and 2025",0.0006142221391201019,1,0.0014419236686080694,1,0.0014419236686080694,-0.06529468133521732,,,,1,14.419236686080694,-0.0003687664866447449,0.015268106013536453,0.0006142221391201019,0.18807909607239273
2025-09-05,fold_7,"Inflation bear, AI rally and 2025",-0.00021311640739440918,-1,0.004866134840995073,1,-0.004866134840995073,-0.07016081617621239,,,,0,-48.66134840995073,0.0035995841026306152,0.01823362335562706,-0.00021311640739440918,0.6372558726449794
2025-09-08,fold_7,"Inflation bear, AI rally and 2025",0.00015286728739738464,1,0.002829062519595027,1,0.002829062519595027,-0.06733175365661737,,,,1,28.29062519595027,0.0055554769933223724,0.02188795804977417,0.00015286728739738464,0.38083729456508125
2025-09-09,fold_7,"Inflation bear, AI rally and 2025",-0.0006508417427539825,-1,0.0003271980385761708,1,-0.0003271980385761708,-0.06765895169519354,,,,0,-3.271980385761708,0.0039659664034843445,0.018213454633951187,-0.0006508417427539825,0.04406164831320266
2025-09-10,fold_7,"Inflation bear, AI rally and 2025",0.0009558908641338348,1,0.005803787149488926,1,0.005803787149488926,-0.06185516454570461,,,,1,58.03787149488926,-0.007764924317598343,0.01588842086493969,0.0009558908641338348,0.8434438852361171
2025-09-11,fold_7,"Inflation bear, AI rally and 2025",-0.0011784285306930542,-1,0.004407439846545458,1,-0.004407439846545458,-0.06626260439225007,,,,0,-44.07439846545458,-0.00858980417251587,0.019061127677559853,-0.0011784285306930542,0.6295015227957373
2025-09-12,fold_7,"Inflation bear, AI rally and 2025",-0.0002986341714859009,-1,0.00852047000080347,1,-0.00852047000080347,-0.07478307439305354,,,,0,-85.2047000080347,-0.012667834758758545,0.021400216966867447,-0.0002986341714859009,1.2054363075401078
2025-09-15,fold_7,"Inflation bear, AI rally and 2025",-0.0008582547307014465,-1,-0.0008454403723590076,-1,0.0008454403723590076,-0.07393763402069453,,,,1,8.454403723590076,-0.014034882187843323,0.01878230646252632,-0.0008582547307014465,-0.11654796916406615
2025-09-16,fold_7,"Inflation bear, AI rally and 2025",-0.001427583396434784,-1,-0.0019978368654847145,-1,0.0019978368654847145,-0.07193979715520982,,,,1,19.978368654847145,-0.0005067773163318634,0.012963303364813328,-0.001427583396434784,-0.2753385942654289
2025-09-17,fold_7,"Inflation bear, AI rally and 2025",-0.00018727779388427734,-1,0.008976494893431664,1,-0.008976494893431664,-0.08091629204864148,,,,0,-89.76494893431664,-0.005240749567747116,0.01144441682845354,-0.00018727779388427734,1.3607346414331145
2025-09-18,fold_7,"Inflation bear, AI rally and 2025",-0.0019403882324695587,-1,0.006746530067175627,1,-0.006746530067175627,-0.08766282211581711,,,,0,-67.46530067175627,-0.009997356683015823,-0.001852678949944675,-0.0019403882324695587,0.9971799293033602
2025-09-19,fold_7,"Inflation bear, AI rally and 2025",-0.00034442171454429626,-1,0.005902559962123632,1,-0.005902559962123632,-0.09356538207794074,,,,0,-59.025599621236324,-0.004287358373403549,-0.004496766719967127,-0.00034442171454429626,0.8612280707817476
2025-09-22,fold_7,"Inflation bear, AI rally and 2025",-0.0029532015323638916,-1,-0.00666444469243288,-1,0.00666444469243288,-0.08690093738550786,,,,1,66.6444469243288,-0.00019045546650886536,-0.005778889171779156,-0.0029532015323638916,-1.095695263592265
2025-09-23,fold_7,"Inflation bear, AI rally and 2025",-0.002459213137626648,-1,-0.003516722936183214,-1,0.003516722936183214,-0.08338421444932465,,,,1,35.16722936183214,-0.004881091415882111,0.0036210042890161276,-0.002459213137626648,-0.5645837122021672
2025-09-24,fold_7,"Inflation bear, AI rally and 2025",-0.0024776719510555267,-1,-0.004320601467043161,-1,0.004320601467043161,-0.07906361298228148,,,,1,43.206014670431614,-0.015375293791294098,0.011923212558031082,-0.0024776719510555267,-0.6952956867216374
2025-09-25,fold_7,"Inflation bear, AI rally and 2025",-0.002393517643213272,-1,0.004102441947907209,1,-0.004102441947907209,-0.0831660549301887,,,,0,-41.024419479072094,-0.01791900023818016,0.02034645900130272,-0.002393517643213272,0.6533257981723073
2025-09-26,fold_7,"Inflation bear, AI rally and 2025",-0.00015880167484283447,-1,0.0046204375103116035,1,-0.0046204375103116035,-0.0877864924405003,,,,0,-46.204375103116035,-0.011692747473716736,0.012025424279272556,-0.00015880167484283447,0.746356600807675
2025-09-29,fold_7,"Inflation bear, AI rally and 2025",-0.001718267798423767,-1,0.002735448768362403,1,-0.002735448768362403,-0.0905219412088627,,,,0,-27.35448768362403,-0.0197879858314991,0.014887053519487381,-0.001718267798423767,0.4789916015347059
2025-09-30,fold_7,"Inflation bear, AI rally and 2025",-0.002089552581310272,-1,0.004785485565662384,1,-0.004785485565662384,-0.09530742677452508,,,,0,-47.85485565662384,-0.01641131564974785,0.006872063037008047,-0.002089552581310272,0.881875034282518
2025-10-01,fold_7,"Inflation bear, AI rally and 2025",-0.0038497447967529297,-1,0.004102644510567188,1,-0.004102644510567188,-0.09941007128509227,,,,0,-41.02644510567188,-0.015710528939962387,0.01348517369478941,-0.0038497447967529297,0.7820441076156708
2025-10-02,fold_7,"Inflation bear, AI rally and 2025",-0.004870353266596794,-1,-0.004218591842800379,-1,0.004218591842800379,-0.0951914794422919,,,,1,42.18591842800379,-0.016554221510887146,0.008171569555997849,-0.004870353266596794,-0.8557317218921436
2025-10-03,fold_7,"Inflation bear, AI rally and 2025",-0.007229601964354515,-1,0.007482066750526428,1,-0.007482066750526428,-0.10267354619281832,,,,0,-74.82066750526428,-0.019744891673326492,-0.02294095605611801,-0.007229601964354515,1.4937609204365878
2025-10-06,fold_7,"Inflation bear, AI rally and 2025",-0.0075127072632312775,-1,-0.005279541946947575,-1,0.005279541946947575,-0.09739400424587075,,,,1,52.795419469475746,-0.02844107523560524,-0.00942372065037489,-0.0075127072632312775,-1.0216646254540132
2025-10-07,fold_7,"Inflation bear, AI rally and 2025",-0.007297990843653679,-1,0.01139859575778246,1,-0.01139859575778246,-0.1087926000036532,,,,0,-113.98595757782459,-0.026295069605112076,-0.010827412828803062,-0.007297990843653679,2.165864902452659
2025-10-08,fold_7,"Inflation bear, AI rally and 2025",-0.005120877176523209,-1,-0.0012109596282243729,-1,0.0012109596282243729,-0.10758164037542883,,,,1,12.109596282243729,-0.030165713280439377,-0.015193992294371128,-0.005120877176523209,-0.20710450937279112
2025-10-09,fold_7,"Inflation bear, AI rally and 2025",-0.00522974319756031,-1,-0.0353311188519001,-1,0.0353311188519001,-0.07225052152352873,,,,1,353.311188519001,-0.0235741026699543,-0.01769283600151539,-0.00522974319756031,-6.190099209469844
2025-10-10,fold_7,"Inflation bear, AI rally and 2025",-0.0030647702515125275,-1,0.020999303087592125,1,-0.020999303087592125,-0.09324982461112086,,,,0,-209.99303087592125,-0.0027837418019771576,0.024183519184589386,-0.0030647702515125275,2.1656736954973526
2025-10-13,fold_7,"Inflation bear, AI rally and 2025",0.002140570431947708,1,-0.006683234125375748,-1,-0.006683234125375748,-0.0999330587364966,,,,0,-66.83234125375748,0.002317674458026886,0.01570628583431244,0.002140570431947708,-0.6302711987652501
2025-10-14,fold_7,"Inflation bear, AI rally and 2025",0.003694038838148117,1,0.007032016292214394,1,0.007032016292214394,-0.09290104244428221,,,,1,70.32016292214394,0.002418242394924164,0.022127928212285042,0.003694038838148117,0.656776523455626
2025-10-15,fold_7,"Inflation bear, AI rally and 2025",0.00543985515832901,1,-0.0037098024040460587,-1,-0.0037098024040460587,-0.09661084484832827,,,,0,-37.09802404046059,0.00023641809821128845,0.005415184423327446,0.00543985515832901,-0.3431036216291272
2025-10-16,fold_7,"Inflation bear, AI rally and 2025",0.00803421437740326,1,0.006545236799865961,1,0.006545236799865961,-0.09006560804846231,,,,1,65.45236799865961,0.0032034292817115784,0.017496326938271523,0.00803421437740326,0.6141795166647341
2025-10-17,fold_7,"Inflation bear, AI rally and 2025",0.005982108414173126,1,0.012522069737315178,1,0.012522069737315178,-0.07754353831114713,,,,1,125.22069737315178,0.004673626273870468,0.021572764962911606,0.005982108414173126,1.1757149166181942
2025-10-20,fold_7,"Inflation bear, AI rally and 2025",0.0016051791608333588,1,-0.00026159174740314484,-1,-0.00026159174740314484,-0.07780513005855028,,,,0,-2.6159174740314484,-0.012785088270902634,0.02670317515730858,0.0016051791608333588,-0.023926513409431638
2025-10-21,fold_7,"Inflation bear, AI rally and 2025",7.335469126701355e-05,1,-0.009680728428065777,-1,-0.009680728428065777,-0.08748585848661605,,,,0,-96.80728428065777,-0.009906332939863205,0.03462529554963112,7.335469126701355e-05,-0.8937772036216127
2025-10-22,fold_7,"Inflation bear, AI rally and 2025",-0.0007480643689632416,-1,0.008371341042220592,1,-0.008371341042220592,-0.09585719952883665,,,,0,-83.71341042220592,-0.0038655325770378113,0.04879889264702797,-0.0007480643689632416,0.7598277720253334
2025-10-23,fold_7,"Inflation bear, AI rally and 2025",-0.001781761646270752,-1,0.010621673427522182,1,-0.010621673427522182,-0.10647887295635883,,,,0,-106.21673427522182,-0.01303447037935257,0.025020860135555267,-0.001781761646270752,0.9540309455168327
2025-10-24,fold_7,"Inflation bear, AI rally and 2025",-0.0028571859002113342,-1,0.01765247993171215,1,-0.01765247993171215,-0.12413135288807098,,,,0,-176.5247993171215,-0.024847697466611862,0.019211603328585625,-0.0028571859002113342,1.5557006495301577
2025-10-27,fold_7,"Inflation bear, AI rally and 2025",-0.0045114438980817795,-1,0.007660527713596821,1,-0.007660527713596821,-0.1317918806016678,,,,0,-76.60527713596821,-0.02484118565917015,0.006332420278340578,-0.0045114438980817795,0.6400089901114824
2025-10-28,fold_7,"Inflation bear, AI rally and 2025",-0.005221040919423103,-1,0.004492870531976223,1,-0.004492870531976223,-0.13628475113364402,,,,0,-44.92870531976223,-0.018968041986227036,-0.021835021674633026,-0.005221040919423103,0.37205342136019226
2025-10-29,fold_7,"Inflation bear, AI rally and 2025",-0.003135398030281067,-1,-0.015406693331897259,-1,0.015406693331897259,-0.12087805780174676,,,,1,154.0669333189726,-0.009931802749633789,-0.019840959459543228,-0.003135398030281067,-1.2764184630714328
2025-10-30,fold_7,"Inflation bear, AI rally and 2025",-0.0033496804535388947,-1,0.00481241662055254,1,-0.00481241662055254,-0.1256904744222993,,,,0,-48.1241662055254,-0.002546049654483795,-0.02323727495968342,-0.0033496804535388947,0.3844184108543597
2025-10-31,fold_7,"Inflation bear, AI rally and 2025",-0.0018498040735721588,-1,0.004773298278450966,1,-0.004773298278450966,-0.13046377270075027,,,,0,-47.73298278450966,0.004329673945903778,-0.03121001087129116,-0.0018498040735721588,0.3809678203254386
2025-11-03,fold_7,"Inflation bear, AI rally and 2025",0.0005964338779449463,1,-0.02050691470503807,-1,-0.02050691470503807,-0.15097068740578834,,,,0,-205.0691470503807,0.004693448543548584,-0.014100291766226292,0.0005964338779449463,-1.645425497330582
2025-11-04,fold_7,"Inflation bear, AI rally and 2025",0.001607019454240799,1,0.006486933678388596,1,0.006486933678388596,-0.14448375372739974,,,,1,64.86933678388596,-0.0022973790764808655,0.003739549545571208,0.001607019454240799,0.4904235227950415
2025-11-05,fold_7,"Inflation bear, AI rally and 2025",0.004436012357473373,1,-0.018803009763360023,-1,-0.018803009763360023,-0.16328676349075977,,,,0,-188.03009763360023,6.110966205596924e-05,-0.0035360476467758417,0.004436012357473373,-1.4397275540722754
2025-11-06,fold_7,"Inflation bear, AI rally and 2025",0.002010408788919449,1,-0.0031603185925632715,-1,-0.0031603185925632715,-0.16644708208332304,,,,0,-31.603185925632715,-0.01015152782201767,-0.005360324867069721,0.002010408788919449,-0.23038518248782683
2025-11-07,fold_7,"Inflation bear, AI rally and 2025",0.003419172018766403,1,0.02188301645219326,1,0.02188301645219326,-0.14456406563112978,,,,1,218.8301645219326,-0.01882968470454216,-0.0014442570973187685,0.003419172018766403,1.9475170148969252
2025-11-10,fold_7,"Inflation bear, AI rally and 2025",-0.0005069561302661896,-1,-0.002667073393240571,-1,0.002667073393240571,-0.1418969922378892,,,,1,26.67073393240571,-0.012066975235939026,-0.03190450370311737,-0.0005069561302661896,-0.23559951962183132
2025-11-11,fold_7,"Inflation bear, AI rally and 2025",-0.0033859089016914368,-1,-0.0007886635139584541,-1,0.0007886635139584541,-0.14110832872393075,,,,1,7.886635139584541,-0.012503903359174728,-0.04148799180984497,-0.0033859089016914368,-0.07018370771346462
2025-11-12,fold_7,"Inflation bear, AI rally and 2025",-0.0023033805191516876,-1,-0.020627286285161972,-1,0.020627286285161972,-0.12048104243876878,,,,1,206.27286285161972,-0.013667549937963486,-0.034746989607810974,-0.0023033805191516876,-1.853642922140871
2025-11-13,fold_7,"Inflation bear, AI rally and 2025",-0.00638747401535511,-1,0.0007557492353953421,1,-0.0007557492353953421,-0.12123679167416412,,,,0,-7.557492353953421,-0.02128683403134346,-0.03807619959115982,-0.00638747401535511,0.06288792179286838
2025-11-14,fold_7,"Inflation bear, AI rally and 2025",-0.007321713492274284,-1,-0.008577228523790836,-1,0.008577228523790836,-0.11265956315037329,,,,1,85.77228523790836,-0.03002634271979332,-0.03134717792272568,-0.007321713492274284,-0.7190147203950206
2025-11-17,fold_7,"Inflation bear, AI rally and 2025",0.002246282994747162,1,-0.012250563129782677,-1,-0.012250563129782677,-0.12491012628015596,,,,0,-122.50563129782677,-0.02406693622469902,0.0024817129597067833,0.002246282994747162,-1.042298205062926
2025-11-18,fold_7,"Inflation bear, AI rally and 2025",0.0037561729550361633,1,0.0059523372910916805,1,0.0059523372910916805,-0.11895778898906428,,,,1,59.523372910916805,-0.017623335123062134,0.020877135917544365,0.0037561729550361633,0.49322207919352573
2025-11-19,fold_7,"Inflation bear, AI rally and 2025",0.004904903471469879,1,-0.02395649440586567,-1,-0.02395649440586567,-0.14291428339492995,,,,0,-239.5649440586567,-0.015170443803071976,0.02372167818248272,0.004904903471469879,-2.0052447494274688
2025-11-20,fold_7,"Inflation bear, AI rally and 2025",0.006698764860630035,1,0.007484769448637962,1,0.007484769448637962,-0.135429513946292,,,,1,74.84769448637962,-0.0051346756517887115,0.055752597749233246,0.006698764860630035,0.5775990910985691
2025-11-21,fold_7,"Inflation bear, AI rally and 2025",0.010752372443675995,1,0.025251662358641624,1,0.025251662358641624,-0.11017785158765037,,,,1,252.51662358641624,-0.0031392574310302734,0.04490327462553978,0.010752372443675995,1.9653590753917458
2025-11-24,fold_7,"Inflation bear, AI rally and 2025",0.0020075030624866486,1,0.006144860293716192,1,0.006144860293716192,-0.10403299129393417,,,,1,61.44860293716192,-0.03245032951235771,0.027447156608104706,0.0020075030624866486,0.45626205881541687
2025-11-25,fold_7,"Inflation bear, AI rally and 2025",-0.0014416538178920746,-1,0.008796879090368748,1,-0.008796879090368748,-0.11282987038430292,,,,0,-87.96879090368748,-0.014989204704761505,0.02374311164021492,-0.0014416538178920746,0.6550691216377408
2025-11-26,fold_7,"Inflation bear, AI rally and 2025",-0.0009739995002746582,-1,0.008074427023530006,1,-0.008074427023530006,-0.12090429740783293,,,,0,-80.74427023530006,-0.019945349544286728,0.014015650376677513,-0.0009739995002746582,0.5965591048813538
2025-11-28,fold_7,"Inflation bear, AI rally and 2025",-0.002246074378490448,-1,-0.0033645550720393658,-1,0.0033645550720393658,-0.11753974233579356,,,,1,33.64555072039366,-0.021838147193193436,0.010010326281189919,-0.002246074378490448,-0.25463658553309576
2025-12-01,fold_7,"Inflation bear, AI rally and 2025",-0.004723411053419113,-1,0.007795544341206551,1,-0.007795544341206551,-0.1253352866770001,,,,0,-77.9554434120655,-0.03033040091395378,0.011454490013420582,-0.004723411053419113,0.5909859154765658
2025-12-02,fold_7,"Inflation bear, AI rally and 2025",-0.0018388517200946808,-1,0.0024408164899796247,1,-0.0024408164899796247,-0.12777610316697974,,,,0,-24.408164899796247,-0.0317704938352108,0.004891549237072468,-0.0018388517200946808,0.18403833411928913
2025-12-03,fold_7,"Inflation bear, AI rally and 2025",-0.004108672961592674,-1,-0.0009305825224146247,-1,0.0009305825224146247,-0.1268455206445651,,,,1,9.305825224146247,-0.02835097536444664,0.00653810752555728,-0.004108672961592674,-0.07470613097210492
2025-12-04,fold_7,"Inflation bear, AI rally and 2025",-0.002989247441291809,-1,0.004069102928042412,1,-0.004069102928042412,-0.13091462357260752,,,,0,-40.69102928042412,-0.02547367289662361,0.004229042213410139,-0.002989247441291809,0.3288540497593342
2025-12-05,fold_7,"Inflation bear, AI rally and 2025",-0.006844323128461838,-1,-0.0019203914562240243,-1,0.0019203914562240243,-0.1289942321163835,,,,1,19.203914562240243,-0.019217390567064285,-0.01914352923631668,-0.006844323128461838,-0.16451758365576602
2025-12-08,fold_7,"Inflation bear, AI rally and 2025",-0.006656311452388763,-1,0.0012326041469350457,1,-0.0012326041469350457,-0.13022683626331855,,,,0,-12.326041469350457,-0.029107172042131424,-0.02225513942539692,-0.006656311452388763,0.10571795040473164
2025-12-09,fold_7,"Inflation bear, AI rally and 2025",-0.0021376535296440125,-1,0.00408737501129508,1,-0.00408737501129508,-0.13431421127461363,,,,0,-40.8737501129508,-0.02366160973906517,-0.02150787226855755,-0.0021376535296440125,0.3860940742634263
2025-12-10,fold_7,"Inflation bear, AI rally and 2025",-0.002046249806880951,-1,-0.0032396477181464434,-1,0.0032396477181464434,-0.13107456355646718,,,,1,32.396477181464434,-0.021729309111833572,-0.04430621117353439,-0.002046249806880951,-0.305364873438464
2025-12-11,fold_7,"Inflation bear, AI rally and 2025",0.0007403083145618439,1,-0.019303468987345695,-1,-0.019303468987345695,-0.15037803254381288,,,,0,-193.03468987345695,-0.010283853858709335,-0.02668045461177826,0.0007403083145618439,-1.8155420144186112
2025-12-12,fold_7,"Inflation bear, AI rally and 2025",0.0016235001385211945,1,-0.005032000597566366,-1,-0.005032000597566366,-0.15541003314137924,,,,0,-50.32000597566366,-0.0010467134416103363,0.005574300419539213,0.0016235001385211945,-0.47890443142588723
2025-12-15,fold_7,"Inflation bear, AI rally and 2025",0.00385328009724617,1,0.0019798711873590946,1,0.0019798711873590946,-0.15343016195402015,,,,1,19.798711873590946,-0.0009592324495315552,0.01538827270269394,0.00385328009724617,0.18738061852739712
2025-12-16,fold_7,"Inflation bear, AI rally and 2025",0.0029125474393367767,1,-0.018710967153310776,-1,-0.018710967153310776,-0.17214112910733093,,,,0,-187.10967153310776,-0.0023960061371326447,0.018080780282616615,0.0029125474393367767,-1.7991417330474324
2025-12-17,fold_7,"Inflation bear, AI rally and 2025",0.004006374627351761,1,0.014386109076440334,1,0.014386109076440334,-0.1577550200308906,,,,1,143.86109076440334,-0.005096837878227234,0.039713069796562195,0.004006374627351761,1.3234520309883862
2025-12-18,fold_7,"Inflation bear, AI rally and 2025",-0.00040965527296066284,-1,0.012951286509633064,1,-0.012951286509633064,-0.17070630654052366,,,,0,-129.51286509633064,-0.021846715360879898,0.025262802839279175,-0.00040965527296066284,1.1504351940592996
2025-12-19,fold_7,"Inflation bear, AI rally and 2025",-0.011050013825297356,-1,0.00478197168558836,1,-0.00478197168558836,-0.17548827822611202,,,,0,-47.8197168558836,-0.039972130209207535,0.007459201384335756,-0.011050013825297356,0.4635322635963407
