date,fold,regime,prediction,pred_direction,actual_return,actual_direction,strategy_return,cumulative_return,confidence,aleatoric,epistemic,correct,pnl_bps,B_pred,B_actual,D_pred,D_actual
2008-12-24,fold_1,GFC peak crash (Lehman + Mar-2009 bottom),0.013607431203126907,1,-0.0003429576463531703,-1,-0.0003429576463531703,-0.0003429576463531703,,,,0,-3.4295764635317028,0.013095160946249962,0.06284288316965103,0.013607431203126907,-0.01131396397522408
2008-12-26,fold_1,GFC peak crash (Lehman + Mar-2009 bottom),0.005494654178619385,1,-0.008273275569081306,-1,-0.008273275569081306,-0.008616233215434477,,,,0,-82.73275569081306,0.013546435162425041,0.06286349147558212,0.005494654178619385,-0.28636381278925166
2008-12-29,fold_1,GFC peak crash (Lehman + Mar-2009 bottom),0.006118053570389748,1,0.020555762574076653,1,0.020555762574076653,0.011939529358642176,,,,1,205.55762574076653,0.012185191735625267,0.08108048141002655,0.006118053570389748,0.7113592667332982
2008-12-30,fold_1,GFC peak crash (Lehman + Mar-2009 bottom),0.026043245568871498,1,0.008441665209829807,1,0.008441665209829807,0.020381194568471983,,,,1,84.41665209829807,0.003592969849705696,0.0317063182592392,0.026043245568871498,0.359792261687734
2008-12-31,fold_1,GFC peak crash (Lehman + Mar-2009 bottom),0.012261351570487022,1,0.042461689561605453,1,0.042461689561605453,0.06284288413007744,,,,1,424.61689561605453,-0.025279149413108826,0.033722203224897385,0.012261351570487022,1.8988990613166399
2009-01-02,fold_1,GFC peak crash (Lehman + Mar-2009 bottom),0.01564497873187065,1,-0.00032235000981017947,-1,-0.00032235000981017947,0.06252053412026726,,,,0,-3.2235000981017947,-0.00491558201611042,-0.03142658993601799,0.01564497873187065,-0.013732587060522822
2009-01-05,fold_1,GFC peak crash (Lehman + Mar-2009 bottom),0.010725229978561401,1,0.00994371809065342,1,0.00994371809065342,0.07246425221092068,,,,1,99.4371809065342,-0.014054873958230019,-0.04956405982375145,0.010725229978561401,0.440405604963444
2009-01-06,fold_1,GFC peak crash (Lehman + Mar-2009 bottom),0.012512775138020515,1,-0.028818404302001,-1,-0.028818404302001,0.04364584790891968,,,,0,-288.18404302001,0.001704622060060501,-0.0591689758002758,0.012512775138020515,-1.38107552841447
2009-01-07,fold_1,GFC peak crash (Lehman + Mar-2009 bottom),0.009929116815328598,1,0.010457552038133144,1,0.010457552038133144,0.05410339994705282,,,,1,104.57552038133144,-0.007561543956398964,-0.06130253151059151,0.009929116815328598,0.5213772021956417
2009-01-08,fold_1,GFC peak crash (Lehman + Mar-2009 bottom),0.0009156279265880585,1,-0.02268710546195507,-1,-0.02268710546195507,0.03141629448509775,,,,0,-226.8710546195507,-0.006683997809886932,-0.05547646805644035,0.0009156279265880585,-1.123864984696404
2009-01-09,fold_1,GFC peak crash (Lehman + Mar-2009 bottom),0.008735967800021172,1,-0.018459821119904518,-1,-0.018459821119904518,0.012956473365193233,,,,0,-184.59821119904518,0.006367949768900871,-0.021853338927030563,0.008735967800021172,-0.8874499725674849
2009-01-12,fold_1,GFC peak crash (Lehman + Mar-2009 bottom),0.008898898959159851,1,0.00033880159026011825,1,0.00033880159026011825,0.013295274955453351,,,,1,3.3880159026011825,0.00771063007414341,-0.05429340526461601,0.008898898959159851,0.016710213945114464
2009-01-13,fold_1,GFC peak crash (Lehman + Mar-2009 bottom),0.0063409991562366486,1,-0.030951958149671555,-1,-0.030951958149671555,-0.017656683194218203,,,,0,-309.51958149671555,0.014376847073435783,-0.012951979413628578,0.0063409991562366486,-1.5654513740687834
2009-01-14,fold_1,GFC peak crash (Lehman + Mar-2009 bottom),0.00808718241751194,1,0.016283614560961723,1,0.016283614560961723,-0.00137306863325648,,,,1,162.83614560961723,0.0074745360761880875,0.0045303646475076675,0.00808718241751194,0.7915411764355298
2009-01-15,fold_1,GFC peak crash (Lehman + Mar-2009 bottom),0.005400283262133598,1,0.01093602366745472,1,0.01093602366745472,0.00956295503419824,,,,1,109.3602366745472,0.010212620720267296,-0.006897205486893654,0.005400283262133598,0.6052141544043578
2009-01-16,fold_1,GFC peak crash (Lehman + Mar-2009 bottom),0.004405159503221512,1,-0.05089988932013512,-1,-0.05089988932013512,-0.04133693428593688,,,,0,-508.99889320135117,0.007712667807936668,-0.010592788457870483,0.004405159503221512,-2.823098035338528
2009-01-20,fold_1,GFC peak crash (Lehman + Mar-2009 bottom),0.005703087896108627,1,0.0416802279651165,1,0.0416802279651165,0.0003432936791796237,,,,1,416.802279651165,-0.0030868519097566605,0.04749481379985809,0.005703087896108627,1.9894501200614343
2009-01-21,fold_1,GFC peak crash (Lehman + Mar-2009 bottom),0.0034062042832374573,1,-0.013469614088535309,-1,-0.013469614088535309,-0.013126320409355685,,,,0,-134.6961408853531,-0.00212249718606472,0.04034192115068436,0.0034062042832374573,-0.5892937199583155
2009-01-22,fold_1,GFC peak crash (Lehman + Mar-2009 bottom),0.005798624828457832,1,0.004856044892221689,1,0.004856044892221689,-0.008270275517133996,,,,1,48.56044892221689,-0.025109263136982918,0.02811305969953537,0.005798624828457832,0.21559962684167613
2009-01-23,fold_1,GFC peak crash (Lehman + Mar-2009 bottom),-0.0029789889231324196,-1,0.00724044069647789,1,-0.00724044069647789,-0.015510716213611886,,,,0,-72.4044069647789,-0.028345422819256783,0.005520956590771675,-0.0029789889231324196,0.32150893117112656
2009-01-26,fold_1,GFC peak crash (Lehman + Mar-2009 bottom),0.0025781411677598953,1,0.007187714800238609,1,0.007187714800238609,-0.008323001413373277,,,,1,71.8771480023861,-0.024781499058008194,0.01025271974503994,0.0025781411677598953,0.318464132859641
2009-01-27,fold_1,GFC peak crash (Lehman + Mar-2009 bottom),0.0038476847112178802,1,0.034527335315942764,1,0.034527335315942764,0.026204333902569488,,,,1,345.27335315942764,-0.05872179567813873,0.018584955483675003,0.0038476847112178802,1.5259379429002036
2009-01-28,fold_1,GFC peak crash (Lehman + Mar-2009 bottom),0.01028730720281601,1,-0.025698475539684296,-1,-0.025698475539684296,0.000505858362885192,,,,0,-256.98475539684296,-0.025380974635481834,-0.01460401713848114,0.01028730720281601,-1.0781286776485335
2009-01-29,fold_1,GFC peak crash (Lehman + Mar-2009 bottom),-0.011086879298090935,-1,-0.017736058682203293,-1,0.017736058682203293,0.018241917045088485,,,,1,177.36058682203293,-0.08638256043195724,0.032920949161052704,-0.011086879298090935,-0.7364133233704658
2009-01-30,fold_1,GFC peak crash (Lehman + Mar-2009 bottom),0.0014122771099209785,1,0.011972203850746155,1,0.011972203850746155,0.03021412089583464,,,,1,119.72203850746155,-0.027102071791887283,0.07648946344852448,0.0014122771099209785,0.4919620198706491
2009-02-02,fold_1,GFC peak crash (Lehman + Mar-2009 bottom),0.0015279967337846756,1,0.015519951470196247,1,0.015519951470196247,0.04573407236603089,,,,1,155.19951470196247,-0.012406634166836739,0.06865273416042328,0.0015279967337846756,0.6877479031448788
2009-02-03,fold_1,GFC peak crash (Lehman + Mar-2009 bottom),-0.007327889557927847,-1,0.0013383622281253338,1,-0.0013383622281253338,0.04439571013790555,,,,0,-13.383622281253338,-0.012222321704030037,0.015612514689564705,-0.007327889557927847,0.05861908332521261
2009-02-04,fold_1,GFC peak crash (Lehman + Mar-2009 bottom),-0.0019044987857341766,-1,0.021826492622494698,1,-0.021826492622494698,0.022569217515410855,,,,0,-218.26492622494698,-0.015406912192702293,0.009649120271205902,-0.0019044987857341766,0.9604636281767396
2009-02-05,fold_1,GFC peak crash (Lehman + Mar-2009 bottom),-0.016311561688780785,-1,0.02583245187997818,1,-0.02583245187997818,-0.0032632343645673245,,,,0,-258.3245187997818,-0.062383249402046204,0.0,-0.016311561688780785,1.1567459466344763
2009-02-06,fold_1,GFC peak crash (Lehman + Mar-2009 bottom),0.005836347118020058,1,0.004135478753596544,1,0.004135478753596544,0.0008722443890292197,,,,1,41.35478753596544,-0.009899819269776344,-0.030422896146774292,0.005836347118020058,0.18020994654689176
2009-02-09,fold_1,GFC peak crash (Lehman + Mar-2009 bottom),0.009679103270173073,1,-0.03752027079463005,-1,-0.03752027079463005,-0.03664802640560083,,,,0,-375.2027079463005,-0.006120860576629639,-0.07513406872749329,0.009679103270173073,-1.6750522774946477
2009-02-10,fold_1,GFC peak crash (Lehman + Mar-2009 bottom),-0.004615813493728638,-1,-0.004625031724572182,-1,0.004625031724572182,-0.03202299468102865,,,,1,46.25031724572182,-0.04900527000427246,-0.03692920506000519,-0.004615813493728638,-0.1963064211528487
2009-02-11,fold_1,GFC peak crash (Lehman + Mar-2009 bottom),0.002529757097363472,1,0.01217737141996622,1,0.01217737141996622,-0.01984562326106243,,,,1,121.77371419966221,-0.011275148019194603,-0.04781389608979225,0.002529757097363472,0.5163659305223878
2009-02-12,fold_1,GFC peak crash (Lehman + Mar-2009 bottom),0.004101110622286797,1,-0.004590444266796112,-1,-0.004590444266796112,-0.02443606752785854,,,,0,-45.90444266796112,-0.02848679944872856,-0.057216279208660126,0.004101110622286797,-0.20214900412444273
2009-02-13,fold_1,GFC peak crash (Lehman + Mar-2009 bottom),0.003372892737388611,1,-0.04057569429278374,-1,-0.04057569429278374,-0.06501176182064228,,,,0,-405.7569429278374,-0.006577186286449432,-0.08823682367801666,0.003372892737388611,-1.8083558163302977
2009-02-17,fold_1,GFC peak crash (Lehman + Mar-2009 bottom),0.007508194074034691,1,0.000684593163896352,1,0.000684593163896352,-0.06432716865674593,,,,1,6.8459316389635205,-0.00022744014859199524,-0.015172178857028484,0.007508194074034691,0.02843112078509613
2009-02-18,fold_1,GFC peak crash (Lehman + Mar-2009 bottom),0.005832774564623833,1,-0.015509720891714096,-1,-0.015509720891714096,-0.07983688954846002,,,,0,-155.09720891714096,0.006019694730639458,-0.022480914369225502,0.005832774564623833,-0.7309061935277794
2009-02-19,fold_1,GFC peak crash (Lehman + Mar-2009 bottom),0.004426630213856697,1,0.002774988068267703,1,0.002774988068267703,-0.07706190148019232,,,,1,27.74988068267703,-0.0011033285409212112,-0.03535139560699463,0.004426630213856697,0.14321432013255497
2009-02-20,fold_1,GFC peak crash (Lehman + Mar-2009 bottom),0.004476485773921013,1,-0.03561098873615265,-1,-0.03561098873615265,-0.11267289021634497,,,,0,-356.1098873615265,0.0037878546863794327,-0.04752684384584427,0.004476485773921013,-1.8594837500008825
2009-02-23,fold_1,GFC peak crash (Lehman + Mar-2009 bottom),0.006947716698050499,1,0.032488949596881866,1,0.032488949596881866,-0.0801839406194631,,,,1,324.88949596881866,0.004353879019618034,-0.04477813467383385,0.006947716698050499,1.5686010459481285
2009-02-24,fold_1,GFC peak crash (Lehman + Mar-2009 bottom),0.001174100674688816,1,-0.00662414263933897,-1,-0.00662414263933897,-0.08680808325880207,,,,0,-66.2414263933897,0.012798400595784187,-0.0780186802148819,0.001174100674688816,-0.3026191429693795
2009-02-25,fold_1,GFC peak crash (Lehman + Mar-2009 bottom),0.0021075569093227386,1,-0.028380202129483223,-1,-0.028380202129483223,-0.1151882853882853,,,,0,-283.80202129483223,-0.005199529230594635,-0.04507232457399368,0.0021075569093227386,-1.2970558461101405
2009-02-26,fold_1,GFC peak crash (Lehman + Mar-2009 bottom),0.0027391482144594193,1,-0.009400458075106144,-1,-0.009400458075106144,-0.12458874346339144,,,,0,-94.00458075106144,0.00470350868999958,-0.04715467616915703,0.0027391482144594193,-0.4385750530238969
2009-02-27,fold_1,GFC peak crash (Lehman + Mar-2009 bottom),0.004774933680891991,1,-0.03286227956414223,-1,-0.03286227956414223,-0.15745102302753367,,,,0,-328.6227956414223,0.002460293471813202,-0.045707352459430695,0.004774933680891991,-1.5832543341428431
2009-03-02,fold_1,GFC peak crash (Lehman + Mar-2009 bottom),0.0066489167511463165,1,-0.000751598970964551,-1,-0.000751598970964551,-0.15820262199849822,,,,0,-7.51598970964551,0.0032351259142160416,-0.03436747193336487,0.0066489167511463165,-0.034702426339665096
2009-03-03,fold_1,GFC peak crash (Lehman + Mar-2009 bottom),0.004781203344464302,1,0.026322215795516968,1,0.026322215795516968,-0.13188040620298125,,,,1,263.2221579551697,0.011989908292889595,0.026322215795516968,0.004781203344464302,1.2246895328254972
2009-03-04,fold_1,GFC peak crash (Lehman + Mar-2009 bottom),0.0031141918152570724,1,-0.030462555587291718,-1,-0.030462555587291718,-0.16234296179027297,,,,0,-304.6255558729172,0.010562760755419731,0.015251108445227146,0.0031141918152570724,-1.3838793595797154
2009-03-05,fold_1,GFC peak crash (Lehman + Mar-2009 bottom),0.0045616161078214645,1,-0.007953135296702385,-1,-0.007953135296702385,-0.17029609708697535,,,,0,-79.53135296702385,0.00013481080532073975,0.0783289447426796,0.0045616161078214645,-0.34518343722180445
2009-03-06,fold_1,GFC peak crash (Lehman + Mar-2009 bottom),0.0023182816803455353,1,-0.0215223990380764,-1,-0.0215223990380764,-0.19181849612505175,,,,0,-215.223990380764,0.009682616218924522,0.08872090280056,0.0023182816803455353,-0.9528420129139734
2009-03-09,fold_1,GFC peak crash (Lehman + Mar-2009 bottom),0.0012722210958600044,1,0.059938088059425354,1,0.059938088059425354,-0.1318804080656264,,,,1,599.3808805942535,0.00691467709839344,0.093400739133358,0.0012722210958600044,2.6805293227550755
2009-03-10,fold_1,GFC peak crash (Lehman + Mar-2009 bottom),-0.013251823373138905,-1,0.015251108445227146,1,-0.015251108445227146,-0.14713151651085354,,,,0,-152.51108445227146,0.008418699726462364,0.07062570750713348,-0.013251823373138905,0.5853840661056128
2009-03-11,fold_1,GFC peak crash (Lehman + Mar-2009 bottom),-0.008385539054870605,-1,0.03261528164148331,1,-0.03261528164148331,-0.17974679815233685,,,,0,-326.15281641483307,-0.0019740723073482513,0.0679113119840622,-0.008385539054870605,1.3098519365463446
2009-03-12,fold_1,GFC peak crash (Lehman + Mar-2009 bottom),0.001167217269539833,1,0.0024388229940086603,1,0.0024388229940086603,-0.1773079751583282,,,,1,24.388229940086603,-0.012982608750462532,0.03462249040603638,0.001167217269539833,0.09407075065924828
2009-03-13,fold_1,GFC peak crash (Lehman + Mar-2009 bottom),0.007000358775258064,1,-0.016842564567923546,-1,-0.016842564567923546,-0.19415053972625174,,,,0,-168.42564567923546,-0.00473427027463913,0.0168460663408041,0.007000358775258064,-0.6531217118920715
2009-03-16,fold_1,GFC peak crash (Lehman + Mar-2009 bottom),0.0055447593331336975,1,0.037163060158491135,1,0.037163060158491135,-0.1569874795677606,,,,1,371.63060158491135,-0.00820840708911419,0.09096124023199081,0.0055447593331336975,1.4270914904074783
2009-03-17,fold_1,GFC peak crash (Lehman + Mar-2009 bottom),0.012277655303478241,1,0.012536708265542984,1,0.012536708265542984,-0.14445077130221762,,,,1,125.36708265542984,-0.006912415847182274,0.03517917916178703,0.012277655303478241,0.48619827721992376
2009-03-18,fold_1,GFC peak crash (Lehman + Mar-2009 bottom),0.012851458042860031,1,-0.000673539936542511,-1,-0.000673539936542511,-0.14512431123876013,,,,0,-6.73539936542511,-0.009192265570163727,0.02724788524210453,0.012851458042860031,-0.025968645943417606
2009-03-19,fold_1,GFC peak crash (Lehman + Mar-2009 bottom),0.009419409558176994,1,-0.015337600372731686,-1,-0.015337600372731686,-0.16046191161149181,,,,0,-153.37600372731686,-0.02515495754778385,0.05830502137541771,0.009419409558176994,-0.5966964858352954
2009-03-20,fold_1,GFC peak crash (Lehman + Mar-2009 bottom),0.0031050890684127808,1,0.05727260932326317,1,0.05727260932326317,-0.10318930228822865,,,,1,572.7260932326317,-0.03246062994003296,0.05468008294701576,0.0031050890684127808,2.2092033033287364
2009-03-23,fold_1,GFC peak crash (Lehman + Mar-2009 bottom),0.014725787565112114,1,-0.018618999049067497,-1,-0.018618999049067497,-0.12180830133729614,,,,0,-186.18999049067497,-0.006875926628708839,-0.027560722082853317,0.014725787565112114,-0.6698162405411248
2009-03-24,fold_1,GFC peak crash (Lehman + Mar-2009 bottom),0.010517232120037079,1,0.0046054162085056305,1,0.0046054162085056305,-0.11720288512879051,,,,1,46.054162085056305,-0.011131130158901215,-0.00033004675060510635,0.010517232120037079,0.16961509548873643
2009-03-25,fold_1,GFC peak crash (Lehman + Mar-2009 bottom),0.015011120587587357,1,0.03038359433412552,1,0.03038359433412552,-0.086819290794665,,,,1,303.8359433412552,-0.0004324261099100113,0.00979765597730875,0.015011120587587357,1.1198733440510578
2009-03-26,fold_1,GFC peak crash (Lehman + Mar-2009 bottom),0.017842033877968788,1,-0.018962539732456207,-1,-0.018962539732456207,-0.1057818305271212,,,,0,-189.62539732456207,0.0035163480788469315,0.011081703938543797,0.017842033877968788,-0.6961401824098795
2009-03-27,fold_1,GFC peak crash (Lehman + Mar-2009 bottom),0.014609554782509804,1,-0.024968193843960762,-1,-0.024968193843960762,-0.13075002437108196,,,,0,-249.68193843960762,0.004581687971949577,0.048450127243995667,0.014609554782509804,-0.9083529903405672
2009-03-30,fold_1,GFC peak crash (Lehman + Mar-2009 bottom),-5.800556391477585e-05,-1,0.008611675351858139,1,-0.008611675351858139,-0.1393616997229401,,,,0,-86.11675351858139,-0.019596613943576813,0.0709424838423729,-5.800556391477585e-05,0.31813871412694694
2011-11-25,fold_2,2011 US-downgrade + EU debt,0.007972262799739838,1,0.03420417010784149,1,0.03420417010784149,0.03420417010784149,,,,1,342.0417010784149,0.011599225923418999,0.06833713501691818,0.007972262799739838,2.0928216108284197
2011-11-28,fold_2,2011 US-downgrade + EU debt,0.005407955497503281,1,-0.006232367362827063,-1,-0.006232367362827063,0.02797180274501443,,,,0,-62.323673628270626,0.023403918370604515,0.045023635029792786,0.005407955497503281,-0.3454483536275587
2011-11-29,fold_2,2011 US-downgrade + EU debt,0.007523646578192711,1,0.03629493713378906,1,0.03629493713378906,0.06426673987880349,,,,1,362.9493713378906,0.013503750786185265,0.048457056283950806,0.007523646578192711,2.051226385858985
2011-11-30,fold_2,2011 US-downgrade + EU debt,0.01416206918656826,1,0.006892128381878138,1,0.006892128381878138,0.07115886826068163,,,,1,68.92128381878138,0.0005402695387601852,0.012162119150161743,0.01416206918656826,0.37154584442518823
2011-12-01,fold_2,2011 US-downgrade + EU debt,0.01155596598982811,1,-0.002821733010932803,-1,-0.002821733010932803,0.06833713524974883,,,,0,-28.21733010932803,0.001954091712832451,-0.011691782623529434,0.01155596598982811,-0.15238429575365461
2011-12-02,fold_2,2011 US-downgrade + EU debt,0.009676715359091759,1,0.010890672914683819,1,0.010890672914683819,0.07922780816443264,,,,1,108.90672914683819,-0.000348484143614769,0.007039838936179876,0.009676715359091759,0.6066935826487395
2011-12-05,fold_2,2011 US-downgrade + EU debt,0.010103097185492516,1,-0.0027989486698061228,-1,-0.0027989486698061228,0.07642885949462652,,,,0,-27.989486698061228,-0.0024514738470315933,-0.015138103626668453,0.010103097185492516,-0.15482394903360208
2011-12-06,fold_2,2011 US-downgrade + EU debt,0.008219599723815918,1,0.0,0,0.0,0.07642885949462652,,,,0,0.0,-0.0014401674270629883,-0.02339749038219452,0.008219599723815918,0.0
2011-12-07,fold_2,2011 US-downgrade + EU debt,0.0026328209787607193,1,-0.016961773857474327,-1,-0.016961773857474327,0.059467085637152195,,,,0,-169.61773857474327,-0.012495199218392372,-0.039122771471738815,0.0026328209787607193,-0.9509170080754884
2011-12-08,fold_2,2011 US-downgrade + EU debt,0.00778702087700367,1,0.015909889712929726,1,0.015909889712929726,0.07537697535008192,,,,1,159.09889712929726,0.000802231952548027,-0.024897422641515732,0.00778702087700367,0.9709272968258564
2011-12-09,fold_2,2011 US-downgrade + EU debt,0.01020263321697712,1,-0.011287270113825798,-1,-0.011287270113825798,0.06408970523625612,,,,0,-112.87270113825798,0.018951209262013435,-0.035672057420015335,0.01020263321697712,-0.6731594202347267
2011-12-12,fold_2,2011 US-downgrade + EU debt,0.0034016743302345276,1,-0.01105833426117897,-1,-0.01105833426117897,0.05303137097507715,,,,0,-110.5833426117897,0.0017530843615531921,-0.03427647426724434,0.0034016743302345276,-0.6728694141096118
2011-12-13,fold_2,2011 US-downgrade + EU debt,0.006320970132946968,1,-0.015725282952189445,-1,-0.015725282952189445,0.03730608802288771,,,,0,-157.25282952189445,0.007872803136706352,0.0059900484047830105,0.006320970132946968,-0.9495455651902264
2011-12-14,fold_2,2011 US-downgrade + EU debt,0.008567193523049355,1,-0.002736423397436738,-1,-0.002736423397436738,0.03456966462545097,,,,0,-27.36423397436738,0.008029697462916374,0.007308221887797117,0.008567193523049355,-0.16338743523011157
2011-12-15,fold_2,2011 US-downgrade + EU debt,0.012564850971102715,1,0.005135253071784973,1,0.005135253071784973,0.03970491769723594,,,,1,51.35253071784973,0.021701166406273842,0.018533855676651,0.012564850971102715,0.3142684862593917
2011-12-16,fold_2,2011 US-downgrade + EU debt,0.008174760267138481,1,-0.009891687892377377,-1,-0.009891687892377377,0.029813229804858565,,,,0,-98.91687892377377,0.015614541247487068,0.021994922310113907,0.008174760267138481,-0.6382412654649806
2011-12-19,fold_2,2011 US-downgrade + EU debt,0.00856822170317173,1,0.029208188876509666,1,0.029208188876509666,0.05902141868136823,,,,1,292.08188876509666,0.018573766574263573,0.03560950607061386,0.00856822170317173,1.8771779916831859
2011-12-20,fold_2,2011 US-downgrade + EU debt,0.004559988155961037,1,-0.014407109469175339,-1,-0.014407109469175339,0.04461430921219289,,,,0,-144.0710946917534,0.0056199003010988235,-0.005223233252763748,0.004559988155961037,-0.8831967265206787
2011-12-21,fold_2,2011 US-downgrade + EU debt,0.008177869021892548,1,0.008489210158586502,1,0.008489210158586502,0.053103519370779395,,,,1,84.89210158586502,-0.0013037584722042084,0.016353648155927658,0.008177869021892548,0.5110574939016249
2011-12-22,fold_2,2011 US-downgrade + EU debt,0.008214801549911499,1,0.008596319705247879,1,0.008596319705247879,0.061699839076027274,,,,1,85.96319705247879,-0.00786270946264267,0.005002554971724749,0.008214801549911499,0.5399180228938677
2011-12-23,fold_2,2011 US-downgrade + EU debt,0.016063859686255455,1,0.0037228951696306467,1,0.0037228951696306467,0.06542273424565792,,,,1,37.22895169630647,0.0007836725562810898,0.015389706939458847,0.016063859686255455,0.23349997107919782
2011-12-27,fold_2,2011 US-downgrade + EU debt,0.013333968818187714,1,-0.011624548584222794,-1,-0.011624548584222794,0.05379818566143513,,,,0,-116.24548584222794,-0.0067369453608989716,0.015876110643148422,0.013333968818187714,-0.8294704762865347
2011-12-28,fold_2,2011 US-downgrade + EU debt,0.006943764165043831,1,0.007169771008193493,1,0.007169771008193493,0.06096795666962862,,,,1,71.69771008193493,-0.005330337211489677,0.03569252789020538,0.006943764165043831,0.5054421435318919
2011-12-29,fold_2,2011 US-downgrade + EU debt,0.009291997179389,1,-0.002861881861463189,-1,-0.002861881861463189,0.05810607480816543,,,,0,-28.61881861463189,-0.025775063782930374,0.03198814019560814,0.009291997179389,-0.24368794404464716
2011-12-30,fold_2,2011 US-downgrade + EU debt,0.005841193720698357,1,0.018983472138643265,1,0.018983472138643265,0.0770895469468087,,,,1,189.83472138643265,-0.016234789043664932,0.03155828267335892,0.005841193720698357,1.6280766304793013
2012-01-03,fold_2,2011 US-downgrade + EU debt,0.011189404875040054,1,0.004209298174828291,1,0.004209298174828291,0.08129884512163699,,,,1,42.09298174828291,0.008626820519566536,0.019837142899632454,0.011189404875040054,0.3396611501012018
2012-01-04,fold_2,2011 US-downgrade + EU debt,0.014468805864453316,1,0.008191867731511593,1,0.008191867731511593,0.08949071285314858,,,,1,81.91867731511593,0.019868621602654457,0.01769336871802807,0.014468805864453316,0.672157943262196
2012-01-05,fold_2,2011 US-downgrade + EU debt,0.009991362690925598,1,0.0034653828479349613,1,0.0034653828479349613,0.09295609570108354,,,,1,34.65382847934961,0.010307857766747475,0.01344839483499527,0.009991362690925598,0.28154617876989074
2012-01-06,fold_2,2011 US-downgrade + EU debt,0.013716932386159897,1,-0.0032917384523898363,-1,-0.0032917384523898363,0.0896643572486937,,,,0,-32.91738452389836,0.015405254438519478,0.00638009374961257,0.013716932386159897,-0.26690995994171485
2012-01-09,fold_2,2011 US-downgrade + EU debt,0.012315602973103523,1,0.0072623323649168015,1,0.0072623323649168015,0.0969266896136105,,,,1,72.62332364916801,0.005911706015467644,0.018740149214863777,0.012315602973103523,0.6176430054681394
2012-01-10,fold_2,2011 US-downgrade + EU debt,0.012138379737734795,1,0.0020655242260545492,1,0.0020655242260545492,0.09899221383966506,,,,1,20.655242260545492,0.0045026745647192,0.024675680324435234,0.012138379737734795,0.18240113183113085
2012-01-11,fold_2,2011 US-downgrade + EU debt,0.010961273685097694,1,0.003946894314140081,1,0.003946894314140081,0.10293910815380514,,,,1,39.468943141400814,0.0056694988161325455,0.028810633346438408,0.010961273685097694,0.3572210027434997
2012-01-12,fold_2,2011 US-downgrade + EU debt,0.009565366432070732,1,-0.0036029184702783823,-1,-0.0036029184702783823,0.09933618968352675,,,,0,-36.02918470278382,0.002162497490644455,0.023359356448054314,0.009565366432070732,-0.33345716869875647
2012-01-13,fold_2,2011 US-downgrade + EU debt,0.009224705398082733,1,0.009068316780030727,1,0.009068316780030727,0.10840450646355748,,,,1,90.68316780030727,0.004384951665997505,0.027296697720885277,0.009224705398082733,0.8848621991021048
2012-01-17,fold_2,2011 US-downgrade + EU debt,0.010664880275726318,1,0.013197863474488258,1,0.013197863474488258,0.12160236993804574,,,,1,131.97863474488258,0.002430114895105362,0.01638673059642315,0.010664880275726318,1.2654933739685277
2012-01-18,fold_2,2011 US-downgrade + EU debt,0.01082426868379116,1,0.006200478412210941,1,0.006200478412210941,0.12780284835025668,,,,1,62.00478412210941,0.0020093806087970734,0.015677636489272118,0.01082426868379116,0.5753151595477494
2012-01-19,fold_2,2011 US-downgrade + EU debt,0.01111772283911705,1,-0.0015043833991512656,-1,-0.0015043833991512656,0.12629846495110542,,,,0,-15.043833991512656,0.002288360148668289,0.005996078252792358,0.01111772283911705,-0.14140463209322943
2012-01-20,fold_2,2011 US-downgrade + EU debt,0.01001817174255848,1,0.0003344228898640722,1,0.0003344228898640722,0.1266328878409695,,,,1,3.344228898640722,0.0035141315311193466,0.010485036298632622,0.01001817174255848,0.039788999324111236
2012-01-23,fold_2,2011 US-downgrade + EU debt,0.010866452008485794,1,-0.001841651159338653,-1,-0.001841651159338653,0.12479123668163083,,,,0,-18.41651159338653,0.0011541899293661118,0.010978174395859241,0.010866452008485794,-0.23722331805890484
2012-01-24,fold_2,2011 US-downgrade + EU debt,0.008796395733952522,1,0.012488769367337227,1,0.012488769367337227,0.13728000604896806,,,,1,124.88769367337227,-0.003023725003004074,0.014142458327114582,0.008796395733952522,1.6565615210635705
2012-01-25,fold_2,2011 US-downgrade + EU debt,0.012476073578000069,1,-0.0034810793586075306,-1,-0.0034810793586075306,0.13379892669036053,,,,0,-34.810793586075306,0.0028537381440401077,0.009716147556900978,0.012476073578000069,-0.44592694704213065
2012-01-26,fold_2,2011 US-downgrade + EU debt,0.009545890614390373,1,0.0029845747631043196,1,0.0029845747631043196,0.13678350145346485,,,,1,29.845747631043196,-0.00020406022667884827,0.01630597747862339,0.009545890614390373,0.38259811683906547
2012-01-27,fold_2,2011 US-downgrade + EU debt,0.00925794430077076,1,0.000827561307232827,1,0.000827561307232827,0.13761106276069768,,,,1,8.27561307232827,0.001746494323015213,0.026951424777507782,0.00925794430077076,0.11205640185162051
2012-01-30,fold_2,2011 US-downgrade + EU debt,0.012267179787158966,1,0.0013226325390860438,1,0.0013226325390860438,0.13893369529978372,,,,1,13.226325390860438,0.002014651894569397,0.025317996740341187,0.012267179787158966,0.18340650606887668
2012-01-31,fold_2,2011 US-downgrade + EU debt,0.009837431833148003,1,0.008062458597123623,1,0.008062458597123623,0.14699615389690734,,,,1,80.62458597123623,-7.243454456329346e-05,0.026089711114764214,0.009837431833148003,1.1214809968773007
2012-02-01,fold_2,2011 US-downgrade + EU debt,0.009939750656485558,1,0.003108750795945525,1,0.003108750795945525,0.15010490469285287,,,,1,31.08750795945525,0.0007265377789735794,0.023324616253376007,0.009939750656485558,0.5116638443727852
2012-02-02,fold_2,2011 US-downgrade + EU debt,0.011089174076914787,1,0.01363002136349678,1,0.01363002136349678,0.16373492605634965,,,,1,136.3002136349678,0.0010577049106359482,0.027394801378250122,0.011089174076914787,2.2556782061599634
2012-02-03,fold_2,2011 US-downgrade + EU debt,0.011685576289892197,1,-0.0008058656821958721,-1,-0.0008058656821958721,0.16292906037415378,,,,0,-8.05865682195872,0.002772664651274681,0.006745867431163788,0.011685576289892197,-0.12369304079839814
2012-02-06,fold_2,2011 US-downgrade + EU debt,0.011174904182553291,1,0.0020943458657711744,1,0.0020943458657711744,0.16502340623992495,,,,1,20.943458657711744,0.003972331061959267,0.01679355278611183,0.011174904182553291,0.3236356149482816
2012-02-07,fold_2,2011 US-downgrade + EU debt,0.012228420004248619,1,0.005297363270074129,1,0.005297363270074129,0.17032076950999908,,,,1,52.97363270074129,0.0040618982166051865,0.01723337359726429,0.012228420004248619,0.8217622714312218
2012-02-08,fold_2,2011 US-downgrade + EU debt,0.012426991015672684,1,0.0071789356879889965,1,0.0071789356879889965,0.17749970519798808,,,,1,71.78935687988997,0.002581236883997917,0.004950869362801313,0.012426991015672684,1.130556543370586
2012-02-09,fold_2,2011 US-downgrade + EU debt,0.013007411733269691,1,-0.007018911652266979,-1,-0.007018911652266979,0.1704807935457211,,,,0,-70.18911652266979,0.0036358293145895004,0.01137989480048418,0.013007411733269691,-1.074317083326856
2012-02-10,fold_2,2011 US-downgrade + EU debt,0.012735672295093536,1,0.009241819381713867,1,0.009241819381713867,0.17972261292743497,,,,1,92.41819381713867,0.002910258248448372,0.015250276774168015,0.012735672295093536,1.3874465085316885
2012-02-13,fold_2,2011 US-downgrade + EU debt,0.01289055123925209,1,0.00253416714258492,1,0.00253416714258492,0.18225678007001989,,,,1,25.3416714258492,-0.0009202901273965836,0.00884240958839655,0.01289055123925209,0.3658105560002509
2012-02-14,fold_2,2011 US-downgrade + EU debt,0.012720402330160141,1,-0.006985141430050135,-1,-0.006985141430050135,0.17527163863996975,,,,0,-69.85141430050135,-0.0006339065730571747,0.001738892518915236,0.012720402330160141,-1.0506623351197235
2012-02-15,fold_2,2011 US-downgrade + EU debt,0.013467876240611076,1,0.013607961125671864,1,0.013607961125671864,0.18887959976564161,,,,1,136.07961125671864,0.0033109132200479507,0.015335114672780037,0.013467876240611076,2.209520931384703
2012-02-16,fold_2,2011 US-downgrade + EU debt,0.011562952771782875,1,-0.003148529212921858,-1,-0.003148529212921858,0.18573107055271976,,,,0,-31.48529212921858,-0.0014782864600419998,0.005172334145754576,0.011562952771782875,-0.4679680087542468
2012-02-17,fold_2,2011 US-downgrade + EU debt,0.01168493740260601,1,0.0028339524287730455,1,0.0028339524287730455,0.1885650229814928,,,,1,28.339524287730455,0.001704491674900055,0.009727438911795616,0.01168493740260601,0.41944385103734144
2012-02-21,fold_2,2011 US-downgrade + EU debt,0.01248660497367382,1,-0.004569350276142359,-1,-0.004569350276142359,0.18399567270535044,,,,0,-45.69350276142359,-0.0009134821593761444,0.016990341246128082,0.01248660497367382,-0.6733801069912754
2012-02-22,fold_2,2011 US-downgrade + EU debt,0.0115728247910738,1,0.006611080374568701,1,0.006611080374568701,0.19060675307991914,,,,1,66.11080374568701,0.0021694283932447433,0.01706789620220661,0.0115728247910738,0.9651470783620054
2012-02-23,fold_2,2011 US-downgrade + EU debt,0.010798633098602295,1,0.003445180831477046,1,0.003445180831477046,0.1940519339113962,,,,1,34.45180831477046,-0.0003064703196287155,0.018343226984143257,0.010798633098602295,0.5360447494646549
2012-02-24,fold_2,2011 US-downgrade + EU debt,0.011483823880553246,1,0.001406575320288539,1,0.001406575320288539,0.19545850923168473,,,,1,14.06575320288539,0.000556236132979393,0.014127819798886776,0.011483823880553246,0.21888569425971233
2012-02-27,fold_2,2011 US-downgrade + EU debt,0.010785829275846481,1,0.010096855461597443,1,0.010096855461597443,0.20555536469328217,,,,1,100.96855461597443,0.00029779039323329926,0.002339030848816037,0.010785829275846481,1.5778658998156045
2012-02-28,fold_2,2011 US-downgrade + EU debt,0.01161777414381504,1,-0.004491796251386404,-1,-0.004491796251386404,0.20106356844189577,,,,0,-44.91796251386404,0.001634802669286728,-0.01761925034224987,0.01161777414381504,-0.662199871345816
2012-02-29,fold_2,2011 US-downgrade + EU debt,0.008013736456632614,1,0.007886411622166634,1,0.007886411622166634,0.2089499800640624,,,,1,78.86411622166634,-0.0016050711274147034,-0.005449074786156416,0.008013736456632614,1.151179852539622
2012-03-01,fold_2,2011 US-downgrade + EU debt,0.011181117966771126,1,-0.0007702261791564524,-1,-0.0007702261791564524,0.20817975388490595,,,,0,-7.702261791564524,0.001259494572877884,-0.0026220991276204586,0.011181117966771126,-0.1125984819999919
2012-03-02,fold_2,2011 US-downgrade + EU debt,0.0119768176227808,1,-0.0103822136297822,-1,-0.0103822136297822,0.19779754025512375,,,,0,-103.822136297822,0.0014133471995592117,0.0023094317875802517,0.0119768176227808,-1.5251736877537474
2012-03-05,fold_2,2011 US-downgrade + EU debt,0.009758898988366127,1,-0.009861424565315247,-1,-0.009861424565315247,0.1879361156898085,,,,0,-98.61424565315247,0.00032140500843524933,0.013153144158422947,0.009758898988366127,-1.5137589597575667
2012-03-06,fold_2,2011 US-downgrade + EU debt,0.008953660726547241,1,0.007678378373384476,1,0.007678378373384476,0.19561449406319298,,,,1,76.78378373384476,-0.002071043476462364,0.04144495725631714,0.008953660726547241,1.1168153240786654
2012-03-07,fold_2,2011 US-downgrade + EU debt,0.016958098858594894,1,0.010713387280702591,1,0.010713387280702591,0.20632788134389557,,,,1,107.13387280702591,0.012858303263783455,0.037231557071208954,0.016958098858594894,1.5151388808677082
2012-03-08,fold_2,2011 US-downgrade + EU debt,0.01139824464917183,1,0.004161304794251919,1,0.004161304794251919,0.2104891861381475,,,,1,41.61304794251919,0.0019666235893964767,0.029371794313192368,0.01139824464917183,0.5645424096506517
2012-03-09,fold_2,2011 US-downgrade + EU debt,0.013936741277575493,1,0.0004614990612026304,1,0.0004614990612026304,0.21095068519935012,,,,1,4.614990612026304,0.0055662598460912704,0.024503981694579124,0.013936741277575493,0.06361889606810102
2012-03-12,fold_2,2011 US-downgrade + EU debt,0.010635506361722946,1,0.01843038946390152,1,0.01843038946390152,0.22938107466325164,,,,1,184.3038946390152,-0.0013207625597715378,0.03108314424753189,0.010635506361722946,2.602040314567907
2012-03-13,fold_2,2011 US-downgrade + EU debt,0.010647397488355637,1,0.0034649777226150036,1,0.0034649777226150036,0.23284605238586664,,,,1,34.649777226150036,0.007654914632439613,0.01444236095994711,0.010647397488355637,0.43695195041424706
2012-03-14,fold_2,2011 US-downgrade + EU debt,0.008101174607872963,1,0.0028536233585327864,1,0.0028536233585327864,0.23569967574439943,,,,1,28.536233585327864,0.0069900210946798325,0.011126581579446793,0.008101174607872963,0.35906071161865233
2012-03-15,fold_2,2011 US-downgrade + EU debt,0.011478699743747711,1,-0.0007065081736072898,-1,-0.0007065081736072898,0.23499316757079214,,,,0,-7.065081736072898,0.004751389846205711,0.006184988189488649,0.011478699743747711,-0.09036301955303956
2012-03-16,fold_2,2011 US-downgrade + EU debt,0.01183374598622322,1,0.007040662225335836,1,0.007040662225335836,0.24203382979612797,,,,1,70.40662225335836,0.004106221720576286,0.006294159684330225,0.01183374598622322,0.9773428193550118
2012-03-19,fold_2,2011 US-downgrade + EU debt,0.011281104758381844,1,0.0017896058270707726,1,0.0017896058270707726,0.24382343562319875,,,,1,17.896058270707726,0.00750233419239521,0.016580747440457344,0.011281104758381844,0.24380827020648896
2012-03-20,fold_2,2011 US-downgrade + EU debt,0.010336499661207199,1,0.0001491978910053149,1,0.0001491978910053149,0.24397263351420406,,,,1,1.4919789100531489,0.001938018947839737,0.01625809818506241,0.010336499661207199,0.020371779229221194
2012-03-21,fold_2,2011 US-downgrade + EU debt,0.010765334591269493,1,-0.002087969798594713,-1,-0.002087969798594713,0.24188466371560935,,,,0,-20.879697985947132,0.0004620663821697235,0.01214273739606142,0.010765334591269493,-0.2879080999137984
2012-03-22,fold_2,2011 US-downgrade + EU debt,0.014692634344100952,1,-0.0005973368533886969,-1,-0.0005973368533886969,0.24128732686222065,,,,0,-5.973368533886969,0.001046977937221527,0.010396905243396759,0.014692634344100952,-0.0839512847838132
2012-03-23,fold_2,2011 US-downgrade + EU debt,0.010344276204705238,1,0.01732725091278553,1,0.01732725091278553,0.2586145777750062,,,,1,173.2725091278553,-0.002504562959074974,0.009071050211787224,0.010344276204705238,2.4491804812367133
2012-03-26,fold_2,2011 US-downgrade + EU debt,0.011052604764699936,1,0.001466956571675837,1,0.001466956571675837,0.260081534346682,,,,1,14.66956571675837,-0.0017746537923812866,0.0020533644128590822,0.011052604764699936,0.18200350488989153
2012-03-27,fold_2,2011 US-downgrade + EU debt,0.009745681658387184,1,-0.003966162912547588,-1,-0.003966162912547588,0.25611537143413443,,,,0,-39.66162912547588,-0.0007075946778059006,0.0002936256059911102,0.009745681658387184,-0.5121378390983127
2012-03-28,fold_2,2011 US-downgrade + EU debt,0.010628262534737587,1,-0.0038338019512593746,-1,-0.0038338019512593746,0.25228156948287506,,,,0,-38.338019512593746,-0.0021201223134994507,-0.0094646867364645,0.010628262534737587,-0.49596645392931077
2012-03-29,fold_2,2011 US-downgrade + EU debt,0.00869605503976345,1,-0.001923191943205893,-1,-0.001923191943205893,0.25035837753966916,,,,0,-19.23191943205893,-0.004091212525963783,0.000590998271945864,0.00869605503976345,-0.2538937655513964
2014-03-28,fold_3,Taper tantrum and 2014 H1,0.0186785776168108,1,0.0070972987450659275,1,0.0070972987450659275,0.0070972987450659275,,,,1,70.97298745065928,0.016352226957678795,-0.007842288352549076,0.0186785776168108,0.9060127079641355
2014-03-31,fold_3,Taper tantrum and 2014 H1,0.008124696090817451,1,0.017413048073649406,1,0.017413048073649406,0.024510346818715334,,,,1,174.13048073649406,0.023207953199744225,-0.0244788508862257,0.008124696090817451,2.2274561662872308
2014-04-01,fold_3,Taper tantrum and 2014 H1,0.008078558370471,1,0.0025748794432729483,1,0.0025748794432729483,0.027085226261988282,,,,1,25.748794432729483,0.008910780772566795,-0.03270028531551361,0.008078558370471,0.31157741244076076
2014-04-02,fold_3,Taper tantrum and 2014 H1,0.015488537028431892,1,-0.007969930768013,-1,-0.007969930768013,0.01911529549397528,,,,0,-79.69930768013,0.004328997805714607,-0.018278267234563828,0.015488537028431892,-0.9647420670863133
2014-04-03,fold_3,Taper tantrum and 2014 H1,0.011802196502685547,1,-0.02695758268237114,-1,-0.02695758268237114,-0.007842287188395858,,,,0,-269.5758268237114,0.00030086562037467957,-0.04177101328969002,0.011802196502685547,-3.1906397371676727
2014-04-04,fold_3,Taper tantrum and 2014 H1,0.017276141792535782,1,-0.009539262391626835,-1,-0.009539262391626835,-0.017381549580022693,,,,0,-95.39262391626835,0.008745839819312096,-0.026514969766139984,0.017276141792535782,-0.9243960077394551
2014-04-07,fold_3,Taper tantrum and 2014 H1,0.013670677319169044,1,0.009191613644361496,1,0.009191613644361496,-0.008189935935661197,,,,1,91.91613644361496,0.008472410961985588,-0.00915968231856823,0.013670677319169044,0.8724212064864433
2014-04-08,fold_3,Taper tantrum and 2014 H1,0.014973228797316551,1,0.016996895894408226,1,0.016996895894408226,0.00880695995874703,,,,1,169.96895894408226,0.009142080321907997,-0.015053289011120796,0.014973228797316551,1.5898401667635498
2014-04-09,fold_3,Taper tantrum and 2014 H1,0.019951017573475838,1,-0.03146267682313919,-1,-0.03146267682313919,-0.02265571686439216,,,,0,-314.6267682313919,0.013782816007733345,-0.018851255998015404,0.019951017573475838,-2.7805663507372933
2014-04-10,fold_3,Taper tantrum and 2014 H1,0.014143293723464012,1,-0.01170154195278883,-1,-0.01170154195278883,-0.03435725881718099,,,,0,-117.0154195278883,0.0035786349326372147,0.012843403033912182,0.014143293723464012,-0.9044168442628483
2014-04-11,fold_3,Taper tantrum and 2014 H1,0.010468985885381699,1,0.007816024124622345,1,0.007816024124622345,-0.026541234692558646,,,,1,78.16024124622345,0.0023569557815790176,0.031941864639520645,0.010468985885381699,0.5961510368720718
2014-04-14,fold_3,Taper tantrum and 2014 H1,0.010526949539780617,1,0.0032980076503008604,1,0.0032980076503008604,-0.023243227042257786,,,,1,32.980076503008604,0.005719205364584923,0.0320403128862381,0.010526949539780617,0.25212227676228055
2014-04-15,fold_3,Taper tantrum and 2014 H1,0.010320141911506653,1,0.013198929838836193,1,0.013198929838836193,-0.010044297203421593,,,,1,131.98929838836193,0.007483908906579018,0.01990613155066967,0.010320141911506653,1.029239149505944
2014-04-16,fold_3,Taper tantrum and 2014 H1,0.015952805057168007,1,0.0002319830673513934,1,0.0002319830673513934,-0.0098123141360702,,,,1,2.319830673513934,0.010296354070305824,0.016228817403316498,0.015952805057168007,0.017704409515367756
2014-04-17,fold_3,Taper tantrum and 2014 H1,0.009297981858253479,1,0.007396920118480921,1,0.007396920118480921,-0.0024153940175892785,,,,1,73.96920118480921,0.0035185273736715317,-0.00011613046081038192,0.009297981858253479,0.5651443196261554
2014-04-21,fold_3,Taper tantrum and 2014 H1,0.013788791373372078,1,0.007914471440017223,1,0.007914471440017223,0.005499077422427945,,,,1,79.14471440017223,0.0017093662172555923,-0.004269872326403856,0.013788791373372078,0.6129573868021266
2014-04-22,fold_3,Taper tantrum and 2014 H1,0.015499567613005638,1,-0.008836171589791775,-1,-0.008836171589791775,-0.00333709416736383,,,,0,-88.36171589791775,0.004225945100188255,-0.004236620385199785,0.015499567613005638,-0.685870461320646
2014-04-23,fold_3,Taper tantrum and 2014 H1,0.012452496215701103,1,0.009521614760160446,1,0.009521614760160446,0.006184520592796616,,,,1,95.21614760160446,0.0019973665475845337,0.007235391531139612,0.012452496215701103,0.7316941727822702
2014-04-24,fold_3,Taper tantrum and 2014 H1,0.01940673030912876,1,-0.01611296460032463,-1,-0.01611296460032463,-0.009928444007528014,,,,0,-161.1296460032463,0.002297626808285713,0.0006843045121058822,0.01940673030912876,-1.252605071352228
2014-04-25,fold_3,Taper tantrum and 2014 H1,0.010544860735535622,1,0.0032431783620268106,1,0.0032431783620268106,-0.006685265645501204,,,,1,32.43178362026811,0.0019209515303373337,0.01497045811265707,0.010544860735535622,0.2438609425001167
2014-04-28,fold_3,Taper tantrum and 2014 H1,0.00903480127453804,1,0.00794772244989872,1,0.00794772244989872,0.001262456804397516,,,,1,79.4772244989872,0.005718523636460304,0.016970984637737274,0.00903480127453804,0.5970399685811895
2014-04-29,fold_3,Taper tantrum and 2014 H1,0.014849655330181122,1,0.0026358403265476227,1,0.0026358403265476227,0.0038982971309451386,,,,1,26.358403265476227,-0.0008948761969804764,-0.004023039247840643,0.014849655330181122,0.19765020906525657
2014-04-30,fold_3,Taper tantrum and 2014 H1,0.0500960573554039,1,0.002970527159050107,1,0.002970527159050107,0.006868824289995246,,,,1,29.70527159050107,0.03582959622144699,-0.00954312551766634,0.0500960573554039,0.2326464559028697
2014-05-01,fold_3,Taper tantrum and 2014 H1,0.019564947113394737,1,-0.0018268103012815118,-1,-0.0018268103012815118,0.005042013988713734,,,,0,-18.268103012815118,0.020136920735239983,-0.013438626192510128,0.019564947113394737,-0.14302445624634064
2014-05-02,fold_3,Taper tantrum and 2014 H1,0.013175072148442268,1,0.005243705119937658,1,0.005243705119937658,0.010285719108651392,,,,1,52.43705119937658,0.0006489753723144531,-0.007918200455605984,0.013175072148442268,0.41437903964715017
2014-05-05,fold_3,Taper tantrum and 2014 H1,0.014207515865564346,1,-0.013046301901340485,-1,-0.013046301901340485,-0.0027605827926890925,,,,0,-130.46301901340485,0.0023557115346193314,0.003178476123139262,0.014207515865564346,-1.1660932572157228
2014-05-06,fold_3,Taper tantrum and 2014 H1,0.013328507542610168,1,-0.002884245477616787,-1,-0.002884245477616787,-0.005644828270305879,,,,0,-28.84245477616787,0.007645750418305397,0.016904594376683235,0.013328507542610168,-0.25381310969980364
2014-05-07,fold_3,Taper tantrum and 2014 H1,0.012973064556717873,1,-0.0009249738068319857,-1,-0.0009249738068319857,-0.006569802077137865,,,,0,-9.249738068319857,0.011845039203763008,0.01456519030034542,0.012973064556717873,-0.08262502824968634
2014-05-08,fold_3,Taper tantrum and 2014 H1,0.01602230779826641,1,0.003693615784868598,1,0.003693615784868598,-0.002876186292269267,,,,1,36.93615784868598,0.009657850489020348,0.00760283088311553,0.01602230779826641,0.3507050202758788
2014-05-09,fold_3,Taper tantrum and 2014 H1,0.012177309021353722,1,0.016340382397174835,1,0.016340382397174835,0.013464196104905568,,,,1,163.40382397174835,0.02504565753042698,0.010429514572024345,0.012177309021353722,2.073398925339283
2014-05-12,fold_3,Taper tantrum and 2014 H1,0.014061639085412025,1,0.0006798167596571147,1,0.0006798167596571147,0.014144012864562683,,,,1,6.798167596571147,0.0009191427379846573,0.0010198835516348481,0.014061639085412025,0.08207038410880037
2014-05-13,fold_3,Taper tantrum and 2014 H1,0.011933913454413414,1,-0.005223650485277176,-1,-0.005223650485277176,0.008920362379285507,,,,0,-52.23650485277176,0.0014064591377973557,-0.00328986463136971,0.011933913454413414,-0.6450313470035096
2014-05-14,fold_3,Taper tantrum and 2014 H1,0.012259084731340408,1,-0.007887332700192928,-1,-0.007887332700192928,0.0010330296790925786,,,,0,-78.87332700192928,0.003138488158583641,0.011433972977101803,0.012259084731340408,-0.9679146831549944
2014-05-15,fold_3,Taper tantrum and 2014 H1,0.016417667269706726,1,0.006520299706608057,1,0.006520299706608057,0.007553329385700636,,,,1,65.20299706608057,0.005204753950238228,0.023701516911387444,0.016417667269706726,0.8361923425833073
2014-05-16,fold_3,Taper tantrum and 2014 H1,0.010813755914568901,1,0.0069307503290474415,1,0.0069307503290474415,0.014484079714748077,,,,1,69.30750329047441,-8.340366184711456e-05,0.02443923056125641,0.010813755914568901,0.8737077739859721
2014-05-19,fold_3,Taper tantrum and 2014 H1,0.013641323894262314,1,-0.0036299314815551043,-1,-0.0036299314815551043,0.010854148233192973,,,,0,-36.29931481555104,0.000970134511590004,0.029892729595303535,0.013641323894262314,-0.45881738372934977
2014-05-20,fold_3,Taper tantrum and 2014 H1,0.00955740362405777,1,0.009500186890363693,1,0.009500186890363693,0.020354335123556666,,,,1,95.00186890363693,-0.0015643369406461716,0.03044099360704422,0.00955740362405777,1.225258190591561
2014-05-21,fold_3,Taper tantrum and 2014 H1,0.010635469108819962,1,0.004380210768431425,1,0.004380210768431425,0.02473454589198809,,,,1,43.80210768431425,0.003335537388920784,0.027313604950904846,0.010635469108819962,0.5620858252523185
2014-05-22,fold_3,Taper tantrum and 2014 H1,0.013255298137664795,1,0.007258014287799597,1,0.007258014287799597,0.03199256017978769,,,,1,72.58014287799597,0.0014650505036115646,0.023042934015393257,0.013255298137664795,0.9600542360580507
2014-05-23,fold_3,Taper tantrum and 2014 H1,0.012717999517917633,1,0.012384248897433281,1,0.012384248897433281,0.04437680907722097,,,,1,123.84248897433281,0.005059110000729561,0.014798999764025211,0.012717999517917633,1.8101637895137987
2014-05-27,fold_3,Taper tantrum and 2014 H1,0.011184312403202057,1,-0.0030816674698144197,-1,-0.0030816674698144197,0.04129514160740655,,,,0,-30.816674698144197,0.0028337743133306503,0.0019759966526180506,0.011184312403202057,-0.4195607894926704
2014-05-28,fold_3,Taper tantrum and 2014 H1,0.011476149782538414,1,0.006372798699885607,1,0.006372798699885607,0.047667940307292156,,,,1,63.72798699885607,0.0025833118706941605,0.008779807947576046,0.011476149782538414,0.8900581927586882
2014-05-29,fold_3,Taper tantrum and 2014 H1,0.012027418240904808,1,0.00010953944001812488,1,0.00010953944001812488,0.04777747974731028,,,,1,1.0953944001812488,0.0019082315266132355,0.010785252787172794,0.012027418240904808,0.015053706886225565
2014-05-30,fold_3,Taper tantrum and 2014 H1,0.012696288526058197,1,-0.0009859201963990927,-1,-0.0009859201963990927,0.04679155955091119,,,,0,-9.859201963990927,0.002162547782063484,0.01640191674232483,0.012696288526058197,-0.13605960599780215
2014-06-02,fold_3,Taper tantrum and 2014 H1,0.011941174045205116,1,-0.00043875392293557525,-1,-0.00043875392293557525,0.04635280562797561,,,,0,-4.3875392293557525,0.0010216627269983292,0.016633290797472,0.011941174045205116,-0.060617508986671356
2014-06-03,fold_3,Taper tantrum and 2014 H1,0.011969560757279396,1,0.003722143592312932,1,0.003722143592312932,0.050074949220288545,,,,1,37.22143592312932,0.001856265589594841,0.018795523792505264,0.011969560757279396,0.52107920808085
2014-06-04,fold_3,Taper tantrum and 2014 H1,0.012340111657977104,1,0.008378244005143642,1,0.008378244005143642,0.05845319322543219,,,,1,83.78244005143642,0.004437027499079704,0.014858423732221127,0.012340111657977104,1.2746072309545615
2014-06-05,fold_3,Taper tantrum and 2014 H1,0.012730004265904427,1,0.005726202856749296,1,0.005726202856749296,0.06417939608218148,,,,1,57.26202856749296,0.0023712459951639175,-0.002603821223601699,0.012730004265904427,0.841536314923747
2014-06-06,fold_3,Taper tantrum and 2014 H1,0.011936092749238014,1,-0.0007545453845523298,-1,-0.0007545453845523298,0.06342485069762915,,,,0,-7.545453845523298,0.003247564658522606,-0.005401598289608955,0.011936092749238014,-0.1090258095653863
2014-06-09,fold_3,Taper tantrum and 2014 H1,0.01184091530740261,1,0.0017234788974747062,1,0.0017234788974747062,0.06514832959510386,,,,1,17.23478897474706,0.0016724318265914917,-0.0037802942097187042,0.01184091530740261,0.2507459024618815
2014-06-10,fold_3,Taper tantrum and 2014 H1,0.011138278990983963,1,-0.00021495713735930622,-1,-0.00021495713735930622,0.06493337245774455,,,,0,-2.149571373593062,0.0016454830765724182,-0.004963437560945749,0.011138278990983963,-0.036842175568203905
2014-06-11,fold_3,Taper tantrum and 2014 H1,0.011325901374220848,1,-0.009084000252187252,-1,-0.009084000252187252,0.0558493722055573,,,,0,-90.84000252187252,0.001249566674232483,0.0008610818767920136,0.011325901374220848,-1.557411019774264
2014-06-12,fold_3,Taper tantrum and 2014 H1,0.009391482919454575,1,0.0029284260235726833,1,0.0029284260235726833,0.058777798229129985,,,,1,29.284260235726833,0.0008581038564443588,0.009298957884311676,0.009391482919454575,0.48285032094804403
2014-06-13,fold_3,Taper tantrum and 2014 H1,0.010598219931125641,1,0.0008667586953379214,1,0.0008667586953379214,0.059644556924467906,,,,1,8.667586953379214,0.0029710959643125534,0.007546482607722282,0.010598219931125641,0.1484276600289527
2014-06-16,fold_3,Taper tantrum and 2014 H1,0.00958731397986412,1,0.0005403357790783048,1,0.0005403357790783048,0.06018489270354621,,,,1,5.403357790783048,0.0029738638550043106,0.006895371712744236,0.00958731397986412,0.09549964981027752
2014-06-17,fold_3,Taper tantrum and 2014 H1,0.00987563468515873,1,0.005609562154859304,1,0.005609562154859304,0.06579445485840552,,,,1,56.095621548593044,0.0015982389450073242,0.005384569056332111,0.00987563468515873,1.0306115744567852
2014-06-18,fold_3,Taper tantrum and 2014 H1,0.011709673330187798,1,-0.000646124710328877,-1,-0.000646124710328877,0.06514833014807664,,,,0,-6.46124710328877,0.005647322162985802,0.006119376048445702,0.011709673330187798,-0.11691776295906459
2014-06-19,fold_3,Taper tantrum and 2014 H1,0.013220204040408134,1,0.001175950514152646,1,0.001175950514152646,0.06632428066222928,,,,1,11.75950514152646,0.002503523603081703,0.007301395758986473,0.013220204040408134,0.2304085862318534
2014-06-20,fold_3,Taper tantrum and 2014 H1,0.012799596413969994,1,0.0002156479167751968,1,0.0002156479167751968,0.06653992857900448,,,,1,2.156479167751968,0.0013777166604995728,0.010508253239095211,0.012799596413969994,0.04299375123078296
2014-06-23,fold_3,Taper tantrum and 2014 H1,0.011892329901456833,1,-0.0009704668773338199,-1,-0.0009704668773338199,0.06556946170167066,,,,0,-9.704668773338199,0.0009093489497900009,0.011997771449387074,0.011892329901456833,-0.20447154155560207
2014-06-24,fold_3,Taper tantrum and 2014 H1,0.010658752173185349,1,0.006344369146972895,1,0.006344369146972895,0.07191383084864356,,,,1,63.44369146972895,0.0026922691613435745,0.023876363411545753,0.010658752173185349,1.643309511582408
2014-06-25,fold_3,Taper tantrum and 2014 H1,0.010808249935507774,1,0.0005358947673812509,1,0.0005358947673812509,0.07244972561602481,,,,1,5.358947673812509,-0.00010879896581172943,0.019215893000364304,0.010808249935507774,0.13215691458243795
2014-06-26,fold_3,Taper tantrum and 2014 H1,0.011308081448078156,1,0.00438280776143074,1,0.00438280776143074,0.07683253337745555,,,,1,43.828077614307404,0.0008628703653812408,0.024969423189759254,0.011308081448078156,1.1539035577103673
2014-06-27,fold_3,Taper tantrum and 2014 H1,0.011269932612776756,1,0.0017051667673513293,1,0.0017051667673513293,0.07853770014480688,,,,1,17.051667673513293,0.0020410995930433273,0.01755196787416935,0.011269932612776756,0.4347071467681163
2014-06-30,fold_3,Taper tantrum and 2014 H1,0.012119218707084656,1,0.010908124968409538,1,0.010908124968409538,0.08944582511321642,,,,1,109.08124968409538,0.001252768561244011,0.0037202120292931795,0.012119218707084656,2.7721612507452202
2014-07-01,fold_3,Taper tantrum and 2014 H1,0.012228509411215782,1,0.0016838997835293412,1,0.0016838997835293412,0.09112972489674576,,,,1,16.838997835293412,0.0021024905145168304,0.0002107195177813992,0.012228509411215782,0.36381104072122655
2014-07-02,fold_3,Taper tantrum and 2014 H1,0.011730112135410309,1,0.00628942484036088,1,0.00628942484036088,0.09741914973710664,,,,1,62.8942484036088,0.005351914092898369,-0.0046371459029614925,0.011730112135410309,1.3766643287193563
2014-07-03,fold_3,Taper tantrum and 2014 H1,0.01072772592306137,1,-0.0030346480198204517,-1,-0.0030346480198204517,0.09438450171728618,,,,0,-30.346480198204517,0.005711978301405907,-0.004503125324845314,0.01072772592306137,-0.6900461447877146
2014-07-07,fold_3,Taper tantrum and 2014 H1,0.010073047131299973,1,-0.012126589193940163,-1,-0.012126589193940163,0.08225791252334602,,,,0,-121.26589193940163,0.004439471289515495,0.004496706649661064,0.010073047131299973,-2.8455543192125514
2014-07-08,fold_3,Taper tantrum and 2014 H1,0.00517536886036396,1,0.007398632355034351,1,0.007398632355034351,0.08965654487838037,,,,1,73.98632355034351,-0.0037162192165851593,0.013173858635127544,0.00517536886036396,1.4655670883826315
2014-07-09,fold_3,Taper tantrum and 2014 H1,0.0089261494576931,1,-0.0031639656517654657,-1,-0.0031639656517654657,0.08649257922661491,,,,0,-31.639656517654657,0.0013563428074121475,0.00974604208022356,0.0089261494576931,-0.5971461092102441
2014-07-10,fold_3,Taper tantrum and 2014 H1,0.009376214817166328,1,0.006423445418477058,1,0.006423445418477058,0.09291602464509197,,,,1,64.23445418477058,-0.0034284088760614395,-0.0004228194011375308,0.009376214817166328,1.2017025952140485
2014-07-11,fold_3,Taper tantrum and 2014 H1,0.007043002173304558,1,0.0059651839546859264,1,0.0059651839546859264,0.09888120859977789,,,,1,59.651839546859264,-0.005588190630078316,0.008882122114300728,0.007043002173304558,1.1585792441699563
2014-07-14,fold_3,Taper tantrum and 2014 H1,0.0075748153030872345,1,-0.003449437441304326,-1,-0.003449437441304326,0.09543177115847357,,,,0,-34.49437441304326,-0.0024769622832536697,0.0016677516978234053,0.0075748153030872345,-0.6535234140812817
2014-07-15,fold_3,Taper tantrum and 2014 H1,0.005372922867536545,1,0.003970816265791655,1,0.003970816265791655,0.09940258742426522,,,,1,39.708162657916546,-0.004696717485785484,0.01145125925540924,0.005372922867536545,0.7448884330714018
2014-07-16,fold_3,Taper tantrum and 2014 H1,0.007214248180389404,1,-0.013332827016711235,-1,-0.013332827016711235,0.08606976040755399,,,,0,-133.32827016711235,-0.002399357035756111,0.013877581804990768,0.007214248180389404,-2.467743478875805
2014-07-17,fold_3,Taper tantrum and 2014 H1,0.013517649844288826,1,0.015728386119008064,1,0.015728386119008064,0.10179814652656205,,,,1,157.28386119008064,0.000641949474811554,0.026078633964061737,0.013517649844288826,2.603183061654549
2014-07-18,fold_3,Taper tantrum and 2014 H1,0.008644815534353256,1,-0.0012491863453760743,-1,-0.0012491863453760743,0.10054896018118598,,,,0,-12.491863453760743,-0.0019824281334877014,0.006429646164178848,0.008644815534353256,-0.17872204598867492
2014-07-21,fold_3,Taper tantrum and 2014 H1,0.011661956086754799,1,0.006334070116281509,1,0.006334070116281509,0.10688303029746749,,,,1,63.340701162815094,-0.0046497005969285965,0.007989144884049892,0.011661956086754799,0.9061378421587718
2014-07-22,fold_3,Taper tantrum and 2014 H1,0.008927000686526299,1,0.00639713928103447,1,0.00639713928103447,0.11328016957850195,,,,1,63.971392810344696,-0.0018416047096252441,-0.00010333875979995355,0.008927000686526299,0.8969545824667564
2014-07-23,fold_3,Taper tantrum and 2014 H1,0.011111240833997726,1,-0.0011317766038700938,-1,-0.0011317766038700938,0.11214839297463186,,,,0,-11.317766038700938,0.0011319778859615326,-0.002574207494035363,0.011111240833997726,-0.15565918702123097
2014-07-24,fold_3,Taper tantrum and 2014 H1,0.009974488988518715,1,-0.003920600283890963,-1,-0.003920600283890963,0.1082277926907409,,,,0,-39.206002838909626,9.076856076717377e-05,-0.021860044449567795,0.009974488988518715,-0.5494414230069968
2014-07-25,fold_3,Taper tantrum and 2014 H1,0.014758991077542305,1,0.0003103120543528348,1,0.0003103120543528348,0.10853810474509373,,,,1,3.103120543528348,0.004690377041697502,-0.021629933267831802,0.014758991077542305,0.04316926421390465
2014-07-28,fold_3,Taper tantrum and 2014 H1,0.01179235428571701,1,-0.001758413389325142,-1,-0.001758413389325142,0.10677969135576859,,,,0,-17.58413389325142,0.0035983528941869736,-0.015097670257091522,0.01179235428571701,-0.24691679954321788
2014-07-29,fold_3,Taper tantrum and 2014 H1,0.010707449167966843,1,0.003926270641386509,1,0.003926270641386509,0.1107059619971551,,,,1,39.26270641386509,-0.007449334487318993,-0.02102711983025074,0.010707449167966843,0.5512776424635283
2014-07-30,fold_3,Taper tantrum and 2014 H1,0.011966468766331673,1,-0.02041761204600334,-1,-0.02041761204600334,0.09028834995115176,,,,0,-204.17612046003342,0.00024248100817203522,-0.025693856179714203,0.011966468766331673,-3.0253746553661913
2014-07-31,fold_3,Taper tantrum and 2014 H1,0.008098840713500977,1,-0.003690489800646901,-1,-0.003690489800646901,0.08659786015050486,,,,0,-36.90489800646901,-0.008324610069394112,-0.008454873226583004,0.008098840713500977,-0.4534157647166218
2014-08-01,fold_3,Taper tantrum and 2014 H1,0.01098809763789177,1,0.0068425750359892845,1,0.0068425750359892845,0.09344043518649414,,,,1,68.42575035989285,0.0002890154719352722,0.0024269213899970055,0.01098809763789177,0.8490340969905606
2014-08-04,fold_3,Taper tantrum and 2014 H1,0.01100137084722519,1,-0.007687862496823072,-1,-0.007687862496823072,0.08575257268967107,,,,0,-76.87862496823072,-0.004556270316243172,0.001467795460484922,0.01100137084722519,-0.9404013445423478
2014-08-05,fold_3,Taper tantrum and 2014 H1,0.008589640259742737,1,-0.0007404669304378331,-1,-0.0007404669304378331,0.08501210575923324,,,,0,-7.404669304378331,-0.005840430036187172,0.008736382238566875,0.008589640259742737,-0.0937116027863874
2014-08-06,fold_3,Taper tantrum and 2014 H1,0.010712744668126106,1,-0.00317862955853343,-1,-0.00317862955853343,0.0818334762006998,,,,0,-31.7862955853343,0.003042740747332573,0.02000616118311882,0.010712744668126106,-0.41130322963078586
2014-08-07,fold_3,Taper tantrum and 2014 H1,0.013095185160636902,1,0.007191305048763752,1,0.007191305048763752,0.08902478124946356,,,,1,71.91305048763752,0.002199457958340645,0.028356796130537987,0.013095185160636902,0.9304928116568347
2014-08-08,fold_3,Taper tantrum and 2014 H1,0.011076539754867554,1,0.005883449222892523,1,0.005883449222892523,0.09490823047235608,,,,1,58.83449222892523,-0.0021557677537202835,0.02600216120481491,0.011076539754867554,0.757958197237931
2014-08-11,fold_3,Taper tantrum and 2014 H1,0.007941313087940216,1,-0.0004192753112874925,-1,-0.0004192753112874925,0.09448895516106859,,,,0,-4.192753112874925,0.0007275622338056564,0.02778947539627552,0.007941313087940216,-0.05403648788866629
2014-08-12,fold_3,Taper tantrum and 2014 H1,0.010306889191269875,1,0.010529312305152416,1,0.010529312305152416,0.105018267466221,,,,1,105.29312305152416,-0.0025238599628210068,0.03379705175757408,0.010306889191269875,1.363679603234186
2014-08-13,fold_3,Taper tantrum and 2014 H1,0.009757224470376968,1,0.0051720053888857365,1,0.0051720053888857365,0.11019027285510674,,,,1,51.720053888857365,-0.0023271460086107254,0.02326774038374424,0.009757224470376968,0.6446265908960627
2014-08-14,fold_3,Taper tantrum and 2014 H1,0.009721668437123299,1,0.004836669657379389,1,0.004836669657379389,0.11502694251248613,,,,1,48.36669657379389,0.0025174766778945923,0.020119888707995415,0.009721668437123299,0.6416355422554882
2014-08-15,fold_3,Taper tantrum and 2014 H1,0.013186996802687645,1,0.007670763414353132,1,0.007670763414353132,0.12269770592683926,,,,1,76.70763414353132,0.004693591967225075,0.016798965632915497,0.013186996802687645,1.135661916793589
2014-08-18,fold_3,Taper tantrum and 2014 H1,0.011526905000209808,1,0.005588300991803408,1,0.005588300991803408,0.12828600691864267,,,,1,55.88300991803408,0.004492396488785744,0.012655028142035007,0.011526905000209808,0.8025449421832442
2014-08-19,fold_3,Taper tantrum and 2014 H1,0.010945595800876617,1,0.0,0,0.0,0.12828600691864267,,,,0,0.0,0.005207253620028496,0.008072314783930779,0.010945595800876617,0.0
2014-08-20,fold_3,Taper tantrum and 2014 H1,0.011740706861019135,1,0.0020241537131369114,1,0.0020241537131369114,0.13031016063177958,,,,1,20.241537131369114,0.005106033757328987,0.008273630402982235,0.011740706861019135,0.2984589132808147
2014-08-21,fold_3,Taper tantrum and 2014 H1,0.01001589372754097,1,0.0015157470479607582,1,0.0015157470479607582,0.13182590767974034,,,,1,15.157470479607582,0.0026288796216249466,0.005143505055457354,0.01001589372754097,0.22315366394154962
2014-08-22,fold_3,Taper tantrum and 2014 H1,0.010949060320854187,1,0.00352682638913393,1,0.00352682638913393,0.13535273406887427,,,,1,35.2682638913393,0.005932727828621864,0.007342625875025988,0.010949060320854187,0.5229497782812355
2014-08-25,fold_3,Taper tantrum and 2014 H1,0.01077200286090374,1,0.0010055879829451442,1,0.0010055879829451442,0.13635832205181941,,,,1,10.055879829451442,0.0037872102111577988,0.00671806838363409,0.01077200286090374,0.14810494098229504
2014-08-26,fold_3,Taper tantrum and 2014 H1,0.010963108390569687,1,0.0002013150224229321,1,0.0002013150224229321,0.13655963707424235,,,,1,2.013150224229321,0.0041093286126852036,-0.00020076821965631098,0.010963108390569687,0.029683580416780462
2014-08-27,fold_3,Taper tantrum and 2014 H1,0.010633185505867004,1,-0.0011059711687266827,-1,-0.0011059711687266827,0.13545366590551566,,,,0,-11.059711687266827,0.006103450432419777,-0.0013072571018710732,0.010633185505867004,-0.16445378893942256
2014-08-28,fold_3,Taper tantrum and 2014 H1,0.011446507647633553,1,0.0037148678675293922,1,0.0037148678675293922,0.13916853377304506,,,,1,37.14867867529392,0.005888627842068672,0.004816656932234764,0.011446507647633553,0.7513692050723919
2014-08-29,fold_3,Taper tantrum and 2014 H1,0.011809106916189194,1,0.002902268897742033,1,0.002902268897742033,0.1420708026707871,,,,1,29.02268897742033,0.004471966996788979,0.0030023581348359585,0.011809106916189194,0.5869045800932715
2014-09-02,fold_3,Taper tantrum and 2014 H1,0.00952877663075924,1,-0.005913248751312494,-1,-0.005913248751312494,0.1361575539194746,,,,0,-59.13248751312494,0.0037970934063196182,-0.008227802813053131,0.00952877663075924,-1.2456932093143112
2014-09-03,fold_3,Taper tantrum and 2014 H1,0.011320095509290695,1,-0.0009051738306879997,-1,-0.0009051738306879997,0.1352523800887866,,,,0,-9.051738306879997,0.0077876802533864975,0.005913248751312494,0.011320095509290695,-0.19600618181372603
2014-09-04,fold_3,Taper tantrum and 2014 H1,0.009863248094916344,1,0.005017942748963833,1,0.005017942748963833,0.14027032283775043,,,,1,50.17942748963833,0.007725989446043968,0.0060186004266142845,0.009863248094916344,1.0862393282937621
2014-09-05,fold_3,Taper tantrum and 2014 H1,0.009977662935853004,1,0.0019005690701305866,1,0.0019005690701305866,0.14217089190788101,,,,1,19.005690701305866,0.004691792652010918,-0.004112768918275833,0.009977662935853004,0.40433892746950595
2014-09-08,fold_3,Taper tantrum and 2014 H1,0.009677097201347351,1,-0.008327892050147057,-1,-0.008327892050147057,0.13384299985773396,,,,0,-83.27892050147057,0.005477936938405037,-0.01571054756641388,0.009677097201347351,-1.8768245623151516
2014-09-09,fold_3,Taper tantrum and 2014 H1,0.009380798786878586,1,0.008227802813053131,1,0.008227802813053131,0.1420708026707871,,,,1,82.27802813053131,0.005747886374592781,0.001308427657932043,0.009380798786878586,1.777519263451231
2014-09-10,fold_3,Taper tantrum and 2014 H1,0.010927744209766388,1,-0.0007998223882168531,-1,-0.0007998223882168531,0.14127098028257024,,,,0,-7.998223882168531,0.004362640902400017,-0.00541094271466136,0.010927744209766388,-0.16060189297344188
2014-09-11,fold_3,Taper tantrum and 2014 H1,0.012530431151390076,1,-0.005113426595926285,-1,-0.005113426595926285,0.13615755368664395,,,,0,-51.13426595926285,0.00234818272292614,0.0028961822390556335,0.012530431151390076,-1.1642305984975365
2014-09-12,fold_3,Taper tantrum and 2014 H1,0.006539972499012947,1,-0.009697210043668747,-1,-0.009697210043668747,0.1264603436429752,,,,0,-96.97210043668747,-0.012789253145456314,0.007389549165964127,0.006539972499012947,-2.2095975746885537
2014-09-15,fold_3,Taper tantrum and 2014 H1,0.008837452158331871,1,0.008691084571182728,1,0.008691084571182728,0.13515142821415793,,,,1,86.91084571182728,-0.012575136497616768,0.00774153508245945,0.008837452158331871,1.8204422697855847
2014-09-16,fold_3,Taper tantrum and 2014 H1,0.006805242970585823,1,0.0015084322076290846,1,0.0015084322076290846,0.13665986042178702,,,,1,15.084322076290846,0.0007775891572237015,-0.003679014276713133,0.006805242970585823,0.3103262284268353
2014-09-17,fold_3,Taper tantrum and 2014 H1,0.011436652392148972,1,0.0075073023326694965,1,0.0075073023326694965,0.1441671627544565,,,,1,75.07302332669497,0.014924811199307442,0.005486177280545235,0.011436652392148972,1.594067302481406
2014-09-18,fold_3,Taper tantrum and 2014 H1,0.007361149415373802,1,-0.0006200594361871481,-1,-0.0006200594361871481,0.14354710331826936,,,,0,-6.200594361871481,0.0009195394814014435,-0.0232794601470232,0.007361149415373802,-0.12401778789185415
2014-09-19,fold_3,Taper tantrum and 2014 H1,0.005528509616851807,1,-0.009345224127173424,-1,-0.009345224127173424,0.13420187919109594,,,,0,-93.45224127173424,0.004464002326130867,-0.012074689380824566,0.005528509616851807,-1.876112941336521
2014-09-22,fold_3,Taper tantrum and 2014 H1,0.006417255848646164,1,-0.002729465253651142,-1,-0.002729465253651142,0.1314724139374448,,,,0,-27.29465253651142,0.011309420689940453,-0.0040466017089784145,0.006417255848646164,-0.5062925958727779
2014-09-23,fold_3,Taper tantrum and 2014 H1,0.013593971729278564,1,0.010673623532056808,1,0.010673623532056808,0.1421460374695016,,,,1,106.73623532056808,0.003606250509619713,0.00010115558688994497,0.013593971729278564,1.9884172085794183
2014-09-24,fold_3,Taper tantrum and 2014 H1,0.013280266895890236,1,-0.021258333697915077,-1,-0.021258333697915077,0.12088770377158653,,,,0,-212.58333697915077,0.003477873280644417,-0.026695234701037407,0.013280266895890236,-3.6213541307532724
2014-09-25,fold_3,Taper tantrum and 2014 H1,0.011348754167556763,1,0.010584711097180843,1,0.010584711097180843,0.13147241486876737,,,,1,105.84711097180843,0.0037576090544462204,-0.005436900071799755,0.011348754167556763,1.4013167095476196
2014-09-26,fold_3,Taper tantrum and 2014 H1,0.00921085849404335,1,-0.0013171363389119506,-1,-0.0013171363389119506,0.13015527852985542,,,,0,-13.171363389119506,-0.005830485373735428,-0.0061947559006512165,0.00921085849404335,-0.1664801500173341
2014-09-29,fold_3,Taper tantrum and 2014 H1,0.013369740918278694,1,0.0014182919403538108,1,0.0014182919403538108,0.13157357047020923,,,,1,14.182919403538108,0.010699598118662834,-0.007019097916781902,0.013369740918278694,0.1801359166050565
2015-11-24,fold_4,China devaluation and oil crash,0.013941323384642601,1,0.0008764576632529497,1,0.0008764576632529497,0.0008764576632529497,,,,1,8.764576632529497,0.002486877143383026,0.0035007991828024387,0.013941323384642601,0.10225956340385596
2015-11-25,fold_4,China devaluation and oil crash,0.013910306617617607,1,0.0014003473334014416,1,0.0014003473334014416,0.0022768049966543913,,,,1,14.003473334014416,0.007195563986897469,-0.014471632428467274,0.013910306617617607,0.16728680282196637
2015-11-27,fold_4,China devaluation and oil crash,0.016065696254372597,1,-0.002540202811360359,-1,-0.002540202811360359,-0.0002633978147059679,,,,0,-25.402028113603592,0.0013372506946325302,0.0072346641682088375,0.016065696254372597,-0.3035129411512779
2015-11-30,fold_4,China devaluation and oil crash,0.009459884837269783,1,0.009948860853910446,1,0.009948860853910446,0.009685463039204478,,,,1,99.48860853910446,0.008566418662667274,0.005248351488262415,0.009459884837269783,1.194586063857271
2015-12-01,fold_4,China devaluation and oil crash,0.014279108494520187,1,-0.006184663623571396,-1,-0.006184663623571396,0.0035007994156330824,,,,0,-61.84663623571396,0.011118965223431587,-0.0046132574789226055,0.014279108494520187,-0.7499876485171226
2015-12-02,fold_4,China devaluation and oil crash,0.007184656336903572,1,-0.01709597371518612,-1,-0.01709597371518612,-0.013595174299553037,,,,0,-170.9597371518612,0.003695892170071602,-0.013724218122661114,0.007184656336903572,-2.0535364294682603
2015-12-03,fold_4,China devaluation and oil crash,0.008960854262113571,1,0.023106643930077553,1,0.023106643930077553,0.009511469630524516,,,,1,231.06643930077553,0.01227213628590107,0.007879506796598434,0.008960854262113571,2.5223255326409033
2015-12-04,fold_4,China devaluation and oil crash,0.014567781239748001,1,-0.004526515491306782,-1,-0.004526515491306782,0.004984954139217734,,,,0,-45.26515491306782,-0.0024769380688667297,-0.038512103259563446,0.014567781239748001,-0.43109129945658503
2015-12-07,fold_4,China devaluation and oil crash,0.001605357974767685,1,8.725155930733308e-05,1,8.725155930733308e-05,0.005072205698525067,,,,1,0.8725155930733308,0.0035842563956975937,-0.026432102546095848,0.001605357974767685,0.008272132186391416
2015-12-08,fold_4,China devaluation and oil crash,0.0037252716720104218,1,-0.015295623801648617,-1,-0.015295623801648617,-0.01022341810312355,,,,0,-152.95623801648617,0.01043715886771679,-0.020446723327040672,0.0037252716720104218,-1.4888426203459677
2015-12-09,fold_4,China devaluation and oil crash,0.010249754413962364,1,0.004507751204073429,1,0.004507751204073429,-0.00571566689905012,,,,1,45.07751204073429,0.012539489194750786,0.00960917305201292,0.010249754413962364,0.4168919601981546
2015-12-10,fold_4,China devaluation and oil crash,0.004459794610738754,1,-0.02328496426343918,-1,-0.02328496426343918,-0.0290006311624893,,,,0,-232.84964263439178,0.012881884351372719,-0.009569364599883556,0.004459794610738754,-2.144870930139299
2015-12-11,fold_4,China devaluation and oil crash,0.009882381185889244,1,0.007553484290838242,1,0.007553484290838242,-0.021447146871651057,,,,1,75.53484290838242,0.01328255794942379,-0.005653249565511942,0.009882381185889244,0.6379484307264066
2015-12-14,fold_4,China devaluation and oil crash,0.008406447246670723,1,0.006072630640119314,1,0.006072630640119314,-0.015374516231531743,,,,1,60.72630640119314,0.012408806011080742,-0.00215992983430624,0.008406447246670723,0.5467045773028342
2015-12-15,fold_4,China devaluation and oil crash,0.008851341903209686,1,0.014760272577404976,1,0.014760272577404976,-0.0006142436541267671,,,,1,147.60272577404976,0.023352796211838722,-0.00168037845287472,0.008851341903209686,1.376247394325145
2015-12-16,fold_4,China devaluation and oil crash,0.00710904598236084,1,-0.014670786447823048,-1,-0.014670786447823048,-0.015285030101949815,,,,0,-146.70786447823048,-0.009476110339164734,-0.009042750112712383,0.00710904598236084,-1.3074991347175047
2015-12-17,fold_4,China devaluation and oil crash,0.010331850498914719,1,-0.01936884969472885,-1,-0.01936884969472885,-0.034653879796678666,,,,0,-193.6884969472885,0.0017381217330694199,0.005450133234262466,0.010331850498914719,-1.7786319863299034
2015-12-18,fold_4,China devaluation and oil crash,0.01028059795498848,1,0.011046803556382656,1,0.011046803556382656,-0.02360707624029601,,,,1,110.46803556382656,0.011366469785571098,0.02428596094250679,0.01028059795498848,0.9426938408301507
2015-12-21,fold_4,China devaluation and oil crash,0.01014769822359085,1,0.006552181672304869,1,0.006552181672304869,-0.01705489456799114,,,,1,65.52181672304869,0.010251229628920555,0.028845859691500664,0.01014769822359085,0.5515120227529856
2015-12-22,fold_4,China devaluation and oil crash,0.007709736004471779,1,0.007397900801151991,1,0.007397900801151991,-0.00965699376683915,,,,1,73.97900801151991,0.016121117398142815,0.013241508975625038,0.007709736004471779,0.6189166429136861
2015-12-23,fold_4,China devaluation and oil crash,0.0018884111195802689,1,-0.00017790279525797814,-1,-0.00017790279525797814,-0.009834896562097128,,,,0,-1.7790279525797814,-0.005087235942482948,-0.006682647857815027,0.0018884111195802689,-0.014744975855360434
2015-12-24,fold_4,China devaluation and oil crash,0.014807391911745071,1,-0.0005330225685611367,-1,-0.0005330225685611367,-0.010367919130658265,,,,0,-5.330225685611367,-0.023423485457897186,-0.027828186750411987,0.014807391911745071,-0.04418367105827519
2015-12-28,fold_4,China devaluation and oil crash,0.011934373527765274,1,0.01560670230537653,1,0.01560670230537653,0.0052387831747182645,,,,1,156.0670230537653,-0.01831759698688984,-0.02903185784816742,0.011934373527765274,1.2940542927429068
2015-12-29,fold_4,China devaluation and oil crash,0.013262854889035225,1,-0.00905216857790947,-1,-0.00905216857790947,-0.003813385403191205,,,,0,-90.5216857790947,-0.006653301417827606,-0.05429093912243843,0.013262854889035225,-0.7217363218677224
2015-12-30,fold_4,China devaluation and oil crash,0.011704554781317711,1,-0.012526256032288074,-1,-0.012526256032288074,-0.01633964143547928,,,,0,-125.26256032288074,-0.023391855880618095,-0.07705271244049072,0.011704554781317711,-1.0014434086057409
2015-12-31,fold_4,China devaluation and oil crash,0.009427092969417572,1,-0.021323442459106445,-1,-0.021323442459106445,-0.037663083894585725,,,,0,-213.23442459106445,0.005437137559056282,-0.07276111096143723,0.009427092969417572,-1.6733253467462836
2016-01-04,fold_4,China devaluation and oil crash,0.011098640039563179,1,-0.0017366929678246379,-1,-0.0017366929678246379,-0.03939977686241036,,,,0,-17.36692967824638,0.005532762035727501,-0.048365604132413864,0.011098640039563179,-0.13299938311556678
2016-01-05,fold_4,China devaluation and oil crash,0.011854967102408409,1,-0.009652378037571907,-1,-0.009652378037571907,-0.04905215489998227,,,,0,-96.52378037571907,0.0061446186155080795,-0.03509790077805519,0.011854967102408409,-0.804466051931289
2016-01-06,fold_4,China devaluation and oil crash,0.012083062902092934,1,-0.03181394189596176,-1,-0.03181394189596176,-0.08086609679594403,,,,0,-318.1394189596176,0.005287019535899162,-0.06054344400763512,0.012083062902092934,-2.618651198542985
2016-01-07,fold_4,China devaluation and oil crash,0.011617310345172882,1,-0.008234658278524876,-1,-0.008234658278524876,-0.08910075507446891,,,,0,-82.34658278524876,0.006608771160244942,-0.007657906971871853,0.011617310345172882,-0.5849109099819225
2016-01-08,fold_4,China devaluation and oil crash,0.010657070204615593,1,0.0030720664653927088,1,0.0030720664653927088,-0.0860286886090762,,,,1,30.720664653927088,0.005906296893954277,-0.030952053144574165,0.010657070204615593,0.22293194032832703
2016-01-11,fold_4,China devaluation and oil crash,0.011715320870280266,1,0.011531009338796139,1,0.011531009338796139,-0.07449767927028006,,,,1,115.31009338796139,0.006778853014111519,-0.031844522804021835,0.011715320870280266,0.8379769965657005
2016-01-12,fold_4,China devaluation and oil crash,0.010268902406096458,1,-0.03509791940450668,-1,-0.03509791940450668,-0.10959559867478674,,,,0,-350.97919404506683,0.007586879655718803,-0.04644802585244179,0.010268902406096458,-2.7007112948895324
2016-01-13,fold_4,China devaluation and oil crash,0.012062916532158852,1,0.021071596071124077,1,0.021071596071124077,-0.08852400260366267,,,,1,210.71596071124077,0.006977220997214317,-0.010357847437262535,0.012062916532158852,1.396629864588817
2016-01-14,fold_4,China devaluation and oil crash,0.007939081639051437,1,-0.03152880445122719,-1,-0.03152880445122719,-0.12005280705488985,,,,0,-315.2880445122719,0.008478743955492973,-0.0028869316447526217,0.007939081639051437,-2.0021287642035857
2016-01-15,fold_4,China devaluation and oil crash,0.009676659479737282,1,0.002179595874622464,1,0.002179595874622464,-0.11787321118026739,,,,1,21.795958746224642,0.0070451777428388596,0.013690323568880558,0.009676659479737282,0.12870273806938973
2016-01-19,fold_4,China devaluation and oil crash,0.010120095685124397,1,-0.0030724939424544573,-1,-0.0030724939424544573,-0.12094570512272185,,,,0,-30.724939424544573,0.009355360642075539,0.020469823852181435,0.010120095685124397,-0.1848506249669811
2016-01-20,fold_4,China devaluation and oil crash,0.00925549864768982,1,0.0009922586614266038,1,0.0009922586614266038,-0.11995344646129524,,,,1,9.922586614266038,0.00846034474670887,-0.0016886454541236162,0.00925549864768982,0.061776704168400025
2016-01-21,fold_4,China devaluation and oil crash,0.00562882237136364,1,0.02854251302778721,1,0.02854251302778721,-0.09141093343350803,,,,1,285.4251302778721,0.006545824930071831,0.011338510550558567,0.00562882237136364,1.7982371089670433
2016-01-22,fold_4,China devaluation and oil crash,0.0044609010219573975,1,-0.014951549470424652,-1,-0.014951549470424652,-0.10636248290393269,,,,0,-149.51549470424652,0.005464961752295494,0.0034633507020771503,0.0044609010219573975,-0.8771940457603843
2016-01-25,fold_4,China devaluation and oil crash,0.0074366237968206406,1,0.008959095925092697,1,0.008959095925092697,-0.09740338697883999,,,,1,89.59095925092697,-0.002233816310763359,0.021100182086229324,0.0074366237968206406,0.5181487944941808
2016-01-26,fold_4,China devaluation and oil crash,-0.001309070736169815,-1,-0.02523096278309822,-1,0.02523096278309822,-0.07217242419574177,,,,1,252.3096278309822,-0.003054684028029442,-0.00974215380847454,-0.001309070736169815,-1.4495383138895608
2016-01-27,fold_4,China devaluation and oil crash,0.008645614609122276,1,0.014019414782524109,1,0.014019414782524109,-0.05815300941321766,,,,1,140.1941478252411,-0.0014652200043201447,0.01068068016320467,0.008645614609122276,0.7662004856589724
2016-01-28,fold_4,China devaluation and oil crash,0.004542451351881027,1,0.02066735178232193,1,0.02066735178232193,-0.03748565763089573,,,,1,206.6735178232193,-0.008715005591511726,-0.003437303937971592,0.004542451351881027,1.1335163489035494
2016-01-29,fold_4,China devaluation and oil crash,0.0060252174735069275,1,0.0026852828450500965,1,0.0026852828450500965,-0.034800374785845634,,,,1,26.852828450500965,-0.003327140584588051,-0.059448905289173126,0.0060252174735069275,0.14359585346548528
2016-02-01,fold_4,China devaluation and oil crash,-0.00019184406846761703,-1,-0.021883239969611168,-1,0.021883239969611168,-0.012917134816234466,,,,1,218.83239969611168,-0.019946176558732986,-0.07753972709178925,-0.00019184406846761703,-1.182937129687806
2016-02-02,fold_4,China devaluation and oil crash,0.014322178438305855,1,-0.004808129742741585,-1,-0.004808129742741585,-0.01772526455897605,,,,0,-48.08129742741585,0.008495396003127098,-0.05876627564430237,0.014322178438305855,-0.25945388234654193
2016-02-03,fold_4,China devaluation and oil crash,0.0040872711688280106,1,-9.856902761384845e-05,-1,-9.856902761384845e-05,-0.0178238335865899,,,,0,-0.9856902761384845,0.012147931382060051,-0.05012403801083565,0.0040872711688280106,-0.005311166214399696
2016-02-04,fold_4,China devaluation and oil crash,0.006322752684354782,1,-0.03534424677491188,-1,-0.03534424677491188,-0.05316808036150178,,,,0,-353.4424677491188,0.0353073850274086,-0.05147428438067436,0.006322752684354782,-1.9174533501424986
2016-02-05,fold_4,China devaluation and oil crash,0.0127614326775074,1,-0.015405537560582161,-1,-0.015405537560582161,-0.06857361792208394,,,,0,-154.0553756058216,0.016428666189312935,-0.0010195453651249409,0.0127614326775074,-0.8215536769418437
2016-02-08,fold_4,China devaluation and oil crash,0.013209769502282143,1,-0.0031097931787371635,-1,-0.0031097931787371635,-0.0716834111008211,,,,0,-31.097931787371635,0.016418760642409325,0.03668167442083359,0.013209769502282143,-0.16387711720760295
2016-02-09,fold_4,China devaluation and oil crash,0.011949270963668823,1,0.0038341099862009287,1,0.0038341099862009287,-0.06784930111462018,,,,1,38.34109986200929,0.01921960897743702,0.06218694522976875,0.011949270963668823,0.2020432474718451
2016-02-10,fold_4,China devaluation and oil crash,0.011044573038816452,1,-0.0014488183660432696,-1,-0.0014488183660432696,-0.06929811948066344,,,,0,-14.488183660432696,0.015099307522177696,0.04687260091304779,0.011044573038816452,-0.07698195258095755
2016-02-11,fold_4,China devaluation and oil crash,0.010096918791532516,1,0.015110493637621403,1,0.015110493637621403,-0.05418762584304204,,,,1,151.10493637621403,0.00963728316128254,0.05127744376659393,0.010096918791532516,0.8831972019828036
2016-02-12,fold_4,China devaluation and oil crash,0.0017249491065740585,1,0.02229568362236023,1,0.02229568362236023,-0.03189194222068181,,,,1,222.9568362236023,0.017093295231461525,0.052272047847509384,0.0017249491065740585,1.3278565186649587
2016-02-16,fold_4,China devaluation and oil crash,-0.0006760936230421066,-1,0.022395476698875427,1,-0.022395476698875427,-0.05428741891955724,,,,0,-223.95476698875427,0.012136941775679588,0.013379471376538277,-0.0006760936230421066,1.3967733286032078
2016-02-17,fold_4,China devaluation and oil crash,0.014205016195774078,1,-0.011480232700705528,-1,-0.011480232700705528,-0.06576765162026277,,,,0,-114.80232700705528,0.006428008899092674,0.0004877016763202846,0.014205016195774078,-0.6837341414653121
2016-02-18,fold_4,China devaluation and oil crash,0.011399906128644943,1,0.0029560215771198273,1,0.0029560215771198273,-0.06281163004314294,,,,1,29.560215771198273,-0.0008265543729066849,0.02176855504512787,0.011399906128644943,0.17417363544250247
2016-02-19,fold_4,China devaluation and oil crash,0.013249967247247696,1,0.016105100512504578,1,0.016105100512504578,-0.04670652953063836,,,,1,161.05100512504578,0.0013962965458631516,0.017556218430399895,0.013249967247247696,0.9483009542696542
2016-02-22,fold_4,China devaluation and oil crash,0.012132354080677032,1,-0.016596894711256027,-1,-0.016596894711256027,-0.06330342424189439,,,,0,-165.96894711256027,-0.0016428343951702118,-0.007580889854580164,0.012132354080677032,-1.027989766492414
2016-02-23,fold_4,China devaluation and oil crash,0.00426165945827961,1,0.00950370728969574,1,0.00950370728969574,-0.05379971695219865,,,,1,95.0370728969574,0.00017329491674900055,0.040609244257211685,0.00426165945827961,0.5857381864444753
2016-02-24,fold_4,China devaluation and oil crash,0.005811374634504318,1,0.009800620377063751,1,0.009800620377063751,-0.0439990965751349,,,,1,98.00620377063751,-0.0061180479824543,0.031483400613069534,0.005811374634504318,0.603461779103473
2016-02-25,fold_4,China devaluation and oil crash,0.012914340943098068,1,-0.001256314804777503,-1,-0.001256314804777503,-0.0452554113799124,,,,0,-12.56314804777503,-0.009709665551781654,0.019791029393672943,0.012914340943098068,-0.08165264511119744
2016-02-26,fold_4,China devaluation and oil crash,0.018494611606001854,1,-0.009032007306814194,-1,-0.009032007306814194,-0.054287418686726596,,,,0,-90.32007306814194,0.01586087979376316,0.021426400169730186,0.018494611606001854,-0.599497246806656
2016-02-29,fold_4,China devaluation and oil crash,0.008944489061832428,1,0.031593240797519684,1,0.031593240797519684,-0.022694177889206912,,,,1,315.93240797519684,0.010859085246920586,0.02428814396262169,0.008944489061832428,2.1816719207427404
2016-03-01,fold_4,China devaluation and oil crash,0.016248192638158798,1,0.00037786204484291375,1,0.00037786204484291375,-0.022316315844364,,,,1,3.7786204484291375,-0.0006381720304489136,-0.015623753890395164,0.016248192638158798,0.023467816817346564
2016-03-02,fold_4,China devaluation and oil crash,0.016077030450105667,1,-0.0018917503766715527,-1,-0.0018917503766715527,-0.02420806622103555,,,,0,-18.917503766715527,0.0024764109402894974,-0.009589391760528088,0.016077030450105667,-0.12332163128581751
2016-03-03,fold_4,China devaluation and oil crash,0.015572106465697289,1,0.000379056204110384,1,0.000379056204110384,-0.023829010016925167,,,,1,3.79056204110384,-0.0007166489958763123,-0.009225158020853996,0.015572106465697289,0.024761813468867088
2016-03-04,fold_4,China devaluation and oil crash,0.016022581607103348,1,-0.006170264445245266,-1,-0.006170264445245266,-0.029999274462170433,,,,0,-61.70264445245266,-0.0027727987617254257,0.0077295913361012936,0.016022581607103348,-0.40306623955910803
2016-03-07,fold_4,China devaluation and oil crash,0.0152125284075737,1,-0.00831865705549717,-1,-0.00831865705549717,-0.0383179315176676,,,,0,-83.1865705549717,-0.0075570084154605865,0.01558910682797432,0.0152125284075737,-0.6310215495998357
2016-03-08,fold_4,China devaluation and oil crash,0.01721728965640068,1,0.0064122239127755165,1,0.0064122239127755165,-0.031905707604892086,,,,1,64.12223912775517,0.01433723233640194,0.023532414808869362,0.01721728965640068,0.49861595348445165
2016-03-09,fold_4,China devaluation and oil crash,0.013439629226922989,1,-0.0015275164041668177,-1,-0.0015275164041668177,-0.033433224009058904,,,,0,-15.275164041668177,-0.0036107059568166733,0.025990260764956474,0.013439629226922989,-0.11821938015982
2016-03-10,fold_4,China devaluation and oil crash,0.01670590229332447,1,0.017333805561065674,1,0.017333805561065674,-0.01609941844799323,,,,1,173.33805561065674,-0.0056692250072956085,0.026959849521517754,0.01670590229332447,1.3440099143160127
2016-03-11,fold_4,China devaluation and oil crash,0.018727252259850502,1,0.001689250930212438,1,0.001689250930212438,-0.014410167517780792,,,,1,16.89250930212438,-0.004419321194291115,0.011191518045961857,0.018727252259850502,0.12547344482987752
2016-03-14,fold_4,China devaluation and oil crash,0.014567267149686813,1,-0.0003753479686565697,-1,-0.0003753479686565697,-0.014785515486437362,,,,0,-3.753479686565697,-0.0021872054785490036,0.01340685784816742,0.014567267149686813,-0.028789643508014145
2016-03-15,fold_4,China devaluation and oil crash,0.014369787648320198,1,0.008870068937540054,1,0.008870068937540054,-0.005915446548897307,,,,1,88.70068937540054,-0.00402025505900383,0.016838986426591873,0.014369787648320198,0.7362859028048112
2016-03-16,fold_4,China devaluation and oil crash,0.016877302899956703,1,-0.0005579286371357739,-1,-0.0005579286371357739,-0.006473375186033081,,,,0,-5.579286371357739,-0.003642592579126358,-0.00029687152709811926,0.016877302899956703,-0.050106030756215725
2016-03-17,fold_4,China devaluation and oil crash,0.015225641429424286,1,0.0015654738526791334,1,0.0015654738526791334,-0.004907901333353948,,,,1,15.654738526791334,-0.004480268806219101,0.000540980021469295,0.015225641429424286,0.14447327970051663
2016-03-18,fold_4,China devaluation and oil crash,0.012769421562552452,1,0.0039045915473252535,1,0.0039045915473252535,-0.0010033097860286944,,,,1,39.045915473252535,-0.0044411662966012955,-0.0024239751510322094,0.012769421562552452,0.36082740226055715
2016-03-21,fold_4,China devaluation and oil crash,0.014390403404831886,1,0.003056779270991683,1,0.003056779270991683,0.0020534694849629886,,,,1,30.56779270991683,-0.005642833188176155,0.009602147154510021,0.014390403404831886,0.2984641932522144
2016-03-22,fold_4,China devaluation and oil crash,0.0135996975004673,1,-0.008265787735581398,-1,-0.008265787735581398,-0.006212318250618409,,,,0,-82.65787735581398,-0.003764178603887558,0.011403592303395271,0.0135996975004673,-0.8637103386924586
2016-03-23,fold_4,China devaluation and oil crash,0.011649234220385551,1,0.0002799229114316404,1,0.0002799229114316404,-0.005932395339186769,,,,1,2.799229114316404,0.0016969311982393265,0.01820463314652443,0.011649234220385551,0.029426987994186592
2016-03-24,fold_4,China devaluation and oil crash,0.012037074193358421,1,-0.001399481319822371,-1,-0.001399481319822371,-0.00733187665900914,,,,0,-13.99481319822371,-0.00037228502333164215,0.028491921722888947,0.012037074193358421,-0.1511843418165445
2016-03-28,fold_4,China devaluation and oil crash,0.006920436397194862,1,0.015930714085698128,1,0.015930714085698128,0.008598837426688988,,,,1,159.30714085698128,0.003545595332980156,0.02607828378677368,0.006920436397194862,1.720785580467
2016-03-29,fold_4,China devaluation and oil crash,0.01731465570628643,1,0.004858225118368864,1,0.004858225118368864,0.013457062545057852,,,,1,48.58225118368864,0.0018200594931840897,0.0004590361495502293,0.01731465570628643,0.5002431355891801
2016-03-30,fold_4,China devaluation and oil crash,0.014941368252038956,1,-0.0014647470088675618,-1,-0.0014647470088675618,0.01199231553619029,,,,0,-14.647470088675618,0.00205795094370842,0.011907192878425121,0.014941368252038956,-0.2169314072734547
2016-03-31,fold_4,China devaluation and oil crash,0.015493392944335938,1,0.010567210614681244,1,0.010567210614681244,0.022559526150871534,,,,1,105.67210614681244,0.0016099270433187485,-0.0010990502778440714,0.015493392944335938,1.5633052445202813
2016-04-01,fold_4,China devaluation and oil crash,0.013571083545684814,1,-0.003813117742538452,-1,-0.003813117742538452,0.018746408408333082,,,,0,-38.13117742538452,0.0013623591512441635,-0.012399908155202866,0.013571083545684814,-0.5334434279302764
2016-04-04,fold_4,China devaluation and oil crash,0.013233361765742302,1,-0.009688534773886204,-1,-0.009688534773886204,0.009057873634446878,,,,0,-96.88534773886204,0.0001075156033039093,-0.012263499200344086,0.013233361765742302,-1.3459487874714837
2016-04-05,fold_4,China devaluation and oil crash,-0.0033615585416555405,-1,0.016306381672620773,1,-0.016306381672620773,-0.007248508038173895,,,,0,-163.06381672620773,0.005374545231461525,0.005769746843725443,-0.0033615585416555405,2.206686146330935
2016-04-06,fold_4,China devaluation and oil crash,0.014916917309165001,1,-0.014470990747213364,-1,-0.014470990747213364,-0.02171949878538726,,,,0,-144.70990747213364,-0.0021831225603818893,0.0021664733067154884,0.014916917309165001,-1.8026860920018872
2016-04-07,fold_4,China devaluation and oil crash,0.007935980334877968,1,-0.0007336472626775503,-1,-0.0007336472626775503,-0.02245314604806481,,,,0,-7.336472626775503,0.007708562538027763,0.016727684065699577,0.007935980334877968,-0.0859524674195636
2016-04-08,fold_4,China devaluation and oil crash,0.005803963169455528,1,-0.0036767087876796722,-1,-0.0036767087876796722,-0.02612985483574448,,,,0,-36.76708787679672,0.016175488010048866,0.014934007078409195,0.005803963169455528,-0.4310205214851261
2016-04-11,fold_4,China devaluation and oil crash,0.01395479217171669,1,0.008344711735844612,1,0.008344711735844612,-0.01778514309989987,,,,1,83.44711735844612,0.008522627875208855,0.023929070681333542,0.01395479217171669,1.0917883100498842
2016-04-12,fold_4,China devaluation and oil crash,0.0106272641569376,1,0.012703108601272106,1,0.012703108601272106,-0.005082034498627763,,,,1,127.03108601272106,-0.006993979215621948,0.009451969526708126,0.0106272641569376,1.6164684369758442
2016-04-13,fold_4,China devaluation and oil crash,0.010388949885964394,1,9.022023732541129e-05,1,9.022023732541129e-05,-0.004991814261302352,,,,1,0.9022023732541129,-0.0025618281215429306,-0.002437104005366564,0.010388949885964394,0.010797402454357615
2016-04-14,fold_4,China devaluation and oil crash,0.009467331692576408,1,-0.0025273242499679327,-1,-0.0025273242499679327,-0.007519138511270285,,,,0,-25.273242499679327,-0.002211321145296097,-0.002437179908156395,0.009467331692576408,-0.3113639257109552
2016-04-15,fold_4,China devaluation and oil crash,0.011021537706255913,1,0.005318354815244675,1,0.005318354815244675,-0.00220078369602561,,,,1,53.18354815244675,0.0009116977453231812,-0.01511763408780098,0.011021537706255913,0.6537108107086823
2016-04-18,fold_4,China devaluation and oil crash,0.011370420455932617,1,-0.006132390350103378,-1,-0.006132390350103378,-0.008333174046128988,,,,0,-61.32390350103378,0.0005350150167942047,-0.020435988903045654,0.011370420455932617,-0.746519575063396
2016-04-19,fold_4,China devaluation and oil crash,0.009765008464455605,1,0.0008140353602357209,1,0.0008140353602357209,-0.007519138685893267,,,,1,8.140353602357209,-0.0028435848653316498,-0.019178731366991997,0.009765008464455605,0.09828481736239875
2016-04-20,fold_4,China devaluation and oil crash,0.009324437007308006,1,9.014434181153774e-05,1,9.014434181153774e-05,-0.00742899434408173,,,,1,0.9014434181153774,-0.0014796461910009384,-0.028047095984220505,0.009324437007308006,0.01091842629886139
2016-04-21,fold_4,China devaluation and oil crash,0.007263639941811562,1,-0.015207778662443161,-1,-0.015207778662443161,-0.02263677300652489,,,,0,-152.0777866244316,-0.006596289575099945,-0.04029499739408493,0.007263639941811562,-1.889952292367294
2016-04-22,fold_4,China devaluation and oil crash,-0.009699884802103043,-1,0.0,0,-0.0,-0.02263677300652489,,,,0,-0.0,-0.006462711840867996,-0.0303702000528574,-0.009699884802103043,0.0
2016-04-25,fold_4,China devaluation and oil crash,-0.030928393825888634,-1,-0.0048751323483884335,-1,0.0048751323483884335,-0.017761640658136457,,,,1,48.751323483884335,0.05079840123653412,-0.020955650135874748,-0.030928393825888634,-0.5584431452323555
2016-04-26,fold_4,China devaluation and oil crash,-0.004808928817510605,-1,-0.008054329082369804,-1,0.008054329082369804,-0.009707311575766653,,,,1,80.54329082369804,-0.013972263783216476,-0.025400573387742043,-0.004808928817510605,-1.0012567341013854
2016-04-27,fold_4,China devaluation and oil crash,0.007329270243644714,1,-0.012157757766544819,-1,-0.012157757766544819,-0.02186506934231147,,,,0,-121.57757766544819,0.0055301617830991745,-0.023798203095793724,0.007329270243644714,-1.4878294773292926
2016-04-28,fold_4,China devaluation and oil crash,0.011224878951907158,1,-0.005282980855554342,-1,-0.005282980855554342,-0.027148050197865814,,,,0,-52.82980855554342,0.008414315059781075,-0.011926179751753807,0.011224878951907158,-0.6139008000621646
2018-10-24,fold_5,2018 Vol-mageddon + Q4 sell-off,0.011493878439068794,1,0.03401026502251625,1,0.03401026502251625,0.03401026502251625,,,,1,340.1026502251625,0.0033433306962251663,0.026734814047813416,0.011493878439068794,1.77468860016443
2018-10-25,fold_5,2018 Vol-mageddon + Q4 sell-off,0.008133120834827423,1,-0.026058673858642578,-1,-0.026058673858642578,0.007951591163873672,,,,0,-260.5867385864258,0.0038669053465127945,0.00582903204485774,0.008133120834827423,-1.2692032756157483
2018-10-26,fold_5,2018 Vol-mageddon + Q4 sell-off,0.008933944627642632,1,-0.02079581841826439,-1,-0.02079581841826439,-0.012844227254390717,,,,0,-207.9581841826439,0.00555889867246151,0.016188867390155792,0.008933944627642632,-0.9743944970941217
2018-10-29,fold_5,2018 Vol-mageddon + Q4 sell-off,0.00986555777490139,1,0.01634574495255947,1,0.01634574495255947,0.0035015176981687546,,,,1,163.4574495255947,0.010885456576943398,0.03450203314423561,0.00986555777490139,0.7484921883353494
2018-10-30,fold_5,2018 Vol-mageddon + Q4 sell-off,0.009128855541348457,1,0.02323329448699951,1,0.02323329448699951,0.026734812185168266,,,,1,232.33294486999512,0.01006157137453556,0.025703391060233116,0.009128855541348457,1.0495600485665344
2018-10-31,fold_5,2018 Vol-mageddon + Q4 sell-off,0.0019795428961515427,1,0.013104485347867012,1,0.013104485347867012,0.03983929753303528,,,,1,131.04485347867012,-0.004154432564973831,0.03335581719875336,0.0019795428961515427,0.5763659324773915
2018-11-01,fold_5,2018 Vol-mageddon + Q4 sell-off,-0.0021855179220438004,-1,-0.015698837116360664,-1,0.015698837116360664,0.05553813464939594,,,,1,156.98837116360664,-0.023600634187459946,0.013852041214704514,-0.0021855179220438004,-0.6973882163455799
2018-11-02,fold_5,2018 Vol-mageddon + Q4 sell-off,-0.0023327097296714783,-1,-0.002482652897015214,-1,0.002482652897015214,0.05802078754641116,,,,1,24.82652897015214,-0.016323918476700783,0.012555296532809734,-0.0023327097296714783,-0.10977283931015479
2018-11-05,fold_5,2018 Vol-mageddon + Q4 sell-off,-0.00872694980353117,-1,0.007547101005911827,1,-0.007547101005911827,0.05047368654049933,,,,0,-75.47101005911827,-0.026793060824275017,-0.01568807289004326,-0.00872694980353117,0.33421468347266076
2018-11-06,fold_5,2018 Vol-mageddon + Q4 sell-off,-0.003190387040376663,-1,0.0308857224881649,1,-0.0308857224881649,0.019587964052334428,,,,0,-308.857224881649,-0.01571006327867508,-0.022393720224499702,-0.003190387040376663,1.3646313407784774
2018-11-07,fold_5,2018 Vol-mageddon + Q4 sell-off,0.012123197317123413,1,-0.006399292498826981,-1,-0.006399292498826981,0.013188671553507447,,,,0,-63.992924988269806,-0.007244456559419632,-0.0609380342066288,0.012123197317123413,-0.2987561094118364
2018-11-08,fold_5,2018 Vol-mageddon + Q4 sell-off,0.012961065396666527,1,-0.01699558086693287,-1,-0.01699558086693287,-0.0038069093134254217,,,,0,-169.9558086693287,-0.006591528654098511,-0.03719615936279297,0.012961065396666527,-0.7984634592381895
2018-11-09,fold_5,2018 Vol-mageddon + Q4 sell-off,0.0067029837518930435,1,-0.030726023018360138,-1,-0.030726023018360138,-0.03453293233178556,,,,0,-307.2602301836014,-0.013379218988120556,-0.023716740310192108,0.0067029837518930435,-1.4820286766987243
2018-11-12,fold_5,2018 Vol-mageddon + Q4 sell-off,0.010768536478281021,1,0.000841454544570297,1,0.000841454544570297,-0.03369147778721526,,,,1,8.41454544570297,0.0070220697671175,-0.026007166132330894,0.010768536478281021,0.03882904903812807
2018-11-13,fold_5,2018 Vol-mageddon + Q4 sell-off,0.013420624658465385,1,-0.007658591028302908,-1,-0.007658591028302908,-0.04135006881551817,,,,0,-76.58591028302908,0.015858108177781105,-0.044905394315719604,0.013420624658465385,-0.3699598816985418
2018-11-14,fold_5,2018 Vol-mageddon + Q4 sell-off,0.011946972459554672,1,0.01734258234500885,1,0.01734258234500885,-0.02400748647050932,,,,1,173.4258234500885,0.011891772970557213,-0.029672911390662193,0.011946972459554672,0.8349153533134935
2018-11-15,fold_5,2018 Vol-mageddon + Q4 sell-off,0.01130802184343338,1,-0.0035161625128239393,-1,-0.0035161625128239393,-0.02752364898333326,,,,0,-35.16162512823939,0.015395743772387505,-0.05427509918808937,0.01130802184343338,-0.17177737056518852
2018-11-16,fold_5,2018 Vol-mageddon + Q4 sell-off,0.013063682243227959,1,-0.033016450703144073,-1,-0.033016450703144073,-0.06054009968647733,,,,0,-330.16450703144073,0.012416323646903038,-0.027908116579055786,0.013063682243227959,-1.611867493491997
2018-11-19,fold_5,2018 Vol-mageddon + Q4 sell-off,0.011616934090852737,1,-0.018056772649288177,-1,-0.018056772649288177,-0.07859687233576551,,,,0,-180.56772649288177,0.013353751972317696,0.008479170501232147,0.011616934090852737,-0.8304656952937203
2018-11-20,fold_5,2018 Vol-mageddon + Q4 sell-off,0.009736789390444756,1,0.007573891896754503,1,0.007573891896754503,-0.07102298043901101,,,,1,75.73891896754503,0.009163158014416695,0.058211855590343475,0.009736789390444756,0.342721089958986
2018-11-21,fold_5,2018 Vol-mageddon + Q4 sell-off,0.01026887260377407,1,-0.007259607780724764,-1,-0.007259607780724764,-0.07828258821973577,,,,0,-72.59607780724764,0.010676180943846703,0.047372590750455856,0.01026887260377407,-0.37166995530783903
2018-11-23,fold_5,2018 Vol-mageddon + Q4 sell-off,0.012330245226621628,1,0.022850820794701576,1,0.022850820794701576,-0.055431767425034195,,,,1,228.50820794701576,0.01334293745458126,0.06186139956116676,0.012330245226621628,1.2649789142725905
2018-11-26,fold_5,2018 Vol-mageddon + Q4 sell-off,0.011416945606470108,1,0.0033708387054502964,1,0.0033708387054502964,-0.0520609287195839,,,,1,33.708387054502964,0.018964877352118492,0.05633609741926193,0.011416945606470108,0.1888876302400691
2018-11-27,fold_5,2018 Vol-mageddon + Q4 sell-off,0.012020988389849663,1,0.03167591243982315,1,0.03167591243982315,-0.020385016279760748,,,,1,316.7591243982315,0.019496502354741096,0.013853813521564007,0.012020988389849663,1.8367398910174983
2018-11-28,fold_5,2018 Vol-mageddon + Q4 sell-off,0.011444523930549622,1,-0.0032653752714395523,-1,-0.0032653752714395523,-0.0236503915512003,,,,0,-32.65375271439552,-0.005495322868227959,-0.01078720297664404,0.011444523930549622,-0.17861348239722183
2018-11-29,fold_5,2018 Vol-mageddon + Q4 sell-off,0.010337628424167633,1,0.007229202892631292,1,0.007229202892631292,-0.016421188658569008,,,,1,72.29202892631292,-0.0016037411987781525,-0.04109470173716545,0.010337628424167633,0.4120773526837548
2018-11-30,fold_5,2018 Vol-mageddon + Q4 sell-off,0.011130712926387787,1,0.017325518652796745,1,0.017325518652796745,0.0009043299942277372,,,,1,173.25518652796745,-0.002986157312989235,-0.037905894219875336,0.011130712926387787,0.997310767714053
2018-12-03,fold_5,2018 Vol-mageddon + Q4 sell-off,0.013614343479275703,1,-0.03911144658923149,-1,-0.03911144658923149,-0.038207116595003754,,,,0,-391.1144658923149,-0.001217484474182129,-0.05192564055323601,0.013614343479275703,-2.241424192443102
2018-12-04,fold_5,2018 Vol-mageddon + Q4 sell-off,0.008819686248898506,1,0.007034897338598967,1,0.007034897338598967,-0.031172219256404787,,,,1,70.34897338598967,-0.00043999776244163513,-0.004051308147609234,0.008819686248898506,0.3605707093956329
2018-12-06,fold_5,2018 Vol-mageddon + Q4 sell-off,0.0073183681815862656,1,-0.03357287496328354,-1,-0.03357287496328354,-0.06474509421968833,,,,0,-335.7287496328354,0.0005276147276163101,-0.010783231817185879,0.0073183681815862656,-1.7216083160429345
2018-12-07,fold_5,2018 Vol-mageddon + Q4 sell-off,0.00869770161807537,1,0.01041800994426012,1,0.01041800994426012,-0.054327084275428206,,,,1,104.1800994426012,0.0050913188606500626,-0.0018603972857818007,0.00869770161807537,0.5282515780582366
2018-12-10,fold_5,2018 Vol-mageddon + Q4 sell-off,0.007579302415251732,1,0.003305772552266717,1,0.003305772552266717,-0.05102131172316149,,,,1,33.05772552266717,0.006134433671832085,-0.03519889712333679,0.007579302415251732,0.16689777918986154
2018-12-11,fold_5,2018 Vol-mageddon + Q4 sell-off,0.007950527593493462,1,0.008762886747717857,1,0.008762886747717857,-0.04225842497544363,,,,1,87.62886747717857,0.008432062342762947,-0.032235823571681976,0.007950527593493462,0.45045938463094426
2018-12-12,fold_5,2018 Vol-mageddon + Q4 sell-off,0.007001357153058052,1,0.0003029732615686953,1,0.0003029732615686953,-0.041955451713874936,,,,1,3.029732615686953,0.007103877142071724,-0.06586034595966339,0.007001357153058052,0.016551644777471525
2018-12-13,fold_5,2018 Vol-mageddon + Q4 sell-off,0.007231531664729118,1,-0.02465003915131092,-1,-0.02465003915131092,-0.06660549086518586,,,,0,-246.5003915131092,0.004162309691309929,-0.08076487481594086,0.007231531664729118,-1.3467111284400528
2018-12-14,fold_5,2018 Vol-mageddon + Q4 sell-off,0.0067075081169605255,1,-0.02292048931121826,-1,-0.02292048931121826,-0.08952598017640412,,,,0,-229.20489311218262,0.0053304750472307205,-0.08759868144989014,0.0067075081169605255,-1.2038753790062104
2018-12-17,fold_5,2018 Vol-mageddon + Q4 sell-off,0.008966833353042603,1,0.006268845871090889,1,0.006268845871090889,-0.08325713430531323,,,,1,62.68845871090889,0.012555817142128944,-0.08978883922100067,0.008966833353042603,0.3242801571004377
2018-12-18,fold_5,2018 Vol-mageddon + Q4 sell-off,0.008315099403262138,1,-0.024861635640263557,-1,-0.024861635640263557,-0.10811876994557679,,,,0,-248.61635640263557,0.010861722752451897,-0.035490769892930984,0.008315099403262138,-1.283752666124262
2018-12-19,fold_5,2018 Vol-mageddon + Q4 sell-off,0.010052362456917763,1,-0.014601556584239006,-1,-0.014601556584239006,-0.12272032652981579,,,,0,-146.01556584239006,0.01115773431956768,-0.006766404490917921,0.010052362456917763,-0.7788662930931695
2018-12-20,fold_5,2018 Vol-mageddon + Q4 sell-off,0.010566888377070427,1,-0.03148384019732475,-1,-0.03148384019732475,-0.15420416672714055,,,,0,-314.8384019732475,0.015843892470002174,0.007312349509447813,0.010566888377070427,-1.6930339809025827
2018-12-21,fold_5,2018 Vol-mageddon + Q4 sell-off,0.009695008397102356,1,-0.025110647082328796,-1,-0.025110647082328796,-0.17931481380946934,,,,0,-251.10647082328796,0.012574704363942146,0.047193724662065506,0.009695008397102356,-1.2674572673187545
2018-12-24,fold_5,2018 Vol-mageddon + Q4 sell-off,0.009979033842682838,1,0.06056690961122513,1,0.06056690961122513,-0.11874790419824421,,,,1,605.6690961122513,0.017680266872048378,0.07631570100784302,0.009979033842682838,2.950446690963408
2018-12-26,fold_5,2018 Vol-mageddon + Q4 sell-off,0.005351755768060684,1,0.0038627306930720806,1,0.0038627306930720806,-0.11488517350517213,,,,1,38.627306930720806,0.017598344013094902,-0.017467688769102097,0.005351755768060684,0.1605697928539248
2018-12-27,fold_5,2018 Vol-mageddon + Q4 sell-off,0.00594232976436615,1,-0.0005228033987805247,-1,-0.0005228033987805247,-0.11540797690395266,,,,0,-5.228033987805247,0.00961771048605442,0.020564427599310875,0.00594232976436615,-0.021729065604608522
2018-12-28,fold_5,2018 Vol-mageddon + Q4 sell-off,0.003952823579311371,1,0.008397532626986504,1,0.008397532626986504,-0.10701044427696615,,,,1,83.97532626986504,0.0003905259072780609,0.03292231634259224,0.003952823579311371,0.36520208009465255
2018-12-31,fold_5,2018 Vol-mageddon + Q4 sell-off,0.0008828015998005867,1,0.00401133019477129,1,0.00401133019477129,-0.10299911408219486,,,,1,40.1133019477129,-0.015687361359596252,0.03352988138794899,0.0008828015998005867,0.17395794166586181
2019-01-02,fold_5,2018 Vol-mageddon + Q4 sell-off,-0.0036782436072826385,-1,-0.033216480165719986,-1,0.033216480165719986,-0.06978263391647488,,,,1,332.16480165719986,-0.017802705988287926,0.03763500228524208,-0.0036782436072826385,-1.4429433525971453
2019-01-03,fold_5,2018 Vol-mageddon + Q4 sell-off,0.0069207604974508286,1,0.04189484566450119,1,0.04189484566450119,-0.02788778825197369,,,,1,418.9484566450119,-0.0006840433925390244,0.07370780408382416,0.0069207604974508286,1.7546651131761455
2019-01-04,fold_5,2018 Vol-mageddon + Q4 sell-off,-0.0015785861760377884,-1,0.011835084296762943,1,-0.011835084296762943,-0.03972287254873663,,,,0,-118.35084296762943,-0.007913630455732346,0.028147896751761436,-0.0015785861760377884,0.4908543546392967
2019-01-07,fold_5,2018 Vol-mageddon + Q4 sell-off,0.0010728249326348305,1,0.009005100466310978,1,0.009005100466310978,-0.030717772082425654,,,,1,90.05100466310978,-0.01418064534664154,0.0074369218200445175,0.0010728249326348305,0.37203579793221414
2019-01-08,fold_5,2018 Vol-mageddon + Q4 sell-off,0.0037867557257413864,1,0.008116450160741806,1,0.008116450160741806,-0.022601321921683848,,,,1,81.16450160741806,-0.006775263696908951,0.01776972971856594,0.0037867557257413864,0.3513725713332447
2019-01-09,fold_5,2018 Vol-mageddon + Q4 sell-off,0.007670825347304344,1,0.0028563211672008038,1,0.0028563211672008038,-0.019745000754483044,,,,1,28.563211672008038,-0.003134526312351227,0.009468733333051205,0.007670825347304344,0.12390206631015782
2019-01-10,fold_5,2018 Vol-mageddon + Q4 sell-off,0.007334357127547264,1,-0.0036650579422712326,-1,-0.0036650579422712326,-0.023410058696754277,,,,0,-36.650579422712326,0.002700338140130043,0.014465805143117905,0.007334357127547264,-0.15900432044947757
2019-01-11,fold_5,2018 Vol-mageddon + Q4 sell-off,0.008145365864038467,1,-0.00887589156627655,-1,-0.00887589156627655,-0.03228595026303083,,,,0,-88.7589156627655,0.0026492904871702194,0.027982445433735847,0.008145365864038467,-0.3862234557550303
2019-01-14,fold_5,2018 Vol-mageddon + Q4 sell-off,0.008652657270431519,1,0.019337907433509827,1,0.019337907433509827,-0.012948042829521,,,,1,193.37907433509827,0.010018950328230858,0.016624685376882553,0.008652657270431519,0.8383482210297947
2019-01-15,fold_5,2018 Vol-mageddon + Q4 sell-off,0.010087460279464722,1,-0.0001845464576035738,-1,-0.0001845464576035738,-0.013132589287124574,,,,0,-1.845464576035738,0.004643747583031654,-0.0014171712100505829,0.010087460279464722,-0.00808987921917732
2019-01-16,fold_5,2018 Vol-mageddon + Q4 sell-off,0.01212245598435402,1,0.007853393442928791,1,0.007853393442928791,-0.005279195844195783,,,,1,78.53393442928791,0.002466810867190361,0.0052218688651919365,0.01212245598435402,0.35329712750900966
2019-01-17,fold_5,2018 Vol-mageddon + Q4 sell-off,0.017057811841368675,1,0.009851583279669285,1,0.009851583279669285,0.004572387435473502,,,,1,98.51583279669285,0.0020355824381113052,0.009246372617781162,0.017057811841368675,0.4426878625243031
2019-01-18,fold_5,2018 Vol-mageddon + Q4 sell-off,0.01729884184896946,1,-0.020233651623129845,-1,-0.020233651623129845,-0.015661264187656343,,,,0,-202.33651623129845,0.0014014188200235367,-0.013034457340836525,0.01729884184896946,-0.9341151823620253
2019-01-22,fold_5,2018 Vol-mageddon + Q4 sell-off,0.014527322724461555,1,0.0012960510794073343,1,0.0012960510794073343,-0.014365213108249009,,,,1,12.960510794073343,-0.003801204264163971,-0.002287453506141901,0.014527322724461555,0.05921816890991798
2019-01-23,fold_5,2018 Vol-mageddon + Q4 sell-off,0.013906773179769516,1,0.006454493384808302,1,0.006454493384808302,-0.007910719723440707,,,,1,64.54493384808302,-0.003124585375189781,0.0215363297611475,0.013906773179769516,0.31143682154349095
2019-01-24,fold_5,2018 Vol-mageddon + Q4 sell-off,0.014037463814020157,1,0.011877898126840591,1,0.011877898126840591,0.003967178403399885,,,,1,118.77898126840591,-0.01052132062613964,0.02993958815932274,0.014037463814020157,0.5938378744339285
2019-01-25,fold_5,2018 Vol-mageddon + Q4 sell-off,0.01474207267165184,1,-0.012429247610270977,-1,-0.012429247610270977,-0.008462069206871092,,,,0,-124.29247610270977,-0.0031629428267478943,0.013830570504069328,0.01474207267165184,-0.8309956368039547
2019-01-28,fold_5,2018 Vol-mageddon + Q4 sell-off,0.016023676842451096,1,-0.009486648254096508,-1,-0.009486648254096508,-0.0179487174609676,,,,0,-94.86648254096508,0.03525249660015106,0.038604870438575745,0.016023676842451096,-0.62459246102514
2019-01-29,fold_5,2018 Vol-mageddon + Q4 sell-off,0.010534865781664848,1,0.025119835510849953,1,0.025119835510849953,0.007171118049882352,,,,1,251.19835510849953,-0.0009510386735200882,0.05690077319741249,0.010534865781664848,1.6380173508875673
2019-01-30,fold_5,2018 Vol-mageddon + Q4 sell-off,0.0164111889898777,1,0.01485775038599968,1,0.01485775038599968,0.022028868435882032,,,,1,148.5775038599968,0.0014888681471347809,0.028794310986995697,0.0164111889898777,0.9158159736361503
2019-01-31,fold_5,2018 Vol-mageddon + Q4 sell-off,0.013913268223404884,1,-0.004231119528412819,-1,-0.004231119528412819,0.017797748907469213,,,,0,-42.31119528412819,0.0021686069667339325,0.00041609382606111467,0.013913268223404884,-0.25587502014519004
2019-02-01,fold_5,2018 Vol-mageddon + Q4 sell-off,0.014581872150301933,1,0.01234505232423544,1,0.01234505232423544,0.030142801231704652,,,,1,123.4505232423544,-0.0019192323088645935,0.006606902461498976,0.014581872150301933,0.8338895394396779
2019-02-04,fold_5,2018 Vol-mageddon + Q4 sell-off,0.014582542702555656,1,0.008809252642095089,1,0.008809252642095089,0.03895205387379974,,,,1,88.09252642095089,0.0005320552736520767,-0.006687937770038843,0.014582542702555656,0.7471241039746336
2019-02-05,fold_5,2018 Vol-mageddon + Q4 sell-off,0.012964846566319466,1,-0.0029866250697523355,-1,-0.0029866250697523355,0.035965428804047406,,,,0,-29.866250697523355,0.004043662920594215,-0.0008191018714569509,0.012964846566319466,-0.25619367299360474
2019-02-06,fold_5,2018 Vol-mageddon + Q4 sell-off,0.013784294947981834,1,-0.013520467095077038,-1,-0.013520467095077038,0.022444961708970368,,,,0,-135.20467095077038,0.0006584115326404572,0.002869384828954935,0.013784294947981834,-1.175501688232634
2019-02-07,fold_5,2018 Vol-mageddon + Q4 sell-off,0.01180899329483509,1,0.001959689659997821,1,0.001959689659997821,0.02440465136896819,,,,1,19.59689659997821,-0.003833003342151642,0.017617112025618553,0.01180899329483509,0.1667357073202623
2019-02-08,fold_5,2018 Vol-mageddon + Q4 sell-off,0.014098674058914185,1,-0.0009497877908870578,-1,-0.0009497877908870578,0.02345486357808113,,,,0,-9.497877908870578,0.002225743606686592,0.019853880628943443,0.014098674058914185,-0.08087375287144566
2019-02-11,fold_5,2018 Vol-mageddon + Q4 sell-off,0.012206124141812325,1,0.014678088948130608,1,0.014678088948130608,0.03813295252621174,,,,1,146.78088948130608,-0.0017052870243787766,0.022779028862714767,0.012206124141812325,1.2526771766344347
2019-02-12,fold_5,2018 Vol-mageddon + Q4 sell-off,0.013996314257383347,1,0.0007018616888672113,1,0.0007018616888672113,0.03883481421507895,,,,1,7.018616888672113,-0.0009522829204797745,0.00792672112584114,0.013996314257383347,0.05846206533534345
2019-02-13,fold_5,2018 Vol-mageddon + Q4 sell-off,0.015598412603139877,1,0.001227260334417224,1,0.001227260334417224,0.040062074549496174,,,,1,12.27260334417224,0.0035789068788290024,0.0035608201287686825,0.015598412603139877,0.10956938104039882
2019-02-14,fold_5,2018 Vol-mageddon + Q4 sell-off,0.01443612389266491,1,0.004196458030492067,1,0.004196458030492067,0.04425853257998824,,,,1,41.96458030492067,0.00011089816689491272,0.00970625039190054,0.01443612389266491,0.3745484592003061
2019-02-15,fold_5,2018 Vol-mageddon + Q4 sell-off,0.014727028086781502,1,0.001975360093638301,1,0.001975360093638301,0.04623389267362654,,,,1,19.75360093638301,3.259629011154175e-07,0.009147333912551403,0.014727028086781502,0.1778756870323239
2019-02-19,fold_5,2018 Vol-mageddon + Q4 sell-off,0.014080559834837914,1,-0.00017421865777578205,-1,-0.00017421865777578205,0.04605967401585076,,,,0,-1.7421865777578205,0.0005328170955181122,0.008208819665014744,0.014080559834837914,-0.015992804153815002
2019-02-20,fold_5,2018 Vol-mageddon + Q4 sell-off,0.012549636885523796,1,-0.0036640395410358906,-1,-0.0036640395410358906,0.04239563447481487,,,,0,-36.640395410358906,-0.000873735174536705,0.007749252486974001,0.012549636885523796,-0.3697444191702923
2019-02-21,fold_5,2018 Vol-mageddon + Q4 sell-off,0.008770646527409554,1,0.007372690364718437,1,0.007372690364718437,0.04976832483953331,,,,1,73.72690364718437,-0.002659214660525322,0.009106521494686604,0.008770646527409554,0.7417759552143991
2019-02-22,fold_5,2018 Vol-mageddon + Q4 sell-off,0.01330583542585373,1,0.0036375417839735746,1,0.0036375417839735746,0.05340586662350688,,,,1,36.375417839735746,-0.00044966302812099457,0.00863878894597292,0.01330583542585373,0.36480757635248523
2019-02-25,fold_5,2018 Vol-mageddon + Q4 sell-off,0.010947410017251968,1,0.0010368457296863198,1,0.0010368457296863198,0.0544427123531932,,,,1,10.368457296863198,-0.00026416219770908356,0.005173328332602978,0.010947410017251968,0.10749815623397956
2019-02-26,fold_5,2018 Vol-mageddon + Q4 sell-off,0.00949910283088684,1,-0.0006337863160297275,-1,-0.0006337863160297275,0.053808926037163474,,,,0,-6.337863160297275,-0.0018437672406435013,0.004881580825895071,0.00949910283088684,-0.06859860697891929
2019-02-27,fold_5,2018 Vol-mageddon + Q4 sell-off,0.01097160018980503,1,-0.002306770533323288,-1,-0.002306770533323288,0.051502155503840186,,,,0,-23.06770533323288,-0.0010470952838659286,-0.00017281183681916445,0.01097160018980503,-0.2564972928000794
2019-02-28,fold_5,2018 Vol-mageddon + Q4 sell-off,0.012520985677838326,1,0.006904958747327328,1,0.006904958747327328,0.05840711425116751,,,,1,69.04958747327328,-0.004273345693945885,-0.010214511305093765,0.012520985677838326,0.9804763321443797
2019-03-01,fold_5,2018 Vol-mageddon + Q4 sell-off,0.013882685452699661,1,0.00017208090866915882,1,0.00017208090866915882,0.05857919515983667,,,,1,1.7208090866915882,0.00234404020011425,-0.018637001514434814,0.013882685452699661,0.026893411076215196
2019-03-04,fold_5,2018 Vol-mageddon + Q4 sell-off,0.007975645363330841,1,0.0007450981065630913,1,0.0007450981065630913,0.059324293266399764,,,,1,7.450981065630913,0.0004902239888906479,0.0017753717256709933,0.007975645363330841,0.11773856278902868
2019-03-05,fold_5,2018 Vol-mageddon + Q4 sell-off,0.011753847822546959,1,-0.005688178818672895,-1,-0.005688178818672895,0.05363611444772687,,,,0,-56.881788186728954,-0.0018847361207008362,0.0065093920566141605,0.011753847822546959,-0.9984404366472546
2019-03-06,fold_5,2018 Vol-mageddon + Q4 sell-off,0.006276091560721397,1,-0.012348470278084278,-1,-0.012348470278084278,0.04128764416964259,,,,0,-123.48470278084278,0.00885445810854435,0.01968303509056568,0.006276091560721397,-2.2472515457824884
2019-03-07,fold_5,2018 Vol-mageddon + Q4 sell-off,0.008538056164979935,1,-0.0015175314620137215,-1,-0.0015175314620137215,0.03977011270762887,,,,0,-15.175314620137215,0.00039937160909175873,0.030335213989019394,0.008538056164979935,-0.2482345434549959
2019-03-08,fold_5,2018 Vol-mageddon + Q4 sell-off,0.009508151561021805,1,0.020584454759955406,1,0.020584454759955406,0.060354567467584275,,,,1,205.84454759955406,0.008630888536572456,0.041090596467256546,0.009508151561021805,3.8661865610744894
2019-03-11,fold_5,2018 Vol-mageddon + Q4 sell-off,0.011916281655430794,1,0.005479118321090937,1,0.005479118321090937,0.06583368578867521,,,,1,54.79118321090937,0.0028542857617139816,0.022885199636220932,0.011916281655430794,0.7800188928272659
2019-03-12,fold_5,2018 Vol-mageddon + Q4 sell-off,0.012857727706432343,1,0.007485463283956051,1,0.007485463283956051,0.07331914907263126,,,,1,74.85463283956051,0.0019913706928491592,0.020762847736477852,0.012857727706432343,1.0502638374398423
2019-03-13,fold_5,2018 Vol-mageddon + Q4 sell-off,0.014658365398645401,1,-0.0016962912632152438,-1,-0.0016962912632152438,0.07162285780941602,,,,0,-16.962912632152438,0.0029591042548418045,0.01723448745906353,0.014658365398645401,-0.259205191477666
2019-03-14,fold_5,2018 Vol-mageddon + Q4 sell-off,0.012489508837461472,1,0.009237850084900856,1,0.009237850084900856,0.08086070789431687,,,,1,92.37850084900856,0.0016483552753925323,0.03444202244281769,0.012489508837461472,1.409647264496538
2019-03-15,fold_5,2018 Vol-mageddon + Q4 sell-off,0.013782355934381485,1,0.0023790590930730104,1,0.0023790590930730104,0.08323976698738988,,,,1,23.790590930730104,0.0042389389127492905,0.0029952730983495712,0.013782355934381485,0.34651527241994967
2019-03-18,fold_5,2018 Vol-mageddon + Q4 sell-off,0.011660303920507431,1,0.003356766188517213,1,0.003356766188517213,0.0865965331759071,,,,1,33.56766188517213,0.001514386385679245,-0.0012897165725007653,0.011660303920507431,0.49204903498740066
2019-03-19,fold_5,2018 Vol-mageddon + Q4 sell-off,0.011059094220399857,1,0.003957103006541729,1,0.003957103006541729,0.09055363618244883,,,,1,39.57103006541729,0.0039687734097242355,0.0,0.011059094220399857,0.5777674207829703
2019-03-20,fold_5,2018 Vol-mageddon + Q4 sell-off,0.013645090162754059,1,0.015511245466768742,1,0.015511245466768742,0.10606488164921757,,,,1,155.11245466768742,0.004323488101363182,-0.010400827042758465,0.013645090162754059,2.2461296638731625
2019-03-21,fold_5,2018 Vol-mageddon + Q4 sell-off,0.012257805094122887,1,-0.02220890112221241,-1,-0.02220890112221241,0.08385598052700516,,,,0,-222.0890112221241,0.0019146092236042023,-0.023610059171915054,0.012257805094122887,-2.890170330312154
2019-03-22,fold_5,2018 Vol-mageddon + Q4 sell-off,0.009308381006121635,1,-0.001905930577777326,-1,-0.001905930577777326,0.08195004994922783,,,,0,-19.05930577777326,0.003109106793999672,0.006141345482319593,0.009308381006121635,-0.21178024690818373
2019-03-25,fold_5,2018 Vol-mageddon + Q4 sell-off,0.007010584697127342,1,0.004646482411772013,1,0.004646482411772013,0.08659653236099984,,,,1,46.46482411772013,-0.0011931397020816803,0.021207502111792564,0.007010584697127342,0.5178372879620403
2019-03-26,fold_5,2018 Vol-mageddon + Q4 sell-off,0.007169391959905624,1,-0.006443724036216736,-1,-0.006443724036216736,0.08015280832478311,,,,0,-64.43724036216736,-0.004396179690957069,0.02034425549209118,0.007169391959905624,-0.7136034369894386
2019-03-27,fold_5,2018 Vol-mageddon + Q4 sell-off,0.005930738523602486,1,0.0023020142689347267,1,0.0023020142689347267,0.08245482259371784,,,,1,23.020142689347267,-0.0006951801478862762,0.03251755237579346,0.005930738523602486,0.25177956690205505
2019-03-28,fold_5,2018 Vol-mageddon + Q4 sell-off,0.010742787271738052,1,0.007542503532022238,1,0.007542503532022238,0.08999732612574007,,,,1,75.42503532022238,0.0013671759516000748,0.029834916815161705,0.010742787271738052,0.8249561163490199
2019-03-29,fold_5,2018 Vol-mageddon + Q4 sell-off,0.013645635917782784,1,0.013160225003957748,1,0.013160225003957748,0.10315755112969782,,,,1,131.60225003957748,0.002009442076086998,0.027450084686279297,0.013645635917782784,1.4354417979438217
2019-04-01,fold_5,2018 Vol-mageddon + Q4 sell-off,0.012742796912789345,1,0.0037832369562238455,1,0.0037832369562238455,0.10694078808592167,,,,1,37.832369562238455,0.0019327998161315918,0.01683189906179905,0.012742796912789345,0.3929132302604623
2019-04-02,fold_5,2018 Vol-mageddon + Q4 sell-off,0.011320171877741814,1,0.005729572847485542,1,0.005729572847485542,0.11267036093340721,,,,1,57.29572847485542,0.003684578463435173,0.009531304240226746,0.011320171877741814,0.5928572924656258
2019-04-03,fold_5,2018 Vol-mageddon + Q4 sell-off,0.010724881663918495,1,-0.0003806223103310913,-1,-0.0003806223103310913,0.11228973862307612,,,,0,-3.806223103310913,0.0063532572239637375,0.009153859689831734,0.010724881663918495,-0.03937922860941791
2019-04-04,fold_5,2018 Vol-mageddon + Q4 sell-off,0.01013169065117836,1,0.00515767140313983,1,0.00515767140313983,0.11744741002621595,,,,1,51.576714031398296,0.0034902337938547134,0.007159198634326458,0.01013169065117836,0.5567941972777216
2019-04-05,fold_5,2018 Vol-mageddon + Q4 sell-off,0.011880233883857727,1,0.0025420398451387882,1,0.0025420398451387882,0.11998944987135474,,,,1,25.420398451387882,0.004341853782534599,0.006315842270851135,0.011880233883857727,0.2725024093881886
2019-04-08,fold_5,2018 Vol-mageddon + Q4 sell-off,0.011419016867876053,1,-0.0035173578653484583,-1,-0.0035173578653484583,0.11647209200600628,,,,0,-35.17357865348458,0.0029808711260557175,0.003935340326279402,0.011419016867876053,-0.43243918616901417
2019-04-09,fold_5,2018 Vol-mageddon + Q4 sell-off,0.010466987267136574,1,0.005352128762751818,1,0.005352128762751818,0.1218242207687581,,,,1,53.52128762751818,0.0033024270087480545,0.010890415869653225,0.010466987267136574,0.6624467096671369
2019-04-10,fold_5,2018 Vol-mageddon + Q4 sell-off,0.011463906615972519,1,-0.0023752839770168066,-1,-0.0023752839770168066,0.11944893679174129,,,,0,-23.752839770168066,0.005068862810730934,0.009017187170684338,0.011463906615972519,-0.29712804898278294
2019-04-11,fold_5,2018 Vol-mageddon + Q4 sell-off,0.0075846388936042786,1,0.004314315505325794,1,0.004314315505325794,0.12376325229706708,,,,1,43.14315505325794,-4.4265761971473694e-05,0.012674174271523952,0.0075846388936042786,0.5391018631979752
2019-04-12,fold_5,2018 Vol-mageddon + Q4 sell-off,0.009916678071022034,1,0.0001615378278074786,1,0.0001615378278074786,0.12392479012487456,,,,1,1.615378278074786,0.002378998324275017,0.011184216476976871,0.009916678071022034,0.020732427437063147
2019-04-15,fold_5,2018 Vol-mageddon + Q4 sell-off,0.00997057743370533,1,0.0034377172123640776,1,0.0034377172123640776,0.12736250733723864,,,,1,34.377172123640776,0.0009470712393522263,0.02366057224571705,0.00997057743370533,0.4422379245469731
2019-04-16,fold_5,2018 Vol-mageddon + Q4 sell-off,0.008349377661943436,1,0.0034789007622748613,1,0.0034789007622748613,0.1308414080995135,,,,1,34.78900762274861,0.0012951679527759552,0.0170652624219656,0.008349377661943436,0.44743409613884627
2019-04-17,fold_5,2018 Vol-mageddon + Q4 sell-off,0.009140383452177048,1,0.001281703356653452,1,0.001281703356653452,0.13212311145616695,,,,1,12.81703356653452,0.0015933886170387268,0.017636874690651894,0.009140383452177048,0.16508748451011285
2019-04-18,fold_5,2018 Vol-mageddon + Q4 sell-off,0.009566225111484528,1,0.002824357245117426,1,0.002824357245117426,0.13494746870128438,,,,1,28.24357245117426,0.0008085910230875015,0.01724712736904621,0.009566225111484528,0.4062728922046816
2019-04-22,fold_5,2018 Vol-mageddon + Q4 sell-off,0.013176895678043365,1,0.012637894600629807,1,0.012637894600629807,0.14758536330191419,,,,1,126.37894600629807,-0.00015837885439395905,0.016361890360713005,0.013176895678043365,2.5761801972299163
2019-04-23,fold_5,2018 Vol-mageddon + Q4 sell-off,0.011768223717808723,1,-0.0031575928442180157,-1,-0.0031575928442180157,0.14442777045769617,,,,0,-31.575928442180157,0.0021118689328432083,-0.004054222255945206,0.011768223717808723,-0.5593278337476337
2019-04-24,fold_5,2018 Vol-mageddon + Q4 sell-off,0.012488692998886108,1,0.004050512798130512,1,0.004050512798130512,0.14847828325582668,,,,1,40.50512798130512,0.00420917384326458,-0.004119951277971268,0.012488692998886108,0.7241279199257808
2019-04-25,fold_5,2018 Vol-mageddon + Q4 sell-off,0.013620665296912193,1,0.0008919559768401086,1,0.0008919559768401086,0.1493702392326668,,,,1,8.919559768401086,0.0021053925156593323,-0.012520142830908298,0.013620665296912193,0.16275839997497182
2019-04-26,fold_5,2018 Vol-mageddon + Q4 sell-off,0.011623844504356384,1,0.0019391197711229324,1,0.0019391197711229324,0.15130935900378972,,,,1,19.391197711229324,0.005004117265343666,0.002410326385870576,0.011623844504356384,0.3551721476100761
2019-04-29,fold_5,2018 Vol-mageddon + Q4 sell-off,0.010825097560882568,1,-0.007778218016028404,-1,-0.007778218016028404,0.14353114098776132,,,,0,-77.78218016028404,0.003837278112769127,-0.005670021288096905,0.010825097560882568,-1.4927381154327648
2020-04-28,fold_6,COVID crash and V-recovery,0.007174145430326462,1,0.034846752882003784,1,0.034846752882003784,0.034846752882003784,,,,1,348.46752882003784,-0.010462161153554916,0.02870927006006241,0.007174145430326462,1.349116258860208
2020-04-29,fold_6,COVID crash and V-recovery,0.01129649393260479,1,-0.00041101736132986844,-1,-0.00041101736132986844,0.034435735520673916,,,,0,-4.110173613298684,-0.007556937634944916,0.0,0.01129649393260479,-0.015273329603258962
2020-04-30,fold_6,COVID crash and V-recovery,0.009370246902108192,1,-0.02858983725309372,-1,-0.02858983725309372,0.005845898267580196,,,,0,-285.8983725309372,-0.012426789849996567,0.013205603696405888,0.009370246902108192,-1.139100475499464
2020-05-01,fold_6,COVID crash and V-recovery,-0.1225837841629982,-1,0.011590042151510715,1,-0.011590042151510715,-0.005744143883930519,,,,0,-115.90042151510715,0.042226970195770264,0.05540729686617851,-0.1225837841629982,0.454380527434365
2020-05-04,fold_6,COVID crash and V-recovery,-0.09825319796800613,-1,0.011273329146206379,1,-0.011273329146206379,-0.017017473030136898,,,,0,-112.73329146206379,-0.008760811761021614,0.05271638184785843,-0.09825319796800613,0.4431575926811178
2020-05-05,fold_6,COVID crash and V-recovery,-0.05874934792518616,-1,0.006137482821941376,1,-0.006137482821941376,-0.023154955852078274,,,,0,-61.37482821941376,-0.07696634531021118,0.020283684134483337,-0.05874934792518616,0.3012582525123526
2020-05-06,fold_6,COVID crash and V-recovery,-0.004094326868653297,-1,0.012794585898518562,1,-0.012794585898518562,-0.035949541750596836,,,,0,-127.94585898518562,0.00867866538465023,0.0015512654790654778,-0.004094326868653297,0.6266082108417178
2020-05-07,fold_6,COVID crash and V-recovery,-0.024262357503175735,-1,0.013611855916678905,1,-0.013611855916678905,-0.04956139766727574,,,,0,-136.11855916678905,-0.026880567893385887,4.5156863052397966e-05,-0.024262357503175735,0.6780198336118983
2020-05-08,fold_6,COVID crash and V-recovery,0.009601116180419922,1,0.008899128064513206,1,0.008899128064513206,-0.040662269602762535,,,,1,88.99128064513206,-0.008052842691540718,-0.007096275221556425,0.009601116180419922,0.4383214928755762
2020-05-11,fold_6,COVID crash and V-recovery,0.010836977511644363,1,-0.021159369498491287,-1,-0.021159369498491287,-0.06182163910125382,,,,0,-211.59369498491287,-0.001699700951576233,0.002465191762894392,0.010836977511644363,-1.0444928112474263
2020-05-12,fold_6,COVID crash and V-recovery,-0.021016454324126244,-1,-0.012594935484230518,-1,0.012594935484230518,-0.049226703617023304,,,,1,125.94935484230518,-0.04237598925828934,0.021115215495228767,-0.021016454324126244,-0.6809020398622824
2020-05-13,fold_6,COVID crash and V-recovery,-0.0001596091315150261,-1,0.011288478039205074,1,-0.011288478039205074,-0.06051518165622838,,,,0,-112.88478039205074,-0.04707609862089157,0.053481537848711014,-0.0001596091315150261,0.6091367844048735
2020-05-14,fold_6,COVID crash and V-recovery,-0.004347543232142925,-1,0.006470423191785812,1,-0.006470423191785812,-0.06698560484801419,,,,0,-64.70423191785812,-0.18444545567035675,0.031242623925209045,-0.004347543232142925,0.3543286206546096
2020-05-15,fold_6,COVID crash and V-recovery,0.007006717845797539,1,0.018460595980286598,1,0.018460595980286598,-0.04852500886772759,,,,1,184.60595980286598,-0.026236940175294876,0.028218109160661697,0.007006717845797539,1.0146429521600169
2020-05-18,fold_6,COVID crash and V-recovery,0.011642290279269218,1,-0.002509345533326268,-1,-0.002509345533326268,-0.05103435440105386,,,,0,-25.093455333262682,-0.011891987174749374,0.0070541235618293285,0.011642290279269218,-0.1358947902996018
2020-05-19,fold_6,COVID crash and V-recovery,0.013541406020522118,1,0.019771385937929153,1,0.019771385937929153,-0.03126296846312471,,,,1,197.71385937929153,-0.01677333563566208,0.015006253495812416,0.013541406020522118,1.2019011447599568
2020-05-20,fold_6,COVID crash and V-recovery,0.01365777850151062,1,-0.010950435884296894,-1,-0.010950435884296894,-0.0422134043474216,,,,0,-109.50435884296894,-0.009376876056194305,-0.006068696733564138,0.01365777850151062,-0.6962042515893885
2020-05-21,fold_6,COVID crash and V-recovery,0.010671896860003471,1,0.003445908660069108,1,0.003445908660069108,-0.03876749568735249,,,,1,34.45908660069108,-0.0087139792740345,0.01942809484899044,0.010671896860003471,0.21657318928388547
2020-05-22,fold_6,COVID crash and V-recovery,0.010797670111060143,1,-0.0027033903170377016,-1,-0.0027033903170377016,-0.041470886004390195,,,,0,-27.033903170377016,-0.006710333749651909,0.018977487459778786,0.010797670111060143,-0.17395546199459244
2020-05-26,fold_6,COVID crash and V-recovery,0.009681588038802147,1,0.005442784167826176,1,0.005442784167826176,-0.03602810183656402,,,,1,54.42784167826176,-0.012840500101447105,0.028366241604089737,0.009681588038802147,0.3523078665915714
2020-05-27,fold_6,COVID crash and V-recovery,0.012384625151753426,1,-0.00130356359295547,-1,-0.00130356359295547,-0.03733166542951949,,,,0,-13.0356359295547,-0.011016583070158958,0.02741178125143051,0.012384625151753426,-0.08747495646310993
2020-05-28,fold_6,COVID crash and V-recovery,0.011081339791417122,1,0.014546356163918972,1,0.014546356163918972,-0.022785309265600517,,,,1,145.46356163918972,-0.014845187775790691,0.02167745679616928,0.011081339791417122,1.144836825768415
2020-05-29,fold_6,COVID crash and V-recovery,0.015198269858956337,1,0.002995300805196166,1,0.002995300805196166,-0.01979000846040435,,,,1,29.95300805196166,-0.007982134819030762,0.026764295995235443,0.015198269858956337,0.22837949258839393
2020-06-01,fold_6,COVID crash and V-recovery,0.014176122844219208,1,0.006685362663120031,1,0.006685362663120031,-0.01310464579728432,,,,1,66.85362663120031,-0.0045890770852565765,0.03149901330471039,0.014176122844219208,0.5827813231771511
2020-06-02,fold_6,COVID crash and V-recovery,0.013590266928076744,1,0.004488324746489525,1,0.004488324746489525,-0.008616321050794795,,,,1,44.88324746489525,-0.004858972504734993,0.032032568007707596,0.013590266928076744,0.3980972830499163
2020-06-03,fold_6,COVID crash and V-recovery,0.013100197538733482,1,-0.007037887815386057,-1,-0.007037887815386057,-0.015654208866180852,,,,0,-70.37887815386057,-0.003077508881688118,0.03947428986430168,0.013100197538733482,-0.6377926107384717
2020-06-04,fold_6,COVID crash and V-recovery,0.013250067830085754,1,0.01963319443166256,1,0.01963319443166256,0.0039789855654817075,,,,1,196.3319443166256,-0.0038730930536985397,-0.0043064602650702,0.013250067830085754,1.7748960173917738
2020-06-05,fold_6,COVID crash and V-recovery,0.013465601950883865,1,0.00773001741617918,1,0.00773001741617918,0.011709002981660888,,,,1,77.3001741617918,-0.0045381877571344376,-0.016023224219679832,0.013465601950883865,0.6691537153486794
2020-06-08,fold_6,COVID crash and V-recovery,0.014112148433923721,1,0.007218916900455952,1,0.007218916900455952,0.01892791988211684,,,,1,72.18916900455952,-0.00366051122546196,-0.011659504845738411,0.014112148433923721,0.6401453804806366
2020-06-09,fold_6,COVID crash and V-recovery,0.0130886510014534,1,0.01193004846572876,1,0.01193004846572876,0.0308579683478456,,,,1,119.3004846572876,-0.0021805744618177414,-0.0018512934911996126,0.0130886510014534,1.0635877806641232
2020-06-10,fold_6,COVID crash and V-recovery,0.014341136440634727,1,-0.050818637013435364,-1,-0.050818637013435364,-0.019960668665589765,,,,0,-508.18637013435364,0.0006285179406404495,-0.01061584148555994,0.014341136440634727,-4.833366497560921
2020-06-11,fold_6,COVID crash and V-recovery,0.005744224414229393,1,0.007916430942714214,1,0.007916430942714214,-0.01204423772287555,,,,1,79.16430942714214,-0.015006477013230324,0.04290812090039253,0.005744224414229393,0.5200283997094477
2020-06-12,fold_6,COVID crash and V-recovery,0.006807349622249603,1,0.012093736790120602,1,0.012093736790120602,4.9499067245051265e-05,,,,1,120.93736790120602,-0.005167262628674507,0.0348283015191555,0.006807349622249603,0.8000435567549711
2020-06-15,fold_6,COVID crash and V-recovery,0.009822240099310875,1,0.017027128487825394,1,0.017027128487825394,0.017076627555070445,,,,1,170.27128487825394,-0.001340821385383606,0.03465566039085388,0.009822240099310875,1.1137561430626872
2020-06-16,fold_6,COVID crash and V-recovery,0.008384313434362411,1,0.0031655009370297194,1,0.0031655009370297194,0.020242128492100164,,,,1,31.655009370297194,0.010815756395459175,0.026103550568223,0.008384313434362411,0.20819354101787516
2020-06-17,fold_6,COVID crash and V-recovery,0.00955764576792717,1,0.002705324674025178,1,0.002705324674025178,0.022947453166125342,,,,1,27.05324674025178,0.00639992393553257,0.002107067499309778,0.00955764576792717,0.1778563538394904
2020-06-18,fold_6,COVID crash and V-recovery,0.010608907788991928,1,-0.00016339019930455834,-1,-0.00016339019930455834,0.022784062966820784,,,,0,-1.6339019930455834,-0.000588003545999527,0.008876042440533638,0.010608907788991928,-0.011216744710318296
2020-06-19,fold_6,COVID crash and V-recovery,0.012327032163739204,1,0.01192109752446413,1,0.01192109752446413,0.034705160491284914,,,,1,119.2109752446413,0.004120802506804466,-0.01485886238515377,0.012327032163739204,0.8301943175953945
2020-06-22,fold_6,COVID crash and V-recovery,0.012158865109086037,1,0.008475018665194511,1,0.008475018665194511,0.043180179156479426,,,,1,84.75018665194511,0.0021376535296440125,-0.01593226008117199,0.012158865109086037,0.5811019860795387
2020-06-23,fold_6,COVID crash and V-recovery,0.012244580313563347,1,-0.02083098329603672,-1,-0.02083098329603672,0.022349195860442705,,,,0,-208.3098329603672,0.0027938801795244217,-0.004995599389076233,0.012244580313563347,-1.4175974704980616
2020-06-24,fold_6,COVID crash and V-recovery,0.009061640128493309,1,0.009474299848079681,1,0.009474299848079681,0.03182349570852239,,,,1,94.74299848079681,-0.008430054411292076,0.02743980661034584,0.009061640128493309,0.6165341995312399
2020-06-25,fold_6,COVID crash and V-recovery,0.004325186833739281,1,-0.023898296058177948,-1,-0.023898296058177948,0.007925199650344439,,,,0,-238.98296058177948,0.0020200666040182114,0.02472933940589428,0.004325186833739281,-1.5408676806680528
2020-06-26,fold_6,COVID crash and V-recovery,0.00805278867483139,1,0.010847700759768486,1,0.010847700759768486,0.018772900410112925,,,,1,108.47700759768486,-0.0032439325004816055,0.07291491329669952,0.00805278867483139,0.6746617427209867
2020-06-29,fold_6,COVID crash and V-recovery,0.004376417025923729,1,0.01941167749464512,1,0.01941167749464512,0.038184577904758044,,,,1,194.1167749464512,0.0038123782724142075,0.05515451729297638,0.004376417025923729,1.1947957833765366
2020-06-30,fold_6,COVID crash and V-recovery,0.0032992418855428696,1,0.011604422703385353,1,0.011604422703385353,0.0497890006081434,,,,1,116.04422703385353,-0.000174080953001976,0.048828642815351486,0.0032992418855428696,0.692796584541074
2020-07-01,fold_6,COVID crash and V-recovery,0.010828124359250069,1,0.00676383264362812,1,0.00676383264362812,0.05655283325177152,,,,1,67.6383264362812,0.00011388584971427917,0.04561207443475723,0.010828124359250069,0.39974959804786203
2020-07-02,fold_6,COVID crash and V-recovery,0.010482385754585266,1,0.024287275969982147,1,0.024287275969982147,0.08084010922175366,,,,1,242.87275969982147,-0.0015639867633581161,0.04565257206559181,0.010482385754585266,1.4358778581058032
2020-07-06,fold_6,COVID crash and V-recovery,0.010622840374708176,1,-0.006912693381309509,-1,-0.006912693381309509,0.07392741584044416,,,,0,-69.12693381309509,0.004898859187960625,0.0005803222302347422,0.010622840374708176,-0.40157268428087856
2020-07-07,fold_6,COVID crash and V-recovery,0.01044207252562046,1,0.01308580581098795,1,0.01308580581098795,0.0870132216514321,,,,1,130.8580581098795,0.003718240186572075,0.014546205289661884,0.01044207252562046,0.760950319818398
2020-07-08,fold_6,COVID crash and V-recovery,0.01032458245754242,1,0.008387851528823376,1,0.008387851528823376,0.09540107318025548,,,,1,83.87851528823376,-0.00021976791322231293,0.0034939206670969725,0.01032458245754242,0.4829213491086964
2020-07-09,fold_6,COVID crash and V-recovery,0.009748350828886032,1,0.006804332137107849,1,0.006804332137107849,0.10220540531736333,,,,1,68.04332137107849,-0.0033144336193799973,-0.01173989288508892,0.009748350828886032,0.39410950525264227
2020-07-10,fold_6,COVID crash and V-recovery,0.009449480101466179,1,-0.020784974098205566,-1,-0.020784974098205566,0.08142043121915776,,,,0,-207.84974098205566,-0.0008341781795024872,-0.017386941239237785,0.009449480101466179,-1.5882076019087286
2020-07-13,fold_6,COVID crash and V-recovery,0.025319071486592293,1,0.007053189445286989,1,0.007053189445286989,0.08847362066444475,,,,1,70.53189445286989,-0.017077449709177017,0.031374141573905945,0.025319071486592293,0.5120446139780346
2020-07-14,fold_6,COVID crash and V-recovery,0.006151134148240089,1,0.0020335218869149685,1,0.0020335218869149685,0.09050714255135972,,,,1,20.335218869149685,-0.012285390868782997,0.013845482841134071,0.006151134148240089,0.14954269287114882
2020-07-15,fold_6,COVID crash and V-recovery,0.007492981851100922,1,-0.006845961790531874,-1,-0.006845961790531874,0.08366118076082785,,,,0,-68.45961790531874,-0.008686717599630356,0.01532869040966034,0.007492981851100922,-0.5241009812391734
2020-07-16,fold_6,COVID crash and V-recovery,0.006364481523633003,1,0.0011572843650355935,1,0.0011572843650355935,0.08481846512586344,,,,1,11.572843650355935,-0.011724039912223816,-0.004292608238756657,0.006364481523633003,0.08812283189001813
2020-07-17,fold_6,COVID crash and V-recovery,0.00688820518553257,1,0.027976106852293015,1,0.027976106852293015,0.11279457197815645,,,,1,279.76106852293015,-0.00853712484240532,-0.01499137282371521,0.00688820518553257,2.132123708338193
2020-07-20,fold_6,COVID crash and V-recovery,0.010855929926037788,1,-0.010475467890501022,-1,-0.010475467890501022,0.10231910408765543,,,,0,-104.75467890501022,-0.0017807204276323318,-0.025281477719545364,0.010855929926037788,-0.7206510227050099
2020-07-21,fold_6,COVID crash and V-recovery,0.010113166645169258,1,0.0035167301539331675,1,0.0035167301539331675,0.1058358342415886,,,,1,35.167301539331675,-0.00477849505841732,-0.027612756937742233,0.010113166645169258,0.24286262614215368
2020-07-22,fold_6,COVID crash and V-recovery,0.010301047936081886,1,-0.026467259973287582,-1,-0.026467259973287582,0.07936857426830102,,,,0,-264.6725997328758,-0.0034413114190101624,-0.019669238477945328,0.010301047936081886,-1.8409053843650716
2020-07-23,fold_6,COVID crash and V-recovery,0.0035083983093500137,1,-0.009541480801999569,-1,-0.009541480801999569,0.06982709346630145,,,,0,-95.41480801999569,-0.010347351431846619,0.012019885703921318,0.0035083983093500137,-0.6432334964953011
2020-07-24,fold_6,COVID crash and V-recovery,-0.031636446714401245,-1,0.01768600009381771,1,-0.01768600009381771,0.05214109337248374,,,,0,-176.8600009381771,0.01504841260612011,0.03924935311079025,-0.031636446714401245,1.1921186983156284
2020-07-27,fold_6,COVID crash and V-recovery,0.0044217798858881,1,-0.012806747108697891,-1,-0.012806747108697891,0.03933434626378585,,,,0,-128.0674710869789,-0.005264848470687866,0.034980401396751404,0.0044217798858881,-0.8897363445671662
2020-07-28,fold_6,COVID crash and V-recovery,-0.05186045914888382,-1,0.011460249312222004,1,-0.011460249312222004,0.027874096951563843,,,,0,-114.60249312222004,0.01015501655638218,0.05149209499359131,-0.05186045914888382,0.7917747031445751
2020-07-29,fold_6,COVID crash and V-recovery,-0.0020416807383298874,-1,0.0052218628115952015,1,-0.0052218628115952015,0.02265223413996864,,,,0,-52.218628115952015,-0.014644712209701538,0.042506542056798935,-0.0020416807383298874,0.3718284970110825
2020-07-30,fold_6,COVID crash and V-recovery,-0.0013422071933746338,-1,0.01768798753619194,1,-0.01768798753619194,0.004964246603776701,,,,0,-176.8798753619194,-0.01803205907344818,0.05044260248541832,-0.0013422071933746338,1.2769965562045513
2020-07-31,fold_6,COVID crash and V-recovery,0.008329743519425392,1,0.013417048379778862,1,0.013417048379778862,0.018381294983555563,,,,1,134.17048379778862,-0.006342792883515358,0.021145181730389595,0.008329743519425392,0.9366016124301634
2020-08-03,fold_6,COVID crash and V-recovery,0.011701347306370735,1,0.003704946953803301,1,0.003704946953803301,0.022086241937358864,,,,1,37.04946953803301,-0.0077684186398983,0.0034460306633263826,0.011701347306370735,0.27259952974596996
2020-08-04,fold_6,COVID crash and V-recovery,0.01122128777205944,1,0.0024746968410909176,1,0.0024746968410909176,0.02456093877844978,,,,1,24.746968410909176,-0.0031776931136846542,-0.01938198134303093,0.01122128777205944,0.18292635050540385
2020-08-05,fold_6,COVID crash and V-recovery,0.011212693527340889,1,0.013157923705875874,1,0.013157923705875874,0.037718862484325655,,,,1,131.57923705875874,-0.0022883955389261246,0.0029841316863894463,0.011212693527340889,0.9953246352301299
2020-08-06,fold_6,COVID crash and V-recovery,0.011365793645381927,1,-0.011609433218836784,-1,-0.011609433218836784,0.02610942926548887,,,,0,-116.09433218836784,-0.001650385558605194,-0.00789579376578331,0.011365793645381927,-0.8655564505121134
2020-08-07,fold_6,COVID crash and V-recovery,0.008203746750950813,1,-0.004282103851437569,-1,-0.004282103851437569,0.021827325414051302,,,,0,-42.82103851437569,-0.0029715746641159058,0.002538258209824562,0.008203746750950813,-0.315403274167436
2020-08-10,fold_6,COVID crash and V-recovery,0.010578349232673645,1,-0.01912306621670723,-1,-0.01912306621670723,0.002704259197344072,,,,0,-191.2306621670723,-0.0038945432752370834,0.018364673480391502,0.010578349232673645,-1.4949017218268141
2020-08-11,fold_6,COVID crash and V-recovery,-0.0015365052968263626,-1,0.024840809404850006,1,-0.024840809404850006,-0.022136550207505934,,,,0,-248.40809404850006,-0.009991340339183807,0.04706699773669243,-0.0015365052968263626,1.854425462059186
2020-08-12,fold_6,COVID crash and V-recovery,0.009043673053383827,1,0.002277998486533761,1,0.002277998486533761,-0.019858551720972173,,,,1,22.77998486533761,-0.008090220391750336,0.015475744381546974,0.009043673053383827,0.1571654526123982
2020-08-13,fold_6,COVID crash and V-recovery,0.009545499458909035,1,-0.0011753810103982687,-1,-0.0011753810103982687,-0.02103393273137044,,,,0,-11.753810103982687,-0.00501987524330616,0.026974011212587357,0.009545499458909035,-0.08149801908205123
2020-08-14,fold_6,COVID crash and V-recovery,0.009173452854156494,1,0.011544312350451946,1,0.011544312350451946,-0.009489620380918495,,,,1,115.44312350451946,-0.004947805777192116,0.03505614399909973,0.009173452854156494,0.8004500661944717
2020-08-17,fold_6,COVID crash and V-recovery,0.013109348714351654,1,0.009579257108271122,1,0.009579257108271122,8.963672735262662e-05,,,,1,95.79257108271122,0.0004268083721399307,0.029736364260315895,0.013109348714351654,0.7230246261558297
2020-08-18,fold_6,COVID crash and V-recovery,0.013115083798766136,1,-0.006750442553311586,-1,-0.006750442553311586,-0.00666080582595896,,,,0,-67.50442553311586,-0.0003214683383703232,0.027988793328404427,0.013115083798766136,-0.510820204822413
2020-08-19,fold_6,COVID crash and V-recovery,0.009476447477936745,1,0.013776266016066074,1,0.013776266016066074,0.007115460190107115,,,,1,137.76266016066074,-0.0025624874979257584,0.05585353076457977,0.009476447477936745,1.037559246659717
2020-08-20,fold_6,COVID crash and V-recovery,0.010276276618242264,1,0.0069067515432834625,1,0.0069067515432834625,0.014022211733390577,,,,1,69.06751543283463,-0.004621975123882294,0.038955897092819214,0.010276276618242264,0.5625156236933915
2020-08-21,fold_6,COVID crash and V-recovery,0.009001709520816803,1,0.006224532146006823,1,0.006224532146006823,0.0202467438793974,,,,1,62.245321460068226,-0.00142647884786129,0.0371214896440506,0.009001709520816803,0.5106356876868382
2020-08-24,fold_6,COVID crash and V-recovery,0.008533816784620285,1,0.007831685245037079,1,0.007831685245037079,0.02807842912443448,,,,1,78.31685245037079,-0.004133803769946098,0.038897957652807236,0.008533816784620285,0.6743238686894301
2020-08-25,fold_6,COVID crash and V-recovery,0.010224157944321632,1,0.021114297211170197,1,0.021114297211170197,0.049192726335604675,,,,1,211.14297211170197,-0.0029433611780405045,0.04801339656114578,0.010224157944321632,1.8535998038712649
2020-08-26,fold_6,COVID crash and V-recovery,0.012087257578969002,1,-0.003121370915323496,-1,-0.003121370915323496,0.04607135542028118,,,,0,-31.21370915323496,-0.000692952424287796,0.036324240267276764,0.012087257578969002,-0.2587895593319744
2020-08-27,fold_6,COVID crash and V-recovery,0.010456709191203117,1,0.005072346422821283,1,0.005072346422821283,0.05114370184310246,,,,1,50.72346422821283,-0.0029088128358125687,-0.012585151940584183,0.010456709191203117,0.42181512853870085
2020-08-28,fold_6,COVID crash and V-recovery,0.012037994340062141,1,0.008001000620424747,1,0.008001000620424747,0.05914470246352721,,,,1,80.01000620424747,0.00205225870013237,-0.03107313998043537,0.012037994340062141,0.7010740917333799
2020-08-31,fold_6,COVID crash and V-recovery,0.014341145753860474,1,0.016947124153375626,1,0.016947124153375626,0.07609182661690284,,,,1,169.47124153375626,0.0016639605164527893,-0.08833174407482147,0.014341145753860474,1.519174036231336
2020-09-01,fold_6,COVID crash and V-recovery,0.011203555390238762,1,0.009425140917301178,1,0.009425140917301178,0.08551696753420401,,,,1,94.25140917301178,0.0008248742669820786,-0.07632622867822647,0.011203555390238762,0.8019761973282619
2020-09-02,fold_6,COVID crash and V-recovery,0.008880769833922386,1,-0.052030764520168304,-1,-0.052030764520168304,0.03348620301403571,,,,0,-520.307645201683,-0.0028535407036542892,-0.10588965564966202,0.008880769833922386,-4.362421233254415
2020-09-03,fold_6,COVID crash and V-recovery,-0.004562581889331341,-1,-0.013415642082691193,-1,0.013415642082691193,0.0469018450967269,,,,1,134.15642082691193,0.022655846551060677,-0.0608224980533123,-0.004562581889331341,-0.8180304219831065
2020-09-04,fold_6,COVID crash and V-recovery,0.010951370000839233,1,-0.04925760254263878,-1,-0.04925760254263878,-0.002355757445911877,,,,0,-492.5760254263878,0.0012955591082572937,-0.03014158084988594,0.010951370000839233,-2.99098501352186
2020-09-08,fold_6,COVID crash and V-recovery,0.013112982735037804,1,0.028952637687325478,1,0.028952637687325478,0.0265968802414136,,,,1,289.5263768732548,0.007947375997900963,0.033189885318279266,0.013112982735037804,1.4630448928429223
2020-09-09,fold_6,COVID crash and V-recovery,0.01293477974832058,1,-0.020138287916779518,-1,-0.020138287916779518,0.006458592324634083,,,,0,-201.38287916779518,0.007803341373801231,-0.011837474070489407,0.01293477974832058,-0.9882583616877233
2020-09-10,fold_6,COVID crash and V-recovery,0.013218754902482033,1,-0.006963605526834726,-1,-0.006963605526834726,-0.0005050132022006437,,,,0,-69.63605526834726,0.00641808845102787,-0.007444728631526232,0.013218754902482033,-0.3461658618806676
2020-09-11,fold_6,COVID crash and V-recovery,0.013841362670063972,1,0.017265276983380318,1,0.017265276983380318,0.016760263781179674,,,,1,172.65276983380318,0.02048957161605358,-0.01332566887140274,0.013841362670063972,0.8559825585801524
2020-09-14,fold_6,COVID crash and V-recovery,0.002907339483499527,1,0.014073864556849003,1,0.014073864556849003,0.030834128338028677,,,,1,140.73864556849003,0.019484510645270348,-0.028195757418870926,0.002907339483499527,0.6853734804594767
2020-09-15,fold_6,COVID crash and V-recovery,-0.0005965251475572586,-1,-0.01607472263276577,-1,0.01607472263276577,0.04690885097079445,,,,1,160.7472263276577,-0.019974632188677788,-0.023861397057771683,-0.0005965251475572586,-0.7798215646588044
2020-09-16,fold_6,COVID crash and V-recovery,-0.021040230989456177,-1,-0.01574554108083248,-1,0.01574554108083248,0.06265439205162693,,,,1,157.4554108083248,0.010470109060406685,-0.03879699110984802,-0.021040230989456177,-0.7564717033725888
2020-09-17,fold_6,COVID crash and V-recovery,-0.022065741941332817,-1,-0.01284454483538866,-1,0.01284454483538866,0.07549893688701559,,,,1,128.4454483538866,0.0006234142929315567,-0.018405728042125702,-0.022065741941332817,-0.6100156525437823
2020-09-18,fold_6,COVID crash and V-recovery,0.01070864126086235,1,0.0023951882030814886,1,0.0023951882030814886,0.07789412509009708,,,,1,23.951882030814886,0.0005064103752374649,0.017421115189790726,0.01070864126086235,0.11391217076698176
2020-09-21,fold_6,COVID crash and V-recovery,0.007378179579973221,1,0.01840822398662567,1,0.01840822398662567,0.09630234907672275,,,,1,184.0822398662567,0.004374409094452858,0.035582274198532104,0.007378179579973221,0.8775572328014063
2020-09-22,fold_6,COVID crash and V-recovery,0.006798047572374344,1,-0.03101031668484211,-1,-0.03101031668484211,0.06529203239188064,,,,0,-310.1031668484211,0.0038459356874227524,0.012654685415327549,0.006798047572374344,-1.4537438731940597
2020-09-23,fold_6,COVID crash and V-recovery,0.008506262674927711,1,0.0046457210555672646,1,0.0046457210555672646,0.0699377534474479,,,,1,46.457210555672646,0.007981905713677406,0.050490401685237885,0.008506262674927711,0.20775431739486164
2020-09-24,fold_6,COVID crash and V-recovery,0.007653864100575447,1,0.022982297465205193,1,0.022982297465205193,0.0929200509126531,,,,1,229.82297465205193,0.011396525427699089,0.061592526733875275,0.007653864100575447,1.0502742819316198
2020-09-25,fold_6,COVID crash and V-recovery,0.0033471789211034775,1,0.02055634744465351,1,0.02055634744465351,0.11347639835730661,,,,1,205.5634744465351,0.007629064843058586,0.010075737722218037,0.0033471789211034775,0.9149699726863618
2020-09-28,fold_6,COVID crash and V-recovery,0.003949044272303581,1,-0.004519365727901459,-1,-0.004519365727901459,0.10895703262940515,,,,0,-45.19365727901459,-0.007542978972196579,0.010621445253491402,0.003949044272303581,-0.1973176015235255
2020-09-29,fold_6,COVID crash and V-recovery,0.0060033369809389114,1,0.0068253991194069386,1,0.0068253991194069386,0.11578243174881209,,,,1,68.25399119406939,0.007563667371869087,-0.002867152215912938,0.0060033369809389114,0.298621087736763
2020-09-30,fold_6,COVID crash and V-recovery,0.002648022025823593,1,0.01574784703552723,1,0.01574784703552723,0.13153027878433932,,,,1,157.4784703552723,-0.016317542642354965,0.007458656560629606,0.002648022025823593,0.697064423708603
2020-10-01,fold_6,COVID crash and V-recovery,0.009775763377547264,1,-0.02853449247777462,-1,-0.02853449247777462,0.1029957863065647,,,,0,-285.3449247777462,-0.005385261029005051,-0.0029803828801959753,0.009775763377547264,-1.2533205081188008
2020-10-02,fold_6,COVID crash and V-recovery,0.00016270671039819717,1,0.02110205590724945,1,0.02110205590724945,0.12409784221381415,,,,1,211.0205590724945,0.018501801416277885,0.04071858525276184,0.00016270671039819717,1.0251783952435474
2020-10-05,fold_6,COVID crash and V-recovery,0.00859445333480835,1,-0.01800796203315258,-1,-0.01800796203315258,0.10608988018066157,,,,0,-180.0796203315258,-0.009708978235721588,0.0500197559595108,0.00859445333480835,-0.8614788499208522
2020-10-06,fold_6,COVID crash and V-recovery,-0.072932668030262,-1,0.017151206731796265,1,-0.017151206731796265,0.0889386734488653,,,,0,-171.51206731796265,-0.08954000473022461,0.06799398362636566,-0.072932668030262,0.9414975943994984
2020-10-07,fold_6,COVID crash and V-recovery,0.007841279730200768,1,0.005308808758854866,1,0.005308808758854866,0.09424748220772017,,,,1,53.08808758854866,-0.008037902414798737,0.0424555167555809,0.007841279730200768,0.30415484714686564
2020-10-08,fold_6,COVID crash and V-recovery,0.011680839583277702,1,0.015164476819336414,1,0.015164476819336414,0.10941195902705658,,,,1,151.64476819336414,-0.010779954493045807,0.03041280247271061,0.011680839583277702,0.8970329885777675
2020-10-09,fold_6,COVID crash and V-recovery,0.013472124934196472,1,0.030403228476643562,1,0.030403228476643562,0.13981518750370014,,,,1,304.0322847664356,0.0021301452070474625,0.009752639569342136,0.013472124934196472,1.770571887040376
2020-10-12,fold_6,COVID crash and V-recovery,0.01406455785036087,1,-3.373719300725497e-05,-1,-3.373719300725497e-05,0.1397814503106929,,,,0,-0.33737193007254973,0.001514548435807228,-0.037110790610313416,0.01406455785036087,-0.0018680407759308338
2020-10-13,fold_6,COVID crash and V-recovery,0.012173788622021675,1,-0.00838725920766592,-1,-0.00838725920766592,0.13139419110302697,,,,0,-83.8725920766592,0.005056971684098244,-0.03492961823940277,0.012173788622021675,-0.4716208204510821
2020-10-14,fold_6,COVID crash and V-recovery,0.013635087758302689,1,-0.006733904592692852,-1,-0.006733904592692852,0.12466028651033412,,,,0,-67.33904592692852,-0.000585632398724556,-0.0273162629455328,0.013635087758302689,-0.38440893439136203
2020-10-15,fold_6,COVID crash and V-recovery,0.00951070711016655,1,-0.005495686549693346,-1,-0.005495686549693346,0.11916459996064077,,,,0,-54.95686549693346,-0.004865748807787895,-0.020617766305804253,0.00951070711016655,-0.31903396928304123
2020-10-16,fold_6,COVID crash and V-recovery,0.0029495488852262497,1,-0.016460204496979713,-1,-0.016460204496979713,0.10270439546366106,,,,0,-164.60204496979713,0.018212588503956795,-0.013153640553355217,0.0029495488852262497,-0.9665816644113905
2020-10-19,fold_6,COVID crash and V-recovery,0.013585692271590233,1,0.002147437771782279,1,0.002147437771782279,0.10485183323544334,,,,1,21.47437771782279,-0.010291943326592445,-0.011803005822002888,0.013585692271590233,0.12331480174769346
2020-10-20,fold_6,COVID crash and V-recovery,0.01895107515156269,1,-0.0007739050779491663,-1,-0.0007739050779491663,0.10407792815749417,,,,0,-7.739050779491663,-0.010357851162552834,-0.006172140594571829,0.01895107515156269,-0.04571847515718098
2020-10-21,fold_6,COVID crash and V-recovery,0.018503865227103233,1,-3.5408695111982524e-05,-1,-3.5408695111982524e-05,0.10404251946238219,,,,0,-0.35408695111982524,-0.010771015658974648,-0.045165520161390305,0.018503865227103233,-0.0022928343745738243
2020-10-22,fold_6,COVID crash and V-recovery,-0.02366119623184204,-1,0.001968440366908908,1,-0.001968440366908908,0.10207407909547328,,,,0,-19.68440366908908,0.0035649295896291733,-0.02779475226998329,-0.02366119623184204,0.12775259426091953
2020-10-23,fold_6,COVID crash and V-recovery,0.014214390888810158,1,-0.015109569765627384,-1,-0.015109569765627384,0.0869645093298459,,,,0,-151.09569765627384,0.0075555164366960526,-0.055452797561883926,0.014214390888810158,-1.039698635608039
2020-10-26,fold_6,COVID crash and V-recovery,0.009971411898732185,1,0.007778302300721407,1,0.007778302300721407,0.0947428116305673,,,,1,77.78302300721407,-0.008701018989086151,-0.03811882436275482,0.009971411898732185,0.5479790991713467
2020-10-27,fold_6,COVID crash and V-recovery,0.010347023606300354,1,-0.03976728767156601,-1,-0.03976728767156601,0.05497552395900129,,,,0,-397.6728767156601,-0.0002769492566585541,-0.028747210279107094,0.010347023606300354,-2.787764890068613
2020-10-28,fold_6,COVID crash and V-recovery,0.007436249405145645,1,0.01733536086976528,1,0.01733536086976528,0.07231088482876658,,,,1,173.35360869765282,-0.002612059935927391,0.054690517485141754,0.007436249405145645,1.0355589815970991
2020-10-29,fold_6,COVID crash and V-recovery,0.006541090086102486,1,-0.025689605623483658,-1,-0.025689605623483658,0.04662127920528292,,,,0,-256.8960562348366,0.0019488576799631119,0.06309220939874649,0.006541090086102486,-1.5274747106782163
2020-10-30,fold_6,COVID crash and V-recovery,0.007310360670089722,1,0.0022244045976549387,1,0.0022244045976549387,0.048845683802937856,,,,1,22.244045976549387,0.0028628911823034286,0.08952881395816803,0.007310360670089722,0.13410157396693856
2020-11-02,fold_6,COVID crash and V-recovery,0.006912736222147942,1,0.017149915918707848,1,0.017149915918707848,0.0659955997216457,,,,1,171.49915918707848,0.004940615966916084,0.06665904819965363,0.006912736222147942,1.0779367386887289
2020-11-03,fold_6,COVID crash and V-recovery,0.005440600216388702,1,0.04367043823003769,1,0.04367043823003769,0.10966603795168339,,,,1,436.7043823003769,0.009554432705044746,0.031432218849658966,0.005440600216388702,2.75306621443569
2020-11-04,fold_6,COVID crash and V-recovery,0.013263685628771782,1,0.025737054646015167,1,0.025737054646015167,0.13540309259769856,,,,1,257.3705464601517,-0.007876211777329445,0.009885048493742943,0.013263685628771782,1.4119405213839278
2020-11-05,fold_6,COVID crash and V-recovery,0.013201480731368065,1,0.0007469941047020257,1,0.0007469941047020257,0.13615008670240059,,,,1,7.4699410470202565,0.004656786099076271,-0.020557139068841934,0.013201480731368065,0.03915442701452015
2020-11-06,fold_6,COVID crash and V-recovery,0.010693632066249847,1,-0.02064535580575466,-1,-0.02064535580575466,0.11550473089664592,,,,0,-206.45355805754662,0.00505681149661541,-0.012569820508360863,0.010693632066249847,-1.099611526163606
2020-11-09,fold_6,COVID crash and V-recovery,0.007756976410746574,1,-0.01807691529393196,-1,-0.01807691529393196,0.09742781560271396,,,,0,-180.7691529393196,-0.007026335224509239,0.015848102048039436,0.007756976410746574,-0.9987407535989247
2020-11-10,fold_6,COVID crash and V-recovery,0.008741093799471855,1,0.022123269736766815,1,0.022123269736766815,0.11955108533948078,,,,1,221.23269736766815,-0.011003471910953522,0.030747581273317337,0.008741093799471855,1.1929141000624843
2020-11-11,fold_6,COVID crash and V-recovery,0.008626222610473633,1,-0.0047051324509084225,-1,-0.0047051324509084225,0.11484595288857236,,,,0,-47.051324509084225,-0.012430313974618912,0.0012066756607964635,0.008626222610473633,-0.24631408484931272
2020-11-12,fold_6,COVID crash and V-recovery,0.006767632439732552,1,0.00873431283980608,1,0.00873431283980608,0.12358026572837844,,,,1,87.3431283980608,-0.027857525274157524,0.013706258498132229,0.006767632439732552,0.45797074181542646
2020-11-13,fold_6,COVID crash and V-recovery,0.013226484879851341,1,0.007772567216306925,1,0.007772567216306925,0.13135283294468536,,,,1,77.72567216306925,-0.009761340916156769,-0.0018917557317763567,0.013226484879851341,0.4062582307615261
2020-11-16,fold_6,COVID crash and V-recovery,0.01502249762415886,1,-0.0031774360686540604,-1,-0.0031774360686540604,0.1281753968760313,,,,0,-31.774360686540604,-0.005288330838084221,-0.009630321525037289,0.01502249762415886,-0.16851969730067273
2020-11-17,fold_6,COVID crash and V-recovery,0.013190455734729767,1,-0.007417635060846806,-1,-0.007417635060846806,0.1207577618151845,,,,0,-74.17635060846806,-0.002238018438220024,0.007499608676880598,0.013190455734729767,-0.3932528488787517
2020-11-18,fold_6,COVID crash and V-recovery,0.015122223645448685,1,0.007794450502842665,1,0.007794450502842665,0.12855221231802716,,,,1,77.94450502842665,0.009647024795413017,0.021044887602329254,0.015122223645448685,0.41165884580625633
2020-11-19,fold_6,COVID crash and V-recovery,0.01352708786725998,1,-0.006863702088594437,-1,-0.006863702088594437,0.12168851022943272,,,,0,-68.63702088594437,-0.006968196481466293,0.02242281287908554,0.01352708786725998,-0.36097592278577006
2020-11-20,fold_6,COVID crash and V-recovery,0.01724800281226635,1,3.400091009098105e-05,1,3.400091009098105e-05,0.1217225111395237,,,,1,0.3400091009098105,0.005822720006108284,0.03132430091500282,0.01724800281226635,0.0017828542565550293
2020-11-23,fold_6,COVID crash and V-recovery,0.012055044993758202,1,0.013952494598925114,1,0.013952494598925114,0.13567500573844882,,,,1,139.52494598925114,0.018617605790495872,0.04402534291148186,0.012055044993758202,0.7433640469029835
2020-11-24,fold_6,COVID crash and V-recovery,0.010008558630943298,1,0.006127643398940563,1,0.006127643398940563,0.14180264913738938,,,,1,61.27643398940563,-0.009164746850728989,0.03135693445801735,0.010008558630943298,0.3234052070137997
2020-11-25,fold_6,COVID crash and V-recovery,0.012001512572169304,1,0.009172377176582813,1,0.009172377176582813,0.1509750263139722,,,,1,91.72377176582813,-0.005104200914502144,0.02664339542388916,0.012001512572169304,0.5463967394333243
2020-11-27,fold_6,COVID crash and V-recovery,0.01222078874707222,1,0.0020377866458147764,1,0.0020377866458147764,0.15301281295978697,,,,1,20.377866458147764,-0.0028019901365041733,0.02153753489255905,0.01222078874707222,0.12379010218913579
2020-11-30,fold_6,COVID crash and V-recovery,0.013363465666770935,1,0.012735040858387947,1,0.012735040858387947,0.16574785381817492,,,,1,127.35040858387947,0.001080494374036789,0.025146711617708206,0.013363465666770935,0.825152095544987
2020-12-01,fold_6,COVID crash and V-recovery,0.013292549178004265,1,0.0012840845156461,1,0.0012840845156461,0.16703193833382102,,,,1,12.840845156461,0.0035109538584947586,0.0157906636595726,0.013292549178004265,0.08186080873771634
2020-12-02,fold_6,COVID crash and V-recovery,0.014229981228709221,1,0.0014141055289655924,1,0.0014141055289655924,0.1684460438627866,,,,1,14.141055289655924,0.0034309905022382736,-0.008394548669457436,0.014229981228709221,0.09295420381384639
2020-12-03,fold_6,COVID crash and V-recovery,0.014073323458433151,1,0.004066517110913992,1,0.004066517110913992,0.1725125609737006,,,,1,40.66517110913992,0.004629837349057198,-0.005801084917038679,0.014073323458433151,0.34847327562232994
2020-12-04,fold_6,COVID crash and V-recovery,0.01348675973713398,1,0.005646963603794575,1,0.005646963603794575,0.17815952457749518,,,,1,56.46963603794575,0.0033435840159654617,-0.012084580026566982,0.01348675973713398,0.5540372958545712
2020-12-07,fold_6,COVID crash and V-recovery,0.013412609696388245,1,0.003378992434591055,1,0.003378992434591055,0.18153851701208623,,,,1,33.78992434591055,0.005023246631026268,-0.010502398945391178,0.013412609696388245,0.329049495914118
2020-12-08,fold_6,COVID crash and V-recovery,0.013064829632639885,1,-0.022901127114892006,-1,-0.022901127114892006,0.15863738989719423,,,,0,-229.01127114892006,0.0011966284364461899,-0.0032489225268363953,0.013064829632639885,-2.4882146420684146
2020-12-09,fold_6,COVID crash and V-recovery,0.008735109120607376,1,0.004007569048553705,1,0.004007569048553705,0.16264495894574793,,,,1,40.07569048553705,0.00502161867916584,0.025136673822999,0.008735109120607376,0.4120471886712415
2020-12-10,fold_6,COVID crash and V-recovery,0.012992637231945992,1,-0.0022169779986143112,-1,-0.0022169779986143112,0.16042798094713362,,,,0,-22.169779986143112,0.00037682242691516876,0.0276457741856575,0.012992637231945992,-0.2632439802492302
2020-12-11,fold_6,COVID crash and V-recovery,0.011280504986643791,1,0.007229145150631666,1,0.007229145150631666,0.16765712609776529,,,,1,72.29145150631666,0.022040003910660744,0.0268356055021286,0.011280504986643791,0.8636478044932318
2020-12-14,fold_6,COVID crash and V-recovery,0.012015054002404213,1,0.01063246838748455,1,0.01063246838748455,0.17828959448524984,,,,1,106.3246838748455,0.015717333182692528,0.017734089866280556,0.012015054002404213,1.2812665826263265
2020-12-15,fold_6,COVID crash and V-recovery,0.012947432696819305,1,0.0054844701662659645,1,0.0054844701662659645,0.1837740646515158,,,,1,54.844701662659645,0.005318557843565941,0.00981712993234396,0.012947432696819305,0.6486281134756449
2020-12-16,fold_6,COVID crash and V-recovery,0.015422234311699867,1,0.006516668945550919,1,0.006516668945550919,0.19029073359706672,,,,1,65.16668945550919,0.007789937779307365,-0.0007163272821344435,0.015422234311699867,0.7653729375236511
2020-12-17,fold_6,COVID crash and V-recovery,0.013500817120075226,1,-0.0030271466821432114,-1,-0.0030271466821432114,0.1872635869149235,,,,0,-30.271466821432114,0.0033862758427858353,-0.002830306999385357,0.013500817120075226,-0.3570831286606675
2020-12-18,fold_6,COVID crash and V-recovery,0.013147981837391853,1,-0.001872371882200241,-1,-0.001872371882200241,0.18539121503272327,,,,0,-18.72371882200241,0.003953589126467705,0.010225623846054077,0.013147981837391853,-0.22493926581037224
2020-12-21,fold_6,COVID crash and V-recovery,0.014402167871594429,1,0.002715509617701173,1,0.002715509617701173,0.18810672465042444,,,,1,27.15509617701173,0.0029136408120393753,0.01299302838742733,0.014402167871594429,0.3314875297474319
2020-12-22,fold_6,COVID crash and V-recovery,0.015704357996582985,1,-0.005048987455666065,-1,-0.005048987455666065,0.18305773719475837,,,,0,-50.48987455666065,0.00879926048219204,0.010309210978448391,0.015704357996582985,-0.6146537584216499
2020-12-23,fold_6,COVID crash and V-recovery,0.01308857835829258,1,0.004402689635753632,1,0.004402689635753632,0.187460426830512,,,,1,44.026896357536316,0.006264643743634224,0.017815537750720978,0.01308857835829258,0.5731001337807812
2020-12-24,fold_6,COVID crash and V-recovery,0.01475432887673378,1,0.010028784163296223,1,0.010028784163296223,0.19748921099380823,,,,1,100.28784163296223,-0.003678480163216591,-0.0008076458470895886,0.01475432887673378,1.3156138038421608
2020-12-28,fold_6,COVID crash and V-recovery,0.014979567378759384,1,0.0008950326009653509,1,0.0008950326009653509,0.19838424359477358,,,,1,8.950326009653509,-0.0035814158618450165,-0.0026263040490448475,0.014979567378759384,0.11659180941941093
2020-12-29,fold_6,COVID crash and V-recovery,0.012856507673859596,1,3.169193587382324e-05,1,3.169193587382324e-05,0.1984159355306474,,,,1,0.3169193587382324,-0.00458679161965847,-0.017470380291342735,0.012856507673859596,0.004134245642294804
2020-12-30,fold_6,COVID crash and V-recovery,0.01166592352092266,1,0.0024573400150984526,1,0.0024573400150984526,0.20087327554574586,,,,1,24.573400150984526,-0.0029060374945402145,0.00640215864405036,0.01166592352092266,0.34526923346710536
2024-06-25,fold_7,"Inflation bear, AI rally and 2025",0.014884548261761665,1,0.002063107443973422,1,0.002063107443973422,0.002063107443973422,,,,1,20.63107443973422,0.009756764397025108,0.015729578211903572,0.014884548261761665,0.2480774401688555
2024-06-26,fold_7,"Inflation bear, AI rally and 2025",0.01163015142083168,1,0.0025780298747122288,1,0.0025780298747122288,0.004641137318685651,,,,1,25.780298747122288,0.013869332149624825,0.021968942135572433,0.01163015142083168,0.3111163482075264
2024-06-27,fold_7,"Inflation bear, AI rally and 2025",0.015439435839653015,1,-0.005204448942095041,-1,-0.005204448942095041,-0.0005633116234093904,,,,0,-52.04448942095041,0.010491659864783287,0.029763752594590187,0.015439435839653015,-0.6382350260450105
2024-06-28,fold_7,"Inflation bear, AI rally and 2025",0.011332586407661438,1,0.005847935099154711,1,0.005847935099154711,0.00528462347574532,,,,1,58.47935099154711,0.0008119605481624603,0.037343580275774,0.011332586407661438,0.7423997926176615
2024-07-01,fold_7,"Inflation bear, AI rally and 2025",0.011488324031233788,1,0.010444954968988895,1,0.010444954968988895,0.015729578444734216,,,,1,104.44954968988895,-0.002609880641102791,0.032359976321458817,0.011488324031233788,1.3098751779381625
2024-07-02,fold_7,"Inflation bear, AI rally and 2025",0.011668926104903221,1,0.008302470669150352,1,0.008302470669150352,0.024032049113884568,,,,1,83.02470669150352,-0.00012336298823356628,0.032287489622831345,0.011668926104903221,1.0097531611324242
2024-07-03,fold_7,"Inflation bear, AI rally and 2025",0.013865502551198006,1,0.010372839868068695,1,0.010372839868068695,0.03440488898195326,,,,1,103.72839868068695,0.0054703038185834885,0.0018107411451637745,0.013865502551198006,1.2338218881148515
2024-07-05,fold_7,"Inflation bear, AI rally and 2025",0.011594176292419434,1,0.002375379903241992,1,0.002375379903241992,0.036780268885195255,,,,1,23.75379903241992,0.003474937751889229,-0.0027043852023780346,0.011594176292419434,0.3170268540244118
2024-07-08,fold_7,"Inflation bear, AI rally and 2025",0.00994427315890789,1,0.0008643296314403415,1,0.0008643296314403415,0.0376445985166356,,,,1,8.643296314403415,0.001667005941271782,-0.0023955574724823236,0.00994427315890789,0.11507389364579725
2024-07-09,fold_7,"Inflation bear, AI rally and 2025",0.009999891743063927,1,0.010372469201683998,1,0.010372469201683998,0.048017067718319595,,,,1,103.72469201683998,-0.001618850976228714,-0.002877016318961978,0.009999891743063927,1.3809774385746778
2024-07-10,fold_7,"Inflation bear, AI rally and 2025",0.009416865184903145,1,-0.022174276411533356,-1,-0.022174276411533356,0.02584279130678624,,,,0,-221.74276411533356,-0.002720234915614128,-0.0430438406765461,0.009416865184903145,-2.8395556157698416
2024-07-11,fold_7,"Inflation bear, AI rally and 2025",0.005639135837554932,1,0.005857713054865599,1,0.005857713054865599,0.03170050436165184,,,,1,58.57713054865599,-0.010988742113113403,-0.025613289326429367,0.005639135837554932,0.6420877278904823
2024-07-12,fold_7,"Inflation bear, AI rally and 2025",0.005967849865555763,1,0.002684207633137703,1,0.002684207633137703,0.03438471199478954,,,,1,26.84207633137703,-0.0041161589324474335,-0.040374159812927246,0.005967849865555763,0.30693872466430683
2024-07-15,fold_7,"Inflation bear, AI rally and 2025",0.008247097954154015,1,0.00038287072675302625,1,0.00038287072675302625,0.03476758272154257,,,,1,3.8287072675302625,-0.0042077358812093735,-0.028270574286580086,0.008247097954154015,0.044099727267770325
2024-07-16,fold_7,"Inflation bear, AI rally and 2025",0.007027182728052139,1,-0.02979435585439205,-1,-0.02979435585439205,0.004973226867150515,,,,0,-297.9435585439205,-0.006544498726725578,-0.03218429908156395,0.007027182728052139,-3.462402666184191
2024-07-17,fold_7,"Inflation bear, AI rally and 2025",0.0008584149181842804,1,-0.004743724595755339,-1,-0.004743724595755339,0.00022950227139517665,,,,0,-47.43724595755339,0.0604582205414772,-0.038919322192668915,0.0008584149181842804,-0.45021193175523166
2024-07-18,fold_7,"Inflation bear, AI rally and 2025",0.003044409677386284,1,-0.008903156965970993,-1,-0.008903156965970993,-0.008673654694575816,,,,0,-89.03156965970993,-0.003998087719082832,-0.045264601707458496,0.003044409677386284,-0.8407390180070969
2024-07-19,fold_7,"Inflation bear, AI rally and 2025",0.004853690043091774,1,0.014787793159484863,1,0.014787793159484863,0.006114138464909047,,,,1,147.87793159484863,-0.009844988584518433,-0.026157695800065994,0.004853690043091774,1.3904370170925573
2024-07-22,fold_7,"Inflation bear, AI rally and 2025",0.005085820332169533,1,-0.0035308548249304295,-1,-0.0035308548249304295,0.0025832836399786174,,,,0,-35.308548249304295,-0.005207013338804245,-0.038938675075769424,0.005085820332169533,-0.31748379855643816
2024-07-23,fold_7,"Inflation bear, AI rally and 2025",0.007577303797006607,1,-0.03652937710285187,-1,-0.03652937710285187,-0.03394609346287325,,,,0,-365.2937710285187,-0.006356731057167053,-0.049234386533498764,0.007577303797006607,-3.366324504216688
2024-07-24,fold_7,"Inflation bear, AI rally and 2025",0.009125137701630592,1,-0.011089004576206207,-1,-0.011089004576206207,-0.04503509803907946,,,,0,-110.89004576206207,0.0036483127623796463,0.016459202393889427,0.009125137701630592,-0.8311367073785129
2024-07-25,fold_7,"Inflation bear, AI rally and 2025",0.006182961165904999,1,0.01020374707877636,1,0.01020374707877636,-0.0348313509603031,,,,1,102.0374707877636,0.004981124773621559,0.003028667066246271,0.006182961165904999,0.7523452168158241
2024-07-26,fold_7,"Inflation bear, AI rally and 2025",0.00849812850356102,1,0.0020068141166120768,1,0.0020068141166120768,-0.03282453684369102,,,,1,20.068141166120768,0.00874224491417408,-0.031196199357509613,0.00849812850356102,0.14604485969080083
2024-07-29,fold_7,"Inflation bear, AI rally and 2025",0.008500343188643456,1,-0.013826565816998482,-1,-0.013826565816998482,-0.0466511026606895,,,,0,-138.26565816998482,0.004309521988034248,-0.063472680747509,0.008500343188643456,-1.0093074248608767
2024-07-30,fold_7,"Inflation bear, AI rally and 2025",0.011649258434772491,1,0.029164211824536324,1,0.029164211824536324,-0.01748689083615318,,,,1,291.64211824536324,0.012460323050618172,-0.04013648256659508,0.011649258434772491,2.085750291487153
2024-07-31,fold_7,"Inflation bear, AI rally and 2025",0.02224399708211422,1,-0.02451954036951065,-1,-0.02451954036951065,-0.04200643120566383,,,,0,-245.1954036951065,0.05390174686908722,-0.080189548432827,0.02224399708211422,-1.6077581412371202
2024-08-01,fold_7,"Inflation bear, AI rally and 2025",0.01735563576221466,1,-0.024021118879318237,-1,-0.024021118879318237,-0.06602755008498207,,,,0,-240.21118879318237,0.0121696088463068,-0.025537710636854172,0.01735563576221466,-1.4920247357675547
2024-08-02,fold_7,"Inflation bear, AI rally and 2025",0.011975398287177086,1,-0.030269667506217957,-1,-0.030269667506217957,-0.09629721759120002,,,,0,-302.69667506217957,0.01576896943151951,0.0036923731677234173,0.011975398287177086,-1.8003931776647635
2024-08-05,fold_7,"Inflation bear, AI rally and 2025",0.008149104192852974,1,0.009509631432592869,1,0.009509631432592869,-0.08678758615860716,,,,1,95.09631432592869,0.012885859236121178,0.03611313924193382,0.008149104192852974,0.524920691891243
2024-08-06,fold_7,"Inflation bear, AI rally and 2025",0.008061837404966354,1,-0.01088885311037302,-1,-0.01088885311037302,-0.09767643926898018,,,,0,-108.8885311037302,0.01428295113146305,0.05111347883939743,0.008061837404966354,-0.5969875219152809
2024-08-07,fold_7,"Inflation bear, AI rally and 2025",0.009142573922872543,1,0.030132297426462173,1,0.030132297426462173,-0.067544141842518,,,,1,301.32297426462173,0.013017060235142708,0.062326643615961075,0.009142573922872543,1.6506589822195037
2024-08-08,fold_7,"Inflation bear, AI rally and 2025",0.007636034861207008,1,0.005208965390920639,1,0.005208965390920639,-0.06233517645159736,,,,1,52.08965390920639,0.017155161127448082,0.05714362487196922,0.007636034861207008,0.2768349311927352
2024-08-09,fold_7,"Inflation bear, AI rally and 2025",0.00707179494202137,1,0.0021510969381779432,1,0.0021510969381779432,-0.06018407951341942,,,,1,21.510969381779432,0.015034699812531471,0.05321963131427765,0.00707179494202137,0.1143798882170997
2024-08-12,fold_7,"Inflation bear, AI rally and 2025",0.0008444506675004959,1,0.02450997196137905,1,0.02450997196137905,-0.03567410755204037,,,,1,245.0997196137905,-0.007676398381590843,0.06411891430616379,0.0008444506675004959,1.303501943679819
2024-08-13,fold_7,"Inflation bear, AI rally and 2025",0.008189843967556953,1,0.00032431332510896027,1,0.00032431332510896027,-0.03534979422693141,,,,1,3.2431332510896027,-0.01980743370950222,0.03750813379883766,0.008189843967556953,0.01655891126018704
2024-08-14,fold_7,"Inflation bear, AI rally and 2025",0.003386884927749634,1,0.024949276819825172,1,0.024949276819825172,-0.010400517407106236,,,,1,249.49276819825172,-0.022299958392977715,0.041837096214294434,0.003386884927749634,1.3546411923098562
2024-08-15,fold_7,"Inflation bear, AI rally and 2025",0.010351492092013359,1,0.0012849696213379502,1,0.0012849696213379502,-0.009115547785768285,,,,1,12.849696213379502,-0.011753033846616745,0.0009060029406100512,0.010351492092013359,0.0668740747706282
2024-08-16,fold_7,"Inflation bear, AI rally and 2025",0.012266542762517929,1,0.0130503810942173,1,0.0130503810942173,0.003934833308449015,,,,1,130.503810942173,-0.008135560899972916,0.010408023372292519,0.012266542762517929,0.6827829402239022
2024-08-19,fold_7,"Inflation bear, AI rally and 2025",0.010583912953734398,1,-0.002100807148963213,-1,-0.002100807148963213,0.001834026159485802,,,,0,-21.00807148963213,-0.0035246293991804123,-0.012398049235343933,0.010583912953734398,-0.11027773996348064
2024-08-20,fold_7,"Inflation bear, AI rally and 2025",0.011799084022641182,1,0.004653274081647396,1,0.004653274081647396,0.006487300241133198,,,,1,46.53274081647396,-0.004976360127329826,-0.007314376067370176,0.011799084022641182,0.2444000893406978
2024-08-21,fold_7,"Inflation bear, AI rally and 2025",0.011230751872062683,1,-0.01598181575536728,-1,-0.01598181575536728,-0.009494515514234081,,,,0,-159.8181575536728,-0.003182023763656616,-0.023379897698760033,0.011230751872062683,-0.9275646245457356
2024-08-22,fold_7,"Inflation bear, AI rally and 2025",0.01859830506145954,1,0.010786990635097027,1,0.010786990635097027,0.001292475120862946,,,,1,107.86990635097027,-0.0100004393607378,-0.008863111026585102,0.01859830506145954,0.6191949924164502
2024-08-23,fold_7,"Inflation bear, AI rally and 2025",0.012007638812065125,1,-0.009755691513419151,-1,-0.009755691513419151,-0.008463216392556205,,,,0,-97.55691513419151,-0.006117880344390869,-0.007801180239766836,0.012007638812065125,-0.559432470656507
2024-08-26,fold_7,"Inflation bear, AI rally and 2025",0.020375965163111687,1,0.0029828662518411875,1,0.0029828662518411875,-0.005480350140715018,,,,1,29.828662518411875,0.00622166134417057,-0.028876792639493942,0.020375965163111687,0.16978265810020524
2024-08-27,fold_7,"Inflation bear, AI rally and 2025",0.009380290284752846,1,-0.011412248015403748,-1,-0.011412248015403748,-0.016892598156118765,,,,0,-114.12248015403748,-0.00342763215303421,-0.03446156159043312,0.009380290284752846,-0.659384942491126
2024-08-28,fold_7,"Inflation bear, AI rally and 2025",0.032833345234394073,1,-0.0014650279190391302,-1,-0.0014650279190391302,-0.018357626075157896,,,,0,-14.650279190391302,0.08849968761205673,-0.02211609296500683,0.032833345234394073,-0.0902464387601881
2024-08-29,fold_7,"Inflation bear, AI rally and 2025",0.02929222770035267,1,0.011848920956254005,1,0.011848920956254005,-0.00650870511890389,,,,1,118.48920956254005,-0.01718699187040329,-0.04780372232198715,0.02929222770035267,0.7752877777932282
2024-08-30,fold_7,"Inflation bear, AI rally and 2025",0.013730650767683983,1,-0.03083130531013012,-1,-0.03083130531013012,-0.03734001042903401,,,,0,-308.3130531013012,-0.011432075873017311,-0.046875014901161194,0.013730650767683983,-2.118767250124786
2024-09-03,fold_7,"Inflation bear, AI rally and 2025",0.015698065981268883,1,-0.0026019022334367037,-1,-0.0026019022334367037,-0.03994191266247071,,,,0,-26.019022334367037,0.0025388170033693314,-0.006844343151897192,0.015698065981268883,-0.17808602031578946
2024-09-04,fold_7,"Inflation bear, AI rally and 2025",0.015011139214038849,1,0.0009332209010608494,1,0.0009332209010608494,-0.039008691761409864,,,,1,9.332209010608494,0.013589112088084221,0.017240503802895546,0.015011139214038849,0.06450909024050137
2024-09-05,fold_7,"Inflation bear, AI rally and 2025",0.014523113146424294,1,-0.02715265564620495,-1,-0.02715265564620495,-0.06616134740761481,,,,0,-271.5265564620495,0.0025637540966272354,0.026075517758727074,0.014523113146424294,-1.9038919504433214
2024-09-06,fold_7,"Inflation bear, AI rally and 2025",0.010842833667993546,1,0.012777626514434814,1,0.012777626514434814,-0.05338372089318,,,,1,127.77626514434814,0.005491683259606361,0.05769813060760498,0.010842833667993546,0.9153524726053623
2024-09-09,fold_7,"Inflation bear, AI rally and 2025",0.011774703860282898,1,0.009199365973472595,1,0.009199365973472595,-0.0441843549197074,,,,1,91.99365973472595,0.009757941588759422,0.040492791682481766,0.011774703860282898,0.6477990684838638
2024-09-10,fold_7,"Inflation bear, AI rally and 2025",0.01331675611436367,1,0.02148294448852539,1,0.02148294448852539,-0.022701410431182012,,,,1,214.8294448852539,0.012381503358483315,0.03182163089513779,0.01331675611436367,1.4979981112463576
2024-09-11,fold_7,"Inflation bear, AI rally and 2025",0.0021550264209508896,1,0.009768233634531498,1,0.009768233634531498,-0.012933176796650514,,,,1,97.68233634531498,0.017441218718886375,0.005999751389026642,0.0021550264209508896,0.6929635978910342
2024-09-12,fold_7,"Inflation bear, AI rally and 2025",0.0060301274061203,1,0.004469958133995533,1,0.004469958133995533,-0.008463218662654981,,,,1,44.69958133995533,-0.021490428596735,0.02120135724544525,0.0060301274061203,0.31336561528243373
2024-09-13,fold_7,"Inflation bear, AI rally and 2025",0.00891750305891037,1,-0.004427712876349688,-1,-0.004427712876349688,-0.012890931539004669,,,,0,-44.277128763496876,-0.007778355851769447,0.014826271682977676,0.00891750305891037,-0.3362951999478053
2024-09-16,fold_7,"Inflation bear, AI rally and 2025",0.00693044438958168,1,0.0005282060010358691,1,0.0005282060010358691,-0.0123627255379688,,,,1,5.282060010358691,-0.014170014299452305,0.021901145577430725,0.00693044438958168,0.04001501336320814
2024-09-17,fold_7,"Inflation bear, AI rally and 2025",0.0030504725873470306,1,-0.0043389336206018925,-1,-0.0043389336206018925,-0.016701659158570692,,,,0,-43.389336206018925,-0.015426830388605595,0.026184871792793274,0.0030504725873470306,-0.33702704962507524
2024-09-18,fold_7,"Inflation bear, AI rally and 2025",0.018407126888632774,1,0.024969838559627533,1,0.024969838559627533,0.008268179401056841,,,,1,249.69838559627533,-0.012469381093978882,0.031450558453798294,0.018407126888632774,1.9353316350330982
2024-09-19,fold_7,"Inflation bear, AI rally and 2025",0.010532282292842865,1,-0.001905126846395433,-1,-0.001905126846395433,0.006363052554661408,,,,0,-19.05126846395433,-0.009810985997319221,0.013965615071356297,0.010532282292842865,-0.13588783905280025
2024-09-20,fold_7,"Inflation bear, AI rally and 2025",0.008073676377534866,1,0.00264716031961143,1,0.00264716031961143,0.009010212874272838,,,,1,26.4716031961143,-0.0016045346856117249,0.010298335924744606,0.008073676377534866,0.19516890485055438
2024-09-23,fold_7,"Inflation bear, AI rally and 2025",0.011578796431422234,1,0.004811933264136314,1,0.004811933264136314,0.013822146138409153,,,,1,48.119332641363144,-0.002941461279988289,0.010359362699091434,0.011578796431422234,0.3601650575373757
2024-09-24,fold_7,"Inflation bear, AI rally and 2025",0.012734716758131981,1,0.000926753506064415,1,0.000926753506064415,0.014748899644473568,,,,1,9.26753506064415,-0.0038574915379285812,-0.00848300475627184,0.012734716758131981,0.07007636915393543
2024-09-25,fold_7,"Inflation bear, AI rally and 2025",0.010004529729485512,1,0.007484894711524248,1,0.007484894711524248,0.022233794355997816,,,,1,74.84894711524248,-0.00414302758872509,-0.0079979058355093,0.010004529729485512,0.5666209948426726
2024-09-26,fold_7,"Inflation bear, AI rally and 2025",0.009133698418736458,1,-0.005572405643761158,-1,-0.005572405643761158,0.016661388712236658,,,,0,-55.72405643761158,-0.005506278946995735,-0.01623002626001835,0.009133698418736458,-0.42640010528638966
2024-09-27,fold_7,"Inflation bear, AI rally and 2025",0.01059207133948803,1,0.002708186861127615,1,0.002708186861127615,0.019369575573364273,,,,1,27.08186861127615,-0.0014766436070203781,0.0011703327763825655,0.01059207133948803,0.20635895787142886
2024-09-30,fold_7,"Inflation bear, AI rally and 2025",0.01086127758026123,1,-0.01403043419122696,-1,-0.01403043419122696,0.0053391413821373135,,,,0,-140.3043419122696,0.0029780957847833633,-0.01230729091912508,0.01086127758026123,-1.0903610458416224
2024-10-01,fold_7,"Inflation bear, AI rally and 2025",0.027453886345028877,1,0.0014118520775809884,1,0.0014118520775809884,0.006750993459718302,,,,1,14.118520775809884,0.018861597403883934,0.01654731296002865,0.027453886345028877,0.12484405696456018
2024-10-02,fold_7,"Inflation bear, AI rally and 2025",0.02265857718884945,1,-0.0007472253055311739,-1,-0.0007472253055311739,0.006003768154187128,,,,0,-7.4722530553117394,0.01018851064145565,0.022973094135522842,0.02265857718884945,-0.06613572954546378
2024-10-03,fold_7,"Inflation bear, AI rally and 2025",-0.008439293131232262,-1,0.011827953159809113,1,-0.011827953159809113,-0.005824185005621985,,,,0,-118.27953159809113,-0.010050121694803238,0.022584062069654465,-0.008439293131232262,1.0469375004229724
2024-10-04,fold_7,"Inflation bear, AI rally and 2025",0.003937199711799622,1,-0.010769437067210674,-1,-0.010769437067210674,-0.01659362207283266,,,,0,-107.69437067210674,-0.013789545744657516,0.012317989021539688,0.003937199711799622,-1.0891617760661183
2024-10-07,fold_7,"Inflation bear, AI rally and 2025",-0.0057173557579517365,-1,0.014824170619249344,1,-0.014824170619249344,-0.031417792692082,,,,0,-148.24170619249344,-0.015790563076734543,0.03144397586584091,-0.0057173557579517365,1.5176988523165102
2024-10-08,fold_7,"Inflation bear, AI rally and 2025",0.00599081814289093,1,0.007837631739675999,1,0.007837631739675999,-0.023580160952406004,,,,1,78.37631739675999,-0.0069660767912864685,0.0031628955621272326,0.00599081814289093,0.7754292898477891
2024-10-09,fold_7,"Inflation bear, AI rally and 2025",0.01172889955341816,1,-0.0011362562654539943,-1,-0.0011362562654539943,-0.02471641721786,,,,0,-11.362562654539943,0.002054395154118538,-0.004552541300654411,0.01172889955341816,-0.1253588476074635
2024-10-10,fold_7,"Inflation bear, AI rally and 2025",0.01196368969976902,1,0.001561879413202405,1,0.001561879413202405,-0.023154537804657593,,,,1,15.61879413202405,0.0034054163843393326,-0.0027240037452429533,0.01196368969976902,0.17747454318489056
2024-10-11,fold_7,"Inflation bear, AI rally and 2025",0.013396359980106354,1,0.008356551639735699,1,0.008356551639735699,-0.014797986164921895,,,,1,83.56551639735699,0.00040927715599536896,0.002247402211651206,0.013396359980106354,0.9549677424647902
2024-10-14,fold_7,"Inflation bear, AI rally and 2025",0.013797929510474205,1,-0.013456911779940128,-1,-0.013456911779940128,-0.028254897944862023,,,,0,-134.56911779940128,0.0009599905461072922,-0.004189664032310247,0.013797929510474205,-1.5132110812818254
2024-10-15,fold_7,"Inflation bear, AI rally and 2025",0.011275982484221458,1,0.0001221949642058462,1,0.0001221949642058462,-0.028132702980656177,,,,1,1.221949642058462,-0.002451537176966667,0.010356641374528408,0.011275982484221458,0.013016782504661328
2024-10-16,fold_7,"Inflation bear, AI rally and 2025",0.01632511056959629,1,0.0006922814645804465,1,0.0006922814645804465,-0.02744042151607573,,,,1,6.922814645804465,0.002882806584239006,-0.005208073649555445,0.01632511056959629,0.07414180294465159
2024-10-17,fold_7,"Inflation bear, AI rally and 2025",0.014333562925457954,1,0.006533285602927208,1,0.006533285602927208,-0.020907135913148522,,,,1,65.33285602927208,0.0008471235632896423,0.002175822388380766,0.014333562925457954,0.8727836942491176
2024-10-18,fold_7,"Inflation bear, AI rally and 2025",0.012504557147622108,1,0.0019194857450202107,1,0.0019194857450202107,-0.01898765016812831,,,,1,19.194857450202107,-0.0012935828417539597,0.0017176733817905188,0.012504557147622108,0.2520701414263569
2024-10-21,fold_7,"Inflation bear, AI rally and 2025",0.012406406924128532,1,0.0010893935104832053,1,0.0010893935104832053,-0.017898256657645106,,,,1,10.893935104832053,-0.002422081306576729,-4.0421302401227877e-05,0.012406406924128532,0.1432664185763382
2024-10-22,fold_7,"Inflation bear, AI rally and 2025",0.012197364121675491,1,-0.015442520380020142,-1,-0.015442520380020142,-0.03334077703766525,,,,0,-154.42520380020142,-0.010339809581637383,0.008432736620306969,0.012197364121675491,-2.05041872134211
2024-10-23,fold_7,"Inflation bear, AI rally and 2025",0.006566772237420082,1,0.008076177909970284,1,0.008076177909970284,-0.025264599127694964,,,,1,80.76177909970284,-0.028233764693140984,0.016289012506604195,0.006566772237420082,0.975069619641989
2024-10-24,fold_7,"Inflation bear, AI rally and 2025",0.006109075620770454,1,0.006075136363506317,1,0.006075136363506317,-0.019189462764188647,,,,1,60.75136363506317,-0.016212575137615204,-0.01735398918390274,0.006109075620770454,0.7310287339358255
2024-10-25,fold_7,"Inflation bear, AI rally and 2025",0.006033414974808693,1,0.00016139104263857007,1,0.00016139104263857007,-0.019028071721550077,,,,1,1.6139104263857007,-0.019727231934666634,-0.016057491302490234,0.006033414974808693,0.019379350634746075
2024-10-28,fold_7,"Inflation bear, AI rally and 2025",0.009603764861822128,1,0.00956255104392767,1,0.00956255104392767,-0.009465520677622408,,,,1,95.6255104392767,-0.00934547558426857,-0.019136182963848114,0.009603764861822128,1.1512792631994628
2024-10-29,fold_7,"Inflation bear, AI rally and 2025",0.013285482302308083,1,-0.007586243096739054,-1,-0.007586243096739054,-0.01705176377436146,,,,0,-75.86243096739054,-0.002609897404909134,-0.016022659838199615,0.013285482302308083,-0.9503655323814653
2024-10-30,fold_7,"Inflation bear, AI rally and 2025",0.013623414561152458,1,-0.02556682378053665,-1,-0.02556682378053665,-0.04261858755489811,,,,0,-255.66823780536652,-0.0012975577265024185,0.018364498391747475,0.013623414561152458,-3.135267415563969
2024-10-31,fold_7,"Inflation bear, AI rally and 2025",0.007769135758280754,1,0.007371632847934961,1,0.007371632847934961,-0.03524695470696315,,,,1,73.71632847934961,-0.009769536554813385,0.05955290049314499,0.007769135758280754,0.7403067553257175
2024-11-01,fold_7,"Inflation bear, AI rally and 2025",0.004782957956194878,1,-0.0029172992799431086,-1,-0.0029172992799431086,-0.03816425398690626,,,,0,-29.172992799431086,-0.010586053133010864,0.05334897339344025,0.004782957956194878,-0.29950634869518994
2024-11-04,fold_7,"Inflation bear, AI rally and 2025",0.0037814676761627197,1,0.012676074169576168,1,0.012676074169576168,-0.025488179817330092,,,,1,126.76074169576168,-0.011496221646666527,0.055682770907878876,0.0037814676761627197,1.3398945483494553
2024-11-05,fold_7,"Inflation bear, AI rally and 2025",-0.0059518469497561455,-1,0.026800915598869324,1,-0.026800915598869324,-0.052289095416199416,,,,0,-268.00915598869324,-0.01153944618999958,0.04119488596916199,-0.0059518469497561455,2.8808626073089583
2024-11-06,fold_7,"Inflation bear, AI rally and 2025",0.007765304297208786,1,0.015621576458215714,1,0.015621576458215714,-0.0366675189579837,,,,1,156.21576458215714,-0.008025649935007095,0.01310655102133751,0.007765304297208786,1.4296840550942842
2024-11-07,fold_7,"Inflation bear, AI rally and 2025",0.013040049001574516,1,0.0011677085421979427,1,0.0011677085421979427,-0.03549981041578576,,,,1,11.677085421979427,0.0041585322469472885,-0.00948903989046812,0.013040049001574516,0.10181834569816123
2024-11-08,fold_7,"Inflation bear, AI rally and 2025",0.01185002364218235,1,-0.0005835042102262378,-1,-0.0005835042102262378,-0.036083314626012,,,,0,-5.835042102262378,-0.0016621295362710953,-0.034771133214235306,0.01185002364218235,-0.05088905969453027
2024-11-11,fold_7,"Inflation bear, AI rally and 2025",0.008883466944098473,1,-0.0018118094885721803,-1,-0.0018118094885721803,-0.03789512411458418,,,,0,-18.118094885721803,-0.0034683402627706528,-0.02726396732032299,0.008883466944098473,-0.16014334393689053
2024-11-12,fold_7,"Inflation bear, AI rally and 2025",0.009774094447493553,1,-0.0012874208623543382,-1,-0.0012874208623543382,-0.039182544976938516,,,,0,-12.874208623543382,-0.007394937798380852,-0.018596025183796883,0.009774094447493553,-0.11796369941144873
2024-11-13,fold_7,"Inflation bear, AI rally and 2025",0.004233233630657196,1,-0.006974013987928629,-1,-0.006974013987928629,-0.046156558964867145,,,,0,-69.74013987928629,-0.009769458323717117,-0.01788480579853058,0.004233233630657196,-0.6387942340020782
2024-11-14,fold_7,"Inflation bear, AI rally and 2025",0.0052895937114953995,1,-0.02411438338458538,-1,-0.02411438338458538,-0.07027094234945253,,,,0,-241.1438338458538,-0.011647088453173637,-0.00732002779841423,0.0052895937114953995,-2.1868111876517204
2024-11-15,fold_7,"Inflation bear, AI rally and 2025",0.009128183126449585,1,0.006923658773303032,1,0.006923658773303032,-0.0633472835761495,,,,1,69.23658773303032,-0.009109675884246826,0.018397189676761627,0.009128183126449585,0.5680860031384004
2024-11-18,fold_7,"Inflation bear, AI rally and 2025",0.006418878212571144,1,0.006856133230030537,1,0.006856133230030537,-0.05649115034611896,,,,1,68.56133230030537,-0.011785142123699188,0.01305388379842043,0.006418878212571144,0.558401971919163
2024-11-19,fold_7,"Inflation bear, AI rally and 2025",0.007810287177562714,1,-0.0005762007203884423,-1,-0.0005762007203884423,-0.0570673510665074,,,,0,-5.762007203884423,-0.012257777154445648,0.01155262440443039,0.007810287177562714,-0.046576442710721276
2024-11-20,fold_7,"Inflation bear, AI rally and 2025",0.008592022582888603,1,0.0035907637793570757,1,0.0035907637793570757,-0.05347658728715032,,,,1,35.90763779357076,-0.006399024277925491,0.0042242552153766155,0.008592022582888603,0.30225052300490235
2024-11-21,fold_7,"Inflation bear, AI rally and 2025",-0.0009207781404256821,-1,0.0016028343234211206,1,-0.0016028343234211206,-0.055079421610571444,,,,0,-16.028343234211206,-0.005548825487494469,0.00938198808580637,-0.0009207781404256821,0.1361859766994263
2024-11-22,fold_7,"Inflation bear, AI rally and 2025",0.013424620032310486,1,0.0015803531277924776,1,0.0015803531277924776,-0.053499068482778966,,,,1,15.803531277924776,0.0012479405850172043,0.01860809698700905,0.013424620032310486,0.13511581519797833
2024-11-25,fold_7,"Inflation bear, AI rally and 2025",0.00932244211435318,1,0.0053548733703792095,1,0.0053548733703792095,-0.04814419511239976,,,,1,53.548733703792095,-0.0005988385528326035,0.020089376717805862,0.00932244211435318,0.457620211764222
2024-11-26,fold_7,"Inflation bear, AI rally and 2025",0.009192632511258125,1,-0.007904569618403912,-1,-0.007904569618403912,-0.05604876473080367,,,,0,-79.04569618403912,-0.0030987970530986786,0.027021605521440506,0.009192632511258125,-0.6833908702918953
2024-11-27,fold_7,"Inflation bear, AI rally and 2025",0.005216782912611961,1,0.008748495951294899,1,0.008748495951294899,-0.04730026877950877,,,,1,87.48495951294899,-0.0003598332405090332,0.03215114027261734,0.005216782912611961,0.7556567176370566
2024-11-29,fold_7,"Inflation bear, AI rally and 2025",0.013171553611755371,1,0.010828942991793156,1,0.010828942991793156,-0.036471325787715614,,,,1,108.28942991793156,0.0033769849687814713,0.03231269493699074,0.013171553611755371,1.055899376910174
2024-12-02,fold_7,"Inflation bear, AI rally and 2025",0.01318330504000187,1,0.003061633324250579,1,0.003061633324250579,-0.033409692463465035,,,,1,30.61633324250579,0.004817629233002663,0.013665560632944107,0.01318330504000187,0.29416382393420215
2024-12-03,fold_7,"Inflation bear, AI rally and 2025",0.013826640322804451,1,0.01228710263967514,1,0.01228710263967514,-0.021122589823789895,,,,1,122.8710263967514,0.006513027474284172,0.007190646603703499,0.013826640322804451,1.180318253081192
2024-12-04,fold_7,"Inflation bear, AI rally and 2025",0.013050360605120659,1,-0.0027750355657190084,-1,-0.0027750355657190084,-0.023897625389508903,,,,0,-27.750355657190084,0.00765264593064785,0.012647631578147411,0.013050360605120659,-0.2671733985316268
2024-12-05,fold_7,"Inflation bear, AI rally and 2025",0.01165563054382801,1,0.008910051546990871,1,0.008910051546990871,-0.014987573842518032,,,,1,89.10051546990871,0.007534625008702278,0.008947910740971565,0.01165563054382801,1.0474948066388639
2024-12-06,fold_7,"Inflation bear, AI rally and 2025",0.011296328157186508,1,-0.007818191312253475,-1,-0.007818191312253475,-0.022805765154771507,,,,0,-78.18191312253475,0.013515731319785118,0.007663036696612835,0.011296328157186508,-0.9763530416449152
2024-12-09,fold_7,"Inflation bear, AI rally and 2025",0.00886671431362629,1,-0.0034132804721593857,-1,-0.0034132804721593857,-0.026219045626930892,,,,0,-34.13280472159386,0.016463229432702065,0.029779212549328804,0.00886671431362629,-0.41666036610704454
2024-12-10,fold_7,"Inflation bear, AI rally and 2025",0.0038924720138311386,1,0.017744088545441628,1,0.017744088545441628,-0.008474957081489265,,,,1,177.44088545441628,0.009483752772212029,0.028778880834579468,0.0038924720138311386,2.1569583437642637
2024-12-11,fold_7,"Inflation bear, AI rally and 2025",0.010058529675006866,1,-0.006474756635725498,-1,-0.006474756635725498,-0.014949713717214763,,,,0,-64.74756635725498,0.02353317104279995,-0.025708824396133423,0.010058529675006866,-0.7096169509710132
2024-12-12,fold_7,"Inflation bear, AI rally and 2025",0.015152310952544212,1,0.007625177036970854,1,0.007625177036970854,-0.007324536680243909,,,,1,76.25177036970854,0.015916043892502785,-0.023697493597865105,0.015152310952544212,0.8257751735954242
2024-12-13,fold_7,"Inflation bear, AI rally and 2025",0.01997450552880764,1,0.01429798360913992,1,0.01429798360913992,0.00697344692889601,,,,1,142.9798360913992,0.02497447468340397,-0.022628068923950195,0.01997450552880764,1.5441146298969766
2024-12-16,fold_7,"Inflation bear, AI rally and 2025",0.014504626393318176,1,-0.004413610324263573,-1,-0.004413610324263573,0.0025598366046324372,,,,0,-44.13610324263573,0.024179769679903984,-0.02723037078976631,0.014504626393318176,-0.5396602766272658
2024-12-17,fold_7,"Inflation bear, AI rally and 2025",0.01670273020863533,1,-0.03674361854791641,-1,-0.03674361854791641,-0.034183781943283975,,,,0,-367.4361854791641,0.027005335316061974,-0.00934807863086462,0.01670273020863533,-4.541270883179465
2024-12-18,fold_7,"Inflation bear, AI rally and 2025",0.005555547773838043,1,-0.004463426768779755,-1,-0.004463426768779755,-0.03864720871206373,,,,0,-44.634267687797546,0.001964399591088295,0.026716021820902824,0.005555547773838043,-0.39053926853043847
2024-12-19,fold_7,"Inflation bear, AI rally and 2025",0.007008364424109459,1,0.00869460217654705,1,0.00869460217654705,-0.02995260653551668,,,,1,86.9460217654705,0.0030085984617471695,0.017797116190195084,0.007008364424109459,0.7579205871356646
2024-12-20,fold_7,"Inflation bear, AI rally and 2025",0.008755706250667572,1,0.009695682674646378,1,0.009695682674646378,-0.0202569238608703,,,,1,96.95682674646378,0.003451308235526085,-0.004286685958504677,0.008755706250667572,0.8352949709807537
2024-12-23,fold_7,"Inflation bear, AI rally and 2025",0.008224258199334145,1,0.013468680903315544,1,0.013468680903315544,-0.006788242957554758,,,,1,134.68680903315544,0.002268850803375244,-0.02251328155398369,0.008224258199334145,1.1411439948871818
2024-12-24,fold_7,"Inflation bear, AI rally and 2025",0.008862404152750969,1,-0.000679517223034054,-1,-0.000679517223034054,-0.007467760180588812,,,,0,-6.79517223034054,-0.01937878504395485,-0.03793996945023537,0.008862404152750969,-0.05580862951838488
2024-12-26,fold_7,"Inflation bear, AI rally and 2025",0.012533701956272125,1,-0.01338233333081007,-1,-0.01338233333081007,-0.02085009351139888,,,,0,-133.8233333081007,-0.01906643807888031,-0.02102765068411827,0.012533701956272125,-1.104355311002339
2024-12-27,fold_7,"Inflation bear, AI rally and 2025",0.0116496030241251,1,-0.013389199040830135,-1,-0.013389199040830135,-0.03423929255222902,,,,0,-133.89199040830135,-0.03503681346774101,0.0037819980643689632,0.0116496030241251,-1.0836190505276386
2024-12-30,fold_7,"Inflation bear, AI rally and 2025",0.00809396430850029,1,-0.008530912920832634,-1,-0.008530912920832634,-0.04277020547306165,,,,0,-85.30912920832634,-0.020868398249149323,-0.0008342231158167124,0.00809396430850029,-0.6790967534261981
2024-12-31,fold_7,"Inflation bear, AI rally and 2025",0.008966611698269844,1,-0.001958006527274847,-1,-0.001958006527274847,-0.0447282120003365,,,,0,-19.58006527274847,-0.008355759084224701,0.007871338166296482,0.008966611698269844,-0.15697591873959477
2025-01-02,fold_7,"Inflation bear, AI rally and 2025",0.012416189536452293,1,0.016232801601290703,1,0.016232801601290703,-0.028495410399045795,,,,1,162.32801601290703,0.0048096757382154465,-0.005975963082164526,0.012416189536452293,1.302564693849145
2025-01-03,fold_7,"Inflation bear, AI rally and 2025",0.011489298194646835,1,0.011427314952015877,1,0.011427314952015877,-0.01706809544702992,,,,1,114.27314952015877,-0.0008603204041719437,-0.025427700951695442,0.011489298194646835,0.9007871628095191
2025-01-06,fold_7,"Inflation bear, AI rally and 2025",0.010267391800880432,1,-0.01800542138516903,-1,-0.01800542138516903,-0.03507351683219895,,,,0,-180.0542138516903,-0.0075639523565769196,-0.037804875522851944,0.010267391800880432,-1.3929812999224083
2025-01-07,fold_7,"Inflation bear, AI rally and 2025",0.0072441715747118,1,0.00017464857955928892,1,0.00017464857955928892,-0.03489886825263966,,,,1,1.7464857955928892,-0.014437541365623474,0.0029459847137331963,0.0072441715747118,0.013042302412667819
2025-01-08,fold_7,"Inflation bear, AI rally and 2025",0.006148930639028549,1,-0.015805307775735855,-1,-0.015805307775735855,-0.050704176028375514,,,,0,-158.05307775735855,-0.015798693522810936,-0.004259203560650349,0.006148930639028549,-1.1904829162064468
2025-01-10,fold_7,"Inflation bear, AI rally and 2025",0.009370734915137291,1,-0.0032189367339015007,-1,-0.0032189367339015007,-0.053923112762277015,,,,0,-32.18936733901501,-0.008554724976420403,0.028283799067139626,0.009370734915137291,-0.23465888856546038
2025-01-13,fold_7,"Inflation bear, AI rally and 2025",0.009650345891714096,1,-0.0009498588042333722,-1,-0.0009498588042333722,-0.05487297156651039,,,,0,-9.498588042333722,-0.002271832898259163,0.03735056519508362,0.009650345891714096,-0.07222777190658458
2025-01-14,fold_7,"Inflation bear, AI rally and 2025",0.010441642254590988,1,0.022745439782738686,1,0.022745439782738686,-0.0321275317837717,,,,1,227.45439782738686,0.0009460039436817169,0.05100506544113159,0.010441642254590988,1.7399232613692317
2025-01-15,fold_7,"Inflation bear, AI rally and 2025",0.013754244893789291,1,-0.007030539680272341,-1,-0.007030539680272341,-0.03915807146404404,,,,0,-70.30539680272341,-0.003647932782769203,0.030383583158254623,0.013754244893789291,-0.5049517597581288
2025-01-16,fold_7,"Inflation bear, AI rally and 2025",0.0278021153062582,1,0.016737693920731544,1,0.016737693920731544,-0.022420377543312497,,,,1,167.37693920731544,-0.0529252365231514,0.03174690529704094,0.0278021153062582,1.2269209099107852
2025-01-17,fold_7,"Inflation bear, AI rally and 2025",0.019664229825139046,1,0.005847829394042492,1,0.005847829394042492,-0.016572548149270006,,,,1,58.47829394042492,-0.019589409232139587,-0.014537647366523743,0.019664229825139046,0.4143973905147078
2025-01-21,fold_7,"Inflation bear, AI rally and 2025",0.011573556810617447,1,0.012704640626907349,1,0.012704640626907349,-0.003867907522362657,,,,1,127.04640626907349,-0.01455613225698471,-0.005713867023587227,0.011573556810617447,1.100211193259038
2025-01-22,fold_7,"Inflation bear, AI rally and 2025",0.013114320114254951,1,0.0021239574998617172,1,0.0021239574998617172,-0.0017439500225009397,,,,1,21.239574998617172,-0.00733528658747673,-0.02029821276664734,0.013114320114254951,0.1792397771662967
2025-01-23,fold_7,"Inflation bear, AI rally and 2025",0.011141063645482063,1,-0.005667216144502163,-1,-0.005667216144502163,-0.007411166167003103,,,,0,-56.67216144502163,-0.006063258275389671,-0.018168844282627106,0.011141063645482063,-0.4844238379339672
2025-01-24,fold_7,"Inflation bear, AI rally and 2025",0.011442165821790695,1,-0.029546858742833138,-1,-0.029546858742833138,-0.03695802490983624,,,,0,-295.4685874283314,-0.0037126224488019943,-0.013955770991742611,0.011442165821790695,-2.554659461653467
2025-01-27,fold_7,"Inflation bear, AI rally and 2025",0.02589312382042408,1,0.014671609736979008,1,0.014671609736979008,-0.022286415172857232,,,,1,146.71609736979008,0.15418970584869385,0.007555878255516291,0.02589312382042408,1.1307622690069064
2025-01-28,fold_7,"Inflation bear, AI rally and 2025",0.00852128304541111,1,-0.0018797048833221197,-1,-0.0018797048833221197,-0.024166120056179352,,,,0,-18.797048833221197,0.014613324776291847,0.00508470181375742,0.00852128304541111,-0.14046057405372117
2025-01-29,fold_7,"Inflation bear, AI rally and 2025",0.05048593133687973,1,0.004253325052559376,1,0.004253325052559376,-0.019912795003619976,,,,1,42.53325052559376,0.04329361021518707,0.011492137797176838,0.05048593133687973,0.3259162506482828
2025-01-30,fold_7,"Inflation bear, AI rally and 2025",0.026299281045794487,1,-0.0014541425043717027,-1,-0.0014541425043717027,-0.02136693750799168,,,,0,-14.541425043717027,0.05410923808813095,0.01244503352791071,0.026299281045794487,-0.11415912596668515
2025-01-31,fold_7,"Inflation bear, AI rally and 2025",0.010952582582831383,1,-0.008035209029912949,-1,-0.008035209029912949,-0.029402146537904628,,,,0,-80.35209029912949,0.007425272837281227,0.0012055110419169068,0.010952582582831383,-0.6377956415929221
2025-02-03,fold_7,"Inflation bear, AI rally and 2025",0.020123491063714027,1,0.01220043282955885,1,0.01220043282955885,-0.01720171370834578,,,,1,122.0043282955885,0.048437923192977905,0.021273206919431686,0.020123491063714027,0.9592780334475167
2025-02-04,fold_7,"Inflation bear, AI rally and 2025",0.007739661261439323,1,0.004527731332927942,1,0.004527731332927942,-0.012673982375417836,,,,1,45.27731332927942,-0.014164352789521217,0.006689184810966253,0.007739661261439323,0.36248105051066565
2025-02-05,fold_7,"Inflation bear, AI rally and 2025",-0.00022241845726966858,-1,0.00520622031763196,1,-0.00520622031763196,-0.017880202693049796,,,,0,-52.0622031763196,-0.002951277419924736,0.0027484078891575336,-0.00022241845726966858,0.424351776164534
2025-02-06,fold_7,"Inflation bear, AI rally and 2025",0.012085920199751854,1,-0.01269366405904293,-1,-0.01269366405904293,-0.030573866752092727,,,,0,-126.9366405904293,0.00726490281522274,0.011825453490018845,0.012085920199751854,-1.0898155390432156
2025-02-07,fold_7,"Inflation bear, AI rally and 2025",0.062382541596889496,1,0.012032486498355865,1,0.012032486498355865,-0.01854138025373686,,,,1,120.32486498355865,0.1325080692768097,0.028708897531032562,0.062382541596889496,1.0036834697670374
2025-02-10,fold_7,"Inflation bear, AI rally and 2025",0.008705899119377136,1,-0.002383588580414653,-1,-0.002383588580414653,-0.020924968834151514,,,,0,-23.83588580414653,-0.02582395076751709,0.018940920010209084,0.008705899119377136,-0.20256088020514224
2025-02-11,fold_7,"Inflation bear, AI rally and 2025",0.007593976333737373,1,0.0005869545857422054,1,0.0005869545857422054,-0.02033801424840931,,,,1,5.869545857422054,-0.013484237715601921,0.021602557972073555,0.007593976333737373,0.04992246657520241
2025-02-12,fold_7,"Inflation bear, AI rally and 2025",0.05491410195827484,1,0.014283265918493271,1,0.014283265918493271,-0.006054748329916038,,,,1,142.8326591849327,0.03758474439382553,0.016762059181928635,0.05491410195827484,1.2149625157575195
2025-02-13,fold_7,"Inflation bear, AI rally and 2025",0.01357770524919033,1,0.004189779050648212,1,0.004189779050648212,-0.0018649692792678252,,,,1,41.897790506482124,-0.01442980021238327,-0.01849435083568096,0.01357770524919033,0.3784886720745663
2025-02-14,fold_7,"Inflation bear, AI rally and 2025",0.011640364304184914,1,0.002264508744701743,1,0.002264508744701743,0.00039953946543391794,,,,1,22.64508744701743,0.005481669679284096,-0.034558553248643875,0.011640364304184914,0.20591048791693217
2025-02-18,fold_7,"Inflation bear, AI rally and 2025",0.010953770950436592,1,0.0002780499344225973,1,0.0002780499344225973,0.0006775893998565152,,,,1,2.780499344225973,0.0013968925923109055,-0.049502383917570114,0.010953770950436592,0.02685567236901609
2025-02-19,fold_7,"Inflation bear, AI rally and 2025",0.011333700269460678,1,-0.00425354391336441,-1,-0.00425354391336441,-0.003575954513507895,,,,0,-42.535439133644104,-0.0032779835164546967,-0.04736772179603577,0.011333700269460678,-0.4141406173823227
2025-02-20,fold_7,"Inflation bear, AI rally and 2025",0.009450241923332214,1,-0.020973144099116325,-1,-0.020973144099116325,-0.02454909861262422,,,,0,-209.73144099116325,-0.007359931245446205,-0.07127831876277924,0.009450241923332214,-2.115124717352403
2025-02-21,fold_7,"Inflation bear, AI rally and 2025",0.012067645788192749,1,-0.011874424293637276,-1,-0.011874424293637276,-0.036423522906261496,,,,0,-118.74424293637276,0.0017015989869832993,-0.03463706746697426,0.012067645788192749,-1.083570530091159
2025-02-24,fold_7,"Inflation bear, AI rally and 2025",0.012170612812042236,1,-0.012679321691393852,-1,-0.012679321691393852,-0.04910284459765535,,,,0,-126.79321691393852,0.007157823070883751,-0.04488817974925041,0.012170612812042236,-1.1316524071712148
2025-02-25,fold_7,"Inflation bear, AI rally and 2025",0.009886225685477257,1,0.002412711502984166,1,0.002412711502984166,-0.04669013309467118,,,,1,24.12711502984166,0.008945850655436516,-0.035231202840805054,0.009886225685477257,0.2544313760054517
2025-02-26,fold_7,"Inflation bear, AI rally and 2025",0.0119379423558712,1,-0.02816414088010788,-1,-0.02816414088010788,-0.07485427397477906,,,,0,-281.6414088010788,0.0116844791918993,-0.02469206415116787,0.0119379423558712,-3.1597074203238327
2025-02-27,fold_7,"Inflation bear, AI rally and 2025",0.010694125667214394,1,0.015668107196688652,1,0.015668107196688652,-0.05918616677809041,,,,1,156.68107196688652,0.009808862581849098,-0.02442282810807228,0.010694125667214394,1.436683933453293
2025-02-28,fold_7,"Inflation bear, AI rally and 2025",0.015173317864537239,1,-0.02212553843855858,-1,-0.02212553843855858,-0.08131170521664899,,,,0,-221.25538438558578,0.017498807981610298,-0.0327642448246479,0.015173317864537239,-1.9382641638574425
2025-03-03,fold_7,"Inflation bear, AI rally and 2025",0.013525210320949554,1,-0.0030223436187952757,-1,-0.0030223436187952757,-0.08433404883544426,,,,0,-30.223436187952757,0.020571978762745857,-0.05016609653830528,0.013525210320949554,-0.2430142505803539
2025-03-04,fold_7,"Inflation bear, AI rally and 2025",0.010511357337236404,1,0.012951849959790707,1,0.012951849959790707,-0.07138219887565356,,,,1,129.51849959790707,0.013554168865084648,-0.04953701049089432,0.010511357337236404,1.0508624067943906
2025-03-05,fold_7,"Inflation bear, AI rally and 2025",0.012539498507976532,1,-0.02789490483701229,-1,-0.02789490483701229,-0.09927710371266585,,,,0,-278.9490483701229,0.013266557827591896,-0.05127124860882759,0.012539498507976532,-2.2562760531011747
2025-03-06,fold_7,"Inflation bear, AI rally and 2025",0.01169581152498722,1,0.007326692808419466,1,0.007326692808419466,-0.09195041090424638,,,,1,73.26692808419466,0.01212906651198864,-0.04153061285614967,0.01169581152498722,0.530514293447537
2025-03-07,fold_7,"Inflation bear, AI rally and 2025",0.011397818103432655,1,-0.039527393877506256,-1,-0.039527393877506256,-0.13147780478175264,,,,0,-395.27393877506256,0.01575026474893093,-0.024974392727017403,0.011397818103432655,-2.8521982387636458
2025-03-10,fold_7,"Inflation bear, AI rally and 2025",0.009684884920716286,1,-0.002393258037045598,-1,-0.002393258037045598,-0.13387106281879824,,,,0,-23.93258037045598,0.013265253975987434,0.021015793085098267,0.009684884920716286,-0.14782092154955517
2025-03-11,fold_7,"Inflation bear, AI rally and 2025",0.010194217786192894,1,0.011217612773180008,1,0.011217612773180008,-0.12265345004561823,,,,1,112.17612773180008,0.013296892866492271,0.0062147388234734535,0.010194217786192894,0.7022379003606621
2025-03-12,fold_7,"Inflation bear, AI rally and 2025",0.008786827325820923,1,-0.018154267221689224,-1,-0.018154267221689224,-0.14080771726730745,,,,0,-181.54267221689224,0.009518498554825783,0.008289692923426628,0.008786827325820923,-1.1233351275181127
2025-03-13,fold_7,"Inflation bear, AI rally and 2025",0.011042328551411629,1,0.0238829106092453,1,0.0238829106092453,-0.11692480665806215,,,,1,238.829106092453,0.012513181194663048,0.023048678413033485,0.011042328551411629,1.433327728065527
2025-03-14,fold_7,"Inflation bear, AI rally and 2025",0.009737210348248482,1,0.006462794728577137,1,0.006462794728577137,-0.11046201192948502,,,,1,64.62794728577137,0.011633118614554405,0.002457075286656618,0.009737210348248482,0.3756676896084284
2025-03-17,fold_7,"Inflation bear, AI rally and 2025",0.003045395016670227,1,-0.017194312065839767,-1,-0.017194312065839767,-0.12765632399532478,,,,0,-171.94312065839767,0.0026210714131593704,0.017701327800750732,0.003045395016670227,-0.997428633637089
2025-03-18,fold_7,"Inflation bear, AI rally and 2025",0.012411748990416527,1,0.013292566873133183,1,0.013292566873133183,-0.1143637571221916,,,,1,132.92566873133183,0.020183147862553596,0.040585990995168686,0.012411748990416527,0.7529097085664618
2025-03-19,fold_7,"Inflation bear, AI rally and 2025",0.013880213722586632,1,-0.0033952805679291487,-1,-0.0033952805679291487,-0.11775903769012075,,,,0,-33.95280567929149,0.011119170114398003,0.00872135628014803,0.013880213722586632,-0.189645777621097
2025-03-20,fold_7,"Inflation bear, AI rally and 2025",0.0077569130808115005,1,0.0032913063187152147,1,0.0032913063187152147,-0.11446773137140553,,,,1,32.91306318715215,-0.007944144308567047,0.006402337457984686,0.0077569130808115005,0.18393242786491146
2025-03-21,fold_7,"Inflation bear, AI rally and 2025",0.010719498619437218,1,0.021707046777009964,1,0.021707046777009964,-0.09276068459439557,,,,1,217.07046777009964,0.006571570411324501,-0.023569578304886818,0.010719498619437218,1.2558823168990274
2025-03-24,fold_7,"Inflation bear, AI rally and 2025",0.014001397415995598,1,0.005690351594239473,1,0.005690351594239473,-0.0870703330001561,,,,1,56.90351594239473,-0.003918513655662537,-0.04531926289200783,0.014001397415995598,0.32048442258407656
2025-03-25,fold_7,"Inflation bear, AI rally and 2025",0.008087310940027237,1,-0.018572067841887474,-1,-0.018572067841887474,-0.10564240084204357,,,,0,-185.72067841887474,-0.001129336655139923,-0.04298087954521179,0.008087310940027237,-1.0568059807657881
2025-03-26,fold_7,"Inflation bear, AI rally and 2025",0.011593643575906754,1,-0.005714299622923136,-1,-0.005714299622923136,-0.1113567004649667,,,,0,-57.14299622923136,0.0014778058975934982,-0.017136819660663605,0.011593643575906754,-0.3165865709902819
2025-03-27,fold_7,"Inflation bear, AI rally and 2025",0.01104636862874031,1,-0.026680609211325645,-1,-0.026680609211325645,-0.13803730967629235,,,,0,-266.80609211325645,-0.002728475257754326,-0.06644228845834732,0.01104636862874031,-1.5728139846911706
2025-03-28,fold_7,"Inflation bear, AI rally and 2025",0.011070717126131058,1,-4.263700975570828e-05,-1,-4.263700975570828e-05,-0.13807994668604806,,,,0,-0.4263700975570828,0.006059056147933006,-0.10388310998678207,0.011070717126131058,-0.002417402521640605
2025-03-31,fold_7,"Inflation bear, AI rally and 2025",0.008165450766682625,1,0.008028735406696796,1,0.008028735406696796,-0.13005121127935126,,,,1,80.28735406696796,0.009092452004551888,-0.10143010318279266,0.008165450766682625,0.4742472209972108
2025-04-01,fold_7,"Inflation bear, AI rally and 2025",0.008951246738433838,1,0.007271991111338139,1,0.007271991111338139,-0.12277922016801313,,,,1,72.71991111338139,0.004674283787608147,-0.12763145565986633,0.008951246738433838,0.42748922377433163
2025-04-02,fold_7,"Inflation bear, AI rally and 2025",0.010360099375247955,1,-0.055019769817590714,-1,-0.055019769817590714,-0.17779898998560384,,,,0,-550.1976981759071,0.00863698311150074,-0.021547358483076096,0.010360099375247955,-3.2669603826950797
2025-04-03,fold_7,"Inflation bear, AI rally and 2025",0.009334424510598183,1,-0.06412143260240555,-1,-0.06412143260240555,-0.2419204225880094,,,,0,-641.2143260240555,0.011911144480109215,-0.009990752674639225,0.009334424510598183,-3.2218939204937738
2025-04-04,fold_7,"Inflation bear, AI rally and 2025",0.007297668606042862,1,0.0024103696923702955,1,0.0024103696923702955,-0.2395100528956391,,,,1,24.103696923702955,0.010208426043391228,0.07238619029521942,0.007297668606042862,0.09848710582561052
2025-04-07,fold_7,"Inflation bear, AI rally and 2025",0.006914898753166199,1,-0.01817261427640915,-1,-0.01817261427640915,-0.25768266717204824,,,,0,-181.7261427640915,0.01665046252310276,0.0767311081290245,0.006914898753166199,-0.796046233471477
2025-04-08,fold_7,"Inflation bear, AI rally and 2025",0.007693072780966759,1,0.1133560836315155,1,0.1133560836315155,-0.14432658354053274,,,,1,1133.560836315155,0.019386639818549156,0.09601788967847824,0.007693072780966759,4.889990120928103
2025-04-09,fold_7,"Inflation bear, AI rally and 2025",0.0007328186184167862,1,-0.04346316307783127,-1,-0.04346316307783127,-0.187789746618364,,,,0,-434.6316307783127,0.03052125684916973,-0.0479557141661644,0.0007328186184167862,-1.2687291452129743
2025-04-10,fold_7,"Inflation bear, AI rally and 2025",0.007179878652095795,1,0.01825551502406597,1,0.01825551502406597,-0.16953423159429803,,,,1,182.5551502406597,0.017446348443627357,-0.004672687966376543,0.007179878652095795,0.5160277596305618
2025-04-11,fold_7,"Inflation bear, AI rally and 2025",-0.01601199246942997,-1,0.006755282171070576,1,-0.006755282171070576,-0.1762895137653686,,,,0,-67.55282171070576,0.016296276822686195,-0.04798625782132149,-0.01601199246942997,0.19186220783259403
2025-04-14,fold_7,"Inflation bear, AI rally and 2025",-0.0044516026973724365,-1,0.0011141699505969882,1,-0.0011141699505969882,-0.1774036837159656,,,,0,-11.141699505969882,-0.011925788596272469,-0.028828177601099014,-0.0044516026973724365,0.0316419716434806
2025-04-15,fold_7,"Inflation bear, AI rally and 2025",-0.0046480754390358925,-1,-0.030617518350481987,-1,0.030617518350481987,-0.1467861653654836,,,,1,306.17518350481987,-0.008565131574869156,-0.007517511025071144,-0.0046480754390358925,-0.8747330783313502
2025-04-16,fold_7,"Inflation bear, AI rally and 2025",0.013104982674121857,1,-0.00018013635417446494,-1,-0.00018013635417446494,-0.14696630171965808,,,,0,-1.8013635417446494,0.021470455452799797,0.05084860697388649,0.013104982674121857,-0.005068363389150477
2025-04-17,fold_7,"Inflation bear, AI rally and 2025",0.0011197803542017937,1,-0.02505805715918541,-1,-0.02505805715918541,-0.1720243588788435,,,,0,-250.5805715918541,-0.0019498318433761597,0.06211496889591217,0.0011197803542017937,-0.7052004373844853
2025-04-21,fold_7,"Inflation bear, AI rally and 2025",0.010688390582799911,1,0.025913363322615623,1,0.025913363322615623,-0.14611099555622786,,,,1,259.13363322615623,0.0156701747328043,0.08685559034347534,0.010688390582799911,0.720520723984611
2025-04-22,fold_7,"Inflation bear, AI rally and 2025",0.007068365812301636,1,0.022424837574362755,1,0.022424837574362755,-0.12368615798186511,,,,1,224.24837574362755,0.013880139216780663,0.06752496212720871,0.007068365812301636,0.6211222406699431
2025-04-23,fold_7,"Inflation bear, AI rally and 2025",0.008652662858366966,1,0.027748601511120796,1,0.027748601511120796,-0.09593755647074431,,,,1,277.48601511120796,-0.007970497012138367,0.04497391730546951,0.008652662858366966,0.7617366307611424
2025-04-24,fold_7,"Inflation bear, AI rally and 2025",-0.0032392889261245728,-1,0.01108622271567583,1,-0.01108622271567583,-0.10702377918642014,,,,0,-110.86222715675831,-0.019054193049669266,0.03020145744085312,-0.0032392889261245728,0.30192364164997343
2025-04-25,fold_7,"Inflation bear, AI rally and 2025",0.0015354286879301071,1,-0.00031743646832183003,-1,-0.00031743646832183003,-0.10734121565474197,,,,0,-3.1743646832183003,-0.014636548236012459,0.03385004773736,0.0015354286879301071,-0.008630674926025761
2025-04-28,fold_7,"Inflation bear, AI rally and 2025",0.004556741565465927,1,0.0065827397629618645,1,0.0065827397629618645,-0.10075847589178011,,,,1,65.82739762961864,-0.016179464757442474,0.028217311948537827,0.004556741565465927,0.18137760637662514
2025-04-29,fold_7,"Inflation bear, AI rally and 2025",0.004451785236597061,1,-0.00012620817869901657,-1,-0.00012620817869901657,-0.10088468407047912,,,,0,-1.2620817869901657,-0.018512289971113205,0.012289345264434814,0.004451785236597061,-0.0034746220771629953
2025-04-30,fold_7,"Inflation bear, AI rally and 2025",0.0008604675531387329,1,0.012976137921214104,1,0.012976137921214104,-0.08790854614926502,,,,1,129.76137921214104,-0.028583722189068794,0.01633375883102417,0.0008604675531387329,0.35768155522795286
2025-05-01,fold_7,"Inflation bear, AI rally and 2025",-0.00892657320946455,-1,0.014734814874827862,1,-0.014734814874827862,-0.10264336102409288,,,,0,-147.34814874827862,-0.04380142316222191,0.013629618100821972,-0.00892657320946455,0.40527054453153283
2025-05-02,fold_7,"Inflation bear, AI rally and 2025",0.010217739269137383,1,-0.005950172431766987,-1,-0.005950172431766987,-0.10859353345585987,,,,0,-59.50172431766987,-0.018330121412873268,-0.0017607435584068298,0.010217739269137383,-0.17311363003944677
2025-05-05,fold_7,"Inflation bear, AI rally and 2025",0.011729728430509567,1,-0.009345225989818573,-1,-0.009345225989818573,-0.11793875944567844,,,,0,-93.45225989818573,-0.010071909055113792,0.0441216379404068,0.011729728430509567,-0.29888984103191907
2025-05-06,fold_7,"Inflation bear, AI rally and 2025",0.0022847335785627365,1,0.003918205387890339,1,0.003918205387890339,-0.1140205540577881,,,,1,39.18205387890339,-0.026569724082946777,0.06859263777732849,0.0022847335785627365,0.1250561344734105
2025-05-07,fold_7,"Inflation bear, AI rally and 2025",0.014326291158795357,1,0.010271997191011906,1,0.010271997191011906,-0.1037485568667762,,,,1,102.71997191011906,-0.017066288739442825,0.07064971327781677,0.014326291158795357,0.3305092844591725
2025-05-08,fold_7,"Inflation bear, AI rally and 2025",-0.004271279089152813,-1,-0.00065554742468521,-1,0.00065554742468521,-0.10309300944209099,,,,1,6.5554742468521,-0.025284189730882645,0.06147606670856476,-0.004271279089152813,-0.036156972066067466
2025-05-09,fold_7,"Inflation bear, AI rally and 2025",0.01826571859419346,1,0.03993220627307892,1,0.03993220627307892,-0.06316080316901207,,,,1,399.3220627307892,0.00990230031311512,0.06647443026304245,0.01826571859419346,2.6088471223946046
2025-05-12,fold_7,"Inflation bear, AI rally and 2025",0.012065349146723747,1,0.01512577198445797,1,0.01512577198445797,-0.0480350311845541,,,,1,151.2577198445797,-0.007643172517418861,0.027500687167048454,0.012065349146723747,0.8771644078400747
2025-05-13,fold_7,"Inflation bear, AI rally and 2025",0.01194831170141697,1,0.005975283216685057,1,0.005975283216685057,-0.04205974796786904,,,,1,59.75283216685057,0.0009117312729358673,0.009036059491336346,0.01194831170141697,0.34129920720393586
2025-05-14,fold_7,"Inflation bear, AI rally and 2025",0.010263996198773384,1,0.0010983524844050407,1,0.0010983524844050407,-0.040961395483464,,,,1,10.983524844050407,0.00012422911822795868,-0.010933410376310349,0.010263996198773384,0.06256064208819194
2025-05-15,fold_7,"Inflation bear, AI rally and 2025",0.012415172532200813,1,0.004342813044786453,1,0.004342813044786453,-0.03661858243867755,,,,1,43.42813044786453,-0.0006934609264135361,-0.010162297636270523,0.012415172532200813,0.26859577139762664
2025-05-16,fold_7,"Inflation bear, AI rally and 2025",0.010560091584920883,1,0.0009584668441675603,1,0.0009584668441675603,-0.03566011559450999,,,,1,9.584668441675603,-0.0005827713757753372,-0.023808997124433517,0.010560091584920883,0.059173135968984825
2025-05-19,fold_7,"Inflation bear, AI rally and 2025",0.012614196166396141,1,-0.00333885638974607,-1,-0.00333885638974607,-0.03899897198425606,,,,0,-33.3885638974607,0.0003483183681964874,-0.0015147612430155277,0.012614196166396141,-0.21967344676553358
2025-05-20,fold_7,"Inflation bear, AI rally and 2025",0.009955981746315956,1,-0.01399418618530035,-1,-0.01399418618530035,-0.05299315816955641,,,,0,-139.9418618530035,-0.0002934485673904419,-0.002617579186335206,0.009955981746315956,-0.9945301163410145
2025-05-21,fold_7,"Inflation bear, AI rally and 2025",0.012586474418640137,1,0.0018694656901061535,1,0.0018694656901061535,-0.051123692479450256,,,,1,18.694656901061535,0.005872083827853203,0.013340315781533718,0.012586474418640137,0.13832889935319634
2025-05-22,fold_7,"Inflation bear, AI rally and 2025",0.004844916984438896,1,-0.009303887374699116,-1,-0.009303887374699116,-0.06042757985414937,,,,0,-93.03887374699116,-0.0003202464431524277,0.009892607107758522,0.004844916984438896,-0.774461020632546
2025-05-23,fold_7,"Inflation bear, AI rally and 2025",0.020615229383111,1,0.0232527032494545,1,0.0232527032494545,-0.03717487660469487,,,,1,232.52703249454498,0.007878204807639122,0.027063505724072456,0.020615229383111,1.9478699600537477
2025-05-27,fold_7,"Inflation bear, AI rally and 2025",0.010854057967662811,1,-0.004441674333065748,-1,-0.004441674333065748,-0.04161655093776062,,,,0,-44.41674333065748,0.012386055663228035,0.011597446165978909,0.010854057967662811,-0.34112939391963787
2025-05-28,fold_7,"Inflation bear, AI rally and 2025",0.012120401486754417,1,0.0019637085497379303,1,0.0019637085497379303,-0.03965284238802269,,,,1,19.637085497379303,8.793547749519348e-06,0.018823090940713882,0.012120401486754417,0.15134440968446183
2025-05-29,fold_7,"Inflation bear, AI rally and 2025",0.017493117600679398,1,-0.0015782431000843644,-1,-0.0015782431000843644,-0.041231085488107055,,,,0,-15.782431000843644,-0.003835715353488922,0.009304034523665905,0.017493117600679398,-0.12156701262634625
2025-05-30,fold_7,"Inflation bear, AI rally and 2025",0.013492783531546593,1,0.007867010310292244,1,0.007867010310292244,-0.03336407517781481,,,,1,78.67010310292244,0.004580685868859291,0.02061014249920845,0.013492783531546593,0.62145509353276
2025-06-02,fold_7,"Inflation bear, AI rally and 2025",0.01710241660475731,1,0.007786644622683525,1,0.007786644622683525,-0.025577430555131286,,,,1,77.86644622683525,-0.004964491352438927,0.014214090071618557,0.01710241660475731,0.630565866011398
2025-06-03,fold_7,"Inflation bear, AI rally and 2025",0.014593968167901039,1,0.0027839706744998693,1,0.0027839706744998693,-0.022793459880631417,,,,1,27.839706744998693,-0.0008203871548175812,0.013019595295190811,0.014593968167901039,0.22452047709836354
2025-06-04,fold_7,"Inflation bear, AI rally and 2025",0.012716609984636307,1,-0.0075553483329713345,-1,-0.0075553483329713345,-0.03034880821360275,,,,0,-75.55348332971334,-0.0037262197583913803,0.006860374938696623,0.012716609984636307,-0.617361654631516
2025-06-05,fold_7,"Inflation bear, AI rally and 2025",0.013441933318972588,1,0.009727864526212215,1,0.009727864526212215,-0.020620943687390536,,,,1,97.27864526212215,-0.006581973284482956,0.01676086150109768,0.013441933318972588,0.7894022209341992
2025-06-06,fold_7,"Inflation bear, AI rally and 2025",0.010034069418907166,1,0.001470958348363638,1,0.001470958348363638,-0.019149985339026898,,,,1,14.70958348363638,-0.0052926186472177505,-0.00560140423476696,0.010034069418907166,0.11958058444466334
2025-06-09,fold_7,"Inflation bear, AI rally and 2025",0.011811567470431328,1,0.006592150311917067,1,0.006592150311917067,-0.012557835027109832,,,,1,65.92150311917067,-0.005172844976186752,0.0067417314276099205,0.011811567470431328,0.5357510440066177
2025-06-10,fold_7,"Inflation bear, AI rally and 2025",0.010190673172473907,1,-0.003375249681994319,-1,-0.003375249681994319,-0.01593308470910415,,,,0,-33.75249681994319,-0.005278011783957481,-0.009649480693042278,0.010190673172473907,-0.3927775601112056
2025-06-11,fold_7,"Inflation bear, AI rally and 2025",0.008845239877700806,1,0.002345137996599078,1,0.002345137996599078,-0.013587946712505072,,,,1,23.451379965990782,-0.014326381497085094,-0.0064444150775671005,0.008845239877700806,0.2955188983284086
2025-06-12,fold_7,"Inflation bear, AI rally and 2025",0.010500108823180199,1,-0.012634401209652424,-1,-0.012634401209652424,-0.026222347922157496,,,,0,-126.34401209652424,-0.011282239109277725,-0.012881052680313587,0.010500108823180199,-1.6115450914958678
2025-06-13,fold_7,"Inflation bear, AI rally and 2025",0.016544265672564507,1,0.013814094476401806,1,0.013814094476401806,-0.01240825344575569,,,,1,138.14094476401806,0.0003288816660642624,0.009983260184526443,0.016544265672564507,1.658394163013713
2025-06-16,fold_7,"Inflation bear, AI rally and 2025",0.010354140773415565,1,-0.00979906227439642,-1,-0.00979906227439642,-0.02220731572015211,,,,0,-97.9906227439642,-0.006861189380288124,0.011345419101417065,0.010354140773415565,-1.109638710114522
2025-06-17,fold_7,"Inflation bear, AI rally and 2025",0.004993079230189323,1,-0.00017018403741531074,-1,-0.00017018403741531074,-0.02237749975756742,,,,0,-1.7018403741531074,-0.007270505651831627,0.02369767054915428,0.004993079230189323,-0.018709541966715384
2025-06-18,fold_7,"Inflation bear, AI rally and 2025",0.01799834705889225,1,-0.004091499838978052,-1,-0.004091499838978052,-0.026468999596545473,,,,0,-40.91499838978052,0.01311773993074894,0.03317466005682945,0.01799834705889225,-0.45132657086905426
2025-06-20,fold_7,"Inflation bear, AI rally and 2025",0.009987667202949524,1,0.010229912586510181,1,0.010229912586510181,-0.01623908701003529,,,,1,102.29912586510181,-0.011173216626048088,0.04068398103117943,0.009987667202949524,1.1954519155541303
2025-06-23,fold_7,"Inflation bear, AI rally and 2025",0.01886977069079876,1,0.015176253393292427,1,0.015176253393292427,-0.0010628336167428643,,,,1,151.76253393292427,0.0025708209723234177,0.03691010922193527,0.01886977069079876,1.7152282168837871
2025-06-24,fold_7,"Inflation bear, AI rally and 2025",0.009358908981084824,1,0.002553190104663372,1,0.002553190104663372,0.0014903564879205078,,,,1,25.53190104663372,-0.005175214260816574,0.01326880045235157,0.009358908981084824,0.2761633476020483
2025-06-25,fold_7,"Inflation bear, AI rally and 2025",0.01148948073387146,1,0.009306803345680237,1,0.009306803345680237,0.010797159833600745,,,,1,93.06803345680237,-0.006211504340171814,0.0176568441092968,0.01148948073387146,1.2140570495435146
2025-06-26,fold_7,"Inflation bear, AI rally and 2025",0.010459031909704208,1,0.0034178236965090036,1,0.0034178236965090036,0.014214983530109748,,,,1,34.178236965090036,-0.005023220553994179,0.018142199143767357,0.010459031909704208,0.4336796183005765
2025-06-27,fold_7,"Inflation bear, AI rally and 2025",0.007869606837630272,1,0.006456038448959589,1,0.006456038448959589,0.020671021979069337,,,,1,64.56038448959589,-0.0015546809881925583,0.007162868976593018,0.007869606837630272,0.8166233479195625
2025-06-30,fold_7,"Inflation bear, AI rally and 2025",0.010440587997436523,1,-0.008465055376291275,-1,-0.008465055376291275,0.012205966602778062,,,,0,-84.65055376291275,-0.002332547679543495,0.0012683197855949402,0.010440587997436523,-1.0543437575637744
2025-07-01,fold_7,"Inflation bear, AI rally and 2025",0.009064758196473122,1,0.006941234227269888,1,0.006941234227269888,0.01914720083004795,,,,1,69.41234227269888,-0.00330469012260437,0.016787249594926834,0.009064758196473122,0.8612915520447721
2025-07-02,fold_7,"Inflation bear, AI rally and 2025",0.010877218097448349,1,0.009792158380150795,1,0.009792158380150795,0.028939359210198745,,,,1,97.92158380150795,-0.0015773270279169083,0.00840685609728098,0.010877218097448349,1.2209093004921368
2025-07-03,fold_7,"Inflation bear, AI rally and 2025",0.010032262653112411,1,-0.007561507169157267,-1,-0.007561507169157267,0.02137785204104148,,,,0,-75.61507169157267,-0.0002071131020784378,-0.003638129448518157,0.010032262653112411,-0.912062731944434
2025-07-07,fold_7,"Inflation bear, AI rally and 2025",0.00876363180577755,1,0.0005614891997538507,1,0.0005614891997538507,0.02193934124079533,,,,1,5.614891997538507,0.0015605427324771881,0.007543554063886404,0.00876363180577755,0.06772407021490523
2025-07-08,fold_7,"Inflation bear, AI rally and 2025",0.006818387657403946,1,0.007053874898701906,1,0.007053874898701906,0.028993216139497235,,,,1,70.53874898701906,0.0002939198166131973,0.007898572832345963,0.006818387657403946,0.8815816587750563
2025-07-09,fold_7,"Inflation bear, AI rally and 2025",0.008404100313782692,1,-0.0014391591539606452,-1,-0.0014391591539606452,0.02755405698553659,,,,0,-14.391591539606452,0.0005474388599395752,0.0018679917557165027,0.008404100313782692,-0.17661141588879875
2025-07-10,fold_7,"Inflation bear, AI rally and 2025",0.008290786296129227,1,-0.0022528269328176975,-1,-0.0022528269328176975,0.025301230052718893,,,,0,-22.528269328176975,-0.0009588971734046936,0.011367371305823326,0.008290786296129227,-0.2808745383451295
2025-07-11,fold_7,"Inflation bear, AI rally and 2025",0.0100165493786335,1,0.003620176576077938,1,0.003620176576077938,0.02892140662879683,,,,1,36.20176576077938,0.004990944638848305,0.012658500112593174,0.0100165493786335,0.4524629565912329
2025-07-14,fold_7,"Inflation bear, AI rally and 2025",0.009886141866445541,1,0.0009165076771751046,1,0.0009165076771751046,0.029837914305971935,,,,1,9.165076771751046,0.003055756911635399,0.014209684915840626,0.009886141866445541,0.11420975350014795
2025-07-15,fold_7,"Inflation bear, AI rally and 2025",0.011159170418977737,1,0.0010232938220724463,1,0.0010232938220724463,0.030861208128044382,,,,1,10.232938220724463,0.002922492101788521,0.008103914558887482,0.011159170418977737,0.13618806482870882
2025-07-16,fold_7,"Inflation bear, AI rally and 2025",0.011699492111802101,1,0.008060220628976822,1,0.008060220628976822,0.038921428757021204,,,,1,80.60220628976822,0.0033457037061452866,0.011631511151790619,0.011699492111802101,1.1760979880152769
2025-07-17,fold_7,"Inflation bear, AI rally and 2025",0.009168488904833794,1,-0.0009616987663321197,-1,-0.0009616987663321197,0.037959729990689084,,,,0,-9.616987663321197,0.0038658510893583298,0.005697506945580244,0.009168488904833794,-0.14270382450815308
2025-07-18,fold_7,"Inflation bear, AI rally and 2025",0.008813861757516861,1,0.005171361844986677,1,0.005171361844986677,0.04313109183567576,,,,1,51.71361844986677,0.0040567796677351,0.00906337145715952,0.008813861757516861,0.7669859185624802
2025-07-21,fold_7,"Inflation bear, AI rally and 2025",0.010904183611273766,1,-0.005189262330532074,-1,-0.005189262330532074,0.03794182950514369,,,,0,-51.89262330532074,0.0038592051714658737,0.007012150716036558,0.010904183611273766,-0.7654419130645659
2025-07-22,fold_7,"Inflation bear, AI rally and 2025",0.006584532558917999,1,0.004550890065729618,1,0.004550890065729618,0.042492719570873305,,,,1,45.50890065729618,-0.0028156451880931854,0.0106513611972332,0.006584532558917999,0.7015949302939439
2025-07-23,fold_7,"Inflation bear, AI rally and 2025",0.0071518681943416595,1,0.0021262161899358034,1,0.0021262161899358034,0.04461893576080911,,,,1,21.262161899358034,-0.003503609448671341,0.007439480163156986,0.0071518681943416595,0.37827171020139594
2025-07-24,fold_7,"Inflation bear, AI rally and 2025",0.0061910636723041534,1,0.002404165454208851,1,0.002404165454208851,0.04702310121501796,,,,1,24.04165454208851,-0.0038970764726400375,0.0,0.0061910636723041534,0.4283990359534204
2025-07-25,fold_7,"Inflation bear, AI rally and 2025",0.00674298033118248,1,0.0031201415695250034,1,0.0031201415695250034,0.05014324278454296,,,,1,31.201415695250034,-0.0007142350077629089,-0.022299613803625107,0.00674298033118248,0.595502653685041
2025-07-28,fold_7,"Inflation bear, AI rally and 2025",0.009224185720086098,1,-0.0015500520821660757,-1,-0.0015500520821660757,0.04859319070237689,,,,0,-15.500520821660757,0.0002957489341497421,-0.007136274129152298,0.009224185720086098,-0.2963649319322456
2025-07-29,fold_7,"Inflation bear, AI rally and 2025",0.007997486740350723,1,0.001339009148068726,1,0.001339009148068726,0.04993219985044561,,,,1,13.39009148068726,-0.005985697731375694,-0.012398889288306236,0.007997486740350723,0.26573052952608295
2025-07-30,fold_7,"Inflation bear, AI rally and 2025",0.012990796938538551,1,-0.005313263740390539,-1,-0.005313263740390539,0.044618936110055074,,,,0,-53.13263740390539,0.0019492004066705704,-0.0012331786565482616,0.012990796938538551,-1.1354257306530724
2025-07-31,fold_7,"Inflation bear, AI rally and 2025",0.00826612301170826,1,-0.01989544928073883,-1,-0.01989544928073883,0.024723486829316244,,,,0,-198.9544928073883,-0.014345427043735981,0.00745871476829052,0.00826612301170826,-4.351860117887104
2025-08-01,fold_7,"Inflation bear, AI rally and 2025",0.011080065742135048,1,0.018283480778336525,1,0.018283480778336525,0.04300696760765277,,,,1,182.83480778336525,0.01059468649327755,0.03663913160562515,0.011080065742135048,3.051587052731937
2025-08-04,fold_7,"Inflation bear, AI rally and 2025",0.012849338352680206,1,-0.006812667474150658,-1,-0.006812667474150658,0.03619430013350211,,,,0,-68.12667474150658,0.0005141794681549072,0.015392293222248554,0.012849338352680206,-0.9658439511808814
2025-08-05,fold_7,"Inflation bear, AI rally and 2025",0.009750531986355782,1,0.012504720129072666,1,0.012504720129072666,0.04869902026257478,,,,1,125.04720129072666,-0.0014502964913845062,0.03469543159008026,0.009750531986355782,1.7331264565623796
2025-08-06,fold_7,"Inflation bear, AI rally and 2025",0.01365533098578453,1,0.0033786294516175985,1,0.0033786294516175985,0.052077649714192376,,,,1,33.786294516175985,0.010033702477812767,0.0226906705647707,0.01365533098578453,0.44599293756289404
2025-08-07,fold_7,"Inflation bear, AI rally and 2025",0.00928429327905178,1,0.009284966625273228,1,0.009284966625273228,0.0613626163394656,,,,1,92.84966625273228,0.018673555925488472,0.01853628270328045,0.00928429327905178,1.2206949690026645
2025-08-08,fold_7,"Inflation bear, AI rally and 2025",0.009320627897977829,1,-0.002963355975225568,-1,-0.002963355975225568,0.058399260364240035,,,,0,-29.633559752255678,0.004952715709805489,0.004844300914555788,0.009320627897977829,-0.3766124078785977
2025-08-11,fold_7,"Inflation bear, AI rally and 2025",0.00933082029223442,1,0.012490469962358475,1,0.012490469962358475,0.07088973032659851,,,,1,124.90469962358475,0.018199505284428596,0.007409026846289635,0.00933082029223442,1.5901907501999453
2025-08-12,fold_7,"Inflation bear, AI rally and 2025",0.008037153631448746,1,0.0004999605007469654,1,0.0004999605007469654,0.07138969082734548,,,,1,4.999605007469654,0.0016430635005235672,-0.018741806969046593,0.008037153631448746,0.059990749109096714
2025-08-13,fold_7,"Inflation bear, AI rally and 2025",0.0075504351407289505,1,-0.000775758468080312,-1,-0.000775758468080312,0.07061393235926516,,,,0,-7.75758468080312,-0.0022924374788999557,-0.02519688941538334,0.0075504351407289505,-0.09311073597075677
2025-08-14,fold_7,"Inflation bear, AI rally and 2025",0.007059477269649506,1,-0.004407014697790146,-1,-0.004407014697790146,0.06620691766147502,,,,0,-44.07014697790146,-0.0030707865953445435,-0.029061537235975266,0.007059477269649506,-0.5416591906536531
2025-08-15,fold_7,"Inflation bear, AI rally and 2025",0.006115647032856941,1,-0.0003986301308032125,-1,-0.0003986301308032125,0.0658082875306718,,,,0,-3.9863013080321252,-0.0027505066245794296,-0.00934495497494936,0.006115647032856941,-0.04865628722997111
2025-08-18,fold_7,"Inflation bear, AI rally and 2025",0.009089717641472816,1,-0.013660364784300327,-1,-0.013660364784300327,0.05214792274637148,,,,0,-136.60364784300327,0.0006549805402755737,-0.011835196986794472,0.009089717641472816,-1.68412534415897
2025-08-19,fold_7,"Inflation bear, AI rally and 2025",0.002250753343105316,1,-0.005955122411251068,-1,-0.005955122411251068,0.04619280033512041,,,,0,-59.55122411251068,0.012018023058772087,0.005832357332110405,0.002250753343105316,-0.6933178700891818
2025-08-20,fold_7,"Inflation bear, AI rally and 2025",0.013702867552638054,1,-0.004640405066311359,-1,-0.004640405066311359,0.04155239526880905,,,,0,-46.404050663113594,0.005336130037903786,0.013323167338967323,0.013702867552638054,-0.5375727616004295
2025-08-21,fold_7,"Inflation bear, AI rally and 2025",0.00914025865495205,1,0.01530956756323576,1,0.01530956756323576,0.05686196283204481,,,,1,153.0956756323576,-0.0015697460621595383,0.024203982204198837,0.00914025865495205,1.7635160886517867
2025-08-22,fold_7,"Inflation bear, AI rally and 2025",0.01146431639790535,1,-0.0028888722881674767,-1,-0.0028888722881674767,0.05397309054387733,,,,0,-28.888722881674767,0.01256599836051464,-0.0027484886813908815,0.01146431639790535,-0.31008575290815854
2025-08-25,fold_7,"Inflation bear, AI rally and 2025",0.013437183573842049,1,0.004007190000265837,1,0.004007190000265837,0.05798028054414317,,,,1,40.07190000265837,0.0022144895046949387,-0.008275248110294342,0.013437183573842049,0.43029600122841694
2025-08-26,fold_7,"Inflation bear, AI rally and 2025",0.013381030410528183,1,0.001535687712021172,1,0.001535687712021172,0.05951596825616434,,,,1,15.35687712021172,0.004548696801066399,-0.0044456529431045055,0.013381030410528183,0.16425835506509845
2025-08-27,fold_7,"Inflation bear, AI rally and 2025",0.008091656491160393,1,0.006240409333258867,1,0.006240409333258867,0.06575637758942321,,,,1,62.40409333258867,-0.001925269141793251,0.003029386978596449,0.008091656491160393,0.667371148535967
2025-08-28,fold_7,"Inflation bear, AI rally and 2025",0.00971083901822567,1,-0.011642903089523315,-1,-0.011642903089523315,0.054113474499899894,,,,0,-116.42903089523315,-0.008278967812657356,-0.0017690984532237053,0.00971083901822567,-1.241336584782596
2025-08-29,fold_7,"Inflation bear, AI rally and 2025",0.009842325001955032,1,-0.00841563194990158,-1,-0.00841563194990158,0.04569784254999831,,,,0,-84.15631949901581,0.0008343663066625595,0.01473993994295597,0.009842325001955032,-0.9720242852407744
2025-09-02,fold_7,"Inflation bear, AI rally and 2025",0.01221383735537529,1,0.007836785167455673,1,0.007836785167455673,0.053534627717453986,,,,1,78.36785167455673,-0.01152893528342247,0.025984633713960648,0.01221383735537529,0.9970023351283237
2025-09-03,fold_7,"Inflation bear, AI rally and 2025",0.015810927376151085,1,0.009010727517306805,1,0.009010727517306805,0.06254535523476079,,,,1,90.10727517306805,0.002637164667248726,0.018475046381354332,0.015810927376151085,1.1394559757618208
2025-09-04,fold_7,"Inflation bear, AI rally and 2025",0.012756746262311935,1,0.0014419236686080694,1,0.0014419236686080694,0.06398727890336886,,,,1,14.419236686080694,0.005313141271471977,0.015268106013536453,0.012756746262311935,0.18807909607239273
2025-09-05,fold_7,"Inflation bear, AI rally and 2025",0.015610985457897186,1,0.004866134840995073,1,0.004866134840995073,0.06885341374436393,,,,1,48.66134840995073,0.02326277829706669,0.01823362335562706,0.015610985457897186,0.6372558726449794
2025-09-08,fold_7,"Inflation bear, AI rally and 2025",0.012388452887535095,1,0.002829062519595027,1,0.002829062519595027,0.07168247626395896,,,,1,28.29062519595027,0.010769670829176903,0.02188795804977417,0.012388452887535095,0.38083729456508125
2025-09-09,fold_7,"Inflation bear, AI rally and 2025",0.011046892032027245,1,0.0003271980385761708,1,0.0003271980385761708,0.07200967430253513,,,,1,3.271980385761708,0.003808850422501564,0.018213454633951187,0.011046892032027245,0.04406164831320266
2025-09-10,fold_7,"Inflation bear, AI rally and 2025",0.00526004284620285,1,0.005803787149488926,1,0.005803787149488926,0.07781346145202406,,,,1,58.03787149488926,-0.005917271599173546,0.01588842086493969,0.00526004284620285,0.8434438852361171
2025-09-11,fold_7,"Inflation bear, AI rally and 2025",0.005746958777308464,1,0.004407439846545458,1,0.004407439846545458,0.08222090129856952,,,,1,44.07439846545458,-0.0065883491188287735,0.019061127677559853,0.005746958777308464,0.6295015227957373
2025-09-12,fold_7,"Inflation bear, AI rally and 2025",0.008871881291270256,1,0.00852047000080347,1,0.00852047000080347,0.09074137129937299,,,,1,85.2047000080347,-0.0013074632734060287,0.021400216966867447,0.008871881291270256,1.2054363075401078
2025-09-15,fold_7,"Inflation bear, AI rally and 2025",0.009897781535983086,1,-0.0008454403723590076,-1,-0.0008454403723590076,0.08989593092701398,,,,0,-8.454403723590076,-0.0029511433094739914,0.01878230646252632,0.009897781535983086,-0.11654796916406615
2025-09-16,fold_7,"Inflation bear, AI rally and 2025",0.009303301572799683,1,-0.0019978368654847145,-1,-0.0019978368654847145,0.08789809406152926,,,,0,-19.978368654847145,-0.003707071766257286,0.012963303364813328,0.009303301572799683,-0.2753385942654289
2025-09-17,fold_7,"Inflation bear, AI rally and 2025",0.00870540365576744,1,0.008976494893431664,1,0.008976494893431664,0.09687458895496093,,,,1,89.76494893431664,0.003034474328160286,0.01144441682845354,0.00870540365576744,1.3607346414331145
2025-09-18,fold_7,"Inflation bear, AI rally and 2025",0.00856940820813179,1,0.006746530067175627,1,0.006746530067175627,0.10362111902213655,,,,1,67.46530067175627,-0.0013700183480978012,-0.001852678949944675,0.00856940820813179,0.9971799293033602
2025-09-19,fold_7,"Inflation bear, AI rally and 2025",0.01008223369717598,1,0.005902559962123632,1,0.005902559962123632,0.10952367898426019,,,,1,59.025599621236324,0.0027073267847299576,-0.004496766719967127,0.01008223369717598,0.8612280707817476
2025-09-22,fold_7,"Inflation bear, AI rally and 2025",0.012648995965719223,1,-0.00666444469243288,-1,-0.00666444469243288,0.1028592342918273,,,,0,-66.6444469243288,0.0007712915539741516,-0.005778889171779156,0.012648995965719223,-1.095695263592265
2025-09-23,fold_7,"Inflation bear, AI rally and 2025",0.009033190086483955,1,-0.003516722936183214,-1,-0.003516722936183214,0.09934251135564409,,,,0,-35.16722936183214,-0.008348280563950539,0.0036210042890161276,0.009033190086483955,-0.5645837122021672
2025-09-24,fold_7,"Inflation bear, AI rally and 2025",0.007088551297783852,1,-0.004320601467043161,-1,-0.004320601467043161,0.09502190988860093,,,,0,-43.206014670431614,-0.013858342543244362,0.011923212558031082,0.007088551297783852,-0.6952956867216374
2025-09-25,fold_7,"Inflation bear, AI rally and 2025",0.01919606886804104,1,0.004102441947907209,1,0.004102441947907209,0.09912435183650814,,,,1,41.024419479072094,-0.0002364758402109146,0.02034645900130272,0.01919606886804104,0.6533257981723073
2025-09-26,fold_7,"Inflation bear, AI rally and 2025",0.008615437895059586,1,0.0046204375103116035,1,0.0046204375103116035,0.10374478934681974,,,,1,46.204375103116035,-0.00918097048997879,0.012025424279272556,0.008615437895059586,0.746356600807675
2025-09-29,fold_7,"Inflation bear, AI rally and 2025",0.009248657152056694,1,0.002735448768362403,1,0.002735448768362403,0.10648023811518215,,,,1,27.35448768362403,-0.0014239493757486343,0.014887053519487381,0.009248657152056694,0.4789916015347059
2025-09-30,fold_7,"Inflation bear, AI rally and 2025",0.008714407682418823,1,0.004785485565662384,1,0.004785485565662384,0.11126572368084453,,,,1,47.85485565662384,-0.00254766084253788,0.006872063037008047,0.008714407682418823,0.881875034282518
2025-10-01,fold_7,"Inflation bear, AI rally and 2025",0.009221695363521576,1,0.004102644510567188,1,0.004102644510567188,0.11536836819141172,,,,1,41.02644510567188,-0.004465147852897644,0.01348517369478941,0.009221695363521576,0.7820441076156708
2025-10-02,fold_7,"Inflation bear, AI rally and 2025",0.007456501945853233,1,-0.004218591842800379,-1,-0.004218591842800379,0.11114977634861134,,,,0,-42.18591842800379,-0.0035438239574432373,0.008171569555997849,0.007456501945853233,-0.8557317218921436
2025-10-03,fold_7,"Inflation bear, AI rally and 2025",0.0074922144412994385,1,0.007482066750526428,1,0.007482066750526428,0.11863184309913777,,,,1,74.82066750526428,-0.007655888795852661,-0.02294095605611801,0.0074922144412994385,1.4937609204365878
2025-10-06,fold_7,"Inflation bear, AI rally and 2025",0.010270081460475922,1,-0.005279541946947575,-1,-0.005279541946947575,0.1133523011521902,,,,0,-52.795419469475746,-0.004986163228750229,-0.00942372065037489,0.010270081460475922,-1.0216646254540132
2025-10-07,fold_7,"Inflation bear, AI rally and 2025",0.0021736938506364822,1,0.01139859575778246,1,0.01139859575778246,0.12475089690997265,,,,1,113.98595757782459,-0.017129618674516678,-0.010827412828803062,0.0021736938506364822,2.165864902452659
2025-10-08,fold_7,"Inflation bear, AI rally and 2025",0.009283816441893578,1,-0.0012109596282243729,-1,-0.0012109596282243729,0.12353993728174828,,,,0,-12.109596282243729,-0.012115942314267159,-0.015193992294371128,0.009283816441893578,-0.20710450937279112
2025-10-09,fold_7,"Inflation bear, AI rally and 2025",0.009779330343008041,1,-0.0353311188519001,-1,-0.0353311188519001,0.08820881842984818,,,,0,-353.311188519001,-0.01646830141544342,-0.01769283600151539,0.009779330343008041,-6.190099209469844
2025-10-10,fold_7,"Inflation bear, AI rally and 2025",0.01142144575715065,1,0.020999303087592125,1,0.020999303087592125,0.1092081215174403,,,,1,209.99303087592125,0.006547493860125542,0.024183519184589386,0.01142144575715065,2.1656736954973526
2025-10-13,fold_7,"Inflation bear, AI rally and 2025",0.014285925775766373,1,-0.006683234125375748,-1,-0.006683234125375748,0.10252488739206456,,,,0,-66.83234125375748,0.0036533642560243607,0.01570628583431244,0.014285925775766373,-0.6302711987652501
2025-10-14,fold_7,"Inflation bear, AI rally and 2025",0.018212052062153816,1,0.007032016292214394,1,0.007032016292214394,0.10955690368427895,,,,1,70.32016292214394,0.011334287002682686,0.022127928212285042,0.018212052062153816,0.656776523455626
2025-10-15,fold_7,"Inflation bear, AI rally and 2025",0.01488795131444931,1,-0.0037098024040460587,-1,-0.0037098024040460587,0.10584710128023289,,,,0,-37.09802404046059,0.01855158992111683,0.005415184423327446,0.01488795131444931,-0.3431036216291272
2025-10-16,fold_7,"Inflation bear, AI rally and 2025",0.02294021286070347,1,0.006545236799865961,1,0.006545236799865961,0.11239233808009885,,,,1,65.45236799865961,0.026920335367321968,0.017496326938271523,0.02294021286070347,0.6141795166647341
2025-10-17,fold_7,"Inflation bear, AI rally and 2025",0.004000870510935783,1,0.012522069737315178,1,0.012522069737315178,0.12491440781741403,,,,1,125.22069737315178,-0.0010120514780282974,0.021572764962911606,0.004000870510935783,1.1757149166181942
2025-10-20,fold_7,"Inflation bear, AI rally and 2025",0.015214765444397926,1,-0.00026159174740314484,-1,-0.00026159174740314484,0.12465281607001089,,,,0,-2.6159174740314484,0.0025861654430627823,0.02670317515730858,0.015214765444397926,-0.023926513409431638
2025-10-21,fold_7,"Inflation bear, AI rally and 2025",0.0025401897728443146,1,-0.009680728428065777,-1,-0.009680728428065777,0.11497208764194511,,,,0,-96.80728428065777,-0.009860605001449585,0.03462529554963112,0.0025401897728443146,-0.8937772036216127
2025-10-22,fold_7,"Inflation bear, AI rally and 2025",0.00637473538517952,1,0.008371341042220592,1,0.008371341042220592,0.1233434286841657,,,,1,83.71341042220592,-0.001787504181265831,0.04879889264702797,0.00637473538517952,0.7598277720253334
2025-10-23,fold_7,"Inflation bear, AI rally and 2025",0.009256673976778984,1,0.010621673427522182,1,0.010621673427522182,0.13396510211168788,,,,1,106.21673427522182,-0.007394853979349136,0.025020860135555267,0.009256673976778984,0.9540309455168327
2025-10-24,fold_7,"Inflation bear, AI rally and 2025",0.008425742387771606,1,0.01765247993171215,1,0.01765247993171215,0.15161758204340003,,,,1,176.5247993171215,-0.004349548369646072,0.019211603328585625,0.008425742387771606,1.5557006495301577
2025-10-27,fold_7,"Inflation bear, AI rally and 2025",0.007051076740026474,1,0.007660527713596821,1,0.007660527713596821,0.15927810975699686,,,,1,76.60527713596821,-0.005495849996805191,0.006332420278340578,0.007051076740026474,0.6400089901114824
2025-10-28,fold_7,"Inflation bear, AI rally and 2025",0.008527223020792007,1,0.004492870531976223,1,0.004492870531976223,0.16377098028897308,,,,1,44.92870531976223,-0.0004275236278772354,-0.021835021674633026,0.008527223020792007,0.37205342136019226
2025-10-29,fold_7,"Inflation bear, AI rally and 2025",0.010391594842076302,1,-0.015406693331897259,-1,-0.015406693331897259,0.14836428695707582,,,,0,-154.0669333189726,-0.00103822723031044,-0.019840959459543228,0.010391594842076302,-1.2764184630714328
2025-10-30,fold_7,"Inflation bear, AI rally and 2025",0.009691916406154633,1,0.00481241662055254,1,0.00481241662055254,0.15317670357762836,,,,1,48.1241662055254,-0.00806618295609951,-0.02323727495968342,0.009691916406154633,0.3844184108543597
2025-10-31,fold_7,"Inflation bear, AI rally and 2025",0.0077416617423295975,1,0.004773298278450966,1,0.004773298278450966,0.15795000185607933,,,,1,47.73298278450966,-0.004243502393364906,-0.03121001087129116,0.0077416617423295975,0.3809678203254386
2025-11-03,fold_7,"Inflation bear, AI rally and 2025",0.012963693588972092,1,-0.02050691470503807,-1,-0.02050691470503807,0.13744308715104125,,,,0,-205.0691470503807,0.002005256712436676,-0.014100291766226292,0.012963693588972092,-1.645425497330582
2025-11-04,fold_7,"Inflation bear, AI rally and 2025",0.011271150782704353,1,0.006486933678388596,1,0.006486933678388596,0.14393002082942985,,,,1,64.86933678388596,-0.0009740982204675674,0.003739549545571208,0.011271150782704353,0.4904235227950415
2025-11-05,fold_7,"Inflation bear, AI rally and 2025",0.010115841403603554,1,-0.018803009763360023,-1,-0.018803009763360023,0.12512701106606983,,,,0,-188.03009763360023,0.00016386806964874268,-0.0035360476467758417,0.010115841403603554,-1.4397275540722754
2025-11-06,fold_7,"Inflation bear, AI rally and 2025",0.011147130280733109,1,-0.0031603185925632715,-1,-0.0031603185925632715,0.12196669247350655,,,,0,-31.603185925632715,0.0012775920331478119,-0.005360324867069721,0.011147130280733109,-0.23038518248782683
2025-11-07,fold_7,"Inflation bear, AI rally and 2025",0.0071794092655181885,1,0.02188301645219326,1,0.02188301645219326,0.14384970892569982,,,,1,218.8301645219326,-0.013677190989255905,-0.0014442570973187685,0.0071794092655181885,1.9475170148969252
2025-11-10,fold_7,"Inflation bear, AI rally and 2025",0.010260898619890213,1,-0.002667073393240571,-1,-0.002667073393240571,0.14118263553245924,,,,0,-26.67073393240571,-0.008008407428860664,-0.03190450370311737,0.010260898619890213,-0.23559951962183132
2025-11-11,fold_7,"Inflation bear, AI rally and 2025",0.009528057649731636,1,-0.0007886635139584541,-1,-0.0007886635139584541,0.1403939720185008,,,,0,-7.886635139584541,-0.01481152605265379,-0.04148799180984497,0.009528057649731636,-0.07018370771346462
2025-11-12,fold_7,"Inflation bear, AI rally and 2025",0.017848314717411995,1,-0.020627286285161972,-1,-0.020627286285161972,0.11976668573333882,,,,0,-206.27286285161972,-0.02551584132015705,-0.034746989607810974,0.017848314717411995,-1.853642922140871
2025-11-13,fold_7,"Inflation bear, AI rally and 2025",0.008011844009160995,1,0.0007557492353953421,1,0.0007557492353953421,0.12052243496873416,,,,1,7.557492353953421,0.05597095191478729,-0.03807619959115982,0.008011844009160995,0.06288792179286838
2025-11-14,fold_7,"Inflation bear, AI rally and 2025",0.030579427257180214,1,-0.008577228523790836,-1,-0.008577228523790836,0.11194520644494332,,,,0,-85.77228523790836,0.007330151274800301,-0.03134717792272568,0.030579427257180214,-0.7190147203950206
2025-11-17,fold_7,"Inflation bear, AI rally and 2025",0.007664697244763374,1,-0.012250563129782677,-1,-0.012250563129782677,0.09969464331516065,,,,0,-122.50563129782677,0.004419153556227684,0.0024817129597067833,0.007664697244763374,-1.042298205062926
2025-11-18,fold_7,"Inflation bear, AI rally and 2025",0.007215237244963646,1,0.0059523372910916805,1,0.0059523372910916805,0.10564698060625233,,,,1,59.523372910916805,0.008627282455563545,0.020877135917544365,0.007215237244963646,0.49322207919352573
2025-11-19,fold_7,"Inflation bear, AI rally and 2025",0.007465861737728119,1,-0.02395649440586567,-1,-0.02395649440586567,0.08169048620038666,,,,0,-239.5649440586567,0.006836464628577232,0.02372167818248272,0.007465861737728119,-2.0052447494274688
2025-11-20,fold_7,"Inflation bear, AI rally and 2025",0.009217293933033943,1,0.007484769448637962,1,0.007484769448637962,0.08917525564902462,,,,1,74.84769448637962,0.011456822976469994,0.055752597749233246,0.009217293933033943,0.5775990910985691
2025-11-21,fold_7,"Inflation bear, AI rally and 2025",0.011142460629343987,1,0.025251662358641624,1,0.025251662358641624,0.11442691800766625,,,,1,252.51662358641624,0.019199831411242485,0.04490327462553978,0.011142460629343987,1.9653590753917458
2025-11-24,fold_7,"Inflation bear, AI rally and 2025",0.017835350707173347,1,0.006144860293716192,1,0.006144860293716192,0.12057177830138244,,,,1,61.44860293716192,0.03682120144367218,0.027447156608104706,0.017835350707173347,0.45626205881541687
2025-11-25,fold_7,"Inflation bear, AI rally and 2025",0.017398705706000328,1,0.008796879090368748,1,0.008796879090368748,0.12936865739175119,,,,1,87.96879090368748,0.013253314420580864,0.02374311164021492,0.017398705706000328,0.6550691216377408
2025-11-26,fold_7,"Inflation bear, AI rally and 2025",0.013072989881038666,1,0.008074427023530006,1,0.008074427023530006,0.1374430844152812,,,,1,80.74427023530006,-0.009307164698839188,0.014015650376677513,0.013072989881038666,0.5965591048813538
2025-11-28,fold_7,"Inflation bear, AI rally and 2025",0.013282064348459244,1,-0.0033645550720393658,-1,-0.0033645550720393658,0.13407852934324183,,,,0,-33.64555072039366,-0.0030165016651153564,0.010010326281189919,0.013282064348459244,-0.25463658553309576
2025-12-01,fold_7,"Inflation bear, AI rally and 2025",0.013074928894639015,1,0.007795544341206551,1,0.007795544341206551,0.14187407368444838,,,,1,77.9554434120655,-0.005342490971088409,0.011454490013420582,0.013074928894639015,0.5909859154765658
2025-12-02,fold_7,"Inflation bear, AI rally and 2025",0.010411953553557396,1,0.0024408164899796247,1,0.0024408164899796247,0.144314890174428,,,,1,24.408164899796247,-0.005704488605260849,0.004891549237072468,0.010411953553557396,0.18403833411928913
2025-12-03,fold_7,"Inflation bear, AI rally and 2025",0.01233590580523014,1,-0.0009305825224146247,-1,-0.0009305825224146247,0.14338430765201338,,,,0,-9.305825224146247,-0.007915608584880829,0.00653810752555728,0.01233590580523014,-0.07470613097210492
2025-12-04,fold_7,"Inflation bear, AI rally and 2025",0.011375928297638893,1,0.004069102928042412,1,0.004069102928042412,0.1474534105800558,,,,1,40.69102928042412,-0.0038073640316724777,0.004229042213410139,0.011375928297638893,0.3288540497593342
2025-12-05,fold_7,"Inflation bear, AI rally and 2025",0.012441227212548256,1,-0.0019203914562240243,-1,-0.0019203914562240243,0.14553301912383176,,,,0,-19.203914562240243,0.0016788989305496216,-0.01914352923631668,0.012441227212548256,-0.16451758365576602
2025-12-08,fold_7,"Inflation bear, AI rally and 2025",0.011030511930584908,1,0.0012326041469350457,1,0.0012326041469350457,0.1467656232707668,,,,1,12.326041469350457,0.000430060550570488,-0.02225513942539692,0.011030511930584908,0.10571795040473164
2025-12-09,fold_7,"Inflation bear, AI rally and 2025",0.011305972933769226,1,0.00408737501129508,1,0.00408737501129508,0.1508529982820619,,,,1,40.8737501129508,0.0038553792983293533,-0.02150787226855755,0.011305972933769226,0.3860940742634263
2025-12-10,fold_7,"Inflation bear, AI rally and 2025",0.013893971219658852,1,-0.0032396477181464434,-1,-0.0032396477181464434,0.14761335056391545,,,,0,-32.396477181464434,0.0036122743040323257,-0.04430621117353439,0.013893971219658852,-0.305364873438464
2025-12-11,fold_7,"Inflation bear, AI rally and 2025",0.011748276650905609,1,-0.019303468987345695,-1,-0.019303468987345695,0.12830988157656975,,,,0,-193.03468987345695,0.002666248008608818,-0.02668045461177826,0.011748276650905609,-1.8155420144186112
2025-12-12,fold_7,"Inflation bear, AI rally and 2025",-0.012411299161612988,-1,-0.005032000597566366,-1,0.005032000597566366,0.13334188217413612,,,,1,50.32000597566366,0.026492701843380928,0.005574300419539213,-0.012411299161612988,-0.47890443142588723
2025-12-15,fold_7,"Inflation bear, AI rally and 2025",-0.020173579454421997,-1,0.0019798711873590946,1,-0.0019798711873590946,0.13136201098677702,,,,0,-19.798711873590946,0.03278547525405884,0.01538827270269394,-0.020173579454421997,0.18738061852739712
2025-12-16,fold_7,"Inflation bear, AI rally and 2025",-0.04115005210042,-1,-0.018710967153310776,-1,0.018710967153310776,0.1500729781400878,,,,1,187.10967153310776,0.01752868853509426,0.018080780282616615,-0.04115005210042,-1.7991417330474324
2025-12-17,fold_7,"Inflation bear, AI rally and 2025",0.020630909129977226,1,0.014386109076440334,1,0.014386109076440334,0.16445908721652813,,,,1,143.86109076440334,0.005189208313822746,0.039713069796562195,0.020630909129977226,1.3234520309883862
2025-12-18,fold_7,"Inflation bear, AI rally and 2025",0.006106950342655182,1,0.012951286509633064,1,0.012951286509633064,0.1774103737261612,,,,1,129.51286509633064,0.012459250167012215,0.025262802839279175,0.006106950342655182,1.1504351940592996
2025-12-19,fold_7,"Inflation bear, AI rally and 2025",0.007028238847851753,1,0.00478197168558836,1,0.00478197168558836,0.18219234541174956,,,,1,47.8197168558836,0.009214790537953377,0.007459201384335756,0.007028238847851753,0.4635322635963407
