date,fold,regime,prediction,pred_direction,actual_return,actual_direction,strategy_return,cumulative_return,confidence,aleatoric,epistemic,correct,pnl_bps,B_pred,B_actual,D_pred,D_actual
2008-11-18,fold_1,GFC peak crash (Lehman + Mar-2009 bottom),-0.011381052434444427,-1,-0.05363579839468002,-1,0.05363579839468002,0.05363579839468002,,,,1,536.3579839468002,-0.011819092556834221,-0.0060164593160152435,-0.011381052434444427,-1.3795502580863528
2008-11-19,fold_1,GFC peak crash (Lehman + Mar-2009 bottom),-0.010701190680265427,-1,-0.049609940499067307,-1,0.049609940499067307,0.10324573889374733,,,,1,496.09940499067307,-0.012469084933400154,0.08865413069725037,-0.010701190680265427,-1.234032731259152
2008-11-20,fold_1,GFC peak crash (Lehman + Mar-2009 bottom),-0.009784387424588203,-1,0.042510632425546646,1,-0.042510632425546646,0.060735106468200684,,,,0,-425.10632425546646,-0.012980448082089424,0.13039687275886536,-0.009784387424588203,1.0195702067929981
2008-11-21,fold_1,GFC peak crash (Lehman + Mar-2009 bottom),-0.011226363480091095,-1,0.059322528541088104,1,-0.059322528541088104,0.0014125779271125793,,,,0,-593.225285410881,-0.011718519032001495,0.009702088311314583,-0.011226363480091095,1.4078845529535253
2008-11-24,fold_1,GFC peak crash (Lehman + Mar-2009 bottom),-0.015054771676659584,-1,-0.0046038818545639515,-1,0.0046038818545639515,0.006016459781676531,,,,1,46.038818545639515,-0.013537852093577385,-0.016746971756219864,-0.015054771676659584,-0.10529690246968396
2008-11-25,fold_1,GFC peak crash (Lehman + Mar-2009 bottom),-0.011583700776100159,-1,0.04103479161858559,1,-0.04103479161858559,-0.035018331836909056,,,,0,-410.34791618585587,-0.013953490182757378,0.015847941860556602,-0.011583700776100159,1.111254334073887
2008-11-26,fold_1,GFC peak crash (Lehman + Mar-2009 bottom),-0.01255989819765091,-1,-0.007867200300097466,-1,0.007867200300097466,-0.02715113153681159,,,,1,78.67200300097466,-0.015852300450205803,-0.053896866738796234,-0.01255989819765091,-0.2067849103956423
2008-11-28,fold_1,GFC peak crash (Lehman + Mar-2009 bottom),-0.012053128331899643,-1,-0.07818415015935898,-1,0.07818415015935898,0.05103301862254739,,,,1,781.8415015935898,-0.014445923268795013,-0.0062005408108234406,-0.012053128331899643,-2.0920149030097552
2008-12-01,fold_1,GFC peak crash (Lehman + Mar-2009 bottom),-0.011460613459348679,-1,0.03287346661090851,1,-0.03287346661090851,0.01815955201163888,,,,0,-328.7346661090851,-0.011986484751105309,0.11061938107013702,-0.011460613459348679,0.7967744531761531
2008-12-02,fold_1,GFC peak crash (Lehman + Mar-2009 bottom),-0.011576291173696518,-1,0.027991032227873802,1,-0.027991032227873802,-0.009831480216234922,,,,0,-279.910322278738,-0.00977318175137043,0.07541601359844208,-0.011576291173696518,0.6679611691128471
2008-12-03,fold_1,GFC peak crash (Lehman + Mar-2009 bottom),-0.01251608319580555,-1,-0.0287100151181221,-1,0.0287100151181221,0.01887853490188718,,,,1,287.100151181221,-0.009541403502225876,0.04408736154437065,-0.01251608319580555,-0.6850921338906252
2008-12-04,fold_1,GFC peak crash (Lehman + Mar-2009 bottom),-0.012155193835496902,-1,0.03982912749052048,1,-0.03982912749052048,-0.0209505925886333,,,,0,-398.2912749052048,-0.007821910083293915,0.04499876871705055,-0.012155193835496902,0.9793462647053741
2008-12-05,fold_1,GFC peak crash (Lehman + Mar-2009 bottom),-0.012747067958116531,-1,0.03863576799631119,1,-0.03863576799631119,-0.05958636058494449,,,,0,-386.3576799631119,-0.007328949868679047,0.025248471647500992,-0.012747067958116531,0.9573386069605946
2008-12-08,fold_1,GFC peak crash (Lehman + Mar-2009 bottom),-0.010263489559292793,-1,-0.0023298992309719324,-1,0.0023298992309719324,-0.057256461353972554,,,,1,23.298992309719324,-0.00954817607998848,-0.031062552705407143,-0.010263489559292793,-0.05680074135595529
2008-12-09,fold_1,GFC peak crash (Lehman + Mar-2009 bottom),-0.010643018409609795,-1,-0.0033376188948750496,-1,0.0033376188948750496,-0.053918842459097505,,,,1,33.376188948750496,-0.012300511822104454,0.018161559477448463,-0.010643018409609795,-0.08158449891293568
2008-12-10,fold_1,GFC peak crash (Lehman + Mar-2009 bottom),-0.012937694787979126,-1,-0.0277986079454422,-1,0.0277986079454422,-0.026120234513655305,,,,1,277.986079454422,-0.012277638539671898,0.009317740797996521,-0.012937694787979126,-0.6843648104632636
2008-12-11,fold_1,GFC peak crash (Lehman + Mar-2009 bottom),-0.012091102078557014,-1,0.020078828558325768,1,-0.020078828558325768,-0.04619906307198107,,,,0,-200.78828558325768,-0.011126521974802017,0.019404899328947067,-0.012091102078557014,0.505647258021963
2008-12-12,fold_1,GFC peak crash (Lehman + Mar-2009 bottom),-0.013035479933023453,-1,-0.017675256356596947,-1,0.017675256356596947,-0.028523806715384126,,,,1,176.75256356596947,-0.013374906033277512,0.007497432641685009,-0.013035479933023453,-0.4687346241071723
2008-12-15,fold_1,GFC peak crash (Lehman + Mar-2009 bottom),-0.015359632670879364,-1,0.04689421504735947,1,-0.04689421504735947,-0.07541802176274359,,,,0,-468.94215047359467,-0.008867140859365463,0.003164258087053895,-0.015359632670879364,1.2939084794448272
2008-12-16,fold_1,GFC peak crash (Lehman + Mar-2009 bottom),-0.01410878449678421,-1,-0.012181437574326992,-1,0.012181437574326992,-0.0632365841884166,,,,1,121.81437574326992,-0.005464285612106323,-0.04887895658612251,-0.01410878449678421,-0.32546634396738044
2008-12-17,fold_1,GFC peak crash (Lehman + Mar-2009 bottom),-0.011795714497566223,-1,-0.017711449414491653,-1,0.017711449414491653,-0.04552513477392495,,,,1,177.11449414491653,-0.008206594735383987,-0.033948201686143875,-0.011795714497566223,-0.4719795642427665
2008-12-18,fold_1,GFC peak crash (Lehman + Mar-2009 bottom),-0.010810963809490204,-1,0.008171360939741135,1,-0.008171360939741135,-0.05369649571366608,,,,0,-81.71360939741135,-0.010235682129859924,-0.01657971180975437,-0.010810963809490204,0.22839322156023914
2008-12-19,fold_1,GFC peak crash (Lehman + Mar-2009 bottom),-0.008363742381334305,-1,-0.02200843021273613,-1,0.02200843021273613,-0.03168806550092995,,,,1,220.0843021273613,-0.008152872323989868,-0.03302434831857681,-0.008363742381334305,-0.6461012592114418
2008-12-22,fold_1,GFC peak crash (Lehman + Mar-2009 bottom),-0.00711627583950758,-1,-0.005149002652615309,-1,0.005149002652615309,-0.026539062848314643,,,,1,51.49002652615309,-0.011399952694773674,0.009539843536913395,-0.00711627583950758,-0.1556607008643919
2008-12-23,fold_1,GFC peak crash (Lehman + Mar-2009 bottom),-0.008143944665789604,-1,0.0027493173256516457,1,-0.0027493173256516457,-0.02928838017396629,,,,0,-27.493173256516457,-0.013601329177618027,0.0231305118650198,-0.008143944665789604,0.09066467300399882
2008-12-24,fold_1,GFC peak crash (Lehman + Mar-2009 bottom),-0.00843627005815506,-1,-0.0003429576463531703,-1,0.0003429576463531703,-0.02894542252761312,,,,1,3.4295764635317028,-0.011847585439682007,0.06284288316965103,-0.00843627005815506,-0.01131396397522408
2008-12-26,fold_1,GFC peak crash (Lehman + Mar-2009 bottom),-0.01079598069190979,-1,-0.008273275569081306,-1,0.008273275569081306,-0.020672146958531812,,,,1,82.73275569081306,-0.011800142005085945,0.06286349147558212,-0.01079598069190979,-0.28636381278925166
2008-12-29,fold_1,GFC peak crash (Lehman + Mar-2009 bottom),-0.010966390371322632,-1,0.020555762574076653,1,-0.020555762574076653,-0.041227909532608464,,,,0,-205.55762574076653,-0.010856853798031807,0.08108048141002655,-0.010966390371322632,0.7113592667332982
2008-12-30,fold_1,GFC peak crash (Lehman + Mar-2009 bottom),-0.010656729340553284,-1,0.008441665209829807,1,-0.008441665209829807,-0.04966957474243827,,,,0,-84.41665209829807,-0.010713882744312286,0.0317063182592392,-0.010656729340553284,0.359792261687734
2008-12-31,fold_1,GFC peak crash (Lehman + Mar-2009 bottom),-0.009392183274030685,-1,0.042461689561605453,1,-0.042461689561605453,-0.09213126430404373,,,,0,-424.61689561605453,-0.01091514527797699,0.033722203224897385,-0.009392183274030685,1.8988990613166399
2009-01-02,fold_1,GFC peak crash (Lehman + Mar-2009 bottom),-0.009962726384401321,-1,-0.00032235000981017947,-1,0.00032235000981017947,-0.09180891429423355,,,,1,3.2235000981017947,-0.015589499846100807,-0.03142658993601799,-0.009962726384401321,-0.013732587060522822
2009-01-05,fold_1,GFC peak crash (Lehman + Mar-2009 bottom),-0.009784989058971405,-1,0.00994371809065342,1,-0.00994371809065342,-0.10175263238488697,,,,0,-99.4371809065342,-0.01793704926967621,-0.04956405982375145,-0.009784989058971405,0.440405604963444
2009-01-06,fold_1,GFC peak crash (Lehman + Mar-2009 bottom),-0.009736822918057442,-1,-0.028818404302001,-1,0.028818404302001,-0.07293422808288597,,,,1,288.18404302001,-0.01775774545967579,-0.0591689758002758,-0.009736822918057442,-1.38107552841447
2009-01-07,fold_1,GFC peak crash (Lehman + Mar-2009 bottom),-0.010502932593226433,-1,0.010457552038133144,1,-0.010457552038133144,-0.08339178012101911,,,,0,-104.57552038133144,-0.01731366291642189,-0.06130253151059151,-0.010502932593226433,0.5213772021956417
2009-01-08,fold_1,GFC peak crash (Lehman + Mar-2009 bottom),-0.012397903949022293,-1,-0.02268710546195507,-1,0.02268710546195507,-0.06070467465906404,,,,1,226.8710546195507,-0.013681348413228989,-0.05547646805644035,-0.012397903949022293,-1.123864984696404
2009-01-09,fold_1,GFC peak crash (Lehman + Mar-2009 bottom),-0.01085570827126503,-1,-0.018459821119904518,-1,0.018459821119904518,-0.04224485353915952,,,,1,184.59821119904518,-0.007595837116241455,-0.021853338927030563,-0.01085570827126503,-0.8874499725674849
2009-01-12,fold_1,GFC peak crash (Lehman + Mar-2009 bottom),-0.010847166180610657,-1,0.00033880159026011825,1,-0.00033880159026011825,-0.04258365512941964,,,,0,-3.3880159026011825,-0.0033981092274188995,-0.05429340526461601,-0.010847166180610657,0.016710213945114464
2009-01-13,fold_1,GFC peak crash (Lehman + Mar-2009 bottom),-0.010840442031621933,-1,-0.030951958149671555,-1,0.030951958149671555,-0.011631696979748085,,,,1,309.51958149671555,-0.0019331611692905426,-0.012951979413628578,-0.010840442031621933,-1.5654513740687834
2009-01-14,fold_1,GFC peak crash (Lehman + Mar-2009 bottom),-0.006450129672884941,-1,0.016283614560961723,1,-0.016283614560961723,-0.02791531154070981,,,,0,-162.83614560961723,-0.0022049695253372192,0.0045303646475076675,-0.006450129672884941,0.7915411764355298
2009-01-15,fold_1,GFC peak crash (Lehman + Mar-2009 bottom),-0.0065666018053889275,-1,0.01093602366745472,1,-0.01093602366745472,-0.03885133520816453,,,,0,-109.3602366745472,-0.0021258890628814697,-0.006897205486893654,-0.0065666018053889275,0.6052141544043578
2009-01-16,fold_1,GFC peak crash (Lehman + Mar-2009 bottom),-0.008705057203769684,-1,-0.05089988932013512,-1,0.05089988932013512,0.012048554111970589,,,,1,508.99889320135117,-0.010180860757827759,-0.010592788457870483,-0.008705057203769684,-2.823098035338528
2009-01-20,fold_1,GFC peak crash (Lehman + Mar-2009 bottom),-0.009167350828647614,-1,0.0416802279651165,1,-0.0416802279651165,-0.029631673853145912,,,,0,-416.802279651165,-0.007774908095598221,0.04749481379985809,-0.009167350828647614,1.9894501200614343
2009-01-21,fold_1,GFC peak crash (Lehman + Mar-2009 bottom),-0.009775659069418907,-1,-0.013469614088535309,-1,0.013469614088535309,-0.016162059764610603,,,,1,134.6961408853531,-0.008978348225355148,0.04034192115068436,-0.009775659069418907,-0.5892937199583155
2009-01-22,fold_1,GFC peak crash (Lehman + Mar-2009 bottom),-0.011339783668518066,-1,0.004856044892221689,1,-0.004856044892221689,-0.021018104656832293,,,,0,-48.56044892221689,-0.008900981396436691,0.02811305969953537,-0.011339783668518066,0.21559962684167613
2009-01-23,fold_1,GFC peak crash (Lehman + Mar-2009 bottom),-0.01048990711569786,-1,0.00724044069647789,1,-0.00724044069647789,-0.028258545353310183,,,,0,-72.4044069647789,-0.007584813982248306,0.005520956590771675,-0.01048990711569786,0.32150893117112656
2009-01-26,fold_1,GFC peak crash (Lehman + Mar-2009 bottom),-0.010488832369446754,-1,0.007187714800238609,1,-0.007187714800238609,-0.03544626015354879,,,,0,-71.8771480023861,-0.006600271910429001,0.01025271974503994,-0.010488832369446754,0.318464132859641
2009-01-27,fold_1,GFC peak crash (Lehman + Mar-2009 bottom),-0.012948878109455109,-1,0.034527335315942764,1,-0.034527335315942764,-0.06997359546949156,,,,0,-345.27335315942764,-0.006492301821708679,0.018584955483675003,-0.012948878109455109,1.5259379429002036
2009-01-28,fold_1,GFC peak crash (Lehman + Mar-2009 bottom),-0.008209872990846634,-1,-0.025698475539684296,-1,0.025698475539684296,-0.04427511992980726,,,,1,256.98475539684296,-0.010071158409118652,-0.01460401713848114,-0.008209872990846634,-1.0781286776485335
2009-01-29,fold_1,GFC peak crash (Lehman + Mar-2009 bottom),-0.008313314989209175,-1,-0.017736058682203293,-1,0.017736058682203293,-0.026539061247603968,,,,1,177.36058682203293,-0.007237974554300308,0.032920949161052704,-0.008313314989209175,-0.7364133233704658
2009-01-30,fold_1,GFC peak crash (Lehman + Mar-2009 bottom),-0.009482739493250847,-1,0.011972203850746155,1,-0.011972203850746155,-0.03851126509835012,,,,0,-119.72203850746155,-0.008373629301786423,0.07648946344852448,-0.009482739493250847,0.4919620198706491
2009-02-02,fold_1,GFC peak crash (Lehman + Mar-2009 bottom),-0.010263044387102127,-1,0.015519951470196247,1,-0.015519951470196247,-0.05403121656854637,,,,0,-155.19951470196247,-0.007562749087810516,0.06865273416042328,-0.010263044387102127,0.6877479031448788
2009-02-03,fold_1,GFC peak crash (Lehman + Mar-2009 bottom),-0.009708760306239128,-1,0.0013383622281253338,1,-0.0013383622281253338,-0.0553695787966717,,,,0,-13.383622281253338,-0.0036367960274219513,0.015612514689564705,-0.009708760306239128,0.05861908332521261
2009-02-04,fold_1,GFC peak crash (Lehman + Mar-2009 bottom),-0.01062752678990364,-1,0.021826492622494698,1,-0.021826492622494698,-0.0771960714191664,,,,0,-218.26492622494698,-0.0019998103380203247,0.009649120271205902,-0.01062752678990364,0.9604636281767396
2009-02-05,fold_1,GFC peak crash (Lehman + Mar-2009 bottom),-0.01010395959019661,-1,0.02583245187997818,1,-0.02583245187997818,-0.10302852329914458,,,,0,-258.3245187997818,-0.0035488903522491455,0.0,-0.01010395959019661,1.1567459466344763
2009-02-06,fold_1,GFC peak crash (Lehman + Mar-2009 bottom),-0.01072758249938488,-1,0.004135478753596544,1,-0.004135478753596544,-0.10716400205274113,,,,0,-41.35478753596544,-0.006539672613143921,-0.030422896146774292,-0.01072758249938488,0.18020994654689176
2009-02-09,fold_1,GFC peak crash (Lehman + Mar-2009 bottom),-0.008465273305773735,-1,-0.03752027079463005,-1,0.03752027079463005,-0.06964373125811107,,,,1,375.2027079463005,-0.008111447095870972,-0.07513406872749329,-0.008465273305773735,-1.6750522774946477
2009-02-10,fold_1,GFC peak crash (Lehman + Mar-2009 bottom),-0.009333951398730278,-1,-0.004625031724572182,-1,0.004625031724572182,-0.06501869953353889,,,,1,46.25031724572182,-0.005979418754577637,-0.03692920506000519,-0.009333951398730278,-0.1963064211528487
2009-02-11,fold_1,GFC peak crash (Lehman + Mar-2009 bottom),-0.011166278272867203,-1,0.01217737141996622,1,-0.01217737141996622,-0.07719607095350511,,,,0,-121.77371419966221,-0.009764602407813072,-0.04781389608979225,-0.011166278272867203,0.5163659305223878
2009-02-12,fold_1,GFC peak crash (Lehman + Mar-2009 bottom),-0.011925246566534042,-1,-0.004590444266796112,-1,0.004590444266796112,-0.072605626686709,,,,1,45.90444266796112,-0.01026366651058197,-0.057216279208660126,-0.011925246566534042,-0.20214900412444273
2009-02-13,fold_1,GFC peak crash (Lehman + Mar-2009 bottom),-0.012550652027130127,-1,-0.04057569429278374,-1,0.04057569429278374,-0.032029932393925264,,,,1,405.7569429278374,-0.008926276117563248,-0.08823682367801666,-0.012550652027130127,-1.8083558163302977
2009-02-17,fold_1,GFC peak crash (Lehman + Mar-2009 bottom),-0.01368509978055954,-1,0.000684593163896352,1,-0.000684593163896352,-0.032714525557821617,,,,0,-6.8459316389635205,-0.0030728355050086975,-0.015172178857028484,-0.01368509978055954,0.02843112078509613
2009-02-18,fold_1,GFC peak crash (Lehman + Mar-2009 bottom),-0.014824280515313148,-1,-0.015509720891714096,-1,0.015509720891714096,-0.01720480466610752,,,,1,155.09720891714096,-0.004002045840024948,-0.022480914369225502,-0.014824280515313148,-0.7309061935277794
2009-02-19,fold_1,GFC peak crash (Lehman + Mar-2009 bottom),-0.008077025413513184,-1,0.002774988068267703,1,-0.002774988068267703,-0.019979792734375224,,,,0,-27.74988068267703,-0.0029784031212329865,-0.03535139560699463,-0.008077025413513184,0.14321432013255497
2009-02-20,fold_1,GFC peak crash (Lehman + Mar-2009 bottom),-0.007507131434977055,-1,-0.03561098873615265,-1,0.03561098873615265,0.015631196001777425,,,,1,356.1098873615265,-0.0030292943120002747,-0.04752684384584427,-0.007507131434977055,-1.8594837500008825
2009-02-23,fold_1,GFC peak crash (Lehman + Mar-2009 bottom),-0.00828133150935173,-1,0.032488949596881866,1,-0.032488949596881866,-0.01685775359510444,,,,0,-324.88949596881866,-0.00526866689324379,-0.04477813467383385,-0.00828133150935173,1.5686010459481285
2009-02-24,fold_1,GFC peak crash (Lehman + Mar-2009 bottom),-0.009166184812784195,-1,-0.00662414263933897,-1,0.00662414263933897,-0.01023361095576547,,,,1,66.2414263933897,-0.008311405777931213,-0.0780186802148819,-0.009166184812784195,-0.3026191429693795
2009-02-25,fold_1,GFC peak crash (Lehman + Mar-2009 bottom),-0.007933352142572403,-1,-0.028380202129483223,-1,0.028380202129483223,0.018146591173717752,,,,1,283.80202129483223,-0.010010909289121628,-0.04507232457399368,-0.007933352142572403,-1.2970558461101405
2009-02-26,fold_1,GFC peak crash (Lehman + Mar-2009 bottom),-0.007917072623968124,-1,-0.009400458075106144,-1,0.009400458075106144,0.027547049248823896,,,,1,94.00458075106144,-0.009121865034103394,-0.04715467616915703,-0.007917072623968124,-0.4385750530238969
2009-02-27,fold_1,GFC peak crash (Lehman + Mar-2009 bottom),-0.010251637548208237,-1,-0.03286227956414223,-1,0.03286227956414223,0.06040932881296612,,,,1,328.6227956414223,-0.01005895622074604,-0.045707352459430695,-0.010251637548208237,-1.5832543341428431
2009-03-02,fold_1,GFC peak crash (Lehman + Mar-2009 bottom),-0.008821796625852585,-1,-0.000751598970964551,-1,0.000751598970964551,0.061160927783930674,,,,1,7.51598970964551,-0.007911287248134613,-0.03436747193336487,-0.008821796625852585,-0.034702426339665096
2009-03-03,fold_1,GFC peak crash (Lehman + Mar-2009 bottom),-0.008236568421125412,-1,0.026322215795516968,1,-0.026322215795516968,0.034838711988413706,,,,0,-263.2221579551697,-0.005777906626462936,0.026322215795516968,-0.008236568421125412,1.2246895328254972
2009-03-04,fold_1,GFC peak crash (Lehman + Mar-2009 bottom),-0.009410388767719269,-1,-0.030462555587291718,-1,0.030462555587291718,0.06530126757570542,,,,1,304.6255558729172,-0.007768694311380386,0.015251108445227146,-0.009410388767719269,-1.3838793595797154
2009-03-05,fold_1,GFC peak crash (Lehman + Mar-2009 bottom),-0.009021669626235962,-1,-0.007953135296702385,-1,0.007953135296702385,0.07325440287240781,,,,1,79.53135296702385,-0.006779797375202179,0.0783289447426796,-0.009021669626235962,-0.34518343722180445
2009-03-06,fold_1,GFC peak crash (Lehman + Mar-2009 bottom),-0.011123083531856537,-1,-0.0215223990380764,-1,0.0215223990380764,0.09477680191048421,,,,1,215.223990380764,-0.004361793398857117,0.08872090280056,-0.011123083531856537,-0.9528420129139734
2009-03-09,fold_1,GFC peak crash (Lehman + Mar-2009 bottom),-0.007130707614123821,-1,0.059938088059425354,1,-0.059938088059425354,0.034838713851058856,,,,0,-599.3808805942535,-0.0018395110964775085,0.093400739133358,-0.007130707614123821,2.6805293227550755
2009-03-10,fold_1,GFC peak crash (Lehman + Mar-2009 bottom),-0.00937705859541893,-1,0.015251108445227146,1,-0.015251108445227146,0.01958760540583171,,,,0,-152.51108445227146,-0.0041745007038116455,0.07062570750713348,-0.00937705859541893,0.5853840661056128
2009-03-11,fold_1,GFC peak crash (Lehman + Mar-2009 bottom),-0.010120104998350143,-1,0.03261528164148331,1,-0.03261528164148331,-0.013027676235651597,,,,0,-326.15281641483307,-0.0016290396451950073,0.0679113119840622,-0.010120104998350143,1.3098519365463446
2009-03-12,fold_1,GFC peak crash (Lehman + Mar-2009 bottom),-0.010859165340662003,-1,0.0024388229940086603,1,-0.0024388229940086603,-0.015466499229660258,,,,0,-24.388229940086603,-0.0025215931236743927,0.03462249040603638,-0.010859165340662003,0.09407075065924828
2009-03-13,fold_1,GFC peak crash (Lehman + Mar-2009 bottom),-0.010899646207690239,-1,-0.016842564567923546,-1,0.016842564567923546,0.0013760653382632881,,,,1,168.42564567923546,-0.005207173526287079,0.0168460663408041,-0.010899646207690239,-0.6531217118920715
2009-03-16,fold_1,GFC peak crash (Lehman + Mar-2009 bottom),-0.010030936449766159,-1,0.037163060158491135,1,-0.037163060158491135,-0.035786994820227847,,,,0,-371.63060158491135,-0.002744782716035843,0.09096124023199081,-0.010030936449766159,1.4270914904074783
2009-03-17,fold_1,GFC peak crash (Lehman + Mar-2009 bottom),-0.014166727662086487,-1,0.012536708265542984,1,-0.012536708265542984,-0.04832370308577083,,,,0,-125.36708265542984,-0.003788866102695465,0.03517917916178703,-0.014166727662086487,0.48619827721992376
2009-03-18,fold_1,GFC peak crash (Lehman + Mar-2009 bottom),-0.012730985879898071,-1,-0.000673539936542511,-1,0.000673539936542511,-0.04765016314922832,,,,1,6.73539936542511,-0.005827032029628754,0.02724788524210453,-0.012730985879898071,-0.025968645943417606
2009-03-19,fold_1,GFC peak crash (Lehman + Mar-2009 bottom),-0.013354817405343056,-1,-0.015337600372731686,-1,0.015337600372731686,-0.032312562776496634,,,,1,153.37600372731686,-0.007243350148200989,0.05830502137541771,-0.013354817405343056,-0.5966964858352954
2009-03-20,fold_1,GFC peak crash (Lehman + Mar-2009 bottom),-0.01256532408297062,-1,0.05727260932326317,1,-0.05727260932326317,-0.0895851720997598,,,,0,-572.7260932326317,-0.007161516696214676,0.05468008294701576,-0.01256532408297062,2.2092033033287364
2009-03-23,fold_1,GFC peak crash (Lehman + Mar-2009 bottom),-0.01260594092309475,-1,-0.018618999049067497,-1,0.018618999049067497,-0.0709661730506923,,,,1,186.18999049067497,-0.008976176381111145,-0.027560722082853317,-0.01260594092309475,-0.6698162405411248
2009-03-24,fold_1,GFC peak crash (Lehman + Mar-2009 bottom),-0.009506244212388992,-1,0.0046054162085056305,1,-0.0046054162085056305,-0.07557158925919794,,,,0,-46.054162085056305,-0.00868319720029831,-0.00033004675060510635,-0.009506244212388992,0.16961509548873643
2009-03-25,fold_1,GFC peak crash (Lehman + Mar-2009 bottom),-0.0075965942814946175,-1,0.03038359433412552,1,-0.03038359433412552,-0.10595518359332345,,,,0,-303.8359433412552,-0.010314328595995903,0.00979765597730875,-0.0075965942814946175,1.1198733440510578
2009-03-26,fold_1,GFC peak crash (Lehman + Mar-2009 bottom),-0.010127834975719452,-1,-0.018962539732456207,-1,0.018962539732456207,-0.08699264386086725,,,,1,189.62539732456207,-0.011474864557385445,0.011081703938543797,-0.010127834975719452,-0.6961401824098795
2009-03-27,fold_1,GFC peak crash (Lehman + Mar-2009 bottom),-0.009186789393424988,-1,-0.024968193843960762,-1,0.024968193843960762,-0.062024450016906485,,,,1,249.68193843960762,-0.008695080876350403,0.048450127243995667,-0.009186789393424988,-0.9083529903405672
2009-03-30,fold_1,GFC peak crash (Lehman + Mar-2009 bottom),-0.008723285049200058,-1,0.008611675351858139,1,-0.008611675351858139,-0.07063612536876462,,,,0,-86.11675351858139,-0.006692629307508469,0.0709424838423729,-0.008723285049200058,0.31813871412694694
2011-10-20,fold_2,2011 US-downgrade + EU debt,-0.010198689997196198,-1,0.012468178756535053,1,-0.012468178756535053,-0.012468178756535053,,,,0,-124.68178756535053,-0.009145520627498627,0.03915964812040329,-0.010198689997196198,0.7254950301428739
2011-10-21,fold_2,2011 US-downgrade + EU debt,-0.009069882333278656,-1,0.02055499702692032,1,-0.02055499702692032,-0.03302317578345537,,,,0,-205.5499702692032,-0.011098276823759079,0.028219684958457947,-0.009069882333278656,1.1916707960141402
2011-10-24,fold_2,2011 US-downgrade + EU debt,-0.008012652397155762,-1,-0.019857194274663925,-1,0.019857194274663925,-0.013165981508791447,,,,1,198.57194274663925,-0.016814421862363815,-0.009274552576243877,-0.008012652397155762,-1.1242654227451692
2011-10-25,fold_2,2011 US-downgrade + EU debt,-0.01151232048869133,-1,-0.0012212475994601846,-1,0.0012212475994601846,-0.011944733909331262,,,,1,12.212475994601846,-0.015682445839047432,-0.01582009345293045,-0.01151232048869133,-0.06760576848215083
2011-10-26,fold_2,2011 US-downgrade + EU debt,-0.008197911083698273,-1,0.027214914560317993,1,-0.027214914560317993,-0.039159648469649255,,,,0,-272.14914560317993,-0.01026700995862484,-0.006130612455308437,-0.008197911083698273,1.5327721267443946
2011-10-27,fold_2,2011 US-downgrade + EU debt,-0.012533452361822128,-1,0.0015282155945897102,1,-0.0015282155945897102,-0.040687864064238966,,,,0,-15.282155945897102,-0.009086482226848602,-0.012826281599700451,-0.012533452361822128,0.08226495855020724
2011-10-28,fold_2,2011 US-downgrade + EU debt,-0.012318495661020279,-1,-0.01693923957645893,-1,0.01693923957645893,-0.023748624487780035,,,,1,169.3923957645893,-0.008448123931884766,-0.019531505182385445,-0.012318495661020279,-0.9604499301628657
2011-10-31,fold_2,2011 US-downgrade + EU debt,-0.014807749539613724,-1,-0.026402734220027924,-1,0.026402734220027924,0.002654109732247889,,,,1,264.02734220027924,-0.009014345705509186,0.004476445727050304,-0.014807749539613724,-1.5465390044523744
2011-11-01,fold_2,2011 US-downgrade + EU debt,-0.010460253804922104,-1,0.008468233048915863,1,-0.008468233048915863,-0.005814123316667974,,,,0,-84.68233048915863,-0.00982203334569931,0.04232337325811386,-0.010460253804922104,0.48436570043620525
2011-11-02,fold_2,2011 US-downgrade + EU debt,-0.0077592916786670685,-1,0.02051924541592598,1,-0.02051924541592598,-0.026333368732593954,,,,0,-205.1924541592598,-0.022608725354075432,-0.0019340838771313429,-0.0077592916786670685,1.2326345198031936
2011-11-03,fold_2,2011 US-downgrade + EU debt,-0.00951206311583519,-1,-0.005177008453756571,-1,0.005177008453756571,-0.021156360278837383,,,,1,51.77008453756571,-0.023566246032714844,-0.022981518879532814,-0.00951206311583519,-0.3070564506044192
2011-11-04,fold_2,2011 US-downgrade + EU debt,-0.010770708322525024,-1,0.007068710867315531,1,-0.007068710867315531,-0.028225071146152914,,,,0,-70.68710867315531,-0.019625993445515633,0.0008646357455290854,-0.010770708322525024,0.4198931974338946
2011-11-07,fold_2,2011 US-downgrade + EU debt,-0.014509065076708794,-1,0.011444195173680782,1,-0.011444195173680782,-0.039669266319833696,,,,0,-114.44195173680782,-0.018739743158221245,-0.012446429580450058,-0.014509065076708794,0.7577434176658022
2011-11-08,fold_2,2011 US-downgrade + EU debt,-0.013439597561955452,-1,-0.03578922525048256,-1,0.03578922525048256,-0.0038800410693511367,,,,1,357.8922525048256,-0.0181307140737772,-0.012819630093872547,-0.013439597561955452,-2.3478716767528267
2011-11-09,fold_2,2011 US-downgrade + EU debt,-0.01629035174846649,-1,-0.0005281896446831524,-1,0.0005281896446831524,-0.0033518514246679842,,,,1,5.281896446831524,-0.013686079531908035,0.006316989194601774,-0.01629035174846649,-0.030743494779457137
2011-11-10,fold_2,2011 US-downgrade + EU debt,-0.009864579886198044,-1,0.018669145181775093,1,-0.018669145181775093,-0.022020996606443077,,,,0,-186.69145181775093,-0.009185448288917542,-0.016872424632310867,-0.009864579886198044,1.0943993430677403
2011-11-11,fold_2,2011 US-downgrade + EU debt,-0.010358255356550217,-1,-0.006242354400455952,-1,0.006242354400455952,-0.015778642205987126,,,,1,62.42354400455952,-0.01591048203408718,-0.04327357932925224,-0.010358255356550217,-0.3656038217529387
2011-11-14,fold_2,2011 US-downgrade + EU debt,-0.009740155190229416,-1,0.011070994660258293,1,-0.011070994660258293,-0.02684963686624542,,,,0,-110.70994660258293,-0.01456315629184246,-0.056350450962781906,-0.009740155190229416,0.660064405187602
2011-11-15,fold_2,2011 US-downgrade + EU debt,-0.011942170560359955,-1,-0.016652606427669525,-1,0.016652606427669525,-0.010197030438575894,,,,1,166.52606427669525,-0.01739128865301609,-0.06411396712064743,-0.011942170560359955,-0.9954319296180413
2011-11-16,fold_2,2011 US-downgrade + EU debt,-0.01869380660355091,-1,-0.023717602714896202,-1,0.023717602714896202,0.013520572276320308,,,,1,237.17602714896202,-0.01752619445323944,-0.07028059661388397,-0.01869380660355091,-1.4309837360810318
2011-11-17,fold_2,2011 US-downgrade + EU debt,-0.010770481079816818,-1,-0.007732008118182421,-1,0.007732008118182421,0.02125258039450273,,,,1,77.32008118182421,-0.013157106935977936,-0.05428644269704819,-0.010770481079816818,-0.44520972628588534
2011-11-18,fold_2,2011 US-downgrade + EU debt,-0.012814339250326157,-1,-0.01931922696530819,-1,0.01931922696530819,0.04057180735981092,,,,1,193.1922696530819,-0.005166001617908478,-0.012350264005362988,-0.012814339250326157,-1.1213304566334896
2011-11-21,fold_2,2011 US-downgrade + EU debt,-0.012323938310146332,-1,0.003307477105408907,1,-0.003307477105408907,0.03726433025440201,,,,0,-33.07477105408907,0.007815465331077576,0.0007365956553258002,-0.012323938310146332,0.1927749391665025
2011-11-22,fold_2,2011 US-downgrade + EU debt,-0.014545407146215439,-1,-0.022819234058260918,-1,0.022819234058260918,0.06008356431266293,,,,1,228.19234058260918,0.0026383958756923676,0.03372405469417572,-0.014545407146215439,-1.3755493653767066
2011-11-23,fold_2,2011 US-downgrade + EU debt,-0.011614654213190079,-1,-0.00772344833239913,-1,0.00772344833239913,0.06780701264506206,,,,1,77.2344833239913,0.025281809270381927,0.06343542039394379,-0.011614654213190079,-0.4450522951381622
2011-11-25,fold_2,2011 US-downgrade + EU debt,-0.01121736504137516,-1,0.03420417010784149,1,-0.03420417010784149,0.03360284253722057,,,,0,-342.0417010784149,0.017894823104143143,0.06833713501691818,-0.01121736504137516,2.0928216108284197
2011-11-28,fold_2,2011 US-downgrade + EU debt,-0.0022685565054416656,-1,-0.006232367362827063,-1,0.006232367362827063,0.03983520990004763,,,,1,62.323673628270626,0.013455118983983994,0.045023635029792786,-0.0022685565054416656,-0.3454483536275587
2011-11-29,fold_2,2011 US-downgrade + EU debt,-0.012233439832925797,-1,0.03629493713378906,1,-0.03629493713378906,0.0035402727662585676,,,,0,-362.9493713378906,0.010746248066425323,0.048457056283950806,-0.012233439832925797,2.051226385858985
2011-11-30,fold_2,2011 US-downgrade + EU debt,-0.008268153294920921,-1,0.006892128381878138,1,-0.006892128381878138,-0.00335185561561957,,,,0,-68.92128381878138,-0.003236483782529831,0.012162119150161743,-0.008268153294920921,0.37154584442518823
2011-12-01,fold_2,2011 US-downgrade + EU debt,-0.009875528514385223,-1,-0.002821733010932803,-1,0.002821733010932803,-0.0005301226046867669,,,,1,28.21733010932803,-0.010418863967061043,-0.011691782623529434,-0.009875528514385223,-0.15238429575365461
2011-12-02,fold_2,2011 US-downgrade + EU debt,-0.010652577504515648,-1,0.010890672914683819,1,-0.010890672914683819,-0.011420795519370586,,,,0,-108.90672914683819,-0.010477669537067413,0.007039838936179876,-0.010652577504515648,0.6066935826487395
2011-12-05,fold_2,2011 US-downgrade + EU debt,-0.011654369533061981,-1,-0.0027989486698061228,-1,0.0027989486698061228,-0.008621846849564463,,,,1,27.989486698061228,-0.011210639029741287,-0.015138103626668453,-0.011654369533061981,-0.15482394903360208
2011-12-06,fold_2,2011 US-downgrade + EU debt,-0.009156163781881332,-1,0.0,0,-0.0,-0.008621846849564463,,,,0,-0.0,-0.007623292505741119,-0.02339749038219452,-0.009156163781881332,0.0
2011-12-07,fold_2,2011 US-downgrade + EU debt,-0.012853298336267471,-1,-0.016961773857474327,-1,0.016961773857474327,0.008339927007909864,,,,1,169.61773857474327,-0.011048393324017525,-0.039122771471738815,-0.012853298336267471,-0.9509170080754884
2011-12-08,fold_2,2011 US-downgrade + EU debt,-0.01803017407655716,-1,0.015909889712929726,1,-0.015909889712929726,-0.0075699627050198615,,,,0,-159.09889712929726,0.003101978451013565,-0.024897422641515732,-0.01803017407655716,0.9709272968258564
2011-12-09,fold_2,2011 US-downgrade + EU debt,-0.018823865801095963,-1,-0.011287270113825798,-1,0.011287270113825798,0.0037173074088059366,,,,1,112.87270113825798,0.0054184868931770325,-0.035672057420015335,-0.018823865801095963,-0.6731594202347267
2011-12-12,fold_2,2011 US-downgrade + EU debt,-0.014431672170758247,-1,-0.01105833426117897,-1,0.01105833426117897,0.014775641669984907,,,,1,110.5833426117897,0.004940848797559738,-0.03427647426724434,-0.014431672170758247,-0.6728694141096118
2011-12-13,fold_2,2011 US-downgrade + EU debt,-0.012008629739284515,-1,-0.015725282952189445,-1,0.015725282952189445,0.030500924622174352,,,,1,157.25282952189445,0.002260979264974594,0.0059900484047830105,-0.012008629739284515,-0.9495455651902264
2011-12-14,fold_2,2011 US-downgrade + EU debt,-0.012189403176307678,-1,-0.002736423397436738,-1,0.002736423397436738,0.03323734801961109,,,,1,27.36423397436738,0.0006266459822654724,0.007308221887797117,-0.012189403176307678,-0.16338743523011157
2011-12-15,fold_2,2011 US-downgrade + EU debt,-0.013290416449308395,-1,0.005135253071784973,1,-0.005135253071784973,0.028102094947826117,,,,0,-51.35253071784973,-0.004136979579925537,0.018533855676651,-0.013290416449308395,0.3142684862593917
2011-12-16,fold_2,2011 US-downgrade + EU debt,-0.017057370394468307,-1,-0.009891687892377377,-1,0.009891687892377377,0.037993782840203494,,,,1,98.91687892377377,-0.006795778870582581,0.021994922310113907,-0.017057370394468307,-0.6382412654649806
2011-12-19,fold_2,2011 US-downgrade + EU debt,-0.01642720215022564,-1,0.029208188876509666,1,-0.029208188876509666,0.008785593963693827,,,,0,-292.08188876509666,0.003828570246696472,0.03560950607061386,-0.01642720215022564,1.8771779916831859
2011-12-20,fold_2,2011 US-downgrade + EU debt,-0.021632537245750427,-1,-0.014407109469175339,-1,0.014407109469175339,0.023192703432869166,,,,1,144.0710946917534,-0.004863455891609192,-0.005223233252763748,-0.021632537245750427,-0.8831967265206787
2011-12-21,fold_2,2011 US-downgrade + EU debt,-0.01235569640994072,-1,0.008489210158586502,1,-0.008489210158586502,0.014703493274282664,,,,0,-84.89210158586502,-0.00017087161540985107,0.016353648155927658,-0.01235569640994072,0.5110574939016249
2011-12-22,fold_2,2011 US-downgrade + EU debt,-0.013967646285891533,-1,0.008596319705247879,1,-0.008596319705247879,0.006107173569034785,,,,0,-85.96319705247879,-0.006471306085586548,0.005002554971724749,-0.013967646285891533,0.5399180228938677
2011-12-23,fold_2,2011 US-downgrade + EU debt,-0.00925501063466072,-1,0.0037228951696306467,1,-0.0037228951696306467,0.0023842783994041383,,,,0,-37.22895169630647,-0.009770510718226433,0.015389706939458847,-0.00925501063466072,0.23349997107919782
2011-12-27,fold_2,2011 US-downgrade + EU debt,-0.009982822462916374,-1,-0.011624548584222794,-1,0.011624548584222794,0.014008826983626932,,,,1,116.24548584222794,-0.014677492901682854,0.015876110643148422,-0.009982822462916374,-0.8294704762865347
2011-12-28,fold_2,2011 US-downgrade + EU debt,-0.007948726415634155,-1,0.007169771008193493,1,-0.007169771008193493,0.006839055975433439,,,,0,-71.69771008193493,-0.01789303869009018,0.03569252789020538,-0.007948726415634155,0.5054421435318919
2011-12-29,fold_2,2011 US-downgrade + EU debt,-0.0034063318744301796,-1,-0.002861881861463189,-1,0.002861881861463189,0.009700937836896628,,,,1,28.61881861463189,-0.014210660010576248,0.03198814019560814,-0.0034063318744301796,-0.24368794404464716
2011-12-30,fold_2,2011 US-downgrade + EU debt,-0.004073791205883026,-1,0.018983472138643265,1,-0.018983472138643265,-0.009282534301746637,,,,0,-189.83472138643265,-0.010840408504009247,0.03155828267335892,-0.004073791205883026,1.6280766304793013
2012-01-03,fold_2,2011 US-downgrade + EU debt,-0.004590719938278198,-1,0.004209298174828291,1,-0.004209298174828291,-0.013491832476574928,,,,0,-42.09298174828291,-0.011126603931188583,0.019837142899632454,-0.004590719938278198,0.3396611501012018
2012-01-04,fold_2,2011 US-downgrade + EU debt,-0.007882675155997276,-1,0.008191867731511593,1,-0.008191867731511593,-0.02168370020808652,,,,0,-81.91867731511593,-0.003472212702035904,0.01769336871802807,-0.007882675155997276,0.672157943262196
2012-01-05,fold_2,2011 US-downgrade + EU debt,-0.007480473257601261,-1,0.0034653828479349613,1,-0.0034653828479349613,-0.025149083056021482,,,,0,-34.65382847934961,-0.008080802857875824,0.01344839483499527,-0.007480473257601261,0.28154617876989074
2012-01-06,fold_2,2011 US-downgrade + EU debt,-0.009646821767091751,-1,-0.0032917384523898363,-1,0.0032917384523898363,-0.021857344603631645,,,,1,32.91738452389836,-0.011197725310921669,0.00638009374961257,-0.009646821767091751,-0.26690995994171485
2012-01-09,fold_2,2011 US-downgrade + EU debt,-0.008533801883459091,-1,0.0072623323649168015,1,-0.0072623323649168015,-0.029119676968548447,,,,0,-72.62332364916801,-0.01030164584517479,0.018740149214863777,-0.008533801883459091,0.6176430054681394
2012-01-10,fold_2,2011 US-downgrade + EU debt,-0.011206148192286491,-1,0.0020655242260545492,1,-0.0020655242260545492,-0.031185201194602996,,,,0,-20.655242260545492,-0.012271387502551079,0.024675680324435234,-0.011206148192286491,0.18240113183113085
2012-01-11,fold_2,2011 US-downgrade + EU debt,-0.011280709877610207,-1,0.003946894314140081,1,-0.003946894314140081,-0.03513209550874308,,,,0,-39.468943141400814,-0.010088853538036346,0.028810633346438408,-0.011280709877610207,0.3572210027434997
2012-01-12,fold_2,2011 US-downgrade + EU debt,-0.01515825092792511,-1,-0.0036029184702783823,-1,0.0036029184702783823,-0.031529177038464695,,,,1,36.02918470278382,-0.005799539387226105,0.023359356448054314,-0.01515825092792511,-0.33345716869875647
2012-01-13,fold_2,2011 US-downgrade + EU debt,-0.01906948909163475,-1,0.009068316780030727,1,-0.009068316780030727,-0.04059749381849542,,,,0,-90.68316780030727,0.007192701101303101,0.027296697720885277,-0.01906948909163475,0.8848621991021048
2012-01-17,fold_2,2011 US-downgrade + EU debt,-0.012948969379067421,-1,0.013197863474488258,1,-0.013197863474488258,-0.05379535729298368,,,,0,-131.97863474488258,0.00865352526307106,0.01638673059642315,-0.012948969379067421,1.2654933739685277
2012-01-18,fold_2,2011 US-downgrade + EU debt,-0.010335741564631462,-1,0.006200478412210941,1,-0.006200478412210941,-0.05999583570519462,,,,0,-62.00478412210941,0.00600462406873703,0.015677636489272118,-0.010335741564631462,0.5753151595477494
2012-01-19,fold_2,2011 US-downgrade + EU debt,-0.009798182174563408,-1,-0.0015043833991512656,-1,0.0015043833991512656,-0.05849145230604336,,,,1,15.043833991512656,-0.0033577196300029755,0.005996078252792358,-0.009798182174563408,-0.14140463209322943
2012-01-20,fold_2,2011 US-downgrade + EU debt,-0.010098304599523544,-1,0.0003344228898640722,1,-0.0003344228898640722,-0.05882587519590743,,,,0,-3.344228898640722,-0.004389401525259018,0.010485036298632622,-0.010098304599523544,0.039788999324111236
2012-01-23,fold_2,2011 US-downgrade + EU debt,-0.010164625942707062,-1,-0.001841651159338653,-1,0.001841651159338653,-0.056984224036568776,,,,1,18.41651159338653,-0.01462075486779213,0.010978174395859241,-0.010164625942707062,-0.23722331805890484
2012-01-24,fold_2,2011 US-downgrade + EU debt,-0.011304214596748352,-1,0.012488769367337227,1,-0.012488769367337227,-0.069472993403906,,,,0,-124.88769367337227,-0.009394966065883636,0.014142458327114582,-0.011304214596748352,1.6565615210635705
2012-01-25,fold_2,2011 US-downgrade + EU debt,-0.00846121832728386,-1,-0.0034810793586075306,-1,0.0034810793586075306,-0.06599191404529847,,,,1,34.810793586075306,-0.004392754286527634,0.009716147556900978,-0.00846121832728386,-0.44592694704213065
2012-01-26,fold_2,2011 US-downgrade + EU debt,-0.010506225749850273,-1,0.0029845747631043196,1,-0.0029845747631043196,-0.06897648880840279,,,,0,-29.845747631043196,-0.004878513514995575,0.01630597747862339,-0.010506225749850273,0.38259811683906547
2012-01-27,fold_2,2011 US-downgrade + EU debt,-0.006956662982702255,-1,0.000827561307232827,1,-0.000827561307232827,-0.06980405011563562,,,,0,-8.27561307232827,-0.004950191825628281,0.026951424777507782,-0.006956662982702255,0.11205640185162051
2012-01-30,fold_2,2011 US-downgrade + EU debt,-0.01195661723613739,-1,0.0013226325390860438,1,-0.0013226325390860438,-0.07112668265472166,,,,0,-13.226325390860438,-0.008413147181272507,0.025317996740341187,-0.01195661723613739,0.18340650606887668
2012-01-31,fold_2,2011 US-downgrade + EU debt,-0.010471483692526817,-1,0.008062458597123623,1,-0.008062458597123623,-0.07918914125184529,,,,0,-80.62458597123623,-0.008257698267698288,0.026089711114764214,-0.010471483692526817,1.1214809968773007
2012-02-01,fold_2,2011 US-downgrade + EU debt,-0.00920170173048973,-1,0.003108750795945525,1,-0.003108750795945525,-0.08229789204779081,,,,0,-31.08750795945525,-0.01454237848520279,0.023324616253376007,-0.00920170173048973,0.5116638443727852
2012-02-02,fold_2,2011 US-downgrade + EU debt,-0.0077601466327905655,-1,0.01363002136349678,1,-0.01363002136349678,-0.09592791341128759,,,,0,-136.3002136349678,-0.011165695264935493,0.027394801378250122,-0.0077601466327905655,2.2556782061599634
2012-02-03,fold_2,2011 US-downgrade + EU debt,-0.008057381957769394,-1,-0.0008058656821958721,-1,0.0008058656821958721,-0.09512204772909172,,,,1,8.05865682195872,-0.005298186093568802,0.006745867431163788,-0.008057381957769394,-0.12369304079839814
2012-02-06,fold_2,2011 US-downgrade + EU debt,-0.011365499347448349,-1,0.0020943458657711744,1,-0.0020943458657711744,-0.0972163935948629,,,,0,-20.943458657711744,0.011712171137332916,0.01679355278611183,-0.011365499347448349,0.3236356149482816
2012-02-07,fold_2,2011 US-downgrade + EU debt,-0.011517096310853958,-1,0.005297363270074129,1,-0.005297363270074129,-0.10251375686493702,,,,0,-52.97363270074129,0.017846405506134033,0.01723337359726429,-0.011517096310853958,0.8217622714312218
2012-02-08,fold_2,2011 US-downgrade + EU debt,-0.01097315177321434,-1,0.0071789356879889965,1,-0.0071789356879889965,-0.10969269255292602,,,,0,-71.78935687988997,0.019293881952762604,0.004950869362801313,-0.01097315177321434,1.130556543370586
2012-02-09,fold_2,2011 US-downgrade + EU debt,-0.007118821144104004,-1,-0.007018911652266979,-1,0.007018911652266979,-0.10267378090065904,,,,1,70.18911652266979,0.019994575530290604,0.01137989480048418,-0.007118821144104004,-1.074317083326856
2012-02-10,fold_2,2011 US-downgrade + EU debt,-0.006293517537415028,-1,0.009241819381713867,1,-0.009241819381713867,-0.1119156002823729,,,,0,-92.41819381713867,0.012828033417463303,0.015250276774168015,-0.006293517537415028,1.3874465085316885
2012-02-13,fold_2,2011 US-downgrade + EU debt,-0.002832416445016861,-1,0.00253416714258492,1,-0.00253416714258492,-0.11444976742495783,,,,0,-25.3416714258492,0.007947523146867752,0.00884240958839655,-0.002832416445016861,0.3658105560002509
2012-02-14,fold_2,2011 US-downgrade + EU debt,-0.006207731552422047,-1,-0.006985141430050135,-1,0.006985141430050135,-0.10746462599490769,,,,1,69.85141430050135,-0.00043696537613868713,0.001738892518915236,-0.006207731552422047,-1.0506623351197235
2012-02-15,fold_2,2011 US-downgrade + EU debt,-0.001809033565223217,-1,0.013607961125671864,1,-0.013607961125671864,-0.12107258712057956,,,,0,-136.07961125671864,-0.0003758855164051056,0.015335114672780037,-0.001809033565223217,2.209520931384703
2012-02-16,fold_2,2011 US-downgrade + EU debt,-0.00432240217924118,-1,-0.003148529212921858,-1,0.003148529212921858,-0.1179240579076577,,,,1,31.48529212921858,-0.0015592128038406372,0.005172334145754576,-0.00432240217924118,-0.4679680087542468
2012-02-17,fold_2,2011 US-downgrade + EU debt,-0.003528345376253128,-1,0.0028339524287730455,1,-0.0028339524287730455,-0.12075801033643074,,,,0,-28.339524287730455,-0.002024855464696884,0.009727438911795616,-0.003528345376253128,0.41944385103734144
2012-02-21,fold_2,2011 US-downgrade + EU debt,-0.005039742216467857,-1,-0.004569350276142359,-1,0.004569350276142359,-0.11618866006028838,,,,1,45.69350276142359,0.004726782441139221,0.016990341246128082,-0.005039742216467857,-0.6733801069912754
2012-02-22,fold_2,2011 US-downgrade + EU debt,-0.0059819696471095085,-1,0.006611080374568701,1,-0.006611080374568701,-0.12279974043485709,,,,0,-66.11080374568701,0.006567150354385376,0.01706789620220661,-0.0059819696471095085,0.9651470783620054
2012-02-23,fold_2,2011 US-downgrade + EU debt,-0.006149686872959137,-1,0.003445180831477046,1,-0.003445180831477046,-0.12624492126633413,,,,0,-34.45180831477046,0.003952536731958389,0.018343226984143257,-0.006149686872959137,0.5360447494646549
2012-02-24,fold_2,2011 US-downgrade + EU debt,-0.004940801300108433,-1,0.001406575320288539,1,-0.001406575320288539,-0.12765149658662267,,,,0,-14.06575320288539,0.006232064217329025,0.014127819798886776,-0.004940801300108433,0.21888569425971233
2012-02-27,fold_2,2011 US-downgrade + EU debt,0.0012279157526791096,1,0.010096855461597443,1,0.010096855461597443,-0.11755464112502523,,,,1,100.96855461597443,0.0065733566880226135,0.002339030848816037,0.0012279157526791096,1.5778658998156045
2012-02-28,fold_2,2011 US-downgrade + EU debt,-0.0018993895500898361,-1,-0.004491796251386404,-1,0.004491796251386404,-0.11306284487363882,,,,1,44.91796251386404,-0.0012969523668289185,-0.01761925034224987,-0.0018993895500898361,-0.662199871345816
2012-02-29,fold_2,2011 US-downgrade + EU debt,0.002332223579287529,1,0.007886411622166634,1,0.007886411622166634,-0.10517643325147219,,,,1,78.86411622166634,-0.0030099526047706604,-0.005449074786156416,0.002332223579287529,1.151179852539622
2012-03-01,fold_2,2011 US-downgrade + EU debt,0.001200193539261818,1,-0.0007702261791564524,-1,-0.0007702261791564524,-0.10594665943062864,,,,0,-7.702261791564524,-0.00512627512216568,-0.0026220991276204586,0.001200193539261818,-0.1125984819999919
2012-03-02,fold_2,2011 US-downgrade + EU debt,0.0017664609476923943,1,-0.0103822136297822,-1,-0.0103822136297822,-0.11632887306041084,,,,0,-103.822136297822,-0.0020369254052639008,0.0023094317875802517,0.0017664609476923943,-1.5251736877537474
2012-03-05,fold_2,2011 US-downgrade + EU debt,0.0002279491163790226,1,-0.009861424565315247,-1,-0.009861424565315247,-0.1261902976257261,,,,0,-98.61424565315247,0.0023148581385612488,0.013153144158422947,0.0002279491163790226,-1.5137589597575667
2012-03-06,fold_2,2011 US-downgrade + EU debt,-0.0017825793474912643,-1,0.007678378373384476,1,-0.007678378373384476,-0.13386867599911056,,,,0,-76.78378373384476,0.00883946567773819,0.04144495725631714,-0.0017825793474912643,1.1168153240786654
2012-03-07,fold_2,2011 US-downgrade + EU debt,-0.0042432621121406555,-1,0.010713387280702591,1,-0.010713387280702591,-0.14458206327981316,,,,0,-107.13387280702591,0.006994213908910751,0.037231557071208954,-0.0042432621121406555,1.5151388808677082
2012-03-08,fold_2,2011 US-downgrade + EU debt,-0.00463629886507988,-1,0.004161304794251919,1,-0.004161304794251919,-0.14874336807406507,,,,0,-41.61304794251919,0.007957246154546738,0.029371794313192368,-0.00463629886507988,0.5645424096506517
2012-03-09,fold_2,2011 US-downgrade + EU debt,-0.004586108028888702,-1,0.0004614990612026304,1,-0.0004614990612026304,-0.1492048671352677,,,,0,-4.614990612026304,0.005469962954521179,0.024503981694579124,-0.004586108028888702,0.06361889606810102
2012-03-12,fold_2,2011 US-downgrade + EU debt,-0.005398713052272797,-1,0.01843038946390152,1,-0.01843038946390152,-0.16763525659916922,,,,0,-184.3038946390152,-0.003506917506456375,0.03108314424753189,-0.005398713052272797,2.602040314567907
2012-03-13,fold_2,2011 US-downgrade + EU debt,-0.003642367199063301,-1,0.0034649777226150036,1,-0.0034649777226150036,-0.17110023432178423,,,,0,-34.649777226150036,-0.006261482834815979,0.01444236095994711,-0.003642367199063301,0.43695195041424706
2012-03-14,fold_2,2011 US-downgrade + EU debt,-0.005800426006317139,-1,0.0028536233585327864,1,-0.0028536233585327864,-0.17395385768031701,,,,0,-28.536233585327864,-0.005468115210533142,0.011126581579446793,-0.005800426006317139,0.35906071161865233
2012-03-15,fold_2,2011 US-downgrade + EU debt,-0.0017424160614609718,-1,-0.0007065081736072898,-1,0.0007065081736072898,-0.17324734950670972,,,,1,7.065081736072898,-0.004535980522632599,0.006184988189488649,-0.0017424160614609718,-0.09036301955303956
2012-03-16,fold_2,2011 US-downgrade + EU debt,-0.005169611424207687,-1,0.007040662225335836,1,-0.007040662225335836,-0.18028801173204556,,,,0,-70.40662225335836,0.0015918388962745667,0.006294159684330225,-0.005169611424207687,0.9773428193550118
2012-03-19,fold_2,2011 US-downgrade + EU debt,-0.004966337233781815,-1,0.0017896058270707726,1,-0.0017896058270707726,-0.18207761755911633,,,,0,-17.896058270707726,0.0013171620666980743,0.016580747440457344,-0.004966337233781815,0.24380827020648896
2012-03-20,fold_2,2011 US-downgrade + EU debt,-0.0026954766362905502,-1,0.0001491978910053149,1,-0.0001491978910053149,-0.18222681545012165,,,,0,-1.4919789100531489,0.007975921034812927,0.01625809818506241,-0.0026954766362905502,0.020371779229221194
2012-03-21,fold_2,2011 US-downgrade + EU debt,-0.0014005675911903381,-1,-0.002087969798594713,-1,0.002087969798594713,-0.18013884565152694,,,,1,20.879697985947132,0.007707808166742325,0.01214273739606142,-0.0014005675911903381,-0.2879080999137984
2012-03-22,fold_2,2011 US-downgrade + EU debt,-0.002496836706995964,-1,-0.0005973368533886969,-1,0.0005973368533886969,-0.17954150879813824,,,,1,5.973368533886969,0.004804190248250961,0.010396905243396759,-0.002496836706995964,-0.0839512847838132
2012-03-23,fold_2,2011 US-downgrade + EU debt,0.0005755140446126461,1,0.01732725091278553,1,0.01732725091278553,-0.1622142578853527,,,,1,173.2725091278553,0.006668567657470703,0.009071050211787224,0.0005755140446126461,2.4491804812367133
2012-03-26,fold_2,2011 US-downgrade + EU debt,0.00037411320954561234,1,0.001466956571675837,1,0.001466956571675837,-0.16074730131367687,,,,1,14.66956571675837,-0.0013821795582771301,0.0020533644128590822,0.00037411320954561234,0.18200350488989153
2012-03-27,fold_2,2011 US-downgrade + EU debt,-0.0011332258582115173,-1,-0.003966162912547588,-1,0.003966162912547588,-0.15678113840112928,,,,1,39.66162912547588,0.0012257620692253113,0.0002936256059911102,-0.0011332258582115173,-0.5121378390983127
2012-03-28,fold_2,2011 US-downgrade + EU debt,-0.0031448034569621086,-1,-0.0038338019512593746,-1,0.0038338019512593746,-0.1529473364498699,,,,1,38.338019512593746,0.002154666930437088,-0.0094646867364645,-0.0031448034569621086,-0.49596645392931077
2012-03-29,fold_2,2011 US-downgrade + EU debt,-0.004609199240803719,-1,-0.001923191943205893,-1,0.001923191943205893,-0.15102414450666402,,,,1,19.23191943205893,0.004967339336872101,0.000590998271945864,-0.004609199240803719,-0.2538937655513964
2014-02-21,fold_3,Taper tantrum and 2014 H1,-0.006765599362552166,-1,0.005323662888258696,1,-0.005323662888258696,-0.005323662888258696,,,,0,-53.236628882586956,-0.014653947204351425,0.008691264316439629,-0.006765599362552166,0.49226051732137377
2014-02-24,fold_3,Taper tantrum and 2014 H1,-0.007840761914849281,-1,-0.001106994808651507,-1,0.001106994808651507,-0.004216668079607189,,,,1,11.069948086515069,-0.007833268493413925,-0.00407614978030324,-0.007840761914849281,-0.11145365394766149
2014-02-25,fold_3,Taper tantrum and 2014 H1,-0.011587429791688919,-1,-0.000885732239112258,-1,0.000885732239112258,-0.0033309358404949307,,,,1,8.85732239112258,-0.005004417151212692,0.009663728065788746,-0.011587429791688919,-0.09136686309462048
2014-02-26,fold_3,Taper tantrum and 2014 H1,-0.013557443395256996,-1,0.006466743536293507,1,-0.006466743536293507,-0.009797679376788437,,,,0,-64.66743536293507,-0.005821611732244492,0.013298643752932549,-0.013557443395256996,0.6669918548421834
2014-02-27,fold_3,Taper tantrum and 2014 H1,-0.01256224699318409,-1,-0.0011064147111028433,-1,0.0011064147111028433,-0.008691264665685594,,,,1,11.064147111028433,-0.009100895375013351,0.005953503772616386,-0.01256224699318409,-0.1164405687605777
2014-02-28,fold_3,Taper tantrum and 2014 H1,-0.0075303493067622185,-1,-0.007443751208484173,-1,0.007443751208484173,-0.0012475134572014213,,,,1,74.43751208484173,0.0014646761119365692,0.002101438818499446,-0.0075303493067622185,-0.8678280809274966
2014-03-03,fold_3,Taper tantrum and 2014 H1,-0.009508484974503517,-1,0.0126328831538558,1,-0.0126328831538558,-0.013880396611057222,,,,0,-126.328831538558,0.0032499581575393677,0.010427766479551792,-0.009508484974503517,1.449198935767308
2014-03-04,fold_3,Taper tantrum and 2014 H1,-0.014753719791769981,-1,0.002749183913692832,1,-0.002749183913692832,-0.016629580524750054,,,,0,-27.49183913692832,0.0010726191103458405,-0.006517944857478142,-0.014753719791769981,0.36409727286672033
2014-03-05,fold_3,Taper tantrum and 2014 H1,-0.013426236808300018,-1,-0.000878396793268621,-1,0.000878396793268621,-0.015751183731481433,,,,1,8.78396793268621,0.002788405865430832,-0.00550622446462512,-0.013426236808300018,-0.11876164717620236
2014-03-06,fold_3,Taper tantrum and 2014 H1,-0.009063072502613068,-1,-0.004958479665219784,-1,0.004958479665219784,-0.010792704066261649,,,,1,49.58479665219784,-0.000541340559720993,-0.018862556666135788,-0.009063072502613068,-0.6722333900953021
2014-03-07,fold_3,Taper tantrum and 2014 H1,-0.013223165646195412,-1,0.0008825759869068861,1,-0.0008825759869068861,-0.011675280053168535,,,,0,-8.825759869068861,-0.0006338842213153839,-0.020760266110301018,-0.013223165646195412,0.1279116911000885
2014-03-10,fold_3,Taper tantrum and 2014 H1,-0.008855067193508148,-1,-0.004312828183174133,-1,0.004312828183174133,-0.007362451869994402,,,,1,43.12828183174133,-0.00029105693101882935,-0.012884118594229221,-0.008855067193508148,-0.7622219523205848
2014-03-11,fold_3,Taper tantrum and 2014 H1,-0.015318460762500763,-1,0.0037609043065458536,1,-0.0037609043065458536,-0.011123356176540256,,,,0,-37.609043065458536,-0.0032825730741024017,0.003430252429097891,-0.015318460762500763,0.6720760088848108
2014-03-12,fold_3,Taper tantrum and 2014 H1,-0.00951901450753212,-1,-0.01423472911119461,-1,0.01423472911119461,0.003111372934654355,,,,1,142.3472911119461,0.004181306809186935,-0.00575813977047801,-0.00951901450753212,-2.812872408524843
2014-03-13,fold_3,Taper tantrum and 2014 H1,-0.010639134794473648,-1,-0.006856187712401152,-1,0.006856187712401152,0.009967560647055507,,,,1,68.56187712401152,-0.001294158399105072,0.01124925073236227,-0.010639134794473648,-1.1497802921245706
2014-03-14,fold_3,Taper tantrum and 2014 H1,-0.012011095881462097,-1,0.008758722804486752,1,-0.008758722804486752,0.0012088378425687551,,,,0,-87.58722804486752,0.006289597600698471,0.005999579560011625,-0.012011095881462097,1.4767679021712654
2014-03-17,fold_3,Taper tantrum and 2014 H1,-0.008927866816520691,-1,0.012001542374491692,1,-0.012001542374491692,-0.010792704531922936,,,,0,-120.01542374491692,0.006702706217765808,-0.011562190018594265,-0.008927866816520691,1.926450667269544
2014-03-18,fold_3,Taper tantrum and 2014 H1,-0.007141624577343464,-1,-0.005427488125860691,-1,0.005427488125860691,-0.005365216406062245,,,,1,54.27488125860691,-0.0030213743448257446,-0.020281963050365448,-0.007141624577343464,-0.8107154202653549
2014-03-19,fold_3,Taper tantrum and 2014 H1,-0.004637551493942738,-1,0.0027726609259843826,1,-0.0027726609259843826,-0.008137877332046628,,,,0,-27.726609259843826,-0.00413961336016655,-0.02781808003783226,-0.004637551493942738,0.41839638687375774
2014-03-20,fold_3,Taper tantrum and 2014 H1,-0.007910686545073986,-1,-0.012105858884751797,-1,0.012105858884751797,0.003967981552705169,,,,1,121.05858884751797,0.006879180669784546,-0.03621464595198631,-0.007910686545073986,-1.8416946564998837
2014-03-21,fold_3,Taper tantrum and 2014 H1,-0.006918247789144516,-1,-0.008803046308457851,-1,0.008803046308457851,0.01277102786116302,,,,1,88.03046308457851,0.0037855692207813263,-0.02215406857430935,-0.006918247789144516,-1.239424755320805
2014-03-24,fold_3,Taper tantrum and 2014 H1,-0.002338370308279991,-1,0.003281768411397934,1,-0.003281768411397934,0.009489259449765086,,,,0,-32.81768411397934,0.008886430412530899,-0.0062537225894629955,-0.002338370308279991,0.4511965566791618
2014-03-25,fold_3,Taper tantrum and 2014 H1,-0.004035696387290955,-1,-0.012963604182004929,-1,0.012963604182004929,0.022452863631770015,,,,1,129.6360418200493,0.008102722465991974,0.00787755660712719,-0.004035696387290955,-1.7743265739366645
2014-03-26,fold_3,Taper tantrum and 2014 H1,-0.005902973935008049,-1,-0.005623903591185808,-1,0.005623903591185808,0.028076767222955823,,,,1,56.23903591185808,0.003375168889760971,0.02341604046523571,-0.005902973935008049,-0.7157141756594412
2014-03-27,fold_3,Taper tantrum and 2014 H1,-0.004929589107632637,-1,0.0019547175616025925,1,-0.0019547175616025925,0.02612204966135323,,,,0,-19.547175616025925,0.0073774345219135284,0.02107001282274723,-0.004929589107632637,0.24979581633408446
2014-03-28,fold_3,Taper tantrum and 2014 H1,-0.003408207558095455,-1,0.0070972987450659275,1,-0.0070972987450659275,0.019024750916287303,,,,0,-70.97298745065928,-0.00042214617133140564,-0.007842288352549076,-0.003408207558095455,0.9060127079641355
2014-03-31,fold_3,Taper tantrum and 2014 H1,-0.00949276052415371,-1,0.017413048073649406,1,-0.017413048073649406,0.0016117028426378965,,,,0,-174.13048073649406,-0.007998142391443253,-0.0244788508862257,-0.00949276052415371,2.2274561662872308
2014-04-01,fold_3,Taper tantrum and 2014 H1,-0.007372929714620113,-1,0.0025748794432729483,1,-0.0025748794432729483,-0.0009631766006350517,,,,0,-25.748794432729483,-0.010920584201812744,-0.03270028531551361,-0.007372929714620113,0.31157741244076076
2014-04-02,fold_3,Taper tantrum and 2014 H1,-0.011187370866537094,-1,-0.007969930768013,-1,0.007969930768013,0.007006754167377949,,,,1,79.69930768013,-0.007695164531469345,-0.018278267234563828,-0.011187370866537094,-0.9647420670863133
2014-04-03,fold_3,Taper tantrum and 2014 H1,-0.0077462634071707726,-1,-0.02695758268237114,-1,0.02695758268237114,0.03396433684974909,,,,1,269.5758268237114,0.005915187299251556,-0.04177101328969002,-0.0077462634071707726,-3.1906397371676727
2014-04-04,fold_3,Taper tantrum and 2014 H1,-0.004190390929579735,-1,-0.009539262391626835,-1,0.009539262391626835,0.04350359924137592,,,,1,95.39262391626835,0.014904554933309555,-0.026514969766139984,-0.004190390929579735,-0.9243960077394551
2014-04-07,fold_3,Taper tantrum and 2014 H1,-0.0025401990860700607,-1,0.009191613644361496,1,-0.009191613644361496,0.03431198559701443,,,,0,-91.91613644361496,0.01596694439649582,-0.00915968231856823,-0.0025401990860700607,0.8724212064864433
2014-04-08,fold_3,Taper tantrum and 2014 H1,-0.00366334430873394,-1,0.016996895894408226,1,-0.016996895894408226,0.0173150897026062,,,,0,-169.96895894408226,0.017815187573432922,-0.015053289011120796,-0.00366334430873394,1.5898401667635498
2014-04-09,fold_3,Taper tantrum and 2014 H1,-0.007250279188156128,-1,-0.03146267682313919,-1,0.03146267682313919,0.04877776652574539,,,,1,314.6267682313919,0.0116078220307827,-0.018851255998015404,-0.007250279188156128,-2.7805663507372933
2014-04-10,fold_3,Taper tantrum and 2014 H1,-0.01470918022096157,-1,-0.01170154195278883,-1,0.01170154195278883,0.06047930847853422,,,,1,117.0154195278883,0.020409993827342987,0.012843403033912182,-0.01470918022096157,-0.9044168442628483
2014-04-11,fold_3,Taper tantrum and 2014 H1,-0.002866005524992943,-1,0.007816024124622345,1,-0.007816024124622345,0.05266328435391188,,,,0,-78.16024124622345,0.026298783719539642,0.031941864639520645,-0.002866005524992943,0.5961510368720718
2014-04-14,fold_3,Taper tantrum and 2014 H1,-0.00892823189496994,-1,0.0032980076503008604,1,-0.0032980076503008604,0.049365276703611016,,,,0,-32.980076503008604,0.008587665855884552,0.0320403128862381,-0.00892823189496994,0.25212227676228055
2014-04-15,fold_3,Taper tantrum and 2014 H1,0.002389398403465748,1,0.013198929838836193,1,0.013198929838836193,0.06256420654244721,,,,1,131.98929838836193,0.008291255682706833,0.01990613155066967,0.002389398403465748,1.029239149505944
2014-04-16,fold_3,Taper tantrum and 2014 H1,-0.0029931366443634033,-1,0.0002319830673513934,1,-0.0002319830673513934,0.062332223475095816,,,,0,-2.319830673513934,0.0067841894924640656,0.016228817403316498,-0.0029931366443634033,0.017704409515367756
2014-04-17,fold_3,Taper tantrum and 2014 H1,-9.003281593322754e-05,-1,0.007396920118480921,1,-0.007396920118480921,0.054935303356614895,,,,0,-73.96920118480921,0.005953676998615265,-0.00011613046081038192,-9.003281593322754e-05,0.5651443196261554
2014-04-21,fold_3,Taper tantrum and 2014 H1,-0.008356306701898575,-1,0.007914471440017223,1,-0.007914471440017223,0.04702083191659767,,,,0,-79.14471440017223,-0.0013251565396785736,-0.004269872326403856,-0.008356306701898575,0.6129573868021266
2014-04-22,fold_3,Taper tantrum and 2014 H1,-0.00984073057770729,-1,-0.008836171589791775,-1,0.008836171589791775,0.05585700350638945,,,,1,88.36171589791775,0.010085709393024445,-0.004236620385199785,-0.00984073057770729,-0.685870461320646
2014-04-23,fold_3,Taper tantrum and 2014 H1,-0.00908934511244297,-1,0.009521614760160446,1,-0.009521614760160446,0.046335388746229,,,,0,-95.21614760160446,0.00633346289396286,0.007235391531139612,-0.00908934511244297,0.7316941727822702
2014-04-24,fold_3,Taper tantrum and 2014 H1,-0.007311977446079254,-1,-0.01611296460032463,-1,0.01611296460032463,0.06244835334655363,,,,1,161.1296460032463,-0.004471372812986374,0.0006843045121058822,-0.007311977446079254,-1.252605071352228
2014-04-25,fold_3,Taper tantrum and 2014 H1,-0.008305557072162628,-1,0.0032431783620268106,1,-0.0032431783620268106,0.05920517498452682,,,,0,-32.43178362026811,-0.006945200264453888,0.01497045811265707,-0.008305557072162628,0.2438609425001167
2014-04-28,fold_3,Taper tantrum and 2014 H1,-0.010929502546787262,-1,0.00794772244989872,1,-0.00794772244989872,0.0512574525346281,,,,0,-79.4772244989872,-0.012274282053112984,0.016970984637737274,-0.010929502546787262,0.5970399685811895
2014-04-29,fold_3,Taper tantrum and 2014 H1,-0.01669815368950367,-1,0.0026358403265476227,1,-0.0026358403265476227,0.04862161220808048,,,,0,-26.358403265476227,-0.018240051344037056,-0.004023039247840643,-0.01669815368950367,0.19765020906525657
2014-04-30,fold_3,Taper tantrum and 2014 H1,-0.014768734574317932,-1,0.002970527159050107,1,-0.002970527159050107,0.04565108504903037,,,,0,-29.70527159050107,-0.01561790145933628,-0.00954312551766634,-0.014768734574317932,0.2326464559028697
2014-05-01,fold_3,Taper tantrum and 2014 H1,-0.010455131530761719,-1,-0.0018268103012815118,-1,0.0018268103012815118,0.04747789535031188,,,,1,18.268103012815118,-0.01658780500292778,-0.013438626192510128,-0.010455131530761719,-0.14302445624634064
2014-05-02,fold_3,Taper tantrum and 2014 H1,-0.020757300779223442,-1,0.005243705119937658,1,-0.005243705119937658,0.042234190230374224,,,,0,-52.43705119937658,-0.01117449440062046,-0.007918200455605984,-0.020757300779223442,0.41437903964715017
2014-05-05,fold_3,Taper tantrum and 2014 H1,-0.0161528792232275,-1,-0.013046301901340485,-1,0.013046301901340485,0.05528049213171471,,,,1,130.46301901340485,-0.009655062109231949,0.003178476123139262,-0.0161528792232275,-1.1660932572157228
2014-05-06,fold_3,Taper tantrum and 2014 H1,-0.017727389931678772,-1,-0.002884245477616787,-1,0.002884245477616787,0.058164737609331496,,,,1,28.84245477616787,-0.009820787236094475,0.016904594376683235,-0.017727389931678772,-0.25381310969980364
2014-05-07,fold_3,Taper tantrum and 2014 H1,-0.016854573041200638,-1,-0.0009249738068319857,-1,0.0009249738068319857,0.05908971141616348,,,,1,9.249738068319857,-0.0038118548691272736,0.01456519030034542,-0.016854573041200638,-0.08262502824968634
2014-05-08,fold_3,Taper tantrum and 2014 H1,-0.0166192427277565,-1,0.003693615784868598,1,-0.003693615784868598,0.055396095631294884,,,,0,-36.93615784868598,-0.008906558156013489,0.00760283088311553,-0.0166192427277565,0.3507050202758788
2014-05-09,fold_3,Taper tantrum and 2014 H1,-0.021082395687699318,-1,0.016340382397174835,1,-0.016340382397174835,0.03905571323412005,,,,0,-163.40382397174835,-0.005868099629878998,0.010429514572024345,-0.021082395687699318,2.073398925339283
2014-05-12,fold_3,Taper tantrum and 2014 H1,-0.02247290126979351,-1,0.0006798167596571147,1,-0.0006798167596571147,0.038375896474462934,,,,0,-6.798167596571147,-0.0014965906739234924,0.0010198835516348481,-0.02247290126979351,0.08207038410880037
2014-05-13,fold_3,Taper tantrum and 2014 H1,-0.011746145784854889,-1,-0.005223650485277176,-1,0.005223650485277176,0.04359954695974011,,,,1,52.23650485277176,-0.003297630697488785,-0.00328986463136971,-0.011746145784854889,-0.6450313470035096
2014-05-14,fold_3,Taper tantrum and 2014 H1,-0.014070868492126465,-1,-0.007887332700192928,-1,0.007887332700192928,0.05148687965993304,,,,1,78.87332700192928,-0.006259694695472717,0.011433972977101803,-0.014070868492126465,-0.9679146831549944
2014-05-15,fold_3,Taper tantrum and 2014 H1,-0.008719686418771744,-1,0.006520299706608057,1,-0.006520299706608057,0.04496657995332498,,,,0,-65.20299706608057,-0.002515699714422226,0.023701516911387444,-0.008719686418771744,0.8361923425833073
2014-05-16,fold_3,Taper tantrum and 2014 H1,-0.008886314928531647,-1,0.0069307503290474415,1,-0.0069307503290474415,0.03803582962427754,,,,0,-69.30750329047441,-0.01089610904455185,0.02443923056125641,-0.008886314928531647,0.8737077739859721
2014-05-19,fold_3,Taper tantrum and 2014 H1,-0.014618515968322754,-1,-0.0036299314815551043,-1,0.0036299314815551043,0.041665761105832644,,,,1,36.29931481555104,-0.010775549337267876,0.029892729595303535,-0.014618515968322754,-0.45881738372934977
2014-05-20,fold_3,Taper tantrum and 2014 H1,-0.013985903933644295,-1,0.009500186890363693,1,-0.009500186890363693,0.03216557421546895,,,,0,-95.00186890363693,-0.00398886576294899,0.03044099360704422,-0.013985903933644295,1.225258190591561
2014-05-21,fold_3,Taper tantrum and 2014 H1,-0.01585959829390049,-1,0.004380210768431425,1,-0.004380210768431425,0.027785363447037525,,,,0,-43.80210768431425,-0.0015053190290927887,0.027313604950904846,-0.01585959829390049,0.5620858252523185
2014-05-22,fold_3,Taper tantrum and 2014 H1,-0.007959427312016487,-1,0.007258014287799597,1,-0.007258014287799597,0.02052734915923793,,,,0,-72.58014287799597,0.002000845968723297,0.023042934015393257,-0.007959427312016487,0.9600542360580507
2014-05-23,fold_3,Taper tantrum and 2014 H1,-0.005719820037484169,-1,0.012384248897433281,1,-0.012384248897433281,0.008143100261804648,,,,0,-123.84248897433281,-0.003200739622116089,0.014798999764025211,-0.005719820037484169,1.8101637895137987
2014-05-27,fold_3,Taper tantrum and 2014 H1,-0.009968353435397148,-1,-0.0030816674698144197,-1,0.0030816674698144197,0.011224767731619067,,,,1,30.816674698144197,-0.004151027649641037,0.0019759966526180506,-0.009968353435397148,-0.4195607894926704
2014-05-28,fold_3,Taper tantrum and 2014 H1,-0.011893238872289658,-1,0.006372798699885607,1,-0.006372798699885607,0.004851969031733461,,,,0,-63.72798699885607,0.005159102380275726,0.008779807947576046,-0.011893238872289658,0.8900581927586882
2014-05-29,fold_3,Taper tantrum and 2014 H1,-0.008830921724438667,-1,0.00010953944001812488,1,-0.00010953944001812488,0.004742429591715336,,,,0,-1.0953944001812488,-0.00314122810959816,0.010785252787172794,-0.008830921724438667,0.015053706886225565
2014-05-30,fold_3,Taper tantrum and 2014 H1,-0.005680382251739502,-1,-0.0009859201963990927,-1,0.0009859201963990927,0.0057283497881144285,,,,1,9.859201963990927,0.0027297399938106537,0.01640191674232483,-0.005680382251739502,-0.13605960599780215
2014-06-02,fold_3,Taper tantrum and 2014 H1,-0.003476003184914589,-1,-0.00043875392293557525,-1,0.00043875392293557525,0.006167103711050004,,,,1,4.3875392293557525,0.014964055269956589,0.016633290797472,-0.003476003184914589,-0.060617508986671356
2014-06-03,fold_3,Taper tantrum and 2014 H1,-0.00897529162466526,-1,0.003722143592312932,1,-0.003722143592312932,0.0024449601187370718,,,,0,-37.22143592312932,0.024896763265132904,0.018795523792505264,-0.00897529162466526,0.52107920808085
2014-06-04,fold_3,Taper tantrum and 2014 H1,-0.009599840268492699,-1,0.008378244005143642,1,-0.008378244005143642,-0.005933283886406571,,,,0,-83.78244005143642,0.016178466379642487,0.014858423732221127,-0.009599840268492699,1.2746072309545615
2014-06-05,fold_3,Taper tantrum and 2014 H1,-0.010308662429451942,-1,0.005726202856749296,1,-0.005726202856749296,-0.011659486743155867,,,,0,-57.26202856749296,0.01421424001455307,-0.002603821223601699,-0.010308662429451942,0.841536314923747
2014-06-06,fold_3,Taper tantrum and 2014 H1,-0.00877697765827179,-1,-0.0007545453845523298,-1,0.0007545453845523298,-0.010904941358603537,,,,1,7.545453845523298,0.011523626744747162,-0.005401598289608955,-0.00877697765827179,-0.1090258095653863
2014-06-09,fold_3,Taper tantrum and 2014 H1,-0.010743366554379463,-1,0.0017234788974747062,1,-0.0017234788974747062,-0.012628420256078243,,,,0,-17.23478897474706,0.012695088982582092,-0.0037802942097187042,-0.010743366554379463,0.2507459024618815
2014-06-10,fold_3,Taper tantrum and 2014 H1,-0.008511558175086975,-1,-0.00021495713735930622,-1,0.00021495713735930622,-0.012413463118718937,,,,1,2.149571373593062,0.009587150067090988,-0.004963437560945749,-0.008511558175086975,-0.036842175568203905
2014-06-11,fold_3,Taper tantrum and 2014 H1,-0.012346062809228897,-1,-0.009084000252187252,-1,0.009084000252187252,-0.003329462866531685,,,,1,90.84000252187252,0.01413688063621521,0.0008610818767920136,-0.012346062809228897,-1.557411019774264
2014-06-12,fold_3,Taper tantrum and 2014 H1,-0.010672120377421379,-1,0.0029284260235726833,1,-0.0029284260235726833,-0.006257888890104368,,,,0,-29.284260235726833,0.020323239266872406,0.009298957884311676,-0.010672120377421379,0.48285032094804403
2014-06-13,fold_3,Taper tantrum and 2014 H1,-0.007652844302356243,-1,0.0008667586953379214,1,-0.0008667586953379214,-0.00712464758544229,,,,0,-8.667586953379214,0.01977880299091339,0.007546482607722282,-0.007652844302356243,0.1484276600289527
2014-06-16,fold_3,Taper tantrum and 2014 H1,-0.006245803087949753,-1,0.0005403357790783048,1,-0.0005403357790783048,-0.0076649833645205945,,,,0,-5.403357790783048,0.015932343900203705,0.006895371712744236,-0.006245803087949753,0.09549964981027752
2014-06-17,fold_3,Taper tantrum and 2014 H1,-0.007601435296237469,-1,0.005609562154859304,1,-0.005609562154859304,-0.013274545519379899,,,,0,-56.095621548593044,0.012208104133605957,0.005384569056332111,-0.007601435296237469,1.0306115744567852
2014-06-18,fold_3,Taper tantrum and 2014 H1,-0.007004887796938419,-1,-0.000646124710328877,-1,0.000646124710328877,-0.012628420809051022,,,,1,6.46124710328877,0.012394305318593979,0.006119376048445702,-0.007004887796938419,-0.11691776295906459
2014-06-19,fold_3,Taper tantrum and 2014 H1,-0.0031537404283881187,-1,0.001175950514152646,1,-0.001175950514152646,-0.013804371323203668,,,,0,-11.75950514152646,0.0098971426486969,0.007301395758986473,-0.0031537404283881187,0.2304085862318534
2014-06-20,fold_3,Taper tantrum and 2014 H1,-0.006304948590695858,-1,0.0002156479167751968,1,-0.0002156479167751968,-0.014020019239978865,,,,0,-2.156479167751968,0.013309448957443237,0.010508253239095211,-0.006304948590695858,0.04299375123078296
2014-06-23,fold_3,Taper tantrum and 2014 H1,-0.002216808497905731,-1,-0.0009704668773338199,-1,0.0009704668773338199,-0.013049552362645045,,,,1,9.704668773338199,0.007266107946634293,0.011997771449387074,-0.002216808497905731,-0.20447154155560207
2014-06-24,fold_3,Taper tantrum and 2014 H1,-0.004262689501047134,-1,0.006344369146972895,1,-0.006344369146972895,-0.01939392150961794,,,,0,-63.44369146972895,0.01147337257862091,0.023876363411545753,-0.004262689501047134,1.643309511582408
2014-06-25,fold_3,Taper tantrum and 2014 H1,-0.005100695416331291,-1,0.0005358947673812509,1,-0.0005358947673812509,-0.01992981627699919,,,,0,-5.358947673812509,-0.00099094957113266,0.019215893000364304,-0.005100695416331291,0.13215691458243795
2014-06-26,fold_3,Taper tantrum and 2014 H1,-0.0037685073912143707,-1,0.00438280776143074,1,-0.00438280776143074,-0.02431262403842993,,,,0,-43.828077614307404,0.004444874823093414,0.024969423189759254,-0.0037685073912143707,1.1539035577103673
2014-06-27,fold_3,Taper tantrum and 2014 H1,0.0005391170270740986,1,0.0017051667673513293,1,0.0017051667673513293,-0.0226074572710786,,,,1,17.051667673513293,0.0007268302142620087,0.01755196787416935,0.0005391170270740986,0.4347071467681163
2014-06-30,fold_3,Taper tantrum and 2014 H1,-0.0025814473628997803,-1,0.010908124968409538,1,-0.010908124968409538,-0.03351558223948814,,,,0,-109.08124968409538,-0.0033405423164367676,0.0037202120292931795,-0.0025814473628997803,2.7721612507452202
2014-07-01,fold_3,Taper tantrum and 2014 H1,-0.005889131687581539,-1,0.0016838997835293412,1,-0.0016838997835293412,-0.03519948202301748,,,,0,-16.838997835293412,-0.006039712578058243,0.0002107195177813992,-0.005889131687581539,0.36381104072122655
2014-07-02,fold_3,Taper tantrum and 2014 H1,-0.0022774580866098404,-1,0.00628942484036088,1,-0.00628942484036088,-0.04148890686337836,,,,0,-62.8942484036088,-0.008630827069282532,-0.0046371459029614925,-0.0022774580866098404,1.3766643287193563
2014-07-03,fold_3,Taper tantrum and 2014 H1,-0.0014077704399824142,-1,-0.0030346480198204517,-1,0.0030346480198204517,-0.03845425884355791,,,,1,30.346480198204517,0.0008804164826869965,-0.004503125324845314,-0.0014077704399824142,-0.6900461447877146
2014-07-07,fold_3,Taper tantrum and 2014 H1,-0.003481469117105007,-1,-0.012126589193940163,-1,0.012126589193940163,-0.026327669649617746,,,,1,121.26589193940163,0.005339037626981735,0.004496706649661064,-0.003481469117105007,-2.8455543192125514
2014-07-08,fold_3,Taper tantrum and 2014 H1,-0.004576370120048523,-1,0.007398632355034351,1,-0.007398632355034351,-0.0337263020046521,,,,0,-73.98632355034351,0.007418394088745117,0.013173858635127544,-0.004576370120048523,1.4655670883826315
2014-07-09,fold_3,Taper tantrum and 2014 H1,-0.004077531397342682,-1,-0.0031639656517654657,-1,0.0031639656517654657,-0.030562336352886632,,,,1,31.639656517654657,0.005454644560813904,0.00974604208022356,-0.004077531397342682,-0.5971461092102441
2014-07-10,fold_3,Taper tantrum and 2014 H1,-0.0056895846500992775,-1,0.006423445418477058,1,-0.006423445418477058,-0.03698578177136369,,,,0,-64.23445418477058,0.00426916778087616,-0.0004228194011375308,-0.0056895846500992775,1.2017025952140485
2014-07-11,fold_3,Taper tantrum and 2014 H1,-0.005301106721162796,-1,0.0059651839546859264,1,-0.0059651839546859264,-0.04295096572604962,,,,0,-59.651839546859264,0.00465841218829155,0.008882122114300728,-0.005301106721162796,1.1585792441699563
2014-07-14,fold_3,Taper tantrum and 2014 H1,-0.005381996743381023,-1,-0.003449437441304326,-1,0.003449437441304326,-0.03950152828474529,,,,1,34.49437441304326,0.0010426901280879974,0.0016677516978234053,-0.005381996743381023,-0.6535234140812817
2014-07-15,fold_3,Taper tantrum and 2014 H1,-0.0055710915476083755,-1,0.003970816265791655,1,-0.003970816265791655,-0.043472344550536945,,,,0,-39.708162657916546,-0.00039019063115119934,0.01145125925540924,-0.0055710915476083755,0.7448884330714018
2014-07-16,fold_3,Taper tantrum and 2014 H1,-0.00299095269292593,-1,-0.013332827016711235,-1,0.013332827016711235,-0.03013951753382571,,,,1,133.32827016711235,0.0016992613673210144,0.013877581804990768,-0.00299095269292593,-2.467743478875805
2014-07-17,fold_3,Taper tantrum and 2014 H1,-0.002556026913225651,-1,0.015728386119008064,1,-0.015728386119008064,-0.045867903652833775,,,,0,-157.28386119008064,0.004291743040084839,0.026078633964061737,-0.002556026913225651,2.603183061654549
2014-07-18,fold_3,Taper tantrum and 2014 H1,-0.0034108925610780716,-1,-0.0012491863453760743,-1,0.0012491863453760743,-0.0446187173074577,,,,1,12.491863453760743,0.00835508108139038,0.006429646164178848,-0.0034108925610780716,-0.17872204598867492
2014-07-21,fold_3,Taper tantrum and 2014 H1,-0.00379260815680027,-1,0.006334070116281509,1,-0.006334070116281509,-0.05095278742373921,,,,0,-63.340701162815094,0.005076192319393158,0.007989144884049892,-0.00379260815680027,0.9061378421587718
2014-07-22,fold_3,Taper tantrum and 2014 H1,-0.00330547709017992,-1,0.00639713928103447,1,-0.00639713928103447,-0.05734992670477368,,,,0,-63.971392810344696,0.0015064291656017303,-0.00010333875979995355,-0.00330547709017992,0.8969545824667564
2014-07-23,fold_3,Taper tantrum and 2014 H1,-0.007400477305054665,-1,-0.0011317766038700938,-1,0.0011317766038700938,-0.056218150100903586,,,,1,11.317766038700938,-0.005008619278669357,-0.002574207494035363,-0.007400477305054665,-0.15565918702123097
2014-07-24,fold_3,Taper tantrum and 2014 H1,-0.0036552511155605316,-1,-0.003920600283890963,-1,0.003920600283890963,-0.05229754981701262,,,,1,39.206002838909626,-0.003439340740442276,-0.021860044449567795,-0.0036552511155605316,-0.5494414230069968
2014-07-25,fold_3,Taper tantrum and 2014 H1,-0.00410864781588316,-1,0.0003103120543528348,1,-0.0003103120543528348,-0.05260786187136546,,,,0,-3.103120543528348,-0.004453837871551514,-0.021629933267831802,-0.00410864781588316,0.04316926421390465
2014-07-28,fold_3,Taper tantrum and 2014 H1,-0.0012609446421265602,-1,-0.001758413389325142,-1,0.001758413389325142,-0.050849448482040316,,,,1,17.58413389325142,-0.0007533468306064606,-0.015097670257091522,-0.0012609446421265602,-0.24691679954321788
2014-07-29,fold_3,Taper tantrum and 2014 H1,-0.005584258586168289,-1,0.003926270641386509,1,-0.003926270641386509,-0.054775719123426825,,,,0,-39.26270641386509,-0.0003522336483001709,-0.02102711983025074,-0.005584258586168289,0.5512776424635283
2014-07-30,fold_3,Taper tantrum and 2014 H1,-0.0034768134355545044,-1,-0.02041761204600334,-1,0.02041761204600334,-0.03435810707742348,,,,1,204.17612046003342,-0.004657607525587082,-0.025693856179714203,-0.0034768134355545044,-3.0253746553661913
2014-07-31,fold_3,Taper tantrum and 2014 H1,-0.005074311047792435,-1,-0.003690489800646901,-1,0.003690489800646901,-0.030667617276776582,,,,1,36.90489800646901,0.004443231970071793,-0.008454873226583004,-0.005074311047792435,-0.4534157647166218
2014-08-01,fold_3,Taper tantrum and 2014 H1,-0.0009590983390808105,-1,0.0068425750359892845,1,-0.0068425750359892845,-0.037510192312765867,,,,0,-68.42575035989285,0.0098530612885952,0.0024269213899970055,-0.0009590983390808105,0.8490340969905606
2014-08-04,fold_3,Taper tantrum and 2014 H1,-0.006128751672804356,-1,-0.007687862496823072,-1,0.007687862496823072,-0.029822329815942794,,,,1,76.87862496823072,0.000634562224149704,0.001467795460484922,-0.006128751672804356,-0.9404013445423478
2014-08-05,fold_3,Taper tantrum and 2014 H1,-0.00689112301915884,-1,-0.0007404669304378331,-1,0.0007404669304378331,-0.02908186288550496,,,,1,7.404669304378331,0.009736791253089905,0.008736382238566875,-0.00689112301915884,-0.0937116027863874
2014-08-06,fold_3,Taper tantrum and 2014 H1,-0.007456599734723568,-1,-0.00317862955853343,-1,0.00317862955853343,-0.02590323332697153,,,,1,31.7862955853343,0.007081136107444763,0.02000616118311882,-0.007456599734723568,-0.41130322963078586
2014-08-07,fold_3,Taper tantrum and 2014 H1,-0.007202240638434887,-1,0.007191305048763752,1,-0.007191305048763752,-0.03309453837573528,,,,0,-71.91305048763752,0.010773688554763794,0.028356796130537987,-0.007202240638434887,0.9304928116568347
2014-08-08,fold_3,Taper tantrum and 2014 H1,-0.0056788306683301926,-1,0.005883449222892523,1,-0.005883449222892523,-0.038977987598627806,,,,0,-58.83449222892523,0.005224019289016724,0.02600216120481491,-0.0056788306683301926,0.757958197237931
2014-08-11,fold_3,Taper tantrum and 2014 H1,-0.005783707834780216,-1,-0.0004192753112874925,-1,0.0004192753112874925,-0.03855871228734031,,,,1,4.192753112874925,0.004087317734956741,0.02778947539627552,-0.005783707834780216,-0.05403648788866629
2014-08-12,fold_3,Taper tantrum and 2014 H1,-0.00733201764523983,-1,0.010529312305152416,1,-0.010529312305152416,-0.04908802459249273,,,,0,-105.29312305152416,0.0038169845938682556,0.03379705175757408,-0.00733201764523983,1.363679603234186
2014-08-13,fold_3,Taper tantrum and 2014 H1,-0.010883666574954987,-1,0.0051720053888857365,1,-0.0051720053888857365,-0.054260029981378466,,,,0,-51.720053888857365,-0.003601212054491043,0.02326774038374424,-0.010883666574954987,0.6446265908960627
2014-08-14,fold_3,Taper tantrum and 2014 H1,-0.008101001381874084,-1,0.004836669657379389,1,-0.004836669657379389,-0.059096699638757855,,,,0,-48.36669657379389,0.0029839053750038147,0.020119888707995415,-0.008101001381874084,0.6416355422554882
2014-08-15,fold_3,Taper tantrum and 2014 H1,-0.00588599406182766,-1,0.007670763414353132,1,-0.007670763414353132,-0.06676746305311099,,,,0,-76.70763414353132,-0.0013325884938240051,0.016798965632915497,-0.00588599406182766,1.135661916793589
2014-08-18,fold_3,Taper tantrum and 2014 H1,-0.008924135938286781,-1,0.005588300991803408,1,-0.005588300991803408,-0.0723557640449144,,,,0,-55.88300991803408,-0.0047991275787353516,0.012655028142035007,-0.008924135938286781,0.8025449421832442
2014-08-19,fold_3,Taper tantrum and 2014 H1,-0.010899944230914116,-1,0.0,0,-0.0,-0.0723557640449144,,,,0,-0.0,-0.006742652505636215,0.008072314783930779,-0.010899944230914116,0.0
2014-08-20,fold_3,Taper tantrum and 2014 H1,-0.010397056117653847,-1,0.0020241537131369114,1,-0.0020241537131369114,-0.0743799177580513,,,,0,-20.241537131369114,-0.005365375429391861,0.008273630402982235,-0.010397056117653847,0.2984589132808147
2014-08-21,fold_3,Taper tantrum and 2014 H1,-0.010011227801442146,-1,0.0015157470479607582,1,-0.0015157470479607582,-0.07589566480601206,,,,0,-15.157470479607582,0.0007021874189376831,0.005143505055457354,-0.010011227801442146,0.22315366394154962
2014-08-22,fold_3,Taper tantrum and 2014 H1,-0.0056168390437960625,-1,0.00352682638913393,1,-0.00352682638913393,-0.079422491195146,,,,0,-35.2682638913393,-0.0013142861425876617,0.007342625875025988,-0.0056168390437960625,0.5229497782812355
2014-08-25,fold_3,Taper tantrum and 2014 H1,-0.005590016953647137,-1,0.0010055879829451442,1,-0.0010055879829451442,-0.08042807917809114,,,,0,-10.055879829451442,-0.0024031102657318115,0.00671806838363409,-0.005590016953647137,0.14810494098229504
2014-08-26,fold_3,Taper tantrum and 2014 H1,-0.007455086335539818,-1,0.0002013150224229321,1,-0.0002013150224229321,-0.08062939420051407,,,,0,-2.013150224229321,-0.0012393295764923096,-0.00020076821965631098,-0.007455086335539818,0.029683580416780462
2014-08-27,fold_3,Taper tantrum and 2014 H1,-0.006628184579312801,-1,-0.0011059711687266827,-1,0.0011059711687266827,-0.07952342303178739,,,,1,11.059711687266827,0.0004613138735294342,-0.0013072571018710732,-0.006628184579312801,-0.16445378893942256
2014-08-28,fold_3,Taper tantrum and 2014 H1,-0.011220104992389679,-1,0.0037148678675293922,1,-0.0037148678675293922,-0.08323829089931678,,,,0,-37.14867867529392,0.006885092705488205,0.004816656932234764,-0.011220104992389679,0.7513692050723919
2014-08-29,fold_3,Taper tantrum and 2014 H1,-0.010802214965224266,-1,0.002902268897742033,1,-0.002902268897742033,-0.08614055979705881,,,,0,-29.02268897742033,0.005939196795225143,0.0030023581348359585,-0.010802214965224266,0.5869045800932715
2014-09-02,fold_3,Taper tantrum and 2014 H1,-0.011621547862887383,-1,-0.005913248751312494,-1,0.005913248751312494,-0.08022731104574632,,,,1,59.13248751312494,0.015758492052555084,-0.008227802813053131,-0.011621547862887383,-1.2456932093143112
2014-09-03,fold_3,Taper tantrum and 2014 H1,-0.012018099427223206,-1,-0.0009051738306879997,-1,0.0009051738306879997,-0.07932213721505832,,,,1,9.051738306879997,0.013051643967628479,0.005913248751312494,-0.012018099427223206,-0.19600618181372603
2014-09-04,fold_3,Taper tantrum and 2014 H1,-0.01324174553155899,-1,0.005017942748963833,1,-0.005017942748963833,-0.08434007996402215,,,,0,-50.17942748963833,0.020633593201637268,0.0060186004266142845,-0.01324174553155899,1.0862393282937621
2014-09-05,fold_3,Taper tantrum and 2014 H1,-0.008557653054594994,-1,0.0019005690701305866,1,-0.0019005690701305866,-0.08624064903415274,,,,0,-19.005690701305866,0.021346185356378555,-0.004112768918275833,-0.008557653054594994,0.40433892746950595
2014-09-08,fold_3,Taper tantrum and 2014 H1,-0.007651912048459053,-1,-0.008327892050147057,-1,0.008327892050147057,-0.07791275698400568,,,,1,83.27892050147057,0.019728004932403564,-0.01571054756641388,-0.007651912048459053,-1.8768245623151516
2014-09-09,fold_3,Taper tantrum and 2014 H1,-0.008205942809581757,-1,0.008227802813053131,1,-0.008227802813053131,-0.08614055979705881,,,,0,-82.27802813053131,0.02104143053293228,0.001308427657932043,-0.008205942809581757,1.777519263451231
2014-09-10,fold_3,Taper tantrum and 2014 H1,-0.010913543403148651,-1,-0.0007998223882168531,-1,0.0007998223882168531,-0.08534073740884196,,,,1,7.998223882168531,0.012036923319101334,-0.00541094271466136,-0.010913543403148651,-0.16060189297344188
2014-09-11,fold_3,Taper tantrum and 2014 H1,-0.011891365051269531,-1,-0.005113426595926285,-1,0.005113426595926285,-0.08022731081291568,,,,1,51.13426595926285,0.01003352552652359,0.0028961822390556335,-0.011891365051269531,-1.1642305984975365
2014-09-12,fold_3,Taper tantrum and 2014 H1,-0.011358492076396942,-1,-0.009697210043668747,-1,0.009697210043668747,-0.07053010076924693,,,,1,96.97210043668747,0.009775262326002121,0.007389549165964127,-0.011358492076396942,-2.2095975746885537
2014-09-15,fold_3,Taper tantrum and 2014 H1,-0.012956637889146805,-1,0.008691084571182728,1,-0.008691084571182728,-0.07922118534042966,,,,0,-86.91084571182728,0.010017041116952896,0.00774153508245945,-0.012956637889146805,1.8204422697855847
2014-09-16,fold_3,Taper tantrum and 2014 H1,-0.011808017268776894,-1,0.0015084322076290846,1,-0.0015084322076290846,-0.08072961754805874,,,,0,-15.084322076290846,0.004329148679971695,-0.003679014276713133,-0.011808017268776894,0.3103262284268353
2014-09-17,fold_3,Taper tantrum and 2014 H1,-0.013967296108603477,-1,0.0075073023326694965,1,-0.0075073023326694965,-0.08823691988072824,,,,0,-75.07302332669497,-0.00115952268242836,0.005486177280545235,-0.013967296108603477,1.594067302481406
2014-09-18,fold_3,Taper tantrum and 2014 H1,-0.0072801373898983,-1,-0.0006200594361871481,-1,0.0006200594361871481,-0.08761686044454109,,,,1,6.200594361871481,-0.004619605839252472,-0.0232794601470232,-0.0072801373898983,-0.12401778789185415
2014-09-19,fold_3,Taper tantrum and 2014 H1,-0.009277017787098885,-1,-0.009345224127173424,-1,0.009345224127173424,-0.07827163631736767,,,,1,93.45224127173424,0.0011443756520748138,-0.012074689380824566,-0.009277017787098885,-1.876112941336521
2014-09-22,fold_3,Taper tantrum and 2014 H1,-0.004834257066249847,-1,-0.002729465253651142,-1,0.002729465253651142,-0.07554217106371652,,,,1,27.29465253651142,0.005599692463874817,-0.0040466017089784145,-0.004834257066249847,-0.5062925958727779
2014-09-23,fold_3,Taper tantrum and 2014 H1,-0.006588335148990154,-1,0.010673623532056808,1,-0.010673623532056808,-0.08621579459577333,,,,0,-106.73623532056808,0.006407611072063446,0.00010115558688994497,-0.006588335148990154,1.9884172085794183
2014-09-24,fold_3,Taper tantrum and 2014 H1,-0.0032951291650533676,-1,-0.021258333697915077,-1,0.021258333697915077,-0.06495746089785825,,,,1,212.58333697915077,0.0024160295724868774,-0.026695234701037407,-0.0032951291650533676,-3.6213541307532724
2014-09-25,fold_3,Taper tantrum and 2014 H1,-0.004877971485257149,-1,0.010584711097180843,1,-0.010584711097180843,-0.0755421719950391,,,,0,-105.84711097180843,0.007515162229537964,-0.005436900071799755,-0.004877971485257149,1.4013167095476196
2014-09-26,fold_3,Taper tantrum and 2014 H1,-0.003581416793167591,-1,-0.0013171363389119506,-1,0.0013171363389119506,-0.07422503565612715,,,,1,13.171363389119506,0.005684584379196167,-0.0061947559006512165,-0.003581416793167591,-0.1664801500173341
2014-09-29,fold_3,Taper tantrum and 2014 H1,-0.008341489359736443,-1,0.0014182919403538108,1,-0.0014182919403538108,-0.07564332759648096,,,,0,-14.182919403538108,0.0014616288244724274,-0.007019097916781902,-0.008341489359736443,0.1801359166050565
2015-10-20,fold_4,China devaluation and oil crash,-0.013785101473331451,-1,-0.006119910627603531,-1,0.006119910627603531,0.006119910627603531,,,,1,61.19910627603531,-0.009496301412582397,0.04429900646209717,-0.013785101473331451,-0.549909513091617
2015-10-21,fold_4,China devaluation and oil crash,-0.013578638434410095,-1,0.02016388066112995,1,-0.02016388066112995,-0.01404397003352642,,,,0,-201.63880661129951,-0.008233066648244858,0.05869702249765396,-0.013578638434410095,1.7985088349856173
2015-10-22,fold_4,China devaluation and oil crash,-0.012747928500175476,-1,0.02759856916964054,1,-0.02759856916964054,-0.04164253920316696,,,,0,-275.9856916964054,-0.006858911365270615,0.03695332258939743,-0.012747928500175476,2.2891135509366194
2015-10-23,fold_4,China devaluation and oil crash,-0.011967374011874199,-1,0.0006200486677698791,1,-0.0006200486677698791,-0.04226258787093684,,,,0,-6.200486677698791,-0.01431344822049141,0.004864683840423822,-0.011967374011874199,0.046239165445014885
2015-10-26,fold_4,China devaluation and oil crash,-0.015126075595617294,-1,0.0020364215597510338,1,-0.0020364215597510338,-0.044299009430687875,,,,0,-20.364215597510338,-0.013167222961783409,0.015475906431674957,-0.015126075595617294,0.17327052468370258
2015-10-27,fold_4,China devaluation and oil crash,-0.01635126769542694,-1,0.008278105407953262,1,-0.008278105407953262,-0.05257711483864114,,,,0,-82.78105407953262,-0.011302735656499863,0.0169235672801733,-0.01635126769542694,0.7073047718117413
2015-10-28,fold_4,China devaluation and oil crash,-0.018525931984186172,-1,-0.001579819479957223,-1,0.001579819479957223,-0.050997295358683914,,,,1,15.79819479957223,-0.021864155307412148,0.008732274174690247,-0.018525931984186172,-0.1476400958413283
2015-10-29,fold_4,China devaluation and oil crash,-0.012524593621492386,-1,-0.0044900719076395035,-1,0.0044900719076395035,-0.04650722345104441,,,,1,44.900719076395035,-0.021639080718159676,0.0076130894012749195,-0.012524593621492386,-0.42125876748744795
2015-10-30,fold_4,China devaluation and oil crash,-0.009237894788384438,-1,0.011231271550059319,1,-0.011231271550059319,-0.05773849500110373,,,,0,-112.31271550059319,-0.018988022580742836,0.012800556607544422,-0.009237894788384438,1.125673331570117
2015-11-02,fold_4,China devaluation and oil crash,-0.010876450687646866,-1,0.0034840821754187346,1,-0.0034840821754187346,-0.061222577176522464,,,,0,-34.840821754187346,-0.018145035952329636,-0.009115763008594513,-0.010876450687646866,0.35607678947438853
2015-11-03,fold_4,China devaluation and oil crash,-0.010803546756505966,-1,8.681241888552904e-05,1,-8.681241888552904e-05,-0.06130938959540799,,,,0,-0.8681241888552904,-0.021480901166796684,-0.015156766399741173,-0.010803546756505966,0.008896579534874601
2015-11-04,fold_4,China devaluation and oil crash,-0.012133391574025154,-1,-0.0026990047190338373,-1,0.0026990047190338373,-0.058610384876374155,,,,1,26.990047190338373,-0.01720171794295311,-0.0164802223443985,-0.012133391574025154,-0.27923049992307447
2015-11-05,fold_4,China devaluation and oil crash,-0.013530172407627106,-1,0.0006973955896683037,1,-0.0006973955896683037,-0.05930778046604246,,,,0,-6.973955896683037,-0.017365682870149612,-0.02355119399726391,-0.013530172407627106,0.07231429521597253
2015-11-06,fold_4,China devaluation and oil crash,-0.010772556066513062,-1,-0.010685048997402191,-1,0.010685048997402191,-0.04862273146864027,,,,1,106.85048997402191,-0.013634366914629936,-0.044079799205064774,-0.010772556066513062,-1.113930360360376
2015-11-09,fold_4,China devaluation and oil crash,-0.009108452126383781,-1,-0.002556920750066638,-1,0.002556920750066638,-0.04606581071857363,,,,1,25.56920750066638,-0.012418916448950768,-0.01911265403032303,-0.009108452126383781,-0.2590533167347578
2015-11-10,fold_4,China devaluation and oil crash,-0.011086855083703995,-1,-0.0012366441078484058,-1,0.0012366441078484058,-0.044829166610725224,,,,1,12.366441078484058,-0.013466993346810341,-0.0159277506172657,-0.011086855083703995,-0.12644673556114616
2015-11-11,fold_4,China devaluation and oil crash,-0.010941695421934128,-1,-0.009769977070391178,-1,0.009769977070391178,-0.035059189540334046,,,,1,97.69977070391178,-0.008062399923801422,0.004321797750890255,-0.010941695421934128,-0.9992510511783043
2015-11-12,fold_4,China devaluation and oil crash,-0.01391032338142395,-1,-0.019831210374832153,-1,0.019831210374832153,-0.015227979165501893,,,,1,198.31210374832153,-0.006603717803955078,0.014795579016208649,-0.01391032338142395,-2.124953703021285
2015-11-13,fold_4,China devaluation and oil crash,-0.009698297828435898,-1,0.014282097108662128,1,-0.014282097108662128,-0.02951007627416402,,,,0,-142.82097108662128,-0.010027600452303886,0.041375380009412766,-0.009698297828435898,1.3879178394405955
2015-11-16,fold_4,China devaluation and oil crash,-0.014801204204559326,-1,0.0006279842928051949,1,-0.0006279842928051949,-0.030138060566969216,,,,0,-6.2798429280519485,-0.004434611648321152,0.024206893518567085,-0.014801204204559326,0.058699210833415644
2015-11-17,fold_4,China devaluation and oil crash,-0.0131712406873703,-1,0.019012903794646263,1,-0.019012903794646263,-0.04915096436161548,,,,0,-190.12903794646263,-0.004692386835813522,0.022702451795339584,-0.0131712406873703,1.7874648466146612
2015-11-18,fold_4,China devaluation and oil crash,-0.008375795558094978,-1,0.0007038041949272156,1,-0.0007038041949272156,-0.049854768556542695,,,,0,-7.038041949272156,-0.006998836994171143,0.004566005896776915,-0.008375795558094978,0.06188420412372024
2015-11-19,fold_4,China devaluation and oil crash,-0.016197822988033295,-1,0.006748592015355825,1,-0.006748592015355825,-0.05660336057189852,,,,0,-67.48592015355825,0.0006368793547153473,0.005262549035251141,-0.016197822988033295,0.6462822591666338
2015-11-20,fold_4,China devaluation and oil crash,-0.008615126833319664,-1,-0.0028863900806754827,-1,0.0028863900806754827,-0.05371697049122304,,,,1,28.863900806754827,0.0011606365442276,-0.004026245791465044,-0.008615126833319664,-0.33729056284664266
2015-11-23,fold_4,China devaluation and oil crash,-0.014607809484004974,-1,-0.0008764576632529497,-1,0.0008764576632529497,-0.05284051282797009,,,,1,8.764576632529497,0.0036693252623081207,0.008809004910290241,-0.014607809484004974,-0.10214217951414425
2015-11-24,fold_4,China devaluation and oil crash,-0.006550708785653114,-1,0.0008764576632529497,1,-0.0008764576632529497,-0.05371697049122304,,,,0,-8.764576632529497,0.009920116513967514,0.0035007991828024387,-0.006550708785653114,0.10225956340385596
2015-11-25,fold_4,China devaluation and oil crash,-0.008598295971751213,-1,0.0014003473334014416,1,-0.0014003473334014416,-0.05511731782462448,,,,0,-14.003473334014416,0.009874541312456131,-0.014471632428467274,-0.008598295971751213,0.16728680282196637
2015-11-27,fold_4,China devaluation and oil crash,0.0013488149270415306,1,-0.002540202811360359,-1,-0.002540202811360359,-0.05765752063598484,,,,0,-25.402028113603592,0.02145136520266533,0.0072346641682088375,0.0013488149270415306,-0.3035129411512779
2015-11-30,fold_4,China devaluation and oil crash,0.003989445045590401,1,0.009948860853910446,1,0.009948860853910446,-0.04770865978207439,,,,1,99.48860853910446,0.021341964602470398,0.005248351488262415,0.003989445045590401,1.194586063857271
2015-12-01,fold_4,China devaluation and oil crash,0.008878313936293125,1,-0.006184663623571396,-1,-0.006184663623571396,-0.05389332340564579,,,,0,-61.84663623571396,0.012129697948694229,-0.0046132574789226055,0.008878313936293125,-0.7499876485171226
2015-12-02,fold_4,China devaluation and oil crash,0.0041426001116633415,1,-0.01709597371518612,-1,-0.01709597371518612,-0.0709892971208319,,,,0,-170.9597371518612,0.012268278747797012,-0.013724218122661114,0.0041426001116633415,-2.0535364294682603
2015-12-03,fold_4,China devaluation and oil crash,-0.002628984861075878,-1,0.023106643930077553,1,-0.023106643930077553,-0.09409594105090946,,,,0,-231.06643930077553,0.0035685859620571136,0.007879506796598434,-0.002628984861075878,2.5223255326409033
2015-12-04,fold_4,China devaluation and oil crash,-0.005133193917572498,-1,-0.004526515491306782,-1,0.004526515491306782,-0.08956942555960268,,,,1,45.26515491306782,0.01029517874121666,-0.038512103259563446,-0.005133193917572498,-0.43109129945658503
2015-12-07,fold_4,China devaluation and oil crash,-0.01203950121998787,-1,8.725155930733308e-05,1,-8.725155930733308e-05,-0.08965667711891001,,,,0,-0.8725155930733308,0.011804115027189255,-0.026432102546095848,-0.01203950121998787,0.008272132186391416
2015-12-08,fold_4,China devaluation and oil crash,-0.006957190111279488,-1,-0.015295623801648617,-1,0.015295623801648617,-0.0743610533172614,,,,1,152.95623801648617,0.009501442313194275,-0.020446723327040672,-0.006957190111279488,-1.4888426203459677
2015-12-09,fold_4,China devaluation and oil crash,-0.008468806743621826,-1,0.004507751204073429,1,-0.004507751204073429,-0.07886880452133482,,,,0,-45.07751204073429,0.014173772186040878,0.00960917305201292,-0.008468806743621826,0.4168919601981546
2015-12-10,fold_4,China devaluation and oil crash,-0.010267801582813263,-1,-0.02328496426343918,-1,0.02328496426343918,-0.055583840257895645,,,,1,232.84964263439178,0.010161787271499634,-0.009569364599883556,-0.010267801582813263,-2.144870930139299
2015-12-11,fold_4,China devaluation and oil crash,-0.014036072418093681,-1,0.007553484290838242,1,-0.007553484290838242,-0.06313732454873389,,,,0,-75.53484290838242,0.02709035575389862,-0.005653249565511942,-0.014036072418093681,0.6379484307264066
2015-12-14,fold_4,China devaluation and oil crash,-0.008731730282306671,-1,0.006072630640119314,1,-0.006072630640119314,-0.0692099551888532,,,,0,-60.72630640119314,0.02265959233045578,-0.00215992983430624,-0.008731730282306671,0.5467045773028342
2015-12-15,fold_4,China devaluation and oil crash,-0.015510337427258492,-1,0.014760272577404976,1,-0.014760272577404976,-0.08397022776625818,,,,0,-147.60272577404976,0.0064690001308918,-0.00168037845287472,-0.015510337427258492,1.376247394325145
2015-12-16,fold_4,China devaluation and oil crash,-0.03167371824383736,-1,-0.014670786447823048,-1,0.014670786447823048,-0.06929944131843513,,,,1,146.70786447823048,0.02098672464489937,-0.009042750112712383,-0.03167371824383736,-1.3074991347175047
2015-12-17,fold_4,China devaluation and oil crash,-0.008571302518248558,-1,-0.01936884969472885,-1,0.01936884969472885,-0.04993059162370628,,,,1,193.6884969472885,0.007812555879354477,0.005450133234262466,-0.008571302518248558,-1.7786319863299034
2015-12-18,fold_4,China devaluation and oil crash,-0.016691528260707855,-1,0.011046803556382656,1,-0.011046803556382656,-0.060977395180088934,,,,0,-110.46803556382656,0.006872601807117462,0.02428596094250679,-0.016691528260707855,0.9426938408301507
2015-12-21,fold_4,China devaluation and oil crash,-0.03932677209377289,-1,0.006552181672304869,1,-0.006552181672304869,-0.0675295768523938,,,,0,-65.52181672304869,-0.004034079611301422,0.028845859691500664,-0.03932677209377289,0.5515120227529856
2015-12-22,fold_4,China devaluation and oil crash,-0.02015925757586956,-1,0.007397900801151991,1,-0.007397900801151991,-0.0749274776535458,,,,0,-73.97900801151991,-0.020380347967147827,0.013241508975625038,-0.02015925757586956,0.6189166429136861
2015-12-23,fold_4,China devaluation and oil crash,-0.04668102785944939,-1,-0.00017790279525797814,-1,0.00017790279525797814,-0.07474957485828782,,,,1,1.7790279525797814,-0.03443161025643349,-0.006682647857815027,-0.04668102785944939,-0.014744975855360434
2015-12-24,fold_4,China devaluation and oil crash,-0.07036826014518738,-1,-0.0005330225685611367,-1,0.0005330225685611367,-0.07421655228972668,,,,1,5.330225685611367,-0.04410804063081741,-0.027828186750411987,-0.07036826014518738,-0.04418367105827519
2015-12-28,fold_4,China devaluation and oil crash,-0.04817182198166847,-1,0.01560670230537653,1,-0.01560670230537653,-0.08982325459510321,,,,0,-156.0670230537653,-0.043006837368011475,-0.02903185784816742,-0.04817182198166847,1.2940542927429068
2015-12-29,fold_4,China devaluation and oil crash,-0.03448919579386711,-1,-0.00905216857790947,-1,0.00905216857790947,-0.08077108601719374,,,,1,90.5216857790947,-0.033002905547618866,-0.05429093912243843,-0.03448919579386711,-0.7217363218677224
2015-12-30,fold_4,China devaluation and oil crash,-0.024896230548620224,-1,-0.012526256032288074,-1,0.012526256032288074,-0.06824482998490566,,,,1,125.26256032288074,-0.02554759755730629,-0.07705271244049072,-0.024896230548620224,-1.0014434086057409
2015-12-31,fold_4,China devaluation and oil crash,-0.03663485124707222,-1,-0.021323442459106445,-1,0.021323442459106445,-0.04692138752579922,,,,1,213.23442459106445,-0.04278978705406189,-0.07276111096143723,-0.03663485124707222,-1.6733253467462836
2016-01-04,fold_4,China devaluation and oil crash,0.02106945775449276,1,-0.0017366929678246379,-1,-0.0017366929678246379,-0.048658080493623856,,,,0,-17.36692967824638,-0.007977791130542755,-0.048365604132413864,0.02106945775449276,-0.13299938311556678
2016-01-05,fold_4,China devaluation and oil crash,-0.011744234710931778,-1,-0.009652378037571907,-1,0.009652378037571907,-0.03900570245605195,,,,1,96.52378037571907,-0.01567530445754528,-0.03509790077805519,-0.011744234710931778,-0.804466051931289
2016-01-06,fold_4,China devaluation and oil crash,-0.009457794949412346,-1,-0.03181394189596176,-1,0.03181394189596176,-0.007191760560090188,,,,1,318.1394189596176,0.0005989447236061096,-0.06054344400763512,-0.009457794949412346,-2.618651198542985
2016-01-07,fold_4,China devaluation and oil crash,-0.0084344781935215,-1,-0.008234658278524876,-1,0.008234658278524876,0.0010428977184346877,,,,1,82.34658278524876,0.023401960730552673,-0.007657906971871853,-0.0084344781935215,-0.5849109099819225
2016-01-08,fold_4,China devaluation and oil crash,-0.006748630665242672,-1,0.0030720664653927088,1,-0.0030720664653927088,-0.002029168746958021,,,,0,-30.720664653927088,0.019597649574279785,-0.030952053144574165,-0.006748630665242672,0.22293194032832703
2016-01-11,fold_4,China devaluation and oil crash,-0.009522423148155212,-1,0.011531009338796139,1,-0.011531009338796139,-0.01356017808575416,,,,0,-115.31009338796139,-0.0025343894958496094,-0.031844522804021835,-0.009522423148155212,0.8379769965657005
2016-01-12,fold_4,China devaluation and oil crash,-0.007647298276424408,-1,-0.03509791940450668,-1,0.03509791940450668,0.021537741318752524,,,,1,350.97919404506683,0.010820657014846802,-0.04644802585244179,-0.007647298276424408,-2.7007112948895324
2016-01-13,fold_4,China devaluation and oil crash,-0.008923284709453583,-1,0.021071596071124077,1,-0.021071596071124077,0.00046614524762844667,,,,0,-210.71596071124077,0.011148963123559952,-0.010357847437262535,-0.008923284709453583,1.396629864588817
2016-01-14,fold_4,China devaluation and oil crash,-0.013304430991411209,-1,-0.03152880445122719,-1,0.03152880445122719,0.031994949698855635,,,,1,315.2880445122719,-0.005474291741847992,-0.0028869316447526217,-0.013304430991411209,-2.0021287642035857
2016-01-15,fold_4,China devaluation and oil crash,-0.0136762335896492,-1,0.002179595874622464,1,-0.002179595874622464,0.02981535382423317,,,,0,-21.795958746224642,-0.0013644173741340637,0.013690323568880558,-0.0136762335896492,0.12870273806938973
2016-01-19,fold_4,China devaluation and oil crash,-0.01363598182797432,-1,-0.0030724939424544573,-1,0.0030724939424544573,0.03288784776668763,,,,1,30.724939424544573,0.002469383180141449,0.020469823852181435,-0.01363598182797432,-0.1848506249669811
2016-01-20,fold_4,China devaluation and oil crash,-0.014410048723220825,-1,0.0009922586614266038,1,-0.0009922586614266038,0.031895589105261024,,,,0,-9.922586614266038,-0.0002393089234828949,-0.0016886454541236162,-0.014410048723220825,0.061776704168400025
2016-01-21,fold_4,China devaluation and oil crash,-0.01469661109149456,-1,0.02854251302778721,1,-0.02854251302778721,0.0033530760774738155,,,,0,-285.4251302778721,-0.004705335944890976,0.011338510550558567,-0.01469661109149456,1.7982371089670433
2016-01-22,fold_4,China devaluation and oil crash,-0.01392446830868721,-1,-0.014951549470424652,-1,0.014951549470424652,0.018304625547898468,,,,1,149.51549470424652,-0.010381214320659637,0.0034633507020771503,-0.01392446830868721,-0.8771940457603843
2016-01-25,fold_4,China devaluation and oil crash,-0.013521052896976471,-1,0.008959095925092697,1,-0.008959095925092697,0.00934552962280577,,,,0,-89.59095925092697,-0.009919114410877228,0.021100182086229324,-0.013521052896976471,0.5181487944941808
2016-01-26,fold_4,China devaluation and oil crash,-0.01647843047976494,-1,-0.02523096278309822,-1,0.02523096278309822,0.03457649240590399,,,,1,252.3096278309822,-0.01054847240447998,-0.00974215380847454,-0.01647843047976494,-1.4495383138895608
2016-01-27,fold_4,China devaluation and oil crash,-0.013940699398517609,-1,0.014019414782524109,1,-0.014019414782524109,0.020557077623379882,,,,0,-140.1941478252411,-0.009991370141506195,0.01068068016320467,-0.013940699398517609,0.7662004856589724
2016-01-28,fold_4,China devaluation and oil crash,-0.01636953465640545,-1,0.02066735178232193,1,-0.02066735178232193,-0.0001102741589420475,,,,0,-206.6735178232193,-0.010893570259213448,-0.003437303937971592,-0.01636953465640545,1.1335163489035494
2016-01-29,fold_4,China devaluation and oil crash,-0.01892179809510708,-1,0.0026852828450500965,1,-0.0026852828450500965,-0.002795557003992144,,,,0,-26.852828450500965,-0.012070862576365471,-0.059448905289173126,-0.01892179809510708,0.14359585346548528
2016-02-01,fold_4,China devaluation and oil crash,-0.01660098135471344,-1,-0.021883239969611168,-1,0.021883239969611168,0.019087682965619024,,,,1,218.83239969611168,-0.00829349085688591,-0.07753972709178925,-0.01660098135471344,-1.182937129687806
2016-02-02,fold_4,China devaluation and oil crash,-0.017997149378061295,-1,-0.004808129742741585,-1,0.004808129742741585,0.02389581270836061,,,,1,48.08129742741585,-0.0044975802302360535,-0.05876627564430237,-0.017997149378061295,-0.25945388234654193
2016-02-03,fold_4,China devaluation and oil crash,-0.014929626137018204,-1,-9.856902761384845e-05,-1,9.856902761384845e-05,0.023994381735974457,,,,1,0.9856902761384845,-0.004486635327339172,-0.05012403801083565,-0.014929626137018204,-0.005311166214399696
2016-02-04,fold_4,China devaluation and oil crash,-0.016771383583545685,-1,-0.03534424677491188,-1,0.03534424677491188,0.05933862851088634,,,,1,353.4424677491188,-0.005219470709562302,-0.05147428438067436,-0.016771383583545685,-1.9174533501424986
2016-02-05,fold_4,China devaluation and oil crash,-0.01170867308974266,-1,-0.015405537560582161,-1,0.015405537560582161,0.0747441660714685,,,,1,154.0553756058216,-0.0015024617314338684,-0.0010195453651249409,-0.01170867308974266,-0.8215536769418437
2016-02-08,fold_4,China devaluation and oil crash,-0.01262061670422554,-1,-0.0031097931787371635,-1,0.0031097931787371635,0.07785395925020566,,,,1,31.097931787371635,0.0005965456366539001,0.03668167442083359,-0.01262061670422554,-0.16387711720760295
2016-02-09,fold_4,China devaluation and oil crash,-0.011795956641435623,-1,0.0038341099862009287,1,-0.0038341099862009287,0.07401984926400473,,,,0,-38.34109986200929,-0.000446859747171402,0.06218694522976875,-0.011795956641435623,0.2020432474718451
2016-02-10,fold_4,China devaluation and oil crash,-0.01096019521355629,-1,-0.0014488183660432696,-1,0.0014488183660432696,0.075468667630048,,,,1,14.488183660432696,-0.002018433064222336,0.04687260091304779,-0.01096019521355629,-0.07698195258095755
2016-02-11,fold_4,China devaluation and oil crash,-0.010442648082971573,-1,0.015110493637621403,1,-0.015110493637621403,0.0603581739924266,,,,0,-151.10493637621403,0.00010762736201286316,0.05127744376659393,-0.010442648082971573,0.8831972019828036
2016-02-12,fold_4,China devaluation and oil crash,-0.010321445763111115,-1,0.02229568362236023,1,-0.02229568362236023,0.03806249037006637,,,,0,-222.9568362236023,-0.00545128807425499,0.052272047847509384,-0.010321445763111115,1.3278565186649587
2016-02-16,fold_4,China devaluation and oil crash,-0.010430438444018364,-1,0.022395476698875427,1,-0.022395476698875427,0.015667013671190944,,,,0,-223.95476698875427,-0.01039871945977211,0.013379471376538277,-0.010430438444018364,1.3967733286032078
2016-02-17,fold_4,China devaluation and oil crash,-0.010893851518630981,-1,-0.011480232700705528,-1,0.011480232700705528,0.027147246371896472,,,,1,114.80232700705528,-0.014170374721288681,0.0004877016763202846,-0.010893851518630981,-0.6837341414653121
2016-02-18,fold_4,China devaluation and oil crash,-0.010713193565607071,-1,0.0029560215771198273,1,-0.0029560215771198273,0.024191224794776645,,,,0,-29.560215771198273,-0.013523275032639503,0.02176855504512787,-0.010713193565607071,0.17417363544250247
2016-02-19,fold_4,China devaluation and oil crash,-0.009690951555967331,-1,0.016105100512504578,1,-0.016105100512504578,0.008086124282272067,,,,0,-161.05100512504578,-0.015081644058227539,0.017556218430399895,-0.009690951555967331,0.9483009542696542
2016-02-22,fold_4,China devaluation and oil crash,-0.011100450530648232,-1,-0.016596894711256027,-1,0.016596894711256027,0.024683018993528094,,,,1,165.96894711256027,-0.016020862385630608,-0.007580889854580164,-0.011100450530648232,-1.027989766492414
2016-02-23,fold_4,China devaluation and oil crash,-0.009663175791501999,-1,0.00950370728969574,1,-0.00950370728969574,0.015179311703832354,,,,0,-95.0370728969574,-0.01239071972668171,0.040609244257211685,-0.009663175791501999,0.5857381864444753
2016-02-24,fold_4,China devaluation and oil crash,-0.011771317571401596,-1,0.009800620377063751,1,-0.009800620377063751,0.005378691326768603,,,,0,-98.00620377063751,-0.011612294241786003,0.031483400613069534,-0.011771317571401596,0.603461779103473
2016-02-25,fold_4,China devaluation and oil crash,-0.010563202202320099,-1,-0.001256314804777503,-1,0.001256314804777503,0.006635006131546106,,,,1,12.56314804777503,-0.011818742379546165,0.019791029393672943,-0.010563202202320099,-0.08165264511119744
2016-02-26,fold_4,China devaluation and oil crash,-0.009715184569358826,-1,-0.009032007306814194,-1,0.009032007306814194,0.0156670134383603,,,,1,90.32007306814194,-0.011785583570599556,0.021426400169730186,-0.009715184569358826,-0.599497246806656
2016-02-29,fold_4,China devaluation and oil crash,-0.009055577218532562,-1,0.031593240797519684,1,-0.031593240797519684,-0.015926227359159384,,,,0,-315.93240797519684,-0.0098953265696764,0.02428814396262169,-0.009055577218532562,2.1816719207427404
2016-03-01,fold_4,China devaluation and oil crash,-0.01093248650431633,-1,0.00037786204484291375,1,-0.00037786204484291375,-0.016304089404002298,,,,0,-3.7786204484291375,-0.013110168278217316,-0.015623753890395164,-0.01093248650431633,0.023467816817346564
2016-03-02,fold_4,China devaluation and oil crash,-0.011259276419878006,-1,-0.0018917503766715527,-1,0.0018917503766715527,-0.014412339027330745,,,,1,18.917503766715527,-0.012918049469590187,-0.009589391760528088,-0.011259276419878006,-0.12332163128581751
2016-03-03,fold_4,China devaluation and oil crash,-0.009786272421479225,-1,0.000379056204110384,1,-0.000379056204110384,-0.014791395231441129,,,,0,-3.79056204110384,-0.011697866022586823,-0.009225158020853996,-0.009786272421479225,0.024761813468867088
2016-03-04,fold_4,China devaluation and oil crash,-0.012478722259402275,-1,-0.006170264445245266,-1,0.006170264445245266,-0.008621130786195863,,,,1,61.70264445245266,-0.011382156983017921,0.0077295913361012936,-0.012478722259402275,-0.40306623955910803
2016-03-07,fold_4,China devaluation and oil crash,-0.013159746304154396,-1,-0.00831865705549717,-1,0.00831865705549717,-0.00030247373069869354,,,,1,83.1865705549717,-0.010317172855138779,0.01558910682797432,-0.013159746304154396,-0.6310215495998357
2016-03-08,fold_4,China devaluation and oil crash,-0.01380101963877678,-1,0.0064122239127755165,1,-0.0064122239127755165,-0.00671469764347421,,,,0,-64.12223912775517,-0.008965793997049332,0.023532414808869362,-0.01380101963877678,0.49861595348445165
2016-03-09,fold_4,China devaluation and oil crash,-0.01162153109908104,-1,-0.0015275164041668177,-1,0.0015275164041668177,-0.005187181239307392,,,,1,15.275164041668177,-0.010187007486820221,0.025990260764956474,-0.01162153109908104,-0.11821938015982
2016-03-10,fold_4,China devaluation and oil crash,-0.014565808698534966,-1,0.017333805561065674,1,-0.017333805561065674,-0.022520986800373066,,,,0,-173.33805561065674,-0.015308089554309845,0.026959849521517754,-0.014565808698534966,1.3440099143160127
2016-03-11,fold_4,China devaluation and oil crash,-0.012541513890028,-1,0.001689250930212438,1,-0.001689250930212438,-0.024210237730585504,,,,0,-16.89250930212438,-0.013460680842399597,0.011191518045961857,-0.012541513890028,0.12547344482987752
2016-03-14,fold_4,China devaluation and oil crash,-0.01343400776386261,-1,-0.0003753479686565697,-1,0.0003753479686565697,-0.023834889761928935,,,,1,3.753479686565697,-0.014257514849305153,0.01340685784816742,-0.01343400776386261,-0.028789643508014145
2016-03-15,fold_4,China devaluation and oil crash,-0.011205222457647324,-1,0.008870068937540054,1,-0.008870068937540054,-0.03270495869946899,,,,0,-88.70068937540054,-0.013217862695455551,0.016838986426591873,-0.011205222457647324,0.7362859028048112
2016-03-16,fold_4,China devaluation and oil crash,-0.010207584127783775,-1,-0.0005579286371357739,-1,0.0005579286371357739,-0.032147030062333215,,,,1,5.579286371357739,-0.017225218936800957,-0.00029687152709811926,-0.010207584127783775,-0.050106030756215725
2016-03-17,fold_4,China devaluation and oil crash,-0.01043495163321495,-1,0.0015654738526791334,1,-0.0015654738526791334,-0.03371250391501235,,,,0,-15.654738526791334,-0.014347808435559273,0.000540980021469295,-0.01043495163321495,0.14447327970051663
2016-03-18,fold_4,China devaluation and oil crash,-0.010955696925520897,-1,0.0039045915473252535,1,-0.0039045915473252535,-0.0376170954623376,,,,0,-39.045915473252535,-0.012154623866081238,-0.0024239751510322094,-0.010955696925520897,0.36082740226055715
2016-03-21,fold_4,China devaluation and oil crash,-0.009109508246183395,-1,0.003056779270991683,1,-0.003056779270991683,-0.040673874733329285,,,,0,-30.56779270991683,-0.011394767090678215,0.009602147154510021,-0.009109508246183395,0.2984641932522144
2016-03-22,fold_4,China devaluation and oil crash,-0.009252147749066353,-1,-0.008265787735581398,-1,0.008265787735581398,-0.03240808699774789,,,,1,82.65787735581398,-0.012913526967167854,0.011403592303395271,-0.009252147749066353,-0.8637103386924586
2016-03-23,fold_4,China devaluation and oil crash,-0.010536812245845795,-1,0.0002799229114316404,1,-0.0002799229114316404,-0.03268800990917953,,,,0,-2.799229114316404,-0.009859656915068626,0.01820463314652443,-0.010536812245845795,0.029426987994186592
2016-03-24,fold_4,China devaluation and oil crash,-0.00995587557554245,-1,-0.001399481319822371,-1,0.001399481319822371,-0.031288528589357156,,,,1,13.99481319822371,-0.010589143261313438,0.028491921722888947,-0.00995587557554245,-0.1511843418165445
2016-03-28,fold_4,China devaluation and oil crash,-0.010620715096592903,-1,0.015930714085698128,1,-0.015930714085698128,-0.047219242675055284,,,,0,-159.30714085698128,-0.01820133440196514,0.02607828378677368,-0.010620715096592903,1.720785580467
2016-03-29,fold_4,China devaluation and oil crash,-0.013934286311268806,-1,0.004858225118368864,1,-0.004858225118368864,-0.05207746779342415,,,,0,-48.58225118368864,-0.01448957622051239,0.0004590361495502293,-0.013934286311268806,0.5002431355891801
2016-03-30,fold_4,China devaluation and oil crash,-0.012508075684309006,-1,-0.0014647470088675618,-1,0.0014647470088675618,-0.050612720784556586,,,,1,14.647470088675618,-0.013515954837203026,0.011907192878425121,-0.012508075684309006,-0.2169314072734547
2016-03-31,fold_4,China devaluation and oil crash,-0.01245894841849804,-1,0.010567210614681244,1,-0.010567210614681244,-0.06117993139923783,,,,0,-105.67210614681244,-0.010782275348901749,-0.0010990502778440714,-0.01245894841849804,1.5633052445202813
2016-04-01,fold_4,China devaluation and oil crash,-0.011854443699121475,-1,-0.003813117742538452,-1,0.003813117742538452,-0.05736681365669938,,,,1,38.13117742538452,-0.008991312235593796,-0.012399908155202866,-0.011854443699121475,-0.5334434279302764
2016-04-04,fold_4,China devaluation and oil crash,-0.012470802292227745,-1,-0.009688534773886204,-1,0.009688534773886204,-0.047678278882813174,,,,1,96.88534773886204,0.0014654621481895447,-0.012263499200344086,-0.012470802292227745,-1.3459487874714837
2016-04-05,fold_4,China devaluation and oil crash,-0.009332029148936272,-1,0.016306381672620773,1,-0.016306381672620773,-0.06398466055543395,,,,0,-163.06381672620773,0.012832455337047577,0.005769746843725443,-0.009332029148936272,2.206686146330935
2016-04-06,fold_4,China devaluation and oil crash,-0.014909613877534866,-1,-0.014470990747213364,-1,0.014470990747213364,-0.049513669808220584,,,,1,144.70990747213364,0.007535286247730255,0.0021664733067154884,-0.014909613877534866,-1.8026860920018872
2016-04-07,fold_4,China devaluation and oil crash,-0.018813343718647957,-1,-0.0007336472626775503,-1,0.0007336472626775503,-0.048780022545543034,,,,1,7.336472626775503,0.008969254791736603,0.016727684065699577,-0.018813343718647957,-0.0859524674195636
2016-04-08,fold_4,China devaluation and oil crash,-0.02056640200316906,-1,-0.0036767087876796722,-1,0.0036767087876796722,-0.04510331375786336,,,,1,36.76708787679672,0.01699923351407051,0.014934007078409195,-0.02056640200316906,-0.4310205214851261
2016-04-11,fold_4,China devaluation and oil crash,-0.007858306169509888,-1,0.008344711735844612,1,-0.008344711735844612,-0.053448025493707974,,,,0,-83.44711735844612,0.0034171901643276215,0.023929070681333542,-0.007858306169509888,1.0917883100498842
2016-04-12,fold_4,China devaluation and oil crash,-0.011143548414111137,-1,0.012703108601272106,1,-0.012703108601272106,-0.06615113409498008,,,,0,-127.03108601272106,-0.010100167244672775,0.009451969526708126,-0.011143548414111137,1.6164684369758442
2016-04-13,fold_4,China devaluation and oil crash,-0.012498516589403152,-1,9.022023732541129e-05,1,-9.022023732541129e-05,-0.06624135433230549,,,,0,-0.9022023732541129,-0.0068210698664188385,-0.002437104005366564,-0.012498516589403152,0.010797402454357615
2016-04-14,fold_4,China devaluation and oil crash,-0.01634993962943554,-1,-0.0025273242499679327,-1,0.0025273242499679327,-0.06371403008233756,,,,1,25.273242499679327,-0.011431567370891571,-0.002437179908156395,-0.01634993962943554,-0.3113639257109552
2016-04-15,fold_4,China devaluation and oil crash,-0.009145624935626984,-1,0.005318354815244675,1,-0.005318354815244675,-0.06903238489758223,,,,0,-53.18354815244675,-0.009925464168190956,-0.01511763408780098,-0.009145624935626984,0.6537108107086823
2016-04-18,fold_4,China devaluation and oil crash,-0.008133120834827423,-1,-0.006132390350103378,-1,0.006132390350103378,-0.06289999454747885,,,,1,61.32390350103378,-0.0071976929903030396,-0.020435988903045654,-0.008133120834827423,-0.746519575063396
2016-04-19,fold_4,China devaluation and oil crash,-0.013248560950160027,-1,0.0008140353602357209,1,-0.0008140353602357209,-0.06371402990771458,,,,0,-8.140353602357209,-0.005871471017599106,-0.019178731366991997,-0.013248560950160027,0.09828481736239875
2016-04-20,fold_4,China devaluation and oil crash,-0.0016201604157686234,-1,9.014434181153774e-05,1,-9.014434181153774e-05,-0.06380417424952611,,,,0,-0.9014434181153774,-0.0003558620810508728,-0.028047095984220505,-0.0016201604157686234,0.01091842629886139
2016-04-21,fold_4,China devaluation and oil crash,0.001493704505264759,1,-0.015207778662443161,-1,-0.015207778662443161,-0.07901195291196927,,,,0,-152.0777866244316,0.015067573636770248,-0.04029499739408493,0.001493704505264759,-1.889952292367294
2016-04-22,fold_4,China devaluation and oil crash,0.0008657663129270077,1,0.0,0,0.0,-0.07901195291196927,,,,0,0.0,0.016928769648075104,-0.0303702000528574,0.0008657663129270077,0.0
2016-04-25,fold_4,China devaluation and oil crash,0.007951929233968258,1,-0.0048751323483884335,-1,-0.0048751323483884335,-0.08388708526035771,,,,0,-48.751323483884335,0.03669365495443344,-0.020955650135874748,0.007951929233968258,-0.5584431452323555
2016-04-26,fold_4,China devaluation and oil crash,0.016077160835266113,1,-0.008054329082369804,-1,-0.008054329082369804,-0.09194141434272751,,,,0,-80.54329082369804,0.01200072094798088,-0.025400573387742043,0.016077160835266113,-1.0012567341013854
2016-04-27,fold_4,China devaluation and oil crash,0.016740240156650543,1,-0.012157757766544819,-1,-0.012157757766544819,-0.10409917210927233,,,,0,-121.57757766544819,-0.004007991403341293,-0.023798203095793724,0.016740240156650543,-1.4878294773292926
2016-04-28,fold_4,China devaluation and oil crash,0.024134561419487,1,-0.005282980855554342,-1,-0.005282980855554342,-0.10938215296482667,,,,0,-52.82980855554342,0.009290952235460281,-0.011926179751753807,0.024134561419487,-0.6139008000621646
2018-09-19,fold_5,2018 Vol-mageddon + Q4 sell-off,-0.008306436240673065,-1,0.010995673015713692,1,-0.010995673015713692,-0.010995673015713692,,,,0,-109.95673015713692,-0.003405235707759857,0.010354790836572647,-0.008306436240673065,1.4784977216211306
2018-09-20,fold_5,2018 Vol-mageddon + Q4 sell-off,-0.00733652338385582,-1,-0.00548259261995554,-1,0.00548259261995554,-0.005513080395758152,,,,1,54.8259261995554,-0.008192360401153564,0.007789247203618288,-0.00733652338385582,-0.7042587737554218
2018-09-21,fold_5,2018 Vol-mageddon + Q4 sell-off,-0.011498972773551941,-1,0.002777309622615576,1,-0.002777309622615576,-0.008290390018373728,,,,0,-27.773096226155758,-0.007629115134477615,0.013056525960564613,-0.011498972773551941,0.35270575058628745
2018-09-24,fold_5,2018 Vol-mageddon + Q4 sell-off,-0.007822956889867783,-1,0.0013584248954430223,1,-0.0013584248954430223,-0.00964881491381675,,,,0,-13.584248954430223,-0.0020102597773075104,0.01232261210680008,-0.007822956889867783,0.17819671546611277
2018-09-25,fold_5,2018 Vol-mageddon + Q4 sell-off,-0.01624312996864319,-1,0.0007059755735099316,1,-0.0007059755735099316,-0.010354790487326682,,,,0,-7.059755735099316,-0.008076529949903488,0.008705517277121544,-0.01624312996864319,0.09691556136553459
2018-09-26,fold_5,2018 Vol-mageddon + Q4 sell-off,-0.010418225079774857,-1,0.00843012984842062,1,-0.00843012984842062,-0.0187849203357473,,,,0,-84.3012984842062,-0.007041845470666885,0.009075534529983997,-0.010418225079774857,1.1581767856288074
2018-09-27,fold_5,2018 Vol-mageddon + Q4 sell-off,-0.008625855669379234,-1,-0.0002153137611458078,-1,0.0002153137611458078,-0.018569606574601494,,,,1,2.153137611458078,-0.007360484451055527,-0.018739888444542885,-0.008625855669379234,-0.030463890037563997
2018-09-28,fold_5,2018 Vol-mageddon + Q4 sell-off,-0.008401427417993546,-1,0.002043396234512329,1,-0.002043396234512329,-0.020613002809113823,,,,0,-20.43396234512329,-0.005858253687620163,-0.030826954171061516,-0.008401427417993546,0.28955915449981495
2018-10-01,fold_5,2018 Vol-mageddon + Q4 sell-off,-0.01239107921719551,-1,-0.0022586702834814787,-1,0.0022586702834814787,-0.018354332525632344,,,,1,22.586702834814787,0.00935015082359314,-0.03899511694908142,-0.01239107921719551,-0.3196605862331189
2018-10-02,fold_5,2018 Vol-mageddon + Q4 sell-off,-0.008853694424033165,-1,0.0010759925935417414,1,-0.0010759925935417414,-0.019430325119174086,,,,0,-10.759925935417414,0.007729172706604004,-0.0335022509098053,-0.008853694424033165,0.1533092755250861
2018-10-03,fold_5,2018 Vol-mageddon + Q4 sell-off,-0.009193960577249527,-1,-0.019385293126106262,-1,0.019385293126106262,-4.503199306782335e-05,,,,1,193.85293126106262,0.0051824674010276794,-0.07955434173345566,-0.009193960577249527,-3.032313178191907
2018-10-04,fold_5,2018 Vol-mageddon + Q4 sell-off,-0.011574752628803253,-1,-0.012302380055189133,-1,0.012302380055189133,0.01225734806212131,,,,1,123.02380055189133,0.02065322920680046,-0.07264971733093262,-0.011574752628803253,-1.649475386727381
2018-10-05,fold_5,2018 Vol-mageddon + Q4 sell-off,-0.006922940723598003,-1,-0.006124766077846289,-1,0.006124766077846289,0.018382114139967598,,,,1,61.24766077846289,0.025048278272151947,-0.032896917313337326,-0.006922940723598003,-0.7750360940234491
2018-10-08,fold_5,2018 Vol-mageddon + Q4 sell-off,-0.010434698313474655,-1,0.003234193893149495,1,-0.003234193893149495,0.015147920246818103,,,,0,-32.34193893149495,0.02850200980901718,-0.03895066678524017,-0.010434698313474655,0.4050319915801271
2018-10-09,fold_5,2018 Vol-mageddon + Q4 sell-off,-0.0055590299889445305,-1,-0.04497610032558441,-1,0.04497610032558441,0.060124020572402515,,,,1,449.7610032558441,0.023746632039546967,-0.013507483527064323,-0.0055590299889445305,-5.74268986795803
2018-10-10,fold_5,2018 Vol-mageddon + Q4 sell-off,-0.00771916750818491,-1,-0.012480662204325199,-1,0.012480662204325199,0.07260468277672771,,,,1,124.80662204325199,0.04013214260339737,0.03186367079615593,-0.00771916750818491,-0.9804380361378571
2018-10-11,fold_5,2018 Vol-mageddon + Q4 sell-off,0.008771460503339767,1,0.02745041809976101,1,0.02745041809976101,0.10005510087648872,,,,1,274.5041809976101,0.05448044836521149,0.020888805389404297,0.008771460503339767,2.142276908545707
2018-10-12,fold_5,2018 Vol-mageddon + Q4 sell-off,-0.007166225463151932,-1,-0.012178515084087849,-1,0.012178515084087849,0.11223361596057657,,,,1,121.78515084087849,0.023482955992221832,-0.007485735230147839,-0.007166225463151932,-0.8580742505676323
2018-10-15,fold_5,2018 Vol-mageddon + Q4 sell-off,-0.006893434561789036,-1,0.028677375987172127,1,-0.028677375987172127,0.08355623997340444,,,,0,-286.77375987172127,0.019453898072242737,0.009823471307754517,-0.006893434561789036,2.0363214130848357
2018-10-16,fold_5,2018 Vol-mageddon + Q4 sell-off,-0.005810676142573357,-1,0.0003950525133404881,1,-0.0003950525133404881,0.08316118746006396,,,,0,-3.9505251334048808,0.004007719457149506,-0.022540796548128128,-0.005810676142573357,0.025712687103086888
2018-10-17,fold_5,2018 Vol-mageddon + Q4 sell-off,-0.014893772080540657,-1,-0.023455524817109108,-1,0.023455524817109108,0.10661671227717306,,,,1,234.55524817109108,-0.014665776863694191,-0.0697828084230423,-0.014893772080540657,-1.526713668475972
2018-10-18,fold_5,2018 Vol-mageddon + Q4 sell-off,-0.011509813368320465,-1,-0.00092412339290604,-1,0.00092412339290604,0.1075408356700791,,,,1,9.2412339290604,-0.010299615561962128,-0.012317018583416939,-0.011509813368320465,-0.05758955729145474
2018-10-19,fold_5,2018 Vol-mageddon + Q4 sell-off,-0.004436584189534187,-1,0.005130691919475794,1,-0.005130691919475794,0.10241014375060331,,,,0,-51.30691919475794,-0.002438407391309738,-0.037451568990945816,-0.004436584189534187,0.3206451188195099
2018-10-22,fold_5,2018 Vol-mageddon + Q4 sell-off,-0.004682740196585655,-1,-0.003686893032863736,-1,0.003686893032863736,0.10609703678346705,,,,1,36.86893032863736,0.0010826922953128815,-0.06337808072566986,-0.004682740196585655,-0.22999663911757656
2018-10-23,fold_5,2018 Vol-mageddon + Q4 sell-off,-0.011656539514660835,-1,-0.04684695973992348,-1,0.04684695973992348,0.15294399652339052,,,,1,468.4695973992348,0.004893939942121506,-0.04334544390439987,-0.011656539514660835,-2.9190838441089455
2018-10-24,fold_5,2018 Vol-mageddon + Q4 sell-off,-0.00709997583180666,-1,0.03401026502251625,1,-0.03401026502251625,0.11893373150087427,,,,0,-340.1026502251625,0.015609651803970337,0.026734814047813416,-0.00709997583180666,1.77468860016443
2018-10-25,fold_5,2018 Vol-mageddon + Q4 sell-off,-0.006308041512966156,-1,-0.026058673858642578,-1,0.026058673858642578,0.14499240535951685,,,,1,260.5867385864258,0.005338292568922043,0.00582903204485774,-0.006308041512966156,-1.2692032756157483
2018-10-26,fold_5,2018 Vol-mageddon + Q4 sell-off,-0.004909968003630638,-1,-0.02079581841826439,-1,0.02079581841826439,0.16578822377778124,,,,1,207.9581841826439,0.002142753452062607,0.016188867390155792,-0.004909968003630638,-0.9743944970941217
2018-10-29,fold_5,2018 Vol-mageddon + Q4 sell-off,-0.006268174387514591,-1,0.01634574495255947,1,-0.01634574495255947,0.14944247882522177,,,,0,-163.4574495255947,-0.001856822520494461,0.03450203314423561,-0.006268174387514591,0.7484921883353494
2018-10-30,fold_5,2018 Vol-mageddon + Q4 sell-off,-0.01045282930135727,-1,0.02323329448699951,1,-0.02323329448699951,0.12620918433822226,,,,0,-232.33294486999512,-0.00806153193116188,0.025703391060233116,-0.01045282930135727,1.0495600485665344
2018-10-31,fold_5,2018 Vol-mageddon + Q4 sell-off,-0.01482170820236206,-1,0.013104485347867012,1,-0.013104485347867012,0.11310469899035525,,,,0,-131.04485347867012,-0.01754831336438656,0.03335581719875336,-0.01482170820236206,0.5763659324773915
2018-11-01,fold_5,2018 Vol-mageddon + Q4 sell-off,-0.014418715611100197,-1,-0.015698837116360664,-1,0.015698837116360664,0.1288035361067159,,,,1,156.98837116360664,-0.016270259395241737,0.013852041214704514,-0.014418715611100197,-0.6973882163455799
2018-11-02,fold_5,2018 Vol-mageddon + Q4 sell-off,-0.01275058463215828,-1,-0.002482652897015214,-1,0.002482652897015214,0.13128618900373112,,,,1,24.82652897015214,-0.014737928286194801,0.012555296532809734,-0.01275058463215828,-0.10977283931015479
2018-11-05,fold_5,2018 Vol-mageddon + Q4 sell-off,-0.01591361314058304,-1,0.007547101005911827,1,-0.007547101005911827,0.1237390879978193,,,,0,-75.47101005911827,-0.012327339500188828,-0.01568807289004326,-0.01591361314058304,0.33421468347266076
2018-11-06,fold_5,2018 Vol-mageddon + Q4 sell-off,-0.015645738691091537,-1,0.0308857224881649,1,-0.0308857224881649,0.0928533655096544,,,,0,-308.857224881649,-0.010872406885027885,-0.022393720224499702,-0.015645738691091537,1.3646313407784774
2018-11-07,fold_5,2018 Vol-mageddon + Q4 sell-off,-0.018658339977264404,-1,-0.006399292498826981,-1,0.006399292498826981,0.09925265800848138,,,,1,63.992924988269806,-0.01490115188062191,-0.0609380342066288,-0.018658339977264404,-0.2987561094118364
2018-11-08,fold_5,2018 Vol-mageddon + Q4 sell-off,-0.016341401264071465,-1,-0.01699558086693287,-1,0.01699558086693287,0.11624823887541424,,,,1,169.9558086693287,-0.01355578750371933,-0.03719615936279297,-0.016341401264071465,-0.7984634592381895
2018-11-09,fold_5,2018 Vol-mageddon + Q4 sell-off,-0.014967940747737885,-1,-0.030726023018360138,-1,0.030726023018360138,0.14697426189377438,,,,1,307.2602301836014,-0.01650788076221943,-0.023716740310192108,-0.014967940747737885,-1.4820286766987243
2018-11-12,fold_5,2018 Vol-mageddon + Q4 sell-off,-0.015827586874365807,-1,0.000841454544570297,1,-0.000841454544570297,0.14613280734920409,,,,0,-8.41454544570297,-0.019286759197711945,-0.026007166132330894,-0.015827586874365807,0.03882904903812807
2018-11-13,fold_5,2018 Vol-mageddon + Q4 sell-off,-0.01130928099155426,-1,-0.007658591028302908,-1,0.007658591028302908,0.153791398377507,,,,1,76.58591028302908,-0.014959452673792839,-0.044905394315719604,-0.01130928099155426,-0.3699598816985418
2018-11-14,fold_5,2018 Vol-mageddon + Q4 sell-off,-0.01300034299492836,-1,0.01734258234500885,1,-0.01734258234500885,0.13644881603249814,,,,0,-173.4258234500885,-0.014129476621747017,-0.029672911390662193,-0.01300034299492836,0.8349153533134935
2018-11-15,fold_5,2018 Vol-mageddon + Q4 sell-off,-0.012726835906505585,-1,-0.0035161625128239393,-1,0.0035161625128239393,0.13996497854532208,,,,1,35.16162512823939,-0.013119840994477272,-0.05427509918808937,-0.012726835906505585,-0.17177737056518852
2018-11-16,fold_5,2018 Vol-mageddon + Q4 sell-off,-0.012298231944441795,-1,-0.033016450703144073,-1,0.033016450703144073,0.17298142924846616,,,,1,330.16450703144073,-0.010591626167297363,-0.027908116579055786,-0.012298231944441795,-1.611867493491997
2018-11-19,fold_5,2018 Vol-mageddon + Q4 sell-off,-0.00981493666768074,-1,-0.018056772649288177,-1,0.018056772649288177,0.19103820189775433,,,,1,180.56772649288177,-0.009370628744363785,0.008479170501232147,-0.00981493666768074,-0.8304656952937203
2018-11-20,fold_5,2018 Vol-mageddon + Q4 sell-off,-0.011104486882686615,-1,0.007573891896754503,1,-0.007573891896754503,0.18346431000099983,,,,0,-75.73891896754503,-0.010278375819325447,0.058211855590343475,-0.011104486882686615,0.342721089958986
2018-11-21,fold_5,2018 Vol-mageddon + Q4 sell-off,-0.009601624682545662,-1,-0.007259607780724764,-1,0.007259607780724764,0.1907239177817246,,,,1,72.59607780724764,-0.01296788826584816,0.047372590750455856,-0.009601624682545662,-0.37166995530783903
2018-11-23,fold_5,2018 Vol-mageddon + Q4 sell-off,-0.008611772209405899,-1,0.022850820794701576,1,-0.022850820794701576,0.16787309698702302,,,,0,-228.50820794701576,-0.012933297082781792,0.06186139956116676,-0.008611772209405899,1.2649789142725905
2018-11-26,fold_5,2018 Vol-mageddon + Q4 sell-off,-0.010681066662073135,-1,0.0033708387054502964,1,-0.0033708387054502964,0.16450225828157272,,,,0,-33.708387054502964,-0.01656532660126686,0.05633609741926193,-0.010681066662073135,0.1888876302400691
2018-11-27,fold_5,2018 Vol-mageddon + Q4 sell-off,-0.01196245662868023,-1,0.03167591243982315,1,-0.03167591243982315,0.13282634584174957,,,,0,-316.7591243982315,-0.0174268651753664,0.013853813521564007,-0.01196245662868023,1.8367398910174983
2018-11-28,fold_5,2018 Vol-mageddon + Q4 sell-off,-0.011115891858935356,-1,-0.0032653752714395523,-1,0.0032653752714395523,0.13609172111318912,,,,1,32.65375271439552,-0.016577718779444695,-0.01078720297664404,-0.011115891858935356,-0.17861348239722183
2018-11-29,fold_5,2018 Vol-mageddon + Q4 sell-off,-0.010638583451509476,-1,0.007229202892631292,1,-0.007229202892631292,0.12886251822055783,,,,0,-72.29202892631292,-0.01602787710726261,-0.04109470173716545,-0.010638583451509476,0.4120773526837548
2018-11-30,fold_5,2018 Vol-mageddon + Q4 sell-off,-0.010275822132825851,-1,0.017325518652796745,1,-0.017325518652796745,0.11153699956776109,,,,0,-173.25518652796745,-0.014344898983836174,-0.037905894219875336,-0.010275822132825851,0.997310767714053
2018-12-03,fold_5,2018 Vol-mageddon + Q4 sell-off,-0.011933557689189911,-1,-0.03911144658923149,-1,0.03911144658923149,0.15064844615699258,,,,1,391.1144658923149,-0.01446213573217392,-0.05192564055323601,-0.011933557689189911,-2.241424192443102
2018-12-04,fold_5,2018 Vol-mageddon + Q4 sell-off,-0.010550200939178467,-1,0.007034897338598967,1,-0.007034897338598967,0.1436135488183936,,,,0,-70.34897338598967,-0.014063319191336632,-0.004051308147609234,-0.010550200939178467,0.3605707093956329
2018-12-06,fold_5,2018 Vol-mageddon + Q4 sell-off,-0.009876638650894165,-1,-0.03357287496328354,-1,0.03357287496328354,0.17718642378167715,,,,1,335.7287496328354,-0.013758445158600807,-0.010783231817185879,-0.009876638650894165,-1.7216083160429345
2018-12-07,fold_5,2018 Vol-mageddon + Q4 sell-off,-0.010208932682871819,-1,0.01041800994426012,1,-0.01041800994426012,0.16676841383741703,,,,0,-104.1800994426012,-0.013657981529831886,-0.0018603972857818007,-0.010208932682871819,0.5282515780582366
2018-12-10,fold_5,2018 Vol-mageddon + Q4 sell-off,-0.012645399197936058,-1,0.003305772552266717,1,-0.003305772552266717,0.1634626412851503,,,,0,-33.05772552266717,-0.01215391419827938,-0.03519889712333679,-0.012645399197936058,0.16689777918986154
2018-12-11,fold_5,2018 Vol-mageddon + Q4 sell-off,-0.012066241353750229,-1,0.008762886747717857,1,-0.008762886747717857,0.15469975453743245,,,,0,-87.62886747717857,-0.010163342580199242,-0.032235823571681976,-0.012066241353750229,0.45045938463094426
2018-12-12,fold_5,2018 Vol-mageddon + Q4 sell-off,-0.011051453649997711,-1,0.0003029732615686953,1,-0.0003029732615686953,0.15439678127586376,,,,0,-3.029732615686953,-0.012752991169691086,-0.06586034595966339,-0.011051453649997711,0.016551644777471525
2018-12-13,fold_5,2018 Vol-mageddon + Q4 sell-off,-0.013071458786725998,-1,-0.02465003915131092,-1,0.02465003915131092,0.17904682042717468,,,,1,246.5003915131092,-0.01506720669567585,-0.08076487481594086,-0.013071458786725998,-1.3467111284400528
2018-12-14,fold_5,2018 Vol-mageddon + Q4 sell-off,-0.012570178136229515,-1,-0.02292048931121826,-1,0.02292048931121826,0.20196730973839294,,,,1,229.20489311218262,-0.01418028399348259,-0.08759868144989014,-0.012570178136229515,-1.2038753790062104
2018-12-17,fold_5,2018 Vol-mageddon + Q4 sell-off,-0.013015232980251312,-1,0.006268845871090889,1,-0.006268845871090889,0.19569846386730205,,,,0,-62.68845871090889,-0.010929273441433907,-0.08978883922100067,-0.013015232980251312,0.3242801571004377
2018-12-18,fold_5,2018 Vol-mageddon + Q4 sell-off,-0.012503918260335922,-1,-0.024861635640263557,-1,0.024861635640263557,0.2205600995075656,,,,1,248.61635640263557,-0.01147892139852047,-0.035490769892930984,-0.012503918260335922,-1.283752666124262
2018-12-19,fold_5,2018 Vol-mageddon + Q4 sell-off,-0.014786019921302795,-1,-0.014601556584239006,-1,0.014601556584239006,0.23516165609180462,,,,1,146.01556584239006,-0.0077177248895168304,-0.006766404490917921,-0.014786019921302795,-0.7788662930931695
2018-12-20,fold_5,2018 Vol-mageddon + Q4 sell-off,-0.011731777340173721,-1,-0.03148384019732475,-1,0.03148384019732475,0.26664549628912937,,,,1,314.8384019732475,-0.0021915845572948456,0.007312349509447813,-0.011731777340173721,-1.6930339809025827
2018-12-21,fold_5,2018 Vol-mageddon + Q4 sell-off,-0.010847555473446846,-1,-0.025110647082328796,-1,0.025110647082328796,0.29175614337145817,,,,1,251.10647082328796,-0.0038690008223056793,0.047193724662065506,-0.010847555473446846,-1.2674572673187545
2018-12-24,fold_5,2018 Vol-mageddon + Q4 sell-off,-0.010502727702260017,-1,0.06056690961122513,1,-0.06056690961122513,0.23118923376023304,,,,0,-605.6690961122513,-0.001908864825963974,0.07631570100784302,-0.010502727702260017,2.950446690963408
2018-12-26,fold_5,2018 Vol-mageddon + Q4 sell-off,-0.007898390293121338,-1,0.0038627306930720806,1,-0.0038627306930720806,0.22732650306716096,,,,0,-38.627306930720806,-0.008238445967435837,-0.017467688769102097,-0.007898390293121338,0.1605697928539248
2018-12-27,fold_5,2018 Vol-mageddon + Q4 sell-off,-0.010028764605522156,-1,-0.0005228033987805247,-1,0.0005228033987805247,0.22784930646594148,,,,1,5.228033987805247,-0.010632602497935295,0.020564427599310875,-0.010028764605522156,-0.021729065604608522
2018-12-28,fold_5,2018 Vol-mageddon + Q4 sell-off,-0.008499778807163239,-1,0.008397532626986504,1,-0.008397532626986504,0.21945177383895498,,,,0,-83.97532626986504,-0.01559976115822792,0.03292231634259224,-0.008499778807163239,0.36520208009465255
2018-12-31,fold_5,2018 Vol-mageddon + Q4 sell-off,-0.01047186553478241,-1,0.00401133019477129,1,-0.00401133019477129,0.2154404436441837,,,,0,-40.1133019477129,-0.01596330851316452,0.03352988138794899,-0.01047186553478241,0.17395794166586181
2019-01-02,fold_5,2018 Vol-mageddon + Q4 sell-off,-0.009977426379919052,-1,-0.033216480165719986,-1,0.033216480165719986,0.24865692380990367,,,,1,332.16480165719986,-0.014334671199321747,0.03763500228524208,-0.009977426379919052,-1.4429433525971453
2019-01-03,fold_5,2018 Vol-mageddon + Q4 sell-off,-0.012142570689320564,-1,0.04189484566450119,1,-0.04189484566450119,0.20676207814540248,,,,0,-418.9484566450119,-0.01009494997560978,0.07370780408382416,-0.012142570689320564,1.7546651131761455
2019-01-04,fold_5,2018 Vol-mageddon + Q4 sell-off,-0.011152558028697968,-1,0.011835084296762943,1,-0.011835084296762943,0.19492699384863954,,,,0,-118.35084296762943,-0.010115623474121094,0.028147896751761436,-0.011152558028697968,0.4908543546392967
2019-01-07,fold_5,2018 Vol-mageddon + Q4 sell-off,-0.013323776423931122,-1,0.009005100466310978,1,-0.009005100466310978,0.18592189338232856,,,,0,-90.05100466310978,-0.011289680376648903,0.0074369218200445175,-0.013323776423931122,0.37203579793221414
2019-01-08,fold_5,2018 Vol-mageddon + Q4 sell-off,-0.011158183217048645,-1,0.008116450160741806,1,-0.008116450160741806,0.17780544322158676,,,,0,-81.16450160741806,-0.012414142489433289,0.01776972971856594,-0.011158183217048645,0.3513725713332447
2019-01-09,fold_5,2018 Vol-mageddon + Q4 sell-off,-0.012712433934211731,-1,0.0028563211672008038,1,-0.0028563211672008038,0.17494912205438595,,,,0,-28.563211672008038,-0.014111824333667755,0.009468733333051205,-0.012712433934211731,0.12390206631015782
2019-01-10,fold_5,2018 Vol-mageddon + Q4 sell-off,-0.012384911999106407,-1,-0.0036650579422712326,-1,0.0036650579422712326,0.17861417999665719,,,,1,36.650579422712326,-0.013671938329935074,0.014465805143117905,-0.012384911999106407,-0.15900432044947757
2019-01-11,fold_5,2018 Vol-mageddon + Q4 sell-off,-0.013402234762907028,-1,-0.00887589156627655,-1,0.00887589156627655,0.18749007156293374,,,,1,88.7589156627655,-0.013361608609557152,0.027982445433735847,-0.013402234762907028,-0.3862234557550303
2019-01-14,fold_5,2018 Vol-mageddon + Q4 sell-off,-0.012745052576065063,-1,0.019337907433509827,1,-0.019337907433509827,0.1681521641294239,,,,0,-193.37907433509827,-0.011049728840589523,0.016624685376882553,-0.012745052576065063,0.8383482210297947
2019-01-15,fold_5,2018 Vol-mageddon + Q4 sell-off,-0.013824163004755974,-1,-0.0001845464576035738,-1,0.0001845464576035738,0.16833671058702748,,,,1,1.845464576035738,-0.011267704889178276,-0.0014171712100505829,-0.013824163004755974,-0.00808987921917732
2019-01-16,fold_5,2018 Vol-mageddon + Q4 sell-off,-0.013754542917013168,-1,0.007853393442928791,1,-0.007853393442928791,0.1604833171440987,,,,0,-78.53393442928791,-0.007415570318698883,0.0052218688651919365,-0.013754542917013168,0.35329712750900966
2019-01-17,fold_5,2018 Vol-mageddon + Q4 sell-off,-0.013520915061235428,-1,0.009851583279669285,1,-0.009851583279669285,0.1506317338644294,,,,0,-98.51583279669285,-0.007866006344556808,0.009246372617781162,-0.013520915061235428,0.4426878625243031
2019-01-18,fold_5,2018 Vol-mageddon + Q4 sell-off,-0.013532456010580063,-1,-0.020233651623129845,-1,0.020233651623129845,0.17086538548755925,,,,1,202.33651623129845,-0.01195419579744339,-0.013034457340836525,-0.013532456010580063,-0.9341151823620253
2019-01-22,fold_5,2018 Vol-mageddon + Q4 sell-off,-0.008522169664502144,-1,0.0012960510794073343,1,-0.0012960510794073343,0.16956933440815192,,,,0,-12.960510794073343,-0.013693157583475113,-0.002287453506141901,-0.008522169664502144,0.05921816890991798
2019-01-23,fold_5,2018 Vol-mageddon + Q4 sell-off,-0.011007415130734444,-1,0.006454493384808302,1,-0.006454493384808302,0.16311484102334362,,,,0,-64.54493384808302,-0.016310391947627068,0.0215363297611475,-0.011007415130734444,0.31143682154349095
2019-01-24,fold_5,2018 Vol-mageddon + Q4 sell-off,-0.008964050561189651,-1,0.011877898126840591,1,-0.011877898126840591,0.15123694289650302,,,,0,-118.77898126840591,-0.01688358187675476,0.02993958815932274,-0.008964050561189651,0.5938378744339285
2019-01-25,fold_5,2018 Vol-mageddon + Q4 sell-off,-0.008609458804130554,-1,-0.012429247610270977,-1,0.012429247610270977,0.163666190506774,,,,1,124.29247610270977,-0.017481930553913116,0.013830570504069328,-0.008609458804130554,-0.8309956368039547
2019-01-28,fold_5,2018 Vol-mageddon + Q4 sell-off,-0.010327313095331192,-1,-0.009486648254096508,-1,0.009486648254096508,0.1731528387608705,,,,1,94.86648254096508,-0.01808008924126625,0.038604870438575745,-0.010327313095331192,-0.62459246102514
2019-01-29,fold_5,2018 Vol-mageddon + Q4 sell-off,-0.01188652589917183,-1,0.025119835510849953,1,-0.025119835510849953,0.14803300325002056,,,,0,-251.19835510849953,-0.014587000012397766,0.05690077319741249,-0.01188652589917183,1.6380173508875673
2019-01-30,fold_5,2018 Vol-mageddon + Q4 sell-off,-0.012384779751300812,-1,0.01485775038599968,1,-0.01485775038599968,0.13317525286402088,,,,0,-148.5775038599968,-0.015131806954741478,0.028794310986995697,-0.012384779751300812,0.9158159736361503
2019-01-31,fold_5,2018 Vol-mageddon + Q4 sell-off,-0.01161692850291729,-1,-0.004231119528412819,-1,0.004231119528412819,0.1374063723924337,,,,1,42.31119528412819,-0.016978226602077484,0.00041609382606111467,-0.01161692850291729,-0.25587502014519004
2019-02-01,fold_5,2018 Vol-mageddon + Q4 sell-off,-0.01287749595940113,-1,0.01234505232423544,1,-0.01234505232423544,0.12506132006819826,,,,0,-123.4505232423544,-0.01789524033665657,0.006606902461498976,-0.01287749595940113,0.8338895394396779
2019-02-04,fold_5,2018 Vol-mageddon + Q4 sell-off,-0.012078922241926193,-1,0.008809252642095089,1,-0.008809252642095089,0.11625206742610317,,,,0,-88.09252642095089,-0.019256120547652245,-0.006687937770038843,-0.012078922241926193,0.7471241039746336
2019-02-05,fold_5,2018 Vol-mageddon + Q4 sell-off,-0.01293203979730606,-1,-0.0029866250697523355,-1,0.0029866250697523355,0.1192386924958555,,,,1,29.866250697523355,-0.02226945012807846,-0.0008191018714569509,-0.01293203979730606,-0.25619367299360474
2019-02-06,fold_5,2018 Vol-mageddon + Q4 sell-off,-0.012444041669368744,-1,-0.013520467095077038,-1,0.013520467095077038,0.13275915959093254,,,,1,135.20467095077038,-0.019363485276699066,0.002869384828954935,-0.012444041669368744,-1.175501688232634
2019-02-07,fold_5,2018 Vol-mageddon + Q4 sell-off,-0.01343708299100399,-1,0.001959689659997821,1,-0.001959689659997821,0.13079946993093472,,,,0,-19.59689659997821,-0.015320660546422005,0.017617112025618553,-0.01343708299100399,0.1667357073202623
2019-02-08,fold_5,2018 Vol-mageddon + Q4 sell-off,-0.015786679461598396,-1,-0.0009497877908870578,-1,0.0009497877908870578,0.13174925772182178,,,,1,9.497877908870578,-0.013032516464591026,0.019853880628943443,-0.015786679461598396,-0.08087375287144566
2019-02-11,fold_5,2018 Vol-mageddon + Q4 sell-off,-0.017477966845035553,-1,0.014678088948130608,1,-0.014678088948130608,0.11707116877369117,,,,0,-146.78088948130608,-0.012427197769284248,0.022779028862714767,-0.017477966845035553,1.2526771766344347
2019-02-12,fold_5,2018 Vol-mageddon + Q4 sell-off,-0.0158867035061121,-1,0.0007018616888672113,1,-0.0007018616888672113,0.11636930708482396,,,,0,-7.018616888672113,-0.010025817900896072,0.00792672112584114,-0.0158867035061121,0.05846206533534345
2019-02-13,fold_5,2018 Vol-mageddon + Q4 sell-off,-0.01672130823135376,-1,0.001227260334417224,1,-0.001227260334417224,0.11514204675040673,,,,0,-12.27260334417224,-0.016771957278251648,0.0035608201287686825,-0.01672130823135376,0.10956938104039882
2019-02-14,fold_5,2018 Vol-mageddon + Q4 sell-off,-0.01409802958369255,-1,0.004196458030492067,1,-0.004196458030492067,0.11094558871991467,,,,0,-41.96458030492067,-0.01810290664434433,0.00970625039190054,-0.01409802958369255,0.3745484592003061
2019-02-15,fold_5,2018 Vol-mageddon + Q4 sell-off,-0.01404774934053421,-1,0.001975360093638301,1,-0.001975360093638301,0.10897022862627637,,,,0,-19.75360093638301,-0.02111385203897953,0.009147333912551403,-0.01404774934053421,0.1778756870323239
2019-02-19,fold_5,2018 Vol-mageddon + Q4 sell-off,-0.015032507479190826,-1,-0.00017421865777578205,-1,0.00017421865777578205,0.10914444728405215,,,,1,1.7421865777578205,-0.02070145308971405,0.008208819665014744,-0.015032507479190826,-0.015992804153815002
2019-02-20,fold_5,2018 Vol-mageddon + Q4 sell-off,-0.01918482780456543,-1,-0.0036640395410358906,-1,0.0036640395410358906,0.11280848682508804,,,,1,36.640395410358906,-0.023937473073601723,0.007749252486974001,-0.01918482780456543,-0.3697444191702923
2019-02-21,fold_5,2018 Vol-mageddon + Q4 sell-off,-0.017127681523561478,-1,0.007372690364718437,1,-0.007372690364718437,0.1054357964603696,,,,0,-73.72690364718437,-0.018156979233026505,0.009106521494686604,-0.017127681523561478,0.7417759552143991
2019-02-22,fold_5,2018 Vol-mageddon + Q4 sell-off,-0.02064308151602745,-1,0.0036375417839735746,1,-0.0036375417839735746,0.10179825467639603,,,,0,-36.375417839735746,-0.01587831601500511,0.00863878894597292,-0.02064308151602745,0.36480757635248523
2019-02-25,fold_5,2018 Vol-mageddon + Q4 sell-off,-0.016698915511369705,-1,0.0010368457296863198,1,-0.0010368457296863198,0.10076140894670971,,,,0,-10.368457296863198,-0.006044525653123856,0.005173328332602978,-0.016698915511369705,0.10749815623397956
2019-02-26,fold_5,2018 Vol-mageddon + Q4 sell-off,-0.018148524686694145,-1,-0.0006337863160297275,-1,0.0006337863160297275,0.10139519526273943,,,,1,6.337863160297275,-0.003896627575159073,0.004881580825895071,-0.018148524686694145,-0.06859860697891929
2019-02-27,fold_5,2018 Vol-mageddon + Q4 sell-off,-0.016708195209503174,-1,-0.002306770533323288,-1,0.002306770533323288,0.10370196579606272,,,,1,23.06770533323288,-0.00606483593583107,-0.00017281183681916445,-0.016708195209503174,-0.2564972928000794
2019-02-28,fold_5,2018 Vol-mageddon + Q4 sell-off,-0.009958578273653984,-1,0.006904958747327328,1,-0.006904958747327328,0.0967970070487354,,,,0,-69.04958747327328,-0.008024483919143677,-0.010214511305093765,-0.009958578273653984,0.9804763321443797
2019-03-01,fold_5,2018 Vol-mageddon + Q4 sell-off,-0.01263556256890297,-1,0.00017208090866915882,1,-0.00017208090866915882,0.09662492614006624,,,,0,-1.7208090866915882,-0.0119444839656353,-0.018637001514434814,-0.01263556256890297,0.026893411076215196
2019-03-04,fold_5,2018 Vol-mageddon + Q4 sell-off,-0.009205672889947891,-1,0.0007450981065630913,1,-0.0007450981065630913,0.09587982803350314,,,,0,-7.450981065630913,-0.01321600005030632,0.0017753717256709933,-0.009205672889947891,0.11773856278902868
2019-03-05,fold_5,2018 Vol-mageddon + Q4 sell-off,-0.007755070924758911,-1,-0.005688178818672895,-1,0.005688178818672895,0.10156800685217604,,,,1,56.881788186728954,-0.007308948785066605,0.0065093920566141605,-0.007755070924758911,-0.9984404366472546
2019-03-06,fold_5,2018 Vol-mageddon + Q4 sell-off,-0.0064993202686309814,-1,-0.012348470278084278,-1,0.012348470278084278,0.11391647713026032,,,,1,123.48470278084278,-0.007662024348974228,0.01968303509056568,-0.0064993202686309814,-2.2472515457824884
2019-03-07,fold_5,2018 Vol-mageddon + Q4 sell-off,-0.003860117867588997,-1,-0.0015175314620137215,-1,0.0015175314620137215,0.11543400859227404,,,,1,15.175314620137215,0.007431112229824066,0.030335213989019394,-0.003860117867588997,-0.2482345434549959
2019-03-08,fold_5,2018 Vol-mageddon + Q4 sell-off,-0.008645419031381607,-1,0.020584454759955406,1,-0.020584454759955406,0.09484955383231863,,,,0,-205.84454759955406,0.00911753624677658,0.041090596467256546,-0.008645419031381607,3.8661865610744894
2019-03-11,fold_5,2018 Vol-mageddon + Q4 sell-off,-0.0036687785759568214,-1,0.005479118321090937,1,-0.005479118321090937,0.0893704355112277,,,,0,-54.79118321090937,0.00784790888428688,0.022885199636220932,-0.0036687785759568214,0.7800188928272659
2019-03-12,fold_5,2018 Vol-mageddon + Q4 sell-off,-0.013040803372859955,-1,0.007485463283956051,1,-0.007485463283956051,0.08188497222727165,,,,0,-74.85463283956051,0.0021889470517635345,0.020762847736477852,-0.013040803372859955,1.0502638374398423
2019-03-13,fold_5,2018 Vol-mageddon + Q4 sell-off,-0.0055086249485611916,-1,-0.0016962912632152438,-1,0.0016962912632152438,0.08358126349048689,,,,1,16.962912632152438,-0.0015956275165081024,0.01723448745906353,-0.0055086249485611916,-0.259205191477666
2019-03-14,fold_5,2018 Vol-mageddon + Q4 sell-off,-0.015084216371178627,-1,0.009237850084900856,1,-0.009237850084900856,0.07434341340558603,,,,0,-92.37850084900856,0.002153538167476654,0.03444202244281769,-0.015084216371178627,1.409647264496538
2019-03-15,fold_5,2018 Vol-mageddon + Q4 sell-off,-0.0057954369112849236,-1,0.0023790590930730104,1,-0.0023790590930730104,0.07196435431251302,,,,0,-23.790590930730104,0.00021812692284584045,0.0029952730983495712,-0.0057954369112849236,0.34651527241994967
2019-03-18,fold_5,2018 Vol-mageddon + Q4 sell-off,-0.014354448765516281,-1,0.003356766188517213,1,-0.003356766188517213,0.06860758812399581,,,,0,-33.56766188517213,-0.0036895573139190674,-0.0012897165725007653,-0.014354448765516281,0.49204903498740066
2019-03-19,fold_5,2018 Vol-mageddon + Q4 sell-off,-0.004725571721792221,-1,0.003957103006541729,1,-0.003957103006541729,0.06465048511745408,,,,0,-39.57103006541729,0.0025786198675632477,0.0,-0.004725571721792221,0.5777674207829703
2019-03-20,fold_5,2018 Vol-mageddon + Q4 sell-off,-0.010550322011113167,-1,0.015511245466768742,1,-0.015511245466768742,0.04913923965068534,,,,0,-155.11245466768742,-0.003460310399532318,-0.010400827042758465,-0.010550322011113167,2.2461296638731625
2019-03-21,fold_5,2018 Vol-mageddon + Q4 sell-off,-0.005160865373909473,-1,-0.02220890112221241,-1,0.02220890112221241,0.07134814077289775,,,,1,222.0890112221241,-0.010546701028943062,-0.023610059171915054,-0.005160865373909473,-2.890170330312154
2019-03-22,fold_5,2018 Vol-mageddon + Q4 sell-off,-0.0012058932334184647,-1,-0.001905930577777326,-1,0.001905930577777326,0.07325407135067508,,,,1,19.05930577777326,-0.0050167515873909,0.006141345482319593,-0.0012058932334184647,-0.21178024690818373
2019-03-25,fold_5,2018 Vol-mageddon + Q4 sell-off,0.0033730831928551197,1,0.004646482411772013,1,0.004646482411772013,0.07790055376244709,,,,1,46.46482411772013,0.00011444836854934692,0.021207502111792564,0.0033730831928551197,0.5178372879620403
2019-03-26,fold_5,2018 Vol-mageddon + Q4 sell-off,-0.005038372240960598,-1,-0.006443724036216736,-1,0.006443724036216736,0.08434427779866382,,,,1,64.43724036216736,-0.008278995752334595,0.02034425549209118,-0.005038372240960598,-0.7136034369894386
2019-03-27,fold_5,2018 Vol-mageddon + Q4 sell-off,-0.007243826054036617,-1,0.0023020142689347267,1,-0.0023020142689347267,0.0820422635297291,,,,0,-23.020142689347267,-0.012961417436599731,0.03251755237579346,-0.007243826054036617,0.25177956690205505
2019-03-28,fold_5,2018 Vol-mageddon + Q4 sell-off,-0.0012725945562124252,-1,0.007542503532022238,1,-0.007542503532022238,0.07449975999770686,,,,0,-75.42503532022238,0.007291197776794434,0.029834916815161705,-0.0012725945562124252,0.8249561163490199
2019-03-29,fold_5,2018 Vol-mageddon + Q4 sell-off,-0.0043492913246154785,-1,0.013160225003957748,1,-0.013160225003957748,0.06133953499374911,,,,0,-131.60225003957748,0.0033275336027145386,0.027450084686279297,-0.0043492913246154785,1.4354417979438217
2019-04-01,fold_5,2018 Vol-mageddon + Q4 sell-off,-0.009388992562890053,-1,0.0037832369562238455,1,-0.0037832369562238455,0.057556298037525266,,,,0,-37.832369562238455,-0.0031860843300819397,0.01683189906179905,-0.009388992562890053,0.3929132302604623
2019-04-02,fold_5,2018 Vol-mageddon + Q4 sell-off,-0.013212800025939941,-1,0.005729572847485542,1,-0.005729572847485542,0.051826725190039724,,,,0,-57.29572847485542,0.0023101456463336945,0.009531304240226746,-0.013212800025939941,0.5928572924656258
2019-04-03,fold_5,2018 Vol-mageddon + Q4 sell-off,-0.008643003180623055,-1,-0.0003806223103310913,-1,0.0003806223103310913,0.052207347500370815,,,,1,3.806223103310913,0.004444602876901627,0.009153859689831734,-0.008643003180623055,-0.03937922860941791
2019-04-04,fold_5,2018 Vol-mageddon + Q4 sell-off,-0.007947977632284164,-1,0.00515767140313983,1,-0.00515767140313983,0.047049676097230986,,,,0,-51.576714031398296,0.00884564220905304,0.007159198634326458,-0.007947977632284164,0.5567941972777216
2019-04-05,fold_5,2018 Vol-mageddon + Q4 sell-off,0.0012895246036350727,1,0.0025420398451387882,1,0.0025420398451387882,0.049591715942369774,,,,1,25.420398451387882,0.00671255961060524,0.006315842270851135,0.0012895246036350727,0.2725024093881886
2019-04-08,fold_5,2018 Vol-mageddon + Q4 sell-off,-0.0014501605182886124,-1,-0.0035173578653484583,-1,0.0035173578653484583,0.05310907380771823,,,,1,35.17357865348458,0.0003207549452781677,0.003935340326279402,-0.0014501605182886124,-0.43243918616901417
2019-04-09,fold_5,2018 Vol-mageddon + Q4 sell-off,0.005350708030164242,1,0.005352128762751818,1,0.005352128762751818,0.05846120257047005,,,,1,53.52128762751818,-0.0026913248002529144,0.010890415869653225,0.005350708030164242,0.6624467096671369
2019-04-10,fold_5,2018 Vol-mageddon + Q4 sell-off,0.0025187311694025993,1,-0.0023752839770168066,-1,-0.0023752839770168066,0.05608591859345324,,,,0,-23.752839770168066,-0.0026536211371421814,0.009017187170684338,0.0025187311694025993,-0.29712804898278294
2019-04-11,fold_5,2018 Vol-mageddon + Q4 sell-off,0.0024203131906688213,1,0.004314315505325794,1,0.004314315505325794,0.06040023409877904,,,,1,43.14315505325794,0.014010850340127945,0.012674174271523952,0.0024203131906688213,0.5391018631979752
2019-04-12,fold_5,2018 Vol-mageddon + Q4 sell-off,0.008621483109891415,1,0.0001615378278074786,1,0.0001615378278074786,0.060561771926586516,,,,1,1.615378278074786,0.018968593329191208,0.011184216476976871,0.008621483109891415,0.020732427437063147
2019-04-15,fold_5,2018 Vol-mageddon + Q4 sell-off,0.003881690790876746,1,0.0034377172123640776,1,0.0034377172123640776,0.0639994891389506,,,,1,34.377172123640776,0.013733074069023132,0.02366057224571705,0.003881690790876746,0.4422379245469731
2019-04-16,fold_5,2018 Vol-mageddon + Q4 sell-off,0.0015728287398815155,1,0.0034789007622748613,1,0.0034789007622748613,0.06747838990122546,,,,1,34.78900762274861,0.00770222395658493,0.0170652624219656,0.0015728287398815155,0.44743409613884627
2019-04-17,fold_5,2018 Vol-mageddon + Q4 sell-off,0.001967974007129669,1,0.001281703356653452,1,0.001281703356653452,0.06876009325787891,,,,1,12.81703356653452,0.008858203887939453,0.017636874690651894,0.001967974007129669,0.16508748451011285
2019-04-18,fold_5,2018 Vol-mageddon + Q4 sell-off,0.0027339705266058445,1,0.002824357245117426,1,0.002824357245117426,0.07158445050299633,,,,1,28.24357245117426,0.013612598180770874,0.01724712736904621,0.0027339705266058445,0.4062728922046816
2019-04-22,fold_5,2018 Vol-mageddon + Q4 sell-off,-0.0024572620168328285,-1,0.012637894600629807,1,-0.012637894600629807,0.058946555902366526,,,,0,-126.37894600629807,0.012940969318151474,0.016361890360713005,-0.0024572620168328285,2.5761801972299163
2019-04-23,fold_5,2018 Vol-mageddon + Q4 sell-off,0.0016213594935834408,1,-0.0031575928442180157,-1,-0.0031575928442180157,0.05578896305814851,,,,0,-31.575928442180157,0.02066345140337944,-0.004054222255945206,0.0016213594935834408,-0.5593278337476337
2019-04-24,fold_5,2018 Vol-mageddon + Q4 sell-off,-0.005659868009388447,-1,0.004050512798130512,1,-0.004050512798130512,0.051738450260018,,,,0,-40.50512798130512,0.014828886836767197,-0.004119951277971268,-0.005659868009388447,0.7241279199257808
2019-04-25,fold_5,2018 Vol-mageddon + Q4 sell-off,-0.003123427741229534,-1,0.0008919559768401086,1,-0.0008919559768401086,0.05084649428317789,,,,0,-8.919559768401086,0.016171526163816452,-0.012520142830908298,-0.003123427741229534,0.16275839997497182
2019-04-26,fold_5,2018 Vol-mageddon + Q4 sell-off,-0.0011667562648653984,-1,0.0019391197711229324,1,-0.0019391197711229324,0.04890737451205496,,,,0,-19.391197711229324,0.026467353105545044,0.002410326385870576,-0.0011667562648653984,0.3551721476100761
2019-04-29,fold_5,2018 Vol-mageddon + Q4 sell-off,0.004441011697053909,1,-0.007778218016028404,-1,-0.007778218016028404,0.04112915649602655,,,,0,-77.78218016028404,0.015902087092399597,-0.005670021288096905,0.004441011697053909,-1.4927381154327648
2020-03-23,fold_6,COVID crash and V-recovery,-0.010341329500079155,-1,0.07458554953336716,1,-0.07458554953336716,-0.07458554953336716,,,,0,-745.8554953336716,0.0043438635766506195,0.11920323222875595,-0.010341329500079155,1.3619532583716727
2020-03-24,fold_6,COVID crash and V-recovery,-0.016120247542858124,-1,-0.007432425860315561,-1,0.007432425860315561,-0.0671531236730516,,,,1,74.32425860315561,0.0005491338670253754,0.03604106232523918,-0.016120247542858124,-0.13059038406955709
2020-03-25,fold_6,COVID crash and V-recovery,-0.012219332158565521,-1,0.05132082477211952,1,-0.05132082477211952,-0.11847394844517112,,,,0,-513.2082477211952,-0.003979112952947617,5.4859290685271844e-05,-0.012219332158565521,0.9015247831095355
2020-03-26,fold_6,COVID crash and V-recovery,-0.016682036221027374,-1,-0.034998346120119095,-1,0.034998346120119095,-0.08347560232505202,,,,1,349.98346120119095,-0.007123660296201706,-0.031174037605524063,-0.016682036221027374,-0.6148211832518793
2020-03-27,fold_6,COVID crash and V-recovery,-0.012278139591217041,-1,0.03572762385010719,1,-0.03572762385010719,-0.11920322617515922,,,,0,-357.27623850107193,-0.009707063436508179,-0.010470139794051647,-0.012278139591217041,0.6217869710557287
2020-03-30,fold_6,COVID crash and V-recovery,-0.014549434185028076,-1,-0.008576614782214165,-1,0.008576614782214165,-0.11062661139294505,,,,1,85.76614782214165,-0.013857992365956306,0.02285684272646904,-0.014549434185028076,-0.15070272679850347
2020-03-31,fold_6,COVID crash and V-recovery,-0.013818047940731049,-1,-0.043418630957603455,-1,0.043418630957603455,-0.0672079804353416,,,,1,434.18630957603455,-0.013023057952523232,0.031026244163513184,-0.013818047940731049,-0.7688141008966403
2020-04-01,fold_6,COVID crash and V-recovery,-0.009602546691894531,-1,0.02009192667901516,1,-0.02009192667901516,-0.08729990711435676,,,,0,-200.9192667901516,-0.010058213025331497,0.09545475989580154,-0.009602546691894531,0.355171613440864
2020-04-02,fold_6,COVID crash and V-recovery,-0.014475679025053978,-1,-0.014294445514678955,-1,0.014294445514678955,-0.0730054615996778,,,,1,142.94445514678955,-0.01148824580013752,0.07680775225162506,-0.014475679025053978,-0.25377689003712767
2020-04-03,fold_6,COVID crash and V-recovery,-0.01263992115855217,-1,0.06905461102724075,1,-0.06905461102724075,-0.14206007262691855,,,,0,-690.5461102724075,-0.011868854984641075,0.10184760391712189,-0.01263992115855217,1.2267871397796892
2020-04-06,fold_6,COVID crash and V-recovery,-0.013207606971263885,-1,-0.00040721436380408704,-1,0.00040721436380408704,-0.14165285826311447,,,,1,4.07214363804087,-0.012236351147294044,0.07536505907773972,-0.013207606971263885,-0.007258143756962585
2020-04-07,fold_6,COVID crash and V-recovery,-0.012450307607650757,-1,0.021009888499975204,1,-0.021009888499975204,-0.16266274676308967,,,,0,-210.09888499975204,-0.017343871295452118,0.0642361268401146,-0.012450307607650757,0.38312905774086525
2020-04-08,fold_6,COVID crash and V-recovery,-0.014933377504348755,-1,0.0014449184527620673,1,-0.0014449184527620673,-0.16410766521585174,,,,0,-14.449184527620673,-0.020850948989391327,0.06130203232169151,-0.014933377504348755,0.026693376605347516
2020-04-09,fold_6,COVID crash and V-recovery,-0.012101667001843452,-1,0.010745402425527573,1,-0.010745402425527573,-0.1748530676413793,,,,0,-107.45402425527573,-0.01926957443356514,0.0693778470158577,-0.012101667001843452,0.2163080765123416
2020-04-13,fold_6,COVID crash and V-recovery,-0.011789226904511452,-1,0.04257206618785858,1,-0.04257206618785858,-0.2174251338292379,,,,0,-425.7206618785858,-0.020005030557513237,0.046717315912246704,-0.011789226904511452,0.9196391109077393
2020-04-14,fold_6,COVID crash and V-recovery,-0.013021312654018402,-1,-0.011536145582795143,-1,0.011536145582795143,-0.20588898824644275,,,,1,115.36145582795143,-0.018891852349042892,-0.03345223888754845,-0.013021312654018402,-0.3061814340177442
2020-04-15,fold_6,COVID crash and V-recovery,-0.012396935373544693,-1,0.018075792118906975,1,-0.018075792118906975,-0.22396478036534972,,,,0,-180.75792118906975,-0.014634456485509872,0.007326609455049038,-0.012396935373544693,0.5309427510377467
2020-04-16,fold_6,COVID crash and V-recovery,-0.011875523254275322,-1,0.00952073186635971,1,-0.00952073186635971,-0.23348551223170944,,,,0,-95.2073186635971,-0.011809896677732468,-0.012884554453194141,-0.011875523254275322,0.28351655070026416
2020-04-17,fold_6,COVID crash and V-recovery,-0.012870967388153076,-1,-0.011915127746760845,-1,0.011915127746760845,-0.2215703844849486,,,,1,119.15127746760845,-0.015174753963947296,-0.006757906638085842,-0.012870967388153076,-0.35438838311293325
2020-04-20,fold_6,COVID crash and V-recovery,-0.00929294154047966,-1,-0.03759749233722687,-1,0.03759749233722687,-0.18397289214772172,,,,1,375.9749233722687,-0.013245116919279099,0.013168531470000744,-0.00929294154047966,-1.156075156829076
2020-04-21,fold_6,COVID crash and V-recovery,-0.007605169899761677,-1,0.029242703691124916,1,-0.029242703691124916,-0.21321559583884664,,,,0,-292.42703691124916,-0.014120163396000862,0.031751591712236404,-0.007605169899761677,0.8705687119503405
2020-04-22,fold_6,COVID crash and V-recovery,-0.00948871299624443,-1,-0.002135372254997492,-1,0.002135372254997492,-0.21108022358384915,,,,1,21.35372254997492,-0.01833345927298069,0.03735563904047012,-0.00948871299624443,-0.07146079430570496
2020-04-23,fold_6,COVID crash and V-recovery,-0.008700113743543625,-1,0.01564737968146801,1,-0.01564737968146801,-0.22672760326531716,,,,0,-156.4737968146801,-0.020472992211580276,0.03907999396324158,-0.008700113743543625,0.524388295378778
2020-04-24,fold_6,COVID crash and V-recovery,-0.011680226773023605,-1,0.00801131036132574,1,-0.00801131036132574,-0.2347389136266429,,,,0,-80.11310361325741,-0.021141942590475082,-0.005157221108675003,-0.011680226773023605,0.28853254756205166
2020-04-27,fold_6,COVID crash and V-recovery,-0.012588078156113625,-1,-0.019014431163668633,-1,0.019014431163668633,-0.21572448246297427,,,,1,190.14431163668633,-0.01767294853925705,-0.0015784892020747066,-0.012588078156113625,-0.7121462546267044
2020-04-28,fold_6,COVID crash and V-recovery,-0.014899997040629387,-1,0.034846752882003784,1,-0.034846752882003784,-0.25057123534497805,,,,0,-348.46752882003784,-0.02023172378540039,0.02870927006006241,-0.014899997040629387,1.349116258860208
2020-04-29,fold_6,COVID crash and V-recovery,-0.013533972203731537,-1,-0.00041101736132986844,-1,0.00041101736132986844,-0.2501602179836482,,,,1,4.110173613298684,-0.018450289964675903,0.0,-0.013533972203731537,-0.015273329603258962
2020-04-30,fold_6,COVID crash and V-recovery,-0.016096647828817368,-1,-0.02858983725309372,-1,0.02858983725309372,-0.22157038073055446,,,,1,285.8983725309372,-0.020967379212379456,0.013205603696405888,-0.016096647828817368,-1.139100475499464
2020-05-01,fold_6,COVID crash and V-recovery,-0.013870688155293465,-1,0.011590042151510715,1,-0.011590042151510715,-0.23316042288206518,,,,0,-115.90042151510715,-0.019217777997255325,0.05540729686617851,-0.013870688155293465,0.454380527434365
2020-05-04,fold_6,COVID crash and V-recovery,-0.014551326632499695,-1,0.011273329146206379,1,-0.011273329146206379,-0.24443375202827156,,,,0,-112.73329146206379,-0.02511511743068695,0.05271638184785843,-0.014551326632499695,0.4431575926811178
2020-05-05,fold_6,COVID crash and V-recovery,-0.01530451886355877,-1,0.006137482821941376,1,-0.006137482821941376,-0.25057123485021293,,,,0,-61.37482821941376,-0.026048365980386734,0.020283684134483337,-0.01530451886355877,0.3012582525123526
2020-05-06,fold_6,COVID crash and V-recovery,-0.017119234427809715,-1,0.012794585898518562,1,-0.012794585898518562,-0.2633658207487315,,,,0,-127.94585898518562,-0.02379569597542286,0.0015512654790654778,-0.017119234427809715,0.6266082108417178
2020-05-07,fold_6,COVID crash and V-recovery,-0.0202465932816267,-1,0.013611855916678905,1,-0.013611855916678905,-0.2769776766654104,,,,0,-136.11855916678905,-0.02494596503674984,4.5156863052397966e-05,-0.0202465932816267,0.6780198336118983
2020-05-08,fold_6,COVID crash and V-recovery,-0.018053853884339333,-1,0.008899128064513206,1,-0.008899128064513206,-0.2858768047299236,,,,0,-88.99128064513206,-0.021000433713197708,-0.007096275221556425,-0.018053853884339333,0.4383214928755762
2020-05-11,fold_6,COVID crash and V-recovery,-0.014529325067996979,-1,-0.021159369498491287,-1,0.021159369498491287,-0.2647174352314323,,,,1,211.59369498491287,-0.014740005135536194,0.002465191762894392,-0.014529325067996979,-1.0444928112474263
2020-05-12,fold_6,COVID crash and V-recovery,-0.01665099710226059,-1,-0.012594935484230518,-1,0.012594935484230518,-0.2521224997472018,,,,1,125.94935484230518,-0.013428758829832077,0.021115215495228767,-0.01665099710226059,-0.6809020398622824
2020-05-13,fold_6,COVID crash and V-recovery,-0.015827033668756485,-1,0.011288478039205074,1,-0.011288478039205074,-0.2634109777864069,,,,0,-112.88478039205074,-0.015149129554629326,0.053481537848711014,-0.015827033668756485,0.6091367844048735
2020-05-14,fold_6,COVID crash and V-recovery,-0.01407608576118946,-1,0.006470423191785812,1,-0.006470423191785812,-0.2698814009781927,,,,0,-64.70423191785812,-0.02098468691110611,0.031242623925209045,-0.01407608576118946,0.3543286206546096
2020-05-15,fold_6,COVID crash and V-recovery,-0.012849763035774231,-1,0.018460595980286598,1,-0.018460595980286598,-0.2883419969584793,,,,0,-184.60595980286598,-0.026470359414815903,0.028218109160661697,-0.012849763035774231,1.0146429521600169
2020-05-18,fold_6,COVID crash and V-recovery,-0.019004788249731064,-1,-0.002509345533326268,-1,0.002509345533326268,-0.285832651425153,,,,1,25.093455333262682,-0.038845501840114594,0.0070541235618293285,-0.019004788249731064,-0.1358947902996018
2020-05-19,fold_6,COVID crash and V-recovery,-0.01749584823846817,-1,0.019771385937929153,1,-0.019771385937929153,-0.30560403736308217,,,,0,-197.71385937929153,-0.03163943812251091,0.015006253495812416,-0.01749584823846817,1.2019011447599568
2020-05-20,fold_6,COVID crash and V-recovery,-0.02114749513566494,-1,-0.010950435884296894,-1,0.010950435884296894,-0.2946536014787853,,,,1,109.50435884296894,-0.035707246512174606,-0.006068696733564138,-0.02114749513566494,-0.6962042515893885
2020-05-21,fold_6,COVID crash and V-recovery,-0.02114650048315525,-1,0.003445908660069108,1,-0.003445908660069108,-0.2980995101388544,,,,0,-34.45908660069108,-0.028694836422801018,0.01942809484899044,-0.02114650048315525,0.21657318928388547
2020-05-22,fold_6,COVID crash and V-recovery,-0.007614593952894211,-1,-0.0027033903170377016,-1,0.0027033903170377016,-0.2953961198218167,,,,1,27.033903170377016,-0.03134946525096893,0.018977487459778786,-0.007614593952894211,-0.17395546199459244
2020-05-26,fold_6,COVID crash and V-recovery,-0.014623261988162994,-1,0.005442784167826176,1,-0.005442784167826176,-0.30083890398964286,,,,0,-54.42784167826176,-0.03212796896696091,0.028366241604089737,-0.014623261988162994,0.3523078665915714
2020-05-27,fold_6,COVID crash and V-recovery,0.004451577551662922,1,-0.00130356359295547,-1,-0.00130356359295547,-0.30214246758259833,,,,0,-13.0356359295547,-0.03414767235517502,0.02741178125143051,0.004451577551662922,-0.08747495646310993
2020-05-28,fold_6,COVID crash and V-recovery,0.007335231639444828,1,0.014546356163918972,1,0.014546356163918972,-0.28759611141867936,,,,1,145.46356163918972,-0.03547879308462143,0.02167745679616928,0.007335231639444828,1.144836825768415
2020-05-29,fold_6,COVID crash and V-recovery,0.01711362600326538,1,0.002995300805196166,1,0.002995300805196166,-0.2846008106134832,,,,1,29.95300805196166,-0.02224346250295639,0.026764295995235443,0.01711362600326538,0.22837949258839393
2020-06-01,fold_6,COVID crash and V-recovery,-0.005982741713523865,-1,0.006685362663120031,1,-0.006685362663120031,-0.2912861732766032,,,,0,-66.85362663120031,-0.041251521557569504,0.03149901330471039,-0.005982741713523865,0.5827813231771511
2020-06-02,fold_6,COVID crash and V-recovery,0.0062810806557536125,1,0.004488324746489525,1,0.004488324746489525,-0.2867978485301137,,,,1,44.88324746489525,-0.04990469291806221,0.032032568007707596,0.0062810806557536125,0.3980972830499163
2020-06-03,fold_6,COVID crash and V-recovery,0.005233933217823505,1,-0.007037887815386057,-1,-0.007037887815386057,-0.29383573634549975,,,,0,-70.37887815386057,-0.07290363311767578,0.03947428986430168,0.005233933217823505,-0.6377926107384717
2020-06-04,fold_6,COVID crash and V-recovery,0.0010407301597297192,1,0.01963319443166256,1,0.01963319443166256,-0.2742025419138372,,,,1,196.3319443166256,-0.07115241140127182,-0.0043064602650702,0.0010407301597297192,1.7748960173917738
2020-06-05,fold_6,COVID crash and V-recovery,0.00018410244956612587,1,0.00773001741617918,1,0.00773001741617918,-0.266472524497658,,,,1,77.3001741617918,-0.04833422601222992,-0.016023224219679832,0.00018410244956612587,0.6691537153486794
2020-06-08,fold_6,COVID crash and V-recovery,0.00019747205078601837,1,0.007218916900455952,1,0.007218916900455952,-0.25925360759720206,,,,1,72.18916900455952,-0.02103739231824875,-0.011659504845738411,0.00019747205078601837,0.6401453804806366
2020-06-09,fold_6,COVID crash and V-recovery,0.00870335754007101,1,0.01193004846572876,1,0.01193004846572876,-0.2473235591314733,,,,1,119.3004846572876,-0.017898961901664734,-0.0018512934911996126,0.00870335754007101,1.0635877806641232
2020-06-10,fold_6,COVID crash and V-recovery,0.010071086697280407,1,-0.050818637013435364,-1,-0.050818637013435364,-0.29814219614490867,,,,0,-508.18637013435364,0.0012357309460639954,-0.01061584148555994,0.010071086697280407,-4.833366497560921
2020-06-11,fold_6,COVID crash and V-recovery,0.0024189879186451435,1,0.007916430942714214,1,0.007916430942714214,-0.29022576520219445,,,,1,79.16430942714214,0.03878478705883026,0.04290812090039253,0.0024189879186451435,0.5200283997094477
2020-06-12,fold_6,COVID crash and V-recovery,0.000224248506128788,1,0.012093736790120602,1,0.012093736790120602,-0.27813202841207385,,,,1,120.93736790120602,0.03868059813976288,0.0348283015191555,0.000224248506128788,0.8000435567549711
2020-06-15,fold_6,COVID crash and V-recovery,-0.0032174158841371536,-1,0.017027128487825394,1,-0.017027128487825394,-0.29515915689989924,,,,0,-170.27128487825394,0.03377336263656616,0.03465566039085388,-0.0032174158841371536,1.1137561430626872
2020-06-16,fold_6,COVID crash and V-recovery,0.006148326210677624,1,0.0031655009370297194,1,0.0031655009370297194,-0.2919936559628695,,,,1,31.655009370297194,0.025039806962013245,0.026103550568223,0.006148326210677624,0.20819354101787516
2020-06-17,fold_6,COVID crash and V-recovery,0.007867051288485527,1,0.002705324674025178,1,0.002705324674025178,-0.28928833128884435,,,,1,27.05324674025178,0.015760820358991623,0.002107067499309778,0.007867051288485527,0.1778563538394904
2020-06-18,fold_6,COVID crash and V-recovery,0.004305602516978979,1,-0.00016339019930455834,-1,-0.00016339019930455834,-0.2894517214881489,,,,0,-1.6339019930455834,0.015258416533470154,0.008876042440533638,0.004305602516978979,-0.011216744710318296
2020-06-19,fold_6,COVID crash and V-recovery,-0.0004426958039402962,-1,0.01192109752446413,1,-0.01192109752446413,-0.30137281901261304,,,,0,-119.2109752446413,0.017646528780460358,-0.01485886238515377,-0.0004426958039402962,0.8301943175953945
2020-06-22,fold_6,COVID crash and V-recovery,0.0037081181071698666,1,0.008475018665194511,1,0.008475018665194511,-0.2928978003474185,,,,1,84.75018665194511,0.036096468567848206,-0.01593226008117199,0.0037081181071698666,0.5811019860795387
2020-06-23,fold_6,COVID crash and V-recovery,-0.006029069423675537,-1,-0.02083098329603672,-1,0.02083098329603672,-0.2720668170513818,,,,1,208.3098329603672,0.024187803268432617,-0.004995599389076233,-0.006029069423675537,-1.4175974704980616
2020-06-24,fold_6,COVID crash and V-recovery,0.013462123461067677,1,0.009474299848079681,1,0.009474299848079681,-0.2625925172033021,,,,1,94.74299848079681,0.016563549637794495,0.02743980661034584,0.013462123461067677,0.6165341995312399
2020-06-25,fold_6,COVID crash and V-recovery,0.0058930739760398865,1,-0.023898296058177948,-1,-0.023898296058177948,-0.28649081326148007,,,,0,-238.98296058177948,0.011372871696949005,0.02472933940589428,0.0058930739760398865,-1.5408676806680528
2020-06-26,fold_6,COVID crash and V-recovery,0.015852514654397964,1,0.010847700759768486,1,0.010847700759768486,-0.2756431125017116,,,,1,108.47700759768486,0.021246638149023056,0.07291491329669952,0.015852514654397964,0.6746617427209867
2020-06-29,fold_6,COVID crash and V-recovery,0.011701309122145176,1,0.01941167749464512,1,0.01941167749464512,-0.25623143500706647,,,,1,194.1167749464512,0.006208233535289764,0.05515451729297638,0.011701309122145176,1.1947957833765366
2020-06-30,fold_6,COVID crash and V-recovery,0.01427418738603592,1,0.011604422703385353,1,0.011604422703385353,-0.2446270123036811,,,,1,116.04422703385353,0.0038297027349472046,0.048828642815351486,0.01427418738603592,0.692796584541074
2020-07-01,fold_6,COVID crash and V-recovery,0.00896674208343029,1,0.00676383264362812,1,0.00676383264362812,-0.237863179660053,,,,1,67.6383264362812,-0.001867629587650299,0.04561207443475723,0.00896674208343029,0.39974959804786203
2020-07-02,fold_6,COVID crash and V-recovery,0.016269000247120857,1,0.024287275969982147,1,0.024287275969982147,-0.21357590369007085,,,,1,242.87275969982147,0.003279712051153183,0.04565257206559181,0.016269000247120857,1.4358778581058032
2020-07-06,fold_6,COVID crash and V-recovery,0.009519693441689014,1,-0.006912693381309509,-1,-0.006912693381309509,-0.22048859707138035,,,,0,-69.12693381309509,-0.0009397305548191071,0.0005803222302347422,0.009519693441689014,-0.40157268428087856
2020-07-07,fold_6,COVID crash and V-recovery,0.0022313371300697327,1,0.01308580581098795,1,0.01308580581098795,-0.2074027912603924,,,,1,130.8580581098795,0.003869239240884781,0.014546205289661884,0.0022313371300697327,0.760950319818398
2020-07-08,fold_6,COVID crash and V-recovery,0.006598746404051781,1,0.008387851528823376,1,0.008387851528823376,-0.19901493973156903,,,,1,83.87851528823376,0.005375515669584274,0.0034939206670969725,0.006598746404051781,0.4829213491086964
2020-07-09,fold_6,COVID crash and V-recovery,-0.0056141698732972145,-1,0.006804332137107849,1,-0.006804332137107849,-0.20581927186867688,,,,0,-68.04332137107849,0.007883355021476746,-0.01173989288508892,-0.0056141698732972145,0.39410950525264227
2020-07-10,fold_6,COVID crash and V-recovery,0.0011515324003994465,1,-0.020784974098205566,-1,-0.020784974098205566,-0.22660424596688244,,,,0,-207.84974098205566,0.006947755813598633,-0.017386941239237785,0.0011515324003994465,-1.5882076019087286
2020-07-13,fold_6,COVID crash and V-recovery,0.0031740702688694,1,0.007053189445286989,1,0.007053189445286989,-0.21955105652159546,,,,1,70.53189445286989,0.01279587671160698,0.031374141573905945,0.0031740702688694,0.5120446139780346
2020-07-14,fold_6,COVID crash and V-recovery,0.007383883930742741,1,0.0020335218869149685,1,0.0020335218869149685,-0.2175175346346805,,,,1,20.335218869149685,0.0007385425269603729,0.013845482841134071,0.007383883930742741,0.14954269287114882
2020-07-15,fold_6,COVID crash and V-recovery,0.008499769493937492,1,-0.006845961790531874,-1,-0.006845961790531874,-0.22436349642521236,,,,0,-68.45961790531874,-0.008899398148059845,0.01532869040966034,0.008499769493937492,-0.5241009812391734
2020-07-16,fold_6,COVID crash and V-recovery,0.010518652386963367,1,0.0011572843650355935,1,0.0011572843650355935,-0.22320621206017677,,,,1,11.572843650355935,-0.002742983400821686,-0.004292608238756657,0.010518652386963367,0.08812283189001813
2020-07-17,fold_6,COVID crash and V-recovery,0.00997227244079113,1,0.027976106852293015,1,0.027976106852293015,-0.19523010520788375,,,,1,279.76106852293015,-0.0016836822032928467,-0.01499137282371521,0.00997227244079113,2.132123708338193
2020-07-20,fold_6,COVID crash and V-recovery,5.246233195066452e-05,1,-0.010475467890501022,-1,-0.010475467890501022,-0.20570557309838478,,,,0,-104.75467890501022,0.006085548549890518,-0.025281477719545364,5.246233195066452e-05,-0.7206510227050099
2020-07-21,fold_6,COVID crash and V-recovery,0.0025877105072140694,1,0.0035167301539331675,1,0.0035167301539331675,-0.2021888429444516,,,,1,35.167301539331675,0.005480244755744934,-0.027612756937742233,0.0025877105072140694,0.24286262614215368
2020-07-22,fold_6,COVID crash and V-recovery,0.0012737782672047615,1,-0.026467259973287582,-1,-0.026467259973287582,-0.2286561029177392,,,,0,-264.6725997328758,-0.0021505579352378845,-0.019669238477945328,0.0012737782672047615,-1.8409053843650716
2020-07-23,fold_6,COVID crash and V-recovery,0.005277753341943026,1,-0.009541480801999569,-1,-0.009541480801999569,-0.23819758371973876,,,,0,-95.41480801999569,-0.007317043840885162,0.012019885703921318,0.005277753341943026,-0.6432334964953011
2020-07-24,fold_6,COVID crash and V-recovery,0.010217113420367241,1,0.01768600009381771,1,0.01768600009381771,-0.22051158362592105,,,,1,176.8600009381771,-0.01657244749367237,0.03924935311079025,0.010217113420367241,1.1921186983156284
2020-07-27,fold_6,COVID crash and V-recovery,0.02066204696893692,1,-0.012806747108697891,-1,-0.012806747108697891,-0.23331833073461894,,,,0,-128.0674710869789,-0.020587122067809105,0.034980401396751404,0.02066204696893692,-0.8897363445671662
2020-07-28,fold_6,COVID crash and V-recovery,0.016038980334997177,1,0.011460249312222004,1,0.011460249312222004,-0.22185808142239694,,,,1,114.60249312222004,-0.017878275364637375,0.05149209499359131,0.016038980334997177,0.7917747031445751
2020-07-29,fold_6,COVID crash and V-recovery,0.02579636499285698,1,0.0052218628115952015,1,0.0052218628115952015,-0.21663621861080173,,,,1,52.218628115952015,-0.02546831965446472,0.042506542056798935,0.02579636499285698,0.3718284970110825
2020-07-30,fold_6,COVID crash and V-recovery,0.015097185969352722,1,0.01768798753619194,1,0.01768798753619194,-0.1989482310746098,,,,1,176.8798753619194,-0.011629872024059296,0.05044260248541832,0.015097185969352722,1.2769965562045513
2020-07-31,fold_6,COVID crash and V-recovery,0.005193652119487524,1,0.013417048379778862,1,0.013417048379778862,-0.18553118269483093,,,,1,134.17048379778862,-0.014668326824903488,0.021145181730389595,0.005193652119487524,0.9366016124301634
2020-08-03,fold_6,COVID crash and V-recovery,0.012969456613063812,1,0.003704946953803301,1,0.003704946953803301,-0.18182623574102763,,,,1,37.04946953803301,-0.009741906076669693,0.0034460306633263826,0.012969456613063812,0.27259952974596996
2020-08-04,fold_6,COVID crash and V-recovery,0.002389277331531048,1,0.0024746968410909176,1,0.0024746968410909176,-0.1793515388999367,,,,1,24.746968410909176,-0.021438268944621086,-0.01938198134303093,0.002389277331531048,0.18292635050540385
2020-08-05,fold_6,COVID crash and V-recovery,0.0042853448539972305,1,0.013157923705875874,1,0.013157923705875874,-0.16619361519406084,,,,1,131.57923705875874,-0.024143563583493233,0.0029841316863894463,0.0042853448539972305,0.9953246352301299
2020-08-06,fold_6,COVID crash and V-recovery,0.0020614126697182655,1,-0.011609433218836784,-1,-0.011609433218836784,-0.17780304841289762,,,,0,-116.09433218836784,-0.01767500676214695,-0.00789579376578331,0.0020614126697182655,-0.8655564505121134
2020-08-07,fold_6,COVID crash and V-recovery,0.0049042413011193275,1,-0.004282103851437569,-1,-0.004282103851437569,-0.1820851522643352,,,,0,-42.82103851437569,-0.0191503819078207,0.002538258209824562,0.0049042413011193275,-0.315403274167436
2020-08-10,fold_6,COVID crash and V-recovery,0.0050809308886528015,1,-0.01912306621670723,-1,-0.01912306621670723,-0.20120821848104242,,,,0,-191.2306621670723,-0.01569380797445774,0.018364673480391502,0.0050809308886528015,-1.4949017218268141
2020-08-11,fold_6,COVID crash and V-recovery,0.004912183620035648,1,0.024840809404850006,1,0.024840809404850006,-0.17636740907619242,,,,1,248.40809404850006,-0.0062257349491119385,0.04706699773669243,0.004912183620035648,1.854425462059186
2020-08-12,fold_6,COVID crash and V-recovery,0.0027498216368258,1,0.002277998486533761,1,0.002277998486533761,-0.17408941058965866,,,,1,22.77998486533761,-0.016842253506183624,0.015475744381546974,0.0027498216368258,0.1571654526123982
2020-08-13,fold_6,COVID crash and V-recovery,0.009125749580562115,1,-0.0011753810103982687,-1,-0.0011753810103982687,-0.17526479160005692,,,,0,-11.753810103982687,-0.009752489626407623,0.026974011212587357,0.009125749580562115,-0.08149801908205123
2020-08-14,fold_6,COVID crash and V-recovery,0.0049243345856666565,1,0.011544312350451946,1,0.011544312350451946,-0.16372047924960498,,,,1,115.44312350451946,-0.013919966295361519,0.03505614399909973,0.0049243345856666565,0.8004500661944717
2020-08-17,fold_6,COVID crash and V-recovery,0.004247398115694523,1,0.009579257108271122,1,0.009579257108271122,-0.15414122214133386,,,,1,95.79257108271122,-0.020453862845897675,0.029736364260315895,0.004247398115694523,0.7230246261558297
2020-08-18,fold_6,COVID crash and V-recovery,-0.001828429289162159,-1,-0.006750442553311586,-1,0.006750442553311586,-0.14739077958802227,,,,1,67.50442553311586,-0.021444637328386307,0.027988793328404427,-0.001828429289162159,-0.510820204822413
2020-08-19,fold_6,COVID crash and V-recovery,0.004752993583679199,1,0.013776266016066074,1,0.013776266016066074,-0.1336145135719562,,,,1,137.76266016066074,-0.02307068184018135,0.05585353076457977,0.004752993583679199,1.037559246659717
2020-08-20,fold_6,COVID crash and V-recovery,0.003512253053486347,1,0.0069067515432834625,1,0.0069067515432834625,-0.12670776202867273,,,,1,69.06751543283463,-0.017992403358221054,0.038955897092819214,0.003512253053486347,0.5625156236933915
2020-08-21,fold_6,COVID crash and V-recovery,0.002233966253697872,1,0.006224532146006823,1,0.006224532146006823,-0.12048322988266591,,,,1,62.245321460068226,-0.018694013357162476,0.0371214896440506,0.002233966253697872,0.5106356876868382
2020-08-24,fold_6,COVID crash and V-recovery,0.002051546238362789,1,0.007831685245037079,1,0.007831685245037079,-0.11265154463762883,,,,1,78.31685245037079,-0.014195254072546959,0.038897957652807236,0.002051546238362789,0.6743238686894301
2020-08-25,fold_6,COVID crash and V-recovery,-1.841457560658455e-05,-1,0.021114297211170197,1,-0.021114297211170197,-0.13376584184879903,,,,0,-211.14297211170197,-0.011863179504871368,0.04801339656114578,-1.841457560658455e-05,1.8535998038712649
2020-08-26,fold_6,COVID crash and V-recovery,0.0006445185281336308,1,-0.003121370915323496,-1,-0.003121370915323496,-0.13688721276412252,,,,0,-31.21370915323496,-0.012634743005037308,0.036324240267276764,0.0006445185281336308,-0.2587895593319744
2020-08-27,fold_6,COVID crash and V-recovery,-0.0008890191093087196,-1,0.005072346422821283,1,-0.005072346422821283,-0.1419595591869438,,,,0,-50.72346422821283,-0.0012693926692008972,-0.012585151940584183,-0.0008890191093087196,0.42181512853870085
2020-08-28,fold_6,COVID crash and V-recovery,0.0024886676110327244,1,0.008001000620424747,1,0.008001000620424747,-0.13395855856651906,,,,1,80.01000620424747,0.0037061572074890137,-0.03107313998043537,0.0024886676110327244,0.7010740917333799
2020-08-31,fold_6,COVID crash and V-recovery,0.0005868948064744473,1,0.016947124153375626,1,0.016947124153375626,-0.11701143441314343,,,,1,169.47124153375626,9.95434820652008e-05,-0.08833174407482147,0.0005868948064744473,1.519174036231336
2020-09-01,fold_6,COVID crash and V-recovery,0.0006991513073444366,1,0.009425140917301178,1,0.009425140917301178,-0.10758629349584226,,,,1,94.25140917301178,0.0010021068155765533,-0.07632622867822647,0.0006991513073444366,0.8019761973282619
2020-09-02,fold_6,COVID crash and V-recovery,-0.0018808245658874512,-1,-0.052030764520168304,-1,0.052030764520168304,-0.05555552897567395,,,,1,520.307645201683,-0.004032518714666367,-0.10588965564966202,-0.0018808245658874512,-4.362421233254415
2020-09-03,fold_6,COVID crash and V-recovery,0.0028983214870095253,1,-0.013415642082691193,-1,-0.013415642082691193,-0.06897117105836514,,,,0,-134.15642082691193,0.010317754000425339,-0.0608224980533123,0.0028983214870095253,-0.8180304219831065
2020-09-04,fold_6,COVID crash and V-recovery,-0.0007635047659277916,-1,-0.04925760254263878,-1,0.04925760254263878,-0.019713568515726365,,,,1,492.5760254263878,0.0020899102091789246,-0.03014158084988594,-0.0007635047659277916,-2.99098501352186
2020-09-08,fold_6,COVID crash and V-recovery,0.0005378038622438908,1,0.028952637687325478,1,0.028952637687325478,0.009239069171599112,,,,1,289.5263768732548,0.011902973055839539,0.033189885318279266,0.0005378038622438908,1.4630448928429223
2020-09-09,fold_6,COVID crash and V-recovery,0.0029933732002973557,1,-0.020138287916779518,-1,-0.020138287916779518,-0.010899218745180406,,,,0,-201.38287916779518,0.007197406142950058,-0.011837474070489407,0.0029933732002973557,-0.9882583616877233
2020-09-10,fold_6,COVID crash and V-recovery,0.00525673246011138,1,-0.006963605526834726,-1,-0.006963605526834726,-0.017862824272015132,,,,0,-69.63605526834726,0.007965676486492157,-0.007444728631526232,0.00525673246011138,-0.3461658618806676
2020-09-11,fold_6,COVID crash and V-recovery,0.008462255820631981,1,0.017265276983380318,1,0.017265276983380318,-0.0005975472886348143,,,,1,172.65276983380318,0.002693764865398407,-0.01332566887140274,0.008462255820631981,0.8559825585801524
2020-09-14,fold_6,COVID crash and V-recovery,0.0013929493725299835,1,0.014073864556849003,1,0.014073864556849003,0.013476317268214189,,,,1,140.73864556849003,-0.0064162276685237885,-0.028195757418870926,0.0013929493725299835,0.6853734804594767
2020-09-15,fold_6,COVID crash and V-recovery,0.0032269172370433807,1,-0.01607472263276577,-1,-0.01607472263276577,-0.0025984053645515814,,,,0,-160.7472263276577,-0.011863064020872116,-0.023861397057771683,0.0032269172370433807,-0.7798215646588044
2020-09-16,fold_6,COVID crash and V-recovery,-0.0002751350402832031,-1,-0.01574554108083248,-1,0.01574554108083248,0.0131471357162809,,,,1,157.4554108083248,-0.016546355560421944,-0.03879699110984802,-0.0002751350402832031,-0.7564717033725888
2020-09-17,fold_6,COVID crash and V-recovery,-0.0011044861748814583,-1,-0.01284454483538866,-1,0.01284454483538866,0.02599168055166956,,,,1,128.4454483538866,-0.01730594038963318,-0.018405728042125702,-0.0011044861748814583,-0.6100156525437823
2020-09-18,fold_6,COVID crash and V-recovery,-0.004845422692596912,-1,0.0023951882030814886,1,-0.0023951882030814886,0.023596492348588072,,,,0,-23.951882030814886,-0.00584276020526886,0.017421115189790726,-0.004845422692596912,0.11391217076698176
2020-09-21,fold_6,COVID crash and V-recovery,0.0009259013459086418,1,0.01840822398662567,1,0.01840822398662567,0.04200471633521374,,,,1,184.0822398662567,0.0021671652793884277,0.035582274198532104,0.0009259013459086418,0.8775572328014063
2020-09-22,fold_6,COVID crash and V-recovery,0.003565846011042595,1,-0.03101031668484211,-1,-0.03101031668484211,0.010994399650371633,,,,0,-310.1031668484211,0.00699949637055397,0.012654685415327549,0.003565846011042595,-1.4537438731940597
2020-09-23,fold_6,COVID crash and V-recovery,0.0008469624444842339,1,0.0046457210555672646,1,0.0046457210555672646,0.015640120705938898,,,,1,46.457210555672646,0.020398344844579697,0.050490401685237885,0.0008469624444842339,0.20775431739486164
2020-09-24,fold_6,COVID crash and V-recovery,0.007302839308977127,1,0.022982297465205193,1,0.022982297465205193,0.03862241817114409,,,,1,229.82297465205193,0.02265012264251709,0.061592526733875275,0.007302839308977127,1.0502742819316198
2020-09-25,fold_6,COVID crash and V-recovery,0.005637180060148239,1,0.02055634744465351,1,0.02055634744465351,0.0591787656157976,,,,1,205.5634744465351,0.01303526759147644,0.010075737722218037,0.005637180060148239,0.9149699726863618
2020-09-28,fold_6,COVID crash and V-recovery,0.006901239976286888,1,-0.004519365727901459,-1,-0.004519365727901459,0.05465939988789614,,,,0,-45.19365727901459,0.006135780364274979,0.010621445253491402,0.006901239976286888,-0.1973176015235255
2020-09-29,fold_6,COVID crash and V-recovery,0.005977895110845566,1,0.0068253991194069386,1,0.0068253991194069386,0.06148479900730308,,,,1,68.25399119406939,0.006436564028263092,-0.002867152215912938,0.005977895110845566,0.298621087736763
2020-09-30,fold_6,COVID crash and V-recovery,0.004616651684045792,1,0.01574784703552723,1,0.01574784703552723,0.07723264604283031,,,,1,157.4784703552723,0.0025666430592536926,0.007458656560629606,0.004616651684045792,0.697064423708603
2020-10-01,fold_6,COVID crash and V-recovery,0.0032615410163998604,1,-0.02853449247777462,-1,-0.02853449247777462,0.04869815356505569,,,,0,-285.3449247777462,0.00024856626987457275,-0.0029803828801959753,0.0032615410163998604,-1.2533205081188008
2020-10-02,fold_6,COVID crash and V-recovery,0.002906777895987034,1,0.02110205590724945,1,0.02110205590724945,0.06980020947230514,,,,1,211.0205590724945,0.011292345821857452,0.04071858525276184,0.002906777895987034,1.0251783952435474
2020-10-05,fold_6,COVID crash and V-recovery,0.0043713608756661415,1,-0.01800796203315258,-1,-0.01800796203315258,0.05179224743915256,,,,0,-180.0796203315258,0.007071416825056076,0.0500197559595108,0.0043713608756661415,-0.8614788499208522
2020-10-06,fold_6,COVID crash and V-recovery,0.0009133564308285713,1,0.017151206731796265,1,0.017151206731796265,0.06894345417094883,,,,1,171.51206731796265,0.009821683168411255,0.06799398362636566,0.0009133564308285713,0.9414975943994984
2020-10-07,fold_6,COVID crash and V-recovery,0.006449146196246147,1,0.005308808758854866,1,0.005308808758854866,0.07425226292980369,,,,1,53.08808758854866,0.0037227049469947815,0.0424555167555809,0.006449146196246147,0.30415484714686564
2020-10-08,fold_6,COVID crash and V-recovery,0.005285670980811119,1,0.015164476819336414,1,0.015164476819336414,0.0894167397491401,,,,1,151.64476819336414,0.004692234098911285,0.03041280247271061,0.005285670980811119,0.8970329885777675
2020-10-09,fold_6,COVID crash and V-recovery,0.0050086285918951035,1,0.030403228476643562,1,0.030403228476643562,0.11981996822578367,,,,1,304.0322847664356,-0.006591014564037323,0.009752639569342136,0.0050086285918951035,1.770571887040376
2020-10-12,fold_6,COVID crash and V-recovery,-0.0012330375611782074,-1,-3.373719300725497e-05,-1,3.373719300725497e-05,0.11985370541879092,,,,1,0.33737193007254973,-0.0076581574976444244,-0.037110790610313416,-0.0012330375611782074,-0.0018680407759308338
2020-10-13,fold_6,COVID crash and V-recovery,-0.001177007332444191,-1,-0.00838725920766592,-1,0.00838725920766592,0.12824096462645684,,,,1,83.8725920766592,-0.00807277113199234,-0.03492961823940277,-0.001177007332444191,-0.4716208204510821
2020-10-14,fold_6,COVID crash and V-recovery,-0.006968596018850803,-1,-0.006733904592692852,-1,0.006733904592692852,0.1349748692191497,,,,1,67.33904592692852,-0.017290938645601273,-0.0273162629455328,-0.006968596018850803,-0.38440893439136203
2020-10-15,fold_6,COVID crash and V-recovery,0.0005082841962575912,1,-0.005495686549693346,-1,-0.005495686549693346,0.12947918266945635,,,,0,-54.95686549693346,-0.013035779818892479,-0.020617766305804253,0.0005082841962575912,-0.31903396928304123
2020-10-16,fold_6,COVID crash and V-recovery,-0.0062287598848342896,-1,-0.016460204496979713,-1,0.016460204496979713,0.14593938716643606,,,,1,164.60204496979713,-0.014079440385103226,-0.013153640553355217,-0.0062287598848342896,-0.9665816644113905
2020-10-19,fold_6,COVID crash and V-recovery,-0.004616342484951019,-1,0.002147437771782279,1,-0.002147437771782279,0.14379194939465378,,,,0,-21.47437771782279,-0.012807246297597885,-0.011803005822002888,-0.004616342484951019,0.12331480174769346
2020-10-20,fold_6,COVID crash and V-recovery,-0.008098447695374489,-1,-0.0007739050779491663,-1,0.0007739050779491663,0.14456585447260295,,,,1,7.739050779491663,-0.020579885691404343,-0.006172140594571829,-0.008098447695374489,-0.04571847515718098
2020-10-21,fold_6,COVID crash and V-recovery,-0.009744266048073769,-1,-3.5408695111982524e-05,-1,3.5408695111982524e-05,0.14460126316771493,,,,1,0.35408695111982524,-0.01487603597342968,-0.045165520161390305,-0.009744266048073769,-0.0022928343745738243
2020-10-22,fold_6,COVID crash and V-recovery,-0.008608248084783554,-1,0.001968440366908908,1,-0.001968440366908908,0.14263282280080603,,,,0,-19.68440366908908,-0.02101564034819603,-0.02779475226998329,-0.008608248084783554,0.12775259426091953
2020-10-23,fold_6,COVID crash and V-recovery,-0.0025510266423225403,-1,-0.015109569765627384,-1,0.015109569765627384,0.1577423925664334,,,,1,151.09569765627384,-0.015003154054284096,-0.055452797561883926,-0.0025510266423225403,-1.039698635608039
2020-10-26,fold_6,COVID crash and V-recovery,-0.0039864592254161835,-1,0.007778302300721407,1,-0.007778302300721407,0.149964090265712,,,,0,-77.78302300721407,-0.01740708202123642,-0.03811882436275482,-0.0039864592254161835,0.5479790991713467
2020-10-27,fold_6,COVID crash and V-recovery,-0.0015119407325983047,-1,-0.03976728767156601,-1,0.03976728767156601,0.189731377937278,,,,1,397.6728767156601,-0.015551339834928513,-0.028747210279107094,-0.0015119407325983047,-2.787764890068613
2020-10-28,fold_6,COVID crash and V-recovery,-0.0018864665180444717,-1,0.01733536086976528,1,-0.01733536086976528,0.17239601706751273,,,,0,-173.35360869765282,-0.01309058628976345,0.054690517485141754,-0.0018864665180444717,1.0355589815970991
2020-10-29,fold_6,COVID crash and V-recovery,-0.007387883961200714,-1,-0.025689605623483658,-1,0.025689605623483658,0.1980856226909964,,,,1,256.8960562348366,-0.014393262565135956,0.06309220939874649,-0.007387883961200714,-1.5274747106782163
2020-10-30,fold_6,COVID crash and V-recovery,-0.009474042803049088,-1,0.0022244045976549387,1,-0.0022244045976549387,0.19586121809334145,,,,0,-22.244045976549387,-0.015130775049328804,0.08952881395816803,-0.009474042803049088,0.13410157396693856
2020-11-02,fold_6,COVID crash and V-recovery,-0.009772466495633125,-1,0.017149915918707848,1,-0.017149915918707848,0.1787113021746336,,,,0,-171.49915918707848,-0.02092554047703743,0.06665904819965363,-0.009772466495633125,1.0779367386887289
2020-11-03,fold_6,COVID crash and V-recovery,-0.0003245016559958458,-1,0.04367043823003769,1,-0.04367043823003769,0.1350408639445959,,,,0,-436.7043823003769,-0.024455469101667404,0.031432218849658966,-0.0003245016559958458,2.75306621443569
2020-11-04,fold_6,COVID crash and V-recovery,-0.0009372588247060776,-1,0.025737054646015167,1,-0.025737054646015167,0.10930380929858075,,,,0,-257.3705464601517,-0.03904964029788971,0.009885048493742943,-0.0009372588247060776,1.4119405213839278
2020-11-05,fold_6,COVID crash and V-recovery,-0.0037941820919513702,-1,0.0007469941047020257,1,-0.0007469941047020257,0.10855681519387872,,,,0,-7.4699410470202565,-0.036591529846191406,-0.020557139068841934,-0.0037941820919513702,0.03915442701452015
2020-11-06,fold_6,COVID crash and V-recovery,0.0012150788679718971,1,-0.02064535580575466,-1,-0.02064535580575466,0.08791145938812406,,,,0,-206.45355805754662,-0.03703199326992035,-0.012569820508360863,0.0012150788679718971,-1.099611526163606
2020-11-09,fold_6,COVID crash and V-recovery,-0.0011910442262887955,-1,-0.01807691529393196,-1,0.01807691529393196,0.10598837468205602,,,,1,180.7691529393196,-0.029221614822745323,0.015848102048039436,-0.0011910442262887955,-0.9987407535989247
2020-11-10,fold_6,COVID crash and V-recovery,-0.0064330995082855225,-1,0.022123269736766815,1,-0.022123269736766815,0.0838651049452892,,,,0,-221.23269736766815,-0.027998391538858414,0.030747581273317337,-0.0064330995082855225,1.1929141000624843
2020-11-11,fold_6,COVID crash and V-recovery,-0.00571698322892189,-1,-0.0047051324509084225,-1,0.0047051324509084225,0.08857023739619763,,,,1,47.051324509084225,-0.028751257807016373,0.0012066756607964635,-0.00571698322892189,-0.24631408484931272
2020-11-12,fold_6,COVID crash and V-recovery,-0.007049191743135452,-1,0.00873431283980608,1,-0.00873431283980608,0.07983592455639155,,,,0,-87.3431283980608,-0.020730219781398773,0.013706258498132229,-0.007049191743135452,0.45797074181542646
2020-11-13,fold_6,COVID crash and V-recovery,-0.0031656213104724884,-1,0.007772567216306925,1,-0.007772567216306925,0.07206335734008462,,,,0,-77.72567216306925,-0.011454230174422264,-0.0018917557317763567,-0.0031656213104724884,0.4062582307615261
2020-11-16,fold_6,COVID crash and V-recovery,-0.01372978650033474,-1,-0.0031774360686540604,-1,0.0031774360686540604,0.07524079340873868,,,,1,31.774360686540604,-0.009757492691278458,-0.009630321525037289,-0.01372978650033474,-0.16851969730067273
2020-11-17,fold_6,COVID crash and V-recovery,-0.008696313947439194,-1,-0.007417635060846806,-1,0.007417635060846806,0.08265842846958549,,,,1,74.17635060846806,-0.008239265531301498,0.007499608676880598,-0.008696313947439194,-0.3932528488787517
2020-11-18,fold_6,COVID crash and V-recovery,0.003766062669456005,1,0.007794450502842665,1,0.007794450502842665,0.09045287897242815,,,,1,77.94450502842665,-0.02287418395280838,0.021044887602329254,0.003766062669456005,0.41165884580625633
2020-11-19,fold_6,COVID crash and V-recovery,0.011570722796022892,1,-0.006863702088594437,-1,-0.006863702088594437,0.08358917688383372,,,,0,-68.63702088594437,-0.00861458107829094,0.02242281287908554,0.011570722796022892,-0.36097592278577006
2020-11-20,fold_6,COVID crash and V-recovery,0.003090362995862961,1,3.400091009098105e-05,1,3.400091009098105e-05,0.0836231777939247,,,,1,0.3400091009098105,0.0003199763596057892,0.03132430091500282,0.003090362995862961,0.0017828542565550293
2020-11-23,fold_6,COVID crash and V-recovery,0.0053565241396427155,1,0.013952494598925114,1,0.013952494598925114,0.09757567239284981,,,,1,139.52494598925114,-0.0012720227241516113,0.04402534291148186,0.0053565241396427155,0.7433640469029835
2020-11-24,fold_6,COVID crash and V-recovery,-0.0033396752551198006,-1,0.006127643398940563,1,-0.006127643398940563,0.09144802899390925,,,,0,-61.27643398940563,-0.011580601334571838,0.03135693445801735,-0.0033396752551198006,0.3234052070137997
2020-11-25,fold_6,COVID crash and V-recovery,-0.004816330038011074,-1,0.009172377176582813,1,-0.009172377176582813,0.08227565181732643,,,,0,-91.72377176582813,-0.015055026859045029,0.02664339542388916,-0.004816330038011074,0.5463967394333243
2020-11-27,fold_6,COVID crash and V-recovery,-0.007617858238518238,-1,0.0020377866458147764,1,-0.0020377866458147764,0.08023786517151166,,,,0,-20.377866458147764,-0.010984223335981369,0.02153753489255905,-0.007617858238518238,0.12379010218913579
2020-11-30,fold_6,COVID crash and V-recovery,-0.006803145632147789,-1,0.012735040858387947,1,-0.012735040858387947,0.06750282431312371,,,,0,-127.35040858387947,-0.004889078438282013,0.025146711617708206,-0.006803145632147789,0.825152095544987
2020-12-01,fold_6,COVID crash and V-recovery,-0.007833114825189114,-1,0.0012840845156461,1,-0.0012840845156461,0.06621873979747761,,,,0,-12.840845156461,-0.003975540399551392,0.0157906636595726,-0.007833114825189114,0.08186080873771634
2020-12-02,fold_6,COVID crash and V-recovery,-0.00747807789593935,-1,0.0014141055289655924,1,-0.0014141055289655924,0.06480463426851202,,,,0,-14.141055289655924,0.0006258189678192139,-0.008394548669457436,-0.00747807789593935,0.09295420381384639
2020-12-03,fold_6,COVID crash and V-recovery,-0.0037511009722948074,-1,0.004066517110913992,1,-0.004066517110913992,0.060738117157598026,,,,0,-40.66517110913992,-0.004705935716629028,-0.005801084917038679,-0.0037511009722948074,0.34847327562232994
2020-12-04,fold_6,COVID crash and V-recovery,-0.008911272510886192,-1,0.005646963603794575,1,-0.005646963603794575,0.05509115355380345,,,,0,-56.46963603794575,-0.00336446613073349,-0.012084580026566982,-0.008911272510886192,0.5540372958545712
2020-12-07,fold_6,COVID crash and V-recovery,-0.005802007392048836,-1,0.003378992434591055,1,-0.003378992434591055,0.051712161119212396,,,,0,-33.78992434591055,0.003180313855409622,-0.010502398945391178,-0.005802007392048836,0.329049495914118
2020-12-08,fold_6,COVID crash and V-recovery,-0.015133887529373169,-1,-0.022901127114892006,-1,0.022901127114892006,0.0746132882341044,,,,1,229.01127114892006,-0.0011309832334518433,-0.0032489225268363953,-0.015133887529373169,-2.4882146420684146
2020-12-09,fold_6,COVID crash and V-recovery,-0.004865064285695553,-1,0.004007569048553705,1,-0.004007569048553705,0.0706057191855507,,,,0,-40.07569048553705,-0.0021626166999340057,0.025136673822999,-0.004865064285695553,0.4120471886712415
2020-12-10,fold_6,COVID crash and V-recovery,-0.008075812831521034,-1,-0.0022169779986143112,-1,0.0022169779986143112,0.07282269718416501,,,,1,22.169779986143112,-0.002400856465101242,0.0276457741856575,-0.008075812831521034,-0.2632439802492302
2020-12-11,fold_6,COVID crash and V-recovery,-0.006858441978693008,-1,0.007229145150631666,1,-0.007229145150631666,0.06559355203353334,,,,0,-72.29145150631666,-0.005876630544662476,0.0268356055021286,-0.006858441978693008,0.8636478044932318
2020-12-14,fold_6,COVID crash and V-recovery,-0.007506802678108215,-1,0.01063246838748455,1,-0.01063246838748455,0.05496108364604879,,,,0,-106.3246838748455,-0.0034495294094085693,0.017734089866280556,-0.007506802678108215,1.2812665826263265
2020-12-15,fold_6,COVID crash and V-recovery,-0.01144435629248619,-1,0.0054844701662659645,1,-0.0054844701662659645,0.04947661347978283,,,,0,-54.844701662659645,-0.0029866360127925873,0.00981712993234396,-0.01144435629248619,0.6486281134756449
2020-12-16,fold_6,COVID crash and V-recovery,-0.0119708813726902,-1,0.006516668945550919,1,-0.006516668945550919,0.04295994453423191,,,,0,-65.16668945550919,0.005444511771202087,-0.0007163272821344435,-0.0119708813726902,0.7653729375236511
2020-12-17,fold_6,COVID crash and V-recovery,-0.014061378315091133,-1,-0.0030271466821432114,-1,0.0030271466821432114,0.04598709121637512,,,,1,30.271466821432114,0.007462788373231888,-0.002830306999385357,-0.014061378315091133,-0.3570831286606675
2020-12-18,fold_6,COVID crash and V-recovery,-0.004149626009166241,-1,-0.001872371882200241,-1,0.001872371882200241,0.04785946309857536,,,,1,18.72371882200241,0.010812558233737946,0.010225623846054077,-0.004149626009166241,-0.22493926581037224
2020-12-21,fold_6,COVID crash and V-recovery,-0.005014289170503616,-1,0.002715509617701173,1,-0.002715509617701173,0.04514395348087419,,,,0,-27.15509617701173,0.012141585350036621,0.01299302838742733,-0.005014289170503616,0.3314875297474319
2020-12-22,fold_6,COVID crash and V-recovery,-0.004960888996720314,-1,-0.005048987455666065,-1,0.005048987455666065,0.05019294093654025,,,,1,50.48987455666065,0.009019166231155396,0.010309210978448391,-0.004960888996720314,-0.6146537584216499
2020-12-23,fold_6,COVID crash and V-recovery,-0.0025059357285499573,-1,0.004402689635753632,1,-0.004402689635753632,0.04579025130078662,,,,0,-44.026896357536316,0.010999690741300583,0.017815537750720978,-0.0025059357285499573,0.5731001337807812
2020-12-24,fold_6,COVID crash and V-recovery,-0.0008051488548517227,-1,0.010028784163296223,1,-0.010028784163296223,0.0357614671374904,,,,0,-100.28784163296223,0.009970016777515411,-0.0008076458470895886,-0.0008051488548517227,1.3156138038421608
2020-12-28,fold_6,COVID crash and V-recovery,-0.0005144281312823296,-1,0.0008950326009653509,1,-0.0008950326009653509,0.03486643453652505,,,,0,-8.950326009653509,0.009717658162117004,-0.0026263040490448475,-0.0005144281312823296,0.11659180941941093
2020-12-29,fold_6,COVID crash and V-recovery,-0.0031076204031705856,-1,3.169193587382324e-05,1,-3.169193587382324e-05,0.034834742600651225,,,,0,-0.3169193587382324,0.010896097868680954,-0.017470380291342735,-0.0031076204031705856,0.004134245642294804
2020-12-30,fold_6,COVID crash and V-recovery,-0.0017868168652057648,-1,0.0024573400150984526,1,-0.0024573400150984526,0.03237740258555277,,,,0,-24.573400150984526,0.008219718933105469,0.00640215864405036,-0.0017868168652057648,0.34526923346710536
2024-05-17,fold_7,"Inflation bear, AI rally and 2025",0.00864904560148716,1,0.006948469206690788,1,0.006948469206690788,0.006948469206690788,,,,1,69.48469206690788,-0.0038116462528705597,0.013608839362859726,0.00864904560148716,0.6952125898010301
2024-05-20,fold_7,"Inflation bear, AI rally and 2025",0.006168946623802185,1,0.0019544712267816067,1,0.0019544712267816067,0.008902940433472395,,,,1,19.544712267816067,-0.011919988319277763,0.010431037284433842,0.006168946623802185,0.19813782720354398
2024-05-21,fold_7,"Inflation bear, AI rally and 2025",0.00929490476846695,1,-0.00019753658853005618,-1,-0.00019753658853005618,0.008705403844942339,,,,0,-1.9753658853005618,-0.012867191806435585,0.00140322744846344,0.00929490476846695,-0.02123648203471224
2024-05-22,fold_7,"Inflation bear, AI rally and 2025",0.007132356986403465,1,-0.0045085777528584,-1,-0.0045085777528584,0.004196826092083938,,,,0,-45.085777528584,-0.013833552598953247,-0.00917046144604683,0.007132356986403465,-0.4863059884639499
2024-05-23,fold_7,"Inflation bear, AI rally and 2025",0.001698785461485386,1,0.009412013925611973,1,0.009412013925611973,0.013608840017695911,,,,1,94.12013925611973,-0.0017184913158416748,-0.006523867137730122,0.001698785461485386,1.0161228281011665
2024-05-24,fold_7,"Inflation bear, AI rally and 2025",-0.00031182635575532913,-1,0.003770666429772973,1,-0.003770666429772973,0.009838173587922938,,,,0,-37.70666429772973,-0.0018266886472702026,-0.0105808787047863,-0.00031182635575532913,0.42558054147400476
2024-05-28,fold_7,"Inflation bear, AI rally and 2025",-0.006379458121955395,-1,-0.007073338143527508,-1,0.007073338143527508,0.016911511731450446,,,,1,70.73338143527508,0.0002155900001525879,-0.011618755757808685,-0.006379458121955395,-0.7989006844998127
2024-05-29,fold_7,"Inflation bear, AI rally and 2025",-0.010496662929654121,-1,-0.010771225206553936,-1,0.010771225206553936,0.027682736938004382,,,,1,107.71225206553936,0.0008492879569530487,0.015413827262818813,-0.010496662929654121,-1.3594968419813447
2024-05-30,fold_7,"Inflation bear, AI rally and 2025",-0.010178351774811745,-1,-0.0018619840266183019,-1,0.0018619840266183019,0.029544720964622684,,,,1,18.61984026618302,-0.0031599588692188263,0.02583981119096279,-0.010178351774811745,-0.2292967954822727
2024-05-31,fold_7,"Inflation bear, AI rally and 2025",-0.004464050754904747,-1,0.005355002358555794,1,-0.005355002358555794,0.02418971860606689,,,,0,-53.55002358555794,-0.004779186099767685,0.026816576719284058,-0.004464050754904747,0.7027090494998068
2024-06-03,fold_7,"Inflation bear, AI rally and 2025",-0.00076316948980093,-1,0.002732788911089301,1,-0.002732788911089301,0.02145692969497759,,,,0,-27.32788911089301,-0.000982474535703659,0.025492563843727112,-0.00076316948980093,0.43368193802744326
2024-06-04,fold_7,"Inflation bear, AI rally and 2025",0.0020083156414330006,1,0.01995924487709999,1,0.01995924487709999,0.04141617457207758,,,,1,199.5924487709999,0.0019486956298351288,0.02959909848868847,0.0020083156414330006,3.4156224962840676
2024-06-05,fold_7,"Inflation bear, AI rally and 2025",0.0004100683145225048,1,-0.0003452417440712452,-1,-0.0003452417440712452,0.041070932828006335,,,,0,-3.452417440712452,-0.0010941140353679657,0.022652629762887955,0.0004100683145225048,-0.04695363633241321
2024-06-06,fold_7,"Inflation bear, AI rally and 2025",-0.00098318699747324,-1,-0.0008852180326357484,-1,0.0008852180326357484,0.04195615086064208,,,,1,8.852180326357484,-0.0028875991702079773,0.028403399512171745,-0.00098318699747324,-0.12040439171168577
2024-06-07,fold_7,"Inflation bear, AI rally and 2025",-0.0004642512649297714,-1,0.004030989948660135,1,-0.004030989948660135,0.03792516091198195,,,,0,-40.30989948660135,0.007119748741388321,0.03445643186569214,-0.0004642512649297714,0.5492899450229848
2024-06-10,fold_7,"Inflation bear, AI rally and 2025",-0.002092045731842518,-1,0.006839322857558727,1,-0.006839322857558727,0.03108583805442322,,,,0,-68.39322857558727,0.002019047737121582,0.04260094463825226,-0.002092045731842518,0.9273771940684392
2024-06-11,fold_7,"Inflation bear, AI rally and 2025",-0.005624338984489441,-1,0.013012777082622051,1,-0.013012777082622051,0.01807306097180117,,,,0,-130.1277708262205,-0.0031932778656482697,0.03607082739472389,-0.005624338984489441,1.731768227856263
2024-06-12,fold_7,"Inflation bear, AI rally and 2025",-0.005822580307722092,-1,0.005405528470873833,1,-0.005405528470873833,0.012667532500927337,,,,0,-54.05528470873833,-0.004480753093957901,0.015320060774683952,-0.005822580307722092,0.6817164243853996
2024-06-13,fold_7,"Inflation bear, AI rally and 2025",-0.004476021975278854,-1,0.005167814902961254,1,-0.005167814902961254,0.007499717597966082,,,,0,-51.67814902961254,-0.004859056323766708,0.0072316755540668964,-0.004476021975278854,0.71453510413117
2024-06-14,fold_7,"Inflation bear, AI rally and 2025",-0.00377629604190588,-1,0.012175502255558968,1,-0.012175502255558968,-0.004675784657592885,,,,0,-121.75502255558968,-0.0015903487801551819,-0.009386073797941208,-0.00377629604190588,1.6655900350437747
2024-06-17,fold_7,"Inflation bear, AI rally and 2025",-0.0009515359997749329,-1,0.0003092046536039561,1,-0.0003092046536039561,-0.004984989311196841,,,,0,-3.092046536039561,-0.005805782973766327,-0.010190867818892002,-0.0009515359997749329,0.03964268442676233
2024-06-18,fold_7,"Inflation bear, AI rally and 2025",-0.0043626585975289345,-1,-0.007737989537417889,-1,0.007737989537417889,0.0027530002262210473,,,,1,77.37989537417889,-0.00241127610206604,-0.008436965756118298,-0.0043626585975289345,-1.0123242809306967
2024-06-20,fold_7,"Inflation bear, AI rally and 2025",-0.004252457991242409,-1,-0.002682856749743223,-1,0.002682856749743223,0.0054358569759642705,,,,1,26.828567497432232,-0.0006317645311355591,0.0018790541216731071,-0.004252457991242409,-0.34285804932426206
2024-06-21,fold_7,"Inflation bear, AI rally and 2025",-0.003723018802702427,-1,-0.011449933983385563,-1,0.011449933983385563,0.016885790959349833,,,,1,114.49933983385563,0.012682631611824036,-0.00064253801247105,-0.003723018802702427,-1.4589962236954837
2024-06-24,fold_7,"Inflation bear, AI rally and 2025",-0.001794641837477684,-1,0.011370707303285599,1,-0.011370707303285599,0.005515083656064235,,,,0,-113.70707303285599,0.01612137258052826,0.01665533147752285,-0.001794641837477684,1.387839319558593
2024-06-25,fold_7,"Inflation bear, AI rally and 2025",-0.005424057133495808,-1,0.002063107443973422,1,-0.002063107443973422,0.0034519762120908126,,,,0,-20.63107443973422,0.014946974813938141,0.015729578211903572,-0.005424057133495808,0.2480774401688555
2024-06-26,fold_7,"Inflation bear, AI rally and 2025",-0.006162987090647221,-1,0.0025780298747122288,1,-0.0025780298747122288,0.0008739463373785838,,,,0,-25.780298747122288,0.012967396527528763,0.021968942135572433,-0.006162987090647221,0.3111163482075264
2024-06-27,fold_7,"Inflation bear, AI rally and 2025",-0.007518059574067593,-1,-0.005204448942095041,-1,0.005204448942095041,0.006078395279473625,,,,1,52.04448942095041,0.012947581708431244,0.029763752594590187,-0.007518059574067593,-0.6382350260450105
2024-06-28,fold_7,"Inflation bear, AI rally and 2025",-0.0032747238874435425,-1,0.005847935099154711,1,-0.005847935099154711,0.00023046018031891435,,,,0,-58.47935099154711,0.019270077347755432,0.037343580275774,-0.0032747238874435425,0.7423997926176615
2024-07-01,fold_7,"Inflation bear, AI rally and 2025",-0.005977438762784004,-1,0.010444954968988895,1,-0.010444954968988895,-0.010214494788669981,,,,0,-104.44954968988895,0.00438389927148819,0.032359976321458817,-0.005977438762784004,1.3098751779381625
2024-07-02,fold_7,"Inflation bear, AI rally and 2025",-0.001978667452931404,-1,0.008302470669150352,1,-0.008302470669150352,-0.018516965457820334,,,,0,-83.02470669150352,0.00409187376499176,0.032287489622831345,-0.001978667452931404,1.0097531611324242
2024-07-03,fold_7,"Inflation bear, AI rally and 2025",-0.0005389014258980751,-1,0.010372839868068695,1,-0.010372839868068695,-0.02888980532588903,,,,0,-103.72839868068695,-0.0010561570525169373,0.0018107411451637745,-0.0005389014258980751,1.2338218881148515
2024-07-05,fold_7,"Inflation bear, AI rally and 2025",-0.0010115103796124458,-1,0.002375379903241992,1,-0.002375379903241992,-0.03126518522913102,,,,0,-23.75379903241992,-0.0025728046894073486,-0.0027043852023780346,-0.0010115103796124458,0.3170268540244118
2024-07-08,fold_7,"Inflation bear, AI rally and 2025",-0.00504800770431757,-1,0.0008643296314403415,1,-0.0008643296314403415,-0.03212951486057136,,,,0,-8.643296314403415,0.004877865314483643,-0.0023955574724823236,-0.00504800770431757,0.11507389364579725
2024-07-09,fold_7,"Inflation bear, AI rally and 2025",0.001643618568778038,1,0.010372469201683998,1,0.010372469201683998,-0.021757045658887364,,,,1,103.72469201683998,0.012141428887844086,-0.002877016318961978,0.001643618568778038,1.3809774385746778
2024-07-10,fold_7,"Inflation bear, AI rally and 2025",-0.003151065669953823,-1,-0.022174276411533356,-1,0.022174276411533356,0.00041723075264599174,,,,1,221.74276411533356,0.00822513923048973,-0.0430438406765461,-0.003151065669953823,-2.8395556157698416
2024-07-11,fold_7,"Inflation bear, AI rally and 2025",-0.0039117904379963875,-1,0.005857713054865599,1,-0.005857713054865599,-0.005440482302219607,,,,0,-58.57713054865599,0.01804877072572708,-0.025613289326429367,-0.0039117904379963875,0.6420877278904823
2024-07-12,fold_7,"Inflation bear, AI rally and 2025",-0.0020512547343969345,-1,0.002684207633137703,1,-0.002684207633137703,-0.00812468993535731,,,,0,-26.84207633137703,0.008527103811502457,-0.040374159812927246,-0.0020512547343969345,0.30693872466430683
2024-07-15,fold_7,"Inflation bear, AI rally and 2025",-0.008633166551589966,-1,0.00038287072675302625,1,-0.00038287072675302625,-0.008507560662110336,,,,0,-3.8287072675302625,0.01276329904794693,-0.028270574286580086,-0.008633166551589966,0.044099727267770325
2024-07-16,fold_7,"Inflation bear, AI rally and 2025",-0.0003575775772333145,-1,-0.02979435585439205,-1,0.02979435585439205,0.021286795192281716,,,,1,297.9435585439205,0.024237558245658875,-0.03218429908156395,-0.0003575775772333145,-3.462402666184191
2024-07-17,fold_7,"Inflation bear, AI rally and 2025",-0.0042015668004751205,-1,-0.004743724595755339,-1,0.004743724595755339,0.026030519788037054,,,,1,47.43724595755339,0.022662252187728882,-0.038919322192668915,-0.0042015668004751205,-0.45021193175523166
2024-07-18,fold_7,"Inflation bear, AI rally and 2025",-0.0057406676933169365,-1,-0.008903156965970993,-1,0.008903156965970993,0.03493367675400805,,,,1,89.03156965970993,0.018703363835811615,-0.045264601707458496,-0.0057406676933169365,-0.8407390180070969
2024-07-19,fold_7,"Inflation bear, AI rally and 2025",-0.00843806192278862,-1,0.014787793159484863,1,-0.014787793159484863,0.020145883594523184,,,,0,-147.87793159484863,0.012137722223997116,-0.026157695800065994,-0.00843806192278862,1.3904370170925573
2024-07-22,fold_7,"Inflation bear, AI rally and 2025",0.006760329008102417,1,-0.0035308548249304295,-1,-0.0035308548249304295,0.016615028769592755,,,,0,-35.308548249304295,0.010746408253908157,-0.038938675075769424,0.006760329008102417,-0.31748379855643816
2024-07-23,fold_7,"Inflation bear, AI rally and 2025",-0.0019200276583433151,-1,-0.03652937710285187,-1,0.03652937710285187,0.05314440587244462,,,,1,365.2937710285187,0.0007665902376174927,-0.049234386533498764,-0.0019200276583433151,-3.366324504216688
2024-07-24,fold_7,"Inflation bear, AI rally and 2025",0.0008034026250243187,1,-0.011089004576206207,-1,-0.011089004576206207,0.042055401296238415,,,,0,-110.89004576206207,0.020749881863594055,0.016459202393889427,0.0008034026250243187,-0.8311367073785129
2024-07-25,fold_7,"Inflation bear, AI rally and 2025",0.0016683684661984444,1,0.01020374707877636,1,0.01020374707877636,0.052259148375014775,,,,1,102.0374707877636,0.013127066195011139,0.003028667066246271,0.0016683684661984444,0.7523452168158241
2024-07-26,fold_7,"Inflation bear, AI rally and 2025",0.00257275253534317,1,0.0020068141166120768,1,0.0020068141166120768,0.05426596249162685,,,,1,20.068141166120768,0.006694842129945755,-0.031196199357509613,0.00257275253534317,0.14604485969080083
2024-07-29,fold_7,"Inflation bear, AI rally and 2025",0.006245533004403114,1,-0.013826565816998482,-1,-0.013826565816998482,0.04043939667462837,,,,0,-138.26565816998482,0.006168641149997711,-0.063472680747509,0.006245533004403114,-1.0093074248608767
2024-07-30,fold_7,"Inflation bear, AI rally and 2025",0.004543447867035866,1,0.029164211824536324,1,0.029164211824536324,0.06960360849916469,,,,1,291.64211824536324,0.0096406489610672,-0.04013648256659508,0.004543447867035866,2.085750291487153
2024-07-31,fold_7,"Inflation bear, AI rally and 2025",-0.002387210726737976,-1,-0.02451954036951065,-1,0.02451954036951065,0.09412314886867534,,,,1,245.1954036951065,-0.008125059306621552,-0.080189548432827,-0.002387210726737976,-1.6077581412371202
2024-08-01,fold_7,"Inflation bear, AI rally and 2025",0.00479982141405344,1,-0.024021118879318237,-1,-0.024021118879318237,0.0701020299893571,,,,0,-240.21118879318237,0.002239719033241272,-0.025537710636854172,0.00479982141405344,-1.4920247357675547
2024-08-02,fold_7,"Inflation bear, AI rally and 2025",0.008299874141812325,1,-0.030269667506217957,-1,-0.030269667506217957,0.03983236248313915,,,,0,-302.69667506217957,0.024693846702575684,0.0036923731677234173,0.008299874141812325,-1.8003931776647635
2024-08-05,fold_7,"Inflation bear, AI rally and 2025",0.005055893212556839,1,0.009509631432592869,1,0.009509631432592869,0.04934199391573202,,,,1,95.09631432592869,0.02738741785287857,0.03611313924193382,0.005055893212556839,0.524920691891243
2024-08-06,fold_7,"Inflation bear, AI rally and 2025",0.0009569711983203888,1,-0.01088885311037302,-1,-0.01088885311037302,0.038453140805359,,,,0,-108.8885311037302,0.029433704912662506,0.05111347883939743,0.0009569711983203888,-0.5969875219152809
2024-08-07,fold_7,"Inflation bear, AI rally and 2025",-0.0015990287065505981,-1,0.030132297426462173,1,-0.030132297426462173,0.008320843378896825,,,,0,-301.32297426462173,0.019307836890220642,0.062326643615961075,-0.0015990287065505981,1.6506589822195037
2024-08-08,fold_7,"Inflation bear, AI rally and 2025",0.0049712881445884705,1,0.005208965390920639,1,0.005208965390920639,0.013529808769817464,,,,1,52.08965390920639,0.010873101651668549,0.05714362487196922,0.0049712881445884705,0.2768349311927352
2024-08-09,fold_7,"Inflation bear, AI rally and 2025",0.0011691069230437279,1,0.0021510969381779432,1,0.0021510969381779432,0.015680905707995407,,,,1,21.510969381779432,0.0003410838544368744,0.05321963131427765,0.0011691069230437279,0.1143798882170997
2024-08-12,fold_7,"Inflation bear, AI rally and 2025",-0.0002527376636862755,-1,0.02450997196137905,1,-0.02450997196137905,-0.008829066253383644,,,,0,-245.0997196137905,0.0006716139614582062,0.06411891430616379,-0.0002527376636862755,1.303501943679819
2024-08-13,fold_7,"Inflation bear, AI rally and 2025",-0.011865653097629547,-1,0.00032431332510896027,1,-0.00032431332510896027,-0.009153379578492604,,,,0,-3.2431332510896027,-0.0045166015625,0.03750813379883766,-0.011865653097629547,0.01655891126018704
2024-08-14,fold_7,"Inflation bear, AI rally and 2025",-0.011356478556990623,-1,0.024949276819825172,1,-0.024949276819825172,-0.03410265639831778,,,,0,-249.49276819825172,-0.0011755451560020447,0.041837096214294434,-0.011356478556990623,1.3546411923098562
2024-08-15,fold_7,"Inflation bear, AI rally and 2025",-0.00906059704720974,-1,0.0012849696213379502,1,-0.0012849696213379502,-0.03538762601965573,,,,0,-12.849696213379502,-0.001848079264163971,0.0009060029406100512,-0.00906059704720974,0.0668740747706282
2024-08-16,fold_7,"Inflation bear, AI rally and 2025",-0.0075566936284303665,-1,0.0130503810942173,1,-0.0130503810942173,-0.04843800711387303,,,,0,-130.503810942173,-0.003949690610170364,0.010408023372292519,-0.0075566936284303665,0.6827829402239022
2024-08-19,fold_7,"Inflation bear, AI rally and 2025",-0.01009858213365078,-1,-0.002100807148963213,-1,0.002100807148963213,-0.046337199964909814,,,,1,21.00807148963213,-0.00475764274597168,-0.012398049235343933,-0.01009858213365078,-0.11027773996348064
2024-08-20,fold_7,"Inflation bear, AI rally and 2025",-0.011261563748121262,-1,0.004653274081647396,1,-0.004653274081647396,-0.05099047404655721,,,,0,-46.53274081647396,0.0016163475811481476,-0.007314376067370176,-0.011261563748121262,0.2444000893406978
2024-08-21,fold_7,"Inflation bear, AI rally and 2025",-0.010796837508678436,-1,-0.01598181575536728,-1,0.01598181575536728,-0.03500865829118993,,,,1,159.8181575536728,-0.001940656453371048,-0.023379897698760033,-0.010796837508678436,-0.9275646245457356
2024-08-22,fold_7,"Inflation bear, AI rally and 2025",-0.01213863119482994,-1,0.010786990635097027,1,-0.010786990635097027,-0.04579564892628696,,,,0,-107.86990635097027,0.0013519003987312317,-0.008863111026585102,-0.01213863119482994,0.6191949924164502
2024-08-23,fold_7,"Inflation bear, AI rally and 2025",-0.005023662932217121,-1,-0.009755691513419151,-1,0.009755691513419151,-0.03603995741286781,,,,1,97.55691513419151,-0.00454537570476532,-0.007801180239766836,-0.005023662932217121,-0.559432470656507
2024-08-26,fold_7,"Inflation bear, AI rally and 2025",-0.007358793169260025,-1,0.0029828662518411875,1,-0.0029828662518411875,-0.039022823664708994,,,,0,-29.828662518411875,-0.007776398211717606,-0.028876792639493942,-0.007358793169260025,0.16978265810020524
2024-08-27,fold_7,"Inflation bear, AI rally and 2025",-0.0012045754119753838,-1,-0.011412248015403748,-1,0.011412248015403748,-0.027610575649305247,,,,1,114.12248015403748,-0.003685876727104187,-0.03446156159043312,-0.0012045754119753838,-0.659384942491126
2024-08-28,fold_7,"Inflation bear, AI rally and 2025",-0.002434993162751198,-1,-0.0014650279190391302,-1,0.0014650279190391302,-0.026145547730266117,,,,1,14.650279190391302,-0.0036986172199249268,-0.02211609296500683,-0.002434993162751198,-0.0902464387601881
2024-08-29,fold_7,"Inflation bear, AI rally and 2025",-0.003317778930068016,-1,0.011848920956254005,1,-0.011848920956254005,-0.03799446868652012,,,,0,-118.48920956254005,-0.007712148129940033,-0.04780372232198715,-0.003317778930068016,0.7752877777932282
2024-08-30,fold_7,"Inflation bear, AI rally and 2025",-0.0031579677015542984,-1,-0.03083130531013012,-1,0.03083130531013012,-0.007163163376390003,,,,1,308.3130531013012,-0.013058602809906006,-0.046875014901161194,-0.0031579677015542984,-2.118767250124786
2024-09-03,fold_7,"Inflation bear, AI rally and 2025",-0.001937604509294033,-1,-0.0026019022334367037,-1,0.0026019022334367037,-0.004561261142953299,,,,1,26.019022334367037,-0.008464865386486053,-0.006844343151897192,-0.001937604509294033,-0.17808602031578946
2024-09-04,fold_7,"Inflation bear, AI rally and 2025",-0.0077150315046310425,-1,0.0009332209010608494,1,-0.0009332209010608494,-0.005494482044014148,,,,0,-9.332209010608494,-0.016442347317934036,0.017240503802895546,-0.0077150315046310425,0.06450909024050137
2024-09-05,fold_7,"Inflation bear, AI rally and 2025",-0.006904421374201775,-1,-0.02715265564620495,-1,0.02715265564620495,0.0216581736021908,,,,1,271.5265564620495,-0.020564164966344833,0.026075517758727074,-0.006904421374201775,-1.9038919504433214
2024-09-06,fold_7,"Inflation bear, AI rally and 2025",-0.005429252982139587,-1,0.012777626514434814,1,-0.012777626514434814,0.008880547087755986,,,,0,-127.77626514434814,-0.01897088810801506,0.05769813060760498,-0.005429252982139587,0.9153524726053623
2024-09-09,fold_7,"Inflation bear, AI rally and 2025",-0.009904995560646057,-1,0.009199365973472595,1,-0.009199365973472595,-0.00031881888571660966,,,,0,-91.99365973472595,-0.019562233239412308,0.040492791682481766,-0.009904995560646057,0.6477990684838638
2024-09-10,fold_7,"Inflation bear, AI rally and 2025",-0.009599506855010986,-1,0.02148294448852539,1,-0.02148294448852539,-0.021801763374242,,,,0,-214.8294448852539,-0.024518629536032677,0.03182163089513779,-0.009599506855010986,1.4979981112463576
2024-09-11,fold_7,"Inflation bear, AI rally and 2025",-0.012104015797376633,-1,0.009768233634531498,1,-0.009768233634531498,-0.0315699970087735,,,,0,-97.68233634531498,-0.022027859464287758,0.005999751389026642,-0.012104015797376633,0.6929635978910342
2024-09-12,fold_7,"Inflation bear, AI rally and 2025",-0.00937708094716072,-1,0.004469958133995533,1,-0.004469958133995533,-0.03603995514276903,,,,0,-44.69958133995533,-0.024881813675165176,0.02120135724544525,-0.00937708094716072,0.31336561528243373
2024-09-13,fold_7,"Inflation bear, AI rally and 2025",-0.011390507221221924,-1,-0.004427712876349688,-1,0.004427712876349688,-0.031612242266419344,,,,1,44.277128763496876,-0.025970015674829483,0.014826271682977676,-0.011390507221221924,-0.3362951999478053
2024-09-16,fold_7,"Inflation bear, AI rally and 2025",-0.0067756157368421555,-1,0.0005282060010358691,1,-0.0005282060010358691,-0.03214044826745521,,,,0,-5.282060010358691,-0.027421817183494568,0.021901145577430725,-0.0067756157368421555,0.04001501336320814
2024-09-17,fold_7,"Inflation bear, AI rally and 2025",-0.008697759360074997,-1,-0.0043389336206018925,-1,0.0043389336206018925,-0.02780151464685332,,,,1,43.389336206018925,-0.03021293506026268,0.026184871792793274,-0.008697759360074997,-0.33702704962507524
2024-09-18,fold_7,"Inflation bear, AI rally and 2025",-0.005805864930152893,-1,0.024969838559627533,1,-0.024969838559627533,-0.05277135320648085,,,,0,-249.69838559627533,-0.02426634170114994,0.031450558453798294,-0.005805864930152893,1.9353316350330982
2024-09-19,fold_7,"Inflation bear, AI rally and 2025",-0.009060116484761238,-1,-0.001905126846395433,-1,0.001905126846395433,-0.05086622636008542,,,,1,19.05126846395433,-0.026903990656137466,0.013965615071356297,-0.009060116484761238,-0.13588783905280025
2024-09-20,fold_7,"Inflation bear, AI rally and 2025",-0.011263418942689896,-1,0.00264716031961143,1,-0.00264716031961143,-0.05351338667969685,,,,0,-26.4716031961143,-0.023295598104596138,0.010298335924744606,-0.011263418942689896,0.19516890485055438
2024-09-23,fold_7,"Inflation bear, AI rally and 2025",-0.009998109191656113,-1,0.004811933264136314,1,-0.004811933264136314,-0.058325319943833165,,,,0,-48.119332641363144,-0.01611577719449997,0.010359362699091434,-0.009998109191656113,0.3601650575373757
2024-09-24,fold_7,"Inflation bear, AI rally and 2025",-0.009975248947739601,-1,0.000926753506064415,1,-0.000926753506064415,-0.05925207344989758,,,,0,-9.26753506064415,-0.010187936946749687,-0.00848300475627184,-0.009975248947739601,0.07007636915393543
2024-09-25,fold_7,"Inflation bear, AI rally and 2025",-0.006345991976559162,-1,0.007484894711524248,1,-0.007484894711524248,-0.06673696816142183,,,,0,-74.84894711524248,-0.012611433863639832,-0.0079979058355093,-0.006345991976559162,0.5666209948426726
2024-09-26,fold_7,"Inflation bear, AI rally and 2025",-0.006156591698527336,-1,-0.005572405643761158,-1,0.005572405643761158,-0.06116456251766067,,,,1,55.72405643761158,-0.007506862282752991,-0.01623002626001835,-0.006156591698527336,-0.42640010528638966
2024-09-27,fold_7,"Inflation bear, AI rally and 2025",0.004631680436432362,1,0.002708186861127615,1,0.002708186861127615,-0.058456375656533055,,,,1,27.08186861127615,0.000981118530035019,0.0011703327763825655,0.004631680436432362,0.20635895787142886
2024-09-30,fold_7,"Inflation bear, AI rally and 2025",0.014001986011862755,1,-0.01403043419122696,-1,-0.01403043419122696,-0.07248680984776001,,,,0,-140.3043419122696,0.008053626865148544,-0.01230729091912508,0.014001986011862755,-1.0903610458416224
2024-10-01,fold_7,"Inflation bear, AI rally and 2025",0.01800927333533764,1,0.0014118520775809884,1,0.0014118520775809884,-0.07107495777017903,,,,1,14.118520775809884,0.010285753756761551,0.01654731296002865,0.01800927333533764,0.12484405696456018
2024-10-02,fold_7,"Inflation bear, AI rally and 2025",0.021955545991659164,1,-0.0007472253055311739,-1,-0.0007472253055311739,-0.0718221830757102,,,,0,-7.4722530553117394,0.016571994870901108,0.022973094135522842,0.021955545991659164,-0.06613572954546378
2024-10-03,fold_7,"Inflation bear, AI rally and 2025",0.0083449212834239,1,0.011827953159809113,1,0.011827953159809113,-0.05999422991590109,,,,1,118.27953159809113,0.012891549617052078,0.022584062069654465,0.0083449212834239,1.0469375004229724
2024-10-04,fold_7,"Inflation bear, AI rally and 2025",0.002554928883910179,1,-0.010769437067210674,-1,-0.010769437067210674,-0.07076366698311176,,,,0,-107.69437067210674,-0.015123259276151657,0.012317989021539688,0.002554928883910179,-1.0891617760661183
2024-10-07,fold_7,"Inflation bear, AI rally and 2025",0.011199217289686203,1,0.014824170619249344,1,0.014824170619249344,-0.05593949636386242,,,,1,148.24170619249344,-0.01362244039773941,0.03144397586584091,0.011199217289686203,1.5176988523165102
2024-10-08,fold_7,"Inflation bear, AI rally and 2025",-0.00028971582651138306,-1,0.007837631739675999,1,-0.007837631739675999,-0.06377712810353842,,,,0,-78.37631739675999,-0.016432607546448708,0.0031628955621272326,-0.00028971582651138306,0.7754292898477891
2024-10-09,fold_7,"Inflation bear, AI rally and 2025",-0.005912215448915958,-1,-0.0011362562654539943,-1,0.0011362562654539943,-0.06264087183808442,,,,1,11.362562654539943,-0.030668970197439194,-0.004552541300654411,-0.005912215448915958,-0.1253588476074635
2024-10-10,fold_7,"Inflation bear, AI rally and 2025",0.005590920336544514,1,0.001561879413202405,1,0.001561879413202405,-0.06107899242488202,,,,1,15.61879413202405,-0.017244668677449226,-0.0027240037452429533,0.005590920336544514,0.17747454318489056
2024-10-11,fold_7,"Inflation bear, AI rally and 2025",0.0021857917308807373,1,0.008356551639735699,1,0.008356551639735699,-0.05272244078514632,,,,1,83.56551639735699,-0.013288142159581184,0.002247402211651206,0.0021857917308807373,0.9549677424647902
2024-10-14,fold_7,"Inflation bear, AI rally and 2025",5.618203431367874e-05,1,-0.013456911779940128,-1,-0.013456911779940128,-0.06617935256508645,,,,0,-134.56911779940128,-0.007530488073825836,-0.004189664032310247,5.618203431367874e-05,-1.5132110812818254
2024-10-15,fold_7,"Inflation bear, AI rally and 2025",-0.006422799080610275,-1,0.0001221949642058462,1,-0.0001221949642058462,-0.06630154752929229,,,,0,-1.221949642058462,-0.0017041601240634918,0.010356641374528408,-0.006422799080610275,0.013016782504661328
2024-10-16,fold_7,"Inflation bear, AI rally and 2025",-0.008764959871768951,-1,0.0006922814645804465,1,-0.0006922814645804465,-0.06699382899387274,,,,0,-6.922814645804465,-0.00807996466755867,-0.005208073649555445,-0.008764959871768951,0.07414180294465159
2024-10-17,fold_7,"Inflation bear, AI rally and 2025",-0.005079235881567001,-1,0.006533285602927208,1,-0.006533285602927208,-0.07352711459679995,,,,0,-65.33285602927208,-0.0015953518450260162,0.002175822388380766,-0.005079235881567001,0.8727836942491176
2024-10-18,fold_7,"Inflation bear, AI rally and 2025",0.000242697075009346,1,0.0019194857450202107,1,0.0019194857450202107,-0.07160762885177974,,,,1,19.194857450202107,-0.010177366435527802,0.0017176733817905188,0.000242697075009346,0.2520701414263569
2024-10-21,fold_7,"Inflation bear, AI rally and 2025",2.2095628082752228e-05,1,0.0010893935104832053,1,0.0010893935104832053,-0.07051823534129653,,,,1,10.893935104832053,-0.0113811194896698,-4.0421302401227877e-05,2.2095628082752228e-05,0.1432664185763382
2024-10-22,fold_7,"Inflation bear, AI rally and 2025",-0.0031358562409877777,-1,-0.015442520380020142,-1,0.015442520380020142,-0.05507571496127639,,,,1,154.42520380020142,-0.009469594806432724,0.008432736620306969,-0.0031358562409877777,-2.05041872134211
2024-10-23,fold_7,"Inflation bear, AI rally and 2025",0.00023700296878814697,1,0.008076177909970284,1,0.008076177909970284,-0.046999537051306106,,,,1,80.76177909970284,-0.022394953295588493,0.016289012506604195,0.00023700296878814697,0.975069619641989
2024-10-24,fold_7,"Inflation bear, AI rally and 2025",-0.00044003967195749283,-1,0.006075136363506317,1,-0.006075136363506317,-0.05307467341481242,,,,0,-60.75136363506317,-0.02435074746608734,-0.01735398918390274,-0.00044003967195749283,0.7310287339358255
2024-10-25,fold_7,"Inflation bear, AI rally and 2025",-0.011379484087228775,-1,0.00016139104263857007,1,-0.00016139104263857007,-0.05323606445745099,,,,0,-1.6139104263857007,-0.032749272882938385,-0.016057491302490234,-0.011379484087228775,0.019379350634746075
2024-10-28,fold_7,"Inflation bear, AI rally and 2025",-0.002692459151148796,-1,0.00956255104392767,1,-0.00956255104392767,-0.06279861550137866,,,,0,-95.6255104392767,-0.019772006198763847,-0.019136182963848114,-0.002692459151148796,1.1512792631994628
2024-10-29,fold_7,"Inflation bear, AI rally and 2025",-0.006382046267390251,-1,-0.007586243096739054,-1,0.007586243096739054,-0.05521237240463961,,,,1,75.86243096739054,-0.016824841499328613,-0.016022659838199615,-0.006382046267390251,-0.9503655323814653
2024-10-30,fold_7,"Inflation bear, AI rally and 2025",-0.0063698142766952515,-1,-0.02556682378053665,-1,0.02556682378053665,-0.029645548624102958,,,,1,255.66823780536652,-0.013774216175079346,0.018364498391747475,-0.0063698142766952515,-3.135267415563969
2024-10-31,fold_7,"Inflation bear, AI rally and 2025",-0.00011281529441475868,-1,0.007371632847934961,1,-0.007371632847934961,-0.03701718147203792,,,,0,-73.71632847934961,0.004089951515197754,0.05955290049314499,-0.00011281529441475868,0.7403067553257175
2024-11-01,fold_7,"Inflation bear, AI rally and 2025",0.008723650127649307,1,-0.0029172992799431086,-1,-0.0029172992799431086,-0.03993448075198103,,,,0,-29.172992799431086,-0.0017560459673404694,0.05334897339344025,0.008723650127649307,-0.29950634869518994
2024-11-04,fold_7,"Inflation bear, AI rally and 2025",-0.008175089955329895,-1,0.012676074169576168,1,-0.012676074169576168,-0.052610554921557195,,,,0,-126.76074169576168,0.0007587149739265442,0.055682770907878876,-0.008175089955329895,1.3398945483494553
2024-11-05,fold_7,"Inflation bear, AI rally and 2025",-0.00014660321176052094,-1,0.026800915598869324,1,-0.026800915598869324,-0.07941147052042652,,,,0,-268.00915598869324,0.012494698166847229,0.04119488596916199,-0.00014660321176052094,2.8808626073089583
2024-11-06,fold_7,"Inflation bear, AI rally and 2025",-0.012528883293271065,-1,0.015621576458215714,1,-0.015621576458215714,-0.09503304697864223,,,,0,-156.21576458215714,-0.005466427654027939,0.01310655102133751,-0.012528883293271065,1.4296840550942842
2024-11-07,fold_7,"Inflation bear, AI rally and 2025",-0.004057827405631542,-1,0.0011677085421979427,1,-0.0011677085421979427,-0.09620075552084018,,,,0,-11.677085421979427,-0.006900399923324585,-0.00948903989046812,-0.004057827405631542,0.10181834569816123
2024-11-08,fold_7,"Inflation bear, AI rally and 2025",-0.0031984010711312294,-1,-0.0005835042102262378,-1,0.0005835042102262378,-0.09561725131061394,,,,1,5.835042102262378,-0.009362779557704926,-0.034771133214235306,-0.0031984010711312294,-0.05088905969453027
2024-11-11,fold_7,"Inflation bear, AI rally and 2025",0.0005037682130932808,1,-0.0018118094885721803,-1,-0.0018118094885721803,-0.09742906079918612,,,,0,-18.118094885721803,-0.01669919304549694,-0.02726396732032299,0.0005037682130932808,-0.16014334393689053
2024-11-12,fold_7,"Inflation bear, AI rally and 2025",-0.008796311914920807,-1,-0.0012874208623543382,-1,0.0012874208623543382,-0.09614163993683178,,,,1,12.874208623543382,-0.01355491392314434,-0.018596025183796883,-0.008796311914920807,-0.11796369941144873
2024-11-13,fold_7,"Inflation bear, AI rally and 2025",-0.00888361781835556,-1,-0.006974013987928629,-1,0.006974013987928629,-0.08916762594890315,,,,1,69.74013987928629,-0.022915668785572052,-0.01788480579853058,-0.00888361781835556,-0.6387942340020782
2024-11-14,fold_7,"Inflation bear, AI rally and 2025",-0.006215790286660194,-1,-0.02411438338458538,-1,0.02411438338458538,-0.06505324256431777,,,,1,241.1438338458538,-0.012555524706840515,-0.00732002779841423,-0.006215790286660194,-2.1868111876517204
2024-11-15,fold_7,"Inflation bear, AI rally and 2025",0.002806269098073244,1,0.006923658773303032,1,0.006923658773303032,-0.05812958379101474,,,,1,69.23658773303032,-0.005650140345096588,0.018397189676761627,0.002806269098073244,0.5680860031384004
2024-11-18,fold_7,"Inflation bear, AI rally and 2025",0.007890980690717697,1,0.006856133230030537,1,0.006856133230030537,-0.0512734505609842,,,,1,68.56133230030537,-0.0014909841120243073,0.01305388379842043,0.007890980690717697,0.558401971919163
2024-11-19,fold_7,"Inflation bear, AI rally and 2025",0.013717271387577057,1,-0.0005762007203884423,-1,-0.0005762007203884423,-0.051849651281372644,,,,0,-5.762007203884423,-0.005264159291982651,0.01155262440443039,0.013717271387577057,-0.046576442710721276
2024-11-20,fold_7,"Inflation bear, AI rally and 2025",-0.0006889039650559425,-1,0.0035907637793570757,1,-0.0035907637793570757,-0.05544041506072972,,,,0,-35.90763779357076,0.0012441612780094147,0.0042242552153766155,-0.0006889039650559425,0.30225052300490235
2024-11-21,fold_7,"Inflation bear, AI rally and 2025",0.0028632162138819695,1,0.0016028343234211206,1,0.0016028343234211206,-0.0538375807373086,,,,1,16.028343234211206,0.002827819436788559,0.00938198808580637,0.0028632162138819695,0.1361859766994263
2024-11-22,fold_7,"Inflation bear, AI rally and 2025",0.003086569719016552,1,0.0015803531277924776,1,0.0015803531277924776,-0.05225722760951612,,,,1,15.803531277924776,-0.005792081356048584,0.01860809698700905,0.003086569719016552,0.13511581519797833
2024-11-25,fold_7,"Inflation bear, AI rally and 2025",-0.00816868245601654,-1,0.0053548733703792095,1,-0.0053548733703792095,-0.05761210097989533,,,,0,-53.548733703792095,-0.0059317126870155334,0.020089376717805862,-0.00816868245601654,0.457620211764222
2024-11-26,fold_7,"Inflation bear, AI rally and 2025",0.0021263277158141136,1,-0.007904569618403912,-1,-0.007904569618403912,-0.06551667059829924,,,,0,-79.04569618403912,0.013124655932188034,0.027021605521440506,0.0021263277158141136,-0.6833908702918953
2024-11-27,fold_7,"Inflation bear, AI rally and 2025",-0.001678328961133957,-1,0.008748495951294899,1,-0.008748495951294899,-0.07426516654959414,,,,0,-87.48495951294899,0.008073091506958008,0.03215114027261734,-0.001678328961133957,0.7556567176370566
2024-11-29,fold_7,"Inflation bear, AI rally and 2025",0.0003186240792274475,1,0.010828942991793156,1,0.010828942991793156,-0.06343622355780099,,,,1,108.28942991793156,0.01739887148141861,0.03231269493699074,0.0003186240792274475,1.055899376910174
2024-12-02,fold_7,"Inflation bear, AI rally and 2025",0.005781789310276508,1,0.003061633324250579,1,0.003061633324250579,-0.06037459023355041,,,,1,30.61633324250579,0.012976054102182388,0.013665560632944107,0.005781789310276508,0.29416382393420215
2024-12-03,fold_7,"Inflation bear, AI rally and 2025",0.007520982995629311,1,0.01228710263967514,1,0.01228710263967514,-0.04808748759387527,,,,1,122.8710263967514,0.006041370332241058,0.007190646603703499,0.007520982995629311,1.180318253081192
2024-12-04,fold_7,"Inflation bear, AI rally and 2025",0.018516704440116882,1,-0.0027750355657190084,-1,-0.0027750355657190084,-0.050862523159594275,,,,0,-27.750355657190084,0.0023648031055927277,0.012647631578147411,0.018516704440116882,-0.2671733985316268
2024-12-05,fold_7,"Inflation bear, AI rally and 2025",0.00569185521453619,1,0.008910051546990871,1,0.008910051546990871,-0.041952471612603404,,,,1,89.10051546990871,-0.0020202361047267914,0.008947910740971565,0.00569185521453619,1.0474948066388639
2024-12-06,fold_7,"Inflation bear, AI rally and 2025",0.0061994027346372604,1,-0.007818191312253475,-1,-0.007818191312253475,-0.04977066292485688,,,,0,-78.18191312253475,-0.008610114455223083,0.007663036696612835,0.0061994027346372604,-0.9763530416449152
2024-12-09,fold_7,"Inflation bear, AI rally and 2025",0.004224346950650215,1,-0.0034132804721593857,-1,-0.0034132804721593857,-0.053183943397016264,,,,0,-34.13280472159386,-0.007279686629772186,0.029779212549328804,0.004224346950650215,-0.41666036610704454
2024-12-10,fold_7,"Inflation bear, AI rally and 2025",-0.005417968146502972,-1,0.017744088545441628,1,-0.017744088545441628,-0.07092803194245789,,,,0,-177.44088545441628,-0.001263834536075592,0.028778880834579468,-0.005417968146502972,2.1569583437642637
2024-12-11,fold_7,"Inflation bear, AI rally and 2025",-0.011120796203613281,-1,-0.006474756635725498,-1,0.006474756635725498,-0.0644532753067324,,,,1,64.74756635725498,-0.007013574242591858,-0.025708824396133423,-0.011120796203613281,-0.7096169509710132
2024-12-12,fold_7,"Inflation bear, AI rally and 2025",-0.010814551264047623,-1,0.007625177036970854,1,-0.007625177036970854,-0.07207845234370325,,,,0,-76.25177036970854,0.012762166559696198,-0.023697493597865105,-0.010814551264047623,0.8257751735954242
2024-12-13,fold_7,"Inflation bear, AI rally and 2025",-0.012004707008600235,-1,0.01429798360913992,1,-0.01429798360913992,-0.08637643595284317,,,,0,-142.9798360913992,0.00972604751586914,-0.022628068923950195,-0.012004707008600235,1.5441146298969766
2024-12-16,fold_7,"Inflation bear, AI rally and 2025",-0.012399028986692429,-1,-0.004413610324263573,-1,0.004413610324263573,-0.0819628256285796,,,,1,44.13610324263573,0.019189316779375076,-0.02723037078976631,-0.012399028986692429,-0.5396602766272658
2024-12-17,fold_7,"Inflation bear, AI rally and 2025",-0.0189085453748703,-1,-0.03674361854791641,-1,0.03674361854791641,-0.04521920708066318,,,,1,367.4361854791641,0.013088058680295944,-0.00934807863086462,-0.0189085453748703,-4.541270883179465
2024-12-18,fold_7,"Inflation bear, AI rally and 2025",-0.01103808730840683,-1,-0.004463426768779755,-1,0.004463426768779755,-0.04075578031188343,,,,1,44.634267687797546,0.025391370058059692,0.026716021820902824,-0.01103808730840683,-0.39053926853043847
2024-12-19,fold_7,"Inflation bear, AI rally and 2025",-0.011106543242931366,-1,0.00869460217654705,1,-0.00869460217654705,-0.04945038248843048,,,,0,-86.9460217654705,0.03218362480401993,0.017797116190195084,-0.011106543242931366,0.7579205871356646
2024-12-20,fold_7,"Inflation bear, AI rally and 2025",-0.0077859098091721535,-1,0.009695682674646378,1,-0.009695682674646378,-0.059146065163076855,,,,0,-96.95682674646378,0.025133177638053894,-0.004286685958504677,-0.0077859098091721535,0.8352949709807537
2024-12-23,fold_7,"Inflation bear, AI rally and 2025",-0.001024794764816761,-1,0.013468680903315544,1,-0.013468680903315544,-0.0726147460663924,,,,0,-134.68680903315544,0.025460340082645416,-0.02251328155398369,-0.001024794764816761,1.1411439948871818
2024-12-24,fold_7,"Inflation bear, AI rally and 2025",-0.006853146478533745,-1,-0.000679517223034054,-1,0.000679517223034054,-0.07193522884335835,,,,1,6.79517223034054,0.020715996623039246,-0.03793996945023537,-0.006853146478533745,-0.05580862951838488
2024-12-26,fold_7,"Inflation bear, AI rally and 2025",-0.009733127430081367,-1,-0.01338233333081007,-1,0.01338233333081007,-0.058552895512548275,,,,1,133.8233333081007,0.01608862727880478,-0.02102765068411827,-0.009733127430081367,-1.104355311002339
2024-12-27,fold_7,"Inflation bear, AI rally and 2025",-0.01224065013229847,-1,-0.013389199040830135,-1,0.013389199040830135,-0.04516369647171814,,,,1,133.89199040830135,0.008410468697547913,0.0037819980643689632,-0.01224065013229847,-1.0836190505276386
2024-12-30,fold_7,"Inflation bear, AI rally and 2025",-0.0016302037984132767,-1,-0.008530912920832634,-1,0.008530912920832634,-0.036632783550885506,,,,1,85.30912920832634,0.005436323583126068,-0.0008342231158167124,-0.0016302037984132767,-0.6790967534261981
2024-12-31,fold_7,"Inflation bear, AI rally and 2025",-0.0027672024443745613,-1,-0.001958006527274847,-1,0.001958006527274847,-0.03467477702361066,,,,1,19.58006527274847,0.006556402891874313,0.007871338166296482,-0.0027672024443745613,-0.15697591873959477
2025-01-02,fold_7,"Inflation bear, AI rally and 2025",0.00028826622292399406,1,0.016232801601290703,1,0.016232801601290703,-0.018441975422319956,,,,1,162.32801601290703,-0.001460842788219452,-0.005975963082164526,0.00028826622292399406,1.302564693849145
2025-01-03,fold_7,"Inflation bear, AI rally and 2025",-0.008561747148633003,-1,0.011427314952015877,1,-0.011427314952015877,-0.029869290374335833,,,,0,-114.27314952015877,-0.004752002656459808,-0.025427700951695442,-0.008561747148633003,0.9007871628095191
2025-01-06,fold_7,"Inflation bear, AI rally and 2025",-0.004434083588421345,-1,-0.01800542138516903,-1,0.01800542138516903,-0.011863868989166804,,,,1,180.0542138516903,0.005534365773200989,-0.037804875522851944,-0.004434083588421345,-1.3929812999224083
2025-01-07,fold_7,"Inflation bear, AI rally and 2025",-0.002822352573275566,-1,0.00017464857955928892,1,-0.00017464857955928892,-0.012038517568726093,,,,0,-1.7464857955928892,0.009168539196252823,0.0029459847137331963,-0.002822352573275566,0.013042302412667819
2025-01-08,fold_7,"Inflation bear, AI rally and 2025",-0.014629296958446503,-1,-0.015805307775735855,-1,0.015805307775735855,0.0037667902070097625,,,,1,158.05307775735855,0.0035726912319660187,-0.004259203560650349,-0.014629296958446503,-1.1904829162064468
2025-01-10,fold_7,"Inflation bear, AI rally and 2025",-0.010934166610240936,-1,-0.0032189367339015007,-1,0.0032189367339015007,0.006985726940911263,,,,1,32.18936733901501,0.008287772536277771,0.028283799067139626,-0.010934166610240936,-0.23465888856546038
2025-01-13,fold_7,"Inflation bear, AI rally and 2025",-0.005199756473302841,-1,-0.0009498588042333722,-1,0.0009498588042333722,0.007935585745144635,,,,1,9.498588042333722,0.0070843808352947235,0.03735056519508362,-0.005199756473302841,-0.07222777190658458
2025-01-14,fold_7,"Inflation bear, AI rally and 2025",0.0018019229173660278,1,0.022745439782738686,1,0.022745439782738686,0.03068102552788332,,,,1,227.45439782738686,0.002787955105304718,0.05100506544113159,0.0018019229173660278,1.7399232613692317
2025-01-15,fold_7,"Inflation bear, AI rally and 2025",-0.0003082938492298126,-1,-0.007030539680272341,-1,0.007030539680272341,0.03771156520815566,,,,1,70.30539680272341,-0.0006189979612827301,0.030383583158254623,-0.0003082938492298126,-0.5049517597581288
2025-01-16,fold_7,"Inflation bear, AI rally and 2025",-0.007290416397154331,-1,0.016737693920731544,1,-0.016737693920731544,0.020973871287424117,,,,0,-167.37693920731544,0.0085008405148983,0.03174690529704094,-0.007290416397154331,1.2269209099107852
2025-01-17,fold_7,"Inflation bear, AI rally and 2025",-0.005777067504823208,-1,0.005847829394042492,1,-0.005847829394042492,0.015126041893381625,,,,0,-58.47829394042492,0.006182283163070679,-0.014537647366523743,-0.005777067504823208,0.4143973905147078
2025-01-21,fold_7,"Inflation bear, AI rally and 2025",-0.013938600197434425,-1,0.012704640626907349,1,-0.012704640626907349,0.0024214012664742768,,,,0,-127.04640626907349,-0.003516625612974167,-0.005713867023587227,-0.013938600197434425,1.100211193259038
2025-01-22,fold_7,"Inflation bear, AI rally and 2025",-0.005472877994179726,-1,0.0021239574998617172,1,-0.0021239574998617172,0.00029744376661255956,,,,0,-21.239574998617172,-0.007873132824897766,-0.02029821276664734,-0.005472877994179726,0.1792397771662967
2025-01-23,fold_7,"Inflation bear, AI rally and 2025",-0.0054355282336473465,-1,-0.005667216144502163,-1,0.005667216144502163,0.0059646599111147225,,,,1,56.67216144502163,-0.011439628899097443,-0.018168844282627106,-0.0054355282336473465,-0.4844238379339672
2025-01-24,fold_7,"Inflation bear, AI rally and 2025",0.0009143529459834099,1,-0.029546858742833138,-1,-0.029546858742833138,-0.023582198831718415,,,,0,-295.4685874283314,-0.010301601141691208,-0.013955770991742611,0.0009143529459834099,-2.554659461653467
2025-01-27,fold_7,"Inflation bear, AI rally and 2025",0.00642403494566679,1,0.014671609736979008,1,0.014671609736979008,-0.008910589094739407,,,,1,146.71609736979008,-0.005707632750272751,0.007555878255516291,0.00642403494566679,1.1307622690069064
2025-01-28,fold_7,"Inflation bear, AI rally and 2025",0.003441387787461281,1,-0.0018797048833221197,-1,-0.0018797048833221197,-0.010790293978061527,,,,0,-18.797048833221197,0.0025044865906238556,0.00508470181375742,0.003441387787461281,-0.14046057405372117
2025-01-29,fold_7,"Inflation bear, AI rally and 2025",-0.004155119881033897,-1,0.004253325052559376,1,-0.004253325052559376,-0.015043619030620903,,,,0,-42.53325052559376,-0.00562773272395134,0.011492137797176838,-0.004155119881033897,0.3259162506482828
2025-01-30,fold_7,"Inflation bear, AI rally and 2025",9.529292583465576e-06,1,-0.0014541425043717027,-1,-0.0014541425043717027,-0.016497761534992605,,,,0,-14.541425043717027,-0.003241918981075287,0.01244503352791071,9.529292583465576e-06,-0.11415912596668515
2025-01-31,fold_7,"Inflation bear, AI rally and 2025",-0.0014466512948274612,-1,-0.008035209029912949,-1,0.008035209029912949,-0.008462552505079657,,,,1,80.35209029912949,-0.023488791659474373,0.0012055110419169068,-0.0014466512948274612,-0.6377956415929221
2025-02-03,fold_7,"Inflation bear, AI rally and 2025",0.0043975356966257095,1,0.01220043282955885,1,0.01220043282955885,0.0037378803244791925,,,,1,122.0043282955885,-0.028656380251049995,0.021273206919431686,0.0043975356966257095,0.9592780334475167
2025-02-04,fold_7,"Inflation bear, AI rally and 2025",0.0010012201964855194,1,0.004527731332927942,1,0.004527731332927942,0.008265611657407135,,,,1,45.27731332927942,-0.03268010914325714,0.006689184810966253,0.0010012201964855194,0.36248105051066565
2025-02-05,fold_7,"Inflation bear, AI rally and 2025",0.006128357723355293,1,0.00520622031763196,1,0.00520622031763196,0.013471831975039095,,,,1,52.0622031763196,-0.03224325180053711,0.0027484078891575336,0.006128357723355293,0.424351776164534
2025-02-06,fold_7,"Inflation bear, AI rally and 2025",-0.013939792290329933,-1,-0.01269366405904293,-1,0.01269366405904293,0.026165496034082025,,,,1,126.9366405904293,-0.023910192772746086,0.011825453490018845,-0.013939792290329933,-1.0898155390432156
2025-02-07,fold_7,"Inflation bear, AI rally and 2025",-0.005023997277021408,-1,0.012032486498355865,1,-0.012032486498355865,0.01413300953572616,,,,0,-120.32486498355865,-0.015046363696455956,0.028708897531032562,-0.005023997277021408,1.0036834697670374
2025-02-10,fold_7,"Inflation bear, AI rally and 2025",-0.004817263223230839,-1,-0.002383588580414653,-1,0.002383588580414653,0.016516598116140813,,,,1,23.83588580414653,-0.02131413109600544,0.018940920010209084,-0.004817263223230839,-0.20256088020514224
2025-02-11,fold_7,"Inflation bear, AI rally and 2025",0.002928091213107109,1,0.0005869545857422054,1,0.0005869545857422054,0.017103552701883018,,,,1,5.869545857422054,-0.005473509430885315,0.021602557972073555,0.002928091213107109,0.04992246657520241
2025-02-12,fold_7,"Inflation bear, AI rally and 2025",0.011485948227345943,1,0.014283265918493271,1,0.014283265918493271,0.03138681862037629,,,,1,142.8326591849327,-0.000222131609916687,0.016762059181928635,0.011485948227345943,1.2149625157575195
2025-02-13,fold_7,"Inflation bear, AI rally and 2025",0.006536947563290596,1,0.004189779050648212,1,0.004189779050648212,0.0355765976710245,,,,1,41.897790506482124,-0.012340180575847626,-0.01849435083568096,0.006536947563290596,0.3784886720745663
2025-02-14,fold_7,"Inflation bear, AI rally and 2025",0.0021369149908423424,1,0.002264508744701743,1,0.002264508744701743,0.037841106415726244,,,,1,22.64508744701743,-0.018981648609042168,-0.034558553248643875,0.0021369149908423424,0.20591048791693217
2025-02-18,fold_7,"Inflation bear, AI rally and 2025",0.0022111497819423676,1,0.0002780499344225973,1,0.0002780499344225973,0.03811915635014884,,,,1,2.780499344225973,-0.02023966796696186,-0.049502383917570114,0.0022111497819423676,0.02685567236901609
2025-02-19,fold_7,"Inflation bear, AI rally and 2025",0.002002555876970291,1,-0.00425354391336441,-1,-0.00425354391336441,0.03386561243678443,,,,0,-42.535439133644104,-0.019860878586769104,-0.04736772179603577,0.002002555876970291,-0.4141406173823227
2025-02-20,fold_7,"Inflation bear, AI rally and 2025",-0.007837323471903801,-1,-0.020973144099116325,-1,0.020973144099116325,0.05483875653590076,,,,1,209.73144099116325,-0.021588029339909554,-0.07127831876277924,-0.007837323471903801,-2.115124717352403
2025-02-21,fold_7,"Inflation bear, AI rally and 2025",0.003384960815310478,1,-0.011874424293637276,-1,-0.011874424293637276,0.04296433224226348,,,,0,-118.74424293637276,0.0030280835926532745,-0.03463706746697426,0.003384960815310478,-1.083570530091159
2025-02-24,fold_7,"Inflation bear, AI rally and 2025",0.01255850587040186,1,-0.012679321691393852,-1,-0.012679321691393852,0.03028501055086963,,,,0,-126.79321691393852,0.0038394033908843994,-0.04488817974925041,0.01255850587040186,-1.1316524071712148
2025-02-25,fold_7,"Inflation bear, AI rally and 2025",0.015570295974612236,1,0.002412711502984166,1,0.002412711502984166,0.032697722053853795,,,,1,24.12711502984166,0.012553565204143524,-0.035231202840805054,0.015570295974612236,0.2544313760054517
2025-02-26,fold_7,"Inflation bear, AI rally and 2025",0.014477500692009926,1,-0.02816414088010788,-1,-0.02816414088010788,0.004533581173745915,,,,0,-281.6414088010788,0.011990562081336975,-0.02469206415116787,0.014477500692009926,-3.1597074203238327
2025-02-27,fold_7,"Inflation bear, AI rally and 2025",0.004486083053052425,1,0.015668107196688652,1,0.015668107196688652,0.020201688370434567,,,,1,156.68107196688652,-0.007901396602392197,-0.02442282810807228,0.004486083053052425,1.436683933453293
2025-02-28,fold_7,"Inflation bear, AI rally and 2025",0.013761809095740318,1,-0.02212553843855858,-1,-0.02212553843855858,-0.0019238500681240112,,,,0,-221.25538438558578,-0.005694177001714706,-0.0327642448246479,0.013761809095740318,-1.9382641638574425
2025-03-03,fold_7,"Inflation bear, AI rally and 2025",0.0038423053920269012,1,-0.0030223436187952757,-1,-0.0030223436187952757,-0.004946193686919287,,,,0,-30.223436187952757,0.004661083221435547,-0.05016609653830528,0.0038423053920269012,-0.2430142505803539
2025-03-04,fold_7,"Inflation bear, AI rally and 2025",-0.0029063820838928223,-1,0.012951849959790707,1,-0.012951849959790707,-0.017898043646709993,,,,0,-129.51849959790707,0.0047369785606861115,-0.04953701049089432,-0.0029063820838928223,1.0508624067943906
2025-03-05,fold_7,"Inflation bear, AI rally and 2025",-0.00687297061085701,-1,-0.02789490483701229,-1,0.02789490483701229,0.009996861190302297,,,,1,278.9490483701229,0.002450793981552124,-0.05127124860882759,-0.00687297061085701,-2.2562760531011747
2025-03-06,fold_7,"Inflation bear, AI rally and 2025",-0.0017646122723817825,-1,0.007326692808419466,1,-0.007326692808419466,0.0026701683818828315,,,,0,-73.26692808419466,0.0072550661861896515,-0.04153061285614967,-0.0017646122723817825,0.530514293447537
2025-03-07,fold_7,"Inflation bear, AI rally and 2025",-0.00151817686855793,-1,-0.039527393877506256,-1,0.039527393877506256,0.04219756225938909,,,,1,395.27393877506256,0.0075934454798698425,-0.024974392727017403,-0.00151817686855793,-2.8521982387636458
2025-03-10,fold_7,"Inflation bear, AI rally and 2025",0.00871984288096428,1,-0.002393258037045598,-1,-0.002393258037045598,0.03980430422234349,,,,0,-23.93258037045598,0.009356163442134857,0.021015793085098267,0.00871984288096428,-0.14782092154955517
2025-03-11,fold_7,"Inflation bear, AI rally and 2025",-0.00015913695096969604,-1,0.011217612773180008,1,-0.011217612773180008,0.02858669144916348,,,,0,-112.17612773180008,0.007044777274131775,0.0062147388234734535,-0.00015913695096969604,0.7022379003606621
2025-03-12,fold_7,"Inflation bear, AI rally and 2025",-0.003282977268099785,-1,-0.018154267221689224,-1,0.018154267221689224,0.046740958670852706,,,,1,181.54267221689224,-0.0017666295170783997,0.008289692923426628,-0.003282977268099785,-1.1233351275181127
2025-03-13,fold_7,"Inflation bear, AI rally and 2025",-0.008482692763209343,-1,0.0238829106092453,1,-0.0238829106092453,0.022858048061607406,,,,0,-238.829106092453,-0.0014893412590026855,0.023048678413033485,-0.008482692763209343,1.433327728065527
2025-03-14,fold_7,"Inflation bear, AI rally and 2025",-0.00909346342086792,-1,0.006462794728577137,1,-0.006462794728577137,0.01639525333303027,,,,0,-64.62794728577137,-0.003383949398994446,0.002457075286656618,-0.00909346342086792,0.3756676896084284
2025-03-17,fold_7,"Inflation bear, AI rally and 2025",-0.011292129755020142,-1,-0.017194312065839767,-1,0.017194312065839767,0.033589565398870036,,,,1,171.94312065839767,-0.009974062442779541,0.017701327800750732,-0.011292129755020142,-0.997428633637089
2025-03-18,fold_7,"Inflation bear, AI rally and 2025",-0.013987725600600243,-1,0.013292566873133183,1,-0.013292566873133183,0.020296998525736853,,,,0,-132.92566873133183,-0.00419878214597702,0.040585990995168686,-0.013987725600600243,0.7529097085664618
2025-03-19,fold_7,"Inflation bear, AI rally and 2025",-0.011208444833755493,-1,-0.0033952805679291487,-1,0.0033952805679291487,0.023692279093666002,,,,1,33.95280567929149,-0.005495164543390274,0.00872135628014803,-0.011208444833755493,-0.189645777621097
2025-03-20,fold_7,"Inflation bear, AI rally and 2025",-0.012572210282087326,-1,0.0032913063187152147,1,-0.0032913063187152147,0.020400972774950787,,,,0,-32.91306318715215,-0.003948282450437546,0.006402337457984686,-0.012572210282087326,0.18393242786491146
2025-03-21,fold_7,"Inflation bear, AI rally and 2025",-0.013578496873378754,-1,0.021707046777009964,1,-0.021707046777009964,-0.0013060740020591766,,,,0,-217.07046777009964,-0.0035819895565509796,-0.023569578304886818,-0.013578496873378754,1.2558823168990274
2025-03-24,fold_7,"Inflation bear, AI rally and 2025",-0.012243956327438354,-1,0.005690351594239473,1,-0.005690351594239473,-0.00699642559629865,,,,0,-56.90351594239473,-0.004293493926525116,-0.04531926289200783,-0.012243956327438354,0.32048442258407656
2025-03-25,fold_7,"Inflation bear, AI rally and 2025",-0.014886077493429184,-1,-0.018572067841887474,-1,0.018572067841887474,0.011575642245588824,,,,1,185.72067841887474,-0.004989679902791977,-0.04298087954521179,-0.014886077493429184,-1.0568059807657881
2025-03-26,fold_7,"Inflation bear, AI rally and 2025",-0.015117187052965164,-1,-0.005714299622923136,-1,0.005714299622923136,0.01728994186851196,,,,1,57.14299622923136,-0.003303956240415573,-0.017136819660663605,-0.015117187052965164,-0.3165865709902819
2025-03-27,fold_7,"Inflation bear, AI rally and 2025",-0.013211667537689209,-1,-0.026680609211325645,-1,0.026680609211325645,0.043970551079837605,,,,1,266.80609211325645,0.0006882883608341217,-0.06644228845834732,-0.013211667537689209,-1.5728139846911706
2025-03-28,fold_7,"Inflation bear, AI rally and 2025",-0.008779741823673248,-1,-4.263700975570828e-05,-1,4.263700975570828e-05,0.044013188089593314,,,,1,0.4263700975570828,0.0003447011113166809,-0.10388310998678207,-0.008779741823673248,-0.002417402521640605
2025-03-31,fold_7,"Inflation bear, AI rally and 2025",-0.011663496494293213,-1,0.008028735406696796,1,-0.008028735406696796,0.03598445268289652,,,,0,-80.28735406696796,-0.0011806897819042206,-0.10143010318279266,-0.011663496494293213,0.4742472209972108
2025-04-01,fold_7,"Inflation bear, AI rally and 2025",-0.010082490742206573,-1,0.007271991111338139,1,-0.007271991111338139,0.02871246157155838,,,,0,-72.71991111338139,-0.002481270581483841,-0.12763145565986633,-0.010082490742206573,0.42748922377433163
2025-04-02,fold_7,"Inflation bear, AI rally and 2025",-0.012010525912046432,-1,-0.055019769817590714,-1,0.055019769817590714,0.08373223138914909,,,,1,550.1976981759071,-0.006852798163890839,-0.021547358483076096,-0.012010525912046432,-3.2669603826950797
2025-04-03,fold_7,"Inflation bear, AI rally and 2025",-0.011221766471862793,-1,-0.06412143260240555,-1,0.06412143260240555,0.14785366399155464,,,,1,641.2143260240555,0.001421317458152771,-0.009990752674639225,-0.011221766471862793,-3.2218939204937738
2025-04-04,fold_7,"Inflation bear, AI rally and 2025",-0.006882399320602417,-1,0.0024103696923702955,1,-0.0024103696923702955,0.14544329429918434,,,,0,-24.103696923702955,0.006000123918056488,0.07238619029521942,-0.006882399320602417,0.09848710582561052
2025-04-07,fold_7,"Inflation bear, AI rally and 2025",-0.00752719771116972,-1,-0.01817261427640915,-1,0.01817261427640915,0.1636159085755935,,,,1,181.7261427640915,0.0020979009568691254,0.0767311081290245,-0.00752719771116972,-0.796046233471477
2025-04-08,fold_7,"Inflation bear, AI rally and 2025",-0.004739223048090935,-1,0.1133560836315155,1,-0.1133560836315155,0.05025982494407799,,,,0,-1133.560836315155,0.003910321742296219,0.09601788967847824,-0.004739223048090935,4.889990120928103
2025-04-09,fold_7,"Inflation bear, AI rally and 2025",-0.007234720513224602,-1,-0.04346316307783127,-1,0.04346316307783127,0.09372298802190926,,,,1,434.6316307783127,-0.0061801522970199585,-0.0479557141661644,-0.007234720513224602,-1.2687291452129743
2025-04-10,fold_7,"Inflation bear, AI rally and 2025",-0.007830861024558544,-1,0.01825551502406597,1,-0.01825551502406597,0.07546747299784329,,,,0,-182.5551502406597,-0.008709471672773361,-0.004672687966376543,-0.007830861024558544,0.5160277596305618
2025-04-11,fold_7,"Inflation bear, AI rally and 2025",-0.006531952880322933,-1,0.006755282171070576,1,-0.006755282171070576,0.06871219082677271,,,,0,-67.55282171070576,-0.010288916528224945,-0.04798625782132149,-0.006531952880322933,0.19186220783259403
2025-04-14,fold_7,"Inflation bear, AI rally and 2025",-0.00923784077167511,-1,0.0011141699505969882,1,-0.0011141699505969882,0.06759802087617572,,,,0,-11.141699505969882,-0.013627197593450546,-0.028828177601099014,-0.00923784077167511,0.0316419716434806
2025-04-15,fold_7,"Inflation bear, AI rally and 2025",-0.008821291849017143,-1,-0.030617518350481987,-1,0.030617518350481987,0.09821553922665771,,,,1,306.17518350481987,-0.012774115428328514,-0.007517511025071144,-0.008821291849017143,-0.8747330783313502
2025-04-16,fold_7,"Inflation bear, AI rally and 2025",-0.012575028464198112,-1,-0.00018013635417446494,-1,0.00018013635417446494,0.09839567558083218,,,,1,1.8013635417446494,-0.010672330856323242,0.05084860697388649,-0.012575028464198112,-0.005068363389150477
2025-04-17,fold_7,"Inflation bear, AI rally and 2025",-0.011103438213467598,-1,-0.02505805715918541,-1,0.02505805715918541,0.12345373274001759,,,,1,250.5805715918541,-0.012115098536014557,0.06211496889591217,-0.011103438213467598,-0.7052004373844853
2025-04-21,fold_7,"Inflation bear, AI rally and 2025",-0.013311246410012245,-1,0.025913363322615623,1,-0.025913363322615623,0.09754036941740196,,,,0,-259.13363322615623,-0.011193964630365372,0.08685559034347534,-0.013311246410012245,0.720520723984611
2025-04-22,fold_7,"Inflation bear, AI rally and 2025",-0.009524889290332794,-1,0.022424837574362755,1,-0.022424837574362755,0.07511553184303921,,,,0,-224.24837574362755,-0.007564239203929901,0.06752496212720871,-0.009524889290332794,0.6211222406699431
2025-04-23,fold_7,"Inflation bear, AI rally and 2025",-0.01246766746044159,-1,0.027748601511120796,1,-0.027748601511120796,0.04736693033191841,,,,0,-277.48601511120796,-0.009770356118679047,0.04497391730546951,-0.01246766746044159,0.7617366307611424
2025-04-24,fold_7,"Inflation bear, AI rally and 2025",-0.013272229582071304,-1,0.01108622271567583,1,-0.01108622271567583,0.03628070761624258,,,,0,-110.86222715675831,-0.010716451331973076,0.03020145744085312,-0.013272229582071304,0.30192364164997343
2025-04-25,fold_7,"Inflation bear, AI rally and 2025",-0.011563709005713463,-1,-0.00031743646832183003,-1,0.00031743646832183003,0.03659814408456441,,,,1,3.1743646832183003,-0.012153835967183113,0.03385004773736,-0.011563709005713463,-0.008630674926025761
2025-04-28,fold_7,"Inflation bear, AI rally and 2025",-0.010502060875296593,-1,0.0065827397629618645,1,-0.0065827397629618645,0.030015404321602546,,,,0,-65.82739762961864,-0.01218823529779911,0.028217311948537827,-0.010502060875296593,0.18137760637662514
2025-04-29,fold_7,"Inflation bear, AI rally and 2025",-0.011886384338140488,-1,-0.00012620817869901657,-1,0.00012620817869901657,0.030141612500301562,,,,1,1.2620817869901657,-0.012446634471416473,0.012289345264434814,-0.011886384338140488,-0.0034746220771629953
2025-04-30,fold_7,"Inflation bear, AI rally and 2025",-0.009560085833072662,-1,0.012976137921214104,1,-0.012976137921214104,0.01716547457908746,,,,0,-129.76137921214104,-0.007907684892416,0.01633375883102417,-0.009560085833072662,0.35768155522795286
2025-05-01,fold_7,"Inflation bear, AI rally and 2025",-0.013400379568338394,-1,0.014734814874827862,1,-0.014734814874827862,0.0024306597042595968,,,,0,-147.34814874827862,-0.010623395442962646,0.013629618100821972,-0.013400379568338394,0.40527054453153283
2025-05-02,fold_7,"Inflation bear, AI rally and 2025",-0.013883771374821663,-1,-0.005950172431766987,-1,0.005950172431766987,0.008380832136026584,,,,1,59.50172431766987,-0.009355474263429642,-0.0017607435584068298,-0.013883771374821663,-0.17311363003944677
2025-05-05,fold_7,"Inflation bear, AI rally and 2025",-0.011318506672978401,-1,-0.009345225989818573,-1,0.009345225989818573,0.017726058125845157,,,,1,93.45225989818573,-0.010736674070358276,0.0441216379404068,-0.011318506672978401,-0.29888984103191907
2025-05-06,fold_7,"Inflation bear, AI rally and 2025",-0.011878376826643944,-1,0.003918205387890339,1,-0.003918205387890339,0.013807852737954818,,,,0,-39.18205387890339,-0.014143496751785278,0.06859263777732849,-0.011878376826643944,0.1250561344734105
2025-05-07,fold_7,"Inflation bear, AI rally and 2025",-0.010114975273609161,-1,0.010271997191011906,1,-0.010271997191011906,0.003535855546942912,,,,0,-102.71997191011906,-0.01846320368349552,0.07064971327781677,-0.010114975273609161,0.3305092844591725
2025-05-08,fold_7,"Inflation bear, AI rally and 2025",-0.01016378216445446,-1,-0.00065554742468521,-1,0.00065554742468521,0.004191402971628122,,,,1,6.5554742468521,-0.020877525210380554,0.06147606670856476,-0.01016378216445446,-0.036156972066067466
2025-05-09,fold_7,"Inflation bear, AI rally and 2025",-0.012716719880700111,-1,0.03993220627307892,1,-0.03993220627307892,-0.035740803301450796,,,,0,-399.3220627307892,-0.02131909690797329,0.06647443026304245,-0.012716719880700111,2.6088471223946046
2025-05-12,fold_7,"Inflation bear, AI rally and 2025",-0.01247076690196991,-1,0.01512577198445797,1,-0.01512577198445797,-0.050866575285908766,,,,0,-151.2577198445797,-0.0224049910902977,0.027500687167048454,-0.01247076690196991,0.8771644078400747
2025-05-13,fold_7,"Inflation bear, AI rally and 2025",-0.014536689966917038,-1,0.005975283216685057,1,-0.005975283216685057,-0.05684185850259382,,,,0,-59.75283216685057,-0.02137685753405094,0.009036059491336346,-0.014536689966917038,0.34129920720393586
2025-05-14,fold_7,"Inflation bear, AI rally and 2025",-0.015767743811011314,-1,0.0010983524844050407,1,-0.0010983524844050407,-0.057940210986998864,,,,0,-10.983524844050407,-0.020542249083518982,-0.010933410376310349,-0.015767743811011314,0.06256064208819194
2025-05-15,fold_7,"Inflation bear, AI rally and 2025",-0.016106557101011276,-1,0.004342813044786453,1,-0.004342813044786453,-0.06228302403178532,,,,0,-43.42813044786453,-0.017968932166695595,-0.010162297636270523,-0.016106557101011276,0.26859577139762664
2025-05-16,fold_7,"Inflation bear, AI rally and 2025",-0.013965345919132233,-1,0.0009584668441675603,1,-0.0009584668441675603,-0.06324149087595288,,,,0,-9.584668441675603,-0.019293537363409996,-0.023808997124433517,-0.013965345919132233,0.059173135968984825
2025-05-19,fold_7,"Inflation bear, AI rally and 2025",-0.013287477195262909,-1,-0.00333885638974607,-1,0.00333885638974607,-0.05990263448620681,,,,1,33.3885638974607,-0.020936938002705574,-0.0015147612430155277,-0.013287477195262909,-0.21967344676553358
2025-05-20,fold_7,"Inflation bear, AI rally and 2025",-0.009792689234018326,-1,-0.01399418618530035,-1,0.01399418618530035,-0.04590844830090646,,,,1,139.9418618530035,-0.021525021642446518,-0.002617579186335206,-0.009792689234018326,-0.9945301163410145
2025-05-21,fold_7,"Inflation bear, AI rally and 2025",-0.012923937290906906,-1,0.0018694656901061535,1,-0.0018694656901061535,-0.04777791399101261,,,,0,-18.694656901061535,-0.023598812520503998,0.013340315781533718,-0.012923937290906906,0.13832889935319634
2025-05-22,fold_7,"Inflation bear, AI rally and 2025",-0.012373454868793488,-1,-0.009303887374699116,-1,0.009303887374699116,-0.038474026616313495,,,,1,93.03887374699116,-0.022763140499591827,0.009892607107758522,-0.012373454868793488,-0.774461020632546
2025-05-23,fold_7,"Inflation bear, AI rally and 2025",-0.015370992943644524,-1,0.0232527032494545,1,-0.0232527032494545,-0.06172672986576799,,,,0,-232.52703249454498,-0.022336293011903763,0.027063505724072456,-0.015370992943644524,1.9478699600537477
2025-05-27,fold_7,"Inflation bear, AI rally and 2025",-0.013415323570370674,-1,-0.004441674333065748,-1,0.004441674333065748,-0.057285055532702245,,,,1,44.41674333065748,-0.019612733274698257,0.011597446165978909,-0.013415323570370674,-0.34112939391963787
2025-05-28,fold_7,"Inflation bear, AI rally and 2025",-0.01760922558605671,-1,0.0019637085497379303,1,-0.0019637085497379303,-0.059248764082440175,,,,0,-19.637085497379303,-0.02075420506298542,0.018823090940713882,-0.01760922558605671,0.15134440968446183
2025-05-29,fold_7,"Inflation bear, AI rally and 2025",-0.011183876544237137,-1,-0.0015782431000843644,-1,0.0015782431000843644,-0.05767052098235581,,,,1,15.782431000843644,-0.019602898508310318,0.009304034523665905,-0.011183876544237137,-0.12156701262634625
2025-05-30,fold_7,"Inflation bear, AI rally and 2025",-0.013979561626911163,-1,0.007867010310292244,1,-0.007867010310292244,-0.06553753129264805,,,,0,-78.67010310292244,-0.027926025912165642,0.02061014249920845,-0.013979561626911163,0.62145509353276
2025-06-02,fold_7,"Inflation bear, AI rally and 2025",-0.01112096756696701,-1,0.007786644622683525,1,-0.007786644622683525,-0.07332417591533158,,,,0,-77.86644622683525,-0.027660921216011047,0.014214090071618557,-0.01112096756696701,0.630565866011398
2025-06-03,fold_7,"Inflation bear, AI rally and 2025",-0.01581016182899475,-1,0.0027839706744998693,1,-0.0027839706744998693,-0.07610814658983145,,,,0,-27.839706744998693,-0.03237595409154892,0.013019595295190811,-0.01581016182899475,0.22452047709836354
2025-06-04,fold_7,"Inflation bear, AI rally and 2025",-0.01331193745136261,-1,-0.0075553483329713345,-1,0.0075553483329713345,-0.06855279825686011,,,,1,75.55348332971334,-0.023621827363967896,0.006860374938696623,-0.01331193745136261,-0.617361654631516
2025-06-05,fold_7,"Inflation bear, AI rally and 2025",-0.020473405718803406,-1,0.009727864526212215,1,-0.009727864526212215,-0.07828066278307233,,,,0,-97.27864526212215,-0.026502154767513275,0.01676086150109768,-0.020473405718803406,0.7894022209341992
2025-06-06,fold_7,"Inflation bear, AI rally and 2025",-0.013259021565318108,-1,0.001470958348363638,1,-0.001470958348363638,-0.07975162113143597,,,,0,-14.70958348363638,-0.022002020850777626,-0.00560140423476696,-0.013259021565318108,0.11958058444466334
2025-06-09,fold_7,"Inflation bear, AI rally and 2025",-0.013401832431554794,-1,0.006592150311917067,1,-0.006592150311917067,-0.08634377144335303,,,,0,-65.92150311917067,-0.023381521925330162,0.0067417314276099205,-0.013401832431554794,0.5357510440066177
2025-06-10,fold_7,"Inflation bear, AI rally and 2025",-0.0025798585265874863,-1,-0.003375249681994319,-1,0.003375249681994319,-0.08296852176135872,,,,1,33.75249681994319,-0.01533665880560875,-0.009649480693042278,-0.0025798585265874863,-0.3927775601112056
2025-06-11,fold_7,"Inflation bear, AI rally and 2025",-0.004615181125700474,-1,0.002345137996599078,1,-0.002345137996599078,-0.0853136597579578,,,,0,-23.451379965990782,-0.026527948677539825,-0.0064444150775671005,-0.004615181125700474,0.2955188983284086
2025-06-12,fold_7,"Inflation bear, AI rally and 2025",-0.0025426410138607025,-1,-0.012634401209652424,-1,0.012634401209652424,-0.07267925854830537,,,,1,126.34401209652424,-0.017789626494050026,-0.012881052680313587,-0.0025426410138607025,-1.6115450914958678
2025-06-13,fold_7,"Inflation bear, AI rally and 2025",0.0006024697795510292,1,0.013814094476401806,1,0.013814094476401806,-0.058865164071903564,,,,1,138.14094476401806,-0.0168253593146801,0.009983260184526443,0.0006024697795510292,1.658394163013713
2025-06-16,fold_7,"Inflation bear, AI rally and 2025",0.0046062832698225975,1,-0.00979906227439642,-1,-0.00979906227439642,-0.06866422634629998,,,,0,-97.9906227439642,-0.008161872625350952,0.011345419101417065,0.0046062832698225975,-1.109638710114522
2025-06-17,fold_7,"Inflation bear, AI rally and 2025",-0.0019952841103076935,-1,-0.00017018403741531074,-1,0.00017018403741531074,-0.06849404230888467,,,,1,1.7018403741531074,-0.008988678455352783,0.02369767054915428,-0.0019952841103076935,-0.018709541966715384
2025-06-18,fold_7,"Inflation bear, AI rally and 2025",0.0006908979266881943,1,-0.004091499838978052,-1,-0.004091499838978052,-0.07258554214786272,,,,0,-40.91499838978052,-0.010134067386388779,0.03317466005682945,0.0006908979266881943,-0.45132657086905426
2025-06-20,fold_7,"Inflation bear, AI rally and 2025",0.0016126874834299088,1,0.010229912586510181,1,0.010229912586510181,-0.062355629561352544,,,,1,102.29912586510181,0.00048192963004112244,0.04068398103117943,0.0016126874834299088,1.1954519155541303
2025-06-23,fold_7,"Inflation bear, AI rally and 2025",0.00047079799696803093,1,0.015176253393292427,1,0.015176253393292427,-0.047179376168060116,,,,1,151.76253393292427,0.005874980241060257,0.03691010922193527,0.00047079799696803093,1.7152282168837871
2025-06-24,fold_7,"Inflation bear, AI rally and 2025",0.005749435164034367,1,0.002553190104663372,1,0.002553190104663372,-0.044626186063396744,,,,1,25.53190104663372,0.0036730989813804626,0.01326880045235157,0.005749435164034367,0.2761633476020483
2025-06-25,fold_7,"Inflation bear, AI rally and 2025",0.0031691412441432476,1,0.009306803345680237,1,0.009306803345680237,-0.03531938271771651,,,,1,93.06803345680237,0.013961207121610641,0.0176568441092968,0.0031691412441432476,1.2140570495435146
2025-06-26,fold_7,"Inflation bear, AI rally and 2025",-0.0011127479374408722,-1,0.0034178236965090036,1,-0.0034178236965090036,-0.03873720641422551,,,,0,-34.178236965090036,0.01468062773346901,0.018142199143767357,-0.0011127479374408722,0.4336796183005765
2025-06-27,fold_7,"Inflation bear, AI rally and 2025",0.005092877894639969,1,0.006456038448959589,1,0.006456038448959589,-0.03228116796526592,,,,1,64.56038448959589,0.012636065483093262,0.007162868976593018,0.005092877894639969,0.8166233479195625
2025-06-30,fold_7,"Inflation bear, AI rally and 2025",0.005183012690395117,1,-0.008465055376291275,-1,-0.008465055376291275,-0.0407462233415572,,,,0,-84.65055376291275,0.018946196883916855,0.0012683197855949402,0.005183012690395117,-1.0543437575637744
2025-07-01,fold_7,"Inflation bear, AI rally and 2025",0.0024871202185750008,1,0.006941234227269888,1,0.006941234227269888,-0.03380498911428731,,,,1,69.41234227269888,0.027459070086479187,0.016787249594926834,0.0024871202185750008,0.8612915520447721
2025-07-02,fold_7,"Inflation bear, AI rally and 2025",0.001520995981991291,1,0.009792158380150795,1,0.009792158380150795,-0.024012830734136514,,,,1,97.92158380150795,0.02623649686574936,0.00840685609728098,0.001520995981991291,1.2209093004921368
2025-07-03,fold_7,"Inflation bear, AI rally and 2025",0.004005750175565481,1,-0.007561507169157267,-1,-0.007561507169157267,-0.03157433790329378,,,,0,-75.61507169157267,0.006995800882577896,-0.003638129448518157,0.004005750175565481,-0.912062731944434
2025-07-07,fold_7,"Inflation bear, AI rally and 2025",-0.002298119477927685,-1,0.0005614891997538507,1,-0.0005614891997538507,-0.03213582710304763,,,,0,-5.614891997538507,0.016207918524742126,0.007543554063886404,-0.002298119477927685,0.06772407021490523
2025-07-08,fold_7,"Inflation bear, AI rally and 2025",0.010724656283855438,1,0.007053874898701906,1,0.007053874898701906,-0.025081952204345725,,,,1,70.53874898701906,0.00945022702217102,0.007898572832345963,0.010724656283855438,0.8815816587750563
2025-07-09,fold_7,"Inflation bear, AI rally and 2025",-0.00589866004884243,-1,-0.0014391591539606452,-1,0.0014391591539606452,-0.02364279305038508,,,,1,14.391591539606452,0.005980871617794037,0.0018679917557165027,-0.00589866004884243,-0.17661141588879875
2025-07-10,fold_7,"Inflation bear, AI rally and 2025",-0.0024928459897637367,-1,-0.0022528269328176975,-1,0.0022528269328176975,-0.021389966117567383,,,,1,22.528269328176975,0.016354411840438843,0.011367371305823326,-0.0024928459897637367,-0.2808745383451295
2025-07-11,fold_7,"Inflation bear, AI rally and 2025",-0.0031319623813033104,-1,0.003620176576077938,1,-0.003620176576077938,-0.02501014269364532,,,,0,-36.20176576077938,0.024540461599826813,0.012658500112593174,-0.0031319623813033104,0.4524629565912329
2025-07-14,fold_7,"Inflation bear, AI rally and 2025",0.001464636530727148,1,0.0009165076771751046,1,0.0009165076771751046,-0.024093635016470216,,,,1,9.165076771751046,0.019855976104736328,0.014209684915840626,0.001464636530727148,0.11420975350014795
2025-07-15,fold_7,"Inflation bear, AI rally and 2025",-0.0030683306977152824,-1,0.0010232938220724463,1,-0.0010232938220724463,-0.025116928838542663,,,,0,-10.232938220724463,0.02389063686132431,0.008103914558887482,-0.0030683306977152824,0.13618806482870882
2025-07-16,fold_7,"Inflation bear, AI rally and 2025",-0.0006213635206222534,-1,0.008060220628976822,1,-0.008060220628976822,-0.033177149467519484,,,,0,-80.60220628976822,0.022734403610229492,0.011631511151790619,-0.0006213635206222534,1.1760979880152769
2025-07-17,fold_7,"Inflation bear, AI rally and 2025",-0.005155790597200394,-1,-0.0009616987663321197,-1,0.0009616987663321197,-0.032215450701187365,,,,1,9.616987663321197,0.020864151418209076,0.005697506945580244,-0.005155790597200394,-0.14270382450815308
2025-07-18,fold_7,"Inflation bear, AI rally and 2025",-0.000873650424182415,-1,0.005171361844986677,1,-0.005171361844986677,-0.03738681254617404,,,,0,-51.71361844986677,0.02790546417236328,0.00906337145715952,-0.000873650424182415,0.7669859185624802
2025-07-21,fold_7,"Inflation bear, AI rally and 2025",-0.00018578581511974335,-1,-0.005189262330532074,-1,0.005189262330532074,-0.03219755021564197,,,,1,51.89262330532074,0.021892264485359192,0.007012150716036558,-0.00018578581511974335,-0.7654419130645659
2025-07-22,fold_7,"Inflation bear, AI rally and 2025",0.004820787813514471,1,0.004550890065729618,1,0.004550890065729618,-0.02764666014991235,,,,1,45.50890065729618,0.01470658928155899,0.0106513611972332,0.004820787813514471,0.7015949302939439
2025-07-23,fold_7,"Inflation bear, AI rally and 2025",0.002658485434949398,1,0.0021262161899358034,1,0.0021262161899358034,-0.025520443959976546,,,,1,21.262161899358034,0.012546949088573456,0.007439480163156986,0.002658485434949398,0.37827171020139594
2025-07-24,fold_7,"Inflation bear, AI rally and 2025",0.0013040974736213684,1,0.002404165454208851,1,0.002404165454208851,-0.023116278505767696,,,,1,24.04165454208851,0.0024009644985198975,0.0,0.0013040974736213684,0.4283990359534204
2025-07-25,fold_7,"Inflation bear, AI rally and 2025",0.0010638898238539696,1,0.0031201415695250034,1,0.0031201415695250034,-0.019996136936242692,,,,1,31.201415695250034,0.00593201071023941,-0.022299613803625107,0.0010638898238539696,0.595502653685041
2025-07-28,fold_7,"Inflation bear, AI rally and 2025",0.0027161836624145508,1,-0.0015500520821660757,-1,-0.0015500520821660757,-0.021546189018408768,,,,0,-15.500520821660757,0.0035475939512252808,-0.007136274129152298,0.0027161836624145508,-0.2963649319322456
2025-07-29,fold_7,"Inflation bear, AI rally and 2025",0.0022657234221696854,1,0.001339009148068726,1,0.001339009148068726,-0.020207179870340042,,,,1,13.39009148068726,0.008577428758144379,-0.012398889288306236,0.0022657234221696854,0.26573052952608295
2025-07-30,fold_7,"Inflation bear, AI rally and 2025",-0.0021170256659388542,-1,-0.005313263740390539,-1,0.005313263740390539,-0.014893916129949503,,,,1,53.13263740390539,0.004506722092628479,-0.0012331786565482616,-0.0021170256659388542,-1.1354257306530724
2025-07-31,fold_7,"Inflation bear, AI rally and 2025",-0.0026293527334928513,-1,-0.01989544928073883,-1,0.01989544928073883,0.005001533150789328,,,,1,198.9544928073883,0.006312377750873566,0.00745871476829052,-0.0026293527334928513,-4.351860117887104
2025-08-01,fold_7,"Inflation bear, AI rally and 2025",-0.003270982764661312,-1,0.018283480778336525,1,-0.018283480778336525,-0.013281947627547197,,,,0,-182.83480778336525,0.01331658661365509,0.03663913160562515,-0.003270982764661312,3.051587052731937
2025-08-04,fold_7,"Inflation bear, AI rally and 2025",-0.004462533630430698,-1,-0.006812667474150658,-1,0.006812667474150658,-0.006469280153396539,,,,1,68.12667474150658,0.01390143483877182,0.015392293222248554,-0.004462533630430698,-0.9658439511808814
2025-08-05,fold_7,"Inflation bear, AI rally and 2025",-0.007961791008710861,-1,0.012504720129072666,1,-0.012504720129072666,-0.018974000282469206,,,,0,-125.04720129072666,0.011404074728488922,0.03469543159008026,-0.007961791008710861,1.7331264565623796
2025-08-06,fold_7,"Inflation bear, AI rally and 2025",-0.0031616762280464172,-1,0.0033786294516175985,1,-0.0033786294516175985,-0.022352629734086804,,,,0,-33.786294516175985,0.017860818654298782,0.0226906705647707,-0.0031616762280464172,0.44599293756289404
2025-08-07,fold_7,"Inflation bear, AI rally and 2025",-0.000454634428024292,-1,0.009284966625273228,1,-0.009284966625273228,-0.03163759635936003,,,,0,-92.84966625273228,0.017532292753458023,0.01853628270328045,-0.000454634428024292,1.2206949690026645
2025-08-08,fold_7,"Inflation bear, AI rally and 2025",0.002647718880325556,1,-0.002963355975225568,-1,-0.002963355975225568,-0.0346009523345856,,,,0,-29.633559752255678,0.013156075030565262,0.004844300914555788,0.002647718880325556,-0.3766124078785977
2025-08-11,fold_7,"Inflation bear, AI rally and 2025",0.00018150266259908676,1,0.012490469962358475,1,0.012490469962358475,-0.022110482372227125,,,,1,124.90469962358475,0.017557166516780853,0.007409026846289635,0.00018150266259908676,1.5901907501999453
2025-08-12,fold_7,"Inflation bear, AI rally and 2025",-0.0008663181215524673,-1,0.0004999605007469654,1,-0.0004999605007469654,-0.02261044287297409,,,,0,-4.999605007469654,0.0075880736112594604,-0.018741806969046593,-0.0008663181215524673,0.059990749109096714
2025-08-13,fold_7,"Inflation bear, AI rally and 2025",-0.0030564116314053535,-1,-0.000775758468080312,-1,0.000775758468080312,-0.021834684404893778,,,,1,7.75758468080312,0.003239978104829788,-0.02519688941538334,-0.0030564116314053535,-0.09311073597075677
2025-08-14,fold_7,"Inflation bear, AI rally and 2025",-0.0003304034471511841,-1,-0.004407014697790146,-1,0.004407014697790146,-0.017427669707103632,,,,1,44.07014697790146,0.011492565274238586,-0.029061537235975266,-0.0003304034471511841,-0.5416591906536531
2025-08-15,fold_7,"Inflation bear, AI rally and 2025",-0.002363966777920723,-1,-0.0003986301308032125,-1,0.0003986301308032125,-0.01702903957630042,,,,1,3.9863013080321252,0.008003786206245422,-0.00934495497494936,-0.002363966777920723,-0.04865628722997111
2025-08-18,fold_7,"Inflation bear, AI rally and 2025",-0.004539995454251766,-1,-0.013660364784300327,-1,0.013660364784300327,-0.0033686747920000926,,,,1,136.60364784300327,0.00695442408323288,-0.011835196986794472,-0.004539995454251766,-1.68412534415897
2025-08-19,fold_7,"Inflation bear, AI rally and 2025",-0.004177568480372429,-1,-0.005955122411251068,-1,0.005955122411251068,0.0025864476192509755,,,,1,59.55122411251068,0.007058344781398773,0.005832357332110405,-0.004177568480372429,-0.6933178700891818
2025-08-20,fold_7,"Inflation bear, AI rally and 2025",-0.003458273597061634,-1,-0.004640405066311359,-1,0.004640405066311359,0.007226852685562335,,,,1,46.404050663113594,0.005426932126283646,0.013323167338967323,-0.003458273597061634,-0.5375727616004295
2025-08-21,fold_7,"Inflation bear, AI rally and 2025",0.002547808922827244,1,0.01530956756323576,1,0.01530956756323576,0.022536420248798095,,,,1,153.0956756323576,0.003341730684041977,0.024203982204198837,0.002547808922827244,1.7635160886517867
2025-08-22,fold_7,"Inflation bear, AI rally and 2025",0.010591328144073486,1,-0.0028888722881674767,-1,-0.0028888722881674767,0.019647547960630618,,,,0,-28.888722881674767,0.0009468570351600647,-0.0027484886813908815,0.010591328144073486,-0.31008575290815854
2025-08-25,fold_7,"Inflation bear, AI rally and 2025",0.00033608265221118927,1,0.004007190000265837,1,0.004007190000265837,0.023654737960896455,,,,1,40.07190000265837,0.006607867777347565,-0.008275248110294342,0.00033608265221118927,0.43029600122841694
2025-08-26,fold_7,"Inflation bear, AI rally and 2025",0.0011950689367949963,1,0.001535687712021172,1,0.001535687712021172,0.025190425672917627,,,,1,15.35687712021172,0.012608863413333893,-0.0044456529431045055,0.0011950689367949963,0.16425835506509845
2025-08-27,fold_7,"Inflation bear, AI rally and 2025",-0.008123014122247696,-1,0.006240409333258867,1,-0.006240409333258867,0.01895001633965876,,,,0,-62.40409333258867,0.016062244772911072,0.003029386978596449,-0.008123014122247696,0.667371148535967
2025-08-28,fold_7,"Inflation bear, AI rally and 2025",-0.0056508006528019905,-1,-0.011642903089523315,-1,0.011642903089523315,0.030592919429182075,,,,1,116.42903089523315,0.018480796366930008,-0.0017690984532237053,-0.0056508006528019905,-1.241336584782596
2025-08-29,fold_7,"Inflation bear, AI rally and 2025",0.0006431397050619125,1,-0.00841563194990158,-1,-0.00841563194990158,0.022177287479280494,,,,0,-84.15631949901581,0.02601667493581772,0.01473993994295597,0.0006431397050619125,-0.9720242852407744
2025-09-02,fold_7,"Inflation bear, AI rally and 2025",0.009727733209729195,1,0.007836785167455673,1,0.007836785167455673,0.030014072646736167,,,,1,78.36785167455673,0.026844732463359833,0.025984633713960648,0.009727733209729195,0.9970023351283237
2025-09-03,fold_7,"Inflation bear, AI rally and 2025",-0.003291277214884758,-1,0.009010727517306805,1,-0.009010727517306805,0.021003345129429363,,,,0,-90.10727517306805,0.013683415949344635,0.018475046381354332,-0.003291277214884758,1.1394559757618208
2025-09-04,fold_7,"Inflation bear, AI rally and 2025",-0.003967705182731152,-1,0.0014419236686080694,1,-0.0014419236686080694,0.019561421460821293,,,,0,-14.419236686080694,0.015224788337945938,0.015268106013536453,-0.003967705182731152,0.18807909607239273
2025-09-05,fold_7,"Inflation bear, AI rally and 2025",0.004294797778129578,1,0.004866134840995073,1,0.004866134840995073,0.024427556301816367,,,,1,48.66134840995073,0.023498952388763428,0.01823362335562706,0.004294797778129578,0.6372558726449794
2025-09-08,fold_7,"Inflation bear, AI rally and 2025",0.0032826452516019344,1,0.002829062519595027,1,0.002829062519595027,0.027256618821411394,,,,1,28.29062519595027,0.012108933180570602,0.02188795804977417,0.0032826452516019344,0.38083729456508125
2025-09-09,fold_7,"Inflation bear, AI rally and 2025",-0.013877175748348236,-1,0.0003271980385761708,1,-0.0003271980385761708,0.026929420782835223,,,,0,-3.271980385761708,0.006122652441263199,0.018213454633951187,-0.013877175748348236,0.04406164831320266
2025-09-10,fold_7,"Inflation bear, AI rally and 2025",-0.011452475562691689,-1,0.005803787149488926,1,-0.005803787149488926,0.021125633633346297,,,,0,-58.03787149488926,0.011453822255134583,0.01588842086493969,-0.011452475562691689,0.8434438852361171
2025-09-11,fold_7,"Inflation bear, AI rally and 2025",-0.006702619604766369,-1,0.004407439846545458,1,-0.004407439846545458,0.01671819378680084,,,,0,-44.07439846545458,0.0028336867690086365,0.019061127677559853,-0.006702619604766369,0.6295015227957373
2025-09-12,fold_7,"Inflation bear, AI rally and 2025",-0.01226940006017685,-1,0.00852047000080347,1,-0.00852047000080347,0.008197723785997368,,,,0,-85.2047000080347,0.016982611268758774,0.021400216966867447,-0.01226940006017685,1.2054363075401078
2025-09-15,fold_7,"Inflation bear, AI rally and 2025",-0.007363471202552319,-1,-0.0008454403723590076,-1,0.0008454403723590076,0.009043164158356376,,,,1,8.454403723590076,0.021494276821613312,0.01878230646252632,-0.007363471202552319,-0.11654796916406615
2025-09-16,fold_7,"Inflation bear, AI rally and 2025",-0.00416821613907814,-1,-0.0019978368654847145,-1,0.0019978368654847145,0.01104100102384109,,,,1,19.978368654847145,0.023523956537246704,0.012963303364813328,-0.00416821613907814,-0.2753385942654289
2025-09-17,fold_7,"Inflation bear, AI rally and 2025",-0.007802693173289299,-1,0.008976494893431664,1,-0.008976494893431664,0.002064506130409427,,,,0,-89.76494893431664,0.035522617399692535,0.01144441682845354,-0.007802693173289299,1.3607346414331145
2025-09-18,fold_7,"Inflation bear, AI rally and 2025",-0.005709880031645298,-1,0.006746530067175627,1,-0.006746530067175627,-0.0046820239367662,,,,0,-67.46530067175627,0.013242516666650772,-0.001852678949944675,-0.005709880031645298,0.9971799293033602
2025-09-19,fold_7,"Inflation bear, AI rally and 2025",-0.005522553808987141,-1,0.005902559962123632,1,-0.005902559962123632,-0.010584583898889832,,,,0,-59.025599621236324,0.008334796875715256,-0.004496766719967127,-0.005522553808987141,0.8612280707817476
2025-09-22,fold_7,"Inflation bear, AI rally and 2025",0.0017204303294420242,1,-0.00666444469243288,-1,-0.00666444469243288,-0.017249028591322713,,,,0,-66.6444469243288,-0.0038241297006607056,-0.005778889171779156,0.0017204303294420242,-1.095695263592265
2025-09-23,fold_7,"Inflation bear, AI rally and 2025",0.0005700071342289448,1,-0.003516722936183214,-1,-0.003516722936183214,-0.020765751527505927,,,,0,-35.16722936183214,-0.004233155399560928,0.0036210042890161276,0.0005700071342289448,-0.5645837122021672
2025-09-24,fold_7,"Inflation bear, AI rally and 2025",0.003897647373378277,1,-0.004320601467043161,-1,-0.004320601467043161,-0.025086352994549088,,,,0,-43.206014670431614,-0.012029483914375305,0.011923212558031082,0.003897647373378277,-0.6952956867216374
2025-09-25,fold_7,"Inflation bear, AI rally and 2025",-0.0003997180610895157,-1,0.004102441947907209,1,-0.004102441947907209,-0.029188794942456298,,,,0,-41.024419479072094,0.00468062236905098,0.02034645900130272,-0.0003997180610895157,0.6533257981723073
2025-09-26,fold_7,"Inflation bear, AI rally and 2025",0.00011480459943413734,1,0.0046204375103116035,1,0.0046204375103116035,-0.024568357432144694,,,,1,46.204375103116035,0.00410042330622673,0.012025424279272556,0.00011480459943413734,0.746356600807675
2025-09-29,fold_7,"Inflation bear, AI rally and 2025",-0.0023122169077396393,-1,0.002735448768362403,1,-0.002735448768362403,-0.027303806200507097,,,,0,-27.35448768362403,0.013501603156328201,0.014887053519487381,-0.0023122169077396393,0.4789916015347059
2025-09-30,fold_7,"Inflation bear, AI rally and 2025",0.002442642580717802,1,0.004785485565662384,1,0.004785485565662384,-0.022518320634844713,,,,1,47.85485565662384,0.01583632454276085,0.006872063037008047,0.002442642580717802,0.881875034282518
2025-10-01,fold_7,"Inflation bear, AI rally and 2025",0.0038106609135866165,1,0.004102644510567188,1,0.004102644510567188,-0.018415676124277525,,,,1,41.02644510567188,0.012512005865573883,0.01348517369478941,0.0038106609135866165,0.7820441076156708
2025-10-02,fold_7,"Inflation bear, AI rally and 2025",0.010766735300421715,1,-0.004218591842800379,-1,-0.004218591842800379,-0.022634267967077903,,,,0,-42.18591842800379,0.023886211216449738,0.008171569555997849,0.010766735300421715,-0.8557317218921436
2025-10-03,fold_7,"Inflation bear, AI rally and 2025",0.006725515238940716,1,0.007482066750526428,1,0.007482066750526428,-0.015152201216551475,,,,1,74.82066750526428,0.00980941578745842,-0.02294095605611801,0.006725515238940716,1.4937609204365878
2025-10-06,fold_7,"Inflation bear, AI rally and 2025",0.00901813991367817,1,-0.005279541946947575,-1,-0.005279541946947575,-0.02043174316349905,,,,0,-52.795419469475746,0.017708688974380493,-0.00942372065037489,0.00901813991367817,-1.0216646254540132
2025-10-07,fold_7,"Inflation bear, AI rally and 2025",0.0037512676790356636,1,0.01139859575778246,1,0.01139859575778246,-0.00903314740571659,,,,1,113.98595757782459,0.015796199440956116,-0.010827412828803062,0.0037512676790356636,2.165864902452659
2025-10-08,fold_7,"Inflation bear, AI rally and 2025",0.00697491317987442,1,-0.0012109596282243729,-1,-0.0012109596282243729,-0.010244107033940963,,,,0,-12.109596282243729,-0.0011526793241500854,-0.015193992294371128,0.00697491317987442,-0.20710450937279112
2025-10-09,fold_7,"Inflation bear, AI rally and 2025",0.008400345221161842,1,-0.0353311188519001,-1,-0.0353311188519001,-0.045575225885841064,,,,0,-353.311188519001,0.005259394645690918,-0.01769283600151539,0.008400345221161842,-6.190099209469844
2025-10-10,fold_7,"Inflation bear, AI rally and 2025",0.008400297723710537,1,0.020999303087592125,1,0.020999303087592125,-0.02457592279824894,,,,1,209.99303087592125,0.012895572930574417,0.024183519184589386,0.008400297723710537,2.1656736954973526
2025-10-13,fold_7,"Inflation bear, AI rally and 2025",0.003989924676716328,1,-0.006683234125375748,-1,-0.006683234125375748,-0.03125915692362469,,,,0,-66.83234125375748,-0.0007028728723526001,0.01570628583431244,0.003989924676716328,-0.6302711987652501
2025-10-14,fold_7,"Inflation bear, AI rally and 2025",-0.0035242177546024323,-1,0.007032016292214394,1,-0.007032016292214394,-0.03829117321583908,,,,0,-70.32016292214394,0.004168856889009476,0.022127928212285042,-0.0035242177546024323,0.656776523455626
2025-10-15,fold_7,"Inflation bear, AI rally and 2025",0.003186086192727089,1,-0.0037098024040460587,-1,-0.0037098024040460587,-0.04200097561988514,,,,0,-37.09802404046059,-0.004867170006036758,0.005415184423327446,0.003186086192727089,-0.3431036216291272
2025-10-16,fold_7,"Inflation bear, AI rally and 2025",-0.00012951437383890152,-1,0.006545236799865961,1,-0.006545236799865961,-0.0485462124197511,,,,0,-65.45236799865961,0.0011042952537536621,0.017496326938271523,-0.00012951437383890152,0.6141795166647341
2025-10-17,fold_7,"Inflation bear, AI rally and 2025",0.0032108305022120476,1,0.012522069737315178,1,0.012522069737315178,-0.03602414268243592,,,,1,125.22069737315178,-0.0066339485347270966,0.021572764962911606,0.0032108305022120476,1.1757149166181942
2025-10-20,fold_7,"Inflation bear, AI rally and 2025",-0.0016427356749773026,-1,-0.00026159174740314484,-1,0.00026159174740314484,-0.03576255093503278,,,,1,2.6159174740314484,-0.021466854959726334,0.02670317515730858,-0.0016427356749773026,-0.023926513409431638
2025-10-21,fold_7,"Inflation bear, AI rally and 2025",0.0028186896815896034,1,-0.009680728428065777,-1,-0.009680728428065777,-0.045443279363098554,,,,0,-96.80728428065777,-0.0063273608684539795,0.03462529554963112,0.0028186896815896034,-0.8937772036216127
2025-10-22,fold_7,"Inflation bear, AI rally and 2025",-0.0029635075479745865,-1,0.008371341042220592,1,-0.008371341042220592,-0.05381462040531915,,,,0,-83.71341042220592,-0.008122630417346954,0.04879889264702797,-0.0029635075479745865,0.7598277720253334
2025-10-23,fold_7,"Inflation bear, AI rally and 2025",0.003338776994496584,1,0.010621673427522182,1,0.010621673427522182,-0.043192946977796964,,,,1,106.21673427522182,-0.008310914039611816,0.025020860135555267,0.003338776994496584,0.9540309455168327
2025-10-24,fold_7,"Inflation bear, AI rally and 2025",0.003922195173799992,1,0.01765247993171215,1,0.01765247993171215,-0.025540467046084814,,,,1,176.5247993171215,-0.01000877283513546,0.019211603328585625,0.003922195173799992,1.5557006495301577
2025-10-27,fold_7,"Inflation bear, AI rally and 2025",0.0024519730359315872,1,0.007660527713596821,1,0.007660527713596821,-0.017879939332487993,,,,1,76.60527713596821,-0.01655503734946251,0.006332420278340578,0.0024519730359315872,0.6400089901114824
2025-10-28,fold_7,"Inflation bear, AI rally and 2025",0.0029048272408545017,1,0.004492870531976223,1,0.004492870531976223,-0.01338706880051177,,,,1,44.92870531976223,-0.023388203233480453,-0.021835021674633026,0.0029048272408545017,0.37205342136019226
2025-10-29,fold_7,"Inflation bear, AI rally and 2025",-0.004309043288230896,-1,-0.015406693331897259,-1,0.015406693331897259,0.002019624531385489,,,,1,154.0669333189726,-0.022981828078627586,-0.019840959459543228,-0.004309043288230896,-1.2764184630714328
2025-10-30,fold_7,"Inflation bear, AI rally and 2025",0.0002559167332947254,1,0.00481241662055254,1,0.00481241662055254,0.006832041151938029,,,,1,48.1241662055254,-0.01303279772400856,-0.02323727495968342,0.0002559167332947254,0.3844184108543597
2025-10-31,fold_7,"Inflation bear, AI rally and 2025",0.008885812014341354,1,0.004773298278450966,1,0.004773298278450966,0.011605339430388995,,,,1,47.73298278450966,-0.016740668565034866,-0.03121001087129116,0.008885812014341354,0.3809678203254386
2025-11-03,fold_7,"Inflation bear, AI rally and 2025",0.002172902226448059,1,-0.02050691470503807,-1,-0.02050691470503807,-0.008901575274649076,,,,0,-205.0691470503807,-0.019076408818364143,-0.014100291766226292,0.002172902226448059,-1.645425497330582
2025-11-04,fold_7,"Inflation bear, AI rally and 2025",-0.00572667270898819,-1,0.006486933678388596,1,-0.006486933678388596,-0.015388508953037672,,,,0,-64.86933678388596,-0.0073036737740039825,0.003739549545571208,-0.00572667270898819,0.4904235227950415
2025-11-05,fold_7,"Inflation bear, AI rally and 2025",-0.0065838927403092384,-1,-0.018803009763360023,-1,0.018803009763360023,0.0034145008103223518,,,,1,188.03009763360023,-0.013783862814307213,-0.0035360476467758417,-0.0065838927403092384,-1.4397275540722754
2025-11-06,fold_7,"Inflation bear, AI rally and 2025",-0.004315377213060856,-1,-0.0031603185925632715,-1,0.0031603185925632715,0.006574819402885623,,,,1,31.603185925632715,0.010804843157529831,-0.005360324867069721,-0.004315377213060856,-0.23038518248782683
2025-11-07,fold_7,"Inflation bear, AI rally and 2025",0.0007417816668748856,1,0.02188301645219326,1,0.02188301645219326,0.028457835855078883,,,,1,218.8301645219326,0.0035969093441963196,-0.0014442570973187685,0.0007417816668748856,1.9475170148969252
2025-11-10,fold_7,"Inflation bear, AI rally and 2025",0.0048489500768482685,1,-0.002667073393240571,-1,-0.002667073393240571,0.025790762461838312,,,,0,-26.67073393240571,-0.0011626295745372772,-0.03190450370311737,0.0048489500768482685,-0.23559951962183132
2025-11-11,fold_7,"Inflation bear, AI rally and 2025",-0.00525330938398838,-1,-0.0007886635139584541,-1,0.0007886635139584541,0.026579425975796767,,,,1,7.886635139584541,-0.0012930035591125488,-0.04148799180984497,-0.00525330938398838,-0.07018370771346462
2025-11-12,fold_7,"Inflation bear, AI rally and 2025",0.0011867345310747623,1,-0.020627286285161972,-1,-0.020627286285161972,0.0059521396906347945,,,,0,-206.27286285161972,-0.007387861609458923,-0.034746989607810974,0.0011867345310747623,-1.853642922140871
2025-11-13,fold_7,"Inflation bear, AI rally and 2025",0.007883345708251,1,0.0007557492353953421,1,0.0007557492353953421,0.006707888926030137,,,,1,7.557492353953421,0.007647443562746048,-0.03807619959115982,0.007883345708251,0.06288792179286838
2025-11-14,fold_7,"Inflation bear, AI rally and 2025",0.008907515555620193,1,-0.008577228523790836,-1,-0.008577228523790836,-0.0018693395977606997,,,,0,-85.77228523790836,-0.0047696903347969055,-0.03134717792272568,0.008907515555620193,-0.7190147203950206
2025-11-17,fold_7,"Inflation bear, AI rally and 2025",0.0012546624056994915,1,-0.012250563129782677,-1,-0.012250563129782677,-0.014119902727543376,,,,0,-122.50563129782677,5.1606446504592896e-05,0.0024817129597067833,0.0012546624056994915,-1.042298205062926
2025-11-18,fold_7,"Inflation bear, AI rally and 2025",0.010040192864835262,1,0.0059523372910916805,1,0.0059523372910916805,-0.008167565436451696,,,,1,59.523372910916805,0.01961308717727661,0.020877135917544365,0.010040192864835262,0.49322207919352573
2025-11-19,fold_7,"Inflation bear, AI rally and 2025",0.005107353441417217,1,-0.02395649440586567,-1,-0.02395649440586567,-0.032124059842317365,,,,0,-239.5649440586567,-0.004396047443151474,0.02372167818248272,0.005107353441417217,-2.0052447494274688
2025-11-20,fold_7,"Inflation bear, AI rally and 2025",0.009630799293518066,1,0.007484769448637962,1,0.007484769448637962,-0.024639290393679403,,,,1,74.84769448637962,0.003618348389863968,0.055752597749233246,0.009630799293518066,0.5775990910985691
2025-11-21,fold_7,"Inflation bear, AI rally and 2025",0.011137556284666061,1,0.025251662358641624,1,0.025251662358641624,0.0006123719649622217,,,,1,252.51662358641624,-0.004964131861925125,0.04490327462553978,0.011137556284666061,1.9653590753917458
2025-11-24,fold_7,"Inflation bear, AI rally and 2025",0.012678910046815872,1,0.006144860293716192,1,0.006144860293716192,0.006757232258678414,,,,1,61.44860293716192,-0.02036895416676998,0.027447156608104706,0.012678910046815872,0.45626205881541687
2025-11-25,fold_7,"Inflation bear, AI rally and 2025",0.005451042205095291,1,0.008796879090368748,1,0.008796879090368748,0.015554111349047162,,,,1,87.96879090368748,-0.013259049504995346,0.02374311164021492,0.005451042205095291,0.6550691216377408
2025-11-26,fold_7,"Inflation bear, AI rally and 2025",-0.00488179549574852,-1,0.008074427023530006,1,-0.008074427023530006,0.007479684325517155,,,,0,-80.74427023530006,-0.028547149151563644,0.014015650376677513,-0.00488179549574852,0.5965591048813538
2025-11-28,fold_7,"Inflation bear, AI rally and 2025",-0.00451281201094389,-1,-0.0033645550720393658,-1,0.0033645550720393658,0.010844239397556521,,,,1,33.64555072039366,-0.023055702447891235,0.010010326281189919,-0.00451281201094389,-0.25463658553309576
2025-12-01,fold_7,"Inflation bear, AI rally and 2025",0.0025135157629847527,1,0.007795544341206551,1,0.007795544341206551,0.01863978373876307,,,,1,77.9554434120655,-0.0101873017847538,0.011454490013420582,0.0025135157629847527,0.5909859154765658
2025-12-02,fold_7,"Inflation bear, AI rally and 2025",0.0031471955589950085,1,0.0024408164899796247,1,0.0024408164899796247,0.021080600228742696,,,,1,24.408164899796247,0.011545147746801376,0.004891549237072468,0.0031471955589950085,0.18403833411928913
2025-12-03,fold_7,"Inflation bear, AI rally and 2025",-0.0018470827490091324,-1,-0.0009305825224146247,-1,0.0009305825224146247,0.02201118275115732,,,,1,9.305825224146247,0.003454923629760742,0.00653810752555728,-0.0018470827490091324,-0.07470613097210492
2025-12-04,fold_7,"Inflation bear, AI rally and 2025",-0.0010615075007081032,-1,0.004069102928042412,1,-0.004069102928042412,0.01794207982311491,,,,0,-40.69102928042412,0.003049395978450775,0.004229042213410139,-0.0010615075007081032,0.3288540497593342
2025-12-05,fold_7,"Inflation bear, AI rally and 2025",0.000988996122032404,1,-0.0019203914562240243,-1,-0.0019203914562240243,0.016021688366890885,,,,0,-19.203914562240243,0.009331312030553818,-0.01914352923631668,0.000988996122032404,-0.16451758365576602
2025-12-08,fold_7,"Inflation bear, AI rally and 2025",0.0038940939120948315,1,0.0012326041469350457,1,0.0012326041469350457,0.01725429251382593,,,,1,12.326041469350457,0.0012337155640125275,-0.02225513942539692,0.0038940939120948315,0.10571795040473164
2025-12-09,fold_7,"Inflation bear, AI rally and 2025",0.0009413678199052811,1,0.00408737501129508,1,0.00408737501129508,0.02134166752512101,,,,1,40.8737501129508,0.0022543668746948242,-0.02150787226855755,0.0009413678199052811,0.3860940742634263
2025-12-10,fold_7,"Inflation bear, AI rally and 2025",0.0024028164334595203,1,-0.0032396477181464434,-1,-0.0032396477181464434,0.018102019806974567,,,,0,-32.396477181464434,0.002949092537164688,-0.04430621117353439,0.0024028164334595203,-0.305364873438464
2025-12-11,fold_7,"Inflation bear, AI rally and 2025",0.0018853615038096905,1,-0.019303468987345695,-1,-0.019303468987345695,-0.001201449180371128,,,,0,-193.03468987345695,-0.001552782952785492,-0.02668045461177826,0.0018853615038096905,-1.8155420144186112
2025-12-12,fold_7,"Inflation bear, AI rally and 2025",-0.002641931176185608,-1,-0.005032000597566366,-1,0.005032000597566366,0.003830551417195238,,,,1,50.32000597566366,0.005228061228990555,0.005574300419539213,-0.002641931176185608,-0.47890443142588723
2025-12-15,fold_7,"Inflation bear, AI rally and 2025",0.015312138944864273,1,0.0019798711873590946,1,0.0019798711873590946,0.005810422604554333,,,,1,19.798711873590946,0.004575330764055252,0.01538827270269394,0.015312138944864273,0.18738061852739712
2025-12-16,fold_7,"Inflation bear, AI rally and 2025",0.012549158185720444,1,-0.018710967153310776,-1,-0.018710967153310776,-0.012900544548756443,,,,0,-187.10967153310776,0.0001363120973110199,0.018080780282616615,0.012549158185720444,-1.7991417330474324
2025-12-17,fold_7,"Inflation bear, AI rally and 2025",0.008798109367489815,1,0.014386109076440334,1,0.014386109076440334,0.0014855645276838914,,,,1,143.86109076440334,0.01866937056183815,0.039713069796562195,0.008798109367489815,1.3234520309883862
2025-12-18,fold_7,"Inflation bear, AI rally and 2025",0.010624581016600132,1,0.012951286509633064,1,0.012951286509633064,0.014436851037316956,,,,1,129.51286509633064,0.00397491455078125,0.025262802839279175,0.010624581016600132,1.1504351940592996
2025-12-19,fold_7,"Inflation bear, AI rally and 2025",-0.009491821750998497,-1,0.00478197168558836,1,-0.00478197168558836,0.009654879351728596,,,,0,-47.8197168558836,-0.01625407114624977,0.007459201384335756,-0.009491821750998497,0.4635322635963407
