date,fold,regime,prediction,pred_direction,actual_return,actual_direction,strategy_return,cumulative_return,confidence,aleatoric,epistemic,correct,pnl_bps,B_pred,B_actual,D_pred,D_actual
2008-10-14,fold_1,GFC peak crash (Lehman + Mar-2009 bottom),0.005046363919973373,1,-0.09382425993680954,-1,-0.09382425993680954,-0.09382425993680954,,,,0,-938.2425993680954,0.008912280201911926,-0.06547101587057114,0.005046363919973373,-2.109097253039619
2008-10-15,fold_1,GFC peak crash (Lehman + Mar-2009 bottom),0.0033248141407966614,1,0.05282853543758392,1,0.05282853543758392,-0.040995724499225616,,,,1,528.2853543758392,0.008214212954044342,0.0003273205365985632,0.0033248141407966614,1.1070436320743604
2008-10-16,fold_1,GFC peak crash (Lehman + Mar-2009 bottom),0.002535514533519745,1,0.0012392186326906085,1,0.0012392186326906085,-0.03975650586653501,,,,1,12.392186326906085,0.006507553160190582,-0.05642925575375557,0.002535514533519745,0.02550105319463656
2008-10-17,fold_1,GFC peak crash (Lehman + Mar-2009 bottom),0.004844680428504944,1,0.027482815086841583,1,0.027482815086841583,-0.012273690779693425,,,,1,274.82815086841583,0.011436425149440765,-0.09033822268247604,0.004844680428504944,0.5718398491366828
2008-10-20,fold_1,GFC peak crash (Lehman + Mar-2009 bottom),0.0032899081707000732,1,-0.05319732427597046,-1,-0.05319732427597046,-0.06547101505566388,,,,0,-531.9732427597046,0.010255090892314911,-0.14600127935409546,0.0032899081707000732,-1.12620021320199
2008-10-21,fold_1,GFC peak crash (Lehman + Mar-2009 bottom),0.004270695149898529,1,-0.028025925159454346,-1,-0.028025925159454346,-0.09349694021511823,,,,0,-280.25925159454346,0.011425919830799103,0.011998527683317661,0.004270695149898529,-0.5757042442051474
2008-10-22,fold_1,GFC peak crash (Lehman + Mar-2009 bottom),0.00454426184296608,1,-0.003928040619939566,-1,-0.003928040619939566,-0.0974249808350578,,,,0,-39.28040619939566,0.010846495628356934,0.037510186433792114,0.00454426184296608,-0.08006814480336048
2008-10-23,fold_1,GFC peak crash (Lehman + Mar-2009 bottom),0.003955554217100143,1,-0.03266974538564682,-1,-0.03266974538564682,-0.13009472622070462,,,,0,-326.6974538564682,0.01035928726196289,0.07424870133399963,0.003955554217100143,-0.6675545237896594
2008-10-24,fold_1,GFC peak crash (Lehman + Mar-2009 bottom),0.004956752061843872,1,-0.028180237859487534,-1,-0.028180237859487534,-0.15827496408019215,,,,0,-281.80237859487534,0.011893153190612793,0.10843947529792786,0.004956752061843872,-0.5701113436673966
2008-10-27,fold_1,GFC peak crash (Lehman + Mar-2009 bottom),0.005025576800107956,1,0.10480247437953949,1,0.10480247437953949,-0.05347248970065266,,,,1,1048.024743795395,0.013364918529987335,0.13448895514011383,0.005025576800107956,2.264899617614946
2008-10-28,fold_1,GFC peak crash (Lehman + Mar-2009 bottom),0.00445576012134552,1,-0.002514267573133111,-1,-0.002514267573133111,-0.05598675727378577,,,,0,-25.14267573133111,0.008558571338653564,0.05762910470366478,0.00445576012134552,-0.048841884986909896
2008-10-29,fold_1,GFC peak crash (Lehman + Mar-2009 bottom),0.006193585693836212,1,0.03281047195196152,1,0.03281047195196152,-0.023176285321824253,,,,1,328.1047195196152,0.009656570851802826,0.006586431059986353,0.006193585693836212,0.6380102978731311
2008-10-30,fold_1,GFC peak crash (Lehman + Mar-2009 bottom),0.005089819431304932,1,0.0015210297424346209,1,0.0015210297424346209,-0.021655255579389632,,,,1,15.210297424346209,0.010402210056781769,-0.07195529341697693,0.005089819431304932,0.029885778865258273
2008-10-31,fold_1,GFC peak crash (Lehman + Mar-2009 bottom),0.0038380324840545654,1,-0.002130764303728938,-1,-0.002130764303728938,-0.02378601988311857,,,,0,-21.30764303728938,0.004841342568397522,-0.05307116359472275,0.0038380324840545654,-0.04196421772856818
2008-11-03,fold_1,GFC peak crash (Lehman + Mar-2009 bottom),0.003480609506368637,1,0.027942635118961334,1,0.027942635118961334,0.004156615235842764,,,,1,279.42635118961334,0.00613577663898468,-0.06449751555919647,0.003480609506368637,0.5578122188998867
2008-11-04,fold_1,GFC peak crash (Lehman + Mar-2009 bottom),0.0040361471474170685,1,-0.05355694144964218,-1,-0.05355694144964218,-0.04940032621379942,,,,0,-535.5694144964218,0.0046432167291641235,-0.11445481330156326,0.0040361471474170685,-1.1086007483566258
2008-11-05,fold_1,GFC peak crash (Lehman + Mar-2009 bottom),0.002990376204252243,1,-0.04573125019669533,-1,-0.04573125019669533,-0.09513157641049474,,,,0,-457.3125019669533,0.005790673196315765,-0.10817801207304001,0.002990376204252243,-0.9193969803721691
2008-11-06,fold_1,GFC peak crash (Lehman + Mar-2009 bottom),0.004462461918592453,1,0.020405156537890434,1,0.020405156537890434,-0.07472641987260431,,,,1,204.05156537890434,0.0076533034443855286,-0.0032778142485767603,0.004462461918592453,0.4047481996307721
2008-11-07,fold_1,GFC peak crash (Lehman + Mar-2009 bottom),0.003543667495250702,1,-0.013557118363678455,-1,-0.013557118363678455,-0.08828353823628277,,,,0,-135.57118363678455,0.007122375071048737,-0.07349137961864471,0.003543667495250702,-0.26792465922922915
2008-11-10,fold_1,GFC peak crash (Lehman + Mar-2009 bottom),0.006256192922592163,1,-0.022014662623405457,-1,-0.022014662623405457,-0.11029820085968822,,,,0,-220.14662623405457,0.008975520730018616,-0.08120820671319962,0.006256192922592163,-0.5036393665804041
2008-11-11,fold_1,GFC peak crash (Lehman + Mar-2009 bottom),0.005825653672218323,1,-0.04728014022111893,-1,-0.04728014022111893,-0.15757834108080715,,,,0,-472.80140221118927,0.010450057685375214,-0.060251399874687195,0.005825653672218323,-1.1031007637312877
2008-11-12,fold_1,GFC peak crash (Lehman + Mar-2009 bottom),0.003924708813428879,1,0.05916894972324371,1,0.05916894972324371,-0.09840939135756344,,,,1,591.6894972324371,0.00758371502161026,-0.06660705804824829,0.003924708813428879,1.5233259617194848
2008-11-13,fold_1,GFC peak crash (Lehman + Mar-2009 bottom),0.004294782876968384,1,-0.04980840906500816,-1,-0.04980840906500816,-0.1482178004225716,,,,0,-498.08409065008163,0.004558853805065155,-0.1753859519958496,0.004294782876968384,-1.2675075099672721
2008-11-14,fold_1,GFC peak crash (Lehman + Mar-2009 bottom),0.0044903382658958435,1,-0.02127394825220108,-1,-0.02127394825220108,-0.16949174867477268,,,,0,-212.7394825220108,0.006425850093364716,-0.0830669030547142,0.0044903382658958435,-0.5208683941068185
2008-11-17,fold_1,GFC peak crash (Lehman + Mar-2009 bottom),0.002901695668697357,1,-0.001057852292433381,-1,-0.001057852292433381,-0.17054960096720606,,,,0,-10.57852292433381,0.009128093719482422,-0.0024704299867153168,0.002901695668697357,-0.02601861775965601
2008-11-18,fold_1,GFC peak crash (Lehman + Mar-2009 bottom),0.003769323229789734,1,-0.05363579839468002,-1,-0.05363579839468002,-0.22418539936188608,,,,0,-536.3579839468002,0.00824739784002304,-0.0060164593160152435,0.003769323229789734,-1.3795502580863528
2008-11-19,fold_1,GFC peak crash (Lehman + Mar-2009 bottom),0.003271341323852539,1,-0.049609940499067307,-1,-0.049609940499067307,-0.2737953398609534,,,,0,-496.09940499067307,0.009394504129886627,0.08865413069725037,0.003271341323852539,-1.234032731259152
2008-11-20,fold_1,GFC peak crash (Lehman + Mar-2009 bottom),0.0039246566593647,1,0.042510632425546646,1,0.042510632425546646,-0.23128470743540674,,,,1,425.10632425546646,0.012497641146183014,0.13039687275886536,0.0039246566593647,1.0195702067929981
2008-11-21,fold_1,GFC peak crash (Lehman + Mar-2009 bottom),0.0042009614408016205,1,0.059322528541088104,1,0.059322528541088104,-0.17196217889431864,,,,1,593.225285410881,0.011215053498744965,0.009702088311314583,0.0042009614408016205,1.4078845529535253
2008-11-24,fold_1,GFC peak crash (Lehman + Mar-2009 bottom),0.004548661410808563,1,-0.0046038818545639515,-1,-0.0046038818545639515,-0.1765660607488826,,,,0,-46.038818545639515,0.009124554693698883,-0.016746971756219864,0.004548661410808563,-0.10529690246968396
2008-11-25,fold_1,GFC peak crash (Lehman + Mar-2009 bottom),0.003965847194194794,1,0.04103479161858559,1,0.04103479161858559,-0.135531269130297,,,,1,410.34791618585587,0.00753069669008255,0.015847941860556602,0.003965847194194794,1.111254334073887
2008-11-26,fold_1,GFC peak crash (Lehman + Mar-2009 bottom),0.002019248902797699,1,-0.007867200300097466,-1,-0.007867200300097466,-0.14339846943039447,,,,0,-78.67200300097466,0.006441332399845123,-0.053896866738796234,0.002019248902797699,-0.2067849103956423
2008-11-28,fold_1,GFC peak crash (Lehman + Mar-2009 bottom),0.0031015314161777496,1,-0.07818415015935898,-1,-0.07818415015935898,-0.22158261958975345,,,,0,-781.8415015935898,0.00801137089729309,-0.0062005408108234406,0.0031015314161777496,-2.0920149030097552
2008-12-01,fold_1,GFC peak crash (Lehman + Mar-2009 bottom),0.002069428563117981,1,0.03287346661090851,1,0.03287346661090851,-0.18870915297884494,,,,1,328.7346661090851,0.009571194648742676,0.11061938107013702,0.002069428563117981,0.7967744531761531
2008-12-02,fold_1,GFC peak crash (Lehman + Mar-2009 bottom),0.0021397843956947327,1,0.027991032227873802,1,0.027991032227873802,-0.16071812075097114,,,,1,279.910322278738,0.010566346347332,0.07541601359844208,0.0021397843956947327,0.6679611691128471
2008-12-03,fold_1,GFC peak crash (Lehman + Mar-2009 bottom),0.004943512380123138,1,-0.0287100151181221,-1,-0.0287100151181221,-0.18942813586909324,,,,0,-287.100151181221,0.013200782239437103,0.04408736154437065,0.004943512380123138,-0.6850921338906252
2008-12-04,fold_1,GFC peak crash (Lehman + Mar-2009 bottom),0.005411405116319656,1,0.03982912749052048,1,0.03982912749052048,-0.14959900837857276,,,,1,398.2912749052048,0.01379527896642685,0.04499876871705055,0.005411405116319656,0.9793462647053741
2008-12-05,fold_1,GFC peak crash (Lehman + Mar-2009 bottom),0.005614116787910461,1,0.03863576799631119,1,0.03863576799631119,-0.11096324038226157,,,,1,386.3576799631119,0.014132790267467499,0.025248471647500992,0.005614116787910461,0.9573386069605946
2008-12-08,fold_1,GFC peak crash (Lehman + Mar-2009 bottom),0.005828067660331726,1,-0.0023298992309719324,-1,-0.0023298992309719324,-0.1132931396132335,,,,0,-23.298992309719324,0.015065394341945648,-0.031062552705407143,0.005828067660331726,-0.05680074135595529
2008-12-09,fold_1,GFC peak crash (Lehman + Mar-2009 bottom),0.007490869611501694,1,-0.0033376188948750496,-1,-0.0033376188948750496,-0.11663075850810856,,,,0,-33.376188948750496,0.013318084180355072,0.018161559477448463,0.007490869611501694,-0.08158449891293568
2008-12-10,fold_1,GFC peak crash (Lehman + Mar-2009 bottom),-0.0008297748863697052,-1,-0.0277986079454422,-1,0.0277986079454422,-0.08883215056266636,,,,1,277.986079454422,0.012473911046981812,0.009317740797996521,-0.0008297748863697052,-0.6843648104632636
2008-12-11,fold_1,GFC peak crash (Lehman + Mar-2009 bottom),0.004861414432525635,1,0.020078828558325768,1,0.020078828558325768,-0.06875332200434059,,,,1,200.78828558325768,0.012668676674365997,0.019404899328947067,0.004861414432525635,0.505647258021963
2008-12-12,fold_1,GFC peak crash (Lehman + Mar-2009 bottom),0.0061122700572013855,1,-0.017675256356596947,-1,-0.017675256356596947,-0.08642857836093754,,,,0,-176.75256356596947,0.008752331137657166,0.007497432641685009,0.0061122700572013855,-0.4687346241071723
2008-12-15,fold_1,GFC peak crash (Lehman + Mar-2009 bottom),0.0030728913843631744,1,0.04689421504735947,1,0.04689421504735947,-0.03953436331357807,,,,1,468.94215047359467,0.0075109973549842834,0.003164258087053895,0.0030728913843631744,1.2939084794448272
2008-12-16,fold_1,GFC peak crash (Lehman + Mar-2009 bottom),0.004345819354057312,1,-0.012181437574326992,-1,-0.012181437574326992,-0.05171580088790506,,,,0,-121.81437574326992,0.0031547918915748596,-0.04887895658612251,0.004345819354057312,-0.32546634396738044
2008-12-17,fold_1,GFC peak crash (Lehman + Mar-2009 bottom),0.008574984967708588,1,-0.017711449414491653,-1,-0.017711449414491653,-0.06942725030239671,,,,0,-177.11449414491653,-0.001688845455646515,-0.033948201686143875,0.008574984967708588,-0.4719795642427665
2008-12-18,fold_1,GFC peak crash (Lehman + Mar-2009 bottom),0.00036155804991722107,1,0.008171360939741135,1,0.008171360939741135,-0.06125588936265558,,,,1,81.71360939741135,0.0006726011633872986,-0.01657971180975437,0.00036155804991722107,0.22839322156023914
2008-12-19,fold_1,GFC peak crash (Lehman + Mar-2009 bottom),0.0027397237718105316,1,-0.02200843021273613,-1,-0.02200843021273613,-0.08326431957539171,,,,0,-220.0843021273613,0.0031242817640304565,-0.03302434831857681,0.0027397237718105316,-0.6461012592114418
2008-12-22,fold_1,GFC peak crash (Lehman + Mar-2009 bottom),0.005385410040616989,1,-0.005149002652615309,-1,-0.005149002652615309,-0.08841332222800702,,,,0,-51.49002652615309,0.0060362741351127625,0.009539843536913395,0.005385410040616989,-0.1556607008643919
2008-12-23,fold_1,GFC peak crash (Lehman + Mar-2009 bottom),-0.0007068328559398651,-1,0.0027493173256516457,1,-0.0027493173256516457,-0.09116263955365866,,,,0,-27.493173256516457,0.00460265576839447,0.0231305118650198,-0.0007068328559398651,0.09066467300399882
2008-12-24,fold_1,GFC peak crash (Lehman + Mar-2009 bottom),0.0004489608108997345,1,-0.0003429576463531703,-1,-0.0003429576463531703,-0.09150559720001183,,,,0,-3.4295764635317028,0.00040446966886520386,0.06284288316965103,0.0004489608108997345,-0.01131396397522408
2008-12-26,fold_1,GFC peak crash (Lehman + Mar-2009 bottom),0.0045621395111083984,1,-0.008273275569081306,-1,-0.008273275569081306,-0.09977887276909314,,,,0,-82.73275569081306,0.0033556893467903137,0.06286349147558212,0.0045621395111083984,-0.28636381278925166
2008-12-29,fold_1,GFC peak crash (Lehman + Mar-2009 bottom),0.0012391172349452972,1,0.020555762574076653,1,0.020555762574076653,-0.07922311019501649,,,,1,205.55762574076653,0.005161814391613007,0.08108048141002655,0.0012391172349452972,0.7113592667332982
2008-12-30,fold_1,GFC peak crash (Lehman + Mar-2009 bottom),0.0010416507720947266,1,0.008441665209829807,1,0.008441665209829807,-0.07078144498518668,,,,1,84.41665209829807,-0.004251435399055481,0.0317063182592392,0.0010416507720947266,0.359792261687734
2008-12-31,fold_1,GFC peak crash (Lehman + Mar-2009 bottom),0.0009163916110992432,1,0.042461689561605453,1,0.042461689561605453,-0.028319755423581228,,,,1,424.61689561605453,-0.005027800798416138,0.033722203224897385,0.0009163916110992432,1.8988990613166399
2009-01-02,fold_1,GFC peak crash (Lehman + Mar-2009 bottom),0.0005943849682807922,1,-0.00032235000981017947,-1,-0.00032235000981017947,-0.028642105433391407,,,,0,-3.2235000981017947,-0.010471992194652557,-0.03142658993601799,0.0005943849682807922,-0.013732587060522822
2009-01-05,fold_1,GFC peak crash (Lehman + Mar-2009 bottom),-0.0016822703182697296,-1,0.00994371809065342,1,-0.00994371809065342,-0.03858582352404483,,,,0,-99.4371809065342,-0.007884226739406586,-0.04956405982375145,-0.0016822703182697296,0.440405604963444
2009-01-06,fold_1,GFC peak crash (Lehman + Mar-2009 bottom),-0.002441275864839554,-1,-0.028818404302001,-1,0.028818404302001,-0.009767419222043827,,,,1,288.18404302001,-0.003292001783847809,-0.0591689758002758,-0.002441275864839554,-1.38107552841447
2009-01-07,fold_1,GFC peak crash (Lehman + Mar-2009 bottom),0.002101857215166092,1,0.010457552038133144,1,0.010457552038133144,0.0006901328160893172,,,,1,104.57552038133144,-0.004278816282749176,-0.06130253151059151,0.002101857215166092,0.5213772021956417
2009-01-08,fold_1,GFC peak crash (Lehman + Mar-2009 bottom),-0.003945402801036835,-1,-0.02268710546195507,-1,0.02268710546195507,0.023377238278044388,,,,1,226.8710546195507,0.005703844130039215,-0.05547646805644035,-0.003945402801036835,-1.123864984696404
2009-01-09,fold_1,GFC peak crash (Lehman + Mar-2009 bottom),0.003142431378364563,1,-0.018459821119904518,-1,-0.018459821119904518,0.00491741715813987,,,,0,-184.59821119904518,0.019018270075321198,-0.021853338927030563,0.003142431378364563,-0.8874499725674849
2009-01-12,fold_1,GFC peak crash (Lehman + Mar-2009 bottom),0.008245665580034256,1,0.00033880159026011825,1,0.00033880159026011825,0.005256218748399988,,,,1,3.3880159026011825,0.011395864188671112,-0.05429340526461601,0.008245665580034256,0.016710213945114464
2009-01-13,fold_1,GFC peak crash (Lehman + Mar-2009 bottom),0.010534118860960007,1,-0.030951958149671555,-1,-0.030951958149671555,-0.025695739401271567,,,,0,-309.51958149671555,0.006261609494686127,-0.012951979413628578,0.010534118860960007,-1.5654513740687834
2009-01-14,fold_1,GFC peak crash (Lehman + Mar-2009 bottom),0.008231077343225479,1,0.016283614560961723,1,0.016283614560961723,-0.009412124840309843,,,,1,162.83614560961723,0.008014194667339325,0.0045303646475076675,0.008231077343225479,0.7915411764355298
2009-01-15,fold_1,GFC peak crash (Lehman + Mar-2009 bottom),0.006800424307584763,1,0.01093602366745472,1,0.01093602366745472,0.0015238988271448761,,,,1,109.3602366745472,0.015389569103717804,-0.006897205486893654,0.006800424307584763,0.6052141544043578
2009-01-16,fold_1,GFC peak crash (Lehman + Mar-2009 bottom),0.0030920840799808502,1,-0.05089988932013512,-1,-0.05089988932013512,-0.04937599049299024,,,,0,-508.99889320135117,0.011656858026981354,-0.010592788457870483,0.0030920840799808502,-2.823098035338528
2009-01-20,fold_1,GFC peak crash (Lehman + Mar-2009 bottom),0.0020572729408740997,1,0.0416802279651165,1,0.0416802279651165,-0.00769576252787374,,,,1,416.802279651165,0.020139962434768677,0.04749481379985809,0.0020572729408740997,1.9894501200614343
2009-01-21,fold_1,GFC peak crash (Lehman + Mar-2009 bottom),0.004192277789115906,1,-0.013469614088535309,-1,-0.013469614088535309,-0.02116537661640905,,,,0,-134.6961408853531,0.01023789495229721,0.04034192115068436,0.004192277789115906,-0.5892937199583155
2009-01-22,fold_1,GFC peak crash (Lehman + Mar-2009 bottom),0.0013912618160247803,1,0.004856044892221689,1,0.004856044892221689,-0.01630933172418736,,,,1,48.56044892221689,0.012321211397647858,0.02811305969953537,0.0013912618160247803,0.21559962684167613
2009-01-23,fold_1,GFC peak crash (Lehman + Mar-2009 bottom),0.0024617575109004974,1,0.00724044069647789,1,0.00724044069647789,-0.00906889102770947,,,,1,72.4044069647789,0.01079828292131424,0.005520956590771675,0.0024617575109004974,0.32150893117112656
2009-01-26,fold_1,GFC peak crash (Lehman + Mar-2009 bottom),0.001903768628835678,1,0.007187714800238609,1,0.007187714800238609,-0.0018811762274708599,,,,1,71.8771480023861,0.007931411266326904,0.01025271974503994,0.001903768628835678,0.318464132859641
2009-01-27,fold_1,GFC peak crash (Lehman + Mar-2009 bottom),0.0009334869682788849,1,0.034527335315942764,1,0.034527335315942764,0.032646159088471904,,,,1,345.27335315942764,0.01177845150232315,0.018584955483675003,0.0009334869682788849,1.5259379429002036
2009-01-28,fold_1,GFC peak crash (Lehman + Mar-2009 bottom),0.0020191967487335205,1,-0.025698475539684296,-1,-0.025698475539684296,0.006947683548787609,,,,0,-256.98475539684296,0.011373527348041534,-0.01460401713848114,0.0020191967487335205,-1.0781286776485335
2009-01-29,fold_1,GFC peak crash (Lehman + Mar-2009 bottom),0.0016117431223392487,1,-0.017736058682203293,-1,-0.017736058682203293,-0.010788375133415684,,,,0,-177.36058682203293,0.01126398891210556,0.032920949161052704,0.0016117431223392487,-0.7364133233704658
2009-01-30,fold_1,GFC peak crash (Lehman + Mar-2009 bottom),0.0019758567214012146,1,0.011972203850746155,1,0.011972203850746155,0.0011838287173304707,,,,1,119.72203850746155,0.014812193810939789,0.07648946344852448,0.0019758567214012146,0.4919620198706491
2009-02-02,fold_1,GFC peak crash (Lehman + Mar-2009 bottom),0.004322931170463562,1,0.015519951470196247,1,0.015519951470196247,0.016703780187526718,,,,1,155.19951470196247,0.012855760753154755,0.06865273416042328,0.004322931170463562,0.6877479031448788
2009-02-03,fold_1,GFC peak crash (Lehman + Mar-2009 bottom),0.0027756541967391968,1,0.0013383622281253338,1,0.0013383622281253338,0.01804214241565205,,,,1,13.383622281253338,0.013025015592575073,0.015612514689564705,0.0027756541967391968,0.05861908332521261
2009-02-04,fold_1,GFC peak crash (Lehman + Mar-2009 bottom),0.0026430822908878326,1,0.021826492622494698,1,0.021826492622494698,0.03986863503814675,,,,1,218.26492622494698,0.016579754650592804,0.009649120271205902,0.0026430822908878326,0.9604636281767396
2009-02-05,fold_1,GFC peak crash (Lehman + Mar-2009 bottom),0.004498198628425598,1,0.02583245187997818,1,0.02583245187997818,0.06570108691812493,,,,1,258.3245187997818,0.016183964908123016,0.0,0.004498198628425598,1.1567459466344763
2009-02-06,fold_1,GFC peak crash (Lehman + Mar-2009 bottom),0.004258371889591217,1,0.004135478753596544,1,0.004135478753596544,0.06983656567172147,,,,1,41.35478753596544,0.01318754255771637,-0.030422896146774292,0.004258371889591217,0.18020994654689176
2009-02-09,fold_1,GFC peak crash (Lehman + Mar-2009 bottom),0.0031832940876483917,1,-0.03752027079463005,-1,-0.03752027079463005,0.03231629487709142,,,,0,-375.2027079463005,0.009453810751438141,-0.07513406872749329,0.0031832940876483917,-1.6750522774946477
2009-02-10,fold_1,GFC peak crash (Lehman + Mar-2009 bottom),0.0031227171421051025,1,-0.004625031724572182,-1,-0.004625031724572182,0.02769126315251924,,,,0,-46.25031724572182,0.013602972030639648,-0.03692920506000519,0.0031227171421051025,-0.1963064211528487
2009-02-11,fold_1,GFC peak crash (Lehman + Mar-2009 bottom),0.0057753510773181915,1,0.01217737141996622,1,0.01217737141996622,0.03986863457248546,,,,1,121.77371419966221,0.013317413628101349,-0.04781389608979225,0.0057753510773181915,0.5163659305223878
2009-02-12,fold_1,GFC peak crash (Lehman + Mar-2009 bottom),0.0026506856083869934,1,-0.004590444266796112,-1,-0.004590444266796112,0.03527819030568935,,,,0,-45.90444266796112,0.01779777556657791,-0.057216279208660126,0.0026506856083869934,-0.20214900412444273
2009-02-13,fold_1,GFC peak crash (Lehman + Mar-2009 bottom),0.0056953392922878265,1,-0.04057569429278374,-1,-0.04057569429278374,-0.005297503987094387,,,,0,-405.7569429278374,0.020660437643527985,-0.08823682367801666,0.0056953392922878265,-1.8083558163302977
2009-02-17,fold_1,GFC peak crash (Lehman + Mar-2009 bottom),0.0048971027135849,1,0.000684593163896352,1,0.000684593163896352,-0.004612910823198035,,,,1,6.8459316389635205,0.03075975924730301,-0.015172178857028484,0.0048971027135849,0.02843112078509613
2009-02-18,fold_1,GFC peak crash (Lehman + Mar-2009 bottom),0.004996415227651596,1,-0.015509720891714096,-1,-0.015509720891714096,-0.02012263171491213,,,,0,-155.09720891714096,0.021694079041481018,-0.022480914369225502,0.004996415227651596,-0.7309061935277794
2009-02-19,fold_1,GFC peak crash (Lehman + Mar-2009 bottom),0.004465177655220032,1,0.002774988068267703,1,0.002774988068267703,-0.01734764364664443,,,,1,27.74988068267703,0.019974976778030396,-0.03535139560699463,0.004465177655220032,0.14321432013255497
2009-02-20,fold_1,GFC peak crash (Lehman + Mar-2009 bottom),0.0006408058106899261,1,-0.03561098873615265,-1,-0.03561098873615265,-0.05295863238279708,,,,0,-356.1098873615265,0.01890484243631363,-0.04752684384584427,0.0006408058106899261,-1.8594837500008825
2009-02-23,fold_1,GFC peak crash (Lehman + Mar-2009 bottom),0.0036039240658283234,1,0.032488949596881866,1,0.032488949596881866,-0.02046968278591521,,,,1,324.88949596881866,0.016305506229400635,-0.04477813467383385,0.0036039240658283234,1.5686010459481285
2009-02-24,fold_1,GFC peak crash (Lehman + Mar-2009 bottom),0.003451470285654068,1,-0.00662414263933897,-1,-0.00662414263933897,-0.02709382542525418,,,,0,-66.2414263933897,0.010271407663822174,-0.0780186802148819,0.003451470285654068,-0.3026191429693795
2009-02-25,fold_1,GFC peak crash (Lehman + Mar-2009 bottom),0.002501748502254486,1,-0.028380202129483223,-1,-0.028380202129483223,-0.055474027554737404,,,,0,-283.80202129483223,0.010124847292900085,-0.04507232457399368,0.002501748502254486,-1.2970558461101405
2009-02-26,fold_1,GFC peak crash (Lehman + Mar-2009 bottom),0.001377783715724945,1,-0.009400458075106144,-1,-0.009400458075106144,-0.06487448562984355,,,,0,-94.00458075106144,0.00936814397573471,-0.04715467616915703,0.001377783715724945,-0.4385750530238969
2009-02-27,fold_1,GFC peak crash (Lehman + Mar-2009 bottom),0.0020634829998016357,1,-0.03286227956414223,-1,-0.03286227956414223,-0.09773676519398578,,,,0,-328.6227956414223,0.009022578597068787,-0.045707352459430695,0.0020634829998016357,-1.5832543341428431
2009-03-02,fold_1,GFC peak crash (Lehman + Mar-2009 bottom),0.0022850781679153442,1,-0.000751598970964551,-1,-0.000751598970964551,-0.09848836416495033,,,,0,-7.51598970964551,0.011382624506950378,-0.03436747193336487,0.0022850781679153442,-0.034702426339665096
2009-03-03,fold_1,GFC peak crash (Lehman + Mar-2009 bottom),0.0020750053226947784,1,0.026322215795516968,1,0.026322215795516968,-0.07216614836943336,,,,1,263.2221579551697,0.01473284512758255,0.026322215795516968,0.0020750053226947784,1.2246895328254972
2009-03-04,fold_1,GFC peak crash (Lehman + Mar-2009 bottom),0.0025398097932338715,1,-0.030462555587291718,-1,-0.030462555587291718,-0.10262870395672508,,,,0,-304.6255558729172,0.014299191534519196,0.015251108445227146,0.0025398097932338715,-1.3838793595797154
2009-03-05,fold_1,GFC peak crash (Lehman + Mar-2009 bottom),0.003863506019115448,1,-0.007953135296702385,-1,-0.007953135296702385,-0.11058183925342746,,,,0,-79.53135296702385,0.01743476092815399,0.0783289447426796,0.003863506019115448,-0.34518343722180445
2009-03-06,fold_1,GFC peak crash (Lehman + Mar-2009 bottom),0.004007641226053238,1,-0.0215223990380764,-1,-0.0215223990380764,-0.13210423829150386,,,,0,-215.223990380764,0.013413995504379272,0.08872090280056,0.004007641226053238,-0.9528420129139734
2009-03-09,fold_1,GFC peak crash (Lehman + Mar-2009 bottom),0.004080276936292648,1,0.059938088059425354,1,0.059938088059425354,-0.07216615023207851,,,,1,599.3808805942535,0.014719463884830475,0.093400739133358,0.004080276936292648,2.6805293227550755
2009-03-10,fold_1,GFC peak crash (Lehman + Mar-2009 bottom),0.002996150404214859,1,0.015251108445227146,1,0.015251108445227146,-0.05691504178685136,,,,1,152.51108445227146,0.013400137424468994,0.07062570750713348,0.002996150404214859,0.5853840661056128
2009-03-11,fold_1,GFC peak crash (Lehman + Mar-2009 bottom),0.002740684896707535,1,0.03261528164148331,1,0.03261528164148331,-0.024299760145368055,,,,1,326.15281641483307,0.012468941509723663,0.0679113119840622,0.002740684896707535,1.3098519365463446
2009-03-12,fold_1,GFC peak crash (Lehman + Mar-2009 bottom),0.0021729841828346252,1,0.0024388229940086603,1,0.0024388229940086603,-0.021860937151359394,,,,1,24.388229940086603,0.013719603419303894,0.03462249040603638,0.0021729841828346252,0.09407075065924828
2009-03-13,fold_1,GFC peak crash (Lehman + Mar-2009 bottom),0.0038487762212753296,1,-0.016842564567923546,-1,-0.016842564567923546,-0.03870350171928294,,,,0,-168.42564567923546,0.014638274908065796,0.0168460663408041,0.0038487762212753296,-0.6531217118920715
2009-03-16,fold_1,GFC peak crash (Lehman + Mar-2009 bottom),0.0026816315948963165,1,0.037163060158491135,1,0.037163060158491135,-0.0015404415607918054,,,,1,371.63060158491135,0.0164584219455719,0.09096124023199081,0.0026816315948963165,1.4270914904074783
2009-03-17,fold_1,GFC peak crash (Lehman + Mar-2009 bottom),0.002462390810251236,1,0.012536708265542984,1,0.012536708265542984,0.010996266704751179,,,,1,125.36708265542984,0.016895785927772522,0.03517917916178703,0.002462390810251236,0.48619827721992376
2009-03-18,fold_1,GFC peak crash (Lehman + Mar-2009 bottom),0.003618616610765457,1,-0.000673539936542511,-1,-0.000673539936542511,0.010322726768208668,,,,0,-6.73539936542511,0.01762060821056366,0.02724788524210453,0.003618616610765457,-0.025968645943417606
2009-03-19,fold_1,GFC peak crash (Lehman + Mar-2009 bottom),0.002921510487794876,1,-0.015337600372731686,-1,-0.015337600372731686,-0.005014873604523018,,,,0,-153.37600372731686,0.016803421080112457,0.05830502137541771,0.002921510487794876,-0.5966964858352954
2009-03-20,fold_1,GFC peak crash (Lehman + Mar-2009 bottom),0.003914710134267807,1,0.05727260932326317,1,0.05727260932326317,0.05225773571874015,,,,1,572.7260932326317,0.020176775753498077,0.05468008294701576,0.003914710134267807,2.2092033033287364
2009-03-23,fold_1,GFC peak crash (Lehman + Mar-2009 bottom),0.0044797733426094055,1,-0.018618999049067497,-1,-0.018618999049067497,0.03363873666967265,,,,0,-186.18999049067497,0.011935576796531677,-0.027560722082853317,0.0044797733426094055,-0.6698162405411248
2009-03-24,fold_1,GFC peak crash (Lehman + Mar-2009 bottom),0.002608988434076309,1,0.0046054162085056305,1,0.0046054162085056305,0.038244152878178284,,,,1,46.054162085056305,0.010363303124904633,-0.00033004675060510635,0.002608988434076309,0.16961509548873643
2009-03-25,fold_1,GFC peak crash (Lehman + Mar-2009 bottom),0.005089722573757172,1,0.03038359433412552,1,0.03038359433412552,0.0686277472123038,,,,1,303.8359433412552,0.0034594014286994934,0.00979765597730875,0.005089722573757172,1.1198733440510578
2009-03-26,fold_1,GFC peak crash (Lehman + Mar-2009 bottom),0.0070946104824543,1,-0.018962539732456207,-1,-0.018962539732456207,0.049665207479847595,,,,0,-189.62539732456207,0.006407797336578369,0.011081703938543797,0.0070946104824543,-0.6961401824098795
2009-03-27,fold_1,GFC peak crash (Lehman + Mar-2009 bottom),0.008172791451215744,1,-0.024968193843960762,-1,-0.024968193843960762,0.024697013635886833,,,,0,-249.68193843960762,0.007579021155834198,0.048450127243995667,0.008172791451215744,-0.9083529903405672
2009-03-30,fold_1,GFC peak crash (Lehman + Mar-2009 bottom),0.00808151438832283,1,0.008611675351858139,1,0.008611675351858139,0.03330868898774497,,,,1,86.11675351858139,0.00706934928894043,0.0709424838423729,0.00808151438832283,0.31813871412694694
2011-09-15,fold_2,2011 US-downgrade + EU debt,-0.0015450119972229004,-1,0.009124577045440674,1,-0.009124577045440674,-0.009124577045440674,,,,0,-91.24577045440674,0.0016780048608779907,-0.04553168639540672,-0.0015450119972229004,0.4347056708931124
2011-09-16,fold_2,2011 US-downgrade + EU debt,-0.0016622580587863922,-1,0.0003535690775606781,1,-0.0003535690775606781,-0.009478146123001352,,,,0,-3.5356907756067812,0.0038252994418144226,-0.04407443106174469,-0.0016622580587863922,0.01982427670138496
2011-09-19,fold_2,2011 US-downgrade + EU debt,0.0011713877320289612,1,-0.004426280502229929,-1,-0.004426280502229929,-0.013904426625231281,,,,0,-44.26280502229929,0.009977027773857117,-0.032860659062862396,0.0011713877320289612,-0.2549162745851953
2011-09-20,fold_2,2011 US-downgrade + EU debt,0.001049179583787918,1,-0.01754116453230381,-1,-0.01754116453230381,-0.03144559115753509,,,,0,-175.4116453230381,0.01864667981863022,-0.018082918599247932,0.001049179583787918,-1.0096621780694353
2011-09-21,fold_2,2011 US-downgrade + EU debt,-0.001844547688961029,-1,-0.033042386174201965,-1,0.033042386174201965,0.0015967950166668743,,,,1,330.42386174201965,0.026079565286636353,-0.015467620454728603,-0.001844547688961029,-2.152660066156558
2011-09-22,fold_2,2011 US-downgrade + EU debt,0.0010450668632984161,1,0.010581832379102707,1,0.010581832379102707,0.012178627395769581,,,,1,105.81832379102707,0.030107617378234863,0.005583454854786396,0.0010450668632984161,0.6244651039168694
2011-09-23,fold_2,2011 US-downgrade + EU debt,-0.007425051182508469,-1,0.011567340232431889,1,-0.011567340232431889,0.0006112871633376926,,,,0,-115.67340232431889,0.03449808806180954,-0.031135154888033867,-0.007425051182508469,0.6922635135380182
2011-09-26,fold_2,2011 US-downgrade + EU debt,0.008393537253141403,1,0.010351460427045822,1,0.010351460427045822,0.010962747590383515,,,,1,103.51460427045822,0.03569579869508743,-0.06875809282064438,0.008393537253141403,0.647964709418546
2011-09-27,fold_2,2011 US-downgrade + EU debt,0.012494925409555435,1,-0.014925866387784481,-1,-0.014925866387784481,-0.003963118797400966,,,,0,-149.2586638778448,0.02777564525604248,-0.058785609900951385,0.012494925409555435,-0.9999033511891946
2011-09-28,fold_2,2011 US-downgrade + EU debt,-0.00018898025155067444,-1,-0.011991309933364391,-1,0.011991309933364391,0.008028191135963425,,,,1,119.91309933364391,0.018845930695533752,-0.018508419394493103,-0.00018898025155067444,-0.7875993579204961
2011-09-29,fold_2,2011 US-downgrade + EU debt,0.005046121776103973,1,-0.02613677829504013,-1,-0.02613677829504013,-0.018108587159076706,,,,0,-261.3677829504013,0.013163991272449493,0.010155943222343922,0.005046121776103973,-1.691140593132799
2011-09-30,fold_2,2011 US-downgrade + EU debt,0.004660569131374359,1,-0.02605559676885605,-1,-0.02605559676885605,-0.044164183927932754,,,,0,-260.5559676885605,0.020718581974506378,0.029656758531928062,0.004660569131374359,-1.5890624264028668
2011-10-03,fold_2,2011 US-downgrade + EU debt,0.0042235516011714935,1,0.020323943346738815,1,0.020323943346738815,-0.02384024058119394,,,,1,203.23943346738815,0.020346976816654205,0.08971229940652847,0.0042235516011714935,1.2264255117918808
2011-10-04,fold_2,2011 US-downgrade + EU debt,0.004510652273893356,1,0.025351323187351227,1,0.025351323187351227,0.001511082606157288,,,,1,253.51323187351227,0.017330236732959747,0.07615866512060165,0.004510652273893356,1.4753303773046933
2011-10-05,fold_2,2011 US-downgrade + EU debt,0.0044796280562877655,1,0.016673052683472633,1,0.016673052683472633,0.01818413528962992,,,,1,166.73052683472633,0.01776113361120224,0.05576667934656143,0.0044796280562877655,0.9689172428878959
2011-10-06,fold_2,2011 US-downgrade + EU debt,0.0035900436341762543,1,-0.006635963451117277,-1,-0.006635963451117277,0.011548171838512644,,,,0,-66.35963451117277,0.016019314527511597,0.04823896661400795,0.0035900436341762543,-0.37753096585769524
2011-10-07,fold_2,2011 US-downgrade + EU debt,0.005277492105960846,1,0.03399994224309921,1,0.03399994224309921,0.04554811408161186,,,,1,339.9994224309921,0.01669812947511673,0.07326241582632065,0.005277492105960846,2.0109698426755127
2011-10-10,fold_2,2011 US-downgrade + EU debt,0.004399646073579788,1,0.006770310457795858,1,0.006770310457795858,0.052318424539407715,,,,1,67.70310457795858,0.011549696326255798,0.023672057315707207,0.004399646073579788,0.36958041822768833
2011-10-11,fold_2,2011 US-downgrade + EU debt,0.002640746533870697,1,0.004959336947649717,1,0.004959336947649717,0.05727776148705743,,,,1,49.59336947649717,0.012095101177692413,0.029220879077911377,0.002640746533870697,0.27339337368955224
2011-10-12,fold_2,2011 US-downgrade + EU debt,0.00022645294666290283,1,0.009145340882241726,1,0.009145340882241726,0.06642310236929916,,,,1,91.45340882241726,0.010178402066230774,0.004759124014526606,0.00022645294666290283,0.5110648573448996
2011-10-13,fold_2,2011 US-downgrade + EU debt,0.0028239265084266663,1,0.018387483432888985,1,0.018387483432888985,0.08481058580218814,,,,1,183.87483432888985,0.010126471519470215,-0.00932210311293602,0.0028239265084266663,1.0383404829196792
2011-10-14,fold_2,2011 US-downgrade + EU debt,0.0014731287956237793,1,-0.015590416267514229,-1,-0.015590416267514229,0.06922016953467391,,,,0,-155.9041626751423,0.006844036281108856,-0.015241407789289951,0.0014731287956237793,-0.8630311332953978
2011-10-17,fold_2,2011 US-downgrade + EU debt,0.0027114972472190857,1,0.012319132685661316,1,0.012319132685661316,0.08153930222033523,,,,1,123.19132685661316,0.011683434247970581,0.02090400457382202,0.0027114972472190857,0.6695962803549923
2011-10-18,fold_2,2011 US-downgrade + EU debt,0.0023806989192962646,1,-0.019502418115735054,-1,-0.019502418115735054,0.062036884104600176,,,,0,-195.02418115735054,0.011118009686470032,-0.011272321455180645,0.0023806989192962646,-1.0498388879697274
2011-10-19,fold_2,2011 US-downgrade + EU debt,0.004536692053079605,1,-0.004935885779559612,-1,-0.004935885779559612,0.057100998325040564,,,,0,-49.35885779559612,0.010120309889316559,0.007008848246186972,0.004536692053079605,-0.26431722574440353
2011-10-20,fold_2,2011 US-downgrade + EU debt,0.008294504135847092,1,0.012468178756535053,1,0.012468178756535053,0.06956917708157562,,,,1,124.68178756535053,0.01291310042142868,0.03915964812040329,0.008294504135847092,0.7254950301428739
2011-10-21,fold_2,2011 US-downgrade + EU debt,0.010269209742546082,1,0.02055499702692032,1,0.02055499702692032,0.09012417410849594,,,,1,205.5499702692032,0.005270928144454956,0.028219684958457947,0.010269209742546082,1.1916707960141402
2011-10-24,fold_2,2011 US-downgrade + EU debt,0.007335219532251358,1,-0.019857194274663925,-1,-0.019857194274663925,0.07026697983383201,,,,0,-198.57194274663925,0.014283426105976105,-0.009274552576243877,0.007335219532251358,-1.1242654227451692
2011-10-25,fold_2,2011 US-downgrade + EU debt,0.006528578698635101,1,-0.0012212475994601846,-1,-0.0012212475994601846,0.06904573223437183,,,,0,-12.212475994601846,0.012870058417320251,-0.01582009345293045,0.006528578698635101,-0.06760576848215083
2011-10-26,fold_2,2011 US-downgrade + EU debt,0.0030375123023986816,1,0.027214914560317993,1,0.027214914560317993,0.09626064679468982,,,,1,272.14914560317993,0.002189837396144867,-0.006130612455308437,0.0030375123023986816,1.5327721267443946
2011-10-27,fold_2,2011 US-downgrade + EU debt,0.0001924671232700348,1,0.0015282155945897102,1,0.0015282155945897102,0.09778886238927953,,,,1,15.282155945897102,0.01271481066942215,-0.012826281599700451,0.0001924671232700348,0.08226495855020724
2011-10-28,fold_2,2011 US-downgrade + EU debt,0.006851658225059509,1,-0.01693923957645893,-1,-0.01693923957645893,0.0808496228128206,,,,0,-169.3923957645893,0.006021365523338318,-0.019531505182385445,0.006851658225059509,-0.9604499301628657
2011-10-31,fold_2,2011 US-downgrade + EU debt,-0.002026200294494629,-1,-0.026402734220027924,-1,0.026402734220027924,0.10725235703284852,,,,1,264.02734220027924,0.01362590491771698,0.004476445727050304,-0.002026200294494629,-1.5465390044523744
2011-11-01,fold_2,2011 US-downgrade + EU debt,-0.0015353038907051086,-1,0.008468233048915863,1,-0.008468233048915863,0.09878412398393266,,,,0,-84.68233048915863,0.01742083579301834,0.04232337325811386,-0.0015353038907051086,0.48436570043620525
2011-11-02,fold_2,2011 US-downgrade + EU debt,0.00425339862704277,1,0.02051924541592598,1,0.02051924541592598,0.11930336939985864,,,,1,205.1924541592598,0.006477043032646179,-0.0019340838771313429,0.00425339862704277,1.2326345198031936
2011-11-03,fold_2,2011 US-downgrade + EU debt,0.01232338696718216,1,-0.005177008453756571,-1,-0.005177008453756571,0.11412636094610207,,,,0,-51.77008453756571,0.010517098009586334,-0.022981518879532814,0.01232338696718216,-0.3070564506044192
2011-11-04,fold_2,2011 US-downgrade + EU debt,0.006063148379325867,1,0.007068710867315531,1,0.007068710867315531,0.1211950718134176,,,,1,70.68710867315531,0.008808344602584839,0.0008646357455290854,0.006063148379325867,0.4198931974338946
2011-11-07,fold_2,2011 US-downgrade + EU debt,0.0031906813383102417,1,0.011444195173680782,1,0.011444195173680782,0.13263926698709838,,,,1,114.44195173680782,-0.0029300376772880554,-0.012446429580450058,0.0031906813383102417,0.7577434176658022
2011-11-08,fold_2,2011 US-downgrade + EU debt,0.0026044026017189026,1,-0.03578922525048256,-1,-0.03578922525048256,0.09685004173661582,,,,0,-357.8922525048256,-0.0043736472725868225,-0.012819630093872547,0.0026044026017189026,-2.3478716767528267
2011-11-09,fold_2,2011 US-downgrade + EU debt,-0.0016597621142864227,-1,-0.0005281896446831524,-1,0.0005281896446831524,0.09737823138129897,,,,1,5.281896446831524,0.011939011514186859,0.006316989194601774,-0.0016597621142864227,-0.030743494779457137
2011-11-10,fold_2,2011 US-downgrade + EU debt,-0.00550590455532074,-1,0.018669145181775093,1,-0.018669145181775093,0.07870908619952388,,,,0,-186.69145181775093,-0.018538393080234528,-0.016872424632310867,-0.00550590455532074,1.0943993430677403
2011-11-11,fold_2,2011 US-downgrade + EU debt,-0.0032995305955410004,-1,-0.006242354400455952,-1,0.006242354400455952,0.08495144059997983,,,,1,62.42354400455952,0.012604601681232452,-0.04327357932925224,-0.0032995305955410004,-0.3656038217529387
2011-11-14,fold_2,2011 US-downgrade + EU debt,-0.003373771905899048,-1,0.011070994660258293,1,-0.011070994660258293,0.07388044593972154,,,,0,-110.70994660258293,0.027459241449832916,-0.056350450962781906,-0.003373771905899048,0.660064405187602
2011-11-15,fold_2,2011 US-downgrade + EU debt,-0.0027058087289333344,-1,-0.016652606427669525,-1,0.016652606427669525,0.09053305236739106,,,,1,166.52606427669525,0.025907181203365326,-0.06411396712064743,-0.0027058087289333344,-0.9954319296180413
2011-11-16,fold_2,2011 US-downgrade + EU debt,0.00824274867773056,1,-0.023717602714896202,-1,-0.023717602714896202,0.06681544965249486,,,,0,-237.17602714896202,0.014685995876789093,-0.07028059661388397,0.00824274867773056,-1.4309837360810318
2011-11-17,fold_2,2011 US-downgrade + EU debt,0.005089417099952698,1,-0.007732008118182421,-1,-0.007732008118182421,0.05908344153431244,,,,0,-77.32008118182421,0.034722425043582916,-0.05428644269704819,0.005089417099952698,-0.44520972628588534
2011-11-18,fold_2,2011 US-downgrade + EU debt,0.007686097174882889,1,-0.01931922696530819,-1,-0.01931922696530819,0.03976421456900425,,,,0,-193.1922696530819,0.016339823603630066,-0.012350264005362988,0.007686097174882889,-1.1213304566334896
2011-11-21,fold_2,2011 US-downgrade + EU debt,0.008903779089450836,1,0.003307477105408907,1,0.003307477105408907,0.04307169167441316,,,,1,33.07477105408907,0.027195461094379425,0.0007365956553258002,0.008903779089450836,0.1927749391665025
2011-11-22,fold_2,2011 US-downgrade + EU debt,0.007767416536808014,1,-0.022819234058260918,-1,-0.022819234058260918,0.020252457616152242,,,,0,-228.19234058260918,0.023002982139587402,0.03372405469417572,0.007767416536808014,-1.3755493653767066
2011-11-23,fold_2,2011 US-downgrade + EU debt,0.00813337042927742,1,-0.00772344833239913,-1,-0.00772344833239913,0.012529009283753112,,,,0,-77.2344833239913,0.01839236170053482,0.06343542039394379,0.00813337042927742,-0.4450522951381622
2011-11-25,fold_2,2011 US-downgrade + EU debt,0.007975254207849503,1,0.03420417010784149,1,0.03420417010784149,0.046733179391594604,,,,1,342.0417010784149,0.01722078025341034,0.06833713501691818,0.007975254207849503,2.0928216108284197
2011-11-28,fold_2,2011 US-downgrade + EU debt,0.00525173544883728,1,-0.006232367362827063,-1,-0.006232367362827063,0.04050081202876754,,,,0,-62.323673628270626,0.009971372783184052,0.045023635029792786,0.00525173544883728,-0.3454483536275587
2011-11-29,fold_2,2011 US-downgrade + EU debt,0.004454810172319412,1,0.03629493713378906,1,0.03629493713378906,0.0767957491625566,,,,1,362.9493713378906,0.008944086730480194,0.048457056283950806,0.004454810172319412,2.051226385858985
2011-11-30,fold_2,2011 US-downgrade + EU debt,0.00357915461063385,1,0.006892128381878138,1,0.006892128381878138,0.08368787754443474,,,,1,68.92128381878138,0.005734652280807495,0.012162119150161743,0.00357915461063385,0.37154584442518823
2011-12-01,fold_2,2011 US-downgrade + EU debt,0.0034154653549194336,1,-0.002821733010932803,-1,-0.002821733010932803,0.08086614453350194,,,,0,-28.21733010932803,0.006117098033428192,-0.011691782623529434,0.0034154653549194336,-0.15238429575365461
2011-12-02,fold_2,2011 US-downgrade + EU debt,0.001769576221704483,1,0.010890672914683819,1,0.010890672914683819,0.09175681744818576,,,,1,108.90672914683819,0.008277162909507751,0.007039838936179876,0.001769576221704483,0.6066935826487395
2011-12-05,fold_2,2011 US-downgrade + EU debt,0.0019718408584594727,1,-0.0027989486698061228,-1,-0.0027989486698061228,0.08895786877837963,,,,0,-27.989486698061228,0.00639188289642334,-0.015138103626668453,0.0019718408584594727,-0.15482394903360208
2011-12-06,fold_2,2011 US-downgrade + EU debt,0.0011949166655540466,1,0.0,0,0.0,0.08895786877837963,,,,0,0.0,0.0067796409130096436,-0.02339749038219452,0.0011949166655540466,0.0
2011-12-07,fold_2,2011 US-downgrade + EU debt,0.0020252540707588196,1,-0.016961773857474327,-1,-0.016961773857474327,0.0719960949209053,,,,0,-169.61773857474327,0.006821639835834503,-0.039122771471738815,0.0020252540707588196,-0.9509170080754884
2011-12-08,fold_2,2011 US-downgrade + EU debt,0.004754185676574707,1,0.015909889712929726,1,0.015909889712929726,0.08790598463383503,,,,1,159.09889712929726,0.014118857681751251,-0.024897422641515732,0.004754185676574707,0.9709272968258564
2011-12-09,fold_2,2011 US-downgrade + EU debt,0.005590032786130905,1,-0.011287270113825798,-1,-0.011287270113825798,0.07661871452000923,,,,0,-112.87270113825798,0.013497240841388702,-0.035672057420015335,0.005590032786130905,-0.6731594202347267
2011-12-12,fold_2,2011 US-downgrade + EU debt,0.011291563510894775,1,-0.01105833426117897,-1,-0.01105833426117897,0.06556038025883026,,,,0,-110.5833426117897,0.0174315944314003,-0.03427647426724434,0.011291563510894775,-0.6728694141096118
2011-12-13,fold_2,2011 US-downgrade + EU debt,0.0089038647711277,1,-0.015725282952189445,-1,-0.015725282952189445,0.04983509730664082,,,,0,-157.25282952189445,0.002279721200466156,0.0059900484047830105,0.0089038647711277,-0.9495455651902264
2011-12-14,fold_2,2011 US-downgrade + EU debt,0.0030845142900943756,1,-0.002736423397436738,-1,-0.002736423397436738,0.04709867390920408,,,,0,-27.36423397436738,-0.0061803534626960754,0.007308221887797117,0.0030845142900943756,-0.16338743523011157
2011-12-15,fold_2,2011 US-downgrade + EU debt,0.006965354084968567,1,0.005135253071784973,1,0.005135253071784973,0.052233926980989054,,,,1,51.35253071784973,0.0033969953656196594,0.018533855676651,0.006965354084968567,0.3142684862593917
2011-12-16,fold_2,2011 US-downgrade + EU debt,0.00886223092675209,1,-0.009891687892377377,-1,-0.009891687892377377,0.04234223908861168,,,,0,-98.91687892377377,0.008169859647750854,0.021994922310113907,0.00886223092675209,-0.6382412654649806
2011-12-19,fold_2,2011 US-downgrade + EU debt,0.007459282875061035,1,0.029208188876509666,1,0.029208188876509666,0.07155042796512134,,,,1,292.08188876509666,0.009874261915683746,0.03560950607061386,0.007459282875061035,1.8771779916831859
2011-12-20,fold_2,2011 US-downgrade + EU debt,0.009163524955511093,1,-0.014407109469175339,-1,-0.014407109469175339,0.057143318495946005,,,,0,-144.0710946917534,0.004638463258743286,-0.005223233252763748,0.009163524955511093,-0.8831967265206787
2011-12-21,fold_2,2011 US-downgrade + EU debt,0.0048133209347724915,1,0.008489210158586502,1,0.008489210158586502,0.06563252865453251,,,,1,84.89210158586502,0.004326477646827698,0.016353648155927658,0.0048133209347724915,0.5110574939016249
2011-12-22,fold_2,2011 US-downgrade + EU debt,0.0005769580602645874,1,0.008596319705247879,1,0.008596319705247879,0.07422884835978039,,,,1,85.96319705247879,0.005457460880279541,0.005002554971724749,0.0005769580602645874,0.5399180228938677
2011-12-23,fold_2,2011 US-downgrade + EU debt,0.003162682056427002,1,0.0037228951696306467,1,0.0037228951696306467,0.07795174352941103,,,,1,37.22895169630647,0.004957154393196106,0.015389706939458847,0.003162682056427002,0.23349997107919782
2011-12-27,fold_2,2011 US-downgrade + EU debt,-0.0003196224570274353,-1,-0.011624548584222794,-1,0.011624548584222794,0.08957629211363383,,,,1,116.24548584222794,-3.888458013534546e-05,0.015876110643148422,-0.0003196224570274353,-0.8294704762865347
2011-12-28,fold_2,2011 US-downgrade + EU debt,-0.00198519229888916,-1,0.007169771008193493,1,-0.007169771008193493,0.08240652110544033,,,,0,-71.69771008193493,-0.003472335636615753,0.03569252789020538,-0.00198519229888916,0.5054421435318919
2011-12-29,fold_2,2011 US-downgrade + EU debt,-0.004439234733581543,-1,-0.002861881861463189,-1,0.002861881861463189,0.08526840296690352,,,,1,28.61881861463189,-0.0061741843819618225,0.03198814019560814,-0.004439234733581543,-0.24368794404464716
2011-12-30,fold_2,2011 US-downgrade + EU debt,0.0018364675343036652,1,0.018983472138643265,1,0.018983472138643265,0.10425187510554679,,,,1,189.83472138643265,0.0007543936371803284,0.03155828267335892,0.0018364675343036652,1.6280766304793013
2012-01-03,fold_2,2011 US-downgrade + EU debt,0.003349926322698593,1,0.004209298174828291,1,0.004209298174828291,0.10846117328037508,,,,1,42.09298174828291,-0.004279740154743195,0.019837142899632454,0.003349926322698593,0.3396611501012018
2012-01-04,fold_2,2011 US-downgrade + EU debt,0.0008707381784915924,1,0.008191867731511593,1,0.008191867731511593,0.11665304101188667,,,,1,81.91867731511593,-0.00218953937292099,0.01769336871802807,0.0008707381784915924,0.672157943262196
2012-01-05,fold_2,2011 US-downgrade + EU debt,-0.0009436532855033875,-1,0.0034653828479349613,1,-0.0034653828479349613,0.11318765816395171,,,,0,-34.65382847934961,0.005484767258167267,0.01344839483499527,-0.0009436532855033875,0.28154617876989074
2012-01-06,fold_2,2011 US-downgrade + EU debt,0.007235519587993622,1,-0.0032917384523898363,-1,-0.0032917384523898363,0.10989591971156187,,,,0,-32.91738452389836,-0.0020477622747421265,0.00638009374961257,0.007235519587993622,-0.26690995994171485
2012-01-09,fold_2,2011 US-downgrade + EU debt,0.001661408692598343,1,0.0072623323649168015,1,0.0072623323649168015,0.11715825207647868,,,,1,72.62332364916801,0.00843726098537445,0.018740149214863777,0.001661408692598343,0.6176430054681394
2012-01-10,fold_2,2011 US-downgrade + EU debt,0.010059643536806107,1,0.0020655242260545492,1,0.0020655242260545492,0.11922377630253322,,,,1,20.655242260545492,0.01336158812046051,0.024675680324435234,0.010059643536806107,0.18240113183113085
2012-01-11,fold_2,2011 US-downgrade + EU debt,0.0054890550673007965,1,0.003946894314140081,1,0.003946894314140081,0.1231706706166733,,,,1,39.468943141400814,0.020653940737247467,0.028810633346438408,0.0054890550673007965,0.3572210027434997
2012-01-12,fold_2,2011 US-downgrade + EU debt,0.006345510482788086,1,-0.0036029184702783823,-1,-0.0036029184702783823,0.11956775214639492,,,,0,-36.02918470278382,0.01344262808561325,0.023359356448054314,0.006345510482788086,-0.33345716869875647
2012-01-13,fold_2,2011 US-downgrade + EU debt,0.0033443719148635864,1,0.009068316780030727,1,0.009068316780030727,0.12863606892642565,,,,1,90.68316780030727,0.019608236849308014,0.027296697720885277,0.0033443719148635864,0.8848621991021048
2012-01-17,fold_2,2011 US-downgrade + EU debt,0.007338955998420715,1,0.013197863474488258,1,0.013197863474488258,0.1418339324009139,,,,1,131.97863474488258,0.015249550342559814,0.01638673059642315,0.007338955998420715,1.2654933739685277
2012-01-18,fold_2,2011 US-downgrade + EU debt,0.003781631588935852,1,0.006200478412210941,1,0.006200478412210941,0.14803441081312485,,,,1,62.00478412210941,0.008884049952030182,0.015677636489272118,0.003781631588935852,0.5753151595477494
2012-01-19,fold_2,2011 US-downgrade + EU debt,0.00012424960732460022,1,-0.0015043833991512656,-1,-0.0015043833991512656,0.14653002741397358,,,,0,-15.043833991512656,0.007653087377548218,0.005996078252792358,0.00012424960732460022,-0.14140463209322943
2012-01-20,fold_2,2011 US-downgrade + EU debt,0.0032853782176971436,1,0.0003344228898640722,1,0.0003344228898640722,0.14686445030383766,,,,1,3.344228898640722,0.009648263454437256,0.010485036298632622,0.0032853782176971436,0.039788999324111236
2012-01-23,fold_2,2011 US-downgrade + EU debt,0.005505122244358063,1,-0.001841651159338653,-1,-0.001841651159338653,0.145022799144499,,,,0,-18.41651159338653,0.015499308705329895,0.010978174395859241,0.005505122244358063,-0.23722331805890484
2012-01-24,fold_2,2011 US-downgrade + EU debt,0.007299553602933884,1,0.012488769367337227,1,0.012488769367337227,0.15751156851183623,,,,1,124.88769367337227,0.01605530083179474,0.014142458327114582,0.007299553602933884,1.6565615210635705
2012-01-25,fold_2,2011 US-downgrade + EU debt,0.004714593291282654,1,-0.0034810793586075306,-1,-0.0034810793586075306,0.1540304891532287,,,,0,-34.810793586075306,0.014896921813488007,0.009716147556900978,0.004714593291282654,-0.44592694704213065
2012-01-26,fold_2,2011 US-downgrade + EU debt,0.006842132657766342,1,0.0029845747631043196,1,0.0029845747631043196,0.15701506391633302,,,,1,29.845747631043196,0.010775543749332428,0.01630597747862339,0.006842132657766342,0.38259811683906547
2012-01-27,fold_2,2011 US-downgrade + EU debt,0.003999944776296616,1,0.000827561307232827,1,0.000827561307232827,0.15784262522356585,,,,1,8.27561307232827,0.00970941036939621,0.026951424777507782,0.003999944776296616,0.11205640185162051
2012-01-30,fold_2,2011 US-downgrade + EU debt,0.004139438271522522,1,0.0013226325390860438,1,0.0013226325390860438,0.1591652577626519,,,,1,13.226325390860438,0.008676812052726746,0.025317996740341187,0.004139438271522522,0.18340650606887668
2012-01-31,fold_2,2011 US-downgrade + EU debt,0.006287150084972382,1,0.008062458597123623,1,0.008062458597123623,0.1672277163597755,,,,1,80.62458597123623,0.01211123913526535,0.026089711114764214,0.006287150084972382,1.1214809968773007
2012-02-01,fold_2,2011 US-downgrade + EU debt,0.002809222787618637,1,0.003108750795945525,1,0.003108750795945525,0.17033646715572104,,,,1,31.08750795945525,0.006780534982681274,0.023324616253376007,0.002809222787618637,0.5116638443727852
2012-02-02,fold_2,2011 US-downgrade + EU debt,0.0006689503788948059,1,0.01363002136349678,1,0.01363002136349678,0.18396648851921782,,,,1,136.3002136349678,0.007530011236667633,0.027394801378250122,0.0006689503788948059,2.2556782061599634
2012-02-03,fold_2,2011 US-downgrade + EU debt,0.0010070502758026123,1,-0.0008058656821958721,-1,-0.0008058656821958721,0.18316062283702195,,,,0,-8.05865682195872,0.010002240538597107,0.006745867431163788,0.0010070502758026123,-0.12369304079839814
2012-02-06,fold_2,2011 US-downgrade + EU debt,0.0009756274521350861,1,0.0020943458657711744,1,0.0020943458657711744,0.18525496870279312,,,,1,20.943458657711744,0.012148760259151459,0.01679355278611183,0.0009756274521350861,0.3236356149482816
2012-02-07,fold_2,2011 US-downgrade + EU debt,0.0010421685874462128,1,0.005297363270074129,1,0.005297363270074129,0.19055233197286725,,,,1,52.97363270074129,0.014061160385608673,0.01723337359726429,0.0010421685874462128,0.8217622714312218
2012-02-08,fold_2,2011 US-downgrade + EU debt,0.0015979036688804626,1,0.0071789356879889965,1,0.0071789356879889965,0.19773126766085625,,,,1,71.78935687988997,0.018022947013378143,0.004950869362801313,0.0015979036688804626,1.130556543370586
2012-02-09,fold_2,2011 US-downgrade + EU debt,0.001742444932460785,1,-0.007018911652266979,-1,-0.007018911652266979,0.19071235600858927,,,,0,-70.18911652266979,0.011389218270778656,0.01137989480048418,0.001742444932460785,-1.074317083326856
2012-02-10,fold_2,2011 US-downgrade + EU debt,0.00209113210439682,1,0.009241819381713867,1,0.009241819381713867,0.19995417539030313,,,,1,92.41819381713867,0.010707847774028778,0.015250276774168015,0.00209113210439682,1.3874465085316885
2012-02-13,fold_2,2011 US-downgrade + EU debt,0.00174655020236969,1,0.00253416714258492,1,0.00253416714258492,0.20248834253288805,,,,1,25.3416714258492,0.00725216418504715,0.00884240958839655,0.00174655020236969,0.3658105560002509
2012-02-14,fold_2,2011 US-downgrade + EU debt,0.002587445080280304,1,-0.006985141430050135,-1,-0.006985141430050135,0.19550320110283792,,,,0,-69.85141430050135,0.003834463655948639,0.001738892518915236,0.002587445080280304,-1.0506623351197235
2012-02-15,fold_2,2011 US-downgrade + EU debt,0.00016803666949272156,1,0.013607961125671864,1,0.013607961125671864,0.20911116222850978,,,,1,136.07961125671864,0.0021505728363990784,0.015335114672780037,0.00016803666949272156,2.209520931384703
2012-02-16,fold_2,2011 US-downgrade + EU debt,-0.003370538353919983,-1,-0.003148529212921858,-1,0.003148529212921858,0.21225969144143164,,,,1,31.48529212921858,-0.001980409026145935,0.005172334145754576,-0.003370538353919983,-0.4679680087542468
2012-02-17,fold_2,2011 US-downgrade + EU debt,-0.0012877210974693298,-1,0.0028339524287730455,1,-0.0028339524287730455,0.2094257390126586,,,,0,-28.339524287730455,-0.0013967826962471008,0.009727438911795616,-0.0012877210974693298,0.41944385103734144
2012-02-21,fold_2,2011 US-downgrade + EU debt,-0.0014073476195335388,-1,-0.004569350276142359,-1,0.004569350276142359,0.21399508928880095,,,,1,45.69350276142359,0.0011445879936218262,0.016990341246128082,-0.0014073476195335388,-0.6733801069912754
2012-02-22,fold_2,2011 US-downgrade + EU debt,0.002804931253194809,1,0.006611080374568701,1,0.006611080374568701,0.22060616966336966,,,,1,66.11080374568701,0.0043555498123168945,0.01706789620220661,0.002804931253194809,0.9651470783620054
2012-02-23,fold_2,2011 US-downgrade + EU debt,-0.0018586330115795135,-1,0.003445180831477046,1,-0.003445180831477046,0.2171609888318926,,,,0,-34.45180831477046,0.005182728171348572,0.018343226984143257,-0.0018586330115795135,0.5360447494646549
2012-02-24,fold_2,2011 US-downgrade + EU debt,0.0034682750701904297,1,0.001406575320288539,1,0.001406575320288539,0.21856756415218115,,,,1,14.06575320288539,0.0009929090738296509,0.014127819798886776,0.0034682750701904297,0.21888569425971233
2012-02-27,fold_2,2011 US-downgrade + EU debt,-0.0008345916867256165,-1,0.010096855461597443,1,-0.010096855461597443,0.2084707086905837,,,,0,-100.96855461597443,3.5859644412994385e-05,0.002339030848816037,-0.0008345916867256165,1.5778658998156045
2012-02-28,fold_2,2011 US-downgrade + EU debt,0.0015316866338253021,1,-0.004491796251386404,-1,-0.004491796251386404,0.2039789124391973,,,,0,-44.91796251386404,0.0016391798853874207,-0.01761925034224987,0.0015316866338253021,-0.662199871345816
2012-02-29,fold_2,2011 US-downgrade + EU debt,-0.0022350847721099854,-1,0.007886411622166634,1,-0.007886411622166634,0.19609250081703067,,,,0,-78.86411622166634,0.0016033053398132324,-0.005449074786156416,-0.0022350847721099854,1.151179852539622
2012-03-01,fold_2,2011 US-downgrade + EU debt,-0.004326313734054565,-1,-0.0007702261791564524,-1,0.0007702261791564524,0.19686272699618712,,,,1,7.702261791564524,-0.003872126340866089,-0.0026220991276204586,-0.004326313734054565,-0.1125984819999919
2012-03-02,fold_2,2011 US-downgrade + EU debt,0.0004370547831058502,1,-0.0103822136297822,-1,-0.0103822136297822,0.18648051336640492,,,,0,-103.822136297822,0.0009699985384941101,0.0023094317875802517,0.0004370547831058502,-1.5251736877537474
2012-03-05,fold_2,2011 US-downgrade + EU debt,-0.00045986101031303406,-1,-0.009861424565315247,-1,0.009861424565315247,0.19634193793172017,,,,1,98.61424565315247,-0.001012854278087616,0.013153144158422947,-0.00045986101031303406,-1.5137589597575667
2012-03-06,fold_2,2011 US-downgrade + EU debt,0.003158804029226303,1,0.007678378373384476,1,0.007678378373384476,0.20402031630510464,,,,1,76.78378373384476,-0.0012267008423805237,0.04144495725631714,0.003158804029226303,1.1168153240786654
2012-03-07,fold_2,2011 US-downgrade + EU debt,0.004784278571605682,1,0.010713387280702591,1,0.010713387280702591,0.21473370358580723,,,,1,107.13387280702591,-0.0006408169865608215,0.037231557071208954,0.004784278571605682,1.5151388808677082
2012-03-08,fold_2,2011 US-downgrade + EU debt,0.004253387451171875,1,0.004161304794251919,1,0.004161304794251919,0.21889500838005915,,,,1,41.61304794251919,0.0016137957572937012,0.029371794313192368,0.004253387451171875,0.5645424096506517
2012-03-09,fold_2,2011 US-downgrade + EU debt,0.008735843002796173,1,0.0004614990612026304,1,0.0004614990612026304,0.21935650744126178,,,,1,4.614990612026304,0.00047857314348220825,0.024503981694579124,0.008735843002796173,0.06361889606810102
2012-03-12,fold_2,2011 US-downgrade + EU debt,0.006019383668899536,1,0.01843038946390152,1,0.01843038946390152,0.2377868969051633,,,,1,184.3038946390152,-0.004521310329437256,0.03108314424753189,0.006019383668899536,2.602040314567907
2012-03-13,fold_2,2011 US-downgrade + EU debt,0.0006797835230827332,1,0.0034649777226150036,1,0.0034649777226150036,0.2412518746277783,,,,1,34.649777226150036,0.0014583617448806763,0.01444236095994711,0.0006797835230827332,0.43695195041424706
2012-03-14,fold_2,2011 US-downgrade + EU debt,-0.0026954635977745056,-1,0.0028536233585327864,1,-0.0028536233585327864,0.23839825126924552,,,,0,-28.536233585327864,0.006294555962085724,0.011126581579446793,-0.0026954635977745056,0.35906071161865233
2012-03-15,fold_2,2011 US-downgrade + EU debt,-0.001107100397348404,-1,-0.0007065081736072898,-1,0.0007065081736072898,0.2391047594428528,,,,1,7.065081736072898,0.00841597467660904,0.006184988189488649,-0.001107100397348404,-0.09036301955303956
2012-03-16,fold_2,2011 US-downgrade + EU debt,0.0022845715284347534,1,0.007040662225335836,1,0.007040662225335836,0.24614542166818865,,,,1,70.40662225335836,0.010484308004379272,0.006294159684330225,0.0022845715284347534,0.9773428193550118
2012-03-19,fold_2,2011 US-downgrade + EU debt,0.0008202418684959412,1,0.0017896058270707726,1,0.0017896058270707726,0.24793502749525942,,,,1,17.896058270707726,0.012239381670951843,0.016580747440457344,0.0008202418684959412,0.24380827020648896
2012-03-20,fold_2,2011 US-downgrade + EU debt,0.0059327296912670135,1,0.0001491978910053149,1,0.0001491978910053149,0.24808422538626473,,,,1,1.4919789100531489,0.01312447339296341,0.01625809818506241,0.0059327296912670135,0.020371779229221194
2012-03-21,fold_2,2011 US-downgrade + EU debt,0.004152800887823105,1,-0.002087969798594713,-1,-0.002087969798594713,0.24599625558767002,,,,0,-20.879697985947132,0.011582821607589722,0.01214273739606142,0.004152800887823105,-0.2879080999137984
2012-03-22,fold_2,2011 US-downgrade + EU debt,0.005118481814861298,1,-0.0005973368533886969,-1,-0.0005973368533886969,0.24539891873428132,,,,0,-5.973368533886969,0.009602390229701996,0.010396905243396759,0.005118481814861298,-0.0839512847838132
2012-03-23,fold_2,2011 US-downgrade + EU debt,0.0038738511502742767,1,0.01732725091278553,1,0.01732725091278553,0.26272616964706685,,,,1,173.2725091278553,0.0067006126046180725,0.009071050211787224,0.0038738511502742767,2.4491804812367133
2012-03-26,fold_2,2011 US-downgrade + EU debt,0.0038357004523277283,1,0.001466956571675837,1,0.001466956571675837,0.2641931262187427,,,,1,14.66956571675837,0.005206003785133362,0.0020533644128590822,0.0038357004523277283,0.18200350488989153
2012-03-27,fold_2,2011 US-downgrade + EU debt,0.004170138388872147,1,-0.003966162912547588,-1,-0.003966162912547588,0.2602269633061951,,,,0,-39.66162912547588,0.0064651742577552795,0.0002936256059911102,0.004170138388872147,-0.5121378390983127
2012-03-28,fold_2,2011 US-downgrade + EU debt,0.00252581387758255,1,-0.0038338019512593746,-1,-0.0038338019512593746,0.25639316135493573,,,,0,-38.338019512593746,-0.0005543380975723267,-0.0094646867364645,0.00252581387758255,-0.49596645392931077
2012-03-29,fold_2,2011 US-downgrade + EU debt,0.0036685578525066376,1,-0.001923191943205893,-1,-0.001923191943205893,0.25446996941172983,,,,0,-19.23191943205893,0.002662055194377899,0.000590998271945864,0.0036685578525066376,-0.2538937655513964
2014-01-15,fold_3,Taper tantrum and 2014 H1,-0.0010091550648212433,-1,0.0001126616625697352,1,-0.0001126616625697352,-0.0001126616625697352,,,,0,-1.126616625697352,-0.006093330681324005,0.0012436264660209417,-0.0010091550648212433,0.013950900778237539
2014-01-16,fold_3,Taper tantrum and 2014 H1,-0.0015012361109256744,-1,-0.005673323292285204,-1,0.005673323292285204,0.005560661629715469,,,,1,56.73323292285204,-0.010583490133285522,-0.01873062178492546,-0.0015012361109256744,-0.7035983118439286
2014-01-17,fold_3,Taper tantrum and 2014 H1,-0.00010112300515174866,-1,0.007595003116875887,1,-0.007595003116875887,-0.002034341487160418,,,,0,-75.95003116875887,-0.01268845796585083,-0.022787921130657196,-0.00010112300515174866,0.9809625016845549
2014-01-21,fold_3,Taper tantrum and 2014 H1,0.006474021822214127,1,0.002594240242615342,1,0.002594240242615342,0.000559898755454924,,,,1,25.94240242615342,-0.014190033078193665,-0.03096586838364601,0.006474021822214127,0.32830651915834724
2014-01-22,fold_3,Taper tantrum and 2014 H1,0.0012120753526687622,1,-0.003384955460205674,-1,-0.003384955460205674,-0.00282505670475075,,,,0,-33.84955460205674,-0.011890359222888947,-0.04433417320251465,0.0012120753526687622,-0.44583861680612996
2014-01-23,fold_3,Taper tantrum and 2014 H1,0.0029463544487953186,1,-0.019861586391925812,-1,-0.019861586391925812,-0.022686643096676562,,,,0,-198.61586391925812,-0.0036302655935287476,-0.022632019594311714,0.0029463544487953186,-2.7349038759462183
2014-01-24,fold_3,Taper tantrum and 2014 H1,0.006522368639707565,1,-0.009730622172355652,-1,-0.009730622172355652,-0.032417265269032214,,,,0,-97.30622172355652,-0.0003269761800765991,-0.00543285021558404,0.006522368639707565,-1.1431654320502362
2014-01-27,fold_3,Taper tantrum and 2014 H1,0.009403213858604431,1,-0.000582944368943572,-1,-0.000582944368943572,-0.033000209637975786,,,,0,-5.82944368943572,-0.004392638802528381,-0.01892089657485485,0.009403213858604431,-0.06658835206544884
2014-01-28,fold_3,Taper tantrum and 2014 H1,0.013196825981140137,1,-0.010774065740406513,-1,-0.010774065740406513,-0.0437742753783823,,,,0,-107.74065740406513,0.00039803236722946167,-0.01100925076752901,0.013196825981140137,-1.2330962221756665
2014-01-29,fold_3,Taper tantrum and 2014 H1,0.015673883259296417,1,0.018317200243473053,1,0.018317200243473053,-0.025457075134909246,,,,1,183.17200243473053,0.006250634789466858,-0.002829657169058919,0.015673883259296417,2.022355057104581
2014-01-30,fold_3,Taper tantrum and 2014 H1,0.010294638574123383,1,-0.002662418410181999,-1,-0.002662418410181999,-0.028119493545091245,,,,0,-26.624184101819992,-0.0027011558413505554,-0.008475491777062416,0.010294638574123383,-0.27074895491327616
2014-01-31,fold_3,Taper tantrum and 2014 H1,0.006349533796310425,1,-0.0232186671346426,-1,-0.0232186671346426,-0.051338160679733846,,,,0,-232.186671346426,0.0014953836798667908,0.011868431232869625,0.006349533796310425,-2.3954371602570377
2014-02-03,fold_3,Taper tantrum and 2014 H1,0.008089449256658554,1,0.00732870027422905,1,0.00732870027422905,-0.0440094604055048,,,,1,73.2870027422905,0.005085736513137817,0.04079838842153549,0.008089449256658554,0.6738547334707149
2014-02-04,fold_3,Taper tantrum and 2014 H1,0.008494675159454346,1,-0.0025944721419364214,-1,-0.0025944721419364214,-0.04660393254744122,,,,0,-25.944721419364214,0.005552999675273895,0.044794484972953796,0.008494675159454346,-0.2365624843890007
2014-02-05,fold_3,Taper tantrum and 2014 H1,0.005986541509628296,1,0.012671365402638912,1,0.012671365402638912,-0.033932567144802306,,,,1,126.71365402638912,0.007776953279972076,0.04930127039551735,0.005986541509628296,1.1746588584135984
2014-02-06,fold_3,Taper tantrum and 2014 H1,0.0047258660197257996,1,0.017681505531072617,1,0.017681505531072617,-0.01625106161372969,,,,1,176.81505531072617,0.008188769221305847,0.044020943343639374,0.0047258660197257996,1.586847935678539
2014-02-07,fold_3,Taper tantrum and 2014 H1,0.0048509687185287476,1,0.005711291451007128,1,0.005711291451007128,-0.010539770162722562,,,,1,57.11291451007128,0.009044632315635681,0.02834596298635006,0.0048509687185287476,0.4840179030918917
2014-02-10,fold_3,Taper tantrum and 2014 H1,0.0048459917306900024,1,0.01132479403167963,1,0.01132479403167963,0.0007850238689570688,,,,1,113.2479403167963,0.006968535482883453,0.027522001415491104,0.0048459917306900024,0.9559290777305137
2014-02-11,fold_3,Taper tantrum and 2014 H1,0.001394752413034439,1,0.0019123154925182462,1,0.0019123154925182462,0.002697339361475315,,,,1,19.12315492518246,0.004384815692901611,0.009303354658186436,0.001394752413034439,0.1641730970530303
2014-02-12,fold_3,Taper tantrum and 2014 H1,-0.0004572160542011261,-1,0.007391038816422224,1,-0.007391038816422224,-0.004693699454946909,,,,0,-73.91038816422224,0.007586568593978882,0.012065837159752846,-0.0004572160542011261,0.6803320448787504
2014-02-13,fold_3,Taper tantrum and 2014 H1,-0.0030187442898750305,-1,0.002006523311138153,1,-0.002006523311138153,-0.006700222766085062,,,,0,-20.06523311138153,0.008882023394107819,0.003341410309076309,-0.0030187442898750305,0.18518020522137435
2014-02-14,fold_3,Taper tantrum and 2014 H1,-0.003799356520175934,-1,0.004887329414486885,1,-0.004887329414486885,-0.011587552180571947,,,,0,-48.87329414486885,-0.0007133334875106812,0.006658549886196852,-0.003799356520175934,0.4506622092338748
2014-02-18,fold_3,Taper tantrum and 2014 H1,-0.00011819601058959961,-1,-0.006893852725625038,-1,0.006893852725625038,-0.004693699454946909,,,,1,68.93852725625038,-0.000740930438041687,0.0006642256048507988,-0.00011819601058959961,-0.6368089736087781
2014-02-19,fold_3,Taper tantrum and 2014 H1,0.009635761380195618,1,0.004674798343330622,1,0.004674798343330622,-1.890111161628738e-05,,,,1,46.74798343330622,-0.0013382434844970703,0.006672346033155918,0.009635761380195618,0.4327661199719058
2014-02-20,fold_3,Taper tantrum and 2014 H1,0.0024406425654888153,1,-0.0013333880342543125,-1,-0.0013333880342543125,-0.0013522891458706,,,,0,-13.333880342543125,-0.00744292140007019,0.008464290760457516,0.0024406425654888153,-0.12303941265819411
2014-02-21,fold_3,Taper tantrum and 2014 H1,0.003989648073911667,1,0.005323662888258696,1,0.005323662888258696,0.003971373742388096,,,,1,53.236628882586956,-0.00689128041267395,0.008691264316439629,0.003989648073911667,0.49226051732137377
2014-02-24,fold_3,Taper tantrum and 2014 H1,0.0058772973716259,1,-0.001106994808651507,-1,-0.001106994808651507,0.002864378933736589,,,,0,-11.069948086515069,-0.003479473292827606,-0.00407614978030324,0.0058772973716259,-0.11145365394766149
2014-02-25,fold_3,Taper tantrum and 2014 H1,0.006312556564807892,1,-0.000885732239112258,-1,-0.000885732239112258,0.001978646694624331,,,,0,-8.85732239112258,-0.0017199143767356873,0.009663728065788746,0.006312556564807892,-0.09136686309462048
2014-02-26,fold_3,Taper tantrum and 2014 H1,0.005963459610939026,1,0.006466743536293507,1,0.006466743536293507,0.008445390230917837,,,,1,64.66743536293507,0.0006091445684432983,0.013298643752932549,0.005963459610939026,0.6669918548421834
2014-02-27,fold_3,Taper tantrum and 2014 H1,0.00698867067694664,1,-0.0011064147111028433,-1,-0.0011064147111028433,0.007338975519814994,,,,0,-11.064147111028433,-0.0032127350568771362,0.005953503772616386,0.00698867067694664,-0.1164405687605777
2014-02-28,fold_3,Taper tantrum and 2014 H1,0.004954483360052109,1,-0.007443751208484173,-1,-0.007443751208484173,-0.00010477568866917863,,,,0,-74.43751208484173,7.57947564125061e-05,0.002101438818499446,0.004954483360052109,-0.8678280809274966
2014-03-03,fold_3,Taper tantrum and 2014 H1,0.0052827224135398865,1,0.0126328831538558,1,0.0126328831538558,0.012528107465186622,,,,1,126.328831538558,0.0020564571022987366,0.010427766479551792,0.0052827224135398865,1.449198935767308
2014-03-04,fold_3,Taper tantrum and 2014 H1,0.004863537847995758,1,0.002749183913692832,1,0.002749183913692832,0.015277291378879454,,,,1,27.49183913692832,0.0012146160006523132,-0.006517944857478142,0.004863537847995758,0.36409727286672033
2014-03-05,fold_3,Taper tantrum and 2014 H1,0.003276776522397995,1,-0.000878396793268621,-1,-0.000878396793268621,0.014398894585610833,,,,0,-8.78396793268621,-0.0026887282729148865,-0.00550622446462512,0.003276776522397995,-0.11876164717620236
2014-03-06,fold_3,Taper tantrum and 2014 H1,0.0036232881247997284,1,-0.004958479665219784,-1,-0.004958479665219784,0.00944041492039105,,,,0,-49.58479665219784,0.0029753372073173523,-0.018862556666135788,0.0036232881247997284,-0.6722333900953021
2014-03-07,fold_3,Taper tantrum and 2014 H1,0.0047061145305633545,1,0.0008825759869068861,1,0.0008825759869068861,0.010322990907297935,,,,1,8.825759869068861,0.004777036607265472,-0.020760266110301018,0.0047061145305633545,0.1279116911000885
2014-03-10,fold_3,Taper tantrum and 2014 H1,0.0034045130014419556,1,-0.004312828183174133,-1,-0.004312828183174133,0.006010162724123802,,,,0,-43.12828183174133,-0.0030094534158706665,-0.012884118594229221,0.0034045130014419556,-0.7622219523205848
2014-03-11,fold_3,Taper tantrum and 2014 H1,0.003394991159439087,1,0.0037609043065458536,1,0.0037609043065458536,0.009771067030669656,,,,1,37.609043065458536,-0.00034440308809280396,0.003430252429097891,0.003394991159439087,0.6720760088848108
2014-03-12,fold_3,Taper tantrum and 2014 H1,0.00243522971868515,1,-0.01423472911119461,-1,-0.01423472911119461,-0.004463662080524955,,,,0,-142.3472911119461,0.00400128960609436,-0.00575813977047801,0.00243522971868515,-2.812872408524843
2014-03-13,fold_3,Taper tantrum and 2014 H1,0.005728721618652344,1,-0.006856187712401152,-1,-0.006856187712401152,-0.011319849792926107,,,,0,-68.56187712401152,0.0011836513876914978,0.01124925073236227,0.005728721618652344,-1.1497802921245706
2014-03-14,fold_3,Taper tantrum and 2014 H1,0.0038941018283367157,1,0.008758722804486752,1,0.008758722804486752,-0.002561126988439355,,,,1,87.58722804486752,-0.0021160319447517395,0.005999579560011625,0.0038941018283367157,1.4767679021712654
2014-03-17,fold_3,Taper tantrum and 2014 H1,0.003387901932001114,1,0.012001542374491692,1,0.012001542374491692,0.009440415386052337,,,,1,120.01542374491692,-0.00536780059337616,-0.011562190018594265,0.003387901932001114,1.926450667269544
2014-03-18,fold_3,Taper tantrum and 2014 H1,0.0035374127328395844,1,-0.005427488125860691,-1,-0.005427488125860691,0.0040129272601916455,,,,0,-54.27488125860691,0.0001734420657157898,-0.020281963050365448,0.0035374127328395844,-0.8107154202653549
2014-03-19,fold_3,Taper tantrum and 2014 H1,0.0009604655206203461,1,0.0027726609259843826,1,0.0027726609259843826,0.006785588186176028,,,,1,27.726609259843826,-0.006659574806690216,-0.02781808003783226,0.0009604655206203461,0.41839638687375774
2014-03-20,fold_3,Taper tantrum and 2014 H1,0.002254832535982132,1,-0.012105858884751797,-1,-0.012105858884751797,-0.005320270698575769,,,,0,-121.05858884751797,0.0010580942034721375,-0.03621464595198631,0.002254832535982132,-1.8416946564998837
2014-03-21,fold_3,Taper tantrum and 2014 H1,-0.009028919041156769,-1,-0.008803046308457851,-1,0.008803046308457851,0.003482775609882083,,,,1,88.03046308457851,-0.0019498690962791443,-0.02215406857430935,-0.009028919041156769,-1.239424755320805
2014-03-24,fold_3,Taper tantrum and 2014 H1,0.00010055303573608398,1,0.003281768411397934,1,0.003281768411397934,0.006764544021280017,,,,1,32.81768411397934,0.0025444254279136658,-0.0062537225894629955,0.00010055303573608398,0.4511965566791618
2014-03-25,fold_3,Taper tantrum and 2014 H1,0.0056247711181640625,1,-0.012963604182004929,-1,-0.012963604182004929,-0.006199060160724912,,,,0,-129.6360418200493,0.0008948147296905518,0.00787755660712719,0.0056247711181640625,-1.7743265739366645
2014-03-26,fold_3,Taper tantrum and 2014 H1,0.01217605546116829,1,-0.005623903591185808,-1,-0.005623903591185808,-0.01182296375191072,,,,0,-56.23903591185808,0.0026420503854751587,0.02341604046523571,0.01217605546116829,-0.7157141756594412
2014-03-27,fold_3,Taper tantrum and 2014 H1,0.008987843990325928,1,0.0019547175616025925,1,0.0019547175616025925,-0.009868246190308128,,,,1,19.547175616025925,-0.0025778934359550476,0.02107001282274723,0.008987843990325928,0.24979581633408446
2014-03-28,fold_3,Taper tantrum and 2014 H1,0.012394871562719345,1,0.0070972987450659275,1,0.0070972987450659275,-0.0027709474452422,,,,1,70.97298745065928,-0.0023065730929374695,-0.007842288352549076,0.012394871562719345,0.9060127079641355
2014-03-31,fold_3,Taper tantrum and 2014 H1,0.00294455885887146,1,0.017413048073649406,1,0.017413048073649406,0.014642100628407206,,,,1,174.13048073649406,0.000609375536441803,-0.0244788508862257,0.00294455885887146,2.2274561662872308
2014-04-01,fold_3,Taper tantrum and 2014 H1,0.002734620124101639,1,0.0025748794432729483,1,0.0025748794432729483,0.017216980071680155,,,,1,25.748794432729483,0.0011949315667152405,-0.03270028531551361,0.002734620124101639,0.31157741244076076
2014-04-02,fold_3,Taper tantrum and 2014 H1,-0.00048460811376571655,-1,-0.007969930768013,-1,0.007969930768013,0.025186910839693155,,,,1,79.69930768013,0.004170149564743042,-0.018278267234563828,-0.00048460811376571655,-0.9647420670863133
2014-04-03,fold_3,Taper tantrum and 2014 H1,-0.003711193799972534,-1,-0.02695758268237114,-1,0.02695758268237114,0.052144493522064295,,,,1,269.5758268237114,0.012546367943286896,-0.04177101328969002,-0.003711193799972534,-3.1906397371676727
2014-04-04,fold_3,Taper tantrum and 2014 H1,-0.0013904199004173279,-1,-0.009539262391626835,-1,0.009539262391626835,0.06168375591369113,,,,1,95.39262391626835,0.015972957015037537,-0.026514969766139984,-0.0013904199004173279,-0.9243960077394551
2014-04-07,fold_3,Taper tantrum and 2014 H1,-0.0012529008090496063,-1,0.009191613644361496,1,-0.009191613644361496,0.052492142269329634,,,,0,-91.91613644361496,0.015121616423130035,-0.00915968231856823,-0.0012529008090496063,0.8724212064864433
2014-04-08,fold_3,Taper tantrum and 2014 H1,0.0025324635207653046,1,0.016996895894408226,1,0.016996895894408226,0.06948903816373786,,,,1,169.96895894408226,0.012856915593147278,-0.015053289011120796,0.0025324635207653046,1.5898401667635498
2014-04-09,fold_3,Taper tantrum and 2014 H1,0.006428197026252747,1,-0.03146267682313919,-1,-0.03146267682313919,0.03802636134059867,,,,0,-314.6267682313919,0.0072999149560928345,-0.018851255998015404,0.006428197026252747,-2.7805663507372933
2014-04-10,fold_3,Taper tantrum and 2014 H1,0.0014455430209636688,1,-0.01170154195278883,-1,-0.01170154195278883,0.02632481938780984,,,,0,-117.0154195278883,0.007258415222167969,0.012843403033912182,0.0014455430209636688,-0.9044168442628483
2014-04-11,fold_3,Taper tantrum and 2014 H1,0.006350845098495483,1,0.007816024124622345,1,0.007816024124622345,0.034140843512432184,,,,1,78.16024124622345,0.0027428194880485535,0.031941864639520645,0.006350845098495483,0.5961510368720718
2014-04-14,fold_3,Taper tantrum and 2014 H1,0.008041545748710632,1,0.0032980076503008604,1,0.0032980076503008604,0.037438851162733044,,,,1,32.980076503008604,0.008114911615848541,0.0320403128862381,0.008041545748710632,0.25212227676228055
2014-04-15,fold_3,Taper tantrum and 2014 H1,0.005208417773246765,1,0.013198929838836193,1,0.013198929838836193,0.05063778100156924,,,,1,131.98929838836193,0.01071207970380783,0.01990613155066967,0.005208417773246765,1.029239149505944
2014-04-16,fold_3,Taper tantrum and 2014 H1,0.002930622547864914,1,0.0002319830673513934,1,0.0002319830673513934,0.05086976406892063,,,,1,2.319830673513934,0.008068926632404327,0.016228817403316498,0.002930622547864914,0.017704409515367756
2014-04-17,fold_3,Taper tantrum and 2014 H1,0.002980463206768036,1,0.007396920118480921,1,0.007396920118480921,0.05826668418740155,,,,1,73.96920118480921,0.008498162031173706,-0.00011613046081038192,0.002980463206768036,0.5651443196261554
2014-04-21,fold_3,Taper tantrum and 2014 H1,0.002396862953901291,1,0.007914471440017223,1,0.007914471440017223,0.06618115562741878,,,,1,79.14471440017223,0.00643157958984375,-0.004269872326403856,0.002396862953901291,0.6129573868021266
2014-04-22,fold_3,Taper tantrum and 2014 H1,0.002209611237049103,1,-0.008836171589791775,-1,-0.008836171589791775,0.057344984037627,,,,0,-88.36171589791775,0.005308210849761963,-0.004236620385199785,0.002209611237049103,-0.685870461320646
2014-04-23,fold_3,Taper tantrum and 2014 H1,0.0043337382376194,1,0.009521614760160446,1,0.009521614760160446,0.06686659879778745,,,,1,95.21614760160446,0.006548963487148285,0.007235391531139612,0.0043337382376194,0.7316941727822702
2014-04-24,fold_3,Taper tantrum and 2014 H1,0.0023116208612918854,1,-0.01611296460032463,-1,-0.01611296460032463,0.050753634197462816,,,,0,-161.1296460032463,0.004773877561092377,0.0006843045121058822,0.0023116208612918854,-1.252605071352228
2014-04-25,fold_3,Taper tantrum and 2014 H1,0.008925773203372955,1,0.0032431783620268106,1,0.0032431783620268106,0.053996812559489626,,,,1,32.43178362026811,0.004091240465641022,0.01497045811265707,0.008925773203372955,0.2438609425001167
2014-04-28,fold_3,Taper tantrum and 2014 H1,0.008770197629928589,1,0.00794772244989872,1,0.00794772244989872,0.061944535009388346,,,,1,79.4772244989872,-0.0039221420884132385,0.016970984637737274,0.008770197629928589,0.5970399685811895
2014-04-29,fold_3,Taper tantrum and 2014 H1,0.01853492110967636,1,0.0026358403265476227,1,0.0026358403265476227,0.06458037533593597,,,,1,26.358403265476227,-0.01851731538772583,-0.004023039247840643,0.01853492110967636,0.19765020906525657
2014-04-30,fold_3,Taper tantrum and 2014 H1,0.02365792542695999,1,0.002970527159050107,1,0.002970527159050107,0.06755090249498608,,,,1,29.70527159050107,-0.035332683473825455,-0.00954312551766634,0.02365792542695999,0.2326464559028697
2014-05-01,fold_3,Taper tantrum and 2014 H1,-0.0003938339650630951,-1,-0.0018268103012815118,-1,0.0018268103012815118,0.06937771279626759,,,,1,18.268103012815118,-0.05159023031592369,-0.013438626192510128,-0.0003938339650630951,-0.14302445624634064
2014-05-02,fold_3,Taper tantrum and 2014 H1,0.00653650239109993,1,0.005243705119937658,1,0.005243705119937658,0.07462141791620525,,,,1,52.43705119937658,-0.04651559889316559,-0.007918200455605984,0.00653650239109993,0.41437903964715017
2014-05-05,fold_3,Taper tantrum and 2014 H1,-0.021903421729803085,-1,-0.013046301901340485,-1,0.013046301901340485,0.08766771981754573,,,,1,130.46301901340485,-0.08870647847652435,0.003178476123139262,-0.021903421729803085,-1.1660932572157228
2014-05-06,fold_3,Taper tantrum and 2014 H1,-0.017619013786315918,-1,-0.002884245477616787,-1,0.002884245477616787,0.09055196529516252,,,,1,28.84245477616787,-0.030907295644283295,0.016904594376683235,-0.017619013786315918,-0.25381310969980364
2014-05-07,fold_3,Taper tantrum and 2014 H1,-0.016619138419628143,-1,-0.0009249738068319857,-1,0.0009249738068319857,0.0914769391019945,,,,1,9.249738068319857,-0.020573660731315613,0.01456519030034542,-0.016619138419628143,-0.08262502824968634
2014-05-08,fold_3,Taper tantrum and 2014 H1,-0.0011124685406684875,-1,0.003693615784868598,1,-0.003693615784868598,0.0877833233171259,,,,0,-36.93615784868598,-0.005104660987854004,0.00760283088311553,-0.0011124685406684875,0.3507050202758788
2014-05-09,fold_3,Taper tantrum and 2014 H1,-0.01846560277044773,-1,0.016340382397174835,1,-0.016340382397174835,0.07144294091995107,,,,0,-163.40382397174835,-0.027870289981365204,0.010429514572024345,-0.01846560277044773,2.073398925339283
2014-05-12,fold_3,Taper tantrum and 2014 H1,-0.0297434963285923,-1,0.0006798167596571147,1,-0.0006798167596571147,0.07076312416029396,,,,0,-6.798167596571147,-0.026463866233825684,0.0010198835516348481,-0.0297434963285923,0.08207038410880037
2014-05-13,fold_3,Taper tantrum and 2014 H1,-0.009004853665828705,-1,-0.005223650485277176,-1,0.005223650485277176,0.07598677464557113,,,,1,52.23650485277176,0.003994256258010864,-0.00328986463136971,-0.009004853665828705,-0.6450313470035096
2014-05-14,fold_3,Taper tantrum and 2014 H1,-0.0075881704688072205,-1,-0.007887332700192928,-1,0.007887332700192928,0.08387410734576406,,,,1,78.87332700192928,0.0031729117035865784,0.011433972977101803,-0.0075881704688072205,-0.9679146831549944
2014-05-15,fold_3,Taper tantrum and 2014 H1,0.004745852202177048,1,0.006520299706608057,1,0.006520299706608057,0.09039440705237212,,,,1,65.20299706608057,0.010141827166080475,0.023701516911387444,0.004745852202177048,0.8361923425833073
2014-05-16,fold_3,Taper tantrum and 2014 H1,-0.0038892850279808044,-1,0.0069307503290474415,1,-0.0069307503290474415,0.08346365672332468,,,,0,-69.30750329047441,-0.001484118402004242,0.02443923056125641,-0.0038892850279808044,0.8737077739859721
2014-05-19,fold_3,Taper tantrum and 2014 H1,-0.0011069327592849731,-1,-0.0036299314815551043,-1,0.0036299314815551043,0.08709358820487978,,,,1,36.29931481555104,0.0008917376399040222,0.029892729595303535,-0.0011069327592849731,-0.45881738372934977
2014-05-20,fold_3,Taper tantrum and 2014 H1,0.016011875122785568,1,0.009500186890363693,1,0.009500186890363693,0.09659377509524347,,,,1,95.00186890363693,0.0014422163367271423,0.03044099360704422,0.016011875122785568,1.225258190591561
2014-05-21,fold_3,Taper tantrum and 2014 H1,0.0050332918763160706,1,0.004380210768431425,1,0.004380210768431425,0.1009739858636749,,,,1,43.80210768431425,-0.010582797229290009,0.027313604950904846,0.0050332918763160706,0.5620858252523185
2014-05-22,fold_3,Taper tantrum and 2014 H1,0.0004574432969093323,1,0.007258014287799597,1,0.007258014287799597,0.1082320001514745,,,,1,72.58014287799597,0.001730605959892273,0.023042934015393257,0.0004574432969093323,0.9600542360580507
2014-05-23,fold_3,Taper tantrum and 2014 H1,-0.00011166185140609741,-1,0.012384248897433281,1,-0.012384248897433281,0.09584775125404121,,,,0,-123.84248897433281,0.002522200345993042,0.014798999764025211,-0.00011166185140609741,1.8101637895137987
2014-05-27,fold_3,Taper tantrum and 2014 H1,-0.0034622177481651306,-1,-0.0030816674698144197,-1,0.0030816674698144197,0.09892941872385563,,,,1,30.816674698144197,0.0017939954996109009,0.0019759966526180506,-0.0034622177481651306,-0.4195607894926704
2014-05-28,fold_3,Taper tantrum and 2014 H1,-0.0015046782791614532,-1,0.006372798699885607,1,-0.006372798699885607,0.09255662002397003,,,,0,-63.72798699885607,0.004041954874992371,0.008779807947576046,-0.0015046782791614532,0.8900581927586882
2014-05-29,fold_3,Taper tantrum and 2014 H1,-0.003087744116783142,-1,0.00010953944001812488,1,-0.00010953944001812488,0.0924470805839519,,,,0,-1.0953944001812488,0.0006428509950637817,0.010785252787172794,-0.003087744116783142,0.015053706886225565
2014-05-30,fold_3,Taper tantrum and 2014 H1,0.0048813000321388245,1,-0.0009859201963990927,-1,-0.0009859201963990927,0.09146116038755281,,,,0,-9.859201963990927,0.0022380203008651733,0.01640191674232483,0.0048813000321388245,-0.13605960599780215
2014-06-02,fold_3,Taper tantrum and 2014 H1,0.002624344080686569,1,-0.00043875392293557525,-1,-0.00043875392293557525,0.09102240646461723,,,,0,-4.3875392293557525,0.002420581877231598,0.016633290797472,0.002624344080686569,-0.060617508986671356
2014-06-03,fold_3,Taper tantrum and 2014 H1,0.006192203611135483,1,0.003722143592312932,1,0.003722143592312932,0.09474455005693017,,,,1,37.22143592312932,0.0022507011890411377,0.018795523792505264,0.006192203611135483,0.52107920808085
2014-06-04,fold_3,Taper tantrum and 2014 H1,0.004008390009403229,1,0.008378244005143642,1,0.008378244005143642,0.10312279406207381,,,,1,83.78244005143642,0.0026677176356315613,0.014858423732221127,0.004008390009403229,1.2746072309545615
2014-06-05,fold_3,Taper tantrum and 2014 H1,0.003754138946533203,1,0.005726202856749296,1,0.005726202856749296,0.1088489969188231,,,,1,57.26202856749296,0.0022842511534690857,-0.002603821223601699,0.003754138946533203,0.841536314923747
2014-06-06,fold_3,Taper tantrum and 2014 H1,0.0034110695123672485,1,-0.0007545453845523298,-1,-0.0007545453845523298,0.10809445153427077,,,,0,-7.545453845523298,0.004116781055927277,-0.005401598289608955,0.0034110695123672485,-0.1090258095653863
2014-06-09,fold_3,Taper tantrum and 2014 H1,0.004628937691450119,1,0.0017234788974747062,1,0.0017234788974747062,0.10981793043174548,,,,1,17.23478897474706,0.0027991384267807007,-0.0037802942097187042,0.004628937691450119,0.2507459024618815
2014-06-10,fold_3,Taper tantrum and 2014 H1,0.005182720720767975,1,-0.00021495713735930622,-1,-0.00021495713735930622,0.10960297329438617,,,,0,-2.149571373593062,0.0029083937406539917,-0.004963437560945749,0.005182720720767975,-0.036842175568203905
2014-06-11,fold_3,Taper tantrum and 2014 H1,0.0050264522433280945,1,-0.009084000252187252,-1,-0.009084000252187252,0.10051897304219892,,,,0,-90.84000252187252,0.001872815191745758,0.0008610818767920136,0.0050264522433280945,-1.557411019774264
2014-06-12,fold_3,Taper tantrum and 2014 H1,0.004490572959184647,1,0.0029284260235726833,1,0.0029284260235726833,0.1034473990657716,,,,1,29.284260235726833,0.0035343393683433533,0.009298957884311676,0.004490572959184647,0.48285032094804403
2014-06-13,fold_3,Taper tantrum and 2014 H1,0.0035955868661403656,1,0.0008667586953379214,1,0.0008667586953379214,0.10431415776110953,,,,1,8.667586953379214,0.003715619444847107,0.007546482607722282,0.0035955868661403656,0.1484276600289527
2014-06-16,fold_3,Taper tantrum and 2014 H1,0.002789188176393509,1,0.0005403357790783048,1,0.0005403357790783048,0.10485449354018783,,,,1,5.403357790783048,0.0024218782782554626,0.006895371712744236,0.002789188176393509,0.09549964981027752
2014-06-17,fold_3,Taper tantrum and 2014 H1,0.0027495436370372772,1,0.005609562154859304,1,0.005609562154859304,0.11046405569504714,,,,1,56.095621548593044,0.004830889403820038,0.005384569056332111,0.0027495436370372772,1.0306115744567852
2014-06-18,fold_3,Taper tantrum and 2014 H1,0.0006907694041728973,1,-0.000646124710328877,-1,-0.000646124710328877,0.10981793098471826,,,,0,-6.46124710328877,0.0035982653498649597,0.006119376048445702,0.0006907694041728973,-0.11691776295906459
2014-06-19,fold_3,Taper tantrum and 2014 H1,-0.0001907944679260254,-1,0.001175950514152646,1,-0.001175950514152646,0.10864198047056561,,,,0,-11.75950514152646,0.0013660714030265808,0.007301395758986473,-0.0001907944679260254,0.2304085862318534
2014-06-20,fold_3,Taper tantrum and 2014 H1,-0.0011368468403816223,-1,0.0002156479167751968,1,-0.0002156479167751968,0.10842633255379042,,,,0,-2.156479167751968,0.0017038509249687195,0.010508253239095211,-0.0011368468403816223,0.04299375123078296
2014-06-23,fold_3,Taper tantrum and 2014 H1,-0.00225231796503067,-1,-0.0009704668773338199,-1,0.0009704668773338199,0.10939679943112424,,,,1,9.704668773338199,-0.0037968233227729797,0.011997771449387074,-0.00225231796503067,-0.20447154155560207
2014-06-24,fold_3,Taper tantrum and 2014 H1,0.00532517209649086,1,0.006344369146972895,1,0.006344369146972895,0.11574116857809713,,,,1,63.44369146972895,0.0009145066142082214,0.023876363411545753,0.00532517209649086,1.643309511582408
2014-06-25,fold_3,Taper tantrum and 2014 H1,0.004285257309675217,1,0.0005358947673812509,1,0.0005358947673812509,0.11627706334547838,,,,1,5.358947673812509,-0.004469126462936401,0.019215893000364304,0.004285257309675217,0.13215691458243795
2014-06-26,fold_3,Taper tantrum and 2014 H1,0.0026293769478797913,1,0.00438280776143074,1,0.00438280776143074,0.12065987110690912,,,,1,43.828077614307404,-0.00836557149887085,0.024969423189759254,0.0026293769478797913,1.1539035577103673
2014-06-27,fold_3,Taper tantrum and 2014 H1,0.005746379494667053,1,0.0017051667673513293,1,0.0017051667673513293,0.12236503787426045,,,,1,17.051667673513293,-0.0049529001116752625,0.01755196787416935,0.005746379494667053,0.4347071467681163
2014-06-30,fold_3,Taper tantrum and 2014 H1,0.0023318082094192505,1,0.010908124968409538,1,0.010908124968409538,0.13327316284267,,,,1,109.08124968409538,-0.005953691899776459,0.0037202120292931795,0.0023318082094192505,2.7721612507452202
2014-07-01,fold_3,Taper tantrum and 2014 H1,0.003235049545764923,1,0.0016838997835293412,1,0.0016838997835293412,0.13495706262619933,,,,1,16.838997835293412,-0.0030644387006759644,0.0002107195177813992,0.003235049545764923,0.36381104072122655
2014-07-02,fold_3,Taper tantrum and 2014 H1,0.0016286671161651611,1,0.00628942484036088,1,0.00628942484036088,0.1412464874665602,,,,1,62.8942484036088,0.0014604255557060242,-0.0046371459029614925,0.0016286671161651611,1.3766643287193563
2014-07-03,fold_3,Taper tantrum and 2014 H1,0.001920357346534729,1,-0.0030346480198204517,-1,-0.0030346480198204517,0.13821183944673976,,,,0,-30.346480198204517,-0.000906817615032196,-0.004503125324845314,0.001920357346534729,-0.6900461447877146
2014-07-07,fold_3,Taper tantrum and 2014 H1,0.00285981222987175,1,-0.012126589193940163,-1,-0.012126589193940163,0.1260852502527996,,,,0,-121.26589193940163,0.0035101622343063354,0.004496706649661064,0.00285981222987175,-2.8455543192125514
2014-07-08,fold_3,Taper tantrum and 2014 H1,0.004817366600036621,1,0.007398632355034351,1,0.007398632355034351,0.13348388260783395,,,,1,73.98632355034351,0.004796646535396576,0.013173858635127544,0.004817366600036621,1.4655670883826315
2014-07-09,fold_3,Taper tantrum and 2014 H1,0.005100507289171219,1,-0.0031639656517654657,-1,-0.0031639656517654657,0.13031991695606848,,,,0,-31.639656517654657,0.0010433197021484375,0.00974604208022356,0.005100507289171219,-0.5971461092102441
2014-07-10,fold_3,Taper tantrum and 2014 H1,0.004385247826576233,1,0.006423445418477058,1,0.006423445418477058,0.13674336237454554,,,,1,64.23445418477058,0.004026681184768677,-0.0004228194011375308,0.004385247826576233,1.2017025952140485
2014-07-11,fold_3,Taper tantrum and 2014 H1,0.006210576742887497,1,0.0059651839546859264,1,0.0059651839546859264,0.14270854632923147,,,,1,59.651839546859264,0.00013414770364761353,0.008882122114300728,0.006210576742887497,1.1585792441699563
2014-07-14,fold_3,Taper tantrum and 2014 H1,0.0032974407076835632,1,-0.003449437441304326,-1,-0.003449437441304326,0.13925910888792714,,,,0,-34.49437441304326,-0.0018372535705566406,0.0016677516978234053,0.0032974407076835632,-0.6535234140812817
2014-07-15,fold_3,Taper tantrum and 2014 H1,0.004457831382751465,1,0.003970816265791655,1,0.003970816265791655,0.1432299251537188,,,,1,39.708162657916546,-0.003085985779762268,0.01145125925540924,0.004457831382751465,0.7448884330714018
2014-07-16,fold_3,Taper tantrum and 2014 H1,0.001768205314874649,1,-0.013332827016711235,-1,-0.013332827016711235,0.12989709813700756,,,,0,-133.32827016711235,-0.003793470561504364,0.013877581804990768,0.001768205314874649,-2.467743478875805
2014-07-17,fold_3,Taper tantrum and 2014 H1,0.00158020481467247,1,0.015728386119008064,1,0.015728386119008064,0.14562548425601562,,,,1,157.28386119008064,6.786733865737915e-05,0.026078633964061737,0.00158020481467247,2.603183061654549
2014-07-18,fold_3,Taper tantrum and 2014 H1,-7.14622437953949e-05,-1,-0.0012491863453760743,-1,0.0012491863453760743,0.1468746706013917,,,,1,12.491863453760743,-0.0058645084500312805,0.006429646164178848,-7.14622437953949e-05,-0.17872204598867492
2014-07-21,fold_3,Taper tantrum and 2014 H1,-0.002653133124113083,-1,0.006334070116281509,1,-0.006334070116281509,0.1405406004851102,,,,0,-63.340701162815094,-0.002363443374633789,0.007989144884049892,-0.002653133124113083,0.9061378421587718
2014-07-22,fold_3,Taper tantrum and 2014 H1,0.00748027116060257,1,0.00639713928103447,1,0.00639713928103447,0.14693773976614466,,,,1,63.971392810344696,0.0017878711223602295,-0.00010333875979995355,0.00748027116060257,0.8969545824667564
2014-07-23,fold_3,Taper tantrum and 2014 H1,0.0011406205594539642,1,-0.0011317766038700938,-1,-0.0011317766038700938,0.14580596316227457,,,,0,-11.317766038700938,-0.0004997625946998596,-0.002574207494035363,0.0011406205594539642,-0.15565918702123097
2014-07-24,fold_3,Taper tantrum and 2014 H1,0.004293661564588547,1,-0.003920600283890963,-1,-0.003920600283890963,0.1418853628783836,,,,0,-39.206002838909626,-0.0032830610871315002,-0.021860044449567795,0.004293661564588547,-0.5494414230069968
2014-07-25,fold_3,Taper tantrum and 2014 H1,0.002863779664039612,1,0.0003103120543528348,1,0.0003103120543528348,0.14219567493273644,,,,1,3.103120543528348,0.001919776201248169,-0.021629933267831802,0.002863779664039612,0.04316926421390465
2014-07-28,fold_3,Taper tantrum and 2014 H1,0.008628524839878082,1,-0.001758413389325142,-1,-0.001758413389325142,0.1404372615434113,,,,0,-17.58413389325142,-0.001971006393432617,-0.015097670257091522,0.008628524839878082,-0.24691679954321788
2014-07-29,fold_3,Taper tantrum and 2014 H1,0.008986245840787888,1,0.003926270641386509,1,0.003926270641386509,0.1443635321847978,,,,1,39.26270641386509,-0.002912655472755432,-0.02102711983025074,0.008986245840787888,0.5512776424635283
2014-07-30,fold_3,Taper tantrum and 2014 H1,0.005063153803348541,1,-0.02041761204600334,-1,-0.02041761204600334,0.12394592013879446,,,,0,-204.17612046003342,-0.00225868821144104,-0.025693856179714203,0.005063153803348541,-3.0253746553661913
2014-07-31,fold_3,Taper tantrum and 2014 H1,0.008079055696725845,1,-0.003690489800646901,-1,-0.003690489800646901,0.12025543033814756,,,,0,-36.90489800646901,0.004625141620635986,-0.008454873226583004,0.008079055696725845,-0.4534157647166218
2014-08-01,fold_3,Taper tantrum and 2014 H1,0.015691693872213364,1,0.0068425750359892845,1,0.0068425750359892845,0.12709800537413685,,,,1,68.42575035989285,0.006154119968414307,0.0024269213899970055,0.015691693872213364,0.8490340969905606
2014-08-04,fold_3,Taper tantrum and 2014 H1,0.009857334196567535,1,-0.007687862496823072,-1,-0.007687862496823072,0.11941014287731377,,,,0,-76.87862496823072,-0.002362854778766632,0.001467795460484922,0.009857334196567535,-0.9404013445423478
2014-08-05,fold_3,Taper tantrum and 2014 H1,0.014711137861013412,1,-0.0007404669304378331,-1,-0.0007404669304378331,0.11866967594687594,,,,0,-7.404669304378331,0.005279161036014557,0.008736382238566875,0.014711137861013412,-0.0937116027863874
2014-08-06,fold_3,Taper tantrum and 2014 H1,0.01060543954372406,1,-0.00317862955853343,-1,-0.00317862955853343,0.11549104638834251,,,,0,-31.7862955853343,0.006220787763595581,0.02000616118311882,0.01060543954372406,-0.41130322963078586
2014-08-07,fold_3,Taper tantrum and 2014 H1,0.009571477770805359,1,0.007191305048763752,1,0.007191305048763752,0.12268235143710626,,,,1,71.91305048763752,0.01065758615732193,0.028356796130537987,0.009571477770805359,0.9304928116568347
2014-08-08,fold_3,Taper tantrum and 2014 H1,0.008449975401163101,1,0.005883449222892523,1,0.005883449222892523,0.12856580065999879,,,,1,58.83449222892523,0.010587543249130249,0.02600216120481491,0.008449975401163101,0.757958197237931
2014-08-11,fold_3,Taper tantrum and 2014 H1,0.005303189158439636,1,-0.0004192753112874925,-1,-0.0004192753112874925,0.1281465253487113,,,,0,-4.192753112874925,0.009164512157440186,0.02778947539627552,0.005303189158439636,-0.05403648788866629
2014-08-12,fold_3,Taper tantrum and 2014 H1,0.004431828856468201,1,0.010529312305152416,1,0.010529312305152416,0.1386758376538637,,,,1,105.29312305152416,0.009756751358509064,0.03379705175757408,0.004431828856468201,1.363679603234186
2014-08-13,fold_3,Taper tantrum and 2014 H1,0.004402812570333481,1,0.0051720053888857365,1,0.0051720053888857365,0.14384784304274945,,,,1,51.720053888857365,0.007474325597286224,0.02326774038374424,0.004402812570333481,0.6446265908960627
2014-08-14,fold_3,Taper tantrum and 2014 H1,0.003319159150123596,1,0.004836669657379389,1,0.004836669657379389,0.14868451270012883,,,,1,48.36669657379389,0.009009644389152527,0.020119888707995415,0.003319159150123596,0.6416355422554882
2014-08-15,fold_3,Taper tantrum and 2014 H1,0.0022866949439048767,1,0.007670763414353132,1,0.007670763414353132,0.15635527611448197,,,,1,76.70763414353132,0.007111497223377228,0.016798965632915497,0.0022866949439048767,1.135661916793589
2014-08-18,fold_3,Taper tantrum and 2014 H1,-0.0006089173257350922,-1,0.005588300991803408,1,-0.005588300991803408,0.15076697512267856,,,,0,-55.88300991803408,0.008142098784446716,0.012655028142035007,-0.0006089173257350922,0.8025449421832442
2014-08-19,fold_3,Taper tantrum and 2014 H1,0.0011923499405384064,1,0.0,0,0.0,0.15076697512267856,,,,0,0.0,0.010485298931598663,0.008072314783930779,0.0011923499405384064,0.0
2014-08-20,fold_3,Taper tantrum and 2014 H1,0.0015106052160263062,1,0.0020241537131369114,1,0.0020241537131369114,0.15279112883581547,,,,1,20.241537131369114,0.008245475590229034,0.008273630402982235,0.0015106052160263062,0.2984589132808147
2014-08-21,fold_3,Taper tantrum and 2014 H1,0.0022434741258621216,1,0.0015157470479607582,1,0.0015157470479607582,0.15430687588377623,,,,1,15.157470479607582,0.0012358427047729492,0.005143505055457354,0.0022434741258621216,0.22315366394154962
2014-08-22,fold_3,Taper tantrum and 2014 H1,0.003956291824579239,1,0.00352682638913393,1,0.00352682638913393,0.15783370227291016,,,,1,35.2682638913393,0.0021942779421806335,0.007342625875025988,0.003956291824579239,0.5229497782812355
2014-08-25,fold_3,Taper tantrum and 2014 H1,0.0046372190117836,1,0.0010055879829451442,1,0.0010055879829451442,0.1588392902558553,,,,1,10.055879829451442,-3.7901103496551514e-05,0.00671806838363409,0.0046372190117836,0.14810494098229504
2014-08-26,fold_3,Taper tantrum and 2014 H1,0.004352390766143799,1,0.0002013150224229321,1,0.0002013150224229321,0.15904060527827824,,,,1,2.013150224229321,0.003058098256587982,-0.00020076821965631098,0.004352390766143799,0.029683580416780462
2014-08-27,fold_3,Taper tantrum and 2014 H1,0.005058839917182922,1,-0.0011059711687266827,-1,-0.0011059711687266827,0.15793463410955155,,,,0,-11.059711687266827,0.0051918625831604,-0.0013072571018710732,0.005058839917182922,-0.16445378893942256
2014-08-28,fold_3,Taper tantrum and 2014 H1,0.006914641708135605,1,0.0037148678675293922,1,0.0037148678675293922,0.16164950197708094,,,,1,37.14867867529392,0.007271401584148407,0.004816656932234764,0.006914641708135605,0.7513692050723919
2014-08-29,fold_3,Taper tantrum and 2014 H1,0.006350696086883545,1,0.002902268897742033,1,0.002902268897742033,0.16455177087482298,,,,1,29.02268897742033,0.006956867873668671,0.0030023581348359585,0.006350696086883545,0.5869045800932715
2014-09-02,fold_3,Taper tantrum and 2014 H1,0.00552649050951004,1,-0.005913248751312494,-1,-0.005913248751312494,0.15863852212351048,,,,0,-59.13248751312494,0.006880521774291992,-0.008227802813053131,0.00552649050951004,-1.2456932093143112
2014-09-03,fold_3,Taper tantrum and 2014 H1,0.005703356117010117,1,-0.0009051738306879997,-1,-0.0009051738306879997,0.15773334829282248,,,,0,-9.051738306879997,0.010248228907585144,0.005913248751312494,0.005703356117010117,-0.19600618181372603
2014-09-04,fold_3,Taper tantrum and 2014 H1,0.006009608507156372,1,0.005017942748963833,1,0.005017942748963833,0.16275129104178632,,,,1,50.17942748963833,0.008620522916316986,0.0060186004266142845,0.006009608507156372,1.0862393282937621
2014-09-05,fold_3,Taper tantrum and 2014 H1,0.004710160195827484,1,0.0019005690701305866,1,0.0019005690701305866,0.1646518601119169,,,,1,19.005690701305866,0.0077140480279922485,-0.004112768918275833,0.004710160195827484,0.40433892746950595
2014-09-08,fold_3,Taper tantrum and 2014 H1,0.0032438188791275024,1,-0.008327892050147057,-1,-0.008327892050147057,0.15632396806176985,,,,0,-83.27892050147057,0.0065321847796440125,-0.01571054756641388,0.0032438188791275024,-1.8768245623151516
2014-09-09,fold_3,Taper tantrum and 2014 H1,0.005749307572841644,1,0.008227802813053131,1,0.008227802813053131,0.16455177087482298,,,,1,82.27802813053131,0.008280076086521149,0.001308427657932043,0.005749307572841644,1.777519263451231
2014-09-10,fold_3,Taper tantrum and 2014 H1,0.006949976086616516,1,-0.0007998223882168531,-1,-0.0007998223882168531,0.16375194848660612,,,,0,-7.998223882168531,0.004009895026683807,-0.00541094271466136,0.006949976086616516,-0.16060189297344188
2014-09-11,fold_3,Taper tantrum and 2014 H1,0.0028831474483013153,1,-0.005113426595926285,-1,-0.005113426595926285,0.15863852189067984,,,,0,-51.13426595926285,0.002647608518600464,0.0028961822390556335,0.0028831474483013153,-1.1642305984975365
2014-09-12,fold_3,Taper tantrum and 2014 H1,0.002414591610431671,1,-0.009697210043668747,-1,-0.009697210043668747,0.1489413118470111,,,,0,-96.97210043668747,0.007881760597229004,0.007389549165964127,0.002414591610431671,-2.2095975746885537
2014-09-15,fold_3,Taper tantrum and 2014 H1,0.003757823258638382,1,0.008691084571182728,1,0.008691084571182728,0.15763239641819382,,,,1,86.91084571182728,0.012053713202476501,0.00774153508245945,0.003757823258638382,1.8204422697855847
2014-09-16,fold_3,Taper tantrum and 2014 H1,0.003640953451395035,1,0.0015084322076290846,1,0.0015084322076290846,0.1591408286258229,,,,1,15.084322076290846,0.009765155613422394,-0.003679014276713133,0.003640953451395035,0.3103262284268353
2014-09-17,fold_3,Taper tantrum and 2014 H1,0.00171724334359169,1,0.0075073023326694965,1,0.0075073023326694965,0.1666481309584924,,,,1,75.07302332669497,0.006988644599914551,0.005486177280545235,0.00171724334359169,1.594067302481406
2014-09-18,fold_3,Taper tantrum and 2014 H1,-0.003557991236448288,-1,-0.0006200594361871481,-1,0.0006200594361871481,0.16726819039467955,,,,1,6.200594361871481,0.004795826971530914,-0.0232794601470232,-0.003557991236448288,-0.12401778789185415
2014-09-19,fold_3,Taper tantrum and 2014 H1,-0.0060909949243068695,-1,-0.009345224127173424,-1,0.009345224127173424,0.17661341452185297,,,,1,93.45224127173424,0.005039222538471222,-0.012074689380824566,-0.0060909949243068695,-1.876112941336521
2014-09-22,fold_3,Taper tantrum and 2014 H1,-0.0010569468140602112,-1,-0.002729465253651142,-1,0.002729465253651142,0.17934287977550412,,,,1,27.29465253651142,0.005282953381538391,-0.0040466017089784145,-0.0010569468140602112,-0.5062925958727779
2014-09-23,fold_3,Taper tantrum and 2014 H1,0.0062018148601055145,1,0.010673623532056808,1,0.010673623532056808,0.19001650330756092,,,,1,106.73623532056808,0.014438323676586151,0.00010115558688994497,0.0062018148601055145,1.9884172085794183
2014-09-24,fold_3,Taper tantrum and 2014 H1,0.005615793168544769,1,-0.021258333697915077,-1,-0.021258333697915077,0.16875816960964585,,,,0,-212.58333697915077,0.0033195465803146362,-0.026695234701037407,0.005615793168544769,-3.6213541307532724
2014-09-25,fold_3,Taper tantrum and 2014 H1,0.006656493991613388,1,0.010584711097180843,1,0.010584711097180843,0.1793428807068267,,,,1,105.84711097180843,0.020125381648540497,-0.005436900071799755,0.006656493991613388,1.4013167095476196
2014-09-26,fold_3,Taper tantrum and 2014 H1,0.014890752732753754,1,-0.0013171363389119506,-1,-0.0013171363389119506,0.17802574436791474,,,,0,-13.171363389119506,0.01911366730928421,-0.0061947559006512165,0.014890752732753754,-0.1664801500173341
2014-09-29,fold_3,Taper tantrum and 2014 H1,0.009720534086227417,1,0.0014182919403538108,1,0.0014182919403538108,0.17944403630826855,,,,1,14.182919403538108,0.019389502704143524,-0.007019097916781902,0.009720534086227417,0.1801359166050565
2015-09-15,fold_4,China devaluation and oil crash,0.003600567579269409,1,0.005618483759462833,1,0.005618483759462833,0.005618483759462833,,,,1,56.184837594628334,0.0016694068908691406,-0.02026941254734993,0.003600567579269409,0.2423541223530864
2015-09-16,fold_4,China devaluation and oil crash,0.0025554969906806946,1,0.00037324512959457934,1,0.00037324512959457934,0.005991728889057413,,,,1,3.7324512959457934,0.0024643242359161377,-0.025119448080658913,0.0025554969906806946,0.01609604162384066
2015-09-17,fold_4,China devaluation and oil crash,0.002498328685760498,1,-0.014325105585157871,-1,-0.014325105585157871,-0.008333376696100459,,,,0,-143.2510558515787,-0.0021691322326660156,-0.02914709784090519,0.002498328685760498,-0.6190175770752189
2015-09-18,fold_4,China devaluation and oil crash,0.0015427321195602417,1,0.0031276640947908163,1,0.0031276640947908163,-0.005205712601309642,,,,1,31.276640947908163,-0.005436323583126068,-0.023336129263043404,0.0015427321195602417,0.13899245747091407
2015-09-21,fold_4,China devaluation and oil crash,0.0005607679486274719,1,-0.015063699334859848,-1,-0.015063699334859848,-0.02026941193616949,,,,0,-150.63699334859848,-0.006528906524181366,-0.055345356464385986,0.0005607679486274719,-0.746687887394059
2015-09-22,fold_4,China devaluation and oil crash,0.0038493797183036804,1,0.0007684477022849023,1,0.0007684477022849023,-0.019500964233884588,,,,1,7.684477022849023,-0.0036141052842140198,-0.04549579694867134,0.0038493797183036804,0.04159180316692615
2015-09-23,fold_4,China devaluation and oil crash,0.005614276975393295,1,-0.003654405241832137,-1,-0.003654405241832137,-0.023155369475716725,,,,0,-36.54405241832137,-0.00832771509885788,-0.02350310981273651,0.005614276975393295,-0.19798969234792727
2015-09-24,fold_4,China devaluation and oil crash,0.008330218493938446,1,-0.00851413607597351,-1,-0.00851413607597351,-0.031669505551690236,,,,0,-85.14136075973511,-0.00801137089729309,-0.015338551253080368,0.008330218493938446,-0.5731943020936433
2015-09-25,fold_4,China devaluation and oil crash,0.0051230937242507935,1,-0.028881562873721123,-1,-0.028881562873721123,-0.06055106842541136,,,,0,-288.8156287372112,-0.005133278667926788,0.010535220615565777,0.0051230937242507935,-2.07910398068912
2015-09-28,fold_4,China devaluation and oil crash,0.004786040633916855,1,-0.005214141681790352,-1,-0.005214141681790352,-0.06576521010720171,,,,0,-52.14141681790352,0.003535941243171692,0.053640756756067276,0.004786040633916855,-0.34036847806668635
2015-09-29,fold_4,China devaluation and oil crash,0.005278013646602631,1,0.022761136293411255,1,0.022761136293411255,-0.043004073813790455,,,,1,227.61136293411255,0.006510570645332336,0.05410434678196907,0.005278013646602631,1.5065800472282846
2015-09-30,fold_4,China devaluation and oil crash,0.005594488233327866,1,0.004510152153670788,1,0.004510152153670788,-0.03849392166011967,,,,1,45.10152153670788,0.005924977362155914,0.03732498735189438,0.005594488233327866,0.31597404724577227
2015-10-01,fold_4,China devaluation and oil crash,0.004795797169208527,1,0.01735963486135006,1,0.01735963486135006,-0.021134286798769608,,,,1,173.5963486135006,0.007506892085075378,0.036783184856176376,0.004795797169208527,1.3470453856996372
2015-10-02,fold_4,China devaluation and oil crash,0.004027705639600754,1,0.014223971404135227,1,0.014223971404135227,-0.006910315394634381,,,,1,142.23971404135227,0.005072273313999176,0.02393958531320095,0.004027705639600754,1.0603778627484988
2015-10-05,fold_4,China devaluation and oil crash,0.00479542464017868,1,-0.0047505502589046955,-1,-0.0047505502589046955,-0.011660865653539076,,,,0,-47.505502589046955,0.004063203930854797,0.012153252959251404,0.00479542464017868,-0.3512746338909319
2015-10-06,fold_4,China devaluation and oil crash,0.0035012923181056976,1,0.005981777794659138,1,0.005981777794659138,-0.005679087858879939,,,,1,59.81777794659138,0.0036222264170646667,0.010421394370496273,0.0035012923181056976,0.4961165984798305
2015-10-07,fold_4,China devaluation and oil crash,0.0023908615112304688,1,0.003968350123614073,1,0.003968350123614073,-0.001710737735265866,,,,1,39.68350123614073,0.006187707185745239,0.0028364972677081823,0.0023908615112304688,0.33445216226270147
2015-10-08,fold_4,China devaluation and oil crash,0.003463268280029297,1,0.004516035784035921,1,0.004516035784035921,0.002805298048770055,,,,1,45.16035784035921,0.00815516710281372,0.015160449780523777,0.003463268280029297,0.3876521817562764
2015-10-09,fold_4,China devaluation and oil crash,0.0026104114949703217,1,0.002437639283016324,1,0.002437639283016324,0.005242937331786379,,,,1,24.37639283016324,0.002573929727077484,0.014815110713243484,0.0026104114949703217,0.20962937932366787
2015-10-12,fold_4,China devaluation and oil crash,0.004225295037031174,1,-0.006482408381998539,-1,-0.006482408381998539,-0.0012394710502121598,,,,0,-64.82408381998539,0.009835690259933472,0.018095392733812332,0.004225295037031174,-0.5578045619965765
2015-10-13,fold_4,China devaluation and oil crash,0.004343677312135696,1,-0.0016031190752983093,-1,-0.0016031190752983093,-0.002842590125510469,,,,0,-16.031190752983093,0.006077423691749573,0.019414884969592094,0.004343677312135696,-0.14044291647671067
2015-10-14,fold_4,China devaluation and oil crash,0.005263235419988632,1,0.016292301937937737,1,0.016292301937937737,0.013449711812427267,,,,1,162.92301937937737,0.002829432487487793,0.014898093417286873,0.005263235419988632,1.4353121076134057
2015-10-15,fold_4,China devaluation and oil crash,0.0069565437734127045,1,0.004170697182416916,1,0.004170697182416916,0.017620408994844183,,,,1,41.70697182416916,-0.00548216700553894,0.01876967027783394,0.0069565437734127045,0.34985995436791084
2015-10-16,fold_4,China devaluation and oil crash,0.006624504923820496,1,0.005717921536415815,1,0.005717921536415815,0.02333833053126,,,,1,57.17921536415815,-0.009159326553344727,0.042197540402412415,0.006624504923820496,0.4963281646211488
2015-10-19,fold_4,China devaluation and oil crash,0.002709466964006424,1,-0.005162917543202639,-1,-0.005162917543202639,0.01817541298805736,,,,0,-51.629175432026386,-0.00933237373828888,0.03709967061877251,0.002709466964006424,-0.4462308188451556
2015-10-20,fold_4,China devaluation and oil crash,0.009225476533174515,1,-0.006119910627603531,-1,-0.006119910627603531,0.01205550236045383,,,,0,-61.19910627603531,-0.011516474187374115,0.04429900646209717,0.009225476533174515,-0.549909513091617
2015-10-21,fold_4,China devaluation and oil crash,0.010182123631238937,1,0.02016388066112995,1,0.02016388066112995,0.03221938302158378,,,,1,201.63880661129951,-0.009415991604328156,0.05869702249765396,0.010182123631238937,1.7985088349856173
2015-10-22,fold_4,China devaluation and oil crash,0.009579438716173172,1,0.02759856916964054,1,0.02759856916964054,0.05981795219122432,,,,1,275.9856916964054,-0.017807312309741974,0.03695332258939743,0.009579438716173172,2.2891135509366194
2015-10-23,fold_4,China devaluation and oil crash,-0.00536201149225235,-1,0.0006200486677698791,1,-0.0006200486677698791,0.05919790352345444,,,,0,-6.200486677698791,-0.017243891954421997,0.004864683840423822,-0.00536201149225235,0.046239165445014885
2015-10-26,fold_4,China devaluation and oil crash,0.0010548681020736694,1,0.0020364215597510338,1,0.0020364215597510338,0.061234325083205476,,,,1,20.364215597510338,-0.007871367037296295,0.015475906431674957,0.0010548681020736694,0.17327052468370258
2015-10-27,fold_4,China devaluation and oil crash,0.003672320395708084,1,0.008278105407953262,1,0.008278105407953262,0.06951243049115874,,,,1,82.78105407953262,-0.005340881645679474,0.0169235672801733,0.003672320395708084,0.7073047718117413
2015-10-28,fold_4,China devaluation and oil crash,0.006569776684045792,1,-0.001579819479957223,-1,-0.001579819479957223,0.06793261101120152,,,,0,-15.79819479957223,-0.0006173029541969299,0.008732274174690247,0.006569776684045792,-0.1476400958413283
2015-10-29,fold_4,China devaluation and oil crash,0.00493018701672554,1,-0.0044900719076395035,-1,-0.0044900719076395035,0.06344253910356201,,,,0,-44.900719076395035,-0.0023226290941238403,0.0076130894012749195,0.00493018701672554,-0.42125876748744795
2015-10-30,fold_4,China devaluation and oil crash,0.007254265248775482,1,0.011231271550059319,1,0.011231271550059319,0.07467381065362133,,,,1,112.31271550059319,-0.0007470697164535522,0.012800556607544422,0.007254265248775482,1.125673331570117
2015-11-02,fold_4,China devaluation and oil crash,0.0053856223821640015,1,0.0034840821754187346,1,0.0034840821754187346,0.07815789282904007,,,,1,34.840821754187346,0.005891107022762299,-0.009115763008594513,0.0053856223821640015,0.35607678947438853
2015-11-03,fold_4,China devaluation and oil crash,0.006645575165748596,1,8.681241888552904e-05,1,8.681241888552904e-05,0.0782447052479256,,,,1,0.8681241888552904,0.006496071815490723,-0.015156766399741173,0.006645575165748596,0.008896579534874601
2015-11-04,fold_4,China devaluation and oil crash,0.0027799680829048157,1,-0.0026990047190338373,-1,-0.0026990047190338373,0.07554570052889176,,,,0,-26.990047190338373,0.00023720413446426392,-0.0164802223443985,0.0027799680829048157,-0.27923049992307447
2015-11-05,fold_4,China devaluation and oil crash,0.0066493116319179535,1,0.0006973955896683037,1,0.0006973955896683037,0.07624309611856006,,,,1,6.973955896683037,0.002511940896511078,-0.02355119399726391,0.0066493116319179535,0.07231429521597253
2015-11-06,fold_4,China devaluation and oil crash,0.0059431977570056915,1,-0.010685048997402191,-1,-0.010685048997402191,0.06555804712115787,,,,0,-106.85048997402191,0.007400929927825928,-0.044079799205064774,0.0059431977570056915,-1.113930360360376
2015-11-09,fold_4,China devaluation and oil crash,0.006936464458703995,1,-0.002556920750066638,-1,-0.002556920750066638,0.06300112637109123,,,,0,-25.56920750066638,0.0009956061840057373,-0.01911265403032303,0.006936464458703995,-0.2590533167347578
2015-11-10,fold_4,China devaluation and oil crash,0.008321739733219147,1,-0.0012366441078484058,-1,-0.0012366441078484058,0.061764482263242826,,,,0,-12.366441078484058,0.004189297556877136,-0.0159277506172657,0.008321739733219147,-0.12644673556114616
2015-11-11,fold_4,China devaluation and oil crash,0.013499516993761063,1,-0.009769977070391178,-1,-0.009769977070391178,0.05199450519285165,,,,0,-97.69977070391178,-0.00265464186668396,0.004321797750890255,0.013499516993761063,-0.9992510511783043
2015-11-12,fold_4,China devaluation and oil crash,0.014383513480424881,1,-0.019831210374832153,-1,-0.019831210374832153,0.032163294818019494,,,,0,-198.31210374832153,-0.0030485689640045166,0.014795579016208649,0.014383513480424881,-2.124953703021285
2015-11-13,fold_4,China devaluation and oil crash,0.015491675585508347,1,0.014282097108662128,1,0.014282097108662128,0.04644539192668162,,,,1,142.82097108662128,-0.009261995553970337,0.041375380009412766,0.015491675585508347,1.3879178394405955
2015-11-16,fold_4,China devaluation and oil crash,0.01752074807882309,1,0.0006279842928051949,1,0.0006279842928051949,0.04707337621948682,,,,1,6.2798429280519485,-0.009686022996902466,0.024206893518567085,0.01752074807882309,0.058699210833415644
2015-11-17,fold_4,China devaluation and oil crash,0.0216127410531044,1,0.019012903794646263,1,0.019012903794646263,0.06608628001413308,,,,1,190.12903794646263,0.008228324353694916,0.022702451795339584,0.0216127410531044,1.7874648466146612
2015-11-18,fold_4,China devaluation and oil crash,0.004775971174240112,1,0.0007038041949272156,1,0.0007038041949272156,0.0667900842090603,,,,1,7.038041949272156,-0.00417838990688324,0.004566005896776915,0.004775971174240112,0.06188420412372024
2015-11-19,fold_4,China devaluation and oil crash,0.0057831257581710815,1,0.006748592015355825,1,0.006748592015355825,0.07353867622441612,,,,1,67.48592015355825,0.006194494664669037,0.005262549035251141,0.0057831257581710815,0.6462822591666338
2015-11-20,fold_4,China devaluation and oil crash,0.0029086805880069733,1,-0.0028863900806754827,-1,-0.0028863900806754827,0.07065228614374064,,,,0,-28.863900806754827,0.007969625294208527,-0.004026245791465044,0.0029086805880069733,-0.33729056284664266
2015-11-23,fold_4,China devaluation and oil crash,0.0015858188271522522,1,-0.0008764576632529497,-1,-0.0008764576632529497,0.06977582848048769,,,,0,-8.764576632529497,0.014889687299728394,0.008809004910290241,0.0015858188271522522,-0.10214217951414425
2015-11-24,fold_4,China devaluation and oil crash,0.0030739717185497284,1,0.0008764576632529497,1,0.0008764576632529497,0.07065228614374064,,,,1,8.764576632529497,0.014951631426811218,0.0035007991828024387,0.0030739717185497284,0.10225956340385596
2015-11-25,fold_4,China devaluation and oil crash,0.0028248392045497894,1,0.0014003473334014416,1,0.0014003473334014416,0.07205263347714208,,,,1,14.003473334014416,0.023922547698020935,-0.014471632428467274,0.0028248392045497894,0.16728680282196637
2015-11-27,fold_4,China devaluation and oil crash,0.010414231568574905,1,-0.002540202811360359,-1,-0.002540202811360359,0.06951243066578172,,,,0,-25.402028113603592,0.01570460945367813,0.0072346641682088375,0.010414231568574905,-0.3035129411512779
2015-11-30,fold_4,China devaluation and oil crash,0.009113989770412445,1,0.009948860853910446,1,0.009948860853910446,0.07946129151969217,,,,1,99.48860853910446,0.002076089382171631,0.005248351488262415,0.009113989770412445,1.194586063857271
2015-12-01,fold_4,China devaluation and oil crash,0.010029107332229614,1,-0.006184663623571396,-1,-0.006184663623571396,0.07327662789612077,,,,0,-61.84663623571396,0.0025385022163391113,-0.0046132574789226055,0.010029107332229614,-0.7499876485171226
2015-12-02,fold_4,China devaluation and oil crash,0.006970677524805069,1,-0.01709597371518612,-1,-0.01709597371518612,0.05618065418093465,,,,0,-170.9597371518612,0.007812663912773132,-0.013724218122661114,0.006970677524805069,-2.0535364294682603
2015-12-03,fold_4,China devaluation and oil crash,0.0067482925951480865,1,0.023106643930077553,1,0.023106643930077553,0.0792872981110122,,,,1,231.06643930077553,0.007976263761520386,0.007879506796598434,0.0067482925951480865,2.5223255326409033
2015-12-04,fold_4,China devaluation and oil crash,0.014115642756223679,1,-0.004526515491306782,-1,-0.004526515491306782,0.07476078261970542,,,,0,-45.26515491306782,0.015159085392951965,-0.038512103259563446,0.014115642756223679,-0.43109129945658503
2015-12-07,fold_4,China devaluation and oil crash,0.022188641130924225,1,8.725155930733308e-05,1,8.725155930733308e-05,0.07484803417901276,,,,1,0.8725155930733308,0.023739740252494812,-0.026432102546095848,0.022188641130924225,0.008272132186391416
2015-12-08,fold_4,China devaluation and oil crash,0.021648168563842773,1,-0.015295623801648617,-1,-0.015295623801648617,0.05955241037736414,,,,0,-152.95623801648617,0.019355885684490204,-0.020446723327040672,0.021648168563842773,-1.4888426203459677
2015-12-09,fold_4,China devaluation and oil crash,0.020828813314437866,1,0.004507751204073429,1,0.004507751204073429,0.06406016158143757,,,,1,45.07751204073429,0.043675728142261505,0.00960917305201292,0.020828813314437866,0.4168919601981546
2015-12-10,fold_4,China devaluation and oil crash,0.032189399003982544,1,-0.02328496426343918,-1,-0.02328496426343918,0.04077519731799839,,,,0,-232.84964263439178,0.02713189274072647,-0.009569364599883556,0.032189399003982544,-2.144870930139299
2015-12-11,fold_4,China devaluation and oil crash,0.015025872737169266,1,0.007553484290838242,1,0.007553484290838242,0.04832868160883663,,,,1,75.53484290838242,0.03205101937055588,-0.005653249565511942,0.015025872737169266,0.6379484307264066
2015-12-14,fold_4,China devaluation and oil crash,0.008859489113092422,1,0.006072630640119314,1,0.006072630640119314,0.054401312248955946,,,,1,60.72630640119314,0.0024771541357040405,-0.00215992983430624,0.008859489113092422,0.5467045773028342
2015-12-15,fold_4,China devaluation and oil crash,0.008067477494478226,1,0.014760272577404976,1,0.014760272577404976,0.06916158482636092,,,,1,147.60272577404976,0.008346527814865112,-0.00168037845287472,0.008067477494478226,1.376247394325145
2015-12-16,fold_4,China devaluation and oil crash,0.005178786814212799,1,-0.014670786447823048,-1,-0.014670786447823048,0.054490798378537875,,,,0,-146.70786447823048,0.005009979009628296,-0.009042750112712383,0.005178786814212799,-1.3074991347175047
2015-12-17,fold_4,China devaluation and oil crash,0.0012486763298511505,1,-0.01936884969472885,-1,-0.01936884969472885,0.03512194868380902,,,,0,-193.6884969472885,0.001542702317237854,0.005450133234262466,0.0012486763298511505,-1.7786319863299034
2015-12-18,fold_4,China devaluation and oil crash,0.0010743848979473114,1,0.011046803556382656,1,0.011046803556382656,0.04616875224019168,,,,1,110.46803556382656,0.0023956075310707092,0.02428596094250679,0.0010743848979473114,0.9426938408301507
2015-12-21,fold_4,China devaluation and oil crash,0.005294807255268097,1,0.006552181672304869,1,0.006552181672304869,0.05272093391249655,,,,1,65.52181672304869,0.007114715874195099,0.028845859691500664,0.005294807255268097,0.5515120227529856
2015-12-22,fold_4,China devaluation and oil crash,0.003637664020061493,1,0.007397900801151991,1,0.007397900801151991,0.06011883471364854,,,,1,73.97900801151991,0.006475172936916351,0.013241508975625038,0.003637664020061493,0.6189166429136861
2015-12-23,fold_4,China devaluation and oil crash,0.004082836210727692,1,-0.00017790279525797814,-1,-0.00017790279525797814,0.05994093191839056,,,,0,-1.7790279525797814,-0.0014961585402488708,-0.006682647857815027,0.004082836210727692,-0.014744975855360434
2015-12-24,fold_4,China devaluation and oil crash,0.006125349551439285,1,-0.0005330225685611367,-1,-0.0005330225685611367,0.059407909349829424,,,,0,-5.330225685611367,-0.005878664553165436,-0.027828186750411987,0.006125349551439285,-0.04418367105827519
2015-12-28,fold_4,China devaluation and oil crash,0.004284776747226715,1,0.01560670230537653,1,0.01560670230537653,0.07501461165520595,,,,1,156.0670230537653,-0.008743979036808014,-0.02903185784816742,0.004284776747226715,1.2940542927429068
2015-12-29,fold_4,China devaluation and oil crash,0.0032898597419261932,1,-0.00905216857790947,-1,-0.00905216857790947,0.06596244307729648,,,,0,-90.5216857790947,-0.008946098387241364,-0.05429093912243843,0.0032898597419261932,-0.7217363218677224
2015-12-30,fold_4,China devaluation and oil crash,0.0010635927319526672,1,-0.012526256032288074,-1,-0.012526256032288074,0.05343618704500841,,,,0,-125.26256032288074,-0.003682665526866913,-0.07705271244049072,0.0010635927319526672,-1.0014434086057409
2015-12-31,fold_4,China devaluation and oil crash,-0.0014774277806282043,-1,-0.021323442459106445,-1,0.021323442459106445,0.07475962950411486,,,,1,213.23442459106445,-0.0025051310658454895,-0.07276111096143723,-0.0014774277806282043,-1.6733253467462836
2016-01-04,fold_4,China devaluation and oil crash,0.005253531038761139,1,-0.0017366929678246379,-1,-0.0017366929678246379,0.07302293653629022,,,,0,-17.36692967824638,0.023145899176597595,-0.048365604132413864,0.005253531038761139,-0.13299938311556678
2016-01-05,fold_4,China devaluation and oil crash,0.025322556495666504,1,-0.009652378037571907,-1,-0.009652378037571907,0.06337055849871831,,,,0,-96.52378037571907,0.032267145812511444,-0.03509790077805519,0.025322556495666504,-0.804466051931289
2016-01-06,fold_4,China devaluation and oil crash,0.020116552710533142,1,-0.03181394189596176,-1,-0.03181394189596176,0.03155661660275655,,,,0,-318.1394189596176,0.02131081372499466,-0.06054344400763512,0.020116552710533142,-2.618651198542985
2016-01-07,fold_4,China devaluation and oil crash,0.011430203914642334,1,-0.008234658278524876,-1,-0.008234658278524876,0.023321958324231673,,,,0,-82.34658278524876,0.015246190130710602,-0.007657906971871853,0.011430203914642334,-0.5849109099819225
2016-01-08,fold_4,China devaluation and oil crash,0.008766237646341324,1,0.0030720664653927088,1,0.0030720664653927088,0.026394024789624382,,,,1,30.720664653927088,0.008797995746135712,-0.030952053144574165,0.008766237646341324,0.22293194032832703
2016-01-11,fold_4,China devaluation and oil crash,0.007521472871303558,1,0.011531009338796139,1,0.011531009338796139,0.03792503412842052,,,,1,115.31009338796139,0.0067563727498054504,-0.031844522804021835,0.007521472871303558,0.8379769965657005
2016-01-12,fold_4,China devaluation and oil crash,0.006236307322978973,1,-0.03509791940450668,-1,-0.03509791940450668,0.0028271147239138372,,,,0,-350.97919404506683,0.009130693972110748,-0.04644802585244179,0.006236307322978973,-2.7007112948895324
2016-01-13,fold_4,China devaluation and oil crash,0.005216062068939209,1,0.021071596071124077,1,0.021071596071124077,0.023898710795037914,,,,1,210.71596071124077,0.010001994669437408,-0.010357847437262535,0.005216062068939209,1.396629864588817
2016-01-14,fold_4,China devaluation and oil crash,0.004586264491081238,1,-0.03152880445122719,-1,-0.03152880445122719,-0.007630093656189274,,,,0,-315.2880445122719,0.008141376078128815,-0.0028869316447526217,0.004586264491081238,-2.0021287642035857
2016-01-15,fold_4,China devaluation and oil crash,0.003670699894428253,1,0.002179595874622464,1,0.002179595874622464,-0.00545049778156681,,,,1,21.795958746224642,0.009993001818656921,0.013690323568880558,0.003670699894428253,0.12870273806938973
2016-01-19,fold_4,China devaluation and oil crash,0.004066877067089081,1,-0.0030724939424544573,-1,-0.0030724939424544573,-0.008522991724021267,,,,0,-30.724939424544573,0.010557599365711212,0.020469823852181435,0.004066877067089081,-0.1848506249669811
2016-01-20,fold_4,China devaluation and oil crash,0.0043280646204948425,1,0.0009922586614266038,1,0.0009922586614266038,-0.007530733062594663,,,,1,9.922586614266038,0.010347746312618256,-0.0016886454541236162,0.0043280646204948425,0.061776704168400025
2016-01-21,fold_4,China devaluation and oil crash,0.0035698972642421722,1,0.02854251302778721,1,0.02854251302778721,0.021011779965192545,,,,1,285.4251302778721,0.010469503700733185,0.011338510550558567,0.0035698972642421722,1.7982371089670433
2016-01-22,fold_4,China devaluation and oil crash,0.003970883786678314,1,-0.014951549470424652,-1,-0.014951549470424652,0.006060230494767893,,,,0,-149.51549470424652,0.007444761693477631,0.0034633507020771503,0.003970883786678314,-0.8771940457603843
2016-01-25,fold_4,China devaluation and oil crash,0.0037987120449543,1,0.008959095925092697,1,0.008959095925092697,0.01501932641986059,,,,1,89.59095925092697,0.006665214896202087,0.021100182086229324,0.0037987120449543,0.5181487944941808
2016-01-26,fold_4,China devaluation and oil crash,0.003042008727788925,1,-0.02523096278309822,-1,-0.02523096278309822,-0.01021163636323763,,,,0,-252.3096278309822,0.0054894909262657166,-0.00974215380847454,0.003042008727788925,-1.4495383138895608
2016-01-27,fold_4,China devaluation and oil crash,0.002492278814315796,1,0.014019414782524109,1,0.014019414782524109,0.0038077784192864783,,,,1,140.1941478252411,0.006523333489894867,0.01068068016320467,0.002492278814315796,0.7662004856589724
2016-01-28,fold_4,China devaluation and oil crash,0.0032347962260246277,1,0.02066735178232193,1,0.02066735178232193,0.024475130201608408,,,,1,206.6735178232193,0.004932224750518799,-0.003437303937971592,0.0032347962260246277,1.1335163489035494
2016-01-29,fold_4,China devaluation and oil crash,0.0034296438097953796,1,0.0026852828450500965,1,0.0026852828450500965,0.027160413046658505,,,,1,26.852828450500965,0.005370572209358215,-0.059448905289173126,0.0034296438097953796,0.14359585346548528
2016-02-01,fold_4,China devaluation and oil crash,0.003660336136817932,1,-0.021883239969611168,-1,-0.021883239969611168,0.005277173077047337,,,,0,-218.83239969611168,0.006078802049160004,-0.07753972709178925,0.003660336136817932,-1.182937129687806
2016-02-02,fold_4,China devaluation and oil crash,0.005642447620630264,1,-0.004808129742741585,-1,-0.004808129742741585,0.00046904333430575207,,,,0,-48.08129742741585,0.006747052073478699,-0.05876627564430237,0.005642447620630264,-0.25945388234654193
2016-02-03,fold_4,China devaluation and oil crash,0.004604361951351166,1,-9.856902761384845e-05,-1,-9.856902761384845e-05,0.0003704743066919036,,,,0,-0.9856902761384845,0.009515881538391113,-0.05012403801083565,0.004604361951351166,-0.005311166214399696
2016-02-04,fold_4,China devaluation and oil crash,0.004812151193618774,1,-0.03534424677491188,-1,-0.03534424677491188,-0.03497377246821998,,,,0,-353.4424677491188,0.015369661152362823,-0.05147428438067436,0.004812151193618774,-1.9174533501424986
2016-02-05,fold_4,China devaluation and oil crash,0.00608956441283226,1,-0.015405537560582161,-1,-0.015405537560582161,-0.05037931002880214,,,,0,-154.0553756058216,0.015950985252857208,-0.0010195453651249409,0.00608956441283226,-0.8215536769418437
2016-02-08,fold_4,China devaluation and oil crash,0.004407685250043869,1,-0.0031097931787371635,-1,-0.0031097931787371635,-0.0534891032075393,,,,0,-31.097931787371635,0.017825283110141754,0.03668167442083359,0.004407685250043869,-0.16387711720760295
2016-02-09,fold_4,China devaluation and oil crash,0.007760901004076004,1,0.0038341099862009287,1,0.0038341099862009287,-0.04965499322133837,,,,1,38.34109986200929,0.01707351952791214,0.06218694522976875,0.007760901004076004,0.2020432474718451
2016-02-10,fold_4,China devaluation and oil crash,0.0067727454006671906,1,-0.0014488183660432696,-1,-0.0014488183660432696,-0.05110381158738164,,,,0,-14.488183660432696,0.013639770448207855,0.04687260091304779,0.0067727454006671906,-0.07698195258095755
2016-02-11,fold_4,China devaluation and oil crash,0.004334714263677597,1,0.015110493637621403,1,0.015110493637621403,-0.03599331794976024,,,,1,151.10493637621403,0.013087652623653412,0.05127744376659393,0.004334714263677597,0.8831972019828036
2016-02-12,fold_4,China devaluation and oil crash,0.004968129098415375,1,0.02229568362236023,1,0.02229568362236023,-0.01369763432740001,,,,1,222.9568362236023,0.01015956699848175,0.052272047847509384,0.004968129098415375,1.3278565186649587
2016-02-16,fold_4,China devaluation and oil crash,0.0026457495987415314,1,0.022395476698875427,1,0.022395476698875427,0.008697842371475417,,,,1,223.95476698875427,0.008060634136199951,0.013379471376538277,0.0026457495987415314,1.3967733286032078
2016-02-17,fold_4,China devaluation and oil crash,0.0025776512920856476,1,-0.011480232700705528,-1,-0.011480232700705528,-0.002782390329230111,,,,0,-114.80232700705528,0.005865730345249176,0.0004877016763202846,0.0025776512920856476,-0.6837341414653121
2016-02-18,fold_4,China devaluation and oil crash,0.0008271634578704834,1,0.0029560215771198273,1,0.0029560215771198273,0.00017363124788971618,,,,1,29.560215771198273,0.00657191127538681,0.02176855504512787,0.0008271634578704834,0.17417363544250247
2016-02-19,fold_4,China devaluation and oil crash,0.002140335738658905,1,0.016105100512504578,1,0.016105100512504578,0.016278731760394294,,,,1,161.05100512504578,0.004638172686100006,0.017556218430399895,0.002140335738658905,0.9483009542696542
2016-02-22,fold_4,China devaluation and oil crash,0.0024040304124355316,1,-0.016596894711256027,-1,-0.016596894711256027,-0.0003181629508617334,,,,0,-165.96894711256027,0.0002942010760307312,-0.007580889854580164,0.0024040304124355316,-1.027989766492414
2016-02-23,fold_4,China devaluation and oil crash,0.003398362547159195,1,0.00950370728969574,1,0.00950370728969574,0.009185544338834006,,,,1,95.0370728969574,0.0034186318516731262,0.040609244257211685,0.003398362547159195,0.5857381864444753
2016-02-24,fold_4,China devaluation and oil crash,0.005223993211984634,1,0.009800620377063751,1,0.009800620377063751,0.018986164715897758,,,,1,98.00620377063751,0.0022136270999908447,0.031483400613069534,0.005223993211984634,0.603461779103473
2016-02-25,fold_4,China devaluation and oil crash,0.00539136677980423,1,-0.001256314804777503,-1,-0.001256314804777503,0.017729849911120255,,,,0,-12.56314804777503,8.477270603179932e-05,0.019791029393672943,0.00539136677980423,-0.08165264511119744
2016-02-26,fold_4,China devaluation and oil crash,0.0016876868903636932,1,-0.009032007306814194,-1,-0.009032007306814194,0.00869784260430606,,,,0,-90.32007306814194,0.0016418993473052979,0.021426400169730186,0.0016876868903636932,-0.599497246806656
2016-02-29,fold_4,China devaluation and oil crash,0.006780128926038742,1,0.031593240797519684,1,0.031593240797519684,0.040291083401825745,,,,1,315.93240797519684,0.0038062110543251038,0.02428814396262169,0.006780128926038742,2.1816719207427404
2016-03-01,fold_4,China devaluation and oil crash,0.0025461912155151367,1,0.00037786204484291375,1,0.00037786204484291375,0.04066894544666866,,,,1,3.7786204484291375,0.003660835325717926,-0.015623753890395164,0.0025461912155151367,0.023467816817346564
2016-03-02,fold_4,China devaluation and oil crash,0.002006061375141144,1,-0.0018917503766715527,-1,-0.0018917503766715527,0.038777195069997106,,,,0,-18.917503766715527,0.00626324862241745,-0.009589391760528088,0.002006061375141144,-0.12332163128581751
2016-03-03,fold_4,China devaluation and oil crash,0.003874894231557846,1,0.000379056204110384,1,0.000379056204110384,0.03915625127410749,,,,1,3.79056204110384,0.005532935261726379,-0.009225158020853996,0.003874894231557846,0.024761813468867088
2016-03-04,fold_4,China devaluation and oil crash,0.003681030124425888,1,-0.006170264445245266,-1,-0.006170264445245266,0.032985986828862224,,,,0,-61.70264445245266,0.011297427117824554,0.0077295913361012936,0.003681030124425888,-0.40306623955910803
2016-03-07,fold_4,China devaluation and oil crash,0.003299850970506668,1,-0.00831865705549717,-1,-0.00831865705549717,0.024667329773365054,,,,0,-83.1865705549717,0.00786437839269638,0.01558910682797432,0.003299850970506668,-0.6310215495998357
2016-03-08,fold_4,China devaluation and oil crash,0.007505819201469421,1,0.0064122239127755165,1,0.0064122239127755165,0.03107955368614057,,,,1,64.12223912775517,0.003071993589401245,0.023532414808869362,0.007505819201469421,0.49861595348445165
2016-03-09,fold_4,China devaluation and oil crash,-0.0011468268930912018,-1,-0.0015275164041668177,-1,0.0015275164041668177,0.03260707009030739,,,,1,15.275164041668177,0.0031855180859565735,0.025990260764956474,-0.0011468268930912018,-0.11821938015982
2016-03-10,fold_4,China devaluation and oil crash,0.003550812602043152,1,0.017333805561065674,1,0.017333805561065674,0.04994087565137306,,,,1,173.33805561065674,0.004655569791793823,0.026959849521517754,0.003550812602043152,1.3440099143160127
2016-03-11,fold_4,China devaluation and oil crash,0.005338925868272781,1,0.001689250930212438,1,0.001689250930212438,0.0516301265815855,,,,1,16.89250930212438,-0.0039016976952552795,0.011191518045961857,0.005338925868272781,0.12547344482987752
2016-03-14,fold_4,China devaluation and oil crash,0.0015250034630298615,1,-0.0003753479686565697,-1,-0.0003753479686565697,0.05125477861292893,,,,0,-3.753479686565697,-0.002834707498550415,0.01340685784816742,0.0015250034630298615,-0.028789643508014145
2016-03-15,fold_4,China devaluation and oil crash,-0.003366861492395401,-1,0.008870068937540054,1,-0.008870068937540054,0.042384709675388876,,,,0,-88.70068937540054,-0.003835827112197876,0.016838986426591873,-0.003366861492395401,0.7362859028048112
2016-03-16,fold_4,China devaluation and oil crash,-0.001749236136674881,-1,-0.0005579286371357739,-1,0.0005579286371357739,0.04294263831252465,,,,1,5.579286371357739,-0.0015787556767463684,-0.00029687152709811926,-0.001749236136674881,-0.050106030756215725
2016-03-17,fold_4,China devaluation and oil crash,-0.0005002841353416443,-1,0.0015654738526791334,1,-0.0015654738526791334,0.04137716445984552,,,,0,-15.654738526791334,-0.004402056336402893,0.000540980021469295,-0.0005002841353416443,0.14447327970051663
2016-03-18,fold_4,China devaluation and oil crash,0.0033380426466464996,1,0.0039045915473252535,1,0.0039045915473252535,0.04528175600717077,,,,1,39.045915473252535,-0.008611567318439484,-0.0024239751510322094,0.0033380426466464996,0.36082740226055715
2016-03-21,fold_4,China devaluation and oil crash,-0.003520101308822632,-1,0.003056779270991683,1,-0.003056779270991683,0.04222497673617909,,,,0,-30.56779270991683,-0.010596081614494324,0.009602147154510021,-0.003520101308822632,0.2984641932522144
2016-03-22,fold_4,China devaluation and oil crash,0.006022576242685318,1,-0.008265787735581398,-1,-0.008265787735581398,0.03395918900059769,,,,0,-82.65787735581398,-0.0036833733320236206,0.011403592303395271,0.006022576242685318,-0.8637103386924586
2016-03-23,fold_4,China devaluation and oil crash,0.007528729736804962,1,0.0002799229114316404,1,0.0002799229114316404,0.03423911191202933,,,,1,2.799229114316404,-0.0023633167147636414,0.01820463314652443,0.007528729736804962,0.029426987994186592
2016-03-24,fold_4,China devaluation and oil crash,0.0021322667598724365,1,-0.001399481319822371,-1,-0.001399481319822371,0.03283963059220696,,,,0,-13.99481319822371,-0.004877172410488129,0.028491921722888947,0.0021322667598724365,-0.1511843418165445
2016-03-28,fold_4,China devaluation and oil crash,0.00584009662270546,1,0.015930714085698128,1,0.015930714085698128,0.048770344677905086,,,,1,159.30714085698128,0.008139900863170624,0.02607828378677368,0.00584009662270546,1.720785580467
2016-03-29,fold_4,China devaluation and oil crash,0.005729638040065765,1,0.004858225118368864,1,0.004858225118368864,0.05362856979627395,,,,1,48.58225118368864,0.001648344099521637,0.0004590361495502293,0.005729638040065765,0.5002431355891801
2016-03-30,fold_4,China devaluation and oil crash,0.0028112977743148804,1,-0.0014647470088675618,-1,-0.0014647470088675618,0.05216382278740639,,,,0,-14.647470088675618,0.00539427250623703,0.011907192878425121,0.0028112977743148804,-0.2169314072734547
2016-03-31,fold_4,China devaluation and oil crash,0.0026468299329280853,1,0.010567210614681244,1,0.010567210614681244,0.06273103340208763,,,,1,105.67210614681244,0.009350329637527466,-0.0010990502778440714,0.0026468299329280853,1.5633052445202813
2016-04-01,fold_4,China devaluation and oil crash,0.007658842951059341,1,-0.003813117742538452,-1,-0.003813117742538452,0.05891791565954918,,,,0,-38.13117742538452,0.0007367953658103943,-0.012399908155202866,0.007658842951059341,-0.5334434279302764
2016-04-04,fold_4,China devaluation and oil crash,0.0027538947761058807,1,-0.009688534773886204,-1,-0.009688534773886204,0.04922938088566298,,,,0,-96.88534773886204,-0.004175230860710144,-0.012263499200344086,0.0027538947761058807,-1.3459487874714837
2016-04-05,fold_4,China devaluation and oil crash,0.007230333983898163,1,0.016306381672620773,1,0.016306381672620773,0.06553576255828375,,,,1,163.06381672620773,-0.001218743622303009,0.005769746843725443,0.007230333983898163,2.206686146330935
2016-04-06,fold_4,China devaluation and oil crash,0.010710366070270538,1,-0.014470990747213364,-1,-0.014470990747213364,0.051064771811070386,,,,0,-144.70990747213364,-0.0016765221953392029,0.0021664733067154884,0.010710366070270538,-1.8026860920018872
2016-04-07,fold_4,China devaluation and oil crash,0.004061978310346603,1,-0.0007336472626775503,-1,-0.0007336472626775503,0.050331124548392836,,,,0,-7.336472626775503,-0.0012824460864067078,0.016727684065699577,0.004061978310346603,-0.0859524674195636
2016-04-08,fold_4,China devaluation and oil crash,0.0033379942178726196,1,-0.0036767087876796722,-1,-0.0036767087876796722,0.046654415760713164,,,,0,-36.76708787679672,-0.004433922469615936,0.014934007078409195,0.0033379942178726196,-0.4310205214851261
2016-04-11,fold_4,China devaluation and oil crash,0.002726379781961441,1,0.008344711735844612,1,0.008344711735844612,0.054999127496557776,,,,1,83.44711735844612,-0.0067344531416893005,0.023929070681333542,0.002726379781961441,1.0917883100498842
2016-04-12,fold_4,China devaluation and oil crash,0.005954984575510025,1,0.012703108601272106,1,0.012703108601272106,0.06770223609782988,,,,1,127.03108601272106,-0.014448575675487518,0.009451969526708126,0.005954984575510025,1.6164684369758442
2016-04-13,fold_4,China devaluation and oil crash,0.0037984102964401245,1,9.022023732541129e-05,1,9.022023732541129e-05,0.0677924563351553,,,,1,0.9022023732541129,-0.035487815737724304,-0.002437104005366564,0.0037984102964401245,0.010797402454357615
2016-04-14,fold_4,China devaluation and oil crash,-0.008524242788553238,-1,-0.0025273242499679327,-1,0.0025273242499679327,0.07031978058512323,,,,1,25.273242499679327,-0.03816128149628639,-0.002437179908156395,-0.008524242788553238,-0.3113639257109552
2016-04-15,fold_4,China devaluation and oil crash,0.006561703979969025,1,0.005318354815244675,1,0.005318354815244675,0.0756381354003679,,,,1,53.18354815244675,-0.026816241443157196,-0.01511763408780098,0.006561703979969025,0.6537108107086823
2016-04-18,fold_4,China devaluation and oil crash,0.0032606273889541626,1,-0.006132390350103378,-1,-0.006132390350103378,0.06950574505026452,,,,0,-61.32390350103378,-0.002985261380672455,-0.020435988903045654,0.0032606273889541626,-0.746519575063396
2016-04-19,fold_4,China devaluation and oil crash,0.014441721141338348,1,0.0008140353602357209,1,0.0008140353602357209,0.07031978041050024,,,,1,8.140353602357209,-0.009179271757602692,-0.019178731366991997,0.014441721141338348,0.09828481736239875
2016-04-20,fold_4,China devaluation and oil crash,0.009520165622234344,1,9.014434181153774e-05,1,9.014434181153774e-05,0.07040992475231178,,,,1,0.9014434181153774,0.00458613783121109,-0.028047095984220505,0.009520165622234344,0.01091842629886139
2016-04-21,fold_4,China devaluation and oil crash,0.006498131901025772,1,-0.015207778662443161,-1,-0.015207778662443161,0.05520214608986862,,,,0,-152.0777866244316,0.008968912065029144,-0.04029499739408493,0.006498131901025772,-1.889952292367294
2016-04-22,fold_4,China devaluation and oil crash,0.0018163472414016724,1,0.0,0,0.0,0.05520214608986862,,,,0,0.0,0.00907520204782486,-0.0303702000528574,0.0018163472414016724,0.0
2016-04-25,fold_4,China devaluation and oil crash,0.003954894840717316,1,-0.0048751323483884335,-1,-0.0048751323483884335,0.05032701374148019,,,,0,-48.751323483884335,0.010381929576396942,-0.020955650135874748,0.003954894840717316,-0.5584431452323555
2016-04-26,fold_4,China devaluation and oil crash,0.005573637783527374,1,-0.008054329082369804,-1,-0.008054329082369804,0.04227268465911038,,,,0,-80.54329082369804,0.00030875951051712036,-0.025400573387742043,0.005573637783527374,-1.0012567341013854
2016-04-27,fold_4,China devaluation and oil crash,0.005914848297834396,1,-0.012157757766544819,-1,-0.012157757766544819,0.030114926892565563,,,,0,-121.57757766544819,0.0005423352122306824,-0.023798203095793724,0.005914848297834396,-1.4878294773292926
2016-04-28,fold_4,China devaluation and oil crash,0.009570226073265076,1,-0.005282980855554342,-1,-0.005282980855554342,0.02483194603701122,,,,0,-52.82980855554342,-0.019914351403713226,-0.011926179751753807,0.009570226073265076,-0.6139008000621646
2018-08-14,fold_5,2018 Vol-mageddon + Q4 sell-off,0.008507318794727325,1,-0.012310362420976162,-1,-0.012310362420976162,-0.012310362420976162,,,,0,-123.10362420976162,-0.006680525839328766,-0.006025122478604317,0.008507318794727325,-1.5377193445424446
2018-08-15,fold_5,2018 Vol-mageddon + Q4 sell-off,0.008047524839639664,1,0.0032866154797375202,1,0.0032866154797375202,-0.009023746941238642,,,,1,32.8661547973752,0.005704671144485474,0.01015878189355135,0.008047524839639664,0.3887142468544823
2018-08-16,fold_5,2018 Vol-mageddon + Q4 sell-off,0.012654229998588562,1,0.00022241576516535133,1,0.00022241576516535133,-0.00880133117607329,,,,1,2.2241576516535133,-0.004070363938808441,0.005435173399746418,0.012654229998588562,0.026438458137545466
2018-08-17,fold_5,2018 Vol-mageddon + Q4 sell-off,0.009944673627614975,1,-0.0008900492684915662,-1,-0.0008900492684915662,-0.009691380444564857,,,,0,-8.900492684915662,0.0036846324801445007,0.01446197833865881,0.009944673627614975,-0.10579976211303016
2018-08-20,fold_5,2018 Vol-mageddon + Q4 sell-off,0.011646509170532227,1,0.0036662581842392683,1,0.0036662581842392683,-0.006025122260325588,,,,1,36.66258184239268,0.013422928750514984,0.02549304999411106,0.011646509170532227,0.43724791695062576
2018-08-21,fold_5,2018 Vol-mageddon + Q4 sell-off,0.011071834713220596,1,0.0038735417183488607,1,0.0038735417183488607,-0.0021515805419767275,,,,1,38.73541718348861,0.01909172534942627,0.023290682584047318,0.011071834713220596,0.46254067897825857
2018-08-22,fold_5,2018 Vol-mageddon + Q4 sell-off,0.00447574257850647,1,-0.0014369931304827332,-1,-0.0014369931304827332,-0.003588573672459461,,,,0,-14.369931304827332,0.013816021382808685,0.03088875114917755,0.00447574257850647,-0.1836131444658376
2018-08-23,fold_5,2018 Vol-mageddon + Q4 sell-off,0.007641889154911041,1,0.009249220602214336,1,0.009249220602214336,0.005660646929754876,,,,1,92.49220602214336,0.009842902421951294,0.030556749552488327,0.007641889154911041,1.312007862239074
2018-08-24,fold_5,2018 Vol-mageddon + Q4 sell-off,0.00636209174990654,1,0.010141022503376007,1,0.010141022503376007,0.015801669433130883,,,,1,101.41022503376007,0.0021658316254615784,0.022594677284359932,0.00636209174990654,1.5160676042116923
2018-08-27,fold_5,2018 Vol-mageddon + Q4 sell-off,0.0031973421573638916,1,0.0014638900756835938,1,0.0014638900756835938,0.017265559508814476,,,,1,14.638900756835938,0.0049209147691726685,0.008158083073794842,0.0031973421573638916,0.23216552607430826
2018-08-28,fold_5,2018 Vol-mageddon + Q4 sell-off,0.007761742919683456,1,0.011471610516309738,1,0.011471610516309738,0.028737170025124215,,,,1,114.71610516309738,0.007606446743011475,-0.0063036587089300156,0.007761742919683456,1.8869571273454948
2018-08-29,fold_5,2018 Vol-mageddon + Q4 sell-off,0.006427783519029617,1,-0.0017689941450953484,-1,-0.0017689941450953484,0.026968175880028866,,,,0,-17.689941450953484,0.004098460078239441,-0.026754802092909813,0.006427783519029617,-0.2703320881805462
2018-08-30,fold_5,2018 Vol-mageddon + Q4 sell-off,0.008827630430459976,1,0.0012871483340859413,1,0.0012871483340859413,0.028255324214114808,,,,1,12.871483340859413,0.008259840309619904,-0.028843693435192108,0.008827630430459976,0.22124895708706202
2018-08-31,fold_5,2018 Vol-mageddon + Q4 sell-off,0.006543174386024475,1,-0.00429557217285037,-1,-0.00429557217285037,0.023959752041264437,,,,0,-42.955721728503704,0.0063791424036026,-0.026768488809466362,0.006543174386024475,-0.7426059889692106
2018-09-04,fold_5,2018 Vol-mageddon + Q4 sell-off,0.004794217646121979,1,-0.012997850775718689,-1,-0.012997850775718689,0.010961901265545748,,,,0,-129.9785077571869,0.005820475518703461,-0.014797898940742016,0.004794217646121979,-2.274368868583156
2018-09-05,fold_5,2018 Vol-mageddon + Q4 sell-off,0.005372028797864914,1,-0.00897953286767006,-1,-0.00897953286767006,0.001982368397875689,,,,0,-89.79532867670059,0.008419200778007507,-0.004753672983497381,0.005372028797864914,-1.4119354233931694
2018-09-06,fold_5,2018 Vol-mageddon + Q4 sell-off,0.006375361233949661,1,-0.0038578850217163563,-1,-0.0038578850217163563,-0.0018755166238406673,,,,0,-38.57885021716356,0.005666263401508331,0.014849498867988586,0.006375361233949661,-0.5789416532339245
2018-09-07,fold_5,2018 Vol-mageddon + Q4 sell-off,0.008081022650003433,1,0.0033623524941504,1,0.0033623524941504,0.0014868358703097329,,,,1,33.623524941504,0.005587689578533173,0.015776794403791428,0.008081022650003433,0.5005041863548502
2018-09-10,fold_5,2018 Vol-mageddon + Q4 sell-off,0.007876269519329071,1,0.007675017695873976,1,0.007675017695873976,0.009161853566183709,,,,1,76.75017695873976,0.0026160255074501038,-0.0020932797342538834,0.007876269519329071,1.1737890568017
2018-09-11,fold_5,2018 Vol-mageddon + Q4 sell-off,0.011189810931682587,1,-0.0029536255169659853,-1,-0.0029536255169659853,0.006208228049217723,,,,0,-29.536255169659853,0.0003599002957344055,-0.0015308947768062353,0.011189810931682587,-0.4372117422280712
2018-09-12,fold_5,2018 Vol-mageddon + Q4 sell-off,0.011948667466640472,1,0.010623639449477196,1,0.010623639449477196,0.01683186749869492,,,,1,106.23639449477196,0.0032802969217300415,0.0006569302058778703,0.011948667466640472,1.5993389285599509
2018-09-13,fold_5,2018 Vol-mageddon + Q4 sell-off,0.004058130085468292,1,-0.002930588787421584,-1,-0.002930588787421584,0.013901278711273335,,,,0,-29.30588787421584,0.0031839609146118164,0.0010289637139067054,0.004058130085468292,-0.45118622445558054
2018-09-14,fold_5,2018 Vol-mageddon + Q4 sell-off,-0.0040389299392700195,-1,-0.014507722109556198,-1,0.014507722109556198,0.028409000820829533,,,,1,145.07722109556198,-5.8002769947052e-05,-0.0015230397693812847,-0.0040389299392700195,-2.2365085644815483
2018-09-17,fold_5,2018 Vol-mageddon + Q4 sell-off,-0.0015098266303539276,-1,0.008237402886152267,1,-0.008237402886152267,0.020171597934677266,,,,0,-82.37402886152267,0.018245361745357513,0.01576199196279049,-0.0015098266303539276,1.13579438217693
2018-09-18,fold_5,2018 Vol-mageddon + Q4 sell-off,0.010959431529045105,1,-0.0007658004760742188,-1,-0.0007658004760742188,0.019405797458603047,,,,0,-7.6580047607421875,0.005119726061820984,0.00888301432132721,0.010959431529045105,-0.10237775008834965
2018-09-19,fold_5,2018 Vol-mageddon + Q4 sell-off,0.0018567368388175964,1,0.010995673015713692,1,0.010995673015713692,0.03040147047431674,,,,1,109.95673015713692,-7.969886064529419e-05,0.010354790836572647,0.0018567368388175964,1.4784977216211306
2018-09-20,fold_5,2018 Vol-mageddon + Q4 sell-off,0.010080799460411072,1,-0.00548259261995554,-1,-0.00548259261995554,0.0249188778543612,,,,0,-54.8259261995554,0.003561563789844513,0.007789247203618288,0.010080799460411072,-0.7042587737554218
2018-09-21,fold_5,2018 Vol-mageddon + Q4 sell-off,0.0012435652315616608,1,0.002777309622615576,1,0.002777309622615576,0.027696187476976775,,,,1,27.773096226155758,-0.008545324206352234,0.013056525960564613,0.0012435652315616608,0.35270575058628745
2018-09-24,fold_5,2018 Vol-mageddon + Q4 sell-off,0.007502909749746323,1,0.0013584248954430223,1,0.0013584248954430223,0.029054612372419797,,,,1,13.584248954430223,-0.004719212651252747,0.01232261210680008,0.007502909749746323,0.17819671546611277
2018-09-25,fold_5,2018 Vol-mageddon + Q4 sell-off,0.010349344462156296,1,0.0007059755735099316,1,0.0007059755735099316,0.02976058794592973,,,,1,7.059755735099316,0.005790673196315765,0.008705517277121544,0.010349344462156296,0.09691556136553459
2018-09-26,fold_5,2018 Vol-mageddon + Q4 sell-off,0.0006996095180511475,1,0.00843012984842062,1,0.00843012984842062,0.03819071779435035,,,,1,84.3012984842062,0.0031369850039482117,0.009075534529983997,0.0006996095180511475,1.1581767856288074
2018-09-27,fold_5,2018 Vol-mageddon + Q4 sell-off,0.0005412884056568146,1,-0.0002153137611458078,-1,-0.0002153137611458078,0.03797540403320454,,,,0,-2.153137611458078,-0.008551158010959625,-0.018739888444542885,0.0005412884056568146,-0.030463890037563997
2018-09-28,fold_5,2018 Vol-mageddon + Q4 sell-off,0.0060486942529678345,1,0.002043396234512329,1,0.002043396234512329,0.04001880026771687,,,,1,20.43396234512329,-0.016853459179401398,-0.030826954171061516,0.0060486942529678345,0.28955915449981495
2018-10-01,fold_5,2018 Vol-mageddon + Q4 sell-off,-0.0009738989174365997,-1,-0.0022586702834814787,-1,0.0022586702834814787,0.04227747055119835,,,,1,22.586702834814787,-0.012137003242969513,-0.03899511694908142,-0.0009738989174365997,-0.3196605862331189
2018-10-02,fold_5,2018 Vol-mageddon + Q4 sell-off,0.006657078862190247,1,0.0010759925935417414,1,0.0010759925935417414,0.04335346314474009,,,,1,10.759925935417414,-0.005977131426334381,-0.0335022509098053,0.006657078862190247,0.1533092755250861
2018-10-03,fold_5,2018 Vol-mageddon + Q4 sell-off,0.009852267801761627,1,-0.019385293126106262,-1,-0.019385293126106262,0.023968170018633828,,,,0,-193.85293126106262,-0.010841570794582367,-0.07955434173345566,0.009852267801761627,-3.032313178191907
2018-10-04,fold_5,2018 Vol-mageddon + Q4 sell-off,0.015548709779977798,1,-0.012302380055189133,-1,-0.012302380055189133,0.011665789963444695,,,,0,-123.02380055189133,0.005851291120052338,-0.07264971733093262,0.015548709779977798,-1.649475386727381
2018-10-05,fold_5,2018 Vol-mageddon + Q4 sell-off,0.00870850682258606,1,-0.006124766077846289,-1,-0.006124766077846289,0.005541023885598406,,,,0,-61.24766077846289,0.009878657758235931,-0.032896917313337326,0.00870850682258606,-0.7750360940234491
2018-10-08,fold_5,2018 Vol-mageddon + Q4 sell-off,0.013478506356477737,1,0.003234193893149495,1,0.003234193893149495,0.008775217778747901,,,,1,32.34193893149495,0.029859624803066254,-0.03895066678524017,0.013478506356477737,0.4050319915801271
2018-10-09,fold_5,2018 Vol-mageddon + Q4 sell-off,0.0112326480448246,1,-0.04497610032558441,-1,-0.04497610032558441,-0.03620088254683651,,,,0,-449.7610032558441,0.01571378856897354,-0.013507483527064323,0.0112326480448246,-5.74268986795803
2018-10-10,fold_5,2018 Vol-mageddon + Q4 sell-off,0.006336778402328491,1,-0.012480662204325199,-1,-0.012480662204325199,-0.04868154475116171,,,,0,-124.80662204325199,0.01613461971282959,0.03186367079615593,0.006336778402328491,-0.9804380361378571
2018-10-11,fold_5,2018 Vol-mageddon + Q4 sell-off,0.005911342799663544,1,0.02745041809976101,1,0.02745041809976101,-0.0212311266514007,,,,1,274.5041809976101,0.013083480298519135,0.020888805389404297,0.005911342799663544,2.142276908545707
2018-10-12,fold_5,2018 Vol-mageddon + Q4 sell-off,0.0062450505793094635,1,-0.012178515084087849,-1,-0.012178515084087849,-0.03340964173548855,,,,0,-121.78515084087849,0.010348014533519745,-0.007485735230147839,0.0062450505793094635,-0.8580742505676323
2018-10-15,fold_5,2018 Vol-mageddon + Q4 sell-off,0.004734460264444351,1,0.028677375987172127,1,0.028677375987172127,-0.004732265748316422,,,,1,286.77375987172127,0.007224775850772858,0.009823471307754517,0.004734460264444351,2.0363214130848357
2018-10-16,fold_5,2018 Vol-mageddon + Q4 sell-off,0.0036706961691379547,1,0.0003950525133404881,1,0.0003950525133404881,-0.004337213234975934,,,,1,3.9505251334048808,0.004427678883075714,-0.022540796548128128,0.0036706961691379547,0.025712687103086888
2018-10-17,fold_5,2018 Vol-mageddon + Q4 sell-off,0.0043123625218868256,1,-0.023455524817109108,-1,-0.023455524817109108,-0.027792738052085042,,,,0,-234.55524817109108,0.0030781254172325134,-0.0697828084230423,0.0043123625218868256,-1.526713668475972
2018-10-18,fold_5,2018 Vol-mageddon + Q4 sell-off,0.0024901218712329865,1,-0.00092412339290604,-1,-0.00092412339290604,-0.028716861444991082,,,,0,-9.2412339290604,0.0047699883580207825,-0.012317018583416939,0.0024901218712329865,-0.05758955729145474
2018-10-19,fold_5,2018 Vol-mageddon + Q4 sell-off,0.0017733648419380188,1,0.005130691919475794,1,0.005130691919475794,-0.023586169525515288,,,,1,51.30691919475794,0.004636116325855255,-0.037451568990945816,0.0017733648419380188,0.3206451188195099
2018-10-22,fold_5,2018 Vol-mageddon + Q4 sell-off,0.0014371387660503387,1,-0.003686893032863736,-1,-0.003686893032863736,-0.027273062558379024,,,,0,-36.86893032863736,0.006166316568851471,-0.06337808072566986,0.0014371387660503387,-0.22999663911757656
2018-10-23,fold_5,2018 Vol-mageddon + Q4 sell-off,0.001955505460500717,1,-0.04684695973992348,-1,-0.04684695973992348,-0.0741200222983025,,,,0,-468.4695973992348,0.007249400019645691,-0.04334544390439987,0.001955505460500717,-2.9190838441089455
2018-10-24,fold_5,2018 Vol-mageddon + Q4 sell-off,0.002737049013376236,1,0.03401026502251625,1,0.03401026502251625,-0.04010975727578625,,,,1,340.1026502251625,0.009163960814476013,0.026734814047813416,0.002737049013376236,1.77468860016443
2018-10-25,fold_5,2018 Vol-mageddon + Q4 sell-off,0.0026929080486297607,1,-0.026058673858642578,-1,-0.026058673858642578,-0.06616843113442883,,,,0,-260.5867385864258,0.010738804936408997,0.00582903204485774,0.0026929080486297607,-1.2692032756157483
2018-10-26,fold_5,2018 Vol-mageddon + Q4 sell-off,0.006029963493347168,1,-0.02079581841826439,-1,-0.02079581841826439,-0.08696424955269322,,,,0,-207.9581841826439,0.012400828301906586,0.016188867390155792,0.006029963493347168,-0.9743944970941217
2018-10-29,fold_5,2018 Vol-mageddon + Q4 sell-off,0.005530860275030136,1,0.01634574495255947,1,0.01634574495255947,-0.07061850460013375,,,,1,163.4574495255947,0.013133548200130463,0.03450203314423561,0.005530860275030136,0.7484921883353494
2018-10-30,fold_5,2018 Vol-mageddon + Q4 sell-off,0.00500129908323288,1,0.02323329448699951,1,0.02323329448699951,-0.047385210113134235,,,,1,232.33294486999512,0.010457098484039307,0.025703391060233116,0.00500129908323288,1.0495600485665344
2018-10-31,fold_5,2018 Vol-mageddon + Q4 sell-off,0.004866071045398712,1,0.013104485347867012,1,0.013104485347867012,-0.03428072476526722,,,,1,131.04485347867012,0.009267240762710571,0.03335581719875336,0.004866071045398712,0.5763659324773915
2018-11-01,fold_5,2018 Vol-mageddon + Q4 sell-off,0.0047306641936302185,1,-0.015698837116360664,-1,-0.015698837116360664,-0.04997956188162789,,,,0,-156.98837116360664,0.008809968829154968,0.013852041214704514,0.0047306641936302185,-0.6973882163455799
2018-11-02,fold_5,2018 Vol-mageddon + Q4 sell-off,0.0039583370089530945,1,-0.002482652897015214,-1,-0.002482652897015214,-0.0524622147786431,,,,0,-24.82652897015214,0.008679836988449097,0.012555296532809734,0.0039583370089530945,-0.10977283931015479
2018-11-05,fold_5,2018 Vol-mageddon + Q4 sell-off,0.003805261105298996,1,0.007547101005911827,1,0.007547101005911827,-0.044915113772731274,,,,1,75.47101005911827,0.008177489042282104,-0.01568807289004326,0.003805261105298996,0.33421468347266076
2018-11-06,fold_5,2018 Vol-mageddon + Q4 sell-off,0.005176465958356857,1,0.0308857224881649,1,0.0308857224881649,-0.014029391284566373,,,,1,308.857224881649,0.007026642560958862,-0.022393720224499702,0.005176465958356857,1.3646313407784774
2018-11-07,fold_5,2018 Vol-mageddon + Q4 sell-off,0.0030586756765842438,1,-0.006399292498826981,-1,-0.006399292498826981,-0.020428683783393353,,,,0,-63.992924988269806,0.005193643271923065,-0.0609380342066288,0.0030586756765842438,-0.2987561094118364
2018-11-08,fold_5,2018 Vol-mageddon + Q4 sell-off,0.003397025167942047,1,-0.01699558086693287,-1,-0.01699558086693287,-0.03742426465032622,,,,0,-169.9558086693287,0.001857556402683258,-0.03719615936279297,0.003397025167942047,-0.7984634592381895
2018-11-09,fold_5,2018 Vol-mageddon + Q4 sell-off,0.004380855709314346,1,-0.030726023018360138,-1,-0.030726023018360138,-0.06815028766868636,,,,0,-307.2602301836014,-0.0017675980925559998,-0.023716740310192108,0.004380855709314346,-1.4820286766987243
2018-11-12,fold_5,2018 Vol-mageddon + Q4 sell-off,0.0028104446828365326,1,0.000841454544570297,1,0.000841454544570297,-0.06730883312411606,,,,1,8.41454544570297,-0.0010304376482963562,-0.026007166132330894,0.0028104446828365326,0.03882904903812807
2018-11-13,fold_5,2018 Vol-mageddon + Q4 sell-off,0.005100727081298828,1,-0.007658591028302908,-1,-0.007658591028302908,-0.07496742415241897,,,,0,-76.58591028302908,0.000603795051574707,-0.044905394315719604,0.005100727081298828,-0.3699598816985418
2018-11-14,fold_5,2018 Vol-mageddon + Q4 sell-off,0.005713298916816711,1,0.01734258234500885,1,0.01734258234500885,-0.05762484180741012,,,,1,173.4258234500885,0.004724316298961639,-0.029672911390662193,0.005713298916816711,0.8349153533134935
2018-11-15,fold_5,2018 Vol-mageddon + Q4 sell-off,0.008001662790775299,1,-0.0035161625128239393,-1,-0.0035161625128239393,-0.06114100432023406,,,,0,-35.16162512823939,0.010269179940223694,-0.05427509918808937,0.008001662790775299,-0.17177737056518852
2018-11-16,fold_5,2018 Vol-mageddon + Q4 sell-off,0.008055876940488815,1,-0.033016450703144073,-1,-0.033016450703144073,-0.09415745502337813,,,,0,-330.16450703144073,0.0041963085532188416,-0.027908116579055786,0.008055876940488815,-1.611867493491997
2018-11-19,fold_5,2018 Vol-mageddon + Q4 sell-off,0.008186958730220795,1,-0.018056772649288177,-1,-0.018056772649288177,-0.11221422767266631,,,,0,-180.56772649288177,0.006153523921966553,0.008479170501232147,0.008186958730220795,-0.8304656952937203
2018-11-20,fold_5,2018 Vol-mageddon + Q4 sell-off,0.005701340734958649,1,0.007573891896754503,1,0.007573891896754503,-0.10464033577591181,,,,1,75.73891896754503,0.004529081284999847,0.058211855590343475,0.005701340734958649,0.342721089958986
2018-11-21,fold_5,2018 Vol-mageddon + Q4 sell-off,0.005713053047657013,1,-0.007259607780724764,-1,-0.007259607780724764,-0.11189994355663657,,,,0,-72.59607780724764,0.0068337395787239075,0.047372590750455856,0.005713053047657013,-0.37166995530783903
2018-11-23,fold_5,2018 Vol-mageddon + Q4 sell-off,0.004985980689525604,1,0.022850820794701576,1,0.022850820794701576,-0.089049122761935,,,,1,228.50820794701576,0.009574972093105316,0.06186139956116676,0.004985980689525604,1.2649789142725905
2018-11-26,fold_5,2018 Vol-mageddon + Q4 sell-off,0.0023790448904037476,1,0.0033708387054502964,1,0.0033708387054502964,-0.0856782840564847,,,,1,33.708387054502964,0.005960337817668915,0.05633609741926193,0.0023790448904037476,0.1888876302400691
2018-11-27,fold_5,2018 Vol-mageddon + Q4 sell-off,0.0031595751643180847,1,0.03167591243982315,1,0.03167591243982315,-0.05400237161666155,,,,1,316.7591243982315,0.004233710467815399,0.013853813521564007,0.0031595751643180847,1.8367398910174983
2018-11-28,fold_5,2018 Vol-mageddon + Q4 sell-off,0.002071768045425415,1,-0.0032653752714395523,-1,-0.0032653752714395523,-0.0572677468881011,,,,0,-32.65375271439552,0.002357199788093567,-0.01078720297664404,0.002071768045425415,-0.17861348239722183
2018-11-29,fold_5,2018 Vol-mageddon + Q4 sell-off,0.0019983910024166107,1,0.007229202892631292,1,0.007229202892631292,-0.05003854399546981,,,,1,72.29202892631292,0.0008579716086387634,-0.04109470173716545,0.0019983910024166107,0.4120773526837548
2018-11-30,fold_5,2018 Vol-mageddon + Q4 sell-off,0.0010658130049705505,1,0.017325518652796745,1,0.017325518652796745,-0.03271302534267306,,,,1,173.25518652796745,0.0026934072375297546,-0.037905894219875336,0.0010658130049705505,0.997310767714053
2018-12-03,fold_5,2018 Vol-mageddon + Q4 sell-off,0.0007855184376239777,1,-0.03911144658923149,-1,-0.03911144658923149,-0.07182447193190455,,,,0,-391.1144658923149,-0.0008751600980758667,-0.05192564055323601,0.0007855184376239777,-2.241424192443102
2018-12-04,fold_5,2018 Vol-mageddon + Q4 sell-off,0.003933727741241455,1,0.007034897338598967,1,0.007034897338598967,-0.06478957459330559,,,,1,70.34897338598967,-0.0012416765093803406,-0.004051308147609234,0.003933727741241455,0.3605707093956329
2018-12-06,fold_5,2018 Vol-mageddon + Q4 sell-off,0.0006445795297622681,1,-0.03357287496328354,-1,-0.03357287496328354,-0.09836244955658913,,,,0,-335.7287496328354,0.00046721845865249634,-0.010783231817185879,0.0006445795297622681,-1.7216083160429345
2018-12-07,fold_5,2018 Vol-mageddon + Q4 sell-off,0.005392018705606461,1,0.01041800994426012,1,0.01041800994426012,-0.087944439612329,,,,1,104.1800994426012,0.002698086202144623,-0.0018603972857818007,0.005392018705606461,0.5282515780582366
2018-12-10,fold_5,2018 Vol-mageddon + Q4 sell-off,0.004252195358276367,1,0.003305772552266717,1,0.003305772552266717,-0.08463866706006229,,,,1,33.05772552266717,0.00901126116514206,-0.03519889712333679,0.004252195358276367,0.16689777918986154
2018-12-11,fold_5,2018 Vol-mageddon + Q4 sell-off,0.007567662745714188,1,0.008762886747717857,1,0.008762886747717857,-0.07587578031234443,,,,1,87.62886747717857,0.008792661130428314,-0.032235823571681976,0.007567662745714188,0.45045938463094426
2018-12-12,fold_5,2018 Vol-mageddon + Q4 sell-off,0.004747621715068817,1,0.0003029732615686953,1,0.0003029732615686953,-0.07557280705077574,,,,1,3.029732615686953,0.006700880825519562,-0.06586034595966339,0.004747621715068817,0.016551644777471525
2018-12-13,fold_5,2018 Vol-mageddon + Q4 sell-off,0.002641279250383377,1,-0.02465003915131092,-1,-0.02465003915131092,-0.10022284620208666,,,,0,-246.5003915131092,0.007696658372879028,-0.08076487481594086,0.002641279250383377,-1.3467111284400528
2018-12-14,fold_5,2018 Vol-mageddon + Q4 sell-off,0.00386805459856987,1,-0.02292048931121826,-1,-0.02292048931121826,-0.12314333551330492,,,,0,-229.20489311218262,0.0035576820373535156,-0.08759868144989014,0.00386805459856987,-1.2038753790062104
2018-12-17,fold_5,2018 Vol-mageddon + Q4 sell-off,0.0009122714400291443,1,0.006268845871090889,1,0.006268845871090889,-0.11687448964221403,,,,1,62.68845871090889,0.006773300468921661,-0.08978883922100067,0.0009122714400291443,0.3242801571004377
2018-12-18,fold_5,2018 Vol-mageddon + Q4 sell-off,0.003159593790769577,1,-0.024861635640263557,-1,-0.024861635640263557,-0.1417361252824776,,,,0,-248.61635640263557,0.007893986999988556,-0.035490769892930984,0.003159593790769577,-1.283752666124262
2018-12-19,fold_5,2018 Vol-mageddon + Q4 sell-off,0.0017480961978435516,1,-0.014601556584239006,-1,-0.014601556584239006,-0.1563376818667166,,,,0,-146.01556584239006,0.009323112666606903,-0.006766404490917921,0.0017480961978435516,-0.7788662930931695
2018-12-20,fold_5,2018 Vol-mageddon + Q4 sell-off,0.003653373569250107,1,-0.03148384019732475,-1,-0.03148384019732475,-0.18782152206404135,,,,0,-314.8384019732475,0.010619327425956726,0.007312349509447813,0.003653373569250107,-1.6930339809025827
2018-12-21,fold_5,2018 Vol-mageddon + Q4 sell-off,0.0038824230432510376,1,-0.025110647082328796,-1,-0.025110647082328796,-0.21293216914637014,,,,0,-251.10647082328796,0.01058543473482132,0.047193724662065506,0.0038824230432510376,-1.2674572673187545
2018-12-24,fold_5,2018 Vol-mageddon + Q4 sell-off,0.003968946635723114,1,0.06056690961122513,1,0.06056690961122513,-0.15236525953514501,,,,1,605.6690961122513,0.012898333370685577,0.07631570100784302,0.003968946635723114,2.950446690963408
2018-12-26,fold_5,2018 Vol-mageddon + Q4 sell-off,0.005432244390249252,1,0.0038627306930720806,1,0.0038627306930720806,-0.14850252884207293,,,,1,38.627306930720806,0.010154969990253448,-0.017467688769102097,0.005432244390249252,0.1605697928539248
2018-12-27,fold_5,2018 Vol-mageddon + Q4 sell-off,0.003464881330728531,1,-0.0005228033987805247,-1,-0.0005228033987805247,-0.14902533224085346,,,,0,-5.228033987805247,0.00824689120054245,0.020564427599310875,0.003464881330728531,-0.021729065604608522
2018-12-28,fold_5,2018 Vol-mageddon + Q4 sell-off,0.001908630132675171,1,0.008397532626986504,1,0.008397532626986504,-0.14062779961386696,,,,1,83.97532626986504,0.007725797593593597,0.03292231634259224,0.001908630132675171,0.36520208009465255
2018-12-31,fold_5,2018 Vol-mageddon + Q4 sell-off,0.003156159073114395,1,0.00401133019477129,1,0.00401133019477129,-0.13661646941909567,,,,1,40.1133019477129,0.005534030497074127,0.03352988138794899,0.003156159073114395,0.17395794166586181
2019-01-02,fold_5,2018 Vol-mageddon + Q4 sell-off,0.002184063196182251,1,-0.033216480165719986,-1,-0.033216480165719986,-0.16983294958481565,,,,0,-332.16480165719986,0.0064771100878715515,0.03763500228524208,0.002184063196182251,-1.4429433525971453
2019-01-03,fold_5,2018 Vol-mageddon + Q4 sell-off,0.002812981605529785,1,0.04189484566450119,1,0.04189484566450119,-0.12793810392031446,,,,1,418.9484566450119,0.006941631436347961,0.07370780408382416,0.002812981605529785,1.7546651131761455
2019-01-04,fold_5,2018 Vol-mageddon + Q4 sell-off,0.0022170133888721466,1,0.011835084296762943,1,0.011835084296762943,-0.11610301962355152,,,,1,118.35084296762943,0.005357317626476288,0.028147896751761436,0.0022170133888721466,0.4908543546392967
2019-01-07,fold_5,2018 Vol-mageddon + Q4 sell-off,0.0029201991856098175,1,0.009005100466310978,1,0.009005100466310978,-0.10709791915724054,,,,1,90.05100466310978,0.0039841607213020325,0.0074369218200445175,0.0029201991856098175,0.37203579793221414
2019-01-08,fold_5,2018 Vol-mageddon + Q4 sell-off,0.0024074316024780273,1,0.008116450160741806,1,0.008116450160741806,-0.09898146899649873,,,,1,81.16450160741806,0.0020788833498954773,0.01776972971856594,0.0024074316024780273,0.3513725713332447
2019-01-09,fold_5,2018 Vol-mageddon + Q4 sell-off,0.002462398260831833,1,0.0028563211672008038,1,0.0028563211672008038,-0.09612514782929793,,,,1,28.563211672008038,-0.00048837810754776,0.009468733333051205,0.002462398260831833,0.12390206631015782
2019-01-10,fold_5,2018 Vol-mageddon + Q4 sell-off,0.0049045756459236145,1,-0.0036650579422712326,-1,-0.0036650579422712326,-0.09979020577156916,,,,0,-36.650579422712326,-0.0034092366695404053,0.014465805143117905,0.0049045756459236145,-0.15900432044947757
2019-01-11,fold_5,2018 Vol-mageddon + Q4 sell-off,0.0050453804433345795,1,-0.00887589156627655,-1,-0.00887589156627655,-0.10866609733784571,,,,0,-88.7589156627655,-0.004484020173549652,0.027982445433735847,0.0050453804433345795,-0.3862234557550303
2019-01-14,fold_5,2018 Vol-mageddon + Q4 sell-off,0.003850102424621582,1,0.019337907433509827,1,0.019337907433509827,-0.08932818990433589,,,,1,193.37907433509827,-0.005156032741069794,0.016624685376882553,0.003850102424621582,0.8383482210297947
2019-01-15,fold_5,2018 Vol-mageddon + Q4 sell-off,0.004579678177833557,1,-0.0001845464576035738,-1,-0.0001845464576035738,-0.08951273636193946,,,,0,-1.845464576035738,-0.005614981055259705,-0.0014171712100505829,0.004579678177833557,-0.00808987921917732
2019-01-16,fold_5,2018 Vol-mageddon + Q4 sell-off,0.006330955773591995,1,0.007853393442928791,1,0.007853393442928791,-0.08165934291901067,,,,1,78.53393442928791,-0.006457924842834473,0.0052218688651919365,0.006330955773591995,0.35329712750900966
2019-01-17,fold_5,2018 Vol-mageddon + Q4 sell-off,0.0049042850732803345,1,0.009851583279669285,1,0.009851583279669285,-0.07180775963934138,,,,1,98.51583279669285,-0.00699971616268158,0.009246372617781162,0.0049042850732803345,0.4426878625243031
2019-01-18,fold_5,2018 Vol-mageddon + Q4 sell-off,0.0041149333119392395,1,-0.020233651623129845,-1,-0.020233651623129845,-0.09204141126247123,,,,0,-202.33651623129845,-0.007481485605239868,-0.013034457340836525,0.0041149333119392395,-0.9341151823620253
2019-01-22,fold_5,2018 Vol-mageddon + Q4 sell-off,0.006116148084402084,1,0.0012960510794073343,1,0.0012960510794073343,-0.0907453601830639,,,,1,12.960510794073343,-0.004884868860244751,-0.002287453506141901,0.006116148084402084,0.05921816890991798
2019-01-23,fold_5,2018 Vol-mageddon + Q4 sell-off,0.0067055560648441315,1,0.006454493384808302,1,0.006454493384808302,-0.08429086679825559,,,,1,64.54493384808302,-0.004591099917888641,0.0215363297611475,0.0067055560648441315,0.31143682154349095
2019-01-24,fold_5,2018 Vol-mageddon + Q4 sell-off,0.0031891576945781708,1,0.011877898126840591,1,0.011877898126840591,-0.072412968671415,,,,1,118.77898126840591,-0.005252160131931305,0.02993958815932274,0.0031891576945781708,0.5938378744339285
2019-01-25,fold_5,2018 Vol-mageddon + Q4 sell-off,0.008132752031087875,1,-0.012429247610270977,-1,-0.012429247610270977,-0.08484221628168598,,,,0,-124.29247610270977,-0.006568990647792816,0.013830570504069328,0.008132752031087875,-0.8309956368039547
2019-01-28,fold_5,2018 Vol-mageddon + Q4 sell-off,0.0025194473564624786,1,-0.009486648254096508,-1,-0.009486648254096508,-0.09432886453578249,,,,0,-94.86648254096508,-0.004248291254043579,0.038604870438575745,0.0025194473564624786,-0.62459246102514
2019-01-29,fold_5,2018 Vol-mageddon + Q4 sell-off,0.0022152774035930634,1,0.025119835510849953,1,0.025119835510849953,-0.06920902902493253,,,,1,251.19835510849953,-0.0010363608598709106,0.05690077319741249,0.0022152774035930634,1.6380173508875673
2019-01-30,fold_5,2018 Vol-mageddon + Q4 sell-off,0.00589393824338913,1,0.01485775038599968,1,0.01485775038599968,-0.054351278638932854,,,,1,148.5775038599968,-0.0022892504930496216,0.028794310986995697,0.00589393824338913,0.9158159736361503
2019-01-31,fold_5,2018 Vol-mageddon + Q4 sell-off,0.00378626212477684,1,-0.004231119528412819,-1,-0.004231119528412819,-0.05858239816734567,,,,0,-42.31119528412819,-0.01396419107913971,0.00041609382606111467,0.00378626212477684,-0.25587502014519004
2019-02-01,fold_5,2018 Vol-mageddon + Q4 sell-off,-0.006768062710762024,-1,0.01234505232423544,1,-0.01234505232423544,-0.07092745049158111,,,,0,-123.4505232423544,-0.013521544635295868,0.006606902461498976,-0.006768062710762024,0.8338895394396779
2019-02-04,fold_5,2018 Vol-mageddon + Q4 sell-off,0.0009931735694408417,1,0.008809252642095089,1,0.008809252642095089,-0.06211819784948602,,,,1,88.09252642095089,-0.007207915186882019,-0.006687937770038843,0.0009931735694408417,0.7471241039746336
2019-02-05,fold_5,2018 Vol-mageddon + Q4 sell-off,0.003061961382627487,1,-0.0029866250697523355,-1,-0.0029866250697523355,-0.06510482291923836,,,,0,-29.866250697523355,-0.006244786083698273,-0.0008191018714569509,0.003061961382627487,-0.25619367299360474
2019-02-06,fold_5,2018 Vol-mageddon + Q4 sell-off,-0.0004770532250404358,-1,-0.013520467095077038,-1,0.013520467095077038,-0.05158435582416132,,,,1,135.20467095077038,-0.0011410042643547058,0.002869384828954935,-0.0004770532250404358,-1.175501688232634
2019-02-07,fold_5,2018 Vol-mageddon + Q4 sell-off,-0.0014676675200462341,-1,0.001959689659997821,1,-0.001959689659997821,-0.05354404548415914,,,,0,-19.59689659997821,0.0016232505440711975,0.017617112025618553,-0.0014676675200462341,0.1667357073202623
2019-02-08,fold_5,2018 Vol-mageddon + Q4 sell-off,0.0007634386420249939,1,-0.0009497877908870578,-1,-0.0009497877908870578,-0.0544938332750462,,,,0,-9.497877908870578,0.007077716290950775,0.019853880628943443,0.0007634386420249939,-0.08087375287144566
2019-02-11,fold_5,2018 Vol-mageddon + Q4 sell-off,0.004437729716300964,1,0.014678088948130608,1,0.014678088948130608,-0.03981574432691559,,,,1,146.78088948130608,-0.0004335641860961914,0.022779028862714767,0.004437729716300964,1.2526771766344347
2019-02-12,fold_5,2018 Vol-mageddon + Q4 sell-off,0.00545133650302887,1,0.0007018616888672113,1,0.0007018616888672113,-0.03911388263804838,,,,1,7.018616888672113,-0.0013622120022773743,0.00792672112584114,0.00545133650302887,0.05846206533534345
2019-02-13,fold_5,2018 Vol-mageddon + Q4 sell-off,0.0040201060473918915,1,0.001227260334417224,1,0.001227260334417224,-0.03788662230363116,,,,1,12.27260334417224,-0.005538560450077057,0.0035608201287686825,0.0040201060473918915,0.10956938104039882
2019-02-14,fold_5,2018 Vol-mageddon + Q4 sell-off,0.004574660211801529,1,0.004196458030492067,1,0.004196458030492067,-0.03369016427313909,,,,1,41.96458030492067,-0.005144484341144562,0.00970625039190054,0.004574660211801529,0.3745484592003061
2019-02-15,fold_5,2018 Vol-mageddon + Q4 sell-off,0.006310626864433289,1,0.001975360093638301,1,0.001975360093638301,-0.03171480417950079,,,,1,19.75360093638301,-0.006390564143657684,0.009147333912551403,0.006310626864433289,0.1778756870323239
2019-02-19,fold_5,2018 Vol-mageddon + Q4 sell-off,0.000406656414270401,1,-0.00017421865777578205,-1,-0.00017421865777578205,-0.03188902283727657,,,,0,-1.7421865777578205,-0.000612892210483551,0.008208819665014744,0.000406656414270401,-0.015992804153815002
2019-02-20,fold_5,2018 Vol-mageddon + Q4 sell-off,0.0032180137932300568,1,-0.0036640395410358906,-1,-0.0036640395410358906,-0.03555306237831246,,,,0,-36.640395410358906,-0.005389004945755005,0.007749252486974001,0.0032180137932300568,-0.3697444191702923
2019-02-21,fold_5,2018 Vol-mageddon + Q4 sell-off,0.001138787716627121,1,0.007372690364718437,1,0.007372690364718437,-0.028180372013594024,,,,1,73.72690364718437,-0.0059293583035469055,0.009106521494686604,0.001138787716627121,0.7417759552143991
2019-02-22,fold_5,2018 Vol-mageddon + Q4 sell-off,0.003317747265100479,1,0.0036375417839735746,1,0.0036375417839735746,-0.02454283022962045,,,,1,36.375417839735746,-0.008558675646781921,0.00863878894597292,0.003317747265100479,0.36480757635248523
2019-02-25,fold_5,2018 Vol-mageddon + Q4 sell-off,0.003278598189353943,1,0.0010368457296863198,1,0.0010368457296863198,-0.02350598449993413,,,,1,10.368457296863198,-0.005997031927108765,0.005173328332602978,0.003278598189353943,0.10749815623397956
2019-02-26,fold_5,2018 Vol-mageddon + Q4 sell-off,0.0019794702529907227,1,-0.0006337863160297275,-1,-0.0006337863160297275,-0.024139770815963857,,,,0,-6.337863160297275,-0.004738464951515198,0.004881580825895071,0.0019794702529907227,-0.06859860697891929
2019-02-27,fold_5,2018 Vol-mageddon + Q4 sell-off,0.0014275386929512024,1,-0.002306770533323288,-1,-0.002306770533323288,-0.026446541349287145,,,,0,-23.06770533323288,-0.0031897425651550293,-0.00017281183681916445,0.0014275386929512024,-0.2564972928000794
2019-02-28,fold_5,2018 Vol-mageddon + Q4 sell-off,0.004628434777259827,1,0.006904958747327328,1,0.006904958747327328,-0.019541582601959817,,,,1,69.04958747327328,-0.002319842576980591,-0.010214511305093765,0.004628434777259827,0.9804763321443797
2019-03-01,fold_5,2018 Vol-mageddon + Q4 sell-off,0.0030229613184928894,1,0.00017208090866915882,1,0.00017208090866915882,-0.01936950169329066,,,,1,1.7208090866915882,-0.0033693090081214905,-0.018637001514434814,0.0030229613184928894,0.026893411076215196
2019-03-04,fold_5,2018 Vol-mageddon + Q4 sell-off,0.004263035953044891,1,0.0007450981065630913,1,0.0007450981065630913,-0.018624403586727567,,,,1,7.450981065630913,-0.00157194584608078,0.0017753717256709933,0.004263035953044891,0.11773856278902868
2019-03-05,fold_5,2018 Vol-mageddon + Q4 sell-off,0.003304075449705124,1,-0.005688178818672895,-1,-0.005688178818672895,-0.024312582405400462,,,,0,-56.881788186728954,-0.0025944784283638,0.0065093920566141605,0.003304075449705124,-0.9984404366472546
2019-03-06,fold_5,2018 Vol-mageddon + Q4 sell-off,0.0029954537749290466,1,-0.012348470278084278,-1,-0.012348470278084278,-0.03666105268348474,,,,0,-123.48470278084278,-0.0029174983501434326,0.01968303509056568,0.0029954537749290466,-2.2472515457824884
2019-03-07,fold_5,2018 Vol-mageddon + Q4 sell-off,0.0011202804744243622,1,-0.0015175314620137215,-1,-0.0015175314620137215,-0.03817858414549846,,,,0,-15.175314620137215,-0.01033705472946167,0.030335213989019394,0.0011202804744243622,-0.2482345434549959
2019-03-08,fold_5,2018 Vol-mageddon + Q4 sell-off,0.008481770753860474,1,0.020584454759955406,1,0.020584454759955406,-0.017594129385543056,,,,1,205.84454759955406,-0.012198388576507568,0.041090596467256546,0.008481770753860474,3.8661865610744894
2019-03-11,fold_5,2018 Vol-mageddon + Q4 sell-off,0.011984087526798248,1,0.005479118321090937,1,0.005479118321090937,-0.01211501106445212,,,,1,54.79118321090937,-0.026692532002925873,0.022885199636220932,0.011984087526798248,0.7800188928272659
2019-03-12,fold_5,2018 Vol-mageddon + Q4 sell-off,0.008236568421125412,1,0.007485463283956051,1,0.007485463283956051,-0.004629547780496068,,,,1,74.85463283956051,-0.020773373544216156,0.020762847736477852,0.008236568421125412,1.0502638374398423
2019-03-13,fold_5,2018 Vol-mageddon + Q4 sell-off,0.013683315366506577,1,-0.0016962912632152438,-1,-0.0016962912632152438,-0.006325839043711312,,,,0,-16.962912632152438,-0.0290696918964386,0.01723448745906353,0.013683315366506577,-0.259205191477666
2019-03-14,fold_5,2018 Vol-mageddon + Q4 sell-off,0.0040657781064510345,1,0.009237850084900856,1,0.009237850084900856,0.002912011041189544,,,,1,92.37850084900856,-0.018195949494838715,0.03444202244281769,0.0040657781064510345,1.409647264496538
2019-03-15,fold_5,2018 Vol-mageddon + Q4 sell-off,-0.0181655865162611,-1,0.0023790590930730104,1,-0.0023790590930730104,0.0005329519481165335,,,,0,-23.790590930730104,-0.003865577280521393,0.0029952730983495712,-0.0181655865162611,0.34651527241994967
2019-03-18,fold_5,2018 Vol-mageddon + Q4 sell-off,-0.015070069581270218,-1,0.003356766188517213,1,-0.003356766188517213,-0.0028238142404006794,,,,0,-33.56766188517213,-0.003582485020160675,-0.0012897165725007653,-0.015070069581270218,0.49204903498740066
2019-03-19,fold_5,2018 Vol-mageddon + Q4 sell-off,-0.014813456684350967,-1,0.003957103006541729,1,-0.003957103006541729,-0.006780917246942408,,,,0,-39.57103006541729,0.004709817469120026,0.0,-0.014813456684350967,0.5777674207829703
2019-03-20,fold_5,2018 Vol-mageddon + Q4 sell-off,-0.004361096769571304,-1,0.015511245466768742,1,-0.015511245466768742,-0.02229216271371115,,,,0,-155.11245466768742,-0.0020993053913116455,-0.010400827042758465,-0.004361096769571304,2.2461296638731625
2019-03-21,fold_5,2018 Vol-mageddon + Q4 sell-off,0.00530657172203064,1,-0.02220890112221241,-1,-0.02220890112221241,-0.04450106383592356,,,,0,-222.0890112221241,-0.00428425520658493,-0.023610059171915054,0.00530657172203064,-2.890170330312154
2019-03-22,fold_5,2018 Vol-mageddon + Q4 sell-off,0.0036978088319301605,1,-0.001905930577777326,-1,-0.001905930577777326,-0.046406994413700886,,,,0,-19.05930577777326,-0.004117213189601898,0.006141345482319593,0.0036978088319301605,-0.21178024690818373
2019-03-25,fold_5,2018 Vol-mageddon + Q4 sell-off,0.005549095571041107,1,0.004646482411772013,1,0.004646482411772013,-0.04176051200192887,,,,1,46.46482411772013,-0.0038107335567474365,0.021207502111792564,0.005549095571041107,0.5178372879620403
2019-03-26,fold_5,2018 Vol-mageddon + Q4 sell-off,0.009515374898910522,1,-0.006443724036216736,-1,-0.006443724036216736,-0.04820423603814561,,,,0,-64.43724036216736,-0.004713967442512512,0.02034425549209118,0.009515374898910522,-0.7136034369894386
2019-03-27,fold_5,2018 Vol-mageddon + Q4 sell-off,0.006583750247955322,1,0.0023020142689347267,1,0.0023020142689347267,-0.04590222176921088,,,,1,23.020142689347267,-0.005474172532558441,0.03251755237579346,0.006583750247955322,0.25177956690205505
2019-03-28,fold_5,2018 Vol-mageddon + Q4 sell-off,0.001678425818681717,1,0.007542503532022238,1,0.007542503532022238,-0.038359718237188645,,,,1,75.42503532022238,-0.005981281399726868,0.029834916815161705,0.001678425818681717,0.8249561163490199
2019-03-29,fold_5,2018 Vol-mageddon + Q4 sell-off,0.008393324911594391,1,0.013160225003957748,1,0.013160225003957748,-0.025199493233230896,,,,1,131.60225003957748,0.0034902021288871765,0.027450084686279297,0.008393324911594391,1.4354417979438217
2019-04-01,fold_5,2018 Vol-mageddon + Q4 sell-off,0.0062717050313949585,1,0.0037832369562238455,1,0.0037832369562238455,-0.02141625627700705,,,,1,37.832369562238455,-0.012129947543144226,0.01683189906179905,0.0062717050313949585,0.3929132302604623
2019-04-02,fold_5,2018 Vol-mageddon + Q4 sell-off,0.003258887678384781,1,0.005729572847485542,1,0.005729572847485542,-0.01568668342952151,,,,1,57.29572847485542,-0.013759329915046692,0.009531304240226746,0.003258887678384781,0.5928572924656258
2019-04-03,fold_5,2018 Vol-mageddon + Q4 sell-off,0.0014118477702140808,1,-0.0003806223103310913,-1,-0.0003806223103310913,-0.0160673057398526,,,,0,-3.806223103310913,-0.001705758273601532,0.009153859689831734,0.0014118477702140808,-0.03937922860941791
2019-04-04,fold_5,2018 Vol-mageddon + Q4 sell-off,0.014600049704313278,1,0.00515767140313983,1,0.00515767140313983,-0.01090963433671277,,,,1,51.576714031398296,0.004584096372127533,0.007159198634326458,0.014600049704313278,0.5567941972777216
2019-04-05,fold_5,2018 Vol-mageddon + Q4 sell-off,0.0017468631267547607,1,0.0025420398451387882,1,0.0025420398451387882,-0.008367594491573982,,,,1,25.420398451387882,0.0013594329357147217,0.006315842270851135,0.0017468631267547607,0.2725024093881886
2019-04-08,fold_5,2018 Vol-mageddon + Q4 sell-off,0.006492450833320618,1,-0.0035173578653484583,-1,-0.0035173578653484583,-0.01188495235692244,,,,0,-35.17357865348458,0.0025750771164894104,0.003935340326279402,0.006492450833320618,-0.43243918616901417
2019-04-09,fold_5,2018 Vol-mageddon + Q4 sell-off,0.004508122801780701,1,0.005352128762751818,1,0.005352128762751818,-0.0065328235941706225,,,,1,53.52128762751818,0.002682812511920929,0.010890415869653225,0.004508122801780701,0.6624467096671369
2019-04-10,fold_5,2018 Vol-mageddon + Q4 sell-off,0.003005620092153549,1,-0.0023752839770168066,-1,-0.0023752839770168066,-0.008908107571187429,,,,0,-23.752839770168066,0.0025189444422721863,0.009017187170684338,0.003005620092153549,-0.29712804898278294
2019-04-11,fold_5,2018 Vol-mageddon + Q4 sell-off,0.005344342440366745,1,0.004314315505325794,1,0.004314315505325794,-0.004593792065861635,,,,1,43.14315505325794,0.0015909969806671143,0.012674174271523952,0.005344342440366745,0.5391018631979752
2019-04-12,fold_5,2018 Vol-mageddon + Q4 sell-off,0.004548247903585434,1,0.0001615378278074786,1,0.0001615378278074786,-0.004432254238054156,,,,1,1.615378278074786,0.0005426704883575439,0.011184216476976871,0.004548247903585434,0.020732427437063147
2019-04-15,fold_5,2018 Vol-mageddon + Q4 sell-off,0.006571132689714432,1,0.0034377172123640776,1,0.0034377172123640776,-0.0009945370256900787,,,,1,34.377172123640776,0.0007174685597419739,0.02366057224571705,0.006571132689714432,0.4422379245469731
2019-04-16,fold_5,2018 Vol-mageddon + Q4 sell-off,0.005127120763063431,1,0.0034789007622748613,1,0.0034789007622748613,0.0024843637365847826,,,,1,34.78900762274861,0.0017037391662597656,0.0170652624219656,0.005127120763063431,0.44743409613884627
2019-04-17,fold_5,2018 Vol-mageddon + Q4 sell-off,0.002787865698337555,1,0.001281703356653452,1,0.001281703356653452,0.0037660670932382345,,,,1,12.81703356653452,-0.001976229250431061,0.017636874690651894,0.002787865698337555,0.16508748451011285
2019-04-18,fold_5,2018 Vol-mageddon + Q4 sell-off,0.0039450787007808685,1,0.002824357245117426,1,0.002824357245117426,0.0065904243383556604,,,,1,28.24357245117426,0.0019784867763519287,0.01724712736904621,0.0039450787007808685,0.4062728922046816
2019-04-22,fold_5,2018 Vol-mageddon + Q4 sell-off,0.006015174090862274,1,0.012637894600629807,1,0.012637894600629807,0.019228318938985467,,,,1,126.37894600629807,-0.0010126382112503052,0.016361890360713005,0.006015174090862274,2.5761801972299163
2019-04-23,fold_5,2018 Vol-mageddon + Q4 sell-off,0.004897892475128174,1,-0.0031575928442180157,-1,-0.0031575928442180157,0.01607072609476745,,,,0,-31.575928442180157,-0.0023575425148010254,-0.004054222255945206,0.004897892475128174,-0.5593278337476337
2019-04-24,fold_5,2018 Vol-mageddon + Q4 sell-off,0.0062006451189517975,1,0.004050512798130512,1,0.004050512798130512,0.020121238892897964,,,,1,40.50512798130512,0.00029068440198898315,-0.004119951277971268,0.0062006451189517975,0.7241279199257808
2019-04-25,fold_5,2018 Vol-mageddon + Q4 sell-off,0.0030484572052955627,1,0.0008919559768401086,1,0.0008919559768401086,0.021013194869738072,,,,1,8.919559768401086,0.0005464479327201843,-0.012520142830908298,0.0030484572052955627,0.16275839997497182
2019-04-26,fold_5,2018 Vol-mageddon + Q4 sell-off,0.00704362615942955,1,0.0019391197711229324,1,0.0019391197711229324,0.022952314640861005,,,,1,19.391197711229324,-0.0009509548544883728,0.002410326385870576,0.00704362615942955,0.3551721476100761
2019-04-29,fold_5,2018 Vol-mageddon + Q4 sell-off,0.005338285118341446,1,-0.007778218016028404,-1,-0.007778218016028404,0.0151740966248326,,,,0,-77.78218016028404,0.0038419589400291443,-0.005670021288096905,0.005338285118341446,-1.4927381154327648
2020-02-14,fold_6,COVID crash and V-recovery,0.0018466375768184662,1,0.00038334113196469843,1,0.00038334113196469843,0.00038334113196469843,,,,1,3.8334113196469843,-0.006049260497093201,-0.058126457035541534,0.0018466375768184662,0.037054692594182814
2020-02-18,fold_6,COVID crash and V-recovery,0.0029749535024166107,1,0.009539753198623657,1,0.009539753198623657,0.009923094330588356,,,,1,95.39753198623657,-0.006262265145778656,-0.0860784575343132,0.0029749535024166107,0.9273987048674636
2020-02-19,fold_6,COVID crash and V-recovery,0.0032942891120910645,1,-0.00932669173926115,-1,-0.00932669173926115,0.0005964025913272053,,,,0,-93.2669173926115,-0.006140582263469696,-0.09047750383615494,0.0032942891120910645,-0.8878382572068921
2020-02-20,fold_6,COVID crash and V-recovery,0.0014788918197154999,1,-0.019396374002099037,-1,-0.019396374002099037,-0.018799971410771832,,,,0,-193.96374002099037,-0.006425812840461731,-0.1325218379497528,0.0014788918197154999,-1.8138145511056467
2020-02-21,fold_6,COVID crash and V-recovery,0.0030510053038597107,1,-0.03932648524641991,-1,-0.03932648524641991,-0.05812645665719174,,,,0,-393.26485246419907,-0.0034301653504371643,-0.1123478040099144,0.0030510053038597107,-3.4145285841041195
2020-02-24,fold_6,COVID crash and V-recovery,0.00955037772655487,1,-0.02756866067647934,-1,-0.02756866067647934,-0.08569511733367108,,,,0,-275.6866067647934,0.002817027270793915,-0.022704971954226494,0.00955037772655487,-1.9188995714738115
2020-02-25,fold_6,COVID crash and V-recovery,0.013700060546398163,1,0.005140705965459347,1,0.005140705965459347,-0.08055441136821173,,,,1,51.40705965459347,0.005507767200469971,-0.027729181572794914,0.013700060546398163,0.3445345680463664
2020-02-26,fold_6,COVID crash and V-recovery,0.008643332868814468,1,-0.051371023058891296,-1,-0.051371023058891296,-0.13192543442710303,,,,0,-513.710230588913,0.011801287531852722,0.008005531504750252,0.008643332868814468,-3.5254205032207495
2020-02-27,fold_6,COVID crash and V-recovery,0.012095078825950623,1,0.0007776540005579591,1,0.0007776540005579591,-0.13114778042654507,,,,1,7.776540005579591,0.014838427305221558,0.02852322906255722,0.012095078825950623,0.041919228265831186
2020-02-28,fold_6,COVID crash and V-recovery,0.006472501903772354,1,0.05031634867191315,1,0.05031634867191315,-0.08083143175463192,,,,1,503.16348671913147,0.012059919536113739,0.010729601606726646,0.006472501903772354,2.714663724904528
2020-03-02,fold_6,COVID crash and V-recovery,0.007053103297948837,1,-0.03259287029504776,-1,-0.03259287029504776,-0.11342430204967968,,,,0,-325.9287029504776,0.007013097405433655,-0.11158188432455063,0.007053103297948837,-1.524033495503508
2020-03-03,fold_6,COVID crash and V-recovery,0.00655939057469368,1,0.04087541997432709,1,0.04087541997432709,-0.0725488820753526,,,,1,408.7541997432709,0.010793954133987427,-0.02596919983625412,0.00655939057469368,1.8294166450010205
2020-03-04,fold_6,COVID crash and V-recovery,0.005362283438444138,1,-0.03085332363843918,-1,-0.03085332363843918,-0.10340220571379177,,,,0,-308.5332363843918,0.006789006292819977,-0.11137661337852478,0.005362283438444138,-1.3071079771292768
2020-03-05,fold_6,COVID crash and V-recovery,0.0034459903836250305,1,-0.01701597310602665,-1,-0.01701597310602665,-0.12041817881981842,,,,0,-170.1597310602665,0.0070745572447776794,-0.17669427394866943,0.0034459903836250305,-0.6922464338547529
2020-03-06,fold_6,COVID crash and V-recovery,0.0022860728204250336,1,-0.07199513912200928,-1,-0.07199513912200928,-0.1924133179418277,,,,0,-719.9513912200928,0.009233839809894562,-0.07836981117725372,0.0022860728204250336,-2.9031253955405036
2020-03-09,fold_6,COVID crash and V-recovery,0.0026902854442596436,1,0.05301981791853905,1,0.05301981791853905,-0.13939350002328865,,,,1,530.1981791853905,0.011921174824237823,-0.13396690785884857,0.0026902854442596436,1.7942068231919444
2020-03-10,fold_6,COVID crash and V-recovery,0.0018412061035633087,1,-0.04453199356794357,-1,-0.04453199356794357,-0.18392549359123223,,,,0,-445.31993567943573,0.013276837766170502,-0.11388345062732697,0.0018412061035633087,-1.4036184204922437
2020-03-11,fold_6,COVID crash and V-recovery,0.003688964992761612,1,-0.09617097675800323,-1,-0.09617097675800323,-0.28009647034923546,,,,0,-961.7097675800323,0.014232933521270752,-0.10023970156908035,0.003688964992761612,-2.892143262870561
2020-03-12,fold_6,COVID crash and V-recovery,0.005054831504821777,1,0.08130848407745361,1,0.08130848407745361,-0.19878798627178185,,,,1,813.0848407745361,0.0159909650683403,0.0019156171474605799,0.005054831504821777,2.0563200326309063
2020-03-13,fold_6,COVID crash and V-recovery,0.006446920335292816,1,-0.12759223580360413,-1,-0.12759223580360413,-0.326380222075386,,,,0,-1275.9223580360413,0.01093832403421402,-0.11935686320066452,0.006446920335292816,-2.9318428061847235
2020-03-16,fold_6,COVID crash and V-recovery,0.006454490125179291,1,0.07310327887535095,1,0.07310327887535095,-0.253276943200035,,,,1,731.0327887535095,0.013057775795459747,0.008956932462751865,0.006454490125179291,1.4049170246314153
2020-03-17,fold_6,COVID crash and V-recovery,0.0065501779317855835,1,-0.03088824450969696,-1,-0.03088824450969696,-0.284165187709732,,,,0,-308.8824450969696,0.009642161428928375,0.01043920498341322,0.0065501779317855835,-0.5663306840910367
2020-03-18,fold_6,COVID crash and V-recovery,0.004372939467430115,1,0.005984340328723192,1,0.005984340328723192,-0.2781808473810088,,,,1,59.84340328723192,0.010087080299854279,0.03389502316713333,0.004372939467430115,0.10893455432192647
2020-03-19,fold_6,COVID crash and V-recovery,0.003669366240501404,1,-0.03996399790048599,-1,-0.03996399790048599,-0.3181448452814948,,,,0,-399.6399790048599,0.009826645255088806,0.07923150807619095,0.003669366240501404,-0.7277839597663036
2020-03-20,fold_6,COVID crash and V-recovery,0.004131920635700226,1,0.0007215568330138922,1,0.0007215568330138922,-0.3174232884484809,,,,1,7.215568330138922,0.00963449478149414,0.08419716358184814,0.004131920635700226,0.013009237616722924
2020-03-23,fold_6,COVID crash and V-recovery,0.004053737968206406,1,0.07458554953336716,1,0.07458554953336716,-0.24283773891511373,,,,1,745.8554953336716,0.011250369250774384,0.11920323222875595,0.004053737968206406,1.3619532583716727
2020-03-24,fold_6,COVID crash and V-recovery,0.00526239350438118,1,-0.007432425860315561,-1,-0.007432425860315561,-0.2502701647754293,,,,0,-74.32425860315561,0.009471289813518524,0.03604106232523918,0.00526239350438118,-0.13059038406955709
2020-03-25,fold_6,COVID crash and V-recovery,0.004404939711093903,1,0.05132082477211952,1,0.05132082477211952,-0.19894934000330977,,,,1,513.2082477211952,0.008438244462013245,5.4859290685271844e-05,0.004404939711093903,0.9015247831095355
2020-03-26,fold_6,COVID crash and V-recovery,0.005133241415023804,1,-0.034998346120119095,-1,-0.034998346120119095,-0.23394768612342887,,,,0,-349.98346120119095,0.005393087863922119,-0.031174037605524063,0.005133241415023804,-0.6148211832518793
2020-03-27,fold_6,COVID crash and V-recovery,0.004936538636684418,1,0.03572762385010719,1,0.03572762385010719,-0.19822006227332167,,,,1,357.27623850107193,0.00428377091884613,-0.010470139794051647,0.004936538636684418,0.6217869710557287
2020-03-30,fold_6,COVID crash and V-recovery,0.0037937797605991364,1,-0.008576614782214165,-1,-0.008576614782214165,-0.20679667705553584,,,,0,-85.76614782214165,0.0026914700865745544,0.02285684272646904,0.0037937797605991364,-0.15070272679850347
2020-03-31,fold_6,COVID crash and V-recovery,0.002904653549194336,1,-0.043418630957603455,-1,-0.043418630957603455,-0.2502153080131393,,,,0,-434.18630957603455,0.0036080926656723022,0.031026244163513184,0.002904653549194336,-0.7688141008966403
2020-04-01,fold_6,COVID crash and V-recovery,0.0016018077731132507,1,0.02009192667901516,1,0.02009192667901516,-0.23012338133412413,,,,1,200.9192667901516,0.0071424394845962524,0.09545475989580154,0.0016018077731132507,0.355171613440864
2020-04-02,fold_6,COVID crash and V-recovery,0.002680763602256775,1,-0.014294445514678955,-1,-0.014294445514678955,-0.2444178268488031,,,,0,-142.94445514678955,0.002351433038711548,0.07680775225162506,0.002680763602256775,-0.25377689003712767
2020-04-03,fold_6,COVID crash and V-recovery,0.004182197153568268,1,0.06905461102724075,1,0.06905461102724075,-0.17536321582156233,,,,1,690.5461102724075,2.8736889362335205e-05,0.10184760391712189,0.004182197153568268,1.2267871397796892
2020-04-06,fold_6,COVID crash and V-recovery,0.005193009972572327,1,-0.00040721436380408704,-1,-0.00040721436380408704,-0.17577043018536642,,,,0,-4.07214363804087,-0.009428046643733978,0.07536505907773972,0.005193009972572327,-0.007258143756962585
2020-04-07,fold_6,COVID crash and V-recovery,0.006810680031776428,1,0.021009888499975204,1,0.021009888499975204,-0.15476054168539122,,,,1,210.09888499975204,-0.010316208004951477,0.0642361268401146,0.006810680031776428,0.38312905774086525
2020-04-08,fold_6,COVID crash and V-recovery,0.007602546364068985,1,0.0014449184527620673,1,0.0014449184527620673,-0.15331562323262915,,,,1,14.449184527620673,-0.014547161757946014,0.06130203232169151,0.007602546364068985,0.026693376605347516
2020-04-09,fold_6,COVID crash and V-recovery,0.007231071591377258,1,0.010745402425527573,1,0.010745402425527573,-0.14257022080710158,,,,1,107.45402425527573,-0.012035615742206573,0.0693778470158577,0.007231071591377258,0.2163080765123416
2020-04-13,fold_6,COVID crash and V-recovery,0.004132464528083801,1,0.04257206618785858,1,0.04257206618785858,-0.099998154619243,,,,1,425.7206618785858,-0.010251186788082123,0.046717315912246704,0.004132464528083801,0.9196391109077393
2020-04-14,fold_6,COVID crash and V-recovery,0.004598088562488556,1,-0.011536145582795143,-1,-0.011536145582795143,-0.11153430020203814,,,,0,-115.36145582795143,-0.008309677243232727,-0.03345223888754845,0.004598088562488556,-0.3061814340177442
2020-04-15,fold_6,COVID crash and V-recovery,0.00537901371717453,1,0.018075792118906975,1,0.018075792118906975,-0.09345850808313116,,,,1,180.75792118906975,-0.009457886219024658,0.007326609455049038,0.00537901371717453,0.5309427510377467
2020-04-16,fold_6,COVID crash and V-recovery,0.004520166665315628,1,0.00952073186635971,1,0.00952073186635971,-0.08393777621677145,,,,1,95.2073186635971,-0.014176584780216217,-0.012884554453194141,0.004520166665315628,0.28351655070026416
2020-04-17,fold_6,COVID crash and V-recovery,0.004111405462026596,1,-0.011915127746760845,-1,-0.011915127746760845,-0.0958529039635323,,,,0,-119.15127746760845,-0.01986977458000183,-0.006757906638085842,0.004111405462026596,-0.35438838311293325
2020-04-20,fold_6,COVID crash and V-recovery,0.005810864269733429,1,-0.03759749233722687,-1,-0.03759749233722687,-0.13345039630075917,,,,0,-375.9749233722687,-0.020300164818763733,0.013168531470000744,0.005810864269733429,-1.156075156829076
2020-04-21,fold_6,COVID crash and V-recovery,0.011080283671617508,1,0.029242703691124916,1,0.029242703691124916,-0.10420769260963425,,,,1,292.42703691124916,-0.017280004918575287,0.031751591712236404,0.011080283671617508,0.8705687119503405
2020-04-22,fold_6,COVID crash and V-recovery,0.01265447586774826,1,-0.002135372254997492,-1,-0.002135372254997492,-0.10634306486463174,,,,0,-21.35372254997492,-0.018543213605880737,0.03735563904047012,0.01265447586774826,-0.07146079430570496
2020-04-23,fold_6,COVID crash and V-recovery,0.012935630977153778,1,0.01564737968146801,1,0.01564737968146801,-0.09069568518316373,,,,1,156.4737968146801,-0.025457583367824554,0.03907999396324158,0.012935630977153778,0.524388295378778
2020-04-24,fold_6,COVID crash and V-recovery,0.005563460290431976,1,0.00801131036132574,1,0.00801131036132574,-0.08268437482183799,,,,1,80.11310361325741,-0.028030164539813995,-0.005157221108675003,0.005563460290431976,0.28853254756205166
2020-04-27,fold_6,COVID crash and V-recovery,0.003276646137237549,1,-0.019014431163668633,-1,-0.019014431163668633,-0.10169880598550662,,,,0,-190.14431163668633,-0.026616699993610382,-0.0015784892020747066,0.003276646137237549,-0.7121462546267044
2020-04-28,fold_6,COVID crash and V-recovery,0.0006102919578552246,1,0.034846752882003784,1,0.034846752882003784,-0.06685205310350284,,,,1,348.46752882003784,-0.010435961186885834,0.02870927006006241,0.0006102919578552246,1.349116258860208
2020-04-29,fold_6,COVID crash and V-recovery,-0.003348071128129959,-1,-0.00041101736132986844,-1,0.00041101736132986844,-0.06644103574217297,,,,1,4.110173613298684,-0.01699935644865036,0.0,-0.003348071128129959,-0.015273329603258962
2020-04-30,fold_6,COVID crash and V-recovery,-0.0028472207486629486,-1,-0.02858983725309372,-1,0.02858983725309372,-0.03785119848907925,,,,1,285.8983725309372,-0.011801466345787048,0.013205603696405888,-0.0028472207486629486,-1.139100475499464
2020-05-01,fold_6,COVID crash and V-recovery,-0.0027381256222724915,-1,0.011590042151510715,1,-0.011590042151510715,-0.04944124064058997,,,,0,-115.90042151510715,-0.018290363252162933,0.05540729686617851,-0.0027381256222724915,0.454380527434365
2020-05-04,fold_6,COVID crash and V-recovery,-0.0007891915738582611,-1,0.011273329146206379,1,-0.011273329146206379,-0.060714569786796346,,,,0,-112.73329146206379,-0.01465556025505066,0.05271638184785843,-0.0007891915738582611,0.4431575926811178
2020-05-05,fold_6,COVID crash and V-recovery,0.003993254154920578,1,0.006137482821941376,1,0.006137482821941376,-0.05457708696485497,,,,1,61.37482821941376,-0.003490827977657318,0.020283684134483337,0.003993254154920578,0.3012582525123526
2020-05-06,fold_6,COVID crash and V-recovery,0.002857796847820282,1,0.012794585898518562,1,0.012794585898518562,-0.04178250106633641,,,,1,127.94585898518562,-0.007286503911018372,0.0015512654790654778,0.002857796847820282,0.6266082108417178
2020-05-07,fold_6,COVID crash and V-recovery,0.000808466225862503,1,0.013611855916678905,1,0.013611855916678905,-0.028170645149657503,,,,1,136.11855916678905,-0.010666832327842712,4.5156863052397966e-05,0.000808466225862503,0.6780198336118983
2020-05-08,fold_6,COVID crash and V-recovery,0.006177324801683426,1,0.008899128064513206,1,0.008899128064513206,-0.019271517085144296,,,,1,88.99128064513206,-0.006086334586143494,-0.007096275221556425,0.006177324801683426,0.4383214928755762
2020-05-11,fold_6,COVID crash and V-recovery,0.0030259303748607635,1,-0.021159369498491287,-1,-0.021159369498491287,-0.040430886583635584,,,,0,-211.59369498491287,0.0022991225123405457,0.002465191762894392,0.0030259303748607635,-1.0444928112474263
2020-05-12,fold_6,COVID crash and V-recovery,-0.00216858834028244,-1,-0.012594935484230518,-1,0.012594935484230518,-0.027835951099405065,,,,1,125.94935484230518,-0.008770249783992767,0.021115215495228767,-0.00216858834028244,-0.6809020398622824
2020-05-13,fold_6,COVID crash and V-recovery,-0.006096631288528442,-1,0.011288478039205074,1,-0.011288478039205074,-0.03912442913861014,,,,0,-112.88478039205074,0.0016856193542480469,0.053481537848711014,-0.006096631288528442,0.6091367844048735
2020-05-14,fold_6,COVID crash and V-recovery,0.015788588672876358,1,0.006470423191785812,1,0.006470423191785812,-0.03265400594682433,,,,1,64.70423191785812,-0.0063547492027282715,0.031242623925209045,0.015788588672876358,0.3543286206546096
2020-05-15,fold_6,COVID crash and V-recovery,0.01465144008398056,1,0.018460595980286598,1,0.018460595980286598,-0.014193409966537729,,,,1,184.60595980286598,-0.010376542806625366,0.028218109160661697,0.01465144008398056,1.0146429521600169
2020-05-18,fold_6,COVID crash and V-recovery,0.0035823658108711243,1,-0.002509345533326268,-1,-0.002509345533326268,-0.016702755499863997,,,,0,-25.093455333262682,-0.017207495868206024,0.0070541235618293285,0.0035823658108711243,-0.1358947902996018
2020-05-19,fold_6,COVID crash and V-recovery,0.00699344277381897,1,0.019771385937929153,1,0.019771385937929153,0.0030686304380651563,,,,1,197.71385937929153,-0.03173492103815079,0.015006253495812416,0.00699344277381897,1.2019011447599568
2020-05-20,fold_6,COVID crash and V-recovery,0.00801752507686615,1,-0.010950435884296894,-1,-0.010950435884296894,-0.007881805446231738,,,,0,-109.50435884296894,-0.02410317212343216,-0.006068696733564138,0.00801752507686615,-0.6962042515893885
2020-05-21,fold_6,COVID crash and V-recovery,-0.00186997652053833,-1,0.003445908660069108,1,-0.003445908660069108,-0.011327714106300846,,,,0,-34.45908660069108,-0.023503750562667847,0.01942809484899044,-0.00186997652053833,0.21657318928388547
2020-05-22,fold_6,COVID crash and V-recovery,0.0004933811724185944,1,-0.0027033903170377016,-1,-0.0027033903170377016,-0.014031104423338547,,,,0,-27.033903170377016,-0.010602913796901703,0.018977487459778786,0.0004933811724185944,-0.17395546199459244
2020-05-26,fold_6,COVID crash and V-recovery,0.00018472597002983093,1,0.005442784167826176,1,0.005442784167826176,-0.008588320255512372,,,,1,54.42784167826176,-0.004808701574802399,0.028366241604089737,0.00018472597002983093,0.3523078665915714
2020-05-27,fold_6,COVID crash and V-recovery,0.004770249128341675,1,-0.00130356359295547,-1,-0.00130356359295547,-0.009891883848467842,,,,0,-13.0356359295547,-0.0019689202308654785,0.02741178125143051,0.004770249128341675,-0.08747495646310993
2020-05-28,fold_6,COVID crash and V-recovery,0.0014895237982273102,1,0.014546356163918972,1,0.014546356163918972,0.00465447231545113,,,,1,145.46356163918972,-0.0065245479345321655,0.02167745679616928,0.0014895237982273102,1.144836825768415
2020-05-29,fold_6,COVID crash and V-recovery,0.010152027010917664,1,0.002995300805196166,1,0.002995300805196166,0.007649773120647296,,,,1,29.95300805196166,-0.004109390079975128,0.026764295995235443,0.010152027010917664,0.22837949258839393
2020-06-01,fold_6,COVID crash and V-recovery,0.005115047097206116,1,0.006685362663120031,1,0.006685362663120031,0.014335135783767328,,,,1,66.85362663120031,-0.00373869389295578,0.03149901330471039,0.005115047097206116,0.5827813231771511
2020-06-02,fold_6,COVID crash and V-recovery,0.008805308490991592,1,0.004488324746489525,1,0.004488324746489525,0.018823460530256853,,,,1,44.88324746489525,-0.0008507296442985535,0.032032568007707596,0.008805308490991592,0.3980972830499163
2020-06-03,fold_6,COVID crash and V-recovery,0.00644509494304657,1,-0.007037887815386057,-1,-0.007037887815386057,0.011785572714870796,,,,0,-70.37887815386057,-0.001593180000782013,0.03947428986430168,0.00644509494304657,-0.6377926107384717
2020-06-04,fold_6,COVID crash and V-recovery,0.008723273873329163,1,0.01963319443166256,1,0.01963319443166256,0.031418767146533355,,,,1,196.3319443166256,0.0010101646184921265,-0.0043064602650702,0.008723273873329163,1.7748960173917738
2020-06-05,fold_6,COVID crash and V-recovery,0.006081651896238327,1,0.00773001741617918,1,0.00773001741617918,0.039148784562712535,,,,1,77.3001741617918,0.00035572052001953125,-0.016023224219679832,0.006081651896238327,0.6691537153486794
2020-06-08,fold_6,COVID crash and V-recovery,0.00724652037024498,1,0.007218916900455952,1,0.007218916900455952,0.04636770146316849,,,,1,72.18916900455952,-0.0005565658211708069,-0.011659504845738411,0.00724652037024498,0.6401453804806366
2020-06-09,fold_6,COVID crash and V-recovery,0.007290974259376526,1,0.01193004846572876,1,0.01193004846572876,0.05829774992889725,,,,1,119.3004846572876,0.00023609399795532227,-0.0018512934911996126,0.007290974259376526,1.0635877806641232
2020-06-10,fold_6,COVID crash and V-recovery,0.006567958742380142,1,-0.050818637013435364,-1,-0.050818637013435364,0.007479112915461883,,,,0,-508.18637013435364,-0.0021404922008514404,-0.01061584148555994,0.006567958742380142,-4.833366497560921
2020-06-11,fold_6,COVID crash and V-recovery,0.0044422149658203125,1,0.007916430942714214,1,0.007916430942714214,0.015395543858176097,,,,1,79.16430942714214,0.003698021173477173,0.04290812090039253,0.0044422149658203125,0.5200283997094477
2020-06-12,fold_6,COVID crash and V-recovery,0.004810705780982971,1,0.012093736790120602,1,0.012093736790120602,0.0274892806482967,,,,1,120.93736790120602,0.007164381444454193,0.0348283015191555,0.004810705780982971,0.8000435567549711
2020-06-15,fold_6,COVID crash and V-recovery,0.005177579820156097,1,0.017027128487825394,1,0.017027128487825394,0.04451640913612209,,,,1,170.27128487825394,0.00771273672580719,0.03465566039085388,0.005177579820156097,1.1137561430626872
2020-06-16,fold_6,COVID crash and V-recovery,0.008415967226028442,1,0.0031655009370297194,1,0.0031655009370297194,0.04768191007315181,,,,1,31.655009370297194,0.005680009722709656,0.026103550568223,0.008415967226028442,0.20819354101787516
2020-06-17,fold_6,COVID crash and V-recovery,0.0026181302964687347,1,0.002705324674025178,1,0.002705324674025178,0.05038723474717699,,,,1,27.05324674025178,0.002605237066745758,0.002107067499309778,0.0026181302964687347,0.1778563538394904
2020-06-18,fold_6,COVID crash and V-recovery,0.0026236139237880707,1,-0.00016339019930455834,-1,-0.00016339019930455834,0.05022384454787243,,,,0,-1.6339019930455834,0.0003325119614601135,0.008876042440533638,0.0026236139237880707,-0.011216744710318296
2020-06-19,fold_6,COVID crash and V-recovery,0.0025825798511505127,1,0.01192109752446413,1,0.01192109752446413,0.06214494207233656,,,,1,119.2109752446413,0.010159827768802643,-0.01485886238515377,0.0025825798511505127,0.8301943175953945
2020-06-22,fold_6,COVID crash and V-recovery,0.0030469223856925964,1,0.008475018665194511,1,0.008475018665194511,0.07061996073753107,,,,1,84.75018665194511,0.013831354677677155,-0.01593226008117199,0.0030469223856925964,0.5811019860795387
2020-06-23,fold_6,COVID crash and V-recovery,-0.008761562407016754,-1,-0.02083098329603672,-1,0.02083098329603672,0.0914509440335678,,,,1,208.3098329603672,0.02253081649541855,-0.004995599389076233,-0.008761562407016754,-1.4175974704980616
2020-06-24,fold_6,COVID crash and V-recovery,0.0034501105546951294,1,0.009474299848079681,1,0.009474299848079681,0.10092524388164748,,,,1,94.74299848079681,0.02401789277791977,0.02743980661034584,0.0034501105546951294,0.6165341995312399
2020-06-25,fold_6,COVID crash and V-recovery,0.0011043474078178406,1,-0.023898296058177948,-1,-0.023898296058177948,0.07702694782346953,,,,0,-238.98296058177948,-0.0026839300990104675,0.02472933940589428,0.0011043474078178406,-1.5408676806680528
2020-06-26,fold_6,COVID crash and V-recovery,0.011759258806705475,1,0.010847700759768486,1,0.010847700759768486,0.08787464858323801,,,,1,108.47700759768486,0.005902893841266632,0.07291491329669952,0.011759258806705475,0.6746617427209867
2020-06-29,fold_6,COVID crash and V-recovery,0.00892864540219307,1,0.01941167749464512,1,0.01941167749464512,0.10728632607788313,,,,1,194.1167749464512,-0.009573660790920258,0.05515451729297638,0.00892864540219307,1.1947957833765366
2020-06-30,fold_6,COVID crash and V-recovery,0.0107695572078228,1,0.011604422703385353,1,0.011604422703385353,0.11889074878126848,,,,1,116.04422703385353,-0.016258716583251953,0.048828642815351486,0.0107695572078228,0.692796584541074
2020-07-01,fold_6,COVID crash and V-recovery,0.009730339050292969,1,0.00676383264362812,1,0.00676383264362812,0.1256545814248966,,,,1,67.6383264362812,-0.015285752713680267,0.04561207443475723,0.009730339050292969,0.39974959804786203
2020-07-02,fold_6,COVID crash and V-recovery,0.0053373463451862335,1,0.024287275969982147,1,0.024287275969982147,0.14994185739487875,,,,1,242.87275969982147,-0.023725390434265137,0.04565257206559181,0.0053373463451862335,1.4358778581058032
2020-07-06,fold_6,COVID crash and V-recovery,0.0015805736184120178,1,-0.006912693381309509,-1,-0.006912693381309509,0.14302916401356924,,,,0,-69.12693381309509,-0.014986887574195862,0.0005803222302347422,0.0015805736184120178,-0.40157268428087856
2020-07-07,fold_6,COVID crash and V-recovery,-0.00024149566888809204,-1,0.01308580581098795,1,-0.01308580581098795,0.1299433582025813,,,,0,-130.8580581098795,-0.006985023617744446,0.014546205289661884,-0.00024149566888809204,0.760950319818398
2020-07-08,fold_6,COVID crash and V-recovery,-0.0009560659527778625,-1,0.008387851528823376,1,-0.008387851528823376,0.12155550667375792,,,,0,-83.87851528823376,-0.01752205193042755,0.0034939206670969725,-0.0009560659527778625,0.4829213491086964
2020-07-09,fold_6,COVID crash and V-recovery,-0.0006578341126441956,-1,0.006804332137107849,1,-0.006804332137107849,0.11475117453665007,,,,0,-68.04332137107849,-0.010705947875976562,-0.01173989288508892,-0.0006578341126441956,0.39410950525264227
2020-07-10,fold_6,COVID crash and V-recovery,0.0020709745585918427,1,-0.020784974098205566,-1,-0.020784974098205566,0.0939662004384445,,,,0,-207.84974098205566,-0.00994960218667984,-0.017386941239237785,0.0020709745585918427,-1.5882076019087286
2020-07-13,fold_6,COVID crash and V-recovery,0.002475995570421219,1,0.007053189445286989,1,0.007053189445286989,0.10101938988373149,,,,1,70.53189445286989,-0.0045325979590415955,0.031374141573905945,0.002475995570421219,0.5120446139780346
2020-07-14,fold_6,COVID crash and V-recovery,0.00948864221572876,1,0.0020335218869149685,1,0.0020335218869149685,0.10305291177064646,,,,1,20.335218869149685,-0.006921492516994476,0.013845482841134071,0.00948864221572876,0.14954269287114882
2020-07-15,fold_6,COVID crash and V-recovery,0.004461359232664108,1,-0.006845961790531874,-1,-0.006845961790531874,0.09620694998011459,,,,0,-68.45961790531874,-0.012171909213066101,0.01532869040966034,0.004461359232664108,-0.5241009812391734
2020-07-16,fold_6,COVID crash and V-recovery,0.0059808529913425446,1,0.0011572843650355935,1,0.0011572843650355935,0.09736423434515018,,,,1,11.572843650355935,-0.006514042615890503,-0.004292608238756657,0.0059808529913425446,0.08812283189001813
2020-07-17,fold_6,COVID crash and V-recovery,0.004444919526576996,1,0.027976106852293015,1,0.027976106852293015,0.1253403411974432,,,,1,279.76106852293015,-0.004395902156829834,-0.01499137282371521,0.004444919526576996,2.132123708338193
2020-07-20,fold_6,COVID crash and V-recovery,0.0038016438484191895,1,-0.010475467890501022,-1,-0.010475467890501022,0.11486487330694217,,,,0,-104.75467890501022,-0.005610629916191101,-0.025281477719545364,0.0038016438484191895,-0.7206510227050099
2020-07-21,fold_6,COVID crash and V-recovery,0.0032368339598178864,1,0.0035167301539331675,1,0.0035167301539331675,0.11838160346087534,,,,1,35.167301539331675,-0.011298932135105133,-0.027612756937742233,0.0032368339598178864,0.24286262614215368
2020-07-22,fold_6,COVID crash and V-recovery,0.005081590265035629,1,-0.026467259973287582,-1,-0.026467259973287582,0.09191434348758776,,,,0,-264.6725997328758,-0.007220186293125153,-0.019669238477945328,0.005081590265035629,-1.8409053843650716
2020-07-23,fold_6,COVID crash and V-recovery,0.004727508872747421,1,-0.009541480801999569,-1,-0.009541480801999569,0.08237286268558819,,,,0,-95.41480801999569,-0.0019163265824317932,0.012019885703921318,0.004727508872747421,-0.6432334964953011
2020-07-24,fold_6,COVID crash and V-recovery,0.006760779768228531,1,0.01768600009381771,1,0.01768600009381771,0.1000588627794059,,,,1,176.8600009381771,-0.005450539290904999,0.03924935311079025,0.006760779768228531,1.1921186983156284
2020-07-27,fold_6,COVID crash and V-recovery,0.008177213370800018,1,-0.012806747108697891,-1,-0.012806747108697891,0.08725211567070801,,,,0,-128.0674710869789,-0.005710802972316742,0.034980401396751404,0.008177213370800018,-0.8897363445671662
2020-07-28,fold_6,COVID crash and V-recovery,0.011370070278644562,1,0.011460249312222004,1,0.011460249312222004,0.09871236498293001,,,,1,114.60249312222004,-0.008247993886470795,0.05149209499359131,0.011370070278644562,0.7917747031445751
2020-07-29,fold_6,COVID crash and V-recovery,0.009582281112670898,1,0.0052218628115952015,1,0.0052218628115952015,0.10393422779452521,,,,1,52.218628115952015,-0.019871637225151062,0.042506542056798935,0.009582281112670898,0.3718284970110825
2020-07-30,fold_6,COVID crash and V-recovery,0.009763870388269424,1,0.01768798753619194,1,0.01768798753619194,0.12162221533071715,,,,1,176.8798753619194,-0.028276868164539337,0.05044260248541832,0.009763870388269424,1.2769965562045513
2020-07-31,fold_6,COVID crash and V-recovery,0.0007456652820110321,1,0.013417048379778862,1,0.013417048379778862,0.13503926371049602,,,,1,134.17048379778862,-0.023037917912006378,0.021145181730389595,0.0007456652820110321,0.9366016124301634
2020-08-03,fold_6,COVID crash and V-recovery,-0.0031915269792079926,-1,0.003704946953803301,1,-0.003704946953803301,0.13133431675669271,,,,0,-37.04946953803301,-0.019072674214839935,0.0034460306633263826,-0.0031915269792079926,0.27259952974596996
2020-08-04,fold_6,COVID crash and V-recovery,-0.0014141052961349487,-1,0.0024746968410909176,1,-0.0024746968410909176,0.1288596199156018,,,,0,-24.746968410909176,-0.014331527054309845,-0.01938198134303093,-0.0014141052961349487,0.18292635050540385
2020-08-05,fold_6,COVID crash and V-recovery,0.0024954043328762054,1,0.013157923705875874,1,0.013157923705875874,0.14201754362147767,,,,1,131.57923705875874,-0.013588778674602509,0.0029841316863894463,0.0024954043328762054,0.9953246352301299
2020-08-06,fold_6,COVID crash and V-recovery,-0.0011842846870422363,-1,-0.011609433218836784,-1,0.011609433218836784,0.15362697684031446,,,,1,116.09433218836784,-0.003446929156780243,-0.00789579376578331,-0.0011842846870422363,-0.8655564505121134
2020-08-07,fold_6,COVID crash and V-recovery,0.005869470536708832,1,-0.004282103851437569,-1,-0.004282103851437569,0.1493448729888769,,,,0,-42.82103851437569,-0.006686903536319733,0.002538258209824562,0.005869470536708832,-0.315403274167436
2020-08-10,fold_6,COVID crash and V-recovery,-0.0008947625756263733,-1,-0.01912306621670723,-1,0.01912306621670723,0.16846793920558412,,,,1,191.2306621670723,-0.009090043604373932,0.018364673480391502,-0.0008947625756263733,-1.4949017218268141
2020-08-11,fold_6,COVID crash and V-recovery,0.0054478719830513,1,0.024840809404850006,1,0.024840809404850006,0.19330874861043412,,,,1,248.40809404850006,-0.008366584777832031,0.04706699773669243,0.0054478719830513,1.854425462059186
2020-08-12,fold_6,COVID crash and V-recovery,0.002562910318374634,1,0.002277998486533761,1,0.002277998486533761,0.19558674709696788,,,,1,22.77998486533761,-0.009984485805034637,0.015475744381546974,0.002562910318374634,0.1571654526123982
2020-08-13,fold_6,COVID crash and V-recovery,0.005989000201225281,1,-0.0011753810103982687,-1,-0.0011753810103982687,0.19441136608656961,,,,0,-11.753810103982687,-0.012216620147228241,0.026974011212587357,0.005989000201225281,-0.08149801908205123
2020-08-14,fold_6,COVID crash and V-recovery,0.0027589574456214905,1,0.011544312350451946,1,0.011544312350451946,0.20595567843702156,,,,1,115.44312350451946,-0.012180432677268982,0.03505614399909973,0.0027589574456214905,0.8004500661944717
2020-08-17,fold_6,COVID crash and V-recovery,0.0037032291293144226,1,0.009579257108271122,1,0.009579257108271122,0.21553493554529268,,,,1,95.79257108271122,-0.011844724416732788,0.029736364260315895,0.0037032291293144226,0.7230246261558297
2020-08-18,fold_6,COVID crash and V-recovery,0.006849642843008041,1,-0.006750442553311586,-1,-0.006750442553311586,0.2087844929919811,,,,0,-67.50442553311586,-0.007722742855548859,0.027988793328404427,0.006849642843008041,-0.510820204822413
2020-08-19,fold_6,COVID crash and V-recovery,0.0016855858266353607,1,0.013776266016066074,1,0.013776266016066074,0.22256075900804717,,,,1,137.76266016066074,-0.011775761842727661,0.05585353076457977,0.0016855858266353607,1.037559246659717
2020-08-20,fold_6,COVID crash and V-recovery,0.0020266808569431305,1,0.0069067515432834625,1,0.0069067515432834625,0.22946751055133063,,,,1,69.06751543283463,-0.013798952102661133,0.038955897092819214,0.0020266808569431305,0.5625156236933915
2020-08-21,fold_6,COVID crash and V-recovery,0.003472834825515747,1,0.006224532146006823,1,0.006224532146006823,0.23569204269733746,,,,1,62.245321460068226,-0.014606304466724396,0.0371214896440506,0.003472834825515747,0.5106356876868382
2020-08-24,fold_6,COVID crash and V-recovery,0.005353722721338272,1,0.007831685245037079,1,0.007831685245037079,0.24352372794237453,,,,1,78.31685245037079,-0.015404865145683289,0.038897957652807236,0.005353722721338272,0.6743238686894301
2020-08-25,fold_6,COVID crash and V-recovery,0.004402328282594681,1,0.021114297211170197,1,0.021114297211170197,0.26463802515354473,,,,1,211.14297211170197,-0.012256138026714325,0.04801339656114578,0.004402328282594681,1.8535998038712649
2020-08-26,fold_6,COVID crash and V-recovery,0.005050837993621826,1,-0.003121370915323496,-1,-0.003121370915323496,0.26151665423822124,,,,0,-31.21370915323496,-0.005788147449493408,0.036324240267276764,0.005050837993621826,-0.2587895593319744
2020-08-27,fold_6,COVID crash and V-recovery,0.003912091255187988,1,0.005072346422821283,1,0.005072346422821283,0.2665890006610425,,,,1,50.72346422821283,-0.006187111139297485,-0.012585151940584183,0.003912091255187988,0.42181512853870085
2020-08-28,fold_6,COVID crash and V-recovery,0.0031988993287086487,1,0.008001000620424747,1,0.008001000620424747,0.27459000128146727,,,,1,80.01000620424747,0.000684395432472229,-0.03107313998043537,0.0031988993287086487,0.7010740917333799
2020-08-31,fold_6,COVID crash and V-recovery,0.00697573646903038,1,0.016947124153375626,1,0.016947124153375626,0.2915371254348429,,,,1,169.47124153375626,-0.00018893182277679443,-0.08833174407482147,0.00697573646903038,1.519174036231336
2020-09-01,fold_6,COVID crash and V-recovery,0.0028382055461406708,1,0.009425140917301178,1,0.009425140917301178,0.30096226635214407,,,,1,94.25140917301178,-0.0006200075149536133,-0.07632622867822647,0.0028382055461406708,0.8019761973282619
2020-09-02,fold_6,COVID crash and V-recovery,0.0035470053553581238,1,-0.052030764520168304,-1,-0.052030764520168304,0.24893150183197577,,,,0,-520.307645201683,-0.004042685031890869,-0.10588965564966202,0.0035470053553581238,-4.362421233254415
2020-09-03,fold_6,COVID crash and V-recovery,0.0044879429042339325,1,-0.013415642082691193,-1,-0.013415642082691193,0.23551585974928457,,,,0,-134.15642082691193,0.000597834587097168,-0.0608224980533123,0.0044879429042339325,-0.8180304219831065
2020-09-04,fold_6,COVID crash and V-recovery,0.00587531179189682,1,-0.04925760254263878,-1,-0.04925760254263878,0.1862582572066458,,,,0,-492.5760254263878,-0.0010351687669754028,-0.03014158084988594,0.00587531179189682,-2.99098501352186
2020-09-08,fold_6,COVID crash and V-recovery,0.009965348988771439,1,0.028952637687325478,1,0.028952637687325478,0.21521089489397127,,,,1,289.5263768732548,0.005817323923110962,0.033189885318279266,0.009965348988771439,1.4630448928429223
2020-09-09,fold_6,COVID crash and V-recovery,0.01760178804397583,1,-0.020138287916779518,-1,-0.020138287916779518,0.19507260697719175,,,,0,-201.38287916779518,0.0004770830273628235,-0.011837474070489407,0.01760178804397583,-0.9882583616877233
2020-09-10,fold_6,COVID crash and V-recovery,0.017775654792785645,1,-0.006963605526834726,-1,-0.006963605526834726,0.18810900145035703,,,,0,-69.63605526834726,0.0014877170324325562,-0.007444728631526232,0.017775654792785645,-0.3461658618806676
2020-09-11,fold_6,COVID crash and V-recovery,0.013721693307161331,1,0.017265276983380318,1,0.017265276983380318,0.20537427843373735,,,,1,172.65276983380318,0.002870887517929077,-0.01332566887140274,0.013721693307161331,0.8559825585801524
2020-09-14,fold_6,COVID crash and V-recovery,0.017677612602710724,1,0.014073864556849003,1,0.014073864556849003,0.21944814299058635,,,,1,140.73864556849003,-0.001004047691822052,-0.028195757418870926,0.017677612602710724,0.6853734804594767
2020-09-15,fold_6,COVID crash and V-recovery,0.00852888822555542,1,-0.01607472263276577,-1,-0.01607472263276577,0.20337342035782058,,,,0,-160.7472263276577,-0.001813746988773346,-0.023861397057771683,0.00852888822555542,-0.7798215646588044
2020-09-16,fold_6,COVID crash and V-recovery,0.0016143769025802612,1,-0.01574554108083248,-1,-0.01574554108083248,0.1876278792769881,,,,0,-157.4554108083248,-0.00446009635925293,-0.03879699110984802,0.0016143769025802612,-0.7564717033725888
2020-09-17,fold_6,COVID crash and V-recovery,0.0011404305696487427,1,-0.01284454483538866,-1,-0.01284454483538866,0.17478333444159944,,,,0,-128.4454483538866,-0.0017100945115089417,-0.018405728042125702,0.0011404305696487427,-0.6100156525437823
2020-09-18,fold_6,COVID crash and V-recovery,7.912144064903259e-05,1,0.0023951882030814886,1,0.0023951882030814886,0.17717852264468092,,,,1,23.951882030814886,-0.005601897835731506,0.017421115189790726,7.912144064903259e-05,0.11391217076698176
2020-09-21,fold_6,COVID crash and V-recovery,0.0017729848623275757,1,0.01840822398662567,1,0.01840822398662567,0.1955867466313066,,,,1,184.0822398662567,0.000981643795967102,0.035582274198532104,0.0017729848623275757,0.8775572328014063
2020-09-22,fold_6,COVID crash and V-recovery,-0.00022483617067337036,-1,-0.03101031668484211,-1,0.03101031668484211,0.2265970633161487,,,,1,310.1031668484211,-0.0026056021451950073,0.012654685415327549,-0.00022483617067337036,-1.4537438731940597
2020-09-23,fold_6,COVID crash and V-recovery,0.001980382949113846,1,0.0046457210555672646,1,0.0046457210555672646,0.23124278437171597,,,,1,46.457210555672646,0.005159296095371246,0.050490401685237885,0.001980382949113846,0.20775431739486164
2020-09-24,fold_6,COVID crash and V-recovery,0.00028631463646888733,1,0.022982297465205193,1,0.022982297465205193,0.25422508183692116,,,,1,229.82297465205193,0.008387155830860138,0.061592526733875275,0.00028631463646888733,1.0502742819316198
2020-09-25,fold_6,COVID crash and V-recovery,0.004628624767065048,1,0.02055634744465351,1,0.02055634744465351,0.2747814292815747,,,,1,205.5634744465351,0.0066736191511154175,0.010075737722218037,0.004628624767065048,0.9149699726863618
2020-09-28,fold_6,COVID crash and V-recovery,0.0018245391547679901,1,-0.004519365727901459,-1,-0.004519365727901459,0.2702620635536732,,,,0,-45.19365727901459,0.009681813418865204,0.010621445253491402,0.0018245391547679901,-0.1973176015235255
2020-09-29,fold_6,COVID crash and V-recovery,0.004599153995513916,1,0.0068253991194069386,1,0.0068253991194069386,0.27708746267308015,,,,1,68.25399119406939,0.009093038737773895,-0.002867152215912938,0.004599153995513916,0.298621087736763
2020-09-30,fold_6,COVID crash and V-recovery,0.004163805395364761,1,0.01574784703552723,1,0.01574784703552723,0.2928353097086074,,,,1,157.4784703552723,0.0048269107937812805,0.007458656560629606,0.004163805395364761,0.697064423708603
2020-10-01,fold_6,COVID crash and V-recovery,0.004442989826202393,1,-0.02853449247777462,-1,-0.02853449247777462,0.26430081723083276,,,,0,-285.3449247777462,0.006186306476593018,-0.0029803828801959753,0.004442989826202393,-1.2533205081188008
2020-10-02,fold_6,COVID crash and V-recovery,0.003880999982357025,1,0.02110205590724945,1,0.02110205590724945,0.2854028731380822,,,,1,211.0205590724945,0.007387921214103699,0.04071858525276184,0.003880999982357025,1.0251783952435474
2020-10-05,fold_6,COVID crash and V-recovery,0.0024570561945438385,1,-0.01800796203315258,-1,-0.01800796203315258,0.26739491110492963,,,,0,-180.0796203315258,0.009720586240291595,0.0500197559595108,0.0024570561945438385,-0.8614788499208522
2020-10-06,fold_6,COVID crash and V-recovery,0.008335515856742859,1,0.017151206731796265,1,0.017151206731796265,0.2845461178367259,,,,1,171.51206731796265,0.010469578206539154,0.06799398362636566,0.008335515856742859,0.9414975943994984
2020-10-07,fold_6,COVID crash and V-recovery,0.0061033181846141815,1,0.005308808758854866,1,0.005308808758854866,0.28985492659558076,,,,1,53.08808758854866,0.01082010567188263,0.0424555167555809,0.0061033181846141815,0.30415484714686564
2020-10-08,fold_6,COVID crash and V-recovery,0.00862569734454155,1,0.015164476819336414,1,0.015164476819336414,0.3050194034149172,,,,1,151.64476819336414,0.005818702280521393,0.03041280247271061,0.00862569734454155,0.8970329885777675
2020-10-09,fold_6,COVID crash and V-recovery,0.007714327424764633,1,0.030403228476643562,1,0.030403228476643562,0.33542263189156074,,,,1,304.0322847664356,-0.002446569502353668,0.009752639569342136,0.007714327424764633,1.770571887040376
2020-10-12,fold_6,COVID crash and V-recovery,0.007206875830888748,1,-3.373719300725497e-05,-1,-3.373719300725497e-05,0.3353888946985535,,,,0,-0.33737193007254973,-0.005761943757534027,-0.037110790610313416,0.007206875830888748,-0.0018680407759308338
2020-10-13,fold_6,COVID crash and V-recovery,0.0021562278270721436,1,-0.00838725920766592,-1,-0.00838725920766592,0.32700163549088757,,,,0,-83.8725920766592,-0.009697020053863525,-0.03492961823940277,0.0021562278270721436,-0.4716208204510821
2020-10-14,fold_6,COVID crash and V-recovery,0.0006131604313850403,1,-0.006733904592692852,-1,-0.006733904592692852,0.3202677308981947,,,,0,-67.33904592692852,-0.013801611959934235,-0.0273162629455328,0.0006131604313850403,-0.38440893439136203
2020-10-15,fold_6,COVID crash and V-recovery,0.004529602825641632,1,-0.005495686549693346,-1,-0.005495686549693346,0.31477204434850137,,,,0,-54.95686549693346,-0.013317801058292389,-0.020617766305804253,0.004529602825641632,-0.31903396928304123
2020-10-16,fold_6,COVID crash and V-recovery,-0.0018842071294784546,-1,-0.016460204496979713,-1,0.016460204496979713,0.3312322488454811,,,,1,164.60204496979713,-0.014702238142490387,-0.013153640553355217,-0.0018842071294784546,-0.9665816644113905
2020-10-19,fold_6,COVID crash and V-recovery,0.005093928426504135,1,0.002147437771782279,1,0.002147437771782279,0.33337968661726336,,,,1,21.47437771782279,-0.010542996227741241,-0.011803005822002888,0.005093928426504135,0.12331480174769346
2020-10-20,fold_6,COVID crash and V-recovery,0.0066648200154304504,1,-0.0007739050779491663,-1,-0.0007739050779491663,0.3326057815393142,,,,0,-7.739050779491663,-0.016028419137001038,-0.006172140594571829,0.0066648200154304504,-0.04571847515718098
2020-10-21,fold_6,COVID crash and V-recovery,0.0068594180047512054,1,-3.5408695111982524e-05,-1,-3.5408695111982524e-05,0.3325703728442022,,,,0,-0.35408695111982524,-0.013989441096782684,-0.045165520161390305,0.0068594180047512054,-0.0022928343745738243
2020-10-22,fold_6,COVID crash and V-recovery,0.005996085703372955,1,0.001968440366908908,1,0.001968440366908908,0.3345388132111111,,,,1,19.68440366908908,-0.018147140741348267,-0.02779475226998329,0.005996085703372955,0.12775259426091953
2020-10-23,fold_6,COVID crash and V-recovery,0.0052630119025707245,1,-0.015109569765627384,-1,-0.015109569765627384,0.31942924344548373,,,,0,-151.09569765627384,-0.013684965670108795,-0.055452797561883926,0.0052630119025707245,-1.039698635608039
2020-10-26,fold_6,COVID crash and V-recovery,0.004284359514713287,1,0.007778302300721407,1,0.007778302300721407,0.32720754574620514,,,,1,77.78302300721407,-0.0033412128686904907,-0.03811882436275482,0.004284359514713287,0.5479790991713467
2020-10-27,fold_6,COVID crash and V-recovery,0.002312656491994858,1,-0.03976728767156601,-1,-0.03976728767156601,0.28744025807463913,,,,0,-397.6728767156601,0.001557476818561554,-0.028747210279107094,0.002312656491994858,-2.787764890068613
2020-10-28,fold_6,COVID crash and V-recovery,0.00038261711597442627,1,0.01733536086976528,1,0.01733536086976528,0.3047756189444044,,,,1,173.35360869765282,0.008553437888622284,0.054690517485141754,0.00038261711597442627,1.0355589815970991
2020-10-29,fold_6,COVID crash and V-recovery,-0.002131149172782898,-1,-0.025689605623483658,-1,0.025689605623483658,0.33046522456788807,,,,1,256.8960562348366,0.009036019444465637,0.06309220939874649,-0.002131149172782898,-1.5274747106782163
2020-10-30,fold_6,COVID crash and V-recovery,0.001702815294265747,1,0.0022244045976549387,1,0.0022244045976549387,0.332689629165543,,,,1,22.244045976549387,0.009285278618335724,0.08952881395816803,0.001702815294265747,0.13410157396693856
2020-11-02,fold_6,COVID crash and V-recovery,0.006168335676193237,1,0.017149915918707848,1,0.017149915918707848,0.34983954508425086,,,,1,171.49915918707848,0.007701493799686432,0.06665904819965363,0.006168335676193237,1.0779367386887289
2020-11-03,fold_6,COVID crash and V-recovery,0.007171154022216797,1,0.04367043823003769,1,0.04367043823003769,0.39350998331428855,,,,1,436.7043823003769,0.004416286945343018,0.031432218849658966,0.007171154022216797,2.75306621443569
2020-11-04,fold_6,COVID crash and V-recovery,0.0018016919493675232,1,0.025737054646015167,1,0.025737054646015167,0.4192470379603037,,,,1,257.3705464601517,0.00016829371452331543,0.009885048493742943,0.0018016919493675232,1.4119405213839278
2020-11-05,fold_6,COVID crash and V-recovery,0.0003778226673603058,1,0.0007469941047020257,1,0.0007469941047020257,0.41999403206500574,,,,1,7.4699410470202565,-0.0010121464729309082,-0.020557139068841934,0.0003778226673603058,0.03915442701452015
2020-11-06,fold_6,COVID crash and V-recovery,-0.0007223412394523621,-1,-0.02064535580575466,-1,0.02064535580575466,0.4406393878707604,,,,1,206.45355805754662,0.0005290061235427856,-0.012569820508360863,-0.0007223412394523621,-1.099611526163606
2020-11-09,fold_6,COVID crash and V-recovery,-0.004949998110532761,-1,-0.01807691529393196,-1,0.01807691529393196,0.45871630316469236,,,,1,180.7691529393196,0.00412219762802124,0.015848102048039436,-0.004949998110532761,-0.9987407535989247
2020-11-10,fold_6,COVID crash and V-recovery,0.0017562247812747955,1,0.022123269736766815,1,0.022123269736766815,0.4808395729014592,,,,1,221.23269736766815,0.0054810792207717896,0.030747581273317337,0.0017562247812747955,1.1929141000624843
2020-11-11,fold_6,COVID crash and V-recovery,0.00018602609634399414,1,-0.0047051324509084225,-1,-0.0047051324509084225,0.47613444045055076,,,,0,-47.051324509084225,0.00531342625617981,0.0012066756607964635,0.00018602609634399414,-0.24631408484931272
2020-11-12,fold_6,COVID crash and V-recovery,0.001597374677658081,1,0.00873431283980608,1,0.00873431283980608,0.48486875329035684,,,,1,87.3431283980608,0.007733114063739777,0.013706258498132229,0.001597374677658081,0.45797074181542646
2020-11-13,fold_6,COVID crash and V-recovery,-0.0016482546925544739,-1,0.007772567216306925,1,-0.007772567216306925,0.4770961860740499,,,,0,-77.72567216306925,0.0033675655722618103,-0.0018917557317763567,-0.0016482546925544739,0.4062582307615261
2020-11-16,fold_6,COVID crash and V-recovery,0.005661532282829285,1,-0.0031774360686540604,-1,-0.0031774360686540604,0.47391875000539585,,,,0,-31.774360686540604,0.005135141313076019,-0.009630321525037289,0.005661532282829285,-0.16851969730067273
2020-11-17,fold_6,COVID crash and V-recovery,0.005740039050579071,1,-0.007417635060846806,-1,-0.007417635060846806,0.46650111494454904,,,,0,-74.17635060846806,-5.558133125305176e-05,0.007499608676880598,0.005740039050579071,-0.3932528488787517
2020-11-18,fold_6,COVID crash and V-recovery,0.007311686873435974,1,0.007794450502842665,1,0.007794450502842665,0.4742955654473917,,,,1,77.94450502842665,0.0024728924036026,0.021044887602329254,0.007311686873435974,0.41165884580625633
2020-11-19,fold_6,COVID crash and V-recovery,0.01088029146194458,1,-0.006863702088594437,-1,-0.006863702088594437,0.4674318633587973,,,,0,-68.63702088594437,0.0002068057656288147,0.02242281287908554,0.01088029146194458,-0.36097592278577006
2020-11-20,fold_6,COVID crash and V-recovery,0.011605221778154373,1,3.400091009098105e-05,1,3.400091009098105e-05,0.46746586426888825,,,,1,0.3400091009098105,-0.0011334270238876343,0.03132430091500282,0.011605221778154373,0.0017828542565550293
2020-11-23,fold_6,COVID crash and V-recovery,0.008531555533409119,1,0.013952494598925114,1,0.013952494598925114,0.48141835886781337,,,,1,139.52494598925114,-0.011329464614391327,0.04402534291148186,0.008531555533409119,0.7433640469029835
2020-11-24,fold_6,COVID crash and V-recovery,0.00435059517621994,1,0.006127643398940563,1,0.006127643398940563,0.48754600226675393,,,,1,61.27643398940563,-0.015599757432937622,0.03135693445801735,0.00435059517621994,0.3234052070137997
2020-11-25,fold_6,COVID crash and V-recovery,0.005506373941898346,1,0.009172377176582813,1,0.009172377176582813,0.49671837944333674,,,,1,91.72377176582813,-0.011718541383743286,0.02664339542388916,0.005506373941898346,0.5463967394333243
2020-11-27,fold_6,COVID crash and V-recovery,0.00766637921333313,1,0.0020377866458147764,1,0.0020377866458147764,0.4987561660891515,,,,1,20.377866458147764,-0.009816475212574005,0.02153753489255905,0.00766637921333313,0.12379010218913579
2020-11-30,fold_6,COVID crash and V-recovery,0.00038192421197891235,1,0.012735040858387947,1,0.012735040858387947,0.5114912069475395,,,,1,127.35040858387947,-0.0030273795127868652,0.025146711617708206,0.00038192421197891235,0.825152095544987
2020-12-01,fold_6,COVID crash and V-recovery,-4.960596561431885e-05,-1,0.0012840845156461,1,-0.0012840845156461,0.5102071224318934,,,,0,-12.840845156461,0.0018275678157806396,0.0157906636595726,-4.960596561431885e-05,0.08186080873771634
2020-12-02,fold_6,COVID crash and V-recovery,-0.00034739822149276733,-1,0.0014141055289655924,1,-0.0014141055289655924,0.5087930169029278,,,,0,-14.141055289655924,0.0036397725343704224,-0.008394548669457436,-0.00034739822149276733,0.09295420381384639
2020-12-03,fold_6,COVID crash and V-recovery,-0.0011945031583309174,-1,0.004066517110913992,1,-0.004066517110913992,0.5047264997920138,,,,0,-40.66517110913992,0.0037210211157798767,-0.005801084917038679,-0.0011945031583309174,0.34847327562232994
2020-12-04,fold_6,COVID crash and V-recovery,0.0033570006489753723,1,0.005646963603794575,1,0.005646963603794575,0.5103734633958084,,,,1,56.46963603794575,0.005563952028751373,-0.012084580026566982,0.0033570006489753723,0.5540372958545712
2020-12-07,fold_6,COVID crash and V-recovery,0.0045728012919425964,1,0.003378992434591055,1,0.003378992434591055,0.5137524558303994,,,,1,33.78992434591055,0.006720282137393951,-0.010502398945391178,0.0045728012919425964,0.329049495914118
2020-12-08,fold_6,COVID crash and V-recovery,0.0055822692811489105,1,-0.022901127114892006,-1,-0.022901127114892006,0.4908513287155074,,,,0,-229.01127114892006,0.0016534551978111267,-0.0032489225268363953,0.0055822692811489105,-2.4882146420684146
2020-12-09,fold_6,COVID crash and V-recovery,0.0052117109298706055,1,0.004007569048553705,1,0.004007569048553705,0.4948588977640611,,,,1,40.07569048553705,0.006379365921020508,0.025136673822999,0.0052117109298706055,0.4120471886712415
2020-12-10,fold_6,COVID crash and V-recovery,0.006618507206439972,1,-0.0022169779986143112,-1,-0.0022169779986143112,0.4926419197654468,,,,0,-22.169779986143112,0.0013394877314567566,0.0276457741856575,0.006618507206439972,-0.2632439802492302
2020-12-11,fold_6,COVID crash and V-recovery,0.01107718050479889,1,0.007229145150631666,1,0.007229145150631666,0.49987106491607847,,,,1,72.29145150631666,0.0026642009615898132,0.0268356055021286,0.01107718050479889,0.8636478044932318
2020-12-14,fold_6,COVID crash and V-recovery,0.007223412394523621,1,0.01063246838748455,1,0.01063246838748455,0.510503533303563,,,,1,106.3246838748455,0.0029403939843177795,0.017734089866280556,0.007223412394523621,1.2812665826263265
2020-12-15,fold_6,COVID crash and V-recovery,0.0039559826254844666,1,0.0054844701662659645,1,0.0054844701662659645,0.515988003469829,,,,1,54.844701662659645,-0.0029601603746414185,0.00981712993234396,0.0039559826254844666,0.6486281134756449
2020-12-16,fold_6,COVID crash and V-recovery,0.002715766429901123,1,0.006516668945550919,1,0.006516668945550919,0.5225046724153799,,,,1,65.16668945550919,-0.0003639832139015198,-0.0007163272821344435,0.002715766429901123,0.7653729375236511
2020-12-17,fold_6,COVID crash and V-recovery,0.0012426748871803284,1,-0.0030271466821432114,-1,-0.0030271466821432114,0.5194775257332367,,,,0,-30.271466821432114,-0.0011513978242874146,-0.002830306999385357,0.0012426748871803284,-0.3570831286606675
2020-12-18,fold_6,COVID crash and V-recovery,6.717070937156677e-05,1,-0.001872371882200241,-1,-0.001872371882200241,0.5176051538510364,,,,0,-18.72371882200241,0.0041116997599601746,0.010225623846054077,6.717070937156677e-05,-0.22493926581037224
2020-12-21,fold_6,COVID crash and V-recovery,-0.0020297355949878693,-1,0.002715509617701173,1,-0.002715509617701173,0.5148896442333353,,,,0,-27.15509617701173,0.0005677640438079834,0.01299302838742733,-0.0020297355949878693,0.3314875297474319
2020-12-22,fold_6,COVID crash and V-recovery,0.00408993661403656,1,-0.005048987455666065,-1,-0.005048987455666065,0.5098406567776692,,,,0,-50.48987455666065,0.005683489143848419,0.010309210978448391,0.00408993661403656,-0.6146537584216499
2020-12-23,fold_6,COVID crash and V-recovery,0.005269303917884827,1,0.004402689635753632,1,0.004402689635753632,0.5142433464134228,,,,1,44.026896357536316,3.614276647567749e-05,0.017815537750720978,0.005269303917884827,0.5731001337807812
2020-12-24,fold_6,COVID crash and V-recovery,0.005841638892889023,1,0.010028784163296223,1,0.010028784163296223,0.5242721305767191,,,,1,100.28784163296223,-0.004560455679893494,-0.0008076458470895886,0.005841638892889023,1.3156138038421608
2020-12-28,fold_6,COVID crash and V-recovery,0.005482759326696396,1,0.0008950326009653509,1,0.0008950326009653509,0.5251671631776844,,,,1,8.950326009653509,-0.004863642156124115,-0.0026263040490448475,0.005482759326696396,0.11659180941941093
2020-12-29,fold_6,COVID crash and V-recovery,0.0018034093081951141,1,3.169193587382324e-05,1,3.169193587382324e-05,0.5251988551135582,,,,1,0.3169193587382324,-0.004024319350719452,-0.017470380291342735,0.0018034093081951141,0.004134245642294804
2020-12-30,fold_6,COVID crash and V-recovery,0.0015436485409736633,1,0.0024573400150984526,1,0.0024573400150984526,0.5276561951286567,,,,1,24.573400150984526,0.002149321138858795,0.00640215864405036,0.0015436485409736633,0.34526923346710536
2024-04-12,fold_7,"Inflation bear, AI rally and 2025",-0.0024106018245220184,-1,-0.016587810590863228,-1,0.016587810590863228,0.016587810590863228,,,,1,165.87810590863228,-0.021980077028274536,-0.05540034547448158,-0.0024106018245220184,-1.915637977737409
2024-04-15,fold_7,"Inflation bear, AI rally and 2025",0.005637165158987045,1,9.28273075260222e-05,1,9.28273075260222e-05,0.01668063789838925,,,,1,0.928273075260222,-0.0044587403535842896,-0.028806107118725777,0.005637165158987045,0.010276851524955881
2024-04-16,fold_7,"Inflation bear, AI rally and 2025",0.0034099332988262177,1,-0.012276514433324337,-1,-0.012276514433324337,0.004404123465064913,,,,0,-122.76514433324337,-0.0013342872262001038,-0.014086250215768814,0.0034099332988262177,-1.398273534739221
2024-04-17,fold_7,"Inflation bear, AI rally and 2025",0.008082795888185501,1,-0.005722694098949432,-1,-0.005722694098949432,-0.0013185706338845193,,,,0,-57.226940989494324,0.004622451961040497,0.0015721198869869113,0.008082795888185501,-0.6232469284784488
2024-04-18,fold_7,"Inflation bear, AI rally and 2025",0.007359478622674942,1,-0.020906154066324234,-1,-0.020906154066324234,-0.022224724700208753,,,,0,-209.06154066324234,-0.004670292139053345,0.002453271532431245,0.007359478622674942,-2.3521081873632403
2024-04-19,fold_7,"Inflation bear, AI rally and 2025",0.006067506968975067,1,0.010006428696215153,1,0.010006428696215153,-0.0122182960039936,,,,1,100.06428696215153,-0.002105414867401123,0.038673385977745056,0.006067506968975067,1.001945669500256
2024-04-22,fold_7,"Inflation bear, AI rally and 2025",0.003856424242258072,1,0.014812683686614037,1,0.014812683686614037,0.002594387682620436,,,,1,148.12683686614037,-0.003639303147792816,0.03271905705332756,0.003856424242258072,1.4477695045384535
2024-04-23,fold_7,"Inflation bear, AI rally and 2025",0.0020456798374652863,1,0.0033818555530160666,1,0.0033818555530160666,0.0059762432356365025,,,,1,33.818555530160666,-0.004512183368206024,-0.0011298799654468894,0.0020456798374652863,0.3153720124031093
2024-04-24,fold_7,"Inflation bear, AI rally and 2025",0.001327071338891983,1,-0.004841542802751064,-1,-0.004841542802751064,0.0011347004328854382,,,,0,-48.41542802751064,-0.003077201545238495,-0.011768510565161705,0.001327071338891983,-0.4514034651311373
2024-04-25,fold_7,"Inflation bear, AI rally and 2025",0.00022605806589126587,1,0.015313959680497646,1,0.015313959680497646,0.016448660113383085,,,,1,153.13959680497646,-0.0019856393337249756,0.005755472928285599,0.00022605806589126587,1.4241324448891393
2024-04-26,fold_7,"Inflation bear, AI rally and 2025",0.0015251263976097107,1,0.004052098840475082,1,0.004052098840475082,0.020500758953858167,,,,1,40.520988404750824,-0.0014581531286239624,0.010340644046664238,0.0015251263976097107,0.3593017104789151
2024-04-29,fold_7,"Inflation bear, AI rally and 2025",0.0023237690329551697,1,-0.019036252051591873,-1,-0.019036252051591873,0.0014645069022662938,,,,0,-190.36252051591873,-0.0019595399498939514,0.01718253269791603,0.0023237690329551697,-1.684004190632592
2024-04-30,fold_7,"Inflation bear, AI rally and 2025",0.004347488284111023,1,-0.007256774697452784,-1,-0.007256774697452784,-0.00579226779518649,,,,0,-72.56774697452784,-0.001136772334575653,0.036377713084220886,0.004347488284111023,-0.6086610786073906
2024-05-01,fold_7,"Inflation bear, AI rally and 2025",0.0050190165638923645,1,0.01268244069069624,1,0.01268244069069624,0.00689017289550975,,,,1,126.8244069069624,0.000516943633556366,0.043043844401836395,0.0050190165638923645,1.0549368441432632
2024-05-02,fold_7,"Inflation bear, AI rally and 2025",0.008787520229816437,1,0.01989912986755371,1,0.01989912986755371,0.02678930276306346,,,,1,198.9912986755371,-0.0015578493475914001,0.03254050761461258,0.008787520229816437,1.6776006709564757
2024-05-03,fold_7,"Inflation bear, AI rally and 2025",0.009384632110595703,1,0.01089398842304945,1,0.01089398842304945,0.03768329118611291,,,,1,108.9398842304945,-0.004960097372531891,0.014996875077486038,0.009384632110595703,0.8789025385636756
2024-05-06,fold_7,"Inflation bear, AI rally and 2025",0.0015857405960559845,1,0.00015892888768576086,1,0.00015892888768576086,0.03784222007379867,,,,1,1.5892888768576086,-0.009185157716274261,0.006407518871128559,0.0015857405960559845,0.012581531524142072
2024-05-07,fold_7,"Inflation bear, AI rally and 2025",0.006014656275510788,1,-0.0005906449514441192,-1,-0.0005906449514441192,0.03725157512235455,,,,0,-5.906449514441192,0.0005014315247535706,0.012660286389291286,0.006014656275510788,-0.04685816338663532
2024-05-08,fold_7,"Inflation bear, AI rally and 2025",0.0024637840688228607,1,0.002179105766117573,1,0.002179105766117573,0.039430680888472125,,,,1,21.791057661175728,-0.003870740532875061,0.028760163113474846,0.0024637840688228607,0.1749964145930725
2024-05-09,fold_7,"Inflation bear, AI rally and 2025",0.0022668614983558655,1,0.002355497097596526,1,0.002355497097596526,0.04178617798606865,,,,1,23.55497097596526,0.007465481758117676,0.02454777993261814,0.0022668614983558655,0.19715011812391026
2024-05-10,fold_7,"Inflation bear, AI rally and 2025",-0.005517743527889252,-1,0.002304631983861327,1,-0.002304631983861327,0.039481546002207324,,,,0,-23.04631983861327,0.009719043970108032,0.02170546166598797,-0.005517743527889252,0.20204176077495256
2024-05-13,fold_7,"Inflation bear, AI rally and 2025",-0.0013920292258262634,-1,0.006411696784198284,1,-0.006411696784198284,0.03306984921800904,,,,0,-64.11696784198284,0.010476700961589813,0.026349298655986786,-0.0013920292258262634,0.5937243334603832
2024-05-14,fold_7,"Inflation bear, AI rally and 2025",0.006154518574476242,1,0.015509231947362423,1,0.015509231947362423,0.04857908116537146,,,,1,155.09231947362423,0.007193565368652344,0.02189207263290882,0.006154518574476242,1.4236688665281578
2024-05-15,fold_7,"Inflation bear, AI rally and 2025",0.010975692421197891,1,-0.002033278113231063,-1,-0.002033278113231063,0.0465458030521404,,,,0,-20.33278113231063,0.00785992294549942,0.006185304373502731,0.010975692421197891,-0.18321011445197363
2024-05-16,fold_7,"Inflation bear, AI rally and 2025",0.0077396780252456665,1,-0.0004868214309681207,-1,-0.0004868214309681207,0.04605898162117228,,,,0,-4.868214309681207,0.0015484318137168884,0.00371000450104475,0.0077396780252456665,-0.044122443394488634
2024-05-17,fold_7,"Inflation bear, AI rally and 2025",0.0033517777919769287,1,0.006948469206690788,1,0.006948469206690788,0.05300745082786307,,,,1,69.48469206690788,-0.0002162829041481018,0.013608839362859726,0.0033517777919769287,0.6952125898010301
2024-05-20,fold_7,"Inflation bear, AI rally and 2025",0.007079422473907471,1,0.0019544712267816067,1,0.0019544712267816067,0.054961922054644674,,,,1,19.544712267816067,0.0004084184765815735,0.010431037284433842,0.007079422473907471,0.19813782720354398
2024-05-21,fold_7,"Inflation bear, AI rally and 2025",0.005750961601734161,1,-0.00019753658853005618,-1,-0.00019753658853005618,0.05476438546611462,,,,0,-1.9753658853005618,-4.019588232040405e-05,0.00140322744846344,0.005750961601734161,-0.02123648203471224
2024-05-22,fold_7,"Inflation bear, AI rally and 2025",0.0016242265701293945,1,-0.0045085777528584,-1,-0.0045085777528584,0.05025580771325622,,,,0,-45.085777528584,-0.0010225623846054077,-0.00917046144604683,0.0016242265701293945,-0.4863059884639499
2024-05-23,fold_7,"Inflation bear, AI rally and 2025",0.0024577416479587555,1,0.009412013925611973,1,0.009412013925611973,0.05966782163886819,,,,1,94.12013925611973,0.0005679652094841003,-0.006523867137730122,0.0024577416479587555,1.0161228281011665
2024-05-24,fold_7,"Inflation bear, AI rally and 2025",0.006324518471956253,1,0.003770666429772973,1,0.003770666429772973,0.06343848806864116,,,,1,37.70666429772973,0.001003846526145935,-0.0105808787047863,0.006324518471956253,0.42558054147400476
2024-05-28,fold_7,"Inflation bear, AI rally and 2025",0.0038469620048999786,1,-0.007073338143527508,-1,-0.007073338143527508,0.056365149925113656,,,,0,-70.73338143527508,0.004246115684509277,-0.011618755757808685,0.0038469620048999786,-0.7989006844998127
2024-05-29,fold_7,"Inflation bear, AI rally and 2025",0.003948226571083069,1,-0.010771225206553936,-1,-0.010771225206553936,0.04559392471855972,,,,0,-107.71225206553936,0.0028807297348976135,0.015413827262818813,0.003948226571083069,-1.3594968419813447
2024-05-30,fold_7,"Inflation bear, AI rally and 2025",0.0005456656217575073,1,-0.0018619840266183019,-1,-0.0018619840266183019,0.04373194069194142,,,,0,-18.61984026618302,0.00678851455450058,0.02583981119096279,0.0005456656217575073,-0.2292967954822727
2024-05-31,fold_7,"Inflation bear, AI rally and 2025",0.003368619829416275,1,0.005355002358555794,1,0.005355002358555794,0.04908694305049721,,,,1,53.55002358555794,0.002429552376270294,0.026816576719284058,0.003368619829416275,0.7027090494998068
2024-06-03,fold_7,"Inflation bear, AI rally and 2025",0.010090656578540802,1,0.002732788911089301,1,0.002732788911089301,0.05181973196158651,,,,1,27.32788911089301,0.002495706081390381,0.025492563843727112,0.010090656578540802,0.43368193802744326
2024-06-04,fold_7,"Inflation bear, AI rally and 2025",-0.0024666786193847656,-1,0.01995924487709999,1,-0.01995924487709999,0.03186048708448652,,,,0,-199.5924487709999,0.011096283793449402,0.02959909848868847,-0.0024666786193847656,3.4156224962840676
2024-06-05,fold_7,"Inflation bear, AI rally and 2025",-0.013543728739023209,-1,-0.0003452417440712452,-1,0.0003452417440712452,0.03220572882855777,,,,1,3.452417440712452,0.0088711678981781,0.022652629762887955,-0.013543728739023209,-0.04695363633241321
2024-06-06,fold_7,"Inflation bear, AI rally and 2025",0.0037049204111099243,1,-0.0008852180326357484,-1,-0.0008852180326357484,0.03132051079592202,,,,0,-8.852180326357484,-0.017692334949970245,0.028403399512171745,0.0037049204111099243,-0.12040439171168577
2024-06-07,fold_7,"Inflation bear, AI rally and 2025",-0.00015101581811904907,-1,0.004030989948660135,1,-0.004030989948660135,0.027289520847261883,,,,0,-40.30989948660135,-0.015371233224868774,0.03445643186569214,-0.00015101581811904907,0.5492899450229848
2024-06-10,fold_7,"Inflation bear, AI rally and 2025",-0.016951976343989372,-1,0.006839322857558727,1,-0.006839322857558727,0.020450197989703156,,,,0,-68.39322857558727,-0.029912374913692474,0.04260094463825226,-0.016951976343989372,0.9273771940684392
2024-06-11,fold_7,"Inflation bear, AI rally and 2025",0.0017509758472442627,1,0.013012777082622051,1,0.013012777082622051,0.03346297507232521,,,,1,130.1277708262205,-0.021288953721523285,0.03607082739472389,0.0017509758472442627,1.731768227856263
2024-06-12,fold_7,"Inflation bear, AI rally and 2025",0.007157493382692337,1,0.005405528470873833,1,0.005405528470873833,0.03886850354319904,,,,1,54.05528470873833,-0.021554909646511078,0.015320060774683952,0.007157493382692337,0.6817164243853996
2024-06-13,fold_7,"Inflation bear, AI rally and 2025",0.0017050132155418396,1,0.005167814902961254,1,0.005167814902961254,0.044036318446160294,,,,1,51.67814902961254,-0.006139352917671204,0.0072316755540668964,0.0017050132155418396,0.71453510413117
2024-06-14,fold_7,"Inflation bear, AI rally and 2025",0.007210694253444672,1,0.012175502255558968,1,0.012175502255558968,0.05621182070171926,,,,1,121.75502255558968,-0.003178514540195465,-0.009386073797941208,0.007210694253444672,1.6655900350437747
2024-06-17,fold_7,"Inflation bear, AI rally and 2025",0.006366431713104248,1,0.0003092046536039561,1,0.0003092046536039561,0.05652102535532322,,,,1,3.092046536039561,-0.003980033099651337,-0.010190867818892002,0.006366431713104248,0.03964268442676233
2024-06-18,fold_7,"Inflation bear, AI rally and 2025",0.006726082414388657,1,-0.007737989537417889,-1,-0.007737989537417889,0.04878303581790533,,,,0,-77.37989537417889,0.007207393646240234,-0.008436965756118298,0.006726082414388657,-1.0123242809306967
2024-06-20,fold_7,"Inflation bear, AI rally and 2025",0.005832940340042114,1,-0.002682856749743223,-1,-0.002682856749743223,0.046100179068162106,,,,0,-26.828567497432232,0.0053184255957603455,0.0018790541216731071,0.005832940340042114,-0.34285804932426206
2024-06-21,fold_7,"Inflation bear, AI rally and 2025",0.00717511773109436,1,-0.011449933983385563,-1,-0.011449933983385563,0.03465024508477654,,,,0,-114.49933983385563,0.005889564752578735,-0.00064253801247105,0.00717511773109436,-1.4589962236954837
2024-06-24,fold_7,"Inflation bear, AI rally and 2025",-0.0016082599759101868,-1,0.011370707303285599,1,-0.011370707303285599,0.023279537781490944,,,,0,-113.70707303285599,0.011563390493392944,0.01665533147752285,-0.0016082599759101868,1.387839319558593
2024-06-25,fold_7,"Inflation bear, AI rally and 2025",0.005454063415527344,1,0.002063107443973422,1,0.002063107443973422,0.025342645225464366,,,,1,20.63107443973422,0.0077326372265815735,0.015729578211903572,0.005454063415527344,0.2480774401688555
2024-06-26,fold_7,"Inflation bear, AI rally and 2025",0.009253866970539093,1,0.0025780298747122288,1,0.0025780298747122288,0.027920675100176595,,,,1,25.780298747122288,0.0014807209372520447,0.021968942135572433,0.009253866970539093,0.3111163482075264
2024-06-27,fold_7,"Inflation bear, AI rally and 2025",0.0019476152956485748,1,-0.005204448942095041,-1,-0.005204448942095041,0.022716226158081554,,,,0,-52.04448942095041,0.001399405300617218,0.029763752594590187,0.0019476152956485748,-0.6382350260450105
2024-06-28,fold_7,"Inflation bear, AI rally and 2025",0.005639582872390747,1,0.005847935099154711,1,0.005847935099154711,0.028564161257236265,,,,1,58.47935099154711,-0.0018025711178779602,0.037343580275774,0.005639582872390747,0.7423997926176615
2024-07-01,fold_7,"Inflation bear, AI rally and 2025",0.005261406302452087,1,0.010444954968988895,1,0.010444954968988895,0.03900911622622516,,,,1,104.44954968988895,-0.01240459829568863,0.032359976321458817,0.005261406302452087,1.3098751779381625
2024-07-02,fold_7,"Inflation bear, AI rally and 2025",0.00578741729259491,1,0.008302470669150352,1,0.008302470669150352,0.04731158689537551,,,,1,83.02470669150352,-0.0027646273374557495,0.032287489622831345,0.00578741729259491,1.0097531611324242
2024-07-03,fold_7,"Inflation bear, AI rally and 2025",0.005980044603347778,1,0.010372839868068695,1,0.010372839868068695,0.05768442676344421,,,,1,103.72839868068695,-0.015489459037780762,0.0018107411451637745,0.005980044603347778,1.2338218881148515
2024-07-05,fold_7,"Inflation bear, AI rally and 2025",0.011636979877948761,1,0.002375379903241992,1,0.002375379903241992,0.0600598066666862,,,,1,23.75379903241992,-0.012454591691493988,-0.0027043852023780346,0.011636979877948761,0.3170268540244118
2024-07-08,fold_7,"Inflation bear, AI rally and 2025",-0.0002454109489917755,-1,0.0008643296314403415,1,-0.0008643296314403415,0.05919547703524586,,,,0,-8.643296314403415,-0.018268093466758728,-0.0023955574724823236,-0.0002454109489917755,0.11507389364579725
2024-07-09,fold_7,"Inflation bear, AI rally and 2025",8.568912744522095e-05,1,0.010372469201683998,1,0.010372469201683998,0.06956794623692986,,,,1,103.72469201683998,-0.01585591584444046,-0.002877016318961978,8.568912744522095e-05,1.3809774385746778
2024-07-10,fold_7,"Inflation bear, AI rally and 2025",0.0036731846630573273,1,-0.022174276411533356,-1,-0.022174276411533356,0.0473936698253965,,,,0,-221.74276411533356,-0.003727249801158905,-0.0430438406765461,0.0036731846630573273,-2.8395556157698416
2024-07-11,fold_7,"Inflation bear, AI rally and 2025",-0.00019810721278190613,-1,0.005857713054865599,1,-0.005857713054865599,0.0415359567705309,,,,0,-58.57713054865599,0.001193024218082428,-0.025613289326429367,-0.00019810721278190613,0.6420877278904823
2024-07-12,fold_7,"Inflation bear, AI rally and 2025",0.0036130324006080627,1,0.002684207633137703,1,0.002684207633137703,0.044220164403668605,,,,1,26.84207633137703,0.0028845518827438354,-0.040374159812927246,0.0036130324006080627,0.30693872466430683
2024-07-15,fold_7,"Inflation bear, AI rally and 2025",0.0063497163355350494,1,0.00038287072675302625,1,0.00038287072675302625,0.04460303513042163,,,,1,3.8287072675302625,0.005143009126186371,-0.028270574286580086,0.0063497163355350494,0.044099727267770325
2024-07-16,fold_7,"Inflation bear, AI rally and 2025",0.00979636237025261,1,-0.02979435585439205,-1,-0.02979435585439205,0.01480867927602958,,,,0,-297.9435585439205,0.006559692323207855,-0.03218429908156395,0.00979636237025261,-3.462402666184191
2024-07-17,fold_7,"Inflation bear, AI rally and 2025",0.01006525382399559,1,-0.004743724595755339,-1,-0.004743724595755339,0.01006495468027424,,,,0,-47.43724595755339,0.013020485639572144,-0.038919322192668915,0.01006525382399559,-0.45021193175523166
2024-07-18,fold_7,"Inflation bear, AI rally and 2025",0.017049290239810944,1,-0.008903156965970993,-1,-0.008903156965970993,0.0011617977143032476,,,,0,-89.03156965970993,0.004631005227565765,-0.045264601707458496,0.017049290239810944,-0.8407390180070969
2024-07-19,fold_7,"Inflation bear, AI rally and 2025",0.008630555123090744,1,0.014787793159484863,1,0.014787793159484863,0.01594959087378811,,,,1,147.87793159484863,0.00206959992647171,-0.026157695800065994,0.008630555123090744,1.3904370170925573
2024-07-22,fold_7,"Inflation bear, AI rally and 2025",0.016202569007873535,1,-0.0035308548249304295,-1,-0.0035308548249304295,0.012418736048857681,,,,0,-35.308548249304295,-0.006645672023296356,-0.038938675075769424,0.016202569007873535,-0.31748379855643816
2024-07-23,fold_7,"Inflation bear, AI rally and 2025",0.01107100397348404,1,-0.03652937710285187,-1,-0.03652937710285187,-0.024110641053994186,,,,0,-365.2937710285187,-0.033836767077445984,-0.049234386533498764,0.01107100397348404,-3.366324504216688
2024-07-24,fold_7,"Inflation bear, AI rally and 2025",0.03558405488729477,1,-0.011089004576206207,-1,-0.011089004576206207,-0.035199645630200393,,,,0,-110.89004576206207,-0.024686895310878754,0.016459202393889427,0.03558405488729477,-0.8311367073785129
2024-07-25,fold_7,"Inflation bear, AI rally and 2025",0.017130807042121887,1,0.01020374707877636,1,0.01020374707877636,-0.024995898551424034,,,,1,102.0374707877636,-0.0348062701523304,0.003028667066246271,0.017130807042121887,0.7523452168158241
2024-07-26,fold_7,"Inflation bear, AI rally and 2025",0.008420836180448532,1,0.0020068141166120768,1,0.0020068141166120768,-0.022989084434811957,,,,1,20.068141166120768,-0.022388219833374023,-0.031196199357509613,0.008420836180448532,0.14604485969080083
2024-07-29,fold_7,"Inflation bear, AI rally and 2025",0.0039315856993198395,1,-0.013826565816998482,-1,-0.013826565816998482,-0.03681565025181044,,,,0,-138.26565816998482,-0.017194904386997223,-0.063472680747509,0.0039315856993198395,-1.0093074248608767
2024-07-30,fold_7,"Inflation bear, AI rally and 2025",0.005133960396051407,1,0.029164211824536324,1,0.029164211824536324,-0.007651438427274115,,,,1,291.64211824536324,-0.009786322712898254,-0.04013648256659508,0.005133960396051407,2.085750291487153
2024-07-31,fold_7,"Inflation bear, AI rally and 2025",0.0013044364750385284,1,-0.02451954036951065,-1,-0.02451954036951065,-0.032170978796784766,,,,0,-245.1954036951065,-0.009153373539447784,-0.080189548432827,0.0013044364750385284,-1.6077581412371202
2024-08-01,fold_7,"Inflation bear, AI rally and 2025",0.0032097548246383667,1,-0.024021118879318237,-1,-0.024021118879318237,-0.056192097676103,,,,0,-240.21118879318237,-0.005935043096542358,-0.025537710636854172,0.0032097548246383667,-1.4920247357675547
2024-08-02,fold_7,"Inflation bear, AI rally and 2025",0.00028902292251586914,1,-0.030269667506217957,-1,-0.030269667506217957,-0.08646176518232096,,,,0,-302.69667506217957,-0.003456711769104004,0.0036923731677234173,0.00028902292251586914,-1.8003931776647635
2024-08-05,fold_7,"Inflation bear, AI rally and 2025",0.0019992031157016754,1,0.009509631432592869,1,0.009509631432592869,-0.07695213374972809,,,,1,95.09631432592869,0.0071711912751197815,0.03611313924193382,0.0019992031157016754,0.524920691891243
2024-08-06,fold_7,"Inflation bear, AI rally and 2025",0.004894044250249863,1,-0.01088885311037302,-1,-0.01088885311037302,-0.08784098686010111,,,,0,-108.8885311037302,0.009236961603164673,0.05111347883939743,0.004894044250249863,-0.5969875219152809
2024-08-07,fold_7,"Inflation bear, AI rally and 2025",0.005163148045539856,1,0.030132297426462173,1,0.030132297426462173,-0.05770868943363894,,,,1,301.32297426462173,0.00937081128358841,0.062326643615961075,0.005163148045539856,1.6506589822195037
2024-08-08,fold_7,"Inflation bear, AI rally and 2025",0.003718998283147812,1,0.005208965390920639,1,0.005208965390920639,-0.0524997240427183,,,,1,52.08965390920639,0.009339116513729095,0.05714362487196922,0.003718998283147812,0.2768349311927352
2024-08-09,fold_7,"Inflation bear, AI rally and 2025",0.0016567632555961609,1,0.0021510969381779432,1,0.0021510969381779432,-0.050348627104540356,,,,1,21.510969381779432,0.00791633129119873,0.05321963131427765,0.0016567632555961609,0.1143798882170997
2024-08-12,fold_7,"Inflation bear, AI rally and 2025",0.0017674528062343597,1,0.02450997196137905,1,0.02450997196137905,-0.025838655143161304,,,,1,245.0997196137905,0.006393149495124817,0.06411891430616379,0.0017674528062343597,1.303501943679819
2024-08-13,fold_7,"Inflation bear, AI rally and 2025",0.0009953603148460388,1,0.00032431332510896027,1,0.00032431332510896027,-0.025514341818052344,,,,1,3.2431332510896027,0.00750693678855896,0.03750813379883766,0.0009953603148460388,0.01655891126018704
2024-08-14,fold_7,"Inflation bear, AI rally and 2025",0.0007172673940658569,1,0.024949276819825172,1,0.024949276819825172,-0.0005650649982271716,,,,1,249.49276819825172,0.008163124322891235,0.041837096214294434,0.0007172673940658569,1.3546411923098562
2024-08-15,fold_7,"Inflation bear, AI rally and 2025",0.0014848671853542328,1,0.0012849696213379502,1,0.0012849696213379502,0.0007199046231107786,,,,1,12.849696213379502,0.007280945777893066,0.0009060029406100512,0.0014848671853542328,0.0668740747706282
2024-08-16,fold_7,"Inflation bear, AI rally and 2025",0.00310429185628891,1,0.0130503810942173,1,0.0130503810942173,0.013770285717328079,,,,1,130.503810942173,0.006991691887378693,0.010408023372292519,0.00310429185628891,0.6827829402239022
2024-08-19,fold_7,"Inflation bear, AI rally and 2025",0.002871766686439514,1,-0.002100807148963213,-1,-0.002100807148963213,0.011669478568364866,,,,0,-21.00807148963213,0.008167363703250885,-0.012398049235343933,0.002871766686439514,-0.11027773996348064
2024-08-20,fold_7,"Inflation bear, AI rally and 2025",0.00398910790681839,1,0.004653274081647396,1,0.004653274081647396,0.016322752650012262,,,,1,46.53274081647396,0.011725150048732758,-0.007314376067370176,0.00398910790681839,0.2444000893406978
2024-08-21,fold_7,"Inflation bear, AI rally and 2025",0.00034959614276885986,1,-0.01598181575536728,-1,-0.01598181575536728,0.0003409368946449831,,,,0,-159.8181575536728,0.011936374008655548,-0.023379897698760033,0.00034959614276885986,-0.9275646245457356
2024-08-22,fold_7,"Inflation bear, AI rally and 2025",0.0023899152874946594,1,0.010786990635097027,1,0.010786990635097027,0.01112792752974201,,,,1,107.86990635097027,0.014441736042499542,-0.008863111026585102,0.0023899152874946594,0.6191949924164502
2024-08-23,fold_7,"Inflation bear, AI rally and 2025",0.004296470433473587,1,-0.009755691513419151,-1,-0.009755691513419151,0.0013722360163228586,,,,0,-97.55691513419151,0.010787300765514374,-0.007801180239766836,0.004296470433473587,-0.559432470656507
2024-08-26,fold_7,"Inflation bear, AI rally and 2025",0.008593954145908356,1,0.0029828662518411875,1,0.0029828662518411875,0.004355102268164046,,,,1,29.828662518411875,0.007661059498786926,-0.028876792639493942,0.008593954145908356,0.16978265810020524
2024-08-27,fold_7,"Inflation bear, AI rally and 2025",0.0066605135798454285,1,-0.011412248015403748,-1,-0.011412248015403748,-0.0070571457472397014,,,,0,-114.12248015403748,0.004965394735336304,-0.03446156159043312,0.0066605135798454285,-0.659384942491126
2024-08-28,fold_7,"Inflation bear, AI rally and 2025",0.003593944013118744,1,-0.0014650279190391302,-1,-0.0014650279190391302,-0.008522173666278832,,,,0,-14.650279190391302,0.0061802938580513,-0.02211609296500683,0.003593944013118744,-0.0902464387601881
2024-08-29,fold_7,"Inflation bear, AI rally and 2025",0.0034138038754463196,1,0.011848920956254005,1,0.011848920956254005,0.0033267472899751738,,,,1,118.48920956254005,0.004022687673568726,-0.04780372232198715,0.0034138038754463196,0.7752877777932282
2024-08-30,fold_7,"Inflation bear, AI rally and 2025",-0.00048212334513664246,-1,-0.03083130531013012,-1,0.03083130531013012,0.03415805260010529,,,,1,308.3130531013012,-0.0035186707973480225,-0.046875014901161194,-0.00048212334513664246,-2.118767250124786
2024-09-03,fold_7,"Inflation bear, AI rally and 2025",0.008318215608596802,1,-0.0026019022334367037,-1,-0.0026019022334367037,0.03155615036666859,,,,0,-26.019022334367037,-0.007256790995597839,-0.006844343151897192,0.008318215608596802,-0.17808602031578946
2024-09-04,fold_7,"Inflation bear, AI rally and 2025",-0.001467093825340271,-1,0.0009332209010608494,1,-0.0009332209010608494,0.03062292946560774,,,,0,-9.332209010608494,-0.012045659124851227,0.017240503802895546,-0.001467093825340271,0.06450909024050137
2024-09-05,fold_7,"Inflation bear, AI rally and 2025",0.014970384538173676,1,-0.02715265564620495,-1,-0.02715265564620495,0.0034702738194027916,,,,0,-271.5265564620495,-0.019089974462985992,0.026075517758727074,0.014970384538173676,-1.9038919504433214
2024-09-06,fold_7,"Inflation bear, AI rally and 2025",0.012471511960029602,1,0.012777626514434814,1,0.012777626514434814,0.016247900333837606,,,,1,127.77626514434814,-0.02798043191432953,0.05769813060760498,0.012471511960029602,0.9153524726053623
2024-09-09,fold_7,"Inflation bear, AI rally and 2025",0.0021945536136627197,1,0.009199365973472595,1,0.009199365973472595,0.0254472663073102,,,,1,91.99365973472595,-0.01413767784833908,0.040492791682481766,0.0021945536136627197,0.6477990684838638
2024-09-10,fold_7,"Inflation bear, AI rally and 2025",0.003826059401035309,1,0.02148294448852539,1,0.02148294448852539,0.04693021079583559,,,,1,214.8294448852539,-0.007989801466464996,0.03182163089513779,0.003826059401035309,1.4979981112463576
2024-09-11,fold_7,"Inflation bear, AI rally and 2025",-0.002033960074186325,-1,0.009768233634531498,1,-0.009768233634531498,0.037161977161304094,,,,0,-97.68233634531498,-0.011006191372871399,0.005999751389026642,-0.002033960074186325,0.6929635978910342
2024-09-12,fold_7,"Inflation bear, AI rally and 2025",-0.0020341575145721436,-1,0.004469958133995533,1,-0.004469958133995533,0.03269201902730856,,,,0,-44.69958133995533,-0.01504623144865036,0.02120135724544525,-0.0020341575145721436,0.31336561528243373
2024-09-13,fold_7,"Inflation bear, AI rally and 2025",0.00012414157390594482,1,-0.004427712876349688,-1,-0.004427712876349688,0.028264306150958873,,,,0,-44.277128763496876,-0.008596159517765045,0.014826271682977676,0.00012414157390594482,-0.3362951999478053
2024-09-16,fold_7,"Inflation bear, AI rally and 2025",0.0005077682435512543,1,0.0005282060010358691,1,0.0005282060010358691,0.028792512151994742,,,,1,5.282060010358691,-0.004623331129550934,0.021901145577430725,0.0005077682435512543,0.04001501336320814
2024-09-17,fold_7,"Inflation bear, AI rally and 2025",-0.0003405176103115082,-1,-0.0043389336206018925,-1,0.0043389336206018925,0.033131445772596635,,,,1,43.389336206018925,-0.00029697269201278687,0.026184871792793274,-0.0003405176103115082,-0.33702704962507524
2024-09-18,fold_7,"Inflation bear, AI rally and 2025",-0.0028714165091514587,-1,0.024969838559627533,1,-0.024969838559627533,0.008161607212969102,,,,0,-249.69838559627533,0.0048252493143081665,0.031450558453798294,-0.0028714165091514587,1.9353316350330982
2024-09-19,fold_7,"Inflation bear, AI rally and 2025",-0.001532483845949173,-1,-0.001905126846395433,-1,0.001905126846395433,0.010066734059364535,,,,1,19.05126846395433,0.00915854424238205,0.013965615071356297,-0.001532483845949173,-0.13588783905280025
2024-09-20,fold_7,"Inflation bear, AI rally and 2025",-0.00973978266119957,-1,0.00264716031961143,1,-0.00264716031961143,0.007419573739753105,,,,0,-26.4716031961143,0.007892191410064697,0.010298335924744606,-0.00973978266119957,0.19516890485055438
2024-09-23,fold_7,"Inflation bear, AI rally and 2025",-0.0018458031117916107,-1,0.004811933264136314,1,-0.004811933264136314,0.0026076404756167904,,,,0,-48.119332641363144,0.003074727952480316,0.010359362699091434,-0.0018458031117916107,0.3601650575373757
2024-09-24,fold_7,"Inflation bear, AI rally and 2025",0.0041776299476623535,1,0.000926753506064415,1,0.000926753506064415,0.0035343939816812053,,,,1,9.26753506064415,0.011833198368549347,-0.00848300475627184,0.0041776299476623535,0.07007636915393543
2024-09-25,fold_7,"Inflation bear, AI rally and 2025",0.0071566179394721985,1,0.007484894711524248,1,0.007484894711524248,0.011019288693205453,,,,1,74.84894711524248,0.009402565658092499,-0.0079979058355093,0.0071566179394721985,0.5666209948426726
2024-09-26,fold_7,"Inflation bear, AI rally and 2025",0.003751792013645172,1,-0.005572405643761158,-1,-0.005572405643761158,0.0054468830494442955,,,,0,-55.72405643761158,0.013734236359596252,-0.01623002626001835,0.003751792013645172,-0.42640010528638966
2024-09-27,fold_7,"Inflation bear, AI rally and 2025",0.0032103098928928375,1,0.002708186861127615,1,0.002708186861127615,0.00815506991057191,,,,1,27.08186861127615,0.008758783340454102,0.0011703327763825655,0.0032103098928928375,0.20635895787142886
2024-09-30,fold_7,"Inflation bear, AI rally and 2025",0.0015817135572433472,1,-0.01403043419122696,-1,-0.01403043419122696,-0.005875364280655049,,,,0,-140.3043419122696,-0.00039745867252349854,-0.01230729091912508,0.0015817135572433472,-1.0903610458416224
2024-10-01,fold_7,"Inflation bear, AI rally and 2025",0.007559925317764282,1,0.0014118520775809884,1,0.0014118520775809884,-0.00446351220307406,,,,1,14.118520775809884,-0.005465753376483917,0.01654731296002865,0.007559925317764282,0.12484405696456018
2024-10-02,fold_7,"Inflation bear, AI rally and 2025",0.002059895545244217,1,-0.0007472253055311739,-1,-0.0007472253055311739,-0.005210737508605234,,,,0,-7.4722530553117394,-0.0005006641149520874,0.022973094135522842,0.002059895545244217,-0.06613572954546378
2024-10-03,fold_7,"Inflation bear, AI rally and 2025",0.003219030797481537,1,0.011827953159809113,1,0.011827953159809113,0.006617215651203878,,,,1,118.27953159809113,-0.004305161535739899,0.022584062069654465,0.003219030797481537,1.0469375004229724
2024-10-04,fold_7,"Inflation bear, AI rally and 2025",-0.0006010048091411591,-1,-0.010769437067210674,-1,0.010769437067210674,0.017386652718414553,,,,1,107.69437067210674,-0.007604144513607025,0.012317989021539688,-0.0006010048091411591,-1.0891617760661183
2024-10-07,fold_7,"Inflation bear, AI rally and 2025",-0.008808441460132599,-1,0.014824170619249344,1,-0.014824170619249344,0.0025624820991652086,,,,0,-148.24170619249344,-0.00493062287569046,0.03144397586584091,-0.008808441460132599,1.5176988523165102
2024-10-08,fold_7,"Inflation bear, AI rally and 2025",-0.0012415200471878052,-1,0.007837631739675999,1,-0.007837631739675999,-0.00527514964051079,,,,0,-78.37631739675999,-0.006293885409832001,0.0031628955621272326,-0.0012415200471878052,0.7754292898477891
2024-10-09,fold_7,"Inflation bear, AI rally and 2025",-0.013434000313282013,-1,-0.0011362562654539943,-1,0.0011362562654539943,-0.004138893375056796,,,,1,11.362562654539943,-0.0007518604397773743,-0.004552541300654411,-0.013434000313282013,-0.1253588476074635
2024-10-10,fold_7,"Inflation bear, AI rally and 2025",-0.013905640691518784,-1,0.001561879413202405,1,-0.001561879413202405,-0.005700772788259201,,,,0,-15.61879413202405,0.0018632188439369202,-0.0027240037452429533,-0.013905640691518784,0.17747454318489056
2024-10-11,fold_7,"Inflation bear, AI rally and 2025",-0.006990350782871246,-1,0.008356551639735699,1,-0.008356551639735699,-0.0140573244279949,,,,0,-83.56551639735699,0.00014581531286239624,0.002247402211651206,-0.006990350782871246,0.9549677424647902
2024-10-14,fold_7,"Inflation bear, AI rally and 2025",-0.012391161173582077,-1,-0.013456911779940128,-1,0.013456911779940128,-0.0006004126480547711,,,,1,134.56911779940128,-0.002141885459423065,-0.004189664032310247,-0.012391161173582077,-1.5132110812818254
2024-10-15,fold_7,"Inflation bear, AI rally and 2025",-0.00512419268488884,-1,0.0001221949642058462,1,-0.0001221949642058462,-0.0007226076122606173,,,,0,-1.221949642058462,0.004883185029029846,0.010356641374528408,-0.00512419268488884,0.013016782504661328
2024-10-16,fold_7,"Inflation bear, AI rally and 2025",-0.004567496478557587,-1,0.0006922814645804465,1,-0.0006922814645804465,-0.0014148890768410638,,,,0,-6.922814645804465,0.0010482743382453918,-0.005208073649555445,-0.004567496478557587,0.07414180294465159
2024-10-17,fold_7,"Inflation bear, AI rally and 2025",-0.009842202067375183,-1,0.006533285602927208,1,-0.006533285602927208,-0.007948174679768272,,,,0,-65.33285602927208,0.005953349173069,0.002175822388380766,-0.009842202067375183,0.8727836942491176
2024-10-18,fold_7,"Inflation bear, AI rally and 2025",0.00038214027881622314,1,0.0019194857450202107,1,0.0019194857450202107,-0.006028688934748061,,,,1,19.194857450202107,0.024415098130702972,0.0017176733817905188,0.00038214027881622314,0.2520701414263569
2024-10-21,fold_7,"Inflation bear, AI rally and 2025",-0.0025164708495140076,-1,0.0010893935104832053,1,-0.0010893935104832053,-0.007118082445231266,,,,0,-10.893935104832053,0.012458808720111847,-4.0421302401227877e-05,-0.0025164708495140076,0.1432664185763382
2024-10-22,fold_7,"Inflation bear, AI rally and 2025",0.009962446987628937,1,-0.015442520380020142,-1,-0.015442520380020142,-0.022560602825251408,,,,0,-154.42520380020142,-0.0002858266234397888,0.008432736620306969,0.009962446987628937,-2.05041872134211
2024-10-23,fold_7,"Inflation bear, AI rally and 2025",-0.003529667854309082,-1,0.008076177909970284,1,-0.008076177909970284,-0.03063678073522169,,,,0,-80.76177909970284,-0.004754103720188141,0.016289012506604195,-0.003529667854309082,0.975069619641989
2024-10-24,fold_7,"Inflation bear, AI rally and 2025",0.021831244230270386,1,0.006075136363506317,1,0.006075136363506317,-0.024561644371715374,,,,1,60.75136363506317,-0.039977654814720154,-0.01735398918390274,0.021831244230270386,0.7310287339358255
2024-10-25,fold_7,"Inflation bear, AI rally and 2025",0.026301056146621704,1,0.00016139104263857007,1,0.00016139104263857007,-0.024400253329076804,,,,1,1.6139104263857007,-0.0532592311501503,-0.016057491302490234,0.026301056146621704,0.019379350634746075
2024-10-28,fold_7,"Inflation bear, AI rally and 2025",0.017412319779396057,1,0.00956255104392767,1,0.00956255104392767,-0.014837702285149135,,,,1,95.6255104392767,-0.05028044432401657,-0.019136182963848114,0.017412319779396057,1.1512792631994628
2024-10-29,fold_7,"Inflation bear, AI rally and 2025",-0.003801412880420685,-1,-0.007586243096739054,-1,0.007586243096739054,-0.007251459188410081,,,,1,75.86243096739054,-0.03230484202504158,-0.016022659838199615,-0.003801412880420685,-0.9503655323814653
2024-10-30,fold_7,"Inflation bear, AI rally and 2025",0.008880488574504852,1,-0.02556682378053665,-1,-0.02556682378053665,-0.03281828296894673,,,,0,-255.66823780536652,-0.020740412175655365,0.018364498391747475,0.008880488574504852,-3.135267415563969
2024-10-31,fold_7,"Inflation bear, AI rally and 2025",0.009063668549060822,1,0.007371632847934961,1,0.007371632847934961,-0.02544665012101177,,,,1,73.71632847934961,-0.004934333264827728,0.05955290049314499,0.009063668549060822,0.7403067553257175
2024-11-01,fold_7,"Inflation bear, AI rally and 2025",0.007208947092294693,1,-0.0029172992799431086,-1,-0.0029172992799431086,-0.02836394940095488,,,,0,-29.172992799431086,-9.668618440628052e-05,0.05334897339344025,0.007208947092294693,-0.29950634869518994
2024-11-04,fold_7,"Inflation bear, AI rally and 2025",0.0011344999074935913,1,0.012676074169576168,1,0.012676074169576168,-0.015687875231378712,,,,1,126.76074169576168,0.01469992846250534,0.055682770907878876,0.0011344999074935913,1.3398945483494553
2024-11-05,fold_7,"Inflation bear, AI rally and 2025",0.0005448870360851288,1,0.026800915598869324,1,0.026800915598869324,0.011113040367490612,,,,1,268.00915598869324,0.013599850237369537,0.04119488596916199,0.0005448870360851288,2.8808626073089583
2024-11-06,fold_7,"Inflation bear, AI rally and 2025",-0.003709927201271057,-1,0.015621576458215714,1,-0.015621576458215714,-0.0045085360907251015,,,,0,-156.21576458215714,-0.007454536855220795,0.01310655102133751,-0.003709927201271057,1.4296840550942842
2024-11-07,fold_7,"Inflation bear, AI rally and 2025",-0.024610456079244614,-1,0.0011677085421979427,1,-0.0011677085421979427,-0.005676244632923044,,,,0,-11.677085421979427,0.0007349178194999695,-0.00948903989046812,-0.024610456079244614,0.10181834569816123
2024-11-08,fold_7,"Inflation bear, AI rally and 2025",-0.0006421655416488647,-1,-0.0005835042102262378,-1,0.0005835042102262378,-0.0050927404226968065,,,,1,5.835042102262378,-0.013797290623188019,-0.034771133214235306,-0.0006421655416488647,-0.05088905969453027
2024-11-11,fold_7,"Inflation bear, AI rally and 2025",-0.0003370717167854309,-1,-0.0018118094885721803,-1,0.0018118094885721803,-0.0032809309341246262,,,,1,18.118094885721803,-0.009913414716720581,-0.02726396732032299,-0.0003370717167854309,-0.16014334393689053
2024-11-12,fold_7,"Inflation bear, AI rally and 2025",-0.00879114493727684,-1,-0.0012874208623543382,-1,0.0012874208623543382,-0.001993510071770288,,,,1,12.874208623543382,-0.0025586485862731934,-0.018596025183796883,-0.00879114493727684,-0.11796369941144873
2024-11-13,fold_7,"Inflation bear, AI rally and 2025",0.002942923456430435,1,-0.006974013987928629,-1,-0.006974013987928629,-0.008967524059698917,,,,0,-69.74013987928629,0.003928162157535553,-0.01788480579853058,0.002942923456430435,-0.6387942340020782
2024-11-14,fold_7,"Inflation bear, AI rally and 2025",-0.002581622451543808,-1,-0.02411438338458538,-1,0.02411438338458538,0.015146859324886464,,,,1,241.1438338458538,-0.00996602326631546,-0.00732002779841423,-0.002581622451543808,-2.1868111876517204
2024-11-15,fold_7,"Inflation bear, AI rally and 2025",0.0007605887949466705,1,0.006923658773303032,1,0.006923658773303032,0.022070518098189496,,,,1,69.23658773303032,0.00863320380449295,0.018397189676761627,0.0007605887949466705,0.5680860031384004
2024-11-18,fold_7,"Inflation bear, AI rally and 2025",0.011125989258289337,1,0.006856133230030537,1,0.006856133230030537,0.028926651328220032,,,,1,68.56133230030537,-0.0011332407593727112,0.01305388379842043,0.011125989258289337,0.558401971919163
2024-11-19,fold_7,"Inflation bear, AI rally and 2025",0.00736023485660553,1,-0.0005762007203884423,-1,-0.0005762007203884423,0.02835045060783159,,,,0,-5.762007203884423,-0.013726800680160522,0.01155262440443039,0.00736023485660553,-0.046576442710721276
2024-11-20,fold_7,"Inflation bear, AI rally and 2025",0.00993412360548973,1,0.0035907637793570757,1,0.0035907637793570757,0.031941214387188666,,,,1,35.90763779357076,-0.02823404222726822,0.0042242552153766155,0.00993412360548973,0.30225052300490235
2024-11-21,fold_7,"Inflation bear, AI rally and 2025",0.00869433581829071,1,0.0016028343234211206,1,0.0016028343234211206,0.033544048710609786,,,,1,16.028343234211206,-0.033506885170936584,0.00938198808580637,0.00869433581829071,0.1361859766994263
2024-11-22,fold_7,"Inflation bear, AI rally and 2025",0.0042021870613098145,1,0.0015803531277924776,1,0.0015803531277924776,0.035124401838402264,,,,1,15.803531277924776,-0.027621746063232422,0.01860809698700905,0.0042021870613098145,0.13511581519797833
2024-11-25,fold_7,"Inflation bear, AI rally and 2025",0.0022124648094177246,1,0.0053548733703792095,1,0.0053548733703792095,0.04047927520878147,,,,1,53.548733703792095,-0.018198080360889435,0.020089376717805862,0.0022124648094177246,0.457620211764222
2024-11-26,fold_7,"Inflation bear, AI rally and 2025",-0.005848590284585953,-1,-0.007904569618403912,-1,0.007904569618403912,0.048383844827185385,,,,1,79.04569618403912,-0.005074307322502136,0.027021605521440506,-0.005848590284585953,-0.6833908702918953
2024-11-27,fold_7,"Inflation bear, AI rally and 2025",-0.004960976541042328,-1,0.008748495951294899,1,-0.008748495951294899,0.039635348875890486,,,,0,-87.48495951294899,0.002504594624042511,0.03215114027261734,-0.004960976541042328,0.7556567176370566
2024-11-29,fold_7,"Inflation bear, AI rally and 2025",-0.0050777047872543335,-1,0.010828942991793156,1,-0.010828942991793156,0.02880640588409733,,,,0,-108.28942991793156,0.01943027973175049,0.03231269493699074,-0.0050777047872543335,1.055899376910174
2024-12-02,fold_7,"Inflation bear, AI rally and 2025",-0.0062966980040073395,-1,0.003061633324250579,1,-0.003061633324250579,0.02574477255984675,,,,0,-30.61633324250579,0.01852470636367798,0.013665560632944107,-0.0062966980040073395,0.29416382393420215
2024-12-03,fold_7,"Inflation bear, AI rally and 2025",0.0011784136295318604,1,0.01228710263967514,1,0.01228710263967514,0.03803187519952189,,,,1,122.8710263967514,0.011220075190067291,0.007190646603703499,0.0011784136295318604,1.180318253081192
2024-12-04,fold_7,"Inflation bear, AI rally and 2025",0.0019198060035705566,1,-0.0027750355657190084,-1,-0.0027750355657190084,0.03525683963380288,,,,0,-27.750355657190084,0.01479727029800415,0.012647631578147411,0.0019198060035705566,-0.2671733985316268
2024-12-05,fold_7,"Inflation bear, AI rally and 2025",-0.0011559352278709412,-1,0.008910051546990871,1,-0.008910051546990871,0.026346788086812012,,,,0,-89.10051546990871,0.003067910671234131,0.008947910740971565,-0.0011559352278709412,1.0474948066388639
2024-12-06,fold_7,"Inflation bear, AI rally and 2025",0.00475701317191124,1,-0.007818191312253475,-1,-0.007818191312253475,0.018528596774558537,,,,0,-78.18191312253475,0.002190731465816498,0.007663036696612835,0.00475701317191124,-0.9763530416449152
2024-12-09,fold_7,"Inflation bear, AI rally and 2025",0.00631839781999588,1,-0.0034132804721593857,-1,-0.0034132804721593857,0.015115316302399151,,,,0,-34.13280472159386,0.0057542771100997925,0.029779212549328804,0.00631839781999588,-0.41666036610704454
2024-12-10,fold_7,"Inflation bear, AI rally and 2025",0.013037316501140594,1,0.017744088545441628,1,0.017744088545441628,0.03285940484784078,,,,1,177.44088545441628,0.011124931275844574,0.028778880834579468,0.013037316501140594,2.1569583437642637
2024-12-11,fold_7,"Inflation bear, AI rally and 2025",0.014254264533519745,1,-0.006474756635725498,-1,-0.006474756635725498,0.02638464821211528,,,,0,-64.74756635725498,0.005973510444164276,-0.025708824396133423,0.014254264533519745,-0.7096169509710132
2024-12-12,fold_7,"Inflation bear, AI rally and 2025",0.01289898157119751,1,0.007625177036970854,1,0.007625177036970854,0.034009825249086134,,,,1,76.25177036970854,0.0025122761726379395,-0.023697493597865105,0.01289898157119751,0.8257751735954242
2024-12-13,fold_7,"Inflation bear, AI rally and 2025",0.00902918353676796,1,0.01429798360913992,1,0.01429798360913992,0.04830780885822605,,,,1,142.9798360913992,0.0066890716552734375,-0.022628068923950195,0.00902918353676796,1.5441146298969766
2024-12-16,fold_7,"Inflation bear, AI rally and 2025",0.010326452553272247,1,-0.004413610324263573,-1,-0.004413610324263573,0.04389419853396248,,,,0,-44.13610324263573,0.0007683858275413513,-0.02723037078976631,0.010326452553272247,-0.5396602766272658
2024-12-17,fold_7,"Inflation bear, AI rally and 2025",0.010131467133760452,1,-0.03674361854791641,-1,-0.03674361854791641,0.007150579986046068,,,,0,-367.4361854791641,0.0031299591064453125,-0.00934807863086462,0.010131467133760452,-4.541270883179465
2024-12-18,fold_7,"Inflation bear, AI rally and 2025",0.01426619291305542,1,-0.004463426768779755,-1,-0.004463426768779755,0.0026871532172663137,,,,0,-44.634267687797546,0.017071612179279327,0.026716021820902824,0.01426619291305542,-0.39053926853043847
2024-12-19,fold_7,"Inflation bear, AI rally and 2025",0.013211280107498169,1,0.00869460217654705,1,0.00869460217654705,0.011381755393813364,,,,1,86.9460217654705,0.016275115311145782,0.017797116190195084,0.013211280107498169,0.7579205871356646
2024-12-20,fold_7,"Inflation bear, AI rally and 2025",0.009929634630680084,1,0.009695682674646378,1,0.009695682674646378,0.021077438068459742,,,,1,96.95682674646378,0.022438935935497284,-0.004286685958504677,0.009929634630680084,0.8352949709807537
2024-12-23,fold_7,"Inflation bear, AI rally and 2025",0.006343543529510498,1,0.013468680903315544,1,0.013468680903315544,0.034546118971775286,,,,1,134.68680903315544,0.00678553432226181,-0.02251328155398369,0.006343543529510498,1.1411439948871818
2024-12-24,fold_7,"Inflation bear, AI rally and 2025",0.00013229995965957642,1,-0.000679517223034054,-1,-0.000679517223034054,0.03386660174874123,,,,0,-6.79517223034054,-0.0040870606899261475,-0.03793996945023537,0.00013229995965957642,-0.05580862951838488
2024-12-26,fold_7,"Inflation bear, AI rally and 2025",-0.0031069181859493256,-1,-0.01338233333081007,-1,0.01338233333081007,0.0472489350795513,,,,1,133.8233333081007,0.0005140975117683411,-0.02102765068411827,-0.0031069181859493256,-1.104355311002339
2024-12-27,fold_7,"Inflation bear, AI rally and 2025",0.001210130751132965,1,-0.013389199040830135,-1,-0.013389199040830135,0.03385973603872117,,,,0,-133.89199040830135,-0.00043373554944992065,0.0037819980643689632,0.001210130751132965,-1.0836190505276386
2024-12-30,fold_7,"Inflation bear, AI rally and 2025",-0.00022347643971443176,-1,-0.008530912920832634,-1,0.008530912920832634,0.0423906489595538,,,,1,85.30912920832634,-0.005602583289146423,-0.0008342231158167124,-0.00022347643971443176,-0.6790967534261981
2024-12-31,fold_7,"Inflation bear, AI rally and 2025",0.00040632113814353943,1,-0.001958006527274847,-1,-0.001958006527274847,0.040432642432278953,,,,0,-19.58006527274847,-0.002468511462211609,0.007871338166296482,0.00040632113814353943,-0.15697591873959477
2025-01-02,fold_7,"Inflation bear, AI rally and 2025",-0.0006505101919174194,-1,0.016232801601290703,1,-0.016232801601290703,0.02419984083098825,,,,0,-162.32801601290703,-0.004862695932388306,-0.005975963082164526,-0.0006505101919174194,1.302564693849145
2025-01-03,fold_7,"Inflation bear, AI rally and 2025",-0.0017677173018455505,-1,0.011427314952015877,1,-0.011427314952015877,0.012772525878972374,,,,0,-114.27314952015877,-0.006832636892795563,-0.025427700951695442,-0.0017677173018455505,0.9007871628095191
2025-01-06,fold_7,"Inflation bear, AI rally and 2025",-0.005837693810462952,-1,-0.01800542138516903,-1,0.01800542138516903,0.030777947264141403,,,,1,180.0542138516903,-0.004542678594589233,-0.037804875522851944,-0.005837693810462952,-1.3929812999224083
2025-01-07,fold_7,"Inflation bear, AI rally and 2025",-0.005707398056983948,-1,0.00017464857955928892,1,-0.00017464857955928892,0.030603298684582114,,,,0,-1.7464857955928892,-0.009948857128620148,0.0029459847137331963,-0.005707398056983948,0.013042302412667819
2025-01-08,fold_7,"Inflation bear, AI rally and 2025",-0.004052259027957916,-1,-0.015805307775735855,-1,0.015805307775735855,0.04640860646031797,,,,1,158.05307775735855,-0.009882107377052307,-0.004259203560650349,-0.004052259027957916,-1.1904829162064468
2025-01-10,fold_7,"Inflation bear, AI rally and 2025",-0.00013320893049240112,-1,-0.0032189367339015007,-1,0.0032189367339015007,0.04962754319421947,,,,1,32.18936733901501,-0.008203580975532532,0.028283799067139626,-0.00013320893049240112,-0.23465888856546038
2025-01-13,fold_7,"Inflation bear, AI rally and 2025",0.0031304508447647095,1,-0.0009498588042333722,-1,-0.0009498588042333722,0.0486776843899861,,,,0,-9.498588042333722,-0.0033861249685287476,0.03735056519508362,0.0031304508447647095,-0.07222777190658458
2025-01-14,fold_7,"Inflation bear, AI rally and 2025",0.0027924254536628723,1,0.022745439782738686,1,0.022745439782738686,0.07142312417272478,,,,1,227.45439782738686,-0.00664907693862915,0.05100506544113159,0.0027924254536628723,1.7399232613692317
2025-01-15,fold_7,"Inflation bear, AI rally and 2025",0.0035447366535663605,1,-0.007030539680272341,-1,-0.007030539680272341,0.06439258449245244,,,,0,-70.30539680272341,-0.006593495607376099,0.030383583158254623,0.0035447366535663605,-0.5049517597581288
2025-01-16,fold_7,"Inflation bear, AI rally and 2025",0.004389427602291107,1,0.016737693920731544,1,0.016737693920731544,0.08113027841318399,,,,1,167.37693920731544,-0.009539388120174408,0.03174690529704094,0.004389427602291107,1.2269209099107852
2025-01-17,fold_7,"Inflation bear, AI rally and 2025",0.004212424159049988,1,0.005847829394042492,1,0.005847829394042492,0.08697810780722648,,,,1,58.47829394042492,-0.014043711125850677,-0.014537647366523743,0.004212424159049988,0.4143973905147078
2025-01-21,fold_7,"Inflation bear, AI rally and 2025",0.00382908433675766,1,0.012704640626907349,1,0.012704640626907349,0.09968274843413383,,,,1,127.04640626907349,-0.012418605387210846,-0.005713867023587227,0.00382908433675766,1.100211193259038
2025-01-22,fold_7,"Inflation bear, AI rally and 2025",0.006683364510536194,1,0.0021239574998617172,1,0.0021239574998617172,0.10180670593399554,,,,1,21.239574998617172,-0.0028987303376197815,-0.02029821276664734,0.006683364510536194,0.1792397771662967
2025-01-23,fold_7,"Inflation bear, AI rally and 2025",0.0024547427892684937,1,-0.005667216144502163,-1,-0.005667216144502163,0.09613948978949338,,,,0,-56.67216144502163,-0.00694478303194046,-0.018168844282627106,0.0024547427892684937,-0.4844238379339672
2025-01-24,fold_7,"Inflation bear, AI rally and 2025",-0.002086654305458069,-1,-0.029546858742833138,-1,0.029546858742833138,0.12568634853232652,,,,1,295.4685874283314,-0.0003318116068840027,-0.013955770991742611,-0.002086654305458069,-2.554659461653467
2025-01-27,fold_7,"Inflation bear, AI rally and 2025",0.00408317893743515,1,0.014671609736979008,1,0.014671609736979008,0.14035795826930553,,,,1,146.71609736979008,0.01059674471616745,0.007555878255516291,0.00408317893743515,1.1307622690069064
2025-01-28,fold_7,"Inflation bear, AI rally and 2025",0.0007185041904449463,1,-0.0018797048833221197,-1,-0.0018797048833221197,0.1384782533859834,,,,0,-18.797048833221197,0.010082177817821503,0.00508470181375742,0.0007185041904449463,-0.14046057405372117
2025-01-29,fold_7,"Inflation bear, AI rally and 2025",0.009359646588563919,1,0.004253325052559376,1,0.004253325052559376,0.14273157843854278,,,,1,42.53325052559376,0.01392635703086853,0.011492137797176838,0.009359646588563919,0.3259162506482828
2025-01-30,fold_7,"Inflation bear, AI rally and 2025",0.01144833117723465,1,-0.0014541425043717027,-1,-0.0014541425043717027,0.14127743593417108,,,,0,-14.541425043717027,0.007924370467662811,0.01244503352791071,0.01144833117723465,-0.11415912596668515
2025-01-31,fold_7,"Inflation bear, AI rally and 2025",0.0067589059472084045,1,-0.008035209029912949,-1,-0.008035209029912949,0.13324222690425813,,,,0,-80.35209029912949,0.0029710158705711365,0.0012055110419169068,0.0067589059472084045,-0.6377956415929221
2025-02-03,fold_7,"Inflation bear, AI rally and 2025",0.011130701750516891,1,0.01220043282955885,1,0.01220043282955885,0.14544265973381698,,,,1,122.0043282955885,-0.009640805423259735,0.021273206919431686,0.011130701750516891,0.9592780334475167
2025-02-04,fold_7,"Inflation bear, AI rally and 2025",0.0037695392966270447,1,0.004527731332927942,1,0.004527731332927942,0.14997039106674492,,,,1,45.27731332927942,-0.011487320065498352,0.006689184810966253,0.0037695392966270447,0.36248105051066565
2025-02-05,fold_7,"Inflation bear, AI rally and 2025",0.012926138937473297,1,0.00520622031763196,1,0.00520622031763196,0.15517661138437688,,,,1,52.0622031763196,-0.023945532739162445,0.0027484078891575336,0.012926138937473297,0.424351776164534
2025-02-06,fold_7,"Inflation bear, AI rally and 2025",-0.002069275826215744,-1,-0.01269366405904293,-1,0.01269366405904293,0.16787027544341981,,,,1,126.9366405904293,-0.04790842533111572,0.011825453490018845,-0.002069275826215744,-1.0898155390432156
2025-02-07,fold_7,"Inflation bear, AI rally and 2025",0.008820563554763794,1,0.012032486498355865,1,0.012032486498355865,0.17990276194177568,,,,1,120.32486498355865,-0.026415161788463593,0.028708897531032562,0.008820563554763794,1.0036834697670374
2025-02-10,fold_7,"Inflation bear, AI rally and 2025",-0.006599847227334976,-1,-0.002383588580414653,-1,0.002383588580414653,0.18228635052219033,,,,1,23.83588580414653,-0.03153504803776741,0.018940920010209084,-0.006599847227334976,-0.20256088020514224
2025-02-11,fold_7,"Inflation bear, AI rally and 2025",0.006512217223644257,1,0.0005869545857422054,1,0.0005869545857422054,0.18287330510793254,,,,1,5.869545857422054,-0.03625519946217537,0.021602557972073555,0.006512217223644257,0.04992246657520241
2025-02-12,fold_7,"Inflation bear, AI rally and 2025",-0.00528210774064064,-1,0.014283265918493271,1,-0.014283265918493271,0.16859003918943927,,,,0,-142.8326591849327,-0.03246357664465904,0.016762059181928635,-0.00528210774064064,1.2149625157575195
2025-02-13,fold_7,"Inflation bear, AI rally and 2025",-0.0017706342041492462,-1,0.004189779050648212,1,-0.004189779050648212,0.16440026013879105,,,,0,-41.897790506482124,-0.019456729292869568,-0.01849435083568096,-0.0017706342041492462,0.3784886720745663
2025-02-14,fold_7,"Inflation bear, AI rally and 2025",-0.005522526800632477,-1,0.002264508744701743,1,-0.002264508744701743,0.1621357513940893,,,,0,-22.64508744701743,-0.014055788516998291,-0.034558553248643875,-0.005522526800632477,0.20591048791693217
2025-02-18,fold_7,"Inflation bear, AI rally and 2025",0.0043195150792598724,1,0.0002780499344225973,1,0.0002780499344225973,0.1624138013285119,,,,1,2.780499344225973,-0.003579549491405487,-0.049502383917570114,0.0043195150792598724,0.02685567236901609
2025-02-19,fold_7,"Inflation bear, AI rally and 2025",0.010236885398626328,1,-0.00425354391336441,-1,-0.00425354391336441,0.1581602574151475,,,,0,-42.535439133644104,-0.005079098045825958,-0.04736772179603577,0.010236885398626328,-0.4141406173823227
2025-02-20,fold_7,"Inflation bear, AI rally and 2025",-0.0011087097227573395,-1,-0.020973144099116325,-1,0.020973144099116325,0.17913340151426382,,,,1,209.73144099116325,0.00187576562166214,-0.07127831876277924,-0.0011087097227573395,-2.115124717352403
2025-02-21,fold_7,"Inflation bear, AI rally and 2025",0.021294131875038147,1,-0.011874424293637276,-1,-0.011874424293637276,0.16725897722062655,,,,0,-118.74424293637276,-0.0010286197066307068,-0.03463706746697426,0.021294131875038147,-1.083570530091159
2025-02-24,fold_7,"Inflation bear, AI rally and 2025",0.0033171549439430237,1,-0.012679321691393852,-1,-0.012679321691393852,0.1545796555292327,,,,0,-126.79321691393852,0.0007274150848388672,-0.04488817974925041,0.0033171549439430237,-1.1316524071712148
2025-02-25,fold_7,"Inflation bear, AI rally and 2025",0.015187010169029236,1,0.002412711502984166,1,0.002412711502984166,0.15699236703221686,,,,1,24.12711502984166,-0.0020662546157836914,-0.035231202840805054,0.015187010169029236,0.2544313760054517
2025-02-26,fold_7,"Inflation bear, AI rally and 2025",0.015793364495038986,1,-0.02816414088010788,-1,-0.02816414088010788,0.12882822615210898,,,,0,-281.6414088010788,0.013870775699615479,-0.02469206415116787,0.015793364495038986,-3.1597074203238327
2025-02-27,fold_7,"Inflation bear, AI rally and 2025",0.01407216489315033,1,0.015668107196688652,1,0.015668107196688652,0.14449633334879763,,,,1,156.68107196688652,0.008211910724639893,-0.02442282810807228,0.01407216489315033,1.436683933453293
2025-02-28,fold_7,"Inflation bear, AI rally and 2025",-0.0012018941342830658,-1,-0.02212553843855858,-1,0.02212553843855858,0.1666218717873562,,,,1,221.25538438558578,0.0010786354541778564,-0.0327642448246479,-0.0012018941342830658,-1.9382641638574425
2025-03-03,fold_7,"Inflation bear, AI rally and 2025",0.0019163265824317932,1,-0.0030223436187952757,-1,-0.0030223436187952757,0.16359952816856094,,,,0,-30.223436187952757,0.007129408419132233,-0.05016609653830528,0.0019163265824317932,-0.2430142505803539
2025-03-04,fold_7,"Inflation bear, AI rally and 2025",0.0043224915862083435,1,0.012951849959790707,1,0.012951849959790707,0.17655137812835164,,,,1,129.51849959790707,0.007906273007392883,-0.04953701049089432,0.0043224915862083435,1.0508624067943906
2025-03-05,fold_7,"Inflation bear, AI rally and 2025",0.002957470715045929,1,-0.02789490483701229,-1,-0.02789490483701229,0.14865647329133935,,,,0,-278.9490483701229,0.005898147821426392,-0.05127124860882759,0.002957470715045929,-2.2562760531011747
2025-03-06,fold_7,"Inflation bear, AI rally and 2025",0.003750622272491455,1,0.007326692808419466,1,0.007326692808419466,0.15598316609975882,,,,1,73.26692808419466,0.010829202830791473,-0.04153061285614967,0.003750622272491455,0.530514293447537
2025-03-07,fold_7,"Inflation bear, AI rally and 2025",0.0029006153345108032,1,-0.039527393877506256,-1,-0.039527393877506256,0.11645577222225256,,,,0,-395.27393877506256,0.009202666580677032,-0.024974392727017403,0.0029006153345108032,-2.8521982387636458
2025-03-10,fold_7,"Inflation bear, AI rally and 2025",0.00493694469332695,1,-0.002393258037045598,-1,-0.002393258037045598,0.11406251418520696,,,,0,-23.93258037045598,0.007428549230098724,0.021015793085098267,0.00493694469332695,-0.14782092154955517
2025-03-11,fold_7,"Inflation bear, AI rally and 2025",0.0029236003756523132,1,0.011217612773180008,1,0.011217612773180008,0.12528012695838697,,,,1,112.17612773180008,0.010254733264446259,0.0062147388234734535,0.0029236003756523132,0.7022379003606621
2025-03-12,fold_7,"Inflation bear, AI rally and 2025",0.0038181059062480927,1,-0.018154267221689224,-1,-0.018154267221689224,0.10712585973669775,,,,0,-181.54267221689224,0.006913855671882629,0.008289692923426628,0.0038181059062480927,-1.1233351275181127
2025-03-13,fold_7,"Inflation bear, AI rally and 2025",0.0040544793009757996,1,0.0238829106092453,1,0.0238829106092453,0.13100877034594305,,,,1,238.829106092453,0.00860779732465744,0.023048678413033485,0.0040544793009757996,1.433327728065527
2025-03-14,fold_7,"Inflation bear, AI rally and 2025",0.0026633068919181824,1,0.006462794728577137,1,0.006462794728577137,0.13747156507452019,,,,1,64.62794728577137,0.004236198961734772,0.002457075286656618,0.0026633068919181824,0.3756676896084284
2025-03-17,fold_7,"Inflation bear, AI rally and 2025",0.003598775714635849,1,-0.017194312065839767,-1,-0.017194312065839767,0.12027725300868042,,,,0,-171.94312065839767,0.003850199282169342,0.017701327800750732,0.003598775714635849,-0.997428633637089
2025-03-18,fold_7,"Inflation bear, AI rally and 2025",0.002582460641860962,1,0.013292566873133183,1,0.013292566873133183,0.1335698198818136,,,,1,132.92566873133183,0.004298277199268341,0.040585990995168686,0.002582460641860962,0.7529097085664618
2025-03-19,fold_7,"Inflation bear, AI rally and 2025",0.002842351794242859,1,-0.0033952805679291487,-1,-0.0033952805679291487,0.13017453931388445,,,,0,-33.95280567929149,0.0015654340386390686,0.00872135628014803,0.002842351794242859,-0.189645777621097
2025-03-20,fold_7,"Inflation bear, AI rally and 2025",0.0017091557383537292,1,0.0032913063187152147,1,0.0032913063187152147,0.13346584563259967,,,,1,32.91306318715215,0.0017921552062034607,0.006402337457984686,0.0017091557383537292,0.18393242786491146
2025-03-21,fold_7,"Inflation bear, AI rally and 2025",0.001404009759426117,1,0.021707046777009964,1,0.021707046777009964,0.15517289240960963,,,,1,217.07046777009964,0.004272140562534332,-0.023569578304886818,0.001404009759426117,1.2558823168990274
2025-03-24,fold_7,"Inflation bear, AI rally and 2025",0.0013103783130645752,1,0.005690351594239473,1,0.005690351594239473,0.1608632440038491,,,,1,56.90351594239473,0.003100946545600891,-0.04531926289200783,0.0013103783130645752,0.32048442258407656
2025-03-25,fold_7,"Inflation bear, AI rally and 2025",0.0023707523941993713,1,-0.018572067841887474,-1,-0.018572067841887474,0.14229117616196163,,,,0,-185.72067841887474,0.007497631013393402,-0.04298087954521179,0.0023707523941993713,-1.0568059807657881
2025-03-26,fold_7,"Inflation bear, AI rally and 2025",0.004289243370294571,1,-0.005714299622923136,-1,-0.005714299622923136,0.1365768765390385,,,,0,-57.14299622923136,0.0068768784403800964,-0.017136819660663605,0.004289243370294571,-0.3165865709902819
2025-03-27,fold_7,"Inflation bear, AI rally and 2025",0.004687707871198654,1,-0.026680609211325645,-1,-0.026680609211325645,0.10989626732771285,,,,0,-266.80609211325645,0.008948355913162231,-0.06644228845834732,0.004687707871198654,-1.5728139846911706
2025-03-28,fold_7,"Inflation bear, AI rally and 2025",0.005845535546541214,1,-4.263700975570828e-05,-1,-4.263700975570828e-05,0.10985363031795714,,,,0,-0.4263700975570828,0.014315612614154816,-0.10388310998678207,0.005845535546541214,-0.002417402521640605
2025-03-31,fold_7,"Inflation bear, AI rally and 2025",0.007374744862318039,1,0.008028735406696796,1,0.008028735406696796,0.11788236572465394,,,,1,80.28735406696796,0.00791623443365097,-0.10143010318279266,0.007374744862318039,0.4742472209972108
2025-04-01,fold_7,"Inflation bear, AI rally and 2025",0.005601473152637482,1,0.007271991111338139,1,0.007271991111338139,0.12515435683599208,,,,1,72.71991111338139,0.0056534335017204285,-0.12763145565986633,0.005601473152637482,0.42748922377433163
2025-04-02,fold_7,"Inflation bear, AI rally and 2025",0.006060607731342316,1,-0.055019769817590714,-1,-0.055019769817590714,0.07013458701840136,,,,0,-550.1976981759071,0.005660414695739746,-0.021547358483076096,0.006060607731342316,-3.2669603826950797
2025-04-03,fold_7,"Inflation bear, AI rally and 2025",0.0075852759182453156,1,-0.06412143260240555,-1,-0.06412143260240555,0.006013154415995814,,,,0,-641.2143260240555,0.011973895132541656,-0.009990752674639225,0.0075852759182453156,-3.2218939204937738
2025-04-04,fold_7,"Inflation bear, AI rally and 2025",0.004883121699094772,1,0.0024103696923702955,1,0.0024103696923702955,0.00842352410836611,,,,1,24.103696923702955,0.014558486640453339,0.07238619029521942,0.004883121699094772,0.09848710582561052
2025-04-07,fold_7,"Inflation bear, AI rally and 2025",0.006705775856971741,1,-0.01817261427640915,-1,-0.01817261427640915,-0.00974909016804304,,,,0,-181.7261427640915,0.01966274529695511,0.0767311081290245,0.006705775856971741,-0.796046233471477
2025-04-08,fold_7,"Inflation bear, AI rally and 2025",0.006829962134361267,1,0.1133560836315155,1,0.1133560836315155,0.10360699346347246,,,,1,1133.560836315155,0.02061937004327774,0.09601788967847824,0.006829962134361267,4.889990120928103
2025-04-09,fold_7,"Inflation bear, AI rally and 2025",0.0054483115673065186,1,-0.04346316307783127,-1,-0.04346316307783127,0.060143830385641195,,,,0,-434.6316307783127,0.014057941734790802,-0.0479557141661644,0.0054483115673065186,-1.2687291452129743
2025-04-10,fold_7,"Inflation bear, AI rally and 2025",0.006174027919769287,1,0.01825551502406597,1,0.01825551502406597,0.07839934540970717,,,,1,182.5551502406597,0.009900897741317749,-0.004672687966376543,0.006174027919769287,0.5160277596305618
2025-04-11,fold_7,"Inflation bear, AI rally and 2025",0.005546197295188904,1,0.006755282171070576,1,0.006755282171070576,0.08515462758077774,,,,1,67.55282171070576,0.008521385490894318,-0.04798625782132149,0.005546197295188904,0.19186220783259403
2025-04-14,fold_7,"Inflation bear, AI rally and 2025",0.00589270144701004,1,0.0011141699505969882,1,0.0011141699505969882,0.08626879753137473,,,,1,11.141699505969882,0.004921041429042816,-0.028828177601099014,0.00589270144701004,0.0316419716434806
2025-04-15,fold_7,"Inflation bear, AI rally and 2025",0.0027403943240642548,1,-0.030617518350481987,-1,-0.030617518350481987,0.05565127918089274,,,,0,-306.17518350481987,0.005401350557804108,-0.007517511025071144,0.0027403943240642548,-0.8747330783313502
2025-04-16,fold_7,"Inflation bear, AI rally and 2025",0.0030726678669452667,1,-0.00018013635417446494,-1,-0.00018013635417446494,0.05547114282671828,,,,0,-1.8013635417446494,0.0036620423197746277,0.05084860697388649,0.0030726678669452667,-0.005068363389150477
2025-04-17,fold_7,"Inflation bear, AI rally and 2025",0.0033072829246520996,1,-0.02505805715918541,-1,-0.02505805715918541,0.03041308566753287,,,,0,-250.5805715918541,0.002936646342277527,0.06211496889591217,0.0033072829246520996,-0.7052004373844853
2025-04-21,fold_7,"Inflation bear, AI rally and 2025",0.0034769773483276367,1,0.025913363322615623,1,0.025913363322615623,0.05632644899014849,,,,1,259.13363322615623,0.0017206370830535889,0.08685559034347534,0.0034769773483276367,0.720520723984611
2025-04-22,fold_7,"Inflation bear, AI rally and 2025",0.005702182650566101,1,0.022424837574362755,1,0.022424837574362755,0.07875128656451125,,,,1,224.24837574362755,-0.0011942535638809204,0.06752496212720871,0.005702182650566101,0.6211222406699431
2025-04-23,fold_7,"Inflation bear, AI rally and 2025",0.005160722881555557,1,0.027748601511120796,1,0.027748601511120796,0.10649988807563204,,,,1,277.48601511120796,-0.005167059600353241,0.04497391730546951,0.005160722881555557,0.7617366307611424
2025-04-24,fold_7,"Inflation bear, AI rally and 2025",0.004905033856630325,1,0.01108622271567583,1,0.01108622271567583,0.11758611079130787,,,,1,110.86222715675831,-0.005383409559726715,0.03020145744085312,0.004905033856630325,0.30192364164997343
2025-04-25,fold_7,"Inflation bear, AI rally and 2025",0.0045244768261909485,1,-0.00031743646832183003,-1,-0.00031743646832183003,0.11726867432298604,,,,0,-3.1743646832183003,-0.007817409932613373,0.03385004773736,0.0045244768261909485,-0.008630674926025761
2025-04-28,fold_7,"Inflation bear, AI rally and 2025",0.00516742467880249,1,0.0065827397629618645,1,0.0065827397629618645,0.12385141408594791,,,,1,65.82739762961864,-0.007473565638065338,0.028217311948537827,0.00516742467880249,0.18137760637662514
2025-04-29,fold_7,"Inflation bear, AI rally and 2025",0.007135193794965744,1,-0.00012620817869901657,-1,-0.00012620817869901657,0.12372520590724889,,,,0,-1.2620817869901657,-0.006563849747180939,0.012289345264434814,0.007135193794965744,-0.0034746220771629953
2025-04-30,fold_7,"Inflation bear, AI rally and 2025",0.006681937724351883,1,0.012976137921214104,1,0.012976137921214104,0.136701343828463,,,,1,129.76137921214104,-0.004227295517921448,0.01633375883102417,0.006681937724351883,0.35768155522795286
2025-05-01,fold_7,"Inflation bear, AI rally and 2025",0.0062482841312885284,1,0.014734814874827862,1,0.014734814874827862,0.15143615870329086,,,,1,147.34814874827862,-0.009371049702167511,0.013629618100821972,0.0062482841312885284,0.40527054453153283
2025-05-02,fold_7,"Inflation bear, AI rally and 2025",0.006408844143152237,1,-0.005950172431766987,-1,-0.005950172431766987,0.14548598627152387,,,,0,-59.50172431766987,-0.009676933288574219,-0.0017607435584068298,0.006408844143152237,-0.17311363003944677
2025-05-05,fold_7,"Inflation bear, AI rally and 2025",0.006631691008806229,1,-0.009345225989818573,-1,-0.009345225989818573,0.1361407602817053,,,,0,-93.45225989818573,-0.006853707134723663,0.0441216379404068,0.006631691008806229,-0.29888984103191907
2025-05-06,fold_7,"Inflation bear, AI rally and 2025",0.006531421095132828,1,0.003918205387890339,1,0.003918205387890339,0.14005896566959564,,,,1,39.18205387890339,-0.005991414189338684,0.06859263777732849,0.006531421095132828,0.1250561344734105
2025-05-07,fold_7,"Inflation bear, AI rally and 2025",0.006391976028680801,1,0.010271997191011906,1,0.010271997191011906,0.15033096286060754,,,,1,102.71997191011906,-0.011623673141002655,0.07064971327781677,0.006391976028680801,0.3305092844591725
2025-05-08,fold_7,"Inflation bear, AI rally and 2025",0.008375372737646103,1,-0.00065554742468521,-1,-0.00065554742468521,0.14967541543592233,,,,0,-6.5554742468521,-0.013943560421466827,0.06147606670856476,0.008375372737646103,-0.036156972066067466
2025-05-09,fold_7,"Inflation bear, AI rally and 2025",0.0036532916128635406,1,0.03993220627307892,1,0.03993220627307892,0.18960762170900125,,,,1,399.3220627307892,-0.018168240785598755,0.06647443026304245,0.0036532916128635406,2.6088471223946046
2025-05-12,fold_7,"Inflation bear, AI rally and 2025",0.0009427554905414581,1,0.01512577198445797,1,0.01512577198445797,0.20473339369345922,,,,1,151.2577198445797,-0.018599286675453186,0.027500687167048454,0.0009427554905414581,0.8771644078400747
2025-05-13,fold_7,"Inflation bear, AI rally and 2025",0.0023733600974082947,1,0.005975283216685057,1,0.005975283216685057,0.21070867691014428,,,,1,59.75283216685057,-0.020120032131671906,0.009036059491336346,0.0023733600974082947,0.34129920720393586
2025-05-14,fold_7,"Inflation bear, AI rally and 2025",0.000975143164396286,1,0.0010983524844050407,1,0.0010983524844050407,0.21180702939454932,,,,1,10.983524844050407,-0.011218145489692688,-0.010933410376310349,0.000975143164396286,0.06256064208819194
2025-05-15,fold_7,"Inflation bear, AI rally and 2025",0.005018953233957291,1,0.004342813044786453,1,0.004342813044786453,0.21614984243933577,,,,1,43.42813044786453,-0.006748951971530914,-0.010162297636270523,0.005018953233957291,0.26859577139762664
2025-05-16,fold_7,"Inflation bear, AI rally and 2025",0.002620793879032135,1,0.0009584668441675603,1,0.0009584668441675603,0.21710830928350333,,,,1,9.584668441675603,0.0030462369322776794,-0.023808997124433517,0.002620793879032135,0.059173135968984825
2025-05-19,fold_7,"Inflation bear, AI rally and 2025",0.002552654594182968,1,-0.00333885638974607,-1,-0.00333885638974607,0.21376945289375726,,,,0,-33.3885638974607,0.0033684968948364258,-0.0015147612430155277,0.002552654594182968,-0.21967344676553358
2025-05-20,fold_7,"Inflation bear, AI rally and 2025",0.002926662564277649,1,-0.01399418618530035,-1,-0.01399418618530035,0.1997752667084569,,,,0,-139.9418618530035,0.0038930103182792664,-0.002617579186335206,0.002926662564277649,-0.9945301163410145
2025-05-21,fold_7,"Inflation bear, AI rally and 2025",0.004393450915813446,1,0.0018694656901061535,1,0.0018694656901061535,0.20164473239856306,,,,1,18.694656901061535,0.01146213710308075,0.013340315781533718,0.004393450915813446,0.13832889935319634
2025-05-22,fold_7,"Inflation bear, AI rally and 2025",0.00455208495259285,1,-0.009303887374699116,-1,-0.009303887374699116,0.19234084502386395,,,,0,-93.03887374699116,0.006291627883911133,0.009892607107758522,0.00455208495259285,-0.774461020632546
2025-05-23,fold_7,"Inflation bear, AI rally and 2025",0.007228091359138489,1,0.0232527032494545,1,0.0232527032494545,0.21559354827331845,,,,1,232.52703249454498,0.004387132823467255,0.027063505724072456,0.007228091359138489,1.9478699600537477
2025-05-27,fold_7,"Inflation bear, AI rally and 2025",0.005491357296705246,1,-0.004441674333065748,-1,-0.004441674333065748,0.2111518739402527,,,,0,-44.41674333065748,-0.002678714692592621,0.011597446165978909,0.005491357296705246,-0.34112939391963787
2025-05-28,fold_7,"Inflation bear, AI rally and 2025",0.003478802740573883,1,0.0019637085497379303,1,0.0019637085497379303,0.21311558248999063,,,,1,19.637085497379303,-0.006272539496421814,0.018823090940713882,0.003478802740573883,0.15134440968446183
2025-05-29,fold_7,"Inflation bear, AI rally and 2025",0.005032435059547424,1,-0.0015782431000843644,-1,-0.0015782431000843644,0.21153733938990626,,,,0,-15.782431000843644,-0.014482326805591583,0.009304034523665905,0.005032435059547424,-0.12156701262634625
2025-05-30,fold_7,"Inflation bear, AI rally and 2025",0.019835732877254486,1,0.007867010310292244,1,0.007867010310292244,0.2194043497001985,,,,1,78.67010310292244,-0.02395101636648178,0.02061014249920845,0.019835732877254486,0.62145509353276
2025-06-02,fold_7,"Inflation bear, AI rally and 2025",0.0029091686010360718,1,0.007786644622683525,1,0.007786644622683525,0.22719099432288203,,,,1,77.86644622683525,-0.037534721195697784,0.014214090071618557,0.0029091686010360718,0.630565866011398
2025-06-03,fold_7,"Inflation bear, AI rally and 2025",0.0037468336522579193,1,0.0027839706744998693,1,0.0027839706744998693,0.2299749649973819,,,,1,27.839706744998693,-0.026040881872177124,0.013019595295190811,0.0037468336522579193,0.22452047709836354
2025-06-04,fold_7,"Inflation bear, AI rally and 2025",-0.009277142584323883,-1,-0.0075553483329713345,-1,0.0075553483329713345,0.23753031333035324,,,,1,75.55348332971334,-0.027615167200565338,0.006860374938696623,-0.009277142584323883,-0.617361654631516
2025-06-05,fold_7,"Inflation bear, AI rally and 2025",-0.007104001939296722,-1,0.009727864526212215,1,-0.009727864526212215,0.22780244880414102,,,,0,-97.27864526212215,-0.012490905821323395,0.01676086150109768,-0.007104001939296722,0.7894022209341992
2025-06-06,fold_7,"Inflation bear, AI rally and 2025",0.010813120752573013,1,0.001470958348363638,1,0.001470958348363638,0.22927340715250466,,,,1,14.70958348363638,-0.007793068885803223,-0.00560140423476696,0.010813120752573013,0.11958058444466334
2025-06-09,fold_7,"Inflation bear, AI rally and 2025",0.0025184862315654755,1,0.006592150311917067,1,0.006592150311917067,0.23586555746442173,,,,1,65.92150311917067,-0.013424478471279144,0.0067417314276099205,0.0025184862315654755,0.5357510440066177
2025-06-10,fold_7,"Inflation bear, AI rally and 2025",0.009670991450548172,1,-0.003375249681994319,-1,-0.003375249681994319,0.2324903077824274,,,,0,-33.75249681994319,-0.011736266314983368,-0.009649480693042278,0.009670991450548172,-0.3927775601112056
2025-06-11,fold_7,"Inflation bear, AI rally and 2025",0.0017450936138629913,1,0.002345137996599078,1,0.002345137996599078,0.23483544577902649,,,,1,23.451379965990782,-0.016276933252811432,-0.0064444150775671005,0.0017450936138629913,0.2955188983284086
2025-06-12,fold_7,"Inflation bear, AI rally and 2025",0.010670740157365799,1,-0.012634401209652424,-1,-0.012634401209652424,0.22220104456937406,,,,0,-126.34401209652424,-0.011692620813846588,-0.012881052680313587,0.010670740157365799,-1.6115450914958678
2025-06-13,fold_7,"Inflation bear, AI rally and 2025",0.008315790444612503,1,0.013814094476401806,1,0.013814094476401806,0.23601513904577587,,,,1,138.14094476401806,-0.015620067715644836,0.009983260184526443,0.008315790444612503,1.658394163013713
2025-06-16,fold_7,"Inflation bear, AI rally and 2025",0.0047038644552230835,1,-0.00979906227439642,-1,-0.00979906227439642,0.22621607677137945,,,,0,-97.9906227439642,-0.012395881116390228,0.011345419101417065,0.0047038644552230835,-1.109638710114522
2025-06-17,fold_7,"Inflation bear, AI rally and 2025",0.004181712865829468,1,-0.00017018403741531074,-1,-0.00017018403741531074,0.22604589273396414,,,,0,-1.7018403741531074,-0.009746067225933075,0.02369767054915428,0.004181712865829468,-0.018709541966715384
2025-06-18,fold_7,"Inflation bear, AI rally and 2025",0.009421467781066895,1,-0.004091499838978052,-1,-0.004091499838978052,0.22195439289498609,,,,0,-40.91499838978052,-0.02203930914402008,0.03317466005682945,0.009421467781066895,-0.45132657086905426
2025-06-20,fold_7,"Inflation bear, AI rally and 2025",0.004032876342535019,1,0.010229912586510181,1,0.010229912586510181,0.23218430548149627,,,,1,102.29912586510181,-0.03266993537545204,0.04068398103117943,0.004032876342535019,1.1954519155541303
2025-06-23,fold_7,"Inflation bear, AI rally and 2025",0.009861961007118225,1,0.015176253393292427,1,0.015176253393292427,0.2473605588747887,,,,1,151.76253393292427,-0.04361695796251297,0.03691010922193527,0.009861961007118225,1.7152282168837871
2025-06-24,fold_7,"Inflation bear, AI rally and 2025",-0.007087215781211853,-1,0.002553190104663372,1,-0.002553190104663372,0.24480736877012532,,,,0,-25.53190104663372,-0.01383989304304123,0.01326880045235157,-0.007087215781211853,0.2761633476020483
2025-06-25,fold_7,"Inflation bear, AI rally and 2025",0.02783873677253723,1,0.009306803345680237,1,0.009306803345680237,0.25411417211580556,,,,1,93.06803345680237,-0.004474364221096039,0.0176568441092968,0.02783873677253723,1.2140570495435146
2025-06-26,fold_7,"Inflation bear, AI rally and 2025",0.008237890899181366,1,0.0034178236965090036,1,0.0034178236965090036,0.25753199581231456,,,,1,34.178236965090036,0.013175010681152344,0.018142199143767357,0.008237890899181366,0.4336796183005765
2025-06-27,fold_7,"Inflation bear, AI rally and 2025",0.008817486464977264,1,0.006456038448959589,1,0.006456038448959589,0.26398803426127415,,,,1,64.56038448959589,0.017968371510505676,0.007162868976593018,0.008817486464977264,0.8166233479195625
2025-06-30,fold_7,"Inflation bear, AI rally and 2025",-0.005872443318367004,-1,-0.008465055376291275,-1,0.008465055376291275,0.2724530896375654,,,,1,84.65055376291275,0.005100898444652557,0.0012683197855949402,-0.005872443318367004,-1.0543437575637744
2025-07-01,fold_7,"Inflation bear, AI rally and 2025",0.005147136747837067,1,0.006941234227269888,1,0.006941234227269888,0.2793943238648353,,,,1,69.41234227269888,-0.000929512083530426,0.016787249594926834,0.005147136747837067,0.8612915520447721
2025-07-02,fold_7,"Inflation bear, AI rally and 2025",0.0005289353430271149,1,0.009792158380150795,1,0.009792158380150795,0.2891864822449861,,,,1,97.92158380150795,-0.00463094562292099,0.00840685609728098,0.0005289353430271149,1.2209093004921368
2025-07-03,fold_7,"Inflation bear, AI rally and 2025",0.006938919425010681,1,-0.007561507169157267,-1,-0.007561507169157267,0.28162497507582884,,,,0,-75.61507169157267,-0.005400955677032471,-0.003638129448518157,0.006938919425010681,-0.912062731944434
2025-07-07,fold_7,"Inflation bear, AI rally and 2025",0.0013933777809143066,1,0.0005614891997538507,1,0.0005614891997538507,0.2821864642755827,,,,1,5.614891997538507,-0.0015882030129432678,0.007543554063886404,0.0013933777809143066,0.06772407021490523
2025-07-08,fold_7,"Inflation bear, AI rally and 2025",0.0014019384980201721,1,0.007053874898701906,1,0.007053874898701906,0.2892403391742846,,,,1,70.53874898701906,0.0014988631010055542,0.007898572832345963,0.0014019384980201721,0.8815816587750563
2025-07-09,fold_7,"Inflation bear, AI rally and 2025",0.005048990249633789,1,-0.0014391591539606452,-1,-0.0014391591539606452,0.28780118002032395,,,,0,-14.391591539606452,0.001811683177947998,0.0018679917557165027,0.005048990249633789,-0.17661141588879875
2025-07-10,fold_7,"Inflation bear, AI rally and 2025",0.0030298084020614624,1,-0.0022528269328176975,-1,-0.0022528269328176975,0.28554835308750626,,,,0,-22.528269328176975,-0.001135401427745819,0.011367371305823326,0.0030298084020614624,-0.2808745383451295
2025-07-11,fold_7,"Inflation bear, AI rally and 2025",0.0035545825958251953,1,0.003620176576077938,1,0.003620176576077938,0.2891685296635842,,,,1,36.20176576077938,-0.0026652589440345764,0.012658500112593174,0.0035545825958251953,0.4524629565912329
2025-07-14,fold_7,"Inflation bear, AI rally and 2025",0.005434535443782806,1,0.0009165076771751046,1,0.0009165076771751046,0.2900850373407593,,,,1,9.165076771751046,-0.007830135524272919,0.014209684915840626,0.005434535443782806,0.11420975350014795
2025-07-15,fold_7,"Inflation bear, AI rally and 2025",0.004801459610462189,1,0.0010232938220724463,1,0.0010232938220724463,0.29110833116283175,,,,1,10.232938220724463,-0.007535465061664581,0.008103914558887482,0.004801459610462189,0.13618806482870882
2025-07-16,fold_7,"Inflation bear, AI rally and 2025",0.008408285677433014,1,0.008060220628976822,1,0.008060220628976822,0.29916855179180857,,,,1,80.60220628976822,-0.008761055767536163,0.011631511151790619,0.008408285677433014,1.1760979880152769
2025-07-17,fold_7,"Inflation bear, AI rally and 2025",0.004137065261602402,1,-0.0009616987663321197,-1,-0.0009616987663321197,0.29820685302547645,,,,0,-9.616987663321197,-0.008421473205089569,0.005697506945580244,0.004137065261602402,-0.14270382450815308
2025-07-18,fold_7,"Inflation bear, AI rally and 2025",0.006658665835857391,1,0.005171361844986677,1,0.005171361844986677,0.3033782148704631,,,,1,51.71361844986677,-0.00259486585855484,0.00906337145715952,0.006658665835857391,0.7669859185624802
2025-07-21,fold_7,"Inflation bear, AI rally and 2025",0.0067997463047504425,1,-0.005189262330532074,-1,-0.005189262330532074,0.29818895253993105,,,,0,-51.89262330532074,-0.003081507980823517,0.007012150716036558,0.0067997463047504425,-0.7654419130645659
2025-07-22,fold_7,"Inflation bear, AI rally and 2025",0.008377555757761002,1,0.004550890065729618,1,0.004550890065729618,0.30273984260566067,,,,1,45.50890065729618,0.0009531974792480469,0.0106513611972332,0.008377555757761002,0.7015949302939439
2025-07-23,fold_7,"Inflation bear, AI rally and 2025",0.0037796199321746826,1,0.0021262161899358034,1,0.0021262161899358034,0.3048660587955965,,,,1,21.262161899358034,0.0007861107587814331,0.007439480163156986,0.0037796199321746826,0.37827171020139594
2025-07-24,fold_7,"Inflation bear, AI rally and 2025",0.0032851435244083405,1,0.002404165454208851,1,0.002404165454208851,0.3072702242498053,,,,1,24.04165454208851,0.0011663064360618591,0.0,0.0032851435244083405,0.4283990359534204
2025-07-25,fold_7,"Inflation bear, AI rally and 2025",0.000835813581943512,1,0.0031201415695250034,1,0.0031201415695250034,0.3103903658193303,,,,1,31.201415695250034,-0.00311896950006485,-0.022299613803625107,0.000835813581943512,0.595502653685041
2025-07-28,fold_7,"Inflation bear, AI rally and 2025",-0.00014498084783554077,-1,-0.0015500520821660757,-1,0.0015500520821660757,0.3119404179014964,,,,1,15.500520821660757,0.0008819326758384705,-0.007136274129152298,-0.00014498084783554077,-0.2963649319322456
2025-07-29,fold_7,"Inflation bear, AI rally and 2025",0.0025397799909114838,1,0.001339009148068726,1,0.001339009148068726,0.31327942704956513,,,,1,13.39009148068726,-0.0032715797424316406,-0.012398889288306236,0.0025397799909114838,0.26573052952608295
2025-07-30,fold_7,"Inflation bear, AI rally and 2025",0.0015651583671569824,1,-0.005313263740390539,-1,-0.005313263740390539,0.3079661633091746,,,,0,-53.13263740390539,-0.0068343207240104675,-0.0012331786565482616,0.0015651583671569824,-1.1354257306530724
2025-07-31,fold_7,"Inflation bear, AI rally and 2025",0.002514757215976715,1,-0.01989544928073883,-1,-0.01989544928073883,0.28807071402843576,,,,0,-198.9544928073883,-0.0048319026827812195,0.00745871476829052,0.002514757215976715,-4.351860117887104
2025-08-01,fold_7,"Inflation bear, AI rally and 2025",0.0027269721031188965,1,0.018283480778336525,1,0.018283480778336525,0.3063541948067723,,,,1,182.83480778336525,-0.00109119713306427,0.03663913160562515,0.0027269721031188965,3.051587052731937
2025-08-04,fold_7,"Inflation bear, AI rally and 2025",0.0069288089871406555,1,-0.006812667474150658,-1,-0.006812667474150658,0.2995415273326216,,,,0,-68.12667474150658,-0.004899807274341583,0.015392293222248554,0.0069288089871406555,-0.9658439511808814
2025-08-05,fold_7,"Inflation bear, AI rally and 2025",0.013040706515312195,1,0.012504720129072666,1,0.012504720129072666,0.3120462474616943,,,,1,125.04720129072666,-0.001766704022884369,0.03469543159008026,0.013040706515312195,1.7331264565623796
2025-08-06,fold_7,"Inflation bear, AI rally and 2025",0.00534776970744133,1,0.0033786294516175985,1,0.0033786294516175985,0.3154248769133119,,,,1,33.786294516175985,0.0058182477951049805,0.0226906705647707,0.00534776970744133,0.44599293756289404
2025-08-07,fold_7,"Inflation bear, AI rally and 2025",0.009680349379777908,1,0.009284966625273228,1,0.009284966625273228,0.3247098435385851,,,,1,92.84966625273228,0.004179865121841431,0.01853628270328045,0.009680349379777908,1.2206949690026645
2025-08-08,fold_7,"Inflation bear, AI rally and 2025",0.005169235169887543,1,-0.002963355975225568,-1,-0.002963355975225568,0.32174648756335955,,,,0,-29.633559752255678,-0.0060219913721084595,0.004844300914555788,0.005169235169887543,-0.3766124078785977
2025-08-11,fold_7,"Inflation bear, AI rally and 2025",-0.00468888133764267,-1,0.012490469962358475,1,-0.012490469962358475,0.3092560176010011,,,,0,-124.90469962358475,0.009004950523376465,0.007409026846289635,-0.00468888133764267,1.5901907501999453
2025-08-12,fold_7,"Inflation bear, AI rally and 2025",-0.015019852668046951,-1,0.0004999605007469654,1,-0.0004999605007469654,0.3087560571002541,,,,0,-4.999605007469654,-0.01808268576860428,-0.018741806969046593,-0.015019852668046951,0.059990749109096714
2025-08-13,fold_7,"Inflation bear, AI rally and 2025",-0.022329047322273254,-1,-0.000775758468080312,-1,0.000775758468080312,0.3095318155683344,,,,1,7.75758468080312,0.006891772150993347,-0.02519688941538334,-0.022329047322273254,-0.09311073597075677
2025-08-14,fold_7,"Inflation bear, AI rally and 2025",0.004784286022186279,1,-0.004407014697790146,-1,-0.004407014697790146,0.3051248008705443,,,,0,-44.07014697790146,0.0029609128832817078,-0.029061537235975266,0.004784286022186279,-0.5416591906536531
2025-08-15,fold_7,"Inflation bear, AI rally and 2025",0.005569808185100555,1,-0.0003986301308032125,-1,-0.0003986301308032125,0.30472617073974106,,,,0,-3.9863013080321252,-0.0027310773730278015,-0.00934495497494936,0.005569808185100555,-0.04865628722997111
2025-08-18,fold_7,"Inflation bear, AI rally and 2025",0.0111628957092762,1,-0.013660364784300327,-1,-0.013660364784300327,0.29106580595544074,,,,0,-136.60364784300327,0.002004556357860565,-0.011835196986794472,0.0111628957092762,-1.68412534415897
2025-08-19,fold_7,"Inflation bear, AI rally and 2025",0.009056530892848969,1,-0.005955122411251068,-1,-0.005955122411251068,0.28511068354418967,,,,0,-59.55122411251068,0.002009160816669464,0.005832357332110405,0.009056530892848969,-0.6933178700891818
2025-08-20,fold_7,"Inflation bear, AI rally and 2025",0.003435250371694565,1,-0.004640405066311359,-1,-0.004640405066311359,0.2804702784778783,,,,0,-46.404050663113594,0.000790037214756012,0.013323167338967323,0.003435250371694565,-0.5375727616004295
2025-08-21,fold_7,"Inflation bear, AI rally and 2025",0.004610434174537659,1,0.01530956756323576,1,0.01530956756323576,0.29577984604111407,,,,1,153.0956756323576,-0.0006531700491905212,0.024203982204198837,0.004610434174537659,1.7635160886517867
2025-08-22,fold_7,"Inflation bear, AI rally and 2025",0.00838758796453476,1,-0.0028888722881674767,-1,-0.0028888722881674767,0.2928909737529466,,,,0,-28.888722881674767,-0.006815806031227112,-0.0027484886813908815,0.00838758796453476,-0.31008575290815854
2025-08-25,fold_7,"Inflation bear, AI rally and 2025",-0.0003991760313510895,-1,0.004007190000265837,1,-0.004007190000265837,0.28888378375268076,,,,0,-40.07190000265837,-0.015494175255298615,-0.008275248110294342,-0.0003991760313510895,0.43029600122841694
2025-08-26,fold_7,"Inflation bear, AI rally and 2025",0.007590405642986298,1,0.001535687712021172,1,0.001535687712021172,0.29041947146470193,,,,1,15.35687712021172,-0.024233803153038025,-0.0044456529431045055,0.007590405642986298,0.16425835506509845
2025-08-27,fold_7,"Inflation bear, AI rally and 2025",0.007770027965307236,1,0.006240409333258867,1,0.006240409333258867,0.2966598807979608,,,,1,62.40409333258867,-0.03532452881336212,0.003029386978596449,0.007770027965307236,0.667371148535967
2025-08-28,fold_7,"Inflation bear, AI rally and 2025",0.021967485547065735,1,-0.011642903089523315,-1,-0.011642903089523315,0.2850169777084375,,,,0,-116.42903089523315,-0.023609936237335205,-0.0017690984532237053,0.021967485547065735,-1.241336584782596
2025-08-29,fold_7,"Inflation bear, AI rally and 2025",0.011283569037914276,1,-0.00841563194990158,-1,-0.00841563194990158,0.2766013457585359,,,,0,-84.15631949901581,-0.015293039381504059,0.01473993994295597,0.011283569037914276,-0.9720242852407744
2025-09-02,fold_7,"Inflation bear, AI rally and 2025",0.034563928842544556,1,0.007836785167455673,1,0.007836785167455673,0.2844381309259916,,,,1,78.36785167455673,-0.0030734017491340637,0.025984633713960648,0.034563928842544556,0.9970023351283237
2025-09-03,fold_7,"Inflation bear, AI rally and 2025",0.029120534658432007,1,0.009010727517306805,1,0.009010727517306805,0.2934488584432984,,,,1,90.10727517306805,-0.011867329478263855,0.018475046381354332,0.029120534658432007,1.1394559757618208
2025-09-04,fold_7,"Inflation bear, AI rally and 2025",0.04018579423427582,1,0.0014419236686080694,1,0.0014419236686080694,0.29489078211190645,,,,1,14.419236686080694,-0.027288004755973816,0.015268106013536453,0.04018579423427582,0.18807909607239273
2025-09-05,fold_7,"Inflation bear, AI rally and 2025",0.03099122643470764,1,0.004866134840995073,1,0.004866134840995073,0.2997569169529015,,,,1,48.66134840995073,-0.005718588829040527,0.01823362335562706,0.03099122643470764,0.6372558726449794
2025-09-08,fold_7,"Inflation bear, AI rally and 2025",0.02774721384048462,1,0.002829062519595027,1,0.002829062519595027,0.30258597947249655,,,,1,28.29062519595027,-0.011661604046821594,0.02188795804977417,0.02774721384048462,0.38083729456508125
2025-09-09,fold_7,"Inflation bear, AI rally and 2025",0.01350470632314682,1,0.0003271980385761708,1,0.0003271980385761708,0.3029131775110727,,,,1,3.271980385761708,-0.010254010558128357,0.018213454633951187,0.01350470632314682,0.04406164831320266
2025-09-10,fold_7,"Inflation bear, AI rally and 2025",0.011257622390985489,1,0.005803787149488926,1,0.005803787149488926,0.30871696466056164,,,,1,58.03787149488926,-0.009402528405189514,0.01588842086493969,0.011257622390985489,0.8434438852361171
2025-09-11,fold_7,"Inflation bear, AI rally and 2025",0.01644313335418701,1,0.004407439846545458,1,0.004407439846545458,0.3131244045071071,,,,1,44.07439846545458,-0.01030595600605011,0.019061127677559853,0.01644313335418701,0.6295015227957373
2025-09-12,fold_7,"Inflation bear, AI rally and 2025",0.009472500532865524,1,0.00852047000080347,1,0.00852047000080347,0.32164487450791057,,,,1,85.2047000080347,-0.017345905303955078,0.021400216966867447,0.009472500532865524,1.2054363075401078
2025-09-15,fold_7,"Inflation bear, AI rally and 2025",0.004805363714694977,1,-0.0008454403723590076,-1,-0.0008454403723590076,0.32079943413555156,,,,0,-8.454403723590076,-0.005790866911411285,0.01878230646252632,0.004805363714694977,-0.11654796916406615
2025-09-16,fold_7,"Inflation bear, AI rally and 2025",0.0001848749816417694,1,-0.0019978368654847145,-1,-0.0019978368654847145,0.31880159727006685,,,,0,-19.978368654847145,0.006884373724460602,0.012963303364813328,0.0001848749816417694,-0.2753385942654289
2025-09-17,fold_7,"Inflation bear, AI rally and 2025",-0.0030384548008441925,-1,0.008976494893431664,1,-0.008976494893431664,0.3098251023766352,,,,0,-89.76494893431664,0.014598727226257324,0.01144441682845354,-0.0030384548008441925,1.3607346414331145
2025-09-18,fold_7,"Inflation bear, AI rally and 2025",0.0004891045391559601,1,0.006746530067175627,1,0.006746530067175627,0.3165716324438108,,,,1,67.46530067175627,0.013112425804138184,-0.001852678949944675,0.0004891045391559601,0.9971799293033602
2025-09-19,fold_7,"Inflation bear, AI rally and 2025",-0.002187192440032959,-1,0.005902559962123632,1,-0.005902559962123632,0.3106690724816872,,,,0,-59.025599621236324,0.014708012342453003,-0.004496766719967127,-0.002187192440032959,0.8612280707817476
2025-09-22,fold_7,"Inflation bear, AI rally and 2025",-0.0020501017570495605,-1,-0.00666444469243288,-1,0.00666444469243288,0.31733351717412006,,,,1,66.6444469243288,0.016642659902572632,-0.005778889171779156,-0.0020501017570495605,-1.095695263592265
2025-09-23,fold_7,"Inflation bear, AI rally and 2025",0.0030419453978538513,1,-0.003516722936183214,-1,-0.003516722936183214,0.31381679423793685,,,,0,-35.16722936183214,0.017737992107868195,0.0036210042890161276,0.0030419453978538513,-0.5645837122021672
2025-09-24,fold_7,"Inflation bear, AI rally and 2025",0.0038468316197395325,1,-0.004320601467043161,-1,-0.004320601467043161,0.3094961927708937,,,,0,-43.206014670431614,0.005230642855167389,0.011923212558031082,0.0038468316197395325,-0.6952956867216374
2025-09-25,fold_7,"Inflation bear, AI rally and 2025",0.003252234309911728,1,0.004102441947907209,1,0.004102441947907209,0.3135986347188009,,,,1,41.024419479072094,0.004892900586128235,0.02034645900130272,0.003252234309911728,0.6533257981723073
2025-09-26,fold_7,"Inflation bear, AI rally and 2025",0.0010528601706027985,1,0.0046204375103116035,1,0.0046204375103116035,0.3182190722291125,,,,1,46.204375103116035,0.001887202262878418,0.012025424279272556,0.0010528601706027985,0.746356600807675
2025-09-29,fold_7,"Inflation bear, AI rally and 2025",-0.005653351545333862,-1,0.002735448768362403,1,-0.002735448768362403,0.3154836234607501,,,,0,-27.35448768362403,-0.0008449703454971313,0.014887053519487381,-0.005653351545333862,0.4789916015347059
2025-09-30,fold_7,"Inflation bear, AI rally and 2025",-0.0019316263496875763,-1,0.004785485565662384,1,-0.004785485565662384,0.3106981378950877,,,,0,-47.85485565662384,-0.0028775110840797424,0.006872063037008047,-0.0019316263496875763,0.881875034282518
2025-10-01,fold_7,"Inflation bear, AI rally and 2025",-0.002670247107744217,-1,0.004102644510567188,1,-0.004102644510567188,0.3065954933845205,,,,0,-41.02644510567188,0.0002980083227157593,0.01348517369478941,-0.002670247107744217,0.7820441076156708
2025-10-02,fold_7,"Inflation bear, AI rally and 2025",0.002998560667037964,1,-0.004218591842800379,-1,-0.004218591842800379,0.30237690154172014,,,,0,-42.18591842800379,0.00103769451379776,0.008171569555997849,0.002998560667037964,-0.8557317218921436
2025-10-03,fold_7,"Inflation bear, AI rally and 2025",-0.0007195658981800079,-1,0.007482066750526428,1,-0.007482066750526428,0.2948948347911937,,,,0,-74.82066750526428,-0.00010856986045837402,-0.02294095605611801,-0.0007195658981800079,1.4937609204365878
2025-10-06,fold_7,"Inflation bear, AI rally and 2025",0.0013856180012226105,1,-0.005279541946947575,-1,-0.005279541946947575,0.28961529284424614,,,,0,-52.795419469475746,0.00400320440530777,-0.00942372065037489,0.0013856180012226105,-1.0216646254540132
2025-10-07,fold_7,"Inflation bear, AI rally and 2025",0.0018092282116413116,1,0.01139859575778246,1,0.01139859575778246,0.3010138886020286,,,,1,113.98595757782459,-0.004144422709941864,-0.010827412828803062,0.0018092282116413116,2.165864902452659
2025-10-08,fold_7,"Inflation bear, AI rally and 2025",-0.0006641596555709839,-1,-0.0012109596282243729,-1,0.0012109596282243729,0.302224848230253,,,,1,12.109596282243729,-0.006123632192611694,-0.015193992294371128,-0.0006641596555709839,-0.20710450937279112
2025-10-09,fold_7,"Inflation bear, AI rally and 2025",0.0033750534057617188,1,-0.0353311188519001,-1,-0.0353311188519001,0.2668937293783529,,,,0,-353.311188519001,-0.0042332932353019714,-0.01769283600151539,0.0033750534057617188,-6.190099209469844
2025-10-10,fold_7,"Inflation bear, AI rally and 2025",0.003929302096366882,1,0.020999303087592125,1,0.020999303087592125,0.287893032465945,,,,1,209.99303087592125,0.0021181926131248474,0.024183519184589386,0.003929302096366882,2.1656736954973526
2025-10-13,fold_7,"Inflation bear, AI rally and 2025",0.007687404751777649,1,-0.006683234125375748,-1,-0.006683234125375748,0.28120979834056925,,,,0,-66.83234125375748,-0.002057284116744995,0.01570628583431244,0.007687404751777649,-0.6302711987652501
2025-10-14,fold_7,"Inflation bear, AI rally and 2025",0.016886211931705475,1,0.007032016292214394,1,0.007032016292214394,0.28824181463278364,,,,1,70.32016292214394,-0.006589271128177643,0.022127928212285042,0.016886211931705475,0.656776523455626
2025-10-15,fold_7,"Inflation bear, AI rally and 2025",0.012722279876470566,1,-0.0037098024040460587,-1,-0.0037098024040460587,0.2845320122287376,,,,0,-37.09802404046059,-0.013750866055488586,0.005415184423327446,0.012722279876470566,-0.3431036216291272
2025-10-16,fold_7,"Inflation bear, AI rally and 2025",0.013816483318805695,1,0.006545236799865961,1,0.006545236799865961,0.29107724902860355,,,,1,65.45236799865961,-0.004630871117115021,0.017496326938271523,0.013816483318805695,0.6141795166647341
2025-10-17,fold_7,"Inflation bear, AI rally and 2025",0.017014972865581512,1,0.012522069737315178,1,0.012522069737315178,0.3035993187659187,,,,1,125.22069737315178,-0.018398143351078033,0.021572764962911606,0.017014972865581512,1.1757149166181942
2025-10-20,fold_7,"Inflation bear, AI rally and 2025",0.020914770662784576,1,-0.00026159174740314484,-1,-0.00026159174740314484,0.3033377270185156,,,,0,-2.6159174740314484,-0.03405999392271042,0.02670317515730858,0.020914770662784576,-0.023926513409431638
2025-10-21,fold_7,"Inflation bear, AI rally and 2025",0.00535878911614418,1,-0.009680728428065777,-1,-0.009680728428065777,0.2936569985904498,,,,0,-96.80728428065777,-0.01854103058576584,0.03462529554963112,0.00535878911614418,-0.8937772036216127
2025-10-22,fold_7,"Inflation bear, AI rally and 2025",-0.006824277341365814,-1,0.008371341042220592,1,-0.008371341042220592,0.2852856575482292,,,,0,-83.71341042220592,-0.02686658501625061,0.04879889264702797,-0.006824277341365814,0.7598277720253334
2025-10-23,fold_7,"Inflation bear, AI rally and 2025",0.00601886585354805,1,0.010621673427522182,1,0.010621673427522182,0.2959073309757514,,,,1,106.21673427522182,-0.026333391666412354,0.025020860135555267,0.00601886585354805,0.9540309455168327
2025-10-24,fold_7,"Inflation bear, AI rally and 2025",-0.00015498697757720947,-1,0.01765247993171215,1,-0.01765247993171215,0.27825485104403924,,,,0,-176.5247993171215,-0.0340772345662117,0.019211603328585625,-0.00015498697757720947,1.5557006495301577
2025-10-27,fold_7,"Inflation bear, AI rally and 2025",-0.004221715033054352,-1,0.007660527713596821,1,-0.007660527713596821,0.2705943233304424,,,,0,-76.60527713596821,-0.02837727963924408,0.006332420278340578,-0.004221715033054352,0.6400089901114824
2025-10-28,fold_7,"Inflation bear, AI rally and 2025",-0.007997680455446243,-1,0.004492870531976223,1,-0.004492870531976223,0.2661014527984662,,,,0,-44.92870531976223,-0.005071766674518585,-0.021835021674633026,-0.007997680455446243,0.37205342136019226
2025-10-29,fold_7,"Inflation bear, AI rally and 2025",0.0019980520009994507,1,-0.015406693331897259,-1,-0.015406693331897259,0.25069475946656894,,,,0,-154.0669333189726,-0.0012575387954711914,-0.019840959459543228,0.0019980520009994507,-1.2764184630714328
2025-10-30,fold_7,"Inflation bear, AI rally and 2025",9.714439511299133e-05,1,0.00481241662055254,1,0.00481241662055254,0.2555071760871215,,,,1,48.1241662055254,0.0086369588971138,-0.02323727495968342,9.714439511299133e-05,0.3844184108543597
2025-10-31,fold_7,"Inflation bear, AI rally and 2025",-0.0023599863052368164,-1,0.004773298278450966,1,-0.004773298278450966,0.2507338778086705,,,,0,-47.73298278450966,0.007916063070297241,-0.03121001087129116,-0.0023599863052368164,0.3809678203254386
2025-11-03,fold_7,"Inflation bear, AI rally and 2025",-0.004039522260427475,-1,-0.02050691470503807,-1,0.02050691470503807,0.2712407925137086,,,,1,205.0691470503807,0.01481667160987854,-0.014100291766226292,-0.004039522260427475,-1.645425497330582
2025-11-04,fold_7,"Inflation bear, AI rally and 2025",0.010817188769578934,1,0.006486933678388596,1,0.006486933678388596,0.2777277261920972,,,,1,64.86933678388596,0.01582195609807968,0.003739549545571208,0.010817188769578934,0.4904235227950415
2025-11-05,fold_7,"Inflation bear, AI rally and 2025",0.006802305579185486,1,-0.018803009763360023,-1,-0.018803009763360023,0.25892471642873716,,,,0,-188.03009763360023,0.009324274957180023,-0.0035360476467758417,0.006802305579185486,-1.4397275540722754
2025-11-06,fold_7,"Inflation bear, AI rally and 2025",0.007613390684127808,1,-0.0031603185925632715,-1,-0.0031603185925632715,0.2557643978361739,,,,0,-31.603185925632715,0.010205864906311035,-0.005360324867069721,0.007613390684127808,-0.23038518248782683
2025-11-07,fold_7,"Inflation bear, AI rally and 2025",0.01515185832977295,1,0.02188301645219326,1,0.02188301645219326,0.27764741428836714,,,,1,218.8301645219326,0.006958924233913422,-0.0014442570973187685,0.01515185832977295,1.9475170148969252
2025-11-10,fold_7,"Inflation bear, AI rally and 2025",0.0062819793820381165,1,-0.002667073393240571,-1,-0.002667073393240571,0.2749803408951266,,,,0,-26.67073393240571,-0.01620342582464218,-0.03190450370311737,0.0062819793820381165,-0.23559951962183132
2025-11-11,fold_7,"Inflation bear, AI rally and 2025",0.007755700498819351,1,-0.0007886635139584541,-1,-0.0007886635139584541,0.2741916773811681,,,,0,-7.886635139584541,-0.010458305478096008,-0.04148799180984497,0.007755700498819351,-0.07018370771346462
2025-11-12,fold_7,"Inflation bear, AI rally and 2025",0.005163941532373428,1,-0.020627286285161972,-1,-0.020627286285161972,0.25356439109600615,,,,0,-206.27286285161972,-0.025980636477470398,-0.034746989607810974,0.005163941532373428,-1.853642922140871
2025-11-13,fold_7,"Inflation bear, AI rally and 2025",-0.006548617035150528,-1,0.0007557492353953421,1,-0.0007557492353953421,0.2528086418606108,,,,0,-7.557492353953421,-0.021610110998153687,-0.03807619959115982,-0.006548617035150528,0.06288792179286838
2025-11-14,fold_7,"Inflation bear, AI rally and 2025",-0.006897531449794769,-1,-0.008577228523790836,-1,0.008577228523790836,0.26138587038440164,,,,1,85.77228523790836,-0.01729549467563629,-0.03134717792272568,-0.006897531449794769,-0.7190147203950206
2025-11-17,fold_7,"Inflation bear, AI rally and 2025",0.0035754814743995667,1,-0.012250563129782677,-1,-0.012250563129782677,0.24913530725461897,,,,0,-122.50563129782677,-0.015910997986793518,0.0024817129597067833,0.0035754814743995667,-1.042298205062926
2025-11-18,fold_7,"Inflation bear, AI rally and 2025",0.008914344012737274,1,0.0059523372910916805,1,0.0059523372910916805,0.25508764454571065,,,,1,59.523372910916805,-0.018824003636837006,0.020877135917544365,0.008914344012737274,0.49322207919352573
2025-11-19,fold_7,"Inflation bear, AI rally and 2025",0.0033357329666614532,1,-0.02395649440586567,-1,-0.02395649440586567,0.23113115013984498,,,,0,-239.5649440586567,-0.01866157352924347,0.02372167818248272,0.0033357329666614532,-2.0052447494274688
2025-11-20,fold_7,"Inflation bear, AI rally and 2025",0.0068939849734306335,1,0.007484769448637962,1,0.007484769448637962,0.23861591958848294,,,,1,74.84769448637962,-0.006318636238574982,0.055752597749233246,0.0068939849734306335,0.5775990910985691
2025-11-21,fold_7,"Inflation bear, AI rally and 2025",0.0022622421383857727,1,0.025251662358641624,1,0.025251662358641624,0.26386758194712456,,,,1,252.51662358641624,-0.002780415117740631,0.04490327462553978,0.0022622421383857727,1.9653590753917458
2025-11-24,fold_7,"Inflation bear, AI rally and 2025",0.002580922096967697,1,0.006144860293716192,1,0.006144860293716192,0.27001244224084076,,,,1,61.44860293716192,-0.0005712658166885376,0.027447156608104706,0.002580922096967697,0.45626205881541687
2025-11-25,fold_7,"Inflation bear, AI rally and 2025",0.0032988786697387695,1,0.008796879090368748,1,0.008796879090368748,0.2788093213312095,,,,1,87.96879090368748,0.0016595274209976196,0.02374311164021492,0.0032988786697387695,0.6550691216377408
2025-11-26,fold_7,"Inflation bear, AI rally and 2025",0.0007522925734519958,1,0.008074427023530006,1,0.008074427023530006,0.2868837483547395,,,,1,80.74427023530006,-9.306520223617554e-05,0.014015650376677513,0.0007522925734519958,0.5965591048813538
2025-11-28,fold_7,"Inflation bear, AI rally and 2025",0.002634551376104355,1,-0.0033645550720393658,-1,-0.0033645550720393658,0.28351919328270014,,,,0,-33.64555072039366,-0.0006045252084732056,0.010010326281189919,0.002634551376104355,-0.25463658553309576
2025-12-01,fold_7,"Inflation bear, AI rally and 2025",0.0014118067920207977,1,0.007795544341206551,1,0.007795544341206551,0.2913147376239067,,,,1,77.9554434120655,-0.0014902204275131226,0.011454490013420582,0.0014118067920207977,0.5909859154765658
2025-12-02,fold_7,"Inflation bear, AI rally and 2025",0.0006715431809425354,1,0.0024408164899796247,1,0.0024408164899796247,0.2937555541138863,,,,1,24.408164899796247,0.00017392635345458984,0.004891549237072468,0.0006715431809425354,0.18403833411928913
2025-12-03,fold_7,"Inflation bear, AI rally and 2025",0.0021466054022312164,1,-0.0009305825224146247,-1,-0.0009305825224146247,0.2928249715914717,,,,0,-9.305825224146247,0.00043817609548568726,0.00653810752555728,0.0021466054022312164,-0.07470613097210492
2025-12-04,fold_7,"Inflation bear, AI rally and 2025",0.008677974343299866,1,0.004069102928042412,1,0.004069102928042412,0.2968940745195141,,,,1,40.69102928042412,0.00225946307182312,0.004229042213410139,0.008677974343299866,0.3288540497593342
2025-12-05,fold_7,"Inflation bear, AI rally and 2025",0.008566237986087799,1,-0.0019203914562240243,-1,-0.0019203914562240243,0.2949736830632901,,,,0,-19.203914562240243,0.0014481842517852783,-0.01914352923631668,0.008566237986087799,-0.16451758365576602
2025-12-08,fold_7,"Inflation bear, AI rally and 2025",0.005627945065498352,1,0.0012326041469350457,1,0.0012326041469350457,0.2962062872102251,,,,1,12.326041469350457,0.006684161722660065,-0.02225513942539692,0.005627945065498352,0.10571795040473164
2025-12-09,fold_7,"Inflation bear, AI rally and 2025",0.008881151676177979,1,0.00408737501129508,1,0.00408737501129508,0.3002936622215202,,,,1,40.8737501129508,0.009679153561592102,-0.02150787226855755,0.008881151676177979,0.3860940742634263
2025-12-10,fold_7,"Inflation bear, AI rally and 2025",0.00906282663345337,1,-0.0032396477181464434,-1,-0.0032396477181464434,0.29705401450337376,,,,0,-32.396477181464434,0.005734287202358246,-0.04430621117353439,0.00906282663345337,-0.305364873438464
2025-12-11,fold_7,"Inflation bear, AI rally and 2025",0.006054814904928207,1,-0.019303468987345695,-1,-0.019303468987345695,0.27775054551602807,,,,0,-193.03468987345695,0.012831352651119232,-0.02668045461177826,0.006054814904928207,-1.8155420144186112
2025-12-12,fold_7,"Inflation bear, AI rally and 2025",0.0009462125599384308,1,-0.005032000597566366,-1,-0.005032000597566366,0.2727185449184617,,,,0,-50.32000597566366,0.021232731640338898,0.005574300419539213,0.0009462125599384308,-0.47890443142588723
2025-12-15,fold_7,"Inflation bear, AI rally and 2025",0.003644052892923355,1,0.0019798711873590946,1,0.0019798711873590946,0.2746984161058208,,,,1,19.798711873590946,0.023916184902191162,0.01538827270269394,0.003644052892923355,0.18738061852739712
2025-12-16,fold_7,"Inflation bear, AI rally and 2025",0.005810633301734924,1,-0.018710967153310776,-1,-0.018710967153310776,0.25598744895251,,,,0,-187.10967153310776,0.02625938504934311,0.018080780282616615,0.005810633301734924,-1.7991417330474324
2025-12-17,fold_7,"Inflation bear, AI rally and 2025",0.0024130605161190033,1,0.014386109076440334,1,0.014386109076440334,0.27037355802895036,,,,1,143.86109076440334,0.01014932245016098,0.039713069796562195,0.0024130605161190033,1.3234520309883862
2025-12-18,fold_7,"Inflation bear, AI rally and 2025",0.009442530572414398,1,0.012951286509633064,1,0.012951286509633064,0.2833248445385834,,,,1,129.51286509633064,-0.012929528951644897,0.025262802839279175,0.009442530572414398,1.1504351940592996
2025-12-19,fold_7,"Inflation bear, AI rally and 2025",-0.004693891853094101,-1,0.00478197168558836,1,-0.00478197168558836,0.27854287285299506,,,,0,-47.8197168558836,-0.034721385687589645,0.007459201384335756,-0.004693891853094101,0.4635322635963407
