date,fold,regime,prediction,pred_direction,actual_return,actual_direction,strategy_return,cumulative_return,confidence,aleatoric,epistemic,correct,pnl_bps,B_pred,B_actual,D_pred,D_actual
2008-11-18,fold_1,GFC peak crash (Lehman + Mar-2009 bottom),0.0063142329454422,1,-0.05363579839468002,-1,-0.05363579839468002,-0.05363579839468002,,,,0,-536.3579839468002,0.009405821561813354,-0.0060164593160152435,0.0063142329454422,-1.3795502580863528
2008-11-19,fold_1,GFC peak crash (Lehman + Mar-2009 bottom),0.00691056065261364,1,-0.049609940499067307,-1,-0.049609940499067307,-0.10324573889374733,,,,0,-496.09940499067307,0.014514800161123276,0.08865413069725037,0.00691056065261364,-1.234032731259152
2008-11-20,fold_1,GFC peak crash (Lehman + Mar-2009 bottom),0.007735357619822025,1,0.042510632425546646,1,0.042510632425546646,-0.060735106468200684,,,,1,425.10632425546646,0.017281819134950638,0.13039687275886536,0.007735357619822025,1.0195702067929981
2008-11-21,fold_1,GFC peak crash (Lehman + Mar-2009 bottom),0.007189773954451084,1,0.059322528541088104,1,0.059322528541088104,-0.0014125779271125793,,,,1,593.225285410881,0.01578761264681816,0.009702088311314583,0.007189773954451084,1.4078845529535253
2008-11-24,fold_1,GFC peak crash (Lehman + Mar-2009 bottom),0.005386693403124809,1,-0.0046038818545639515,-1,-0.0046038818545639515,-0.006016459781676531,,,,0,-46.038818545639515,0.010808676481246948,-0.016746971756219864,0.005386693403124809,-0.10529690246968396
2008-11-25,fold_1,GFC peak crash (Lehman + Mar-2009 bottom),0.005356459878385067,1,0.04103479161858559,1,0.04103479161858559,0.035018331836909056,,,,1,410.34791618585587,0.006024874746799469,0.015847941860556602,0.005356459878385067,1.111254334073887
2008-11-26,fold_1,GFC peak crash (Lehman + Mar-2009 bottom),0.003050954081118107,1,-0.007867200300097466,-1,-0.007867200300097466,0.02715113153681159,,,,0,-78.67200300097466,0.002077832818031311,-0.053896866738796234,0.003050954081118107,-0.2067849103956423
2008-11-28,fold_1,GFC peak crash (Lehman + Mar-2009 bottom),0.004476991482079029,1,-0.07818415015935898,-1,-0.07818415015935898,-0.05103301862254739,,,,0,-781.8415015935898,0.003537435084581375,-0.0062005408108234406,0.004476991482079029,-2.0920149030097552
2008-12-01,fold_1,GFC peak crash (Lehman + Mar-2009 bottom),0.00553075410425663,1,0.03287346661090851,1,0.03287346661090851,-0.01815955201163888,,,,1,328.7346661090851,0.008484236896038055,0.11061938107013702,0.00553075410425663,0.7967744531761531
2008-12-02,fold_1,GFC peak crash (Lehman + Mar-2009 bottom),0.004647428169846535,1,0.027991032227873802,1,0.027991032227873802,0.009831480216234922,,,,1,279.910322278738,0.009322229772806168,0.07541601359844208,0.004647428169846535,0.6679611691128471
2008-12-03,fold_1,GFC peak crash (Lehman + Mar-2009 bottom),0.005451280623674393,1,-0.0287100151181221,-1,-0.0287100151181221,-0.01887853490188718,,,,0,-287.100151181221,0.013334188610315323,0.04408736154437065,0.005451280623674393,-0.6850921338906252
2008-12-04,fold_1,GFC peak crash (Lehman + Mar-2009 bottom),0.006486929953098297,1,0.03982912749052048,1,0.03982912749052048,0.0209505925886333,,,,1,398.2912749052048,0.01623845472931862,0.04499876871705055,0.006486929953098297,0.9793462647053741
2008-12-05,fold_1,GFC peak crash (Lehman + Mar-2009 bottom),0.007107093930244446,1,0.03863576799631119,1,0.03863576799631119,0.05958636058494449,,,,1,386.3576799631119,0.02067950740456581,0.025248471647500992,0.007107093930244446,0.9573386069605946
2008-12-08,fold_1,GFC peak crash (Lehman + Mar-2009 bottom),0.007169519551098347,1,-0.0023298992309719324,-1,-0.0023298992309719324,0.057256461353972554,,,,0,-23.298992309719324,0.018941689282655716,-0.031062552705407143,0.007169519551098347,-0.05680074135595529
2008-12-09,fold_1,GFC peak crash (Lehman + Mar-2009 bottom),0.006601887755095959,1,-0.0033376188948750496,-1,-0.0033376188948750496,0.053918842459097505,,,,0,-33.376188948750496,0.01299985870718956,0.018161559477448463,0.006601887755095959,-0.08158449891293568
2008-12-10,fold_1,GFC peak crash (Lehman + Mar-2009 bottom),0.006673559546470642,1,-0.0277986079454422,-1,-0.0277986079454422,0.026120234513655305,,,,0,-277.986079454422,0.012409083545207977,0.009317740797996521,0.006673559546470642,-0.6843648104632636
2008-12-11,fold_1,GFC peak crash (Lehman + Mar-2009 bottom),0.006158612668514252,1,0.020078828558325768,1,0.020078828558325768,0.04619906307198107,,,,1,200.78828558325768,0.009459782391786575,0.019404899328947067,0.006158612668514252,0.505647258021963
2008-12-12,fold_1,GFC peak crash (Lehman + Mar-2009 bottom),0.005392895080149174,1,-0.017675256356596947,-1,-0.017675256356596947,0.028523806715384126,,,,0,-176.75256356596947,0.003969248384237289,0.007497432641685009,0.005392895080149174,-0.4687346241071723
2008-12-15,fold_1,GFC peak crash (Lehman + Mar-2009 bottom),0.005530244670808315,1,0.04689421504735947,1,0.04689421504735947,0.07541802176274359,,,,1,468.94215047359467,0.008801493793725967,0.003164258087053895,0.005530244670808315,1.2939084794448272
2008-12-16,fold_1,GFC peak crash (Lehman + Mar-2009 bottom),0.006545010022819042,1,-0.012181437574326992,-1,-0.012181437574326992,0.0632365841884166,,,,0,-121.81437574326992,0.010663706809282303,-0.04887895658612251,0.006545010022819042,-0.32546634396738044
2008-12-17,fold_1,GFC peak crash (Lehman + Mar-2009 bottom),0.006058867089450359,1,-0.017711449414491653,-1,-0.017711449414491653,0.04552513477392495,,,,0,-177.11449414491653,0.008506041020154953,-0.033948201686143875,0.006058867089450359,-0.4719795642427665
2008-12-18,fold_1,GFC peak crash (Lehman + Mar-2009 bottom),0.006109260953962803,1,0.008171360939741135,1,0.008171360939741135,0.05369649571366608,,,,1,81.71360939741135,0.010239005088806152,-0.01657971180975437,0.006109260953962803,0.22839322156023914
2008-12-19,fold_1,GFC peak crash (Lehman + Mar-2009 bottom),0.006623280234634876,1,-0.02200843021273613,-1,-0.02200843021273613,0.03168806550092995,,,,0,-220.0843021273613,0.011424776166677475,-0.03302434831857681,0.006623280234634876,-0.6461012592114418
2008-12-22,fold_1,GFC peak crash (Lehman + Mar-2009 bottom),0.007964728400111198,1,-0.005149002652615309,-1,-0.005149002652615309,0.026539062848314643,,,,0,-51.49002652615309,0.00949004665017128,0.009539843536913395,0.007964728400111198,-0.1556607008643919
2008-12-23,fold_1,GFC peak crash (Lehman + Mar-2009 bottom),0.004571380093693733,1,0.0027493173256516457,1,0.0027493173256516457,0.02928838017396629,,,,1,27.493173256516457,0.00038360804319381714,0.0231305118650198,0.004571380093693733,0.09066467300399882
2008-12-24,fold_1,GFC peak crash (Lehman + Mar-2009 bottom),0.0062651075422763824,1,-0.0003429576463531703,-1,-0.0003429576463531703,0.02894542252761312,,,,0,-3.4295764635317028,0.007099371403455734,0.06284288316965103,0.0062651075422763824,-0.01131396397522408
2008-12-26,fold_1,GFC peak crash (Lehman + Mar-2009 bottom),0.004650825634598732,1,-0.008273275569081306,-1,-0.008273275569081306,0.020672146958531812,,,,0,-82.73275569081306,0.00413937121629715,0.06286349147558212,0.004650825634598732,-0.28636381278925166
2008-12-29,fold_1,GFC peak crash (Lehman + Mar-2009 bottom),0.006688433699309826,1,0.020555762574076653,1,0.020555762574076653,0.041227909532608464,,,,1,205.55762574076653,0.010096818208694458,0.08108048141002655,0.006688433699309826,0.7113592667332982
2008-12-30,fold_1,GFC peak crash (Lehman + Mar-2009 bottom),0.004867083393037319,1,0.008441665209829807,1,0.008441665209829807,0.04966957474243827,,,,1,84.41665209829807,0.012300554662942886,0.0317063182592392,0.004867083393037319,0.359792261687734
2008-12-31,fold_1,GFC peak crash (Lehman + Mar-2009 bottom),0.0062948064878582954,1,0.042461689561605453,1,0.042461689561605453,0.09213126430404373,,,,1,424.61689561605453,0.00883280485868454,0.033722203224897385,0.0062948064878582954,1.8988990613166399
2009-01-02,fold_1,GFC peak crash (Lehman + Mar-2009 bottom),0.0034509319812059402,1,-0.00032235000981017947,-1,-0.00032235000981017947,0.09180891429423355,,,,0,-3.2235000981017947,-0.0022396743297576904,-0.03142658993601799,0.0034509319812059402,-0.013732587060522822
2009-01-05,fold_1,GFC peak crash (Lehman + Mar-2009 bottom),0.003849852830171585,1,0.00994371809065342,1,0.00994371809065342,0.10175263238488697,,,,1,99.4371809065342,-0.0027083754539489746,-0.04956405982375145,0.003849852830171585,0.440405604963444
2009-01-06,fold_1,GFC peak crash (Lehman + Mar-2009 bottom),0.0024084970355033875,1,-0.028818404302001,-1,-0.028818404302001,0.07293422808288597,,,,0,-288.18404302001,-0.008736532181501389,-0.0591689758002758,0.0024084970355033875,-1.38107552841447
2009-01-07,fold_1,GFC peak crash (Lehman + Mar-2009 bottom),0.002444382756948471,1,0.010457552038133144,1,0.010457552038133144,0.08339178012101911,,,,1,104.57552038133144,-0.00520879402756691,-0.06130253151059151,0.002444382756948471,0.5213772021956417
2009-01-08,fold_1,GFC peak crash (Lehman + Mar-2009 bottom),0.002101619727909565,1,-0.02268710546195507,-1,-0.02268710546195507,0.06070467465906404,,,,0,-226.8710546195507,-0.0007186718285083771,-0.05547646805644035,0.002101619727909565,-1.123864984696404
2009-01-09,fold_1,GFC peak crash (Lehman + Mar-2009 bottom),0.004037792794406414,1,-0.018459821119904518,-1,-0.018459821119904518,0.04224485353915952,,,,0,-184.59821119904518,0.009174913167953491,-0.021853338927030563,0.004037792794406414,-0.8874499725674849
2009-01-12,fold_1,GFC peak crash (Lehman + Mar-2009 bottom),0.005539759993553162,1,0.00033880159026011825,1,0.00033880159026011825,0.04258365512941964,,,,1,3.3880159026011825,0.014099497348070145,-0.05429340526461601,0.005539759993553162,0.016710213945114464
2009-01-13,fold_1,GFC peak crash (Lehman + Mar-2009 bottom),0.006964934058487415,1,-0.030951958149671555,-1,-0.030951958149671555,0.011631696979748085,,,,0,-309.51958149671555,0.01791318878531456,-0.012951979413628578,0.006964934058487415,-1.5654513740687834
2009-01-14,fold_1,GFC peak crash (Lehman + Mar-2009 bottom),0.0074840933084487915,1,0.016283614560961723,1,0.016283614560961723,0.02791531154070981,,,,1,162.83614560961723,0.023112524300813675,0.0045303646475076675,0.0074840933084487915,0.7915411764355298
2009-01-15,fold_1,GFC peak crash (Lehman + Mar-2009 bottom),0.008417894132435322,1,0.01093602366745472,1,0.01093602366745472,0.03885133520816453,,,,1,109.3602366745472,0.023023340851068497,-0.006897205486893654,0.008417894132435322,0.6052141544043578
2009-01-16,fold_1,GFC peak crash (Lehman + Mar-2009 bottom),0.007012012414634228,1,-0.05089988932013512,-1,-0.05089988932013512,-0.012048554111970589,,,,0,-508.99889320135117,0.018722306936979294,-0.010592788457870483,0.007012012414634228,-2.823098035338528
2009-01-20,fold_1,GFC peak crash (Lehman + Mar-2009 bottom),0.007210434414446354,1,0.0416802279651165,1,0.0416802279651165,0.029631673853145912,,,,1,416.802279651165,0.017887618392705917,0.04749481379985809,0.007210434414446354,1.9894501200614343
2009-01-21,fold_1,GFC peak crash (Lehman + Mar-2009 bottom),0.005280349403619766,1,-0.013469614088535309,-1,-0.013469614088535309,0.016162059764610603,,,,0,-134.6961408853531,0.010079272091388702,0.04034192115068436,0.005280349403619766,-0.5892937199583155
2009-01-22,fold_1,GFC peak crash (Lehman + Mar-2009 bottom),0.005901414901018143,1,0.004856044892221689,1,0.004856044892221689,0.021018104656832293,,,,1,48.56044892221689,0.013547677546739578,0.02811305969953537,0.005901414901018143,0.21559962684167613
2009-01-23,fold_1,GFC peak crash (Lehman + Mar-2009 bottom),0.004776256158947945,1,0.00724044069647789,1,0.00724044069647789,0.028258545353310183,,,,1,72.4044069647789,0.0072383396327495575,0.005520956590771675,0.004776256158947945,0.32150893117112656
2009-01-26,fold_1,GFC peak crash (Lehman + Mar-2009 bottom),0.005351000465452671,1,0.007187714800238609,1,0.007187714800238609,0.03544626015354879,,,,1,71.8771480023861,0.00810990110039711,0.01025271974503994,0.005351000465452671,0.318464132859641
2009-01-27,fold_1,GFC peak crash (Lehman + Mar-2009 bottom),0.004836665466427803,1,0.034527335315942764,1,0.034527335315942764,0.06997359546949156,,,,1,345.27335315942764,0.010942574590444565,0.018584955483675003,0.004836665466427803,1.5259379429002036
2009-01-28,fold_1,GFC peak crash (Lehman + Mar-2009 bottom),0.005300050601363182,1,-0.025698475539684296,-1,-0.025698475539684296,0.04427511992980726,,,,0,-256.98475539684296,0.008558370172977448,-0.01460401713848114,0.005300050601363182,-1.0781286776485335
2009-01-29,fold_1,GFC peak crash (Lehman + Mar-2009 bottom),0.004979956895112991,1,-0.017736058682203293,-1,-0.017736058682203293,0.026539061247603968,,,,0,-177.36058682203293,0.0038380511105060577,0.032920949161052704,0.004979956895112991,-0.7364133233704658
2009-01-30,fold_1,GFC peak crash (Lehman + Mar-2009 bottom),0.004763150587677956,1,0.011972203850746155,1,0.011972203850746155,0.03851126509835012,,,,1,119.72203850746155,0.009449142962694168,0.07648946344852448,0.004763150587677956,0.4919620198706491
2009-02-02,fold_1,GFC peak crash (Lehman + Mar-2009 bottom),0.005050161853432655,1,0.015519951470196247,1,0.015519951470196247,0.05403121656854637,,,,1,155.19951470196247,0.005639076232910156,0.06865273416042328,0.005050161853432655,0.6877479031448788
2009-02-03,fold_1,GFC peak crash (Lehman + Mar-2009 bottom),0.00429796427488327,1,0.0013383622281253338,1,0.0013383622281253338,0.0553695787966717,,,,1,13.383622281253338,0.007398262619972229,0.015612514689564705,0.00429796427488327,0.05861908332521261
2009-02-04,fold_1,GFC peak crash (Lehman + Mar-2009 bottom),0.00458898302167654,1,0.021826492622494698,1,0.021826492622494698,0.0771960714191664,,,,1,218.26492622494698,0.01209748163819313,0.009649120271205902,0.00458898302167654,0.9604636281767396
2009-02-05,fold_1,GFC peak crash (Lehman + Mar-2009 bottom),0.0045646559447050095,1,0.02583245187997818,1,0.02583245187997818,0.10302852329914458,,,,1,258.3245187997818,0.012863490730524063,0.0,0.0045646559447050095,1.1567459466344763
2009-02-06,fold_1,GFC peak crash (Lehman + Mar-2009 bottom),0.004408454522490501,1,0.004135478753596544,1,0.004135478753596544,0.10716400205274113,,,,1,41.35478753596544,0.008128359913825989,-0.030422896146774292,0.004408454522490501,0.18020994654689176
2009-02-09,fold_1,GFC peak crash (Lehman + Mar-2009 bottom),0.006317148916423321,1,-0.03752027079463005,-1,-0.03752027079463005,0.06964373125811107,,,,0,-375.2027079463005,0.013341743499040604,-0.07513406872749329,0.006317148916423321,-1.6750522774946477
2009-02-10,fold_1,GFC peak crash (Lehman + Mar-2009 bottom),0.00796190183609724,1,-0.004625031724572182,-1,-0.004625031724572182,0.06501869953353889,,,,0,-46.25031724572182,0.011985152959823608,-0.03692920506000519,0.00796190183609724,-0.1963064211528487
2009-02-11,fold_1,GFC peak crash (Lehman + Mar-2009 bottom),0.005823444575071335,1,0.01217737141996622,1,0.01217737141996622,0.07719607095350511,,,,1,121.77371419966221,0.0035023465752601624,-0.04781389608979225,0.005823444575071335,0.5163659305223878
2009-02-12,fold_1,GFC peak crash (Lehman + Mar-2009 bottom),0.0049941688776016235,1,-0.004590444266796112,-1,-0.004590444266796112,0.072605626686709,,,,0,-45.90444266796112,0.0008729025721549988,-0.057216279208660126,0.0049941688776016235,-0.20214900412444273
2009-02-13,fold_1,GFC peak crash (Lehman + Mar-2009 bottom),0.006281682290136814,1,-0.04057569429278374,-1,-0.04057569429278374,0.032029932393925264,,,,0,-405.7569429278374,0.0028593577444553375,-0.08823682367801666,0.006281682290136814,-1.8083558163302977
2009-02-17,fold_1,GFC peak crash (Lehman + Mar-2009 bottom),0.005879065953195095,1,0.000684593163896352,1,0.000684593163896352,0.032714525557821617,,,,1,6.8459316389635205,0.00875244289636612,-0.015172178857028484,0.005879065953195095,0.02843112078509613
2009-02-18,fold_1,GFC peak crash (Lehman + Mar-2009 bottom),0.005994610488414764,1,-0.015509720891714096,-1,-0.015509720891714096,0.01720480466610752,,,,0,-155.09720891714096,0.014576178044080734,-0.022480914369225502,0.005994610488414764,-0.7309061935277794
2009-02-19,fold_1,GFC peak crash (Lehman + Mar-2009 bottom),0.007281704805791378,1,0.002774988068267703,1,0.002774988068267703,0.019979792734375224,,,,1,27.74988068267703,0.015207361429929733,-0.03535139560699463,0.007281704805791378,0.14321432013255497
2009-02-20,fold_1,GFC peak crash (Lehman + Mar-2009 bottom),0.00676316861063242,1,-0.03561098873615265,-1,-0.03561098873615265,-0.015631196001777425,,,,0,-356.1098873615265,0.01733585074543953,-0.04752684384584427,0.00676316861063242,-1.8594837500008825
2009-02-23,fold_1,GFC peak crash (Lehman + Mar-2009 bottom),0.009075459092855453,1,0.032488949596881866,1,0.032488949596881866,0.01685775359510444,,,,1,324.88949596881866,0.02247140184044838,-0.04477813467383385,0.009075459092855453,1.5686010459481285
2009-02-24,fold_1,GFC peak crash (Lehman + Mar-2009 bottom),0.006801161915063858,1,-0.00662414263933897,-1,-0.00662414263933897,0.01023361095576547,,,,0,-66.2414263933897,0.015586506575345993,-0.0780186802148819,0.006801161915063858,-0.3026191429693795
2009-02-25,fold_1,GFC peak crash (Lehman + Mar-2009 bottom),0.005696323700249195,1,-0.028380202129483223,-1,-0.028380202129483223,-0.018146591173717752,,,,0,-283.80202129483223,0.012105323374271393,-0.04507232457399368,0.005696323700249195,-1.2970558461101405
2009-02-26,fold_1,GFC peak crash (Lehman + Mar-2009 bottom),0.007644805125892162,1,-0.009400458075106144,-1,-0.009400458075106144,-0.027547049248823896,,,,0,-94.00458075106144,0.020444083958864212,-0.04715467616915703,0.007644805125892162,-0.4385750530238969
2009-02-27,fold_1,GFC peak crash (Lehman + Mar-2009 bottom),0.005315115675330162,1,-0.03286227956414223,-1,-0.03286227956414223,-0.06040932881296612,,,,0,-328.6227956414223,0.01522243395447731,-0.045707352459430695,0.005315115675330162,-1.5832543341428431
2009-03-02,fold_1,GFC peak crash (Lehman + Mar-2009 bottom),0.0064864382147789,1,-0.000751598970964551,-1,-0.000751598970964551,-0.061160927783930674,,,,0,-7.51598970964551,0.02419673278927803,-0.03436747193336487,0.0064864382147789,-0.034702426339665096
2009-03-03,fold_1,GFC peak crash (Lehman + Mar-2009 bottom),0.007200458087027073,1,0.026322215795516968,1,0.026322215795516968,-0.034838711988413706,,,,1,263.2221579551697,0.02498951181769371,0.026322215795516968,0.007200458087027073,1.2246895328254972
2009-03-04,fold_1,GFC peak crash (Lehman + Mar-2009 bottom),0.00492548942565918,1,-0.030462555587291718,-1,-0.030462555587291718,-0.06530126757570542,,,,0,-304.6255558729172,0.01556132361292839,0.015251108445227146,0.00492548942565918,-1.3838793595797154
2009-03-05,fold_1,GFC peak crash (Lehman + Mar-2009 bottom),0.006329825147986412,1,-0.007953135296702385,-1,-0.007953135296702385,-0.07325440287240781,,,,0,-79.53135296702385,0.01831822469830513,0.0783289447426796,0.006329825147986412,-0.34518343722180445
2009-03-06,fold_1,GFC peak crash (Lehman + Mar-2009 bottom),0.007054448127746582,1,-0.0215223990380764,-1,-0.0215223990380764,-0.09477680191048421,,,,0,-215.223990380764,0.019918885082006454,0.08872090280056,0.007054448127746582,-0.9528420129139734
2009-03-09,fold_1,GFC peak crash (Lehman + Mar-2009 bottom),0.00813368707895279,1,0.059938088059425354,1,0.059938088059425354,-0.034838713851058856,,,,1,599.3808805942535,0.021105114370584488,0.093400739133358,0.00813368707895279,2.6805293227550755
2009-03-10,fold_1,GFC peak crash (Lehman + Mar-2009 bottom),0.005340121686458588,1,0.015251108445227146,1,0.015251108445227146,-0.01958760540583171,,,,1,152.51108445227146,0.01621423289179802,0.07062570750713348,0.005340121686458588,0.5853840661056128
2009-03-11,fold_1,GFC peak crash (Lehman + Mar-2009 bottom),0.0067939721047878265,1,0.03261528164148331,1,0.03261528164148331,0.013027676235651597,,,,1,326.15281641483307,0.01927381381392479,0.0679113119840622,0.0067939721047878265,1.3098519365463446
2009-03-12,fold_1,GFC peak crash (Lehman + Mar-2009 bottom),0.006623236462473869,1,0.0024388229940086603,1,0.0024388229940086603,0.015466499229660258,,,,1,24.388229940086603,0.01821458712220192,0.03462249040603638,0.006623236462473869,0.09407075065924828
2009-03-13,fold_1,GFC peak crash (Lehman + Mar-2009 bottom),0.005903695710003376,1,-0.016842564567923546,-1,-0.016842564567923546,-0.0013760653382632881,,,,0,-168.42564567923546,0.017664063721895218,0.0168460663408041,0.005903695710003376,-0.6531217118920715
2009-03-16,fold_1,GFC peak crash (Lehman + Mar-2009 bottom),0.009095065295696259,1,0.037163060158491135,1,0.037163060158491135,0.035786994820227847,,,,1,371.63060158491135,0.02347995713353157,0.09096124023199081,0.009095065295696259,1.4270914904074783
2009-03-17,fold_1,GFC peak crash (Lehman + Mar-2009 bottom),0.007432781159877777,1,0.012536708265542984,1,0.012536708265542984,0.04832370308577083,,,,1,125.36708265542984,0.0158061645925045,0.03517917916178703,0.007432781159877777,0.48619827721992376
2009-03-18,fold_1,GFC peak crash (Lehman + Mar-2009 bottom),0.008152724243700504,1,-0.000673539936542511,-1,-0.000673539936542511,0.04765016314922832,,,,0,-6.73539936542511,0.014505144208669662,0.02724788524210453,0.008152724243700504,-0.025968645943417606
2009-03-19,fold_1,GFC peak crash (Lehman + Mar-2009 bottom),0.006705589592456818,1,-0.015337600372731686,-1,-0.015337600372731686,0.032312562776496634,,,,0,-153.37600372731686,0.00880775973200798,0.05830502137541771,0.006705589592456818,-0.5966964858352954
2009-03-20,fold_1,GFC peak crash (Lehman + Mar-2009 bottom),0.008684433996677399,1,0.05727260932326317,1,0.05727260932326317,0.0895851720997598,,,,1,572.7260932326317,0.012483697384595871,0.05468008294701576,0.008684433996677399,2.2092033033287364
2009-03-23,fold_1,GFC peak crash (Lehman + Mar-2009 bottom),0.0061108386144042015,1,-0.018618999049067497,-1,-0.018618999049067497,0.0709661730506923,,,,0,-186.18999049067497,0.004411328583955765,-0.027560722082853317,0.0061108386144042015,-0.6698162405411248
2009-03-24,fold_1,GFC peak crash (Lehman + Mar-2009 bottom),0.006398031488060951,1,0.0046054162085056305,1,0.0046054162085056305,0.07557158925919794,,,,1,46.054162085056305,0.004050806164741516,-0.00033004675060510635,0.006398031488060951,0.16961509548873643
2009-03-25,fold_1,GFC peak crash (Lehman + Mar-2009 bottom),0.004413964226841927,1,0.03038359433412552,1,0.03038359433412552,0.10595518359332345,,,,1,303.8359433412552,-0.0012351162731647491,0.00979765597730875,0.004413964226841927,1.1198733440510578
2009-03-26,fold_1,GFC peak crash (Lehman + Mar-2009 bottom),0.005866446532309055,1,-0.018962539732456207,-1,-0.018962539732456207,0.08699264386086725,,,,0,-189.62539732456207,0.000917188823223114,0.011081703938543797,0.005866446532309055,-0.6961401824098795
2009-03-27,fold_1,GFC peak crash (Lehman + Mar-2009 bottom),0.006814246065914631,1,-0.024968193843960762,-1,-0.024968193843960762,0.062024450016906485,,,,0,-249.68193843960762,0.003716263920068741,0.048450127243995667,0.006814246065914631,-0.9083529903405672
2009-03-30,fold_1,GFC peak crash (Lehman + Mar-2009 bottom),0.006460328586399555,1,0.008611675351858139,1,0.008611675351858139,0.07063612536876462,,,,1,86.11675351858139,0.008900150656700134,0.0709424838423729,0.006460328586399555,0.31813871412694694
2011-10-20,fold_2,2011 US-downgrade + EU debt,0.005211475305259228,1,0.012468178756535053,1,0.012468178756535053,0.012468178756535053,,,,1,124.68178756535053,0.009585157036781311,0.03915964812040329,0.005211475305259228,0.7254950301428739
2011-10-21,fold_2,2011 US-downgrade + EU debt,0.004333089105784893,1,0.02055499702692032,1,0.02055499702692032,0.03302317578345537,,,,1,205.5499702692032,-0.0008053220808506012,0.028219684958457947,0.004333089105784893,1.1916707960141402
2011-10-24,fold_2,2011 US-downgrade + EU debt,0.00421405304223299,1,-0.019857194274663925,-1,-0.019857194274663925,0.013165981508791447,,,,0,-198.57194274663925,-0.007202185690402985,-0.009274552576243877,0.00421405304223299,-1.1242654227451692
2011-10-25,fold_2,2011 US-downgrade + EU debt,0.0043659936636686325,1,-0.0012212475994601846,-1,-0.0012212475994601846,0.011944733909331262,,,,0,-12.212475994601846,-0.007514968514442444,-0.01582009345293045,0.0043659936636686325,-0.06760576848215083
2011-10-26,fold_2,2011 US-downgrade + EU debt,0.004252981394529343,1,0.027214914560317993,1,0.027214914560317993,0.039159648469649255,,,,1,272.14914560317993,-0.0024240128695964813,-0.006130612455308437,0.004252981394529343,1.5327721267443946
2011-10-27,fold_2,2011 US-downgrade + EU debt,0.0007623136043548584,1,0.0015282155945897102,1,0.0015282155945897102,0.040687864064238966,,,,1,15.282155945897102,-0.014775093644857407,-0.012826281599700451,0.0007623136043548584,0.08226495855020724
2011-10-28,fold_2,2011 US-downgrade + EU debt,0.0014075590297579765,1,-0.01693923957645893,-1,-0.01693923957645893,0.023748624487780035,,,,0,-169.3923957645893,-0.013606611639261246,-0.019531505182385445,0.0014075590297579765,-0.9604499301628657
2011-10-31,fold_2,2011 US-downgrade + EU debt,0.004615672864019871,1,-0.026402734220027924,-1,-0.026402734220027924,-0.002654109732247889,,,,0,-264.02734220027924,-0.011389411985874176,0.004476445727050304,0.004615672864019871,-1.5465390044523744
2011-11-01,fold_2,2011 US-downgrade + EU debt,0.0063741011545062065,1,0.008468233048915863,1,0.008468233048915863,0.005814123316667974,,,,1,84.68233048915863,-0.005276836454868317,0.04232337325811386,0.0063741011545062065,0.48436570043620525
2011-11-02,fold_2,2011 US-downgrade + EU debt,0.004205578006803989,1,0.02051924541592598,1,0.02051924541592598,0.026333368732593954,,,,1,205.1924541592598,-0.014951478689908981,-0.0019340838771313429,0.004205578006803989,1.2326345198031936
2011-11-03,fold_2,2011 US-downgrade + EU debt,0.003410985693335533,1,-0.005177008453756571,-1,-0.005177008453756571,0.021156360278837383,,,,0,-51.77008453756571,-0.02260863408446312,-0.022981518879532814,0.003410985693335533,-0.3070564506044192
2011-11-04,fold_2,2011 US-downgrade + EU debt,0.0020872578024864197,1,0.007068710867315531,1,0.007068710867315531,0.028225071146152914,,,,1,70.68710867315531,-0.010056570172309875,0.0008646357455290854,0.0020872578024864197,0.4198931974338946
2011-11-07,fold_2,2011 US-downgrade + EU debt,0.0001827199012041092,1,0.011444195173680782,1,0.011444195173680782,0.039669266319833696,,,,1,114.44195173680782,-0.011718977242708206,-0.012446429580450058,0.0001827199012041092,0.7577434176658022
2011-11-08,fold_2,2011 US-downgrade + EU debt,-0.00013955309987068176,-1,-0.03578922525048256,-1,0.03578922525048256,0.07545849157031626,,,,1,357.8922525048256,-0.00504520907998085,-0.012819630093872547,-0.00013955309987068176,-2.3478716767528267
2011-11-09,fold_2,2011 US-downgrade + EU debt,0.002921048551797867,1,-0.0005281896446831524,-1,-0.0005281896446831524,0.0749303019256331,,,,0,-5.281896446831524,0.010985735803842545,0.006316989194601774,0.002921048551797867,-0.030743494779457137
2011-11-10,fold_2,2011 US-downgrade + EU debt,0.005472411401569843,1,0.018669145181775093,1,0.018669145181775093,0.0935994471074082,,,,1,186.69145181775093,0.010590560734272003,-0.016872424632310867,0.005472411401569843,1.0943993430677403
2011-11-11,fold_2,2011 US-downgrade + EU debt,0.003073706291615963,1,-0.006242354400455952,-1,-0.006242354400455952,0.08735709270695224,,,,0,-62.42354400455952,-0.0070440806448459625,-0.04327357932925224,0.003073706291615963,-0.3656038217529387
2011-11-14,fold_2,2011 US-downgrade + EU debt,0.0034222910180687904,1,0.011070994660258293,1,0.011070994660258293,0.09842808736721054,,,,1,110.70994660258293,-0.00043707340955734253,-0.056350450962781906,0.0034222910180687904,0.660064405187602
2011-11-15,fold_2,2011 US-downgrade + EU debt,0.005501524545252323,1,-0.016652606427669525,-1,-0.016652606427669525,0.08177548093954101,,,,0,-166.52606427669525,-0.013439320027828217,-0.06411396712064743,0.005501524545252323,-0.9954319296180413
2011-11-16,fold_2,2011 US-downgrade + EU debt,-0.0008427668362855911,-1,-0.023717602714896202,-1,0.023717602714896202,0.10549308365443721,,,,1,237.17602714896202,-0.011686038225889206,-0.07028059661388397,-0.0008427668362855911,-1.4309837360810318
2011-11-17,fold_2,2011 US-downgrade + EU debt,-0.0014618262648582458,-1,-0.007732008118182421,-1,0.007732008118182421,0.11322509177261963,,,,1,77.32008118182421,-0.01250578835606575,-0.05428644269704819,-0.0014618262648582458,-0.44520972628588534
2011-11-18,fold_2,2011 US-downgrade + EU debt,0.000280674546957016,1,-0.01931922696530819,-1,-0.01931922696530819,0.09390586480731145,,,,0,-193.1922696530819,-0.011372711509466171,-0.012350264005362988,0.000280674546957016,-1.1213304566334896
2011-11-21,fold_2,2011 US-downgrade + EU debt,0.005251013673841953,1,0.003307477105408907,1,0.003307477105408907,0.09721334191272035,,,,1,33.07477105408907,-0.0006846822798252106,0.0007365956553258002,0.005251013673841953,0.1927749391665025
2011-11-22,fold_2,2011 US-downgrade + EU debt,0.0040953271090984344,1,-0.022819234058260918,-1,-0.022819234058260918,0.07439410785445943,,,,0,-228.19234058260918,0.01554713025689125,0.03372405469417572,0.0040953271090984344,-1.3755493653767066
2011-11-23,fold_2,2011 US-downgrade + EU debt,0.009746287018060684,1,-0.00772344833239913,-1,-0.00772344833239913,0.0666706595220603,,,,0,-77.2344833239913,0.035247091203927994,0.06343542039394379,0.009746287018060684,-0.4450522951381622
2011-11-25,fold_2,2011 US-downgrade + EU debt,0.007535113021731377,1,0.03420417010784149,1,0.03420417010784149,0.1008748296299018,,,,1,342.0417010784149,0.035210635513067245,0.06833713501691818,0.007535113021731377,2.0928216108284197
2011-11-28,fold_2,2011 US-downgrade + EU debt,0.009502707049250603,1,-0.006232367362827063,-1,-0.006232367362827063,0.09464246226707473,,,,0,-62.323673628270626,0.024416524916887283,0.045023635029792786,0.009502707049250603,-0.3454483536275587
2011-11-29,fold_2,2011 US-downgrade + EU debt,0.008229267783463001,1,0.03629493713378906,1,0.03629493713378906,0.1309373994008638,,,,1,362.9493713378906,0.01694706454873085,0.048457056283950806,0.008229267783463001,2.051226385858985
2011-11-30,fold_2,2011 US-downgrade + EU debt,0.006086166948080063,1,0.006892128381878138,1,0.006892128381878138,0.13782952778274193,,,,1,68.92128381878138,-0.0008618682622909546,0.012162119150161743,0.006086166948080063,0.37154584442518823
2011-12-01,fold_2,2011 US-downgrade + EU debt,0.0009211283177137375,1,-0.002821733010932803,-1,-0.002821733010932803,0.13500779477180913,,,,0,-28.21733010932803,-0.0158090777695179,-0.011691782623529434,0.0009211283177137375,-0.15238429575365461
2011-12-02,fold_2,2011 US-downgrade + EU debt,0.003006250597536564,1,0.010890672914683819,1,0.010890672914683819,0.14589846768649295,,,,1,108.90672914683819,-0.0266096368432045,0.007039838936179876,0.003006250597536564,0.6066935826487395
2011-12-05,fold_2,2011 US-downgrade + EU debt,0.0015838071703910828,1,-0.0027989486698061228,-1,-0.0027989486698061228,0.14309951901668683,,,,0,-27.989486698061228,-0.018952002748847008,-0.015138103626668453,0.0015838071703910828,-0.15482394903360208
2011-12-06,fold_2,2011 US-downgrade + EU debt,0.0036112219095230103,1,0.0,0,0.0,0.14309951901668683,,,,0,0.0,-0.017405107617378235,-0.02339749038219452,0.0036112219095230103,0.0
2011-12-07,fold_2,2011 US-downgrade + EU debt,-0.0020658913999795914,-1,-0.016961773857474327,-1,0.016961773857474327,0.16006129287416115,,,,1,169.61773857474327,-0.03013613633811474,-0.039122771471738815,-0.0020658913999795914,-0.9509170080754884
2011-12-08,fold_2,2011 US-downgrade + EU debt,0.005046532489359379,1,0.015909889712929726,1,0.015909889712929726,0.17597118258709088,,,,1,159.09889712929726,0.003328990191221237,-0.024897422641515732,0.005046532489359379,0.9709272968258564
2011-12-09,fold_2,2011 US-downgrade + EU debt,0.004864643327891827,1,-0.011287270113825798,-1,-0.011287270113825798,0.16468391247326508,,,,0,-112.87270113825798,-0.002884756773710251,-0.035672057420015335,0.004864643327891827,-0.6731594202347267
2011-12-12,fold_2,2011 US-downgrade + EU debt,0.0029190806671977043,1,-0.01105833426117897,-1,-0.01105833426117897,0.1536255782120861,,,,0,-110.5833426117897,-0.010478854179382324,-0.03427647426724434,0.0029190806671977043,-0.6728694141096118
2011-12-13,fold_2,2011 US-downgrade + EU debt,0.004325888119637966,1,-0.015725282952189445,-1,-0.015725282952189445,0.13790029525989667,,,,0,-157.25282952189445,-0.003810666501522064,0.0059900484047830105,0.004325888119637966,-0.9495455651902264
2011-12-14,fold_2,2011 US-downgrade + EU debt,0.006168568506836891,1,-0.002736423397436738,-1,-0.002736423397436738,0.13516387186245993,,,,0,-27.36423397436738,0.006745409220457077,0.007308221887797117,0.006168568506836891,-0.16338743523011157
2011-12-15,fold_2,2011 US-downgrade + EU debt,0.006619121879339218,1,0.005135253071784973,1,0.005135253071784973,0.1402991249342449,,,,1,51.35253071784973,0.005527481436729431,0.018533855676651,0.006619121879339218,0.3142684862593917
2011-12-16,fold_2,2011 US-downgrade + EU debt,0.003696695901453495,1,-0.009891687892377377,-1,-0.009891687892377377,0.13040743704186752,,,,0,-98.91687892377377,0.012461982667446136,0.021994922310113907,0.003696695901453495,-0.6382412654649806
2011-12-19,fold_2,2011 US-downgrade + EU debt,0.006683850660920143,1,0.029208188876509666,1,0.029208188876509666,0.1596156259183772,,,,1,292.08188876509666,0.022247646003961563,0.03560950607061386,0.006683850660920143,1.8771779916831859
2011-12-20,fold_2,2011 US-downgrade + EU debt,0.003394746221601963,1,-0.014407109469175339,-1,-0.014407109469175339,0.14520851644920185,,,,0,-144.0710946917534,0.0107988640666008,-0.005223233252763748,0.003394746221601963,-0.8831967265206787
2011-12-21,fold_2,2011 US-downgrade + EU debt,0.006829343736171722,1,0.008489210158586502,1,0.008489210158586502,0.15369772660778835,,,,1,84.89210158586502,0.010166700929403305,0.016353648155927658,0.006829343736171722,0.5110574939016249
2011-12-22,fold_2,2011 US-downgrade + EU debt,0.002242758870124817,1,0.008596319705247879,1,0.008596319705247879,0.16229404631303623,,,,1,85.96319705247879,-0.004621583968400955,0.005002554971724749,0.002242758870124817,0.5399180228938677
2011-12-23,fold_2,2011 US-downgrade + EU debt,0.0020644403994083405,1,0.0037228951696306467,1,0.0037228951696306467,0.16601694148266688,,,,1,37.22895169630647,-0.014095503836870193,0.015389706939458847,0.0020644403994083405,0.23349997107919782
2011-12-27,fold_2,2011 US-downgrade + EU debt,0.0012050587683916092,1,-0.011624548584222794,-1,-0.011624548584222794,0.1543923928984441,,,,0,-116.24548584222794,-0.030484480783343315,0.015876110643148422,0.0012050587683916092,-0.8294704762865347
2011-12-28,fold_2,2011 US-downgrade + EU debt,0.0012578777968883514,1,0.007169771008193493,1,0.007169771008193493,0.16156216390663758,,,,1,71.69771008193493,-0.029454633593559265,0.03569252789020538,0.0012578777968883514,0.5054421435318919
2011-12-29,fold_2,2011 US-downgrade + EU debt,0.0008987486362457275,1,-0.002861881861463189,-1,-0.002861881861463189,0.1587002820451744,,,,0,-28.61881861463189,-0.028717268258333206,0.03198814019560814,0.0008987486362457275,-0.24368794404464716
2011-12-30,fold_2,2011 US-downgrade + EU debt,0.00022789649665355682,1,0.018983472138643265,1,0.018983472138643265,0.17768375418381765,,,,1,189.83472138643265,-0.021392980590462685,0.03155828267335892,0.00022789649665355682,1.6280766304793013
2012-01-03,fold_2,2011 US-downgrade + EU debt,0.001080527901649475,1,0.004209298174828291,1,0.004209298174828291,0.18189305235864595,,,,1,42.09298174828291,-0.011368658393621445,0.019837142899632454,0.001080527901649475,0.3396611501012018
2012-01-04,fold_2,2011 US-downgrade + EU debt,0.002531902864575386,1,0.008191867731511593,1,0.008191867731511593,0.19008492009015754,,,,1,81.91867731511593,0.003074701875448227,0.01769336871802807,0.002531902864575386,0.672157943262196
2012-01-05,fold_2,2011 US-downgrade + EU debt,0.00235791876912117,1,0.0034653828479349613,1,0.0034653828479349613,0.1935503029380925,,,,1,34.65382847934961,0.008374679833650589,0.01344839483499527,0.00235791876912117,0.28154617876989074
2012-01-06,fold_2,2011 US-downgrade + EU debt,0.003799847327172756,1,-0.0032917384523898363,-1,-0.0032917384523898363,0.19025856448570266,,,,0,-32.91738452389836,0.01164601743221283,0.00638009374961257,0.003799847327172756,-0.26690995994171485
2012-01-09,fold_2,2011 US-downgrade + EU debt,0.0053751543164253235,1,0.0072623323649168015,1,0.0072623323649168015,0.19752089685061947,,,,1,72.62332364916801,0.017833296209573746,0.018740149214863777,0.0053751543164253235,0.6176430054681394
2012-01-10,fold_2,2011 US-downgrade + EU debt,0.004548234865069389,1,0.0020655242260545492,1,0.0020655242260545492,0.19958642107667401,,,,1,20.655242260545492,0.013023968786001205,0.024675680324435234,0.004548234865069389,0.18240113183113085
2012-01-11,fold_2,2011 US-downgrade + EU debt,0.004341261461377144,1,0.003946894314140081,1,0.003946894314140081,0.2035333153908141,,,,1,39.468943141400814,0.013478774577379227,0.028810633346438408,0.004341261461377144,0.3572210027434997
2012-01-12,fold_2,2011 US-downgrade + EU debt,0.0043980153277516365,1,-0.0036029184702783823,-1,-0.0036029184702783823,0.1999303969205357,,,,0,-36.02918470278382,0.012559901922941208,0.023359356448054314,0.0043980153277516365,-0.33345716869875647
2012-01-13,fold_2,2011 US-downgrade + EU debt,0.003909601829946041,1,0.009068316780030727,1,0.009068316780030727,0.20899871370056644,,,,1,90.68316780030727,0.01950130984187126,0.027296697720885277,0.003909601829946041,0.8848621991021048
2012-01-17,fold_2,2011 US-downgrade + EU debt,0.006097250618040562,1,0.013197863474488258,1,0.013197863474488258,0.2221965771750547,,,,1,131.97863474488258,0.016215015202760696,0.01638673059642315,0.006097250618040562,1.2654933739685277
2012-01-18,fold_2,2011 US-downgrade + EU debt,0.006306059658527374,1,0.006200478412210941,1,0.006200478412210941,0.22839705558726564,,,,1,62.00478412210941,0.011028192937374115,0.015677636489272118,0.006306059658527374,0.5753151595477494
2012-01-19,fold_2,2011 US-downgrade + EU debt,0.006924723275005817,1,-0.0015043833991512656,-1,-0.0015043833991512656,0.22689267218811437,,,,0,-15.043833991512656,0.007728714495897293,0.005996078252792358,0.006924723275005817,-0.14140463209322943
2012-01-20,fold_2,2011 US-downgrade + EU debt,0.008541501127183437,1,0.0003344228898640722,1,0.0003344228898640722,0.22722709507797845,,,,1,3.344228898640722,-0.0026426762342453003,0.010485036298632622,0.008541501127183437,0.039788999324111236
2012-01-23,fold_2,2011 US-downgrade + EU debt,0.004907829686999321,1,-0.001841651159338653,-1,-0.001841651159338653,0.2253854439186398,,,,0,-18.41651159338653,0.0027781687676906586,0.010978174395859241,0.004907829686999321,-0.23722331805890484
2012-01-24,fold_2,2011 US-downgrade + EU debt,0.005063985474407673,1,0.012488769367337227,1,0.012488769367337227,0.23787421328597702,,,,1,124.88769367337227,0.010843999683856964,0.014142458327114582,0.005063985474407673,1.6565615210635705
2012-01-25,fold_2,2011 US-downgrade + EU debt,0.005739045329391956,1,-0.0034810793586075306,-1,-0.0034810793586075306,0.2343931339273695,,,,0,-34.810793586075306,0.01298510655760765,0.009716147556900978,0.005739045329391956,-0.44592694704213065
2012-01-26,fold_2,2011 US-downgrade + EU debt,0.004527526907622814,1,0.0029845747631043196,1,0.0029845747631043196,0.2373777086904738,,,,1,29.845747631043196,0.011456787586212158,0.01630597747862339,0.004527526907622814,0.38259811683906547
2012-01-27,fold_2,2011 US-downgrade + EU debt,0.004698608070611954,1,0.000827561307232827,1,0.000827561307232827,0.23820526999770664,,,,1,8.27561307232827,0.019224759191274643,0.026951424777507782,0.004698608070611954,0.11205640185162051
2012-01-30,fold_2,2011 US-downgrade + EU debt,0.0059185940772295,1,0.0013226325390860438,1,0.0013226325390860438,0.23952790253679268,,,,1,13.226325390860438,0.01752234622836113,0.025317996740341187,0.0059185940772295,0.18340650606887668
2012-01-31,fold_2,2011 US-downgrade + EU debt,0.006385168991982937,1,0.008062458597123623,1,0.008062458597123623,0.2475903611339163,,,,1,80.62458597123623,0.01846187189221382,0.026089711114764214,0.006385168991982937,1.1214809968773007
2012-02-01,fold_2,2011 US-downgrade + EU debt,0.005487334914505482,1,0.003108750795945525,1,0.003108750795945525,0.25069911192986183,,,,1,31.08750795945525,0.014646027237176895,0.023324616253376007,0.005487334914505482,0.5116638443727852
2012-02-02,fold_2,2011 US-downgrade + EU debt,0.0027415212243795395,1,0.01363002136349678,1,0.01363002136349678,0.2643291332933586,,,,1,136.3002136349678,0.005536675453186035,0.027394801378250122,0.0027415212243795395,2.2556782061599634
2012-02-03,fold_2,2011 US-downgrade + EU debt,0.0025715315714478493,1,-0.0008058656821958721,-1,-0.0008058656821958721,0.26352326761116274,,,,0,-8.05865682195872,0.002216491848230362,0.006745867431163788,0.0025715315714478493,-0.12369304079839814
2012-02-06,fold_2,2011 US-downgrade + EU debt,0.004922045394778252,1,0.0020943458657711744,1,0.0020943458657711744,0.2656176134769339,,,,1,20.943458657711744,0.01724224165081978,0.01679355278611183,0.004922045394778252,0.3236356149482816
2012-02-07,fold_2,2011 US-downgrade + EU debt,0.0030170585960149765,1,0.005297363270074129,1,0.005297363270074129,0.27091497674700804,,,,1,52.97363270074129,0.01595652475953102,0.01723337359726429,0.0030170585960149765,0.8217622714312218
2012-02-08,fold_2,2011 US-downgrade + EU debt,0.00345733854919672,1,0.0071789356879889965,1,0.0071789356879889965,0.27809391243499704,,,,1,71.78935687988997,0.02833947166800499,0.004950869362801313,0.00345733854919672,1.130556543370586
2012-02-09,fold_2,2011 US-downgrade + EU debt,0.009205471724271774,1,-0.007018911652266979,-1,-0.007018911652266979,0.27107500078273006,,,,0,-70.18911652266979,0.03179306909441948,0.01137989480048418,0.009205471724271774,-1.074317083326856
2012-02-10,fold_2,2011 US-downgrade + EU debt,0.011009090580046177,1,0.009241819381713867,1,0.009241819381713867,0.2803168201644439,,,,1,92.41819381713867,0.03176061436533928,0.015250276774168015,0.011009090580046177,1.3874465085316885
2012-02-13,fold_2,2011 US-downgrade + EU debt,0.008591661229729652,1,0.00253416714258492,1,0.00253416714258492,0.28285098730702884,,,,1,25.3416714258492,0.021133597940206528,0.00884240958839655,0.008591661229729652,0.3658105560002509
2012-02-14,fold_2,2011 US-downgrade + EU debt,0.010065950453281403,1,-0.006985141430050135,-1,-0.006985141430050135,0.2758658458769787,,,,0,-69.85141430050135,0.008365608751773834,0.001738892518915236,0.010065950453281403,-1.0506623351197235
2012-02-15,fold_2,2011 US-downgrade + EU debt,0.007291808724403381,1,0.013607961125671864,1,0.013607961125671864,0.2894738070026506,,,,1,136.07961125671864,-0.0006076805293560028,0.015335114672780037,0.007291808724403381,2.209520931384703
2012-02-16,fold_2,2011 US-downgrade + EU debt,0.0020013507455587387,1,-0.003148529212921858,-1,-0.003148529212921858,0.2863252777897287,,,,0,-31.48529212921858,-0.006697706878185272,0.005172334145754576,0.0020013507455587387,-0.4679680087542468
2012-02-17,fold_2,2011 US-downgrade + EU debt,0.006105723790824413,1,0.0028339524287730455,1,0.0028339524287730455,0.28915923021850176,,,,1,28.339524287730455,-0.00935855507850647,0.009727438911795616,0.006105723790824413,0.41944385103734144
2012-02-21,fold_2,2011 US-downgrade + EU debt,0.0026467284187674522,1,-0.004569350276142359,-1,-0.004569350276142359,0.2845898799423594,,,,0,-45.69350276142359,-0.006145991384983063,0.016990341246128082,0.0026467284187674522,-0.6733801069912754
2012-02-22,fold_2,2011 US-downgrade + EU debt,0.004023250192403793,1,0.006611080374568701,1,0.006611080374568701,0.2912009603169281,,,,1,66.11080374568701,-0.0009481795132160187,0.01706789620220661,0.004023250192403793,0.9651470783620054
2012-02-23,fold_2,2011 US-downgrade + EU debt,0.0030717654153704643,1,0.003445180831477046,1,0.003445180831477046,0.29464614114840515,,,,1,34.45180831477046,-0.0016382038593292236,0.018343226984143257,0.0030717654153704643,0.5360447494646549
2012-02-24,fold_2,2011 US-downgrade + EU debt,0.0038926396518945694,1,0.001406575320288539,1,0.001406575320288539,0.2960527164686937,,,,1,14.06575320288539,-0.00263875350356102,0.014127819798886776,0.0038926396518945694,0.21888569425971233
2012-02-27,fold_2,2011 US-downgrade + EU debt,0.004321832209825516,1,0.010096855461597443,1,0.010096855461597443,0.30614957193029113,,,,1,100.96855461597443,-0.005525913089513779,0.002339030848816037,0.004321832209825516,1.5778658998156045
2012-02-28,fold_2,2011 US-downgrade + EU debt,0.0022460920736193657,1,-0.004491796251386404,-1,-0.004491796251386404,0.3016577756789047,,,,0,-44.91796251386404,-0.005282621830701828,-0.01761925034224987,0.0022460920736193657,-0.662199871345816
2012-02-29,fold_2,2011 US-downgrade + EU debt,0.0028957119211554527,1,0.007886411622166634,1,0.007886411622166634,0.30954418730107136,,,,1,78.86411622166634,-0.0017305053770542145,-0.005449074786156416,0.0028957119211554527,1.151179852539622
2012-03-01,fold_2,2011 US-downgrade + EU debt,-2.0619481801986694e-05,-1,-0.0007702261791564524,-1,0.0007702261791564524,0.3103144134802278,,,,1,7.702261791564524,-0.0031421929597854614,-0.0026220991276204586,-2.0619481801986694e-05,-0.1125984819999919
2012-03-02,fold_2,2011 US-downgrade + EU debt,-0.000608738511800766,-1,-0.0103822136297822,-1,0.0103822136297822,0.32069662711001,,,,1,103.822136297822,0.002400171011686325,0.0023094317875802517,-0.000608738511800766,-1.5251736877537474
2012-03-05,fold_2,2011 US-downgrade + EU debt,0.0016330014914274216,1,-0.009861424565315247,-1,-0.009861424565315247,0.31083520254469477,,,,0,-98.61424565315247,0.00902000442147255,0.013153144158422947,0.0016330014914274216,-1.5137589597575667
2012-03-06,fold_2,2011 US-downgrade + EU debt,0.005665031261742115,1,0.007678378373384476,1,0.007678378373384476,0.31851358091807924,,,,1,76.78378373384476,0.0181586854159832,0.04144495725631714,0.005665031261742115,1.1168153240786654
2012-03-07,fold_2,2011 US-downgrade + EU debt,0.004613920114934444,1,0.010713387280702591,1,0.010713387280702591,0.32922696819878183,,,,1,107.13387280702591,0.016337130218744278,0.037231557071208954,0.004613920114934444,1.5151388808677082
2012-03-08,fold_2,2011 US-downgrade + EU debt,0.004437046125531197,1,0.004161304794251919,1,0.004161304794251919,0.33338827299303375,,,,1,41.61304794251919,0.012447085231542587,0.029371794313192368,0.004437046125531197,0.5645424096506517
2012-03-09,fold_2,2011 US-downgrade + EU debt,0.004992002621293068,1,0.0004614990612026304,1,0.0004614990612026304,0.3338497720542364,,,,1,4.614990612026304,0.005051139742136002,0.024503981694579124,0.004992002621293068,0.06361889606810102
2012-03-12,fold_2,2011 US-downgrade + EU debt,0.001012442633509636,1,0.01843038946390152,1,0.01843038946390152,0.3522801615181379,,,,1,184.3038946390152,-0.0014708898961544037,0.03108314424753189,0.001012442633509636,2.602040314567907
2012-03-13,fold_2,2011 US-downgrade + EU debt,0.0029476983472704887,1,0.0034649777226150036,1,0.0034649777226150036,0.3557451392407529,,,,1,34.649777226150036,-0.011469673365354538,0.01444236095994711,0.0029476983472704887,0.43695195041424706
2012-03-14,fold_2,2011 US-downgrade + EU debt,0.0005885027348995209,1,0.0028536233585327864,1,0.0028536233585327864,0.3585987625992857,,,,1,28.536233585327864,-0.012345455586910248,0.011126581579446793,0.0005885027348995209,0.35906071161865233
2012-03-15,fold_2,2011 US-downgrade + EU debt,-0.0004184003919363022,-1,-0.0007065081736072898,-1,0.0007065081736072898,0.359305270772893,,,,1,7.065081736072898,-0.010520253330469131,0.006184988189488649,-0.0004184003919363022,-0.09036301955303956
2012-03-16,fold_2,2011 US-downgrade + EU debt,-0.001473739743232727,-1,0.007040662225335836,1,-0.007040662225335836,0.35226460854755715,,,,0,-70.40662225335836,-0.008744880557060242,0.006294159684330225,-0.001473739743232727,0.9773428193550118
2012-03-19,fold_2,2011 US-downgrade + EU debt,0.0007666591554880142,1,0.0017896058270707726,1,0.0017896058270707726,0.3540542143746279,,,,1,17.896058270707726,-0.0026240944862365723,0.016580747440457344,0.0007666591554880142,0.24380827020648896
2012-03-20,fold_2,2011 US-downgrade + EU debt,0.00393333937972784,1,0.0001491978910053149,1,0.0001491978910053149,0.35420341226563323,,,,1,1.4919789100531489,0.004498932510614395,0.01625809818506241,0.00393333937972784,0.020371779229221194
2012-03-21,fold_2,2011 US-downgrade + EU debt,0.0038847140967845917,1,-0.002087969798594713,-1,-0.002087969798594713,0.3521154424670385,,,,0,-20.879697985947132,0.001222718507051468,0.01214273739606142,0.0038847140967845917,-0.2879080999137984
2012-03-22,fold_2,2011 US-downgrade + EU debt,0.004329361952841282,1,-0.0005973368533886969,-1,-0.0005973368533886969,0.3515181056136498,,,,0,-5.973368533886969,0.005522344261407852,0.010396905243396759,0.004329361952841282,-0.0839512847838132
2012-03-23,fold_2,2011 US-downgrade + EU debt,0.007021700032055378,1,0.01732725091278553,1,0.01732725091278553,0.36884535652643535,,,,1,173.2725091278553,0.005934767425060272,0.009071050211787224,0.007021700032055378,2.4491804812367133
2012-03-26,fold_2,2011 US-downgrade + EU debt,0.0036408845335245132,1,0.001466956571675837,1,0.001466956571675837,0.3703123130981112,,,,1,14.66956571675837,-0.0016763284802436829,0.0020533644128590822,0.0036408845335245132,0.18200350488989153
2012-03-27,fold_2,2011 US-downgrade + EU debt,0.0024442803114652634,1,-0.003966162912547588,-1,-0.003966162912547588,0.3663461501855636,,,,0,-39.66162912547588,-0.0020370259881019592,0.0002936256059911102,0.0024442803114652634,-0.5121378390983127
2012-03-28,fold_2,2011 US-downgrade + EU debt,0.0026192860677838326,1,-0.0038338019512593746,-1,-0.0038338019512593746,0.3625123482343042,,,,0,-38.338019512593746,0.0018774159252643585,-0.0094646867364645,0.0026192860677838326,-0.49596645392931077
2012-03-29,fold_2,2011 US-downgrade + EU debt,0.0036022448912262917,1,-0.001923191943205893,-1,-0.001923191943205893,0.36058915629109833,,,,0,-19.23191943205893,0.002970166504383087,0.000590998271945864,0.0036022448912262917,-0.2538937655513964
2014-02-21,fold_3,Taper tantrum and 2014 H1,0.0026952335610985756,1,0.005323662888258696,1,0.005323662888258696,0.005323662888258696,,,,1,53.236628882586956,-0.007405661046504974,0.008691264316439629,0.0026952335610985756,0.49226051732137377
2014-02-24,fold_3,Taper tantrum and 2014 H1,0.004366081207990646,1,-0.001106994808651507,-1,-0.001106994808651507,0.004216668079607189,,,,0,-11.069948086515069,-0.007776685059070587,-0.00407614978030324,0.004366081207990646,-0.11145365394766149
2014-02-25,fold_3,Taper tantrum and 2014 H1,0.005208018235862255,1,-0.000885732239112258,-1,-0.000885732239112258,0.0033309358404949307,,,,0,-8.85732239112258,-0.005435813218355179,0.009663728065788746,0.005208018235862255,-0.09136686309462048
2014-02-26,fold_3,Taper tantrum and 2014 H1,0.0051904283463954926,1,0.006466743536293507,1,0.006466743536293507,0.009797679376788437,,,,1,64.66743536293507,-0.0037468113005161285,0.013298643752932549,0.0051904283463954926,0.6669918548421834
2014-02-27,fold_3,Taper tantrum and 2014 H1,0.006102518178522587,1,-0.0011064147111028433,-1,-0.0011064147111028433,0.008691264665685594,,,,0,-11.064147111028433,0.0019178539514541626,0.005953503772616386,0.006102518178522587,-0.1164405687605777
2014-02-28,fold_3,Taper tantrum and 2014 H1,0.008619165048003197,1,-0.007443751208484173,-1,-0.007443751208484173,0.0012475134572014213,,,,0,-74.43751208484173,-0.00478753075003624,0.002101438818499446,0.008619165048003197,-0.8678280809274966
2014-03-03,fold_3,Taper tantrum and 2014 H1,0.0027605686336755753,1,0.0126328831538558,1,0.0126328831538558,0.013880396611057222,,,,1,126.328831538558,-0.0009151361882686615,0.010427766479551792,0.0027605686336755753,1.449198935767308
2014-03-04,fold_3,Taper tantrum and 2014 H1,0.0021244166418910027,1,0.002749183913692832,1,0.002749183913692832,0.016629580524750054,,,,1,27.49183913692832,0.001228291541337967,-0.006517944857478142,0.0021244166418910027,0.36409727286672033
2014-03-05,fold_3,Taper tantrum and 2014 H1,0.006070795468986034,1,-0.000878396793268621,-1,-0.000878396793268621,0.015751183731481433,,,,0,-8.78396793268621,0.00022721290588378906,-0.00550622446462512,0.006070795468986034,-0.11876164717620236
2014-03-06,fold_3,Taper tantrum and 2014 H1,0.003992161713540554,1,-0.004958479665219784,-1,-0.004958479665219784,0.010792704066261649,,,,0,-49.58479665219784,0.005165141075849533,-0.018862556666135788,0.003992161713540554,-0.6722333900953021
2014-03-07,fold_3,Taper tantrum and 2014 H1,0.005876593291759491,1,0.0008825759869068861,1,0.0008825759869068861,0.011675280053168535,,,,1,8.825759869068861,0.005097724497318268,-0.020760266110301018,0.005876593291759491,0.1279116911000885
2014-03-10,fold_3,Taper tantrum and 2014 H1,0.007040758617222309,1,-0.004312828183174133,-1,-0.004312828183174133,0.007362451869994402,,,,0,-43.12828183174133,0.0013622045516967773,-0.012884118594229221,0.007040758617222309,-0.7622219523205848
2014-03-11,fold_3,Taper tantrum and 2014 H1,0.005545869469642639,1,0.0037609043065458536,1,0.0037609043065458536,0.011123356176540256,,,,1,37.609043065458536,0.0010260045528411865,0.003430252429097891,0.005545869469642639,0.6720760088848108
2014-03-12,fold_3,Taper tantrum and 2014 H1,0.0070401765406131744,1,-0.01423472911119461,-1,-0.01423472911119461,-0.003111372934654355,,,,0,-142.3472911119461,0.0026734359562397003,-0.00575813977047801,0.0070401765406131744,-2.812872408524843
2014-03-13,fold_3,Taper tantrum and 2014 H1,0.002384500578045845,1,-0.006856187712401152,-1,-0.006856187712401152,-0.009967560647055507,,,,0,-68.56187712401152,0.001214250922203064,0.01124925073236227,0.002384500578045845,-1.1497802921245706
2014-03-14,fold_3,Taper tantrum and 2014 H1,0.001972336322069168,1,0.008758722804486752,1,0.008758722804486752,-0.0012088378425687551,,,,1,87.58722804486752,-0.0031556114554405212,0.005999579560011625,0.001972336322069168,1.4767679021712654
2014-03-17,fold_3,Taper tantrum and 2014 H1,-0.0014161579310894012,-1,0.012001542374491692,1,-0.012001542374491692,-0.013210380217060447,,,,0,-120.01542374491692,-0.008152410387992859,-0.011562190018594265,-0.0014161579310894012,1.926450667269544
2014-03-18,fold_3,Taper tantrum and 2014 H1,-0.00036272406578063965,-1,-0.005427488125860691,-1,0.005427488125860691,-0.007782892091199756,,,,1,54.27488125860691,-0.01918732561171055,-0.020281963050365448,-0.00036272406578063965,-0.8107154202653549
2014-03-19,fold_3,Taper tantrum and 2014 H1,0.00012825056910514832,1,0.0027726609259843826,1,0.0027726609259843826,-0.005010231165215373,,,,1,27.726609259843826,-0.009136278182268143,-0.02781808003783226,0.00012825056910514832,0.41839638687375774
2014-03-20,fold_3,Taper tantrum and 2014 H1,0.0003661755472421646,1,-0.012105858884751797,-1,-0.012105858884751797,-0.01711609004996717,,,,0,-121.05858884751797,-0.01034485176205635,-0.03621464595198631,0.0003661755472421646,-1.8416946564998837
2014-03-21,fold_3,Taper tantrum and 2014 H1,0.000866185873746872,1,-0.008803046308457851,-1,-0.008803046308457851,-0.02591913635842502,,,,0,-88.03046308457851,-0.003487981855869293,-0.02215406857430935,0.000866185873746872,-1.239424755320805
2014-03-24,fold_3,Taper tantrum and 2014 H1,0.003583734855055809,1,0.003281768411397934,1,0.003281768411397934,-0.022637367947027087,,,,1,32.81768411397934,-0.002013329416513443,-0.0062537225894629955,0.003583734855055809,0.4511965566791618
2014-03-25,fold_3,Taper tantrum and 2014 H1,0.004004310816526413,1,-0.012963604182004929,-1,-0.012963604182004929,-0.035600972129032016,,,,0,-129.6360418200493,-0.008154183626174927,0.00787755660712719,0.004004310816526413,-1.7743265739366645
2014-03-26,fold_3,Taper tantrum and 2014 H1,0.0019228821620345116,1,-0.005623903591185808,-1,-0.005623903591185808,-0.041224875720217824,,,,0,-56.23903591185808,-0.004321444779634476,0.02341604046523571,0.0019228821620345116,-0.7157141756594412
2014-03-27,fold_3,Taper tantrum and 2014 H1,0.0027891192585229874,1,0.0019547175616025925,1,0.0019547175616025925,-0.03927015815861523,,,,1,19.547175616025925,-0.009668011218309402,0.02107001282274723,0.0027891192585229874,0.24979581633408446
2014-03-28,fold_3,Taper tantrum and 2014 H1,0.001986520364880562,1,0.0070972987450659275,1,0.0070972987450659275,-0.032172859413549304,,,,1,70.97298745065928,-0.011292856186628342,-0.007842288352549076,0.001986520364880562,0.9060127079641355
2014-03-31,fold_3,Taper tantrum and 2014 H1,-0.0024506207555532455,-1,0.017413048073649406,1,-0.017413048073649406,-0.04958590748719871,,,,0,-174.13048073649406,-0.0066576749086380005,-0.0244788508862257,-0.0024506207555532455,2.2274561662872308
2014-04-01,fold_3,Taper tantrum and 2014 H1,-0.0027001723647117615,-1,0.0025748794432729483,1,-0.0025748794432729483,-0.05216078693047166,,,,0,-25.748794432729483,-0.00837615504860878,-0.03270028531551361,-0.0027001723647117615,0.31157741244076076
2014-04-02,fold_3,Taper tantrum and 2014 H1,-0.004020676016807556,-1,-0.007969930768013,-1,0.007969930768013,-0.04419085616245866,,,,1,79.69930768013,-0.0051060691475868225,-0.018278267234563828,-0.004020676016807556,-0.9647420670863133
2014-04-03,fold_3,Taper tantrum and 2014 H1,-0.00032680854201316833,-1,-0.02695758268237114,-1,0.02695758268237114,-0.01723327348008752,,,,1,269.5758268237114,0.005668260157108307,-0.04177101328969002,-0.00032680854201316833,-3.1906397371676727
2014-04-04,fold_3,Taper tantrum and 2014 H1,0.008094129152595997,1,-0.009539262391626835,-1,-0.009539262391626835,-0.026772535871714354,,,,0,-95.39262391626835,0.014270301908254623,-0.026514969766139984,0.008094129152595997,-0.9243960077394551
2014-04-07,fold_3,Taper tantrum and 2014 H1,0.009081334806978703,1,0.009191613644361496,1,0.009191613644361496,-0.017580922227352858,,,,1,91.91613644361496,0.01841765269637108,-0.00915968231856823,0.009081334806978703,0.8724212064864433
2014-04-08,fold_3,Taper tantrum and 2014 H1,0.007054033689200878,1,0.016996895894408226,1,0.016996895894408226,-0.0005840263329446316,,,,1,169.96895894408226,0.011644639074802399,-0.015053289011120796,0.007054033689200878,1.5898401667635498
2014-04-09,fold_3,Taper tantrum and 2014 H1,0.0026875771582126617,1,-0.03146267682313919,-1,-0.03146267682313919,-0.03204670315608382,,,,0,-314.6267682313919,0.006674923002719879,-0.018851255998015404,0.0026875771582126617,-2.7805663507372933
2014-04-10,fold_3,Taper tantrum and 2014 H1,0.008102030493319035,1,-0.01170154195278883,-1,-0.01170154195278883,-0.04374824510887265,,,,0,-117.0154195278883,0.02590077742934227,0.012843403033912182,0.008102030493319035,-0.9044168442628483
2014-04-11,fold_3,Taper tantrum and 2014 H1,0.014323141425848007,1,0.007816024124622345,1,0.007816024124622345,-0.03593222098425031,,,,1,78.16024124622345,0.04772573336958885,0.031941864639520645,0.014323141425848007,0.5961510368720718
2014-04-14,fold_3,Taper tantrum and 2014 H1,0.008567345328629017,1,0.0032980076503008604,1,0.0032980076503008604,-0.03263421333394945,,,,1,32.980076503008604,0.027083631604909897,0.0320403128862381,0.008567345328629017,0.25212227676228055
2014-04-15,fold_3,Taper tantrum and 2014 H1,0.008457880467176437,1,0.013198929838836193,1,0.013198929838836193,-0.019435283495113254,,,,1,131.98929838836193,0.026964683085680008,0.01990613155066967,0.008457880467176437,1.029239149505944
2014-04-16,fold_3,Taper tantrum and 2014 H1,0.0017039841040968895,1,0.0002319830673513934,1,0.0002319830673513934,-0.01920330042776186,,,,1,2.319830673513934,0.020475249737501144,0.016228817403316498,0.0017039841040968895,0.017704409515367756
2014-04-17,fold_3,Taper tantrum and 2014 H1,0.001721162348985672,1,0.007396920118480921,1,0.007396920118480921,-0.01180638030928094,,,,1,73.96920118480921,0.007817991077899933,-0.00011613046081038192,0.001721162348985672,0.5651443196261554
2014-04-21,fold_3,Taper tantrum and 2014 H1,-0.004172366112470627,-1,0.007914471440017223,1,-0.007914471440017223,-0.019720851749298163,,,,0,-79.14471440017223,0.009860683232545853,-0.004269872326403856,-0.004172366112470627,0.6129573868021266
2014-04-22,fold_3,Taper tantrum and 2014 H1,0.0059004900977015495,1,-0.008836171589791775,-1,-0.008836171589791775,-0.028557023339089938,,,,0,-88.36171589791775,0.0015728771686553955,-0.004236620385199785,0.0059004900977015495,-0.685870461320646
2014-04-23,fold_3,Taper tantrum and 2014 H1,0.0083362041041255,1,0.009521614760160446,1,0.009521614760160446,-0.01903540857892949,,,,1,95.21614760160446,-0.002847295254468918,0.007235391531139612,0.0083362041041255,0.7316941727822702
2014-04-24,fold_3,Taper tantrum and 2014 H1,0.001599978655576706,1,-0.01611296460032463,-1,-0.01611296460032463,-0.03514837317925412,,,,0,-161.1296460032463,-0.010075628757476807,0.0006843045121058822,0.001599978655576706,-1.252605071352228
2014-04-25,fold_3,Taper tantrum and 2014 H1,0.00844073761254549,1,0.0032431783620268106,1,0.0032431783620268106,-0.03190519481722731,,,,1,32.43178362026811,-0.009040016680955887,0.01497045811265707,0.00844073761254549,0.2438609425001167
2014-04-28,fold_3,Taper tantrum and 2014 H1,0.0033423490822315216,1,0.00794772244989872,1,0.00794772244989872,-0.02395747236732859,,,,1,79.4772244989872,-0.02040463127195835,0.016970984637737274,0.0033423490822315216,0.5970399685811895
2014-04-29,fold_3,Taper tantrum and 2014 H1,0.005311835557222366,1,0.0026358403265476227,1,0.0026358403265476227,-0.02132163204078097,,,,1,26.358403265476227,-0.022444823756814003,-0.004023039247840643,0.005311835557222366,0.19765020906525657
2014-04-30,fold_3,Taper tantrum and 2014 H1,0.002657821401953697,1,0.002970527159050107,1,0.002970527159050107,-0.018351104881730862,,,,1,29.70527159050107,-0.02631630003452301,-0.00954312551766634,0.002657821401953697,0.2326464559028697
2014-05-01,fold_3,Taper tantrum and 2014 H1,-0.0030717626214027405,-1,-0.0018268103012815118,-1,0.0018268103012815118,-0.01652429458044935,,,,1,18.268103012815118,-0.02729904279112816,-0.013438626192510128,-0.0030717626214027405,-0.14302445624634064
2014-05-02,fold_3,Taper tantrum and 2014 H1,-0.0010650716722011566,-1,0.005243705119937658,1,-0.005243705119937658,-0.02176799970038701,,,,0,-52.43705119937658,-0.01635606959462166,-0.007918200455605984,-0.0010650716722011566,0.41437903964715017
2014-05-05,fold_3,Taper tantrum and 2014 H1,0.00010185316205024719,1,-0.013046301901340485,-1,-0.013046301901340485,-0.03481430160172749,,,,0,-130.46301901340485,-0.011459682136774063,0.003178476123139262,0.00010185316205024719,-1.1660932572157228
2014-05-06,fold_3,Taper tantrum and 2014 H1,0.0019635576754808426,1,-0.002884245477616787,-1,-0.002884245477616787,-0.03769854707934428,,,,0,-28.84245477616787,-0.009792864322662354,0.016904594376683235,0.0019635576754808426,-0.25381310969980364
2014-05-07,fold_3,Taper tantrum and 2014 H1,0.004585890099406242,1,-0.0009249738068319857,-1,-0.0009249738068319857,-0.038623520886176266,,,,0,-9.249738068319857,-0.0008313171565532684,0.01456519030034542,0.004585890099406242,-0.08262502824968634
2014-05-08,fold_3,Taper tantrum and 2014 H1,0.0033644121140241623,1,0.003693615784868598,1,0.003693615784868598,-0.03492990510130767,,,,1,36.93615784868598,-0.0027073845267295837,0.00760283088311553,0.0033644121140241623,0.3507050202758788
2014-05-09,fold_3,Taper tantrum and 2014 H1,0.0029205400496721268,1,0.016340382397174835,1,0.016340382397174835,-0.018589522704132833,,,,1,163.40382397174835,0.010693073272705078,0.010429514572024345,0.0029205400496721268,2.073398925339283
2014-05-12,fold_3,Taper tantrum and 2014 H1,0.002033935859799385,1,0.0006798167596571147,1,0.0006798167596571147,-0.017909705944475718,,,,1,6.798167596571147,0.00019641220569610596,0.0010198835516348481,0.002033935859799385,0.08207038410880037
2014-05-13,fold_3,Taper tantrum and 2014 H1,0.007082580588757992,1,-0.005223650485277176,-1,-0.005223650485277176,-0.023133356429752894,,,,0,-52.23650485277176,0.0018250606954097748,-0.00328986463136971,0.007082580588757992,-0.6450313470035096
2014-05-14,fold_3,Taper tantrum and 2014 H1,0.0019702082499861717,1,-0.007887332700192928,-1,-0.007887332700192928,-0.031020689129945822,,,,0,-78.87332700192928,-0.00438951700925827,0.011433972977101803,0.0019702082499861717,-0.9679146831549944
2014-05-15,fold_3,Taper tantrum and 2014 H1,0.007535761222243309,1,0.006520299706608057,1,0.006520299706608057,-0.024500389423337765,,,,1,65.20299706608057,-0.00356900691986084,0.023701516911387444,0.007535761222243309,0.8361923425833073
2014-05-16,fold_3,Taper tantrum and 2014 H1,0.005174450576305389,1,0.0069307503290474415,1,0.0069307503290474415,-0.017569639094290324,,,,1,69.30750329047441,-0.010609015822410583,0.02443923056125641,0.005174450576305389,0.8737077739859721
2014-05-19,fold_3,Taper tantrum and 2014 H1,0.0038956720381975174,1,-0.0036299314815551043,-1,-0.0036299314815551043,-0.021199570575845428,,,,0,-36.29931481555104,-0.008675817400217056,0.029892729595303535,0.0038956720381975174,-0.45881738372934977
2014-05-20,fold_3,Taper tantrum and 2014 H1,0.007200800813734531,1,0.009500186890363693,1,0.009500186890363693,-0.011699383685481735,,,,1,95.00186890363693,-0.0003434903919696808,0.03044099360704422,0.007200800813734531,1.225258190591561
2014-05-21,fold_3,Taper tantrum and 2014 H1,0.0006057191640138626,1,0.004380210768431425,1,0.004380210768431425,-0.0073191729170503095,,,,1,43.80210768431425,-0.0009558387100696564,0.027313604950904846,0.0006057191640138626,0.5620858252523185
2014-05-22,fold_3,Taper tantrum and 2014 H1,0.005091446451842785,1,0.007258014287799597,1,0.007258014287799597,-6.115862925071269e-05,,,,1,72.58014287799597,-0.004663251340389252,0.023042934015393257,0.005091446451842785,0.9600542360580507
2014-05-23,fold_3,Taper tantrum and 2014 H1,0.002977803349494934,1,0.012384248897433281,1,0.012384248897433281,0.012323090268182568,,,,1,123.84248897433281,-0.0017410889267921448,0.014798999764025211,0.002977803349494934,1.8101637895137987
2014-05-27,fold_3,Taper tantrum and 2014 H1,0.0020294366404414177,1,-0.0030816674698144197,-1,-0.0030816674698144197,0.009241422798368149,,,,0,-30.816674698144197,-0.002414155751466751,0.0019759966526180506,0.0020294366404414177,-0.4195607894926704
2014-05-28,fold_3,Taper tantrum and 2014 H1,0.007589447312057018,1,0.006372798699885607,1,0.006372798699885607,0.015614221498253755,,,,1,63.72798699885607,0.012704096734523773,0.008779807947576046,0.007589447312057018,0.8900581927586882
2014-05-29,fold_3,Taper tantrum and 2014 H1,0.0007991697639226913,1,0.00010953944001812488,1,0.00010953944001812488,0.01572376093827188,,,,1,1.0953944001812488,0.006004266440868378,0.010785252787172794,0.0007991697639226913,0.015053706886225565
2014-05-30,fold_3,Taper tantrum and 2014 H1,0.00423850491642952,1,-0.0009859201963990927,-1,-0.0009859201963990927,0.014737840741872787,,,,0,-9.859201963990927,0.009411055594682693,0.01640191674232483,0.00423850491642952,-0.13605960599780215
2014-06-02,fold_3,Taper tantrum and 2014 H1,0.004028123803436756,1,-0.00043875392293557525,-1,-0.00043875392293557525,0.014299086818937212,,,,0,-4.3875392293557525,0.006439369171857834,0.016633290797472,0.004028123803436756,-0.060617508986671356
2014-06-03,fold_3,Taper tantrum and 2014 H1,0.011106245219707489,1,0.003722143592312932,1,0.003722143592312932,0.018021230411250144,,,,1,37.22143592312932,0.009386055171489716,0.018795523792505264,0.011106245219707489,0.52107920808085
2014-06-04,fold_3,Taper tantrum and 2014 H1,0.007494241930544376,1,0.008378244005143642,1,0.008378244005143642,0.026399474416393787,,,,1,83.78244005143642,0.009198993444442749,0.014858423732221127,0.007494241930544376,1.2746072309545615
2014-06-05,fold_3,Taper tantrum and 2014 H1,0.005868097767233849,1,0.005726202856749296,1,0.005726202856749296,0.03212567727314308,,,,1,57.26202856749296,0.0007156692445278168,-0.002603821223601699,0.005868097767233849,0.841536314923747
2014-06-06,fold_3,Taper tantrum and 2014 H1,0.0032376591116189957,1,-0.0007545453845523298,-1,-0.0007545453845523298,0.03137113188859075,,,,0,-7.545453845523298,-0.0006117485463619232,-0.005401598289608955,0.0032376591116189957,-0.1090258095653863
2014-06-09,fold_3,Taper tantrum and 2014 H1,0.004961657337844372,1,0.0017234788974747062,1,0.0017234788974747062,0.03309461078606546,,,,1,17.23478897474706,0.006683997809886932,-0.0037802942097187042,0.004961657337844372,0.2507459024618815
2014-06-10,fold_3,Taper tantrum and 2014 H1,0.010350807569921017,1,-0.00021495713735930622,-1,-0.00021495713735930622,0.03287965364870615,,,,0,-2.149571373593062,0.01838485524058342,-0.004963437560945749,0.010350807569921017,-0.036842175568203905
2014-06-11,fold_3,Taper tantrum and 2014 H1,0.008703754283487797,1,-0.009084000252187252,-1,-0.009084000252187252,0.0237956533965189,,,,0,-90.84000252187252,0.018608879297971725,0.0008610818767920136,0.008703754283487797,-1.557411019774264
2014-06-12,fold_3,Taper tantrum and 2014 H1,0.012379597872495651,1,0.0029284260235726833,1,0.0029284260235726833,0.026724079420091584,,,,1,29.284260235726833,0.02657594159245491,0.009298957884311676,0.012379597872495651,0.48285032094804403
2014-06-13,fold_3,Taper tantrum and 2014 H1,0.009522838518023491,1,0.0008667586953379214,1,0.0008667586953379214,0.027590838115429506,,,,1,8.667586953379214,0.021834205836057663,0.007546482607722282,0.009522838518023491,0.1484276600289527
2014-06-16,fold_3,Taper tantrum and 2014 H1,0.011348611675202847,1,0.0005403357790783048,1,0.0005403357790783048,0.02813117389450781,,,,1,5.403357790783048,0.014582667499780655,0.006895371712744236,0.011348611675202847,0.09549964981027752
2014-06-17,fold_3,Taper tantrum and 2014 H1,0.010153369046747684,1,0.005609562154859304,1,0.005609562154859304,0.033740736049367115,,,,1,56.095621548593044,0.007724136114120483,0.005384569056332111,0.010153369046747684,1.0306115744567852
2014-06-18,fold_3,Taper tantrum and 2014 H1,0.006354524753987789,1,-0.000646124710328877,-1,-0.000646124710328877,0.03309461133903824,,,,0,-6.46124710328877,0.005008716136217117,0.006119376048445702,0.006354524753987789,-0.11691776295906459
2014-06-19,fold_3,Taper tantrum and 2014 H1,0.0080665722489357,1,0.001175950514152646,1,0.001175950514152646,0.034270561853190884,,,,1,11.75950514152646,0.00621231272816658,0.007301395758986473,0.0080665722489357,0.2304085862318534
2014-06-20,fold_3,Taper tantrum and 2014 H1,0.005600655451416969,1,0.0002156479167751968,1,0.0002156479167751968,0.03448620976996608,,,,1,2.156479167751968,0.0028702393174171448,0.010508253239095211,0.005600655451416969,0.04299375123078296
2014-06-23,fold_3,Taper tantrum and 2014 H1,0.006444111466407776,1,-0.0009704668773338199,-1,-0.0009704668773338199,0.03351574289263226,,,,0,-9.704668773338199,0.002014860510826111,0.011997771449387074,0.006444111466407776,-0.20447154155560207
2014-06-24,fold_3,Taper tantrum and 2014 H1,0.007637478411197662,1,0.006344369146972895,1,0.006344369146972895,0.039860112039605156,,,,1,63.44369146972895,0.0016884617507457733,0.023876363411545753,0.007637478411197662,1.643309511582408
2014-06-25,fold_3,Taper tantrum and 2014 H1,0.005113708786666393,1,0.0005358947673812509,1,0.0005358947673812509,0.040396006806986406,,,,1,5.358947673812509,-0.002050049602985382,0.019215893000364304,0.005113708786666393,0.13215691458243795
2014-06-26,fold_3,Taper tantrum and 2014 H1,0.004154842346906662,1,0.00438280776143074,1,0.00438280776143074,0.04477881456841715,,,,1,43.828077614307404,-0.005375273525714874,0.024969423189759254,0.004154842346906662,1.1539035577103673
2014-06-27,fold_3,Taper tantrum and 2014 H1,0.003219206817448139,1,0.0017051667673513293,1,0.0017051667673513293,0.046483981335768476,,,,1,17.051667673513293,-0.004803832620382309,0.01755196787416935,0.003219206817448139,0.4347071467681163
2014-06-30,fold_3,Taper tantrum and 2014 H1,0.0051671480759978294,1,0.010908124968409538,1,0.010908124968409538,0.057392106304178014,,,,1,109.08124968409538,-0.00038460642099380493,0.0037202120292931795,0.0051671480759978294,2.7721612507452202
2014-07-01,fold_3,Taper tantrum and 2014 H1,0.003195655532181263,1,0.0016838997835293412,1,0.0016838997835293412,0.059076006087707356,,,,1,16.838997835293412,0.00016991421580314636,0.0002107195177813992,0.003195655532181263,0.36381104072122655
2014-07-02,fold_3,Taper tantrum and 2014 H1,0.0027788225561380386,1,0.00628942484036088,1,0.00628942484036088,0.06536543092806824,,,,1,62.8942484036088,-0.0009480193257331848,-0.0046371459029614925,0.0027788225561380386,1.3766643287193563
2014-07-03,fold_3,Taper tantrum and 2014 H1,0.0039166901260614395,1,-0.0030346480198204517,-1,-0.0030346480198204517,0.062330782908247784,,,,0,-30.346480198204517,-0.0007146000862121582,-0.004503125324845314,0.0039166901260614395,-0.6900461447877146
2014-07-07,fold_3,Taper tantrum and 2014 H1,0.00429413840174675,1,-0.012126589193940163,-1,-0.012126589193940163,0.05020419371430762,,,,0,-121.26589193940163,-0.0015357807278633118,0.004496706649661064,0.00429413840174675,-2.8455543192125514
2014-07-08,fold_3,Taper tantrum and 2014 H1,0.006335600279271603,1,0.007398632355034351,1,0.007398632355034351,0.05760282606934197,,,,1,73.98632355034351,0.0051584504544734955,0.013173858635127544,0.006335600279271603,1.4655670883826315
2014-07-09,fold_3,Taper tantrum and 2014 H1,0.005104026757180691,1,-0.0031639656517654657,-1,-0.0031639656517654657,0.05443886041757651,,,,0,-31.639656517654657,-0.0002877749502658844,0.00974604208022356,0.005104026757180691,-0.5971461092102441
2014-07-10,fold_3,Taper tantrum and 2014 H1,0.005232410505414009,1,0.006423445418477058,1,0.006423445418477058,0.060862305836053565,,,,1,64.23445418477058,-0.002158503979444504,-0.0004228194011375308,0.005232410505414009,1.2017025952140485
2014-07-11,fold_3,Taper tantrum and 2014 H1,0.003138362430036068,1,0.0059651839546859264,1,0.0059651839546859264,0.06682748979073949,,,,1,59.651839546859264,-0.0015069283545017242,0.008882122114300728,0.003138362430036068,1.1585792441699563
2014-07-14,fold_3,Taper tantrum and 2014 H1,0.00342616718262434,1,-0.003449437441304326,-1,-0.003449437441304326,0.06337805234943517,,,,0,-34.49437441304326,-0.0037713609635829926,0.0016677516978234053,0.00342616718262434,-0.6535234140812817
2014-07-15,fold_3,Taper tantrum and 2014 H1,0.00363234244287014,1,0.003970816265791655,1,0.003970816265791655,0.06734886861522682,,,,1,39.708162657916546,9.375438094139099e-05,0.01145125925540924,0.00363234244287014,0.7448884330714018
2014-07-16,fold_3,Taper tantrum and 2014 H1,0.00351021159440279,1,-0.013332827016711235,-1,-0.013332827016711235,0.054016041598515585,,,,0,-133.32827016711235,5.681067705154419e-05,0.013877581804990768,0.00351021159440279,-2.467743478875805
2014-07-17,fold_3,Taper tantrum and 2014 H1,0.006920403800904751,1,0.015728386119008064,1,0.015728386119008064,0.06974442771752365,,,,1,157.28386119008064,0.005686599761247635,0.026078633964061737,0.006920403800904751,2.603183061654549
2014-07-18,fold_3,Taper tantrum and 2014 H1,0.002093365415930748,1,-0.0012491863453760743,-1,-0.0012491863453760743,0.06849524137214758,,,,0,-12.491863453760743,0.0008017495274543762,0.006429646164178848,0.002093365415930748,-0.17872204598867492
2014-07-21,fold_3,Taper tantrum and 2014 H1,0.004239702597260475,1,0.006334070116281509,1,0.006334070116281509,0.07482931148842908,,,,1,63.340701162815094,-0.002847641706466675,0.007989144884049892,0.004239702597260475,0.9061378421587718
2014-07-22,fold_3,Taper tantrum and 2014 H1,0.0031141825020313263,1,0.00639713928103447,1,0.00639713928103447,0.08122645076946355,,,,1,63.971392810344696,-0.00944904237985611,-0.00010333875979995355,0.0031141825020313263,0.8969545824667564
2014-07-23,fold_3,Taper tantrum and 2014 H1,0.0005480777472257614,1,-0.0011317766038700938,-1,-0.0011317766038700938,0.08009467416559346,,,,0,-11.317766038700938,-0.016553062945604324,-0.002574207494035363,0.0005480777472257614,-0.15565918702123097
2014-07-24,fold_3,Taper tantrum and 2014 H1,0.0014414219185709953,1,-0.003920600283890963,-1,-0.003920600283890963,0.0761740738817025,,,,0,-39.206002838909626,-0.014323834329843521,-0.021860044449567795,0.0014414219185709953,-0.5494414230069968
2014-07-25,fold_3,Taper tantrum and 2014 H1,-0.0004132259637117386,-1,0.0003103120543528348,1,-0.0003103120543528348,0.07586376182734966,,,,0,-3.103120543528348,-0.013459686189889908,-0.021629933267831802,-0.0004132259637117386,0.04316926421390465
2014-07-28,fold_3,Taper tantrum and 2014 H1,0.003811754286289215,1,-0.001758413389325142,-1,-0.001758413389325142,0.07410534843802452,,,,0,-17.58413389325142,-0.005962789058685303,-0.015097670257091522,0.003811754286289215,-0.24691679954321788
2014-07-29,fold_3,Taper tantrum and 2014 H1,0.0018770107999444008,1,0.003926270641386509,1,0.003926270641386509,0.07803161907941103,,,,1,39.26270641386509,-0.002260711044073105,-0.02102711983025074,0.0018770107999444008,0.5512776424635283
2014-07-30,fold_3,Taper tantrum and 2014 H1,0.0015513012185692787,1,-0.02041761204600334,-1,-0.02041761204600334,0.05761400703340769,,,,0,-204.17612046003342,-0.009833104908466339,-0.025693856179714203,0.0015513012185692787,-3.0253746553661913
2014-07-31,fold_3,Taper tantrum and 2014 H1,0.0018662037327885628,1,-0.003690489800646901,-1,-0.003690489800646901,0.05392351723276079,,,,0,-36.90489800646901,-0.0004165172576904297,-0.008454873226583004,0.0018662037327885628,-0.4534157647166218
2014-08-01,fold_3,Taper tantrum and 2014 H1,0.004769684746861458,1,0.0068425750359892845,1,0.0068425750359892845,0.06076609226875007,,,,1,68.42575035989285,0.00021706894040107727,0.0024269213899970055,0.004769684746861458,0.8490340969905606
2014-08-04,fold_3,Taper tantrum and 2014 H1,-0.00025247223675251007,-1,-0.007687862496823072,-1,0.007687862496823072,0.06845395476557314,,,,1,76.87862496823072,-0.011362697929143906,0.001467795460484922,-0.00025247223675251007,-0.9404013445423478
2014-08-05,fold_3,Taper tantrum and 2014 H1,0.0017717201262712479,1,-0.0007404669304378331,-1,-0.0007404669304378331,0.06771348783513531,,,,0,-7.404669304378331,-0.0055122338235378265,0.008736382238566875,0.0017717201262712479,-0.0937116027863874
2014-08-06,fold_3,Taper tantrum and 2014 H1,0.003546999767422676,1,-0.00317862955853343,-1,-0.00317862955853343,0.06453485827660188,,,,0,-31.7862955853343,-0.0038856714963912964,0.02000616118311882,0.003546999767422676,-0.41130322963078586
2014-08-07,fold_3,Taper tantrum and 2014 H1,0.0025945892557501793,1,0.007191305048763752,1,0.007191305048763752,0.07172616332536563,,,,1,71.91305048763752,0.0045320503413677216,0.028356796130537987,0.0025945892557501793,0.9304928116568347
2014-08-08,fold_3,Taper tantrum and 2014 H1,0.0036953045055270195,1,0.005883449222892523,1,0.005883449222892523,0.07760961254825816,,,,1,58.83449222892523,0.003854651004076004,0.02600216120481491,0.0036953045055270195,0.757958197237931
2014-08-11,fold_3,Taper tantrum and 2014 H1,0.003309601917862892,1,-0.0004192753112874925,-1,-0.0004192753112874925,0.07719033723697066,,,,0,-4.192753112874925,0.004289478063583374,0.02778947539627552,0.003309601917862892,-0.05403648788866629
2014-08-12,fold_3,Taper tantrum and 2014 H1,0.0018657958135008812,1,0.010529312305152416,1,0.010529312305152416,0.08771964954212308,,,,1,105.29312305152416,0.004366092383861542,0.03379705175757408,0.0018657958135008812,1.363679603234186
2014-08-13,fold_3,Taper tantrum and 2014 H1,-0.0014045536518096924,-1,0.0051720053888857365,1,-0.0051720053888857365,0.08254764415323734,,,,0,-51.720053888857365,0.001103915274143219,0.02326774038374424,-0.0014045536518096924,0.6446265908960627
2014-08-14,fold_3,Taper tantrum and 2014 H1,0.0006969496607780457,1,0.004836669657379389,1,0.004836669657379389,0.08738431381061673,,,,1,48.36669657379389,-0.0012711398303508759,0.020119888707995415,0.0006969496607780457,0.6416355422554882
2014-08-15,fold_3,Taper tantrum and 2014 H1,0.004090652801096439,1,0.007670763414353132,1,0.007670763414353132,0.09505507722496986,,,,1,76.70763414353132,-0.007151003926992416,0.016798965632915497,0.004090652801096439,1.135661916793589
2014-08-18,fold_3,Taper tantrum and 2014 H1,0.0020589688792824745,1,0.005588300991803408,1,0.005588300991803408,0.10064337821677327,,,,1,55.88300991803408,-0.009832516312599182,0.012655028142035007,0.0020589688792824745,0.8025449421832442
2014-08-19,fold_3,Taper tantrum and 2014 H1,0.0009205546230077744,1,0.0,0,0.0,0.10064337821677327,,,,0,0.0,-0.011466678231954575,0.008072314783930779,0.0009205546230077744,0.0
2014-08-20,fold_3,Taper tantrum and 2014 H1,0.002823776565492153,1,0.0020241537131369114,1,0.0020241537131369114,0.10266753192991018,,,,1,20.241537131369114,-0.0005759857594966888,0.008273630402982235,0.002823776565492153,0.2984589132808147
2014-08-21,fold_3,Taper tantrum and 2014 H1,0.0027843378484249115,1,0.0015157470479607582,1,0.0015157470479607582,0.10418327897787094,,,,1,15.157470479607582,-0.004063386470079422,0.005143505055457354,0.0027843378484249115,0.22315366394154962
2014-08-22,fold_3,Taper tantrum and 2014 H1,0.003907571546733379,1,0.00352682638913393,1,0.00352682638913393,0.10771010536700487,,,,1,35.2682638913393,0.00020414963364601135,0.007342625875025988,0.003907571546733379,0.5229497782812355
2014-08-25,fold_3,Taper tantrum and 2014 H1,0.003402089700102806,1,0.0010055879829451442,1,0.0010055879829451442,0.10871569334995002,,,,1,10.055879829451442,-0.004637405276298523,0.00671806838363409,0.003402089700102806,0.14810494098229504
2014-08-26,fold_3,Taper tantrum and 2014 H1,0.0060373330488801,1,0.0002013150224229321,1,0.0002013150224229321,0.10891700837237295,,,,1,2.013150224229321,0.0010718144476413727,-0.00020076821965631098,0.0060373330488801,0.029683580416780462
2014-08-27,fold_3,Taper tantrum and 2014 H1,0.005472084507346153,1,-0.0011059711687266827,-1,-0.0011059711687266827,0.10781103720364626,,,,0,-11.059711687266827,0.004968099296092987,-0.0013072571018710732,0.005472084507346153,-0.16445378893942256
2014-08-28,fold_3,Taper tantrum and 2014 H1,0.005781751126050949,1,0.0037148678675293922,1,0.0037148678675293922,0.11152590507117566,,,,1,37.14867867529392,0.009676937013864517,0.004816656932234764,0.005781751126050949,0.7513692050723919
2014-08-29,fold_3,Taper tantrum and 2014 H1,0.00804277416318655,1,0.002902268897742033,1,0.002902268897742033,0.11442817396891769,,,,1,29.02268897742033,0.00776837021112442,0.0030023581348359585,0.00804277416318655,0.5869045800932715
2014-09-02,fold_3,Taper tantrum and 2014 H1,0.007718288339674473,1,-0.005913248751312494,-1,-0.005913248751312494,0.1085149252176052,,,,0,-59.13248751312494,0.0125613734126091,-0.008227802813053131,0.007718288339674473,-1.2456932093143112
2014-09-03,fold_3,Taper tantrum and 2014 H1,0.0075680650770664215,1,-0.0009051738306879997,-1,-0.0009051738306879997,0.1076097513869172,,,,0,-9.051738306879997,0.010270271450281143,0.005913248751312494,0.0075680650770664215,-0.19600618181372603
2014-09-04,fold_3,Taper tantrum and 2014 H1,0.006365424953401089,1,0.005017942748963833,1,0.005017942748963833,0.11262769413588103,,,,1,50.17942748963833,0.022112693637609482,0.0060186004266142845,0.006365424953401089,1.0862393282937621
2014-09-05,fold_3,Taper tantrum and 2014 H1,0.008162113837897778,1,0.0019005690701305866,1,0.0019005690701305866,0.11452826320601162,,,,1,19.005690701305866,0.015567991882562637,-0.004112768918275833,0.008162113837897778,0.40433892746950595
2014-09-08,fold_3,Taper tantrum and 2014 H1,0.005777332000434399,1,-0.008327892050147057,-1,-0.008327892050147057,0.10620037115586456,,,,0,-83.27892050147057,0.014203514903783798,-0.01571054756641388,0.005777332000434399,-1.8768245623151516
2014-09-09,fold_3,Taper tantrum and 2014 H1,0.007983016781508923,1,0.008227802813053131,1,0.008227802813053131,0.11442817396891769,,,,1,82.27802813053131,0.018331799656152725,0.001308427657932043,0.007983016781508923,1.777519263451231
2014-09-10,fold_3,Taper tantrum and 2014 H1,0.007598394528031349,1,-0.0007998223882168531,-1,-0.0007998223882168531,0.11362835158070084,,,,0,-7.998223882168531,0.016184870153665543,-0.00541094271466136,0.007598394528031349,-0.16060189297344188
2014-09-11,fold_3,Taper tantrum and 2014 H1,0.005335641093552113,1,-0.005113426595926285,-1,-0.005113426595926285,0.10851492498477455,,,,0,-51.13426595926285,0.009817574173212051,0.0028961822390556335,0.005335641093552113,-1.1642305984975365
2014-09-12,fold_3,Taper tantrum and 2014 H1,0.004133890382945538,1,-0.009697210043668747,-1,-0.009697210043668747,0.0988177149411058,,,,0,-96.97210043668747,0.01314433291554451,0.007389549165964127,0.004133890382945538,-2.2095975746885537
2014-09-15,fold_3,Taper tantrum and 2014 H1,0.005214686505496502,1,0.008691084571182728,1,0.008691084571182728,0.10750879951228853,,,,1,86.91084571182728,0.011896234005689621,0.00774153508245945,0.005214686505496502,1.8204422697855847
2014-09-16,fold_3,Taper tantrum and 2014 H1,0.005347725003957748,1,0.0015084322076290846,1,0.0015084322076290846,0.10901723171991762,,,,1,15.084322076290846,0.005728662014007568,-0.003679014276713133,0.005347725003957748,0.3103262284268353
2014-09-17,fold_3,Taper tantrum and 2014 H1,0.0006282757967710495,1,0.0075073023326694965,1,0.0075073023326694965,0.11652453405258711,,,,1,75.07302332669497,-0.004135865718126297,0.005486177280545235,0.0006282757967710495,1.594067302481406
2014-09-18,fold_3,Taper tantrum and 2014 H1,0.0008119642734527588,1,-0.0006200594361871481,-1,-0.0006200594361871481,0.11590447461639997,,,,0,-6.200594361871481,-0.0066102854907512665,-0.0232794601470232,0.0008119642734527588,-0.12401778789185415
2014-09-19,fold_3,Taper tantrum and 2014 H1,0.0011823344975709915,1,-0.009345224127173424,-1,-0.009345224127173424,0.10655925048922654,,,,0,-93.45224127173424,-0.006956338882446289,-0.012074689380824566,0.0011823344975709915,-1.876112941336521
2014-09-22,fold_3,Taper tantrum and 2014 H1,0.0036724070087075233,1,-0.002729465253651142,-1,-0.002729465253651142,0.1038297852355754,,,,0,-27.29465253651142,-0.0004453808069229126,-0.0040466017089784145,0.0036724070087075233,-0.5062925958727779
2014-09-23,fold_3,Taper tantrum and 2014 H1,0.0030355751514434814,1,0.010673623532056808,1,0.010673623532056808,0.11450340876763221,,,,1,106.73623532056808,-0.0027106665074825287,0.00010115558688994497,0.0030355751514434814,1.9884172085794183
2014-09-24,fold_3,Taper tantrum and 2014 H1,0.0019271066412329674,1,-0.021258333697915077,-1,-0.021258333697915077,0.09324507506971713,,,,0,-212.58333697915077,-0.006768409162759781,-0.026695234701037407,0.0019271066412329674,-3.6213541307532724
2014-09-25,fold_3,Taper tantrum and 2014 H1,0.003270486369729042,1,0.010584711097180843,1,0.010584711097180843,0.10382978616689797,,,,1,105.84711097180843,0.0006889142096042633,-0.005436900071799755,0.003270486369729042,1.4013167095476196
2014-09-26,fold_3,Taper tantrum and 2014 H1,0.003964325413107872,1,-0.0013171363389119506,-1,-0.0013171363389119506,0.10251264982798602,,,,0,-13.171363389119506,0.0008110105991363525,-0.0061947559006512165,0.003964325413107872,-0.1664801500173341
2014-09-29,fold_3,Taper tantrum and 2014 H1,7.399357855319977e-05,1,0.0014182919403538108,1,0.0014182919403538108,0.10393094176833984,,,,1,14.182919403538108,-0.0016928762197494507,-0.007019097916781902,7.399357855319977e-05,0.1801359166050565
2015-10-20,fold_4,China devaluation and oil crash,0.007756492123007774,1,-0.006119910627603531,-1,-0.006119910627603531,-0.006119910627603531,,,,0,-61.19910627603531,0.020780857652425766,0.04429900646209717,0.007756492123007774,-0.549909513091617
2015-10-21,fold_4,China devaluation and oil crash,0.009131373837590218,1,0.02016388066112995,1,0.02016388066112995,0.01404397003352642,,,,1,201.63880661129951,0.026020128279924393,0.05869702249765396,0.009131373837590218,1.7985088349856173
2015-10-22,fold_4,China devaluation and oil crash,0.008153822273015976,1,0.02759856916964054,1,0.02759856916964054,0.04164253920316696,,,,1,275.9856916964054,0.017937082797288895,0.03695332258939743,0.008153822273015976,2.2891135509366194
2015-10-23,fold_4,China devaluation and oil crash,0.006033475510776043,1,0.0006200486677698791,1,0.0006200486677698791,0.04226258787093684,,,,1,6.200486677698791,0.010816600173711777,0.004864683840423822,0.006033475510776043,0.046239165445014885
2015-10-26,fold_4,China devaluation and oil crash,0.0072034625336527824,1,0.0020364215597510338,1,0.0020364215597510338,0.044299009430687875,,,,1,20.364215597510338,0.013215947896242142,0.015475906431674957,0.0072034625336527824,0.17327052468370258
2015-10-27,fold_4,China devaluation and oil crash,0.007287072949111462,1,0.008278105407953262,1,0.008278105407953262,0.05257711483864114,,,,1,82.78105407953262,0.007506988942623138,0.0169235672801733,0.007287072949111462,0.7073047718117413
2015-10-28,fold_4,China devaluation and oil crash,0.0025422358885407448,1,-0.001579819479957223,-1,-0.001579819479957223,0.050997295358683914,,,,0,-15.79819479957223,-0.013688988983631134,0.008732274174690247,0.0025422358885407448,-0.1476400958413283
2015-10-29,fold_4,China devaluation and oil crash,0.0017688311636447906,1,-0.0044900719076395035,-1,-0.0044900719076395035,0.04650722345104441,,,,0,-44.900719076395035,-0.01990318112075329,0.0076130894012749195,0.0017688311636447906,-0.42125876748744795
2015-10-30,fold_4,China devaluation and oil crash,0.002582170069217682,1,0.011231271550059319,1,0.011231271550059319,0.05773849500110373,,,,1,112.31271550059319,-0.020992854610085487,0.012800556607544422,0.002582170069217682,1.125673331570117
2015-11-02,fold_4,China devaluation and oil crash,0.0003788750618696213,1,0.0034840821754187346,1,0.0034840821754187346,0.061222577176522464,,,,1,34.840821754187346,-0.03299650549888611,-0.009115763008594513,0.0003788750618696213,0.35607678947438853
2015-11-03,fold_4,China devaluation and oil crash,-0.0025671012699604034,-1,8.681241888552904e-05,1,-8.681241888552904e-05,0.061135764757636935,,,,0,-0.8681241888552904,-0.029447317123413086,-0.015156766399741173,-0.0025671012699604034,0.008896579534874601
2015-11-04,fold_4,China devaluation and oil crash,0.001192161813378334,1,-0.0026990047190338373,-1,-0.0026990047190338373,0.0584367600386031,,,,0,-26.990047190338373,-0.02156751975417137,-0.0164802223443985,0.001192161813378334,-0.27923049992307447
2015-11-05,fold_4,China devaluation and oil crash,0.0010676924139261246,1,0.0006973955896683037,1,0.0006973955896683037,0.0591341556282714,,,,1,6.973955896683037,-0.016575034707784653,-0.02355119399726391,0.0010676924139261246,0.07231429521597253
2015-11-06,fold_4,China devaluation and oil crash,0.0032738298177719116,1,-0.010685048997402191,-1,-0.010685048997402191,0.04844910663086921,,,,0,-106.85048997402191,-0.006466533988714218,-0.044079799205064774,0.0032738298177719116,-1.113930360360376
2015-11-09,fold_4,China devaluation and oil crash,0.006425161845982075,1,-0.002556920750066638,-1,-0.002556920750066638,0.04589218588080257,,,,0,-25.56920750066638,0.000321362167596817,-0.01911265403032303,0.006425161845982075,-0.2590533167347578
2015-11-10,fold_4,China devaluation and oil crash,0.008634394966065884,1,-0.0012366441078484058,-1,-0.0012366441078484058,0.044655541772954166,,,,0,-12.366441078484058,-0.018494969233870506,-0.0159277506172657,0.008634394966065884,-0.12644673556114616
2015-11-11,fold_4,China devaluation and oil crash,0.009323451668024063,1,-0.009769977070391178,-1,-0.009769977070391178,0.03488556470256299,,,,0,-97.69977070391178,-0.020339269191026688,0.004321797750890255,0.009323451668024063,-0.9992510511783043
2015-11-12,fold_4,China devaluation and oil crash,0.006673519499599934,1,-0.019831210374832153,-1,-0.019831210374832153,0.015054354327730834,,,,0,-198.31210374832153,-0.032437171787023544,0.014795579016208649,0.006673519499599934,-2.124953703021285
2015-11-13,fold_4,China devaluation and oil crash,0.006720801815390587,1,0.014282097108662128,1,0.014282097108662128,0.029336451436392963,,,,1,142.82097108662128,-0.023454856127500534,0.041375380009412766,0.006720801815390587,1.3879178394405955
2015-11-16,fold_4,China devaluation and oil crash,0.0036611901596188545,1,0.0006279842928051949,1,0.0006279842928051949,0.029964435729198158,,,,1,6.2798429280519485,-0.05083196982741356,0.024206893518567085,0.0036611901596188545,0.058699210833415644
2015-11-17,fold_4,China devaluation and oil crash,-0.0027457084506750107,-1,0.019012903794646263,1,-0.019012903794646263,0.010951531934551895,,,,0,-190.12903794646263,-0.06757943332195282,0.022702451795339584,-0.0027457084506750107,1.7874648466146612
2015-11-18,fold_4,China devaluation and oil crash,-0.01699676178395748,-1,0.0007038041949272156,1,-0.0007038041949272156,0.010247727739624679,,,,0,-7.038041949272156,-0.077579066157341,0.004566005896776915,-0.01699676178395748,0.06188420412372024
2015-11-19,fold_4,China devaluation and oil crash,-0.006144283339381218,-1,0.006748592015355825,1,-0.006748592015355825,0.0034991357242688537,,,,0,-67.48592015355825,-0.05115349218249321,0.005262549035251141,-0.006144283339381218,0.6462822591666338
2015-11-20,fold_4,China devaluation and oil crash,-0.0074993278831243515,-1,-0.0028863900806754827,-1,0.0028863900806754827,0.006385525804944336,,,,1,28.863900806754827,-0.040041305124759674,-0.004026245791465044,-0.0074993278831243515,-0.33729056284664266
2015-11-23,fold_4,China devaluation and oil crash,-0.0020597558468580246,-1,-0.0008764576632529497,-1,0.0008764576632529497,0.007261983468197286,,,,1,8.764576632529497,-0.039129309356212616,0.008809004910290241,-0.0020597558468580246,-0.10214217951414425
2015-11-24,fold_4,China devaluation and oil crash,0.004155926406383514,1,0.0008764576632529497,1,0.0008764576632529497,0.008138441131450236,,,,1,8.764576632529497,-0.0018774904310703278,0.0035007991828024387,0.004155926406383514,0.10225956340385596
2015-11-25,fold_4,China devaluation and oil crash,0.004578176885843277,1,0.0014003473334014416,1,0.0014003473334014416,0.009538788464851677,,,,1,14.003473334014416,-0.02018500119447708,-0.014471632428467274,0.004578176885843277,0.16728680282196637
2015-11-27,fold_4,China devaluation and oil crash,0.01275958213955164,1,-0.002540202811360359,-1,-0.002540202811360359,0.006998585653491318,,,,0,-25.402028113603592,0.0014908462762832642,0.0072346641682088375,0.01275958213955164,-0.3035129411512779
2015-11-30,fold_4,China devaluation and oil crash,0.0066951606422662735,1,0.009948860853910446,1,0.009948860853910446,0.016947446507401764,,,,1,99.48860853910446,0.011261269450187683,0.005248351488262415,0.0066951606422662735,1.194586063857271
2015-12-01,fold_4,China devaluation and oil crash,-0.0009879730641841888,-1,-0.006184663623571396,-1,0.006184663623571396,0.02313211013097316,,,,1,61.84663623571396,0.00605272501707077,-0.0046132574789226055,-0.0009879730641841888,-0.7499876485171226
2015-12-02,fold_4,China devaluation and oil crash,0.0029805749654769897,1,-0.01709597371518612,-1,-0.01709597371518612,0.006036136415787041,,,,0,-170.9597371518612,0.0172019861638546,-0.013724218122661114,0.0029805749654769897,-2.0535364294682603
2015-12-03,fold_4,China devaluation and oil crash,0.0038257241249084473,1,0.023106643930077553,1,0.023106643930077553,0.029142780345864594,,,,1,231.06643930077553,0.03838932141661644,0.007879506796598434,0.0038257241249084473,2.5223255326409033
2015-12-04,fold_4,China devaluation and oil crash,0.007284482941031456,1,-0.004526515491306782,-1,-0.004526515491306782,0.024616264854557812,,,,0,-45.26515491306782,0.018911700695753098,-0.038512103259563446,0.007284482941031456,-0.43109129945658503
2015-12-07,fold_4,China devaluation and oil crash,0.005435269325971603,1,8.725155930733308e-05,1,8.725155930733308e-05,0.024703516413865145,,,,1,0.8725155930733308,0.0036390572786331177,-0.026432102546095848,0.005435269325971603,0.008272132186391416
2015-12-08,fold_4,China devaluation and oil crash,0.013436637818813324,1,-0.015295623801648617,-1,-0.015295623801648617,0.009407892612216529,,,,0,-152.95623801648617,-0.0003961510956287384,-0.020446723327040672,0.013436637818813324,-1.4888426203459677
2015-12-09,fold_4,China devaluation and oil crash,0.003269192762672901,1,0.004507751204073429,1,0.004507751204073429,0.013915643816289958,,,,1,45.07751204073429,-0.0016131438314914703,0.00960917305201292,0.003269192762672901,0.4168919601981546
2015-12-10,fold_4,China devaluation and oil crash,0.012441541068255901,1,-0.02328496426343918,-1,-0.02328496426343918,-0.00936932044714922,,,,0,-232.84964263439178,0.003962639719247818,-0.009569364599883556,0.012441541068255901,-2.144870930139299
2015-12-11,fold_4,China devaluation and oil crash,0.009990399703383446,1,0.007553484290838242,1,0.007553484290838242,-0.0018158361563109793,,,,1,75.53484290838242,0.024586346000432968,-0.005653249565511942,0.009990399703383446,0.6379484307264066
2015-12-14,fold_4,China devaluation and oil crash,0.012933166697621346,1,0.006072630640119314,1,0.006072630640119314,0.004256794483808335,,,,1,60.72630640119314,0.028783369809389114,-0.00215992983430624,0.012933166697621346,0.5467045773028342
2015-12-15,fold_4,China devaluation and oil crash,0.006673697382211685,1,0.014760272577404976,1,0.014760272577404976,0.01901706706121331,,,,1,147.60272577404976,0.015073809772729874,-0.00168037845287472,0.006673697382211685,1.376247394325145
2015-12-16,fold_4,China devaluation and oil crash,0.003766722045838833,1,-0.014670786447823048,-1,-0.014670786447823048,0.004346280613390263,,,,0,-146.70786447823048,0.0006652362644672394,-0.009042750112712383,0.003766722045838833,-1.3074991347175047
2015-12-17,fold_4,China devaluation and oil crash,0.009668289683759212,1,-0.01936884969472885,-1,-0.01936884969472885,-0.015022569081338588,,,,0,-193.6884969472885,0.0003009997308254242,0.005450133234262466,0.009668289683759212,-1.7786319863299034
2015-12-18,fold_4,China devaluation and oil crash,0.024211902171373367,1,0.011046803556382656,1,0.011046803556382656,-0.003975765524955932,,,,1,110.46803556382656,0.046363700181245804,0.02428596094250679,0.024211902171373367,0.9426938408301507
2015-12-21,fold_4,China devaluation and oil crash,0.01406328845769167,1,0.006552181672304869,1,0.006552181672304869,0.0025764161473489366,,,,1,65.52181672304869,0.015615429729223251,0.028845859691500664,0.01406328845769167,0.5515120227529856
2015-12-22,fold_4,China devaluation and oil crash,0.01264035701751709,1,0.007397900801151991,1,0.007397900801151991,0.009974316948500928,,,,1,73.97900801151991,0.0005428865551948547,0.013241508975625038,0.01264035701751709,0.6189166429136861
2015-12-23,fold_4,China devaluation and oil crash,-0.02369549684226513,-1,-0.00017790279525797814,-1,0.00017790279525797814,0.010152219743758906,,,,1,1.7790279525797814,-0.04813462868332863,-0.006682647857815027,-0.02369549684226513,-0.014744975855360434
2015-12-24,fold_4,China devaluation and oil crash,0.0011908896267414093,1,-0.0005330225685611367,-1,-0.0005330225685611367,0.009619197175197769,,,,0,-5.330225685611367,-0.07809441536664963,-0.027828186750411987,0.0011908896267414093,-0.04418367105827519
2015-12-28,fold_4,China devaluation and oil crash,-0.007516155019402504,-1,0.01560670230537653,1,-0.01560670230537653,-0.005987505130178761,,,,0,-156.0670230537653,-0.09909448027610779,-0.02903185784816742,-0.007516155019402504,1.2940542927429068
2015-12-29,fold_4,China devaluation and oil crash,-0.028057461604475975,-1,-0.00905216857790947,-1,0.00905216857790947,0.003064663447730709,,,,1,90.5216857790947,-0.07511472702026367,-0.05429093912243843,-0.028057461604475975,-0.7217363218677224
2015-12-30,fold_4,China devaluation and oil crash,-0.002664439380168915,-1,-0.012526256032288074,-1,0.012526256032288074,0.015590919480018783,,,,1,125.26256032288074,-0.035661183297634125,-0.07705271244049072,-0.002664439380168915,-1.0014434086057409
2015-12-31,fold_4,China devaluation and oil crash,-0.014345753937959671,-1,-0.021323442459106445,-1,0.021323442459106445,0.03691436193912523,,,,1,213.23442459106445,-0.04754824936389923,-0.07276111096143723,-0.014345753937959671,-1.6733253467462836
2016-01-04,fold_4,China devaluation and oil crash,0.013457831926643848,1,-0.0017366929678246379,-1,-0.0017366929678246379,0.03517766897130059,,,,0,-17.36692967824638,0.044316891580820084,-0.048365604132413864,0.013457831926643848,-0.13299938311556678
2016-01-05,fold_4,China devaluation and oil crash,0.01701892726123333,1,-0.009652378037571907,-1,-0.009652378037571907,0.025525290933728684,,,,0,-96.52378037571907,0.02755814418196678,-0.03509790077805519,0.01701892726123333,-0.804466051931289
2016-01-06,fold_4,China devaluation and oil crash,0.017627432942390442,1,-0.03181394189596176,-1,-0.03181394189596176,-0.006288650962233078,,,,0,-318.1394189596176,0.049560386687517166,-0.06054344400763512,0.017627432942390442,-2.618651198542985
2016-01-07,fold_4,China devaluation and oil crash,0.017686378210783005,1,-0.008234658278524876,-1,-0.008234658278524876,-0.014523309240757953,,,,0,-82.34658278524876,0.06846396625041962,-0.007657906971871853,0.017686378210783005,-0.5849109099819225
2016-01-08,fold_4,China devaluation and oil crash,0.018932528793811798,1,0.0030720664653927088,1,0.0030720664653927088,-0.011451242775365245,,,,1,30.720664653927088,0.06347477436065674,-0.030952053144574165,0.018932528793811798,0.22293194032832703
2016-01-11,fold_4,China devaluation and oil crash,0.012544414959847927,1,0.011531009338796139,1,0.011531009338796139,7.976656343089417e-05,,,,1,115.31009338796139,0.03201441094279289,-0.031844522804021835,0.012544414959847927,0.8379769965657005
2016-01-12,fold_4,China devaluation and oil crash,0.011678148992359638,1,-0.03509791940450668,-1,-0.03509791940450668,-0.03501815284107579,,,,0,-350.97919404506683,0.039612654596567154,-0.04644802585244179,0.011678148992359638,-2.7007112948895324
2016-01-13,fold_4,China devaluation and oil crash,0.01617840863764286,1,0.021071596071124077,1,0.021071596071124077,-0.013946556769951712,,,,1,210.71596071124077,0.04868672415614128,-0.010357847437262535,0.01617840863764286,1.396629864588817
2016-01-14,fold_4,China devaluation and oil crash,0.009630339220166206,1,-0.03152880445122719,-1,-0.03152880445122719,-0.0454753612211789,,,,0,-315.2880445122719,0.03501977398991585,-0.0028869316447526217,0.009630339220166206,-2.0021287642035857
2016-01-15,fold_4,China devaluation and oil crash,0.008438939228653908,1,0.002179595874622464,1,0.002179595874622464,-0.043295765346556436,,,,1,21.795958746224642,0.033581722527742386,0.013690323568880558,0.008438939228653908,0.12870273806938973
2016-01-19,fold_4,China devaluation and oil crash,0.0084146773442626,1,-0.0030724939424544573,-1,-0.0030724939424544573,-0.046368259289010894,,,,0,-30.724939424544573,0.028590958565473557,0.020469823852181435,0.0084146773442626,-0.1848506249669811
2016-01-20,fold_4,China devaluation and oil crash,0.009224949404597282,1,0.0009922586614266038,1,0.0009922586614266038,-0.04537600062758429,,,,1,9.922586614266038,0.02780245617032051,-0.0016886454541236162,0.009224949404597282,0.061776704168400025
2016-01-21,fold_4,China devaluation and oil crash,0.009022473357617855,1,0.02854251302778721,1,0.02854251302778721,-0.01683348759979708,,,,1,285.4251302778721,0.01892280951142311,0.011338510550558567,0.009022473357617855,1.7982371089670433
2016-01-22,fold_4,China devaluation and oil crash,0.0029240483418107033,1,-0.014951549470424652,-1,-0.014951549470424652,-0.03178503707022173,,,,0,-149.51549470424652,0.0034988224506378174,0.0034633507020771503,0.0029240483418107033,-0.8771940457603843
2016-01-25,fold_4,China devaluation and oil crash,0.00650028046220541,1,0.008959095925092697,1,0.008959095925092697,-0.022825941145129036,,,,1,89.59095925092697,0.006302554160356522,0.021100182086229324,0.00650028046220541,0.5181487944941808
2016-01-26,fold_4,China devaluation and oil crash,0.00480278953909874,1,-0.02523096278309822,-1,-0.02523096278309822,-0.04805690392822726,,,,0,-252.3096278309822,0.004248514771461487,-0.00974215380847454,0.00480278953909874,-1.4495383138895608
2016-01-27,fold_4,China devaluation and oil crash,0.005142436362802982,1,0.014019414782524109,1,0.014019414782524109,-0.03403748914570315,,,,1,140.1941478252411,0.006325762718915939,0.01068068016320467,0.005142436362802982,0.7662004856589724
2016-01-28,fold_4,China devaluation and oil crash,0.003703019581735134,1,0.02066735178232193,1,0.02066735178232193,-0.013370137363381218,,,,1,206.6735178232193,0.0022727176547050476,-0.003437303937971592,0.003703019581735134,1.1335163489035494
2016-01-29,fold_4,China devaluation and oil crash,0.0022622011601924896,1,0.0026852828450500965,1,0.0026852828450500965,-0.010684854518331122,,,,1,26.852828450500965,-0.002029355615377426,-0.059448905289173126,0.0022622011601924896,0.14359585346548528
2016-02-01,fold_4,China devaluation and oil crash,0.004431876353919506,1,-0.021883239969611168,-1,-0.021883239969611168,-0.03256809448794229,,,,0,-218.83239969611168,0.003099605441093445,-0.07753972709178925,0.004431876353919506,-1.182937129687806
2016-02-02,fold_4,China devaluation and oil crash,0.003838098607957363,1,-0.004808129742741585,-1,-0.004808129742741585,-0.037376224230683874,,,,0,-48.08129742741585,0.010988421738147736,-0.05876627564430237,0.003838098607957363,-0.25945388234654193
2016-02-03,fold_4,China devaluation and oil crash,0.006008957512676716,1,-9.856902761384845e-05,-1,-9.856902761384845e-05,-0.03747479325829772,,,,0,-0.9856902761384845,0.010685581713914871,-0.05012403801083565,0.006008957512676716,-0.005311166214399696
2016-02-04,fold_4,China devaluation and oil crash,0.005174743011593819,1,-0.03534424677491188,-1,-0.03534424677491188,-0.0728190400332096,,,,0,-353.4424677491188,0.012971736490726471,-0.05147428438067436,0.005174743011593819,-1.9174533501424986
2016-02-05,fold_4,China devaluation and oil crash,0.008450900204479694,1,-0.015405537560582161,-1,-0.015405537560582161,-0.08822457759379176,,,,0,-154.0553756058216,0.019950877875089645,-0.0010195453651249409,0.008450900204479694,-0.8215536769418437
2016-02-08,fold_4,China devaluation and oil crash,0.008736073970794678,1,-0.0031097931787371635,-1,-0.0031097931787371635,-0.09133437077252893,,,,0,-31.097931787371635,0.02495313063263893,0.03668167442083359,0.008736073970794678,-0.16387711720760295
2016-02-09,fold_4,China devaluation and oil crash,0.009242724627256393,1,0.0038341099862009287,1,0.0038341099862009287,-0.087500260786328,,,,1,38.34109986200929,0.021814826875925064,0.06218694522976875,0.009242724627256393,0.2020432474718451
2016-02-10,fold_4,China devaluation and oil crash,0.00902574509382248,1,-0.0014488183660432696,-1,-0.0014488183660432696,-0.08894907915237127,,,,0,-14.488183660432696,0.021405745297670364,0.04687260091304779,0.00902574509382248,-0.07698195258095755
2016-02-11,fold_4,China devaluation and oil crash,0.01008937694132328,1,0.015110493637621403,1,0.015110493637621403,-0.07383858551474987,,,,1,151.10493637621403,0.02214233949780464,0.05127744376659393,0.01008937694132328,0.8831972019828036
2016-02-12,fold_4,China devaluation and oil crash,0.00852432195097208,1,0.02229568362236023,1,0.02229568362236023,-0.051542901892389636,,,,1,222.9568362236023,0.012053269892930984,0.052272047847509384,0.00852432195097208,1.3278565186649587
2016-02-16,fold_4,China devaluation and oil crash,0.0057887425646185875,1,0.022395476698875427,1,0.022395476698875427,-0.02914742519351421,,,,1,223.95476698875427,0.006583433598279953,0.013379471376538277,0.0057887425646185875,1.3967733286032078
2016-02-17,fold_4,China devaluation and oil crash,0.005090110935270786,1,-0.011480232700705528,-1,-0.011480232700705528,-0.04062765789421974,,,,0,-114.80232700705528,0.0002214573323726654,0.0004877016763202846,0.005090110935270786,-0.6837341414653121
2016-02-18,fold_4,China devaluation and oil crash,0.004073268733918667,1,0.0029560215771198273,1,0.0029560215771198273,-0.03767163631709991,,,,1,29.560215771198273,-0.0008145458996295929,0.02176855504512787,0.004073268733918667,0.17417363544250247
2016-02-19,fold_4,China devaluation and oil crash,0.004305630922317505,1,0.016105100512504578,1,0.016105100512504578,-0.021566535804595333,,,,1,161.05100512504578,-0.0006943084299564362,0.017556218430399895,0.004305630922317505,0.9483009542696542
2016-02-22,fold_4,China devaluation and oil crash,0.002599717117846012,1,-0.016596894711256027,-1,-0.016596894711256027,-0.03816343051585136,,,,0,-165.96894711256027,-0.004044238477945328,-0.007580889854580164,0.002599717117846012,-1.027989766492414
2016-02-23,fold_4,China devaluation and oil crash,0.004152696579694748,1,0.00950370728969574,1,0.00950370728969574,-0.02865972322615562,,,,1,95.0370728969574,0.002985343337059021,0.040609244257211685,0.004152696579694748,0.5857381864444753
2016-02-24,fold_4,China devaluation and oil crash,0.004320657812058926,1,0.009800620377063751,1,0.009800620377063751,-0.01885910284909187,,,,1,98.00620377063751,0.004190187901258469,0.031483400613069534,0.004320657812058926,0.603461779103473
2016-02-25,fold_4,China devaluation and oil crash,0.004000667482614517,1,-0.001256314804777503,-1,-0.001256314804777503,-0.020115417653869372,,,,0,-12.56314804777503,0.001438245177268982,0.019791029393672943,0.004000667482614517,-0.08165264511119744
2016-02-26,fold_4,China devaluation and oil crash,0.0032168589532375336,1,-0.009032007306814194,-1,-0.009032007306814194,-0.029147424960683566,,,,0,-90.32007306814194,0.00011349469423294067,0.021426400169730186,0.0032168589532375336,-0.599497246806656
2016-02-29,fold_4,China devaluation and oil crash,0.005061089992523193,1,0.031593240797519684,1,0.031593240797519684,0.0024458158368361183,,,,1,315.93240797519684,0.0034224390983581543,0.02428814396262169,0.005061089992523193,2.1816719207427404
2016-03-01,fold_4,China devaluation and oil crash,0.0029404330998659134,1,0.00037786204484291375,1,0.00037786204484291375,0.002823677881679032,,,,1,3.7786204484291375,-0.004819586873054504,-0.015623753890395164,0.0029404330998659134,0.023467816817346564
2016-03-02,fold_4,China devaluation and oil crash,0.0020769108086824417,1,-0.0018917503766715527,-1,-0.0018917503766715527,0.0009319275050074793,,,,0,-18.917503766715527,-0.005882196128368378,-0.009589391760528088,0.0020769108086824417,-0.12332163128581751
2016-03-03,fold_4,China devaluation and oil crash,0.003663996234536171,1,0.000379056204110384,1,0.000379056204110384,0.0013109837091178633,,,,1,3.79056204110384,-0.003294859081506729,-0.009225158020853996,0.003663996234536171,0.024761813468867088
2016-03-04,fold_4,China devaluation and oil crash,0.003706059418618679,1,-0.006170264445245266,-1,-0.006170264445245266,-0.004859280736127403,,,,0,-61.70264445245266,-0.00242513045668602,0.0077295913361012936,0.003706059418618679,-0.40306623955910803
2016-03-07,fold_4,China devaluation and oil crash,0.004725073464214802,1,-0.00831865705549717,-1,-0.00831865705549717,-0.013177937791624572,,,,0,-83.1865705549717,0.002065032720565796,0.01558910682797432,0.004725073464214802,-0.6310215495998357
2016-03-08,fold_4,China devaluation and oil crash,0.004710009321570396,1,0.0064122239127755165,1,0.0064122239127755165,-0.006765713878849056,,,,1,64.12223912775517,0.0030821338295936584,0.023532414808869362,0.004710009321570396,0.49861595348445165
2016-03-09,fold_4,China devaluation and oil crash,0.005804927088320255,1,-0.0015275164041668177,-1,-0.0015275164041668177,-0.008293230283015873,,,,0,-15.275164041668177,0.0029073618352413177,0.025990260764956474,0.005804927088320255,-0.11821938015982
2016-03-10,fold_4,China devaluation and oil crash,0.003995735198259354,1,0.017333805561065674,1,0.017333805561065674,0.0090405752780498,,,,1,173.33805561065674,0.0004841536283493042,0.026959849521517754,0.003995735198259354,1.3440099143160127
2016-03-11,fold_4,China devaluation and oil crash,0.0038302335888147354,1,0.001689250930212438,1,0.001689250930212438,0.010729826208262239,,,,1,16.89250930212438,-0.0034532099962234497,0.011191518045961857,0.0038302335888147354,0.12547344482987752
2016-03-14,fold_4,China devaluation and oil crash,0.002428574487566948,1,-0.0003753479686565697,-1,-0.0003753479686565697,0.010354478239605669,,,,0,-3.753479686565697,-0.006248988211154938,0.01340685784816742,0.002428574487566948,-0.028789643508014145
2016-03-15,fold_4,China devaluation and oil crash,0.002690264955163002,1,0.008870068937540054,1,0.008870068937540054,0.019224547177145723,,,,1,88.70068937540054,-0.004531271755695343,0.016838986426591873,0.002690264955163002,0.7362859028048112
2016-03-16,fold_4,China devaluation and oil crash,0.0028275372460484505,1,-0.0005579286371357739,-1,-0.0005579286371357739,0.01866661854000995,,,,0,-5.579286371357739,-0.006296996027231216,-0.00029687152709811926,0.0028275372460484505,-0.050106030756215725
2016-03-17,fold_4,China devaluation and oil crash,0.0041631003841757774,1,0.0015654738526791334,1,0.0015654738526791334,0.020232092392689083,,,,1,15.654738526791334,-1.8477439880371094e-05,0.000540980021469295,0.0041631003841757774,0.14447327970051663
2016-03-18,fold_4,China devaluation and oil crash,0.00559968501329422,1,0.0039045915473252535,1,0.0039045915473252535,0.024136683940014336,,,,1,39.045915473252535,0.006885703653097153,-0.0024239751510322094,0.00559968501329422,0.36082740226055715
2016-03-21,fold_4,China devaluation and oil crash,0.00540138129144907,1,0.003056779270991683,1,0.003056779270991683,0.02719346321100602,,,,1,30.56779270991683,0.004939250648021698,0.009602147154510021,0.00540138129144907,0.2984641932522144
2016-03-22,fold_4,China devaluation and oil crash,0.004418226890265942,1,-0.008265787735581398,-1,-0.008265787735581398,0.01892767547542462,,,,0,-82.65787735581398,0.007733132690191269,0.011403592303395271,0.004418226890265942,-0.8637103386924586
2016-03-23,fold_4,China devaluation and oil crash,0.007904867641627789,1,0.0002799229114316404,1,0.0002799229114316404,0.01920759838685626,,,,1,2.799229114316404,0.009892608970403671,0.01820463314652443,0.007904867641627789,0.029426987994186592
2016-03-24,fold_4,China devaluation and oil crash,0.007291937246918678,1,-0.001399481319822371,-1,-0.001399481319822371,0.01780811706703389,,,,0,-13.99481319822371,0.0010197460651397705,0.028491921722888947,0.007291937246918678,-0.1511843418165445
2016-03-28,fold_4,China devaluation and oil crash,0.001366698183119297,1,0.015930714085698128,1,0.015930714085698128,0.03373883115273202,,,,1,159.30714085698128,-0.00650869682431221,0.02607828378677368,0.001366698183119297,1.720785580467
2016-03-29,fold_4,China devaluation and oil crash,0.004672054201364517,1,0.004858225118368864,1,0.004858225118368864,0.03859705627110088,,,,1,48.58225118368864,0.002540256828069687,0.0004590361495502293,0.004672054201364517,0.5002431355891801
2016-03-30,fold_4,China devaluation and oil crash,0.001877952367067337,1,-0.0014647470088675618,-1,-0.0014647470088675618,0.03713230926223332,,,,0,-14.647470088675618,-0.007516689598560333,0.011907192878425121,0.001877952367067337,-0.2169314072734547
2016-03-31,fold_4,China devaluation and oil crash,0.0038086585700511932,1,0.010567210614681244,1,0.010567210614681244,0.047699519876914565,,,,1,105.67210614681244,0.0014765597879886627,-0.0010990502778440714,0.0038086585700511932,1.5633052445202813
2016-04-01,fold_4,China devaluation and oil crash,0.0005002003163099289,1,-0.003813117742538452,-1,-0.003813117742538452,0.04388640213437611,,,,0,-38.13117742538452,-0.00200808048248291,-0.012399908155202866,0.0005002003163099289,-0.5334434279302764
2016-04-04,fold_4,China devaluation and oil crash,0.007838070392608643,1,-0.009688534773886204,-1,-0.009688534773886204,0.03419786736048991,,,,0,-96.88534773886204,0.007385540753602982,-0.012263499200344086,0.007838070392608643,-1.3459487874714837
2016-04-05,fold_4,China devaluation and oil crash,0.011953093111515045,1,0.016306381672620773,1,0.016306381672620773,0.05050424903311068,,,,1,163.06381672620773,0.023402836173772812,0.005769746843725443,0.011953093111515045,2.206686146330935
2016-04-06,fold_4,China devaluation and oil crash,0.008649598807096481,1,-0.014470990747213364,-1,-0.014470990747213364,0.03603325828589732,,,,0,-144.70990747213364,0.008351493626832962,0.0021664733067154884,0.008649598807096481,-1.8026860920018872
2016-04-07,fold_4,China devaluation and oil crash,0.012243349105119705,1,-0.0007336472626775503,-1,-0.0007336472626775503,0.03529961102321977,,,,0,-7.336472626775503,0.01583944633603096,0.016727684065699577,0.012243349105119705,-0.0859524674195636
2016-04-08,fold_4,China devaluation and oil crash,0.0094315679743886,1,-0.0036767087876796722,-1,-0.0036767087876796722,0.031622902235540096,,,,0,-36.76708787679672,0.03696760907769203,0.014934007078409195,0.0094315679743886,-0.4310205214851261
2016-04-11,fold_4,China devaluation and oil crash,0.01712554506957531,1,0.008344711735844612,1,0.008344711735844612,0.03996761397138471,,,,1,83.44711735844612,0.03721846267580986,0.023929070681333542,0.01712554506957531,1.0917883100498842
2016-04-12,fold_4,China devaluation and oil crash,0.00967925600707531,1,0.012703108601272106,1,0.012703108601272106,0.052670722572656814,,,,1,127.03108601272106,0.01037389412522316,0.009451969526708126,0.00967925600707531,1.6164684369758442
2016-04-13,fold_4,China devaluation and oil crash,0.004243168979883194,1,9.022023732541129e-05,1,9.022023732541129e-05,0.052760942809982225,,,,1,0.9022023732541129,-0.019066687673330307,-0.002437104005366564,0.004243168979883194,0.010797402454357615
2016-04-14,fold_4,China devaluation and oil crash,0.0033640163019299507,1,-0.0025273242499679327,-1,-0.0025273242499679327,0.05023361856001429,,,,0,-25.273242499679327,-0.03428741544485092,-0.002437179908156395,0.0033640163019299507,-0.3113639257109552
2016-04-15,fold_4,China devaluation and oil crash,-0.0017146840691566467,-1,0.005318354815244675,1,-0.005318354815244675,0.04491526374476962,,,,0,-53.18354815244675,-0.03009059838950634,-0.01511763408780098,-0.0017146840691566467,0.6537108107086823
2016-04-18,fold_4,China devaluation and oil crash,0.00013579614460468292,1,-0.006132390350103378,-1,-0.006132390350103378,0.03878287339466624,,,,0,-61.32390350103378,-0.03594359755516052,-0.020435988903045654,0.00013579614460468292,-0.746519575063396
2016-04-19,fold_4,China devaluation and oil crash,0.006513296626508236,1,0.0008140353602357209,1,0.0008140353602357209,0.03959690875490196,,,,1,8.140353602357209,-0.010774757713079453,-0.019178731366991997,0.006513296626508236,0.09828481736239875
2016-04-20,fold_4,China devaluation and oil crash,0.004387181252241135,1,9.014434181153774e-05,1,9.014434181153774e-05,0.0396870530967135,,,,1,0.9014434181153774,0.006667427718639374,-0.028047095984220505,0.004387181252241135,0.01091842629886139
2016-04-21,fold_4,China devaluation and oil crash,0.009261008352041245,1,-0.015207778662443161,-1,-0.015207778662443161,0.024479274434270337,,,,0,-152.0777866244316,0.03872736170887947,-0.04029499739408493,0.009261008352041245,-1.889952292367294
2016-04-22,fold_4,China devaluation and oil crash,0.007316405884921551,1,0.0,0,0.0,0.024479274434270337,,,,0,0.0,0.05383602902293205,-0.0303702000528574,0.007316405884921551,0.0
2016-04-25,fold_4,China devaluation and oil crash,0.024625500664114952,1,-0.0048751323483884335,-1,-0.0048751323483884335,0.019604142085881904,,,,0,-48.751323483884335,0.10070337355136871,-0.020955650135874748,0.024625500664114952,-0.5584431452323555
2016-04-26,fold_4,China devaluation and oil crash,0.02193298377096653,1,-0.008054329082369804,-1,-0.008054329082369804,0.0115498130035121,,,,0,-80.54329082369804,0.0565185584127903,-0.025400573387742043,0.02193298377096653,-1.0012567341013854
2016-04-27,fold_4,China devaluation and oil crash,0.013390298932790756,1,-0.012157757766544819,-1,-0.012157757766544819,-0.0006079447630327195,,,,0,-121.57757766544819,0.036402057856321335,-0.023798203095793724,0.013390298932790756,-1.4878294773292926
2016-04-28,fold_4,China devaluation and oil crash,0.021388571709394455,1,-0.005282980855554342,-1,-0.005282980855554342,-0.005890925618587062,,,,0,-52.82980855554342,0.033234354108572006,-0.011926179751753807,0.021388571709394455,-0.6139008000621646
2018-09-19,fold_5,2018 Vol-mageddon + Q4 sell-off,9.598769247531891e-05,1,0.010995673015713692,1,0.010995673015713692,0.010995673015713692,,,,1,109.95673015713692,-0.012979455292224884,0.010354790836572647,9.598769247531891e-05,1.4784977216211306
2018-09-20,fold_5,2018 Vol-mageddon + Q4 sell-off,5.595758557319641e-05,1,-0.00548259261995554,-1,-0.00548259261995554,0.005513080395758152,,,,0,-54.8259261995554,-0.014120664447546005,0.007789247203618288,5.595758557319641e-05,-0.7042587737554218
2018-09-21,fold_5,2018 Vol-mageddon + Q4 sell-off,0.003824489191174507,1,0.002777309622615576,1,0.002777309622615576,0.008290390018373728,,,,1,27.773096226155758,-0.014182660728693008,0.013056525960564613,0.003824489191174507,0.35270575058628745
2018-09-24,fold_5,2018 Vol-mageddon + Q4 sell-off,0.0023042168468236923,1,0.0013584248954430223,1,0.0013584248954430223,0.00964881491381675,,,,1,13.584248954430223,-0.010580286383628845,0.01232261210680008,0.0023042168468236923,0.17819671546611277
2018-09-25,fold_5,2018 Vol-mageddon + Q4 sell-off,0.0005345940589904785,1,0.0007059755735099316,1,0.0007059755735099316,0.010354790487326682,,,,1,7.059755735099316,-0.012173596769571304,0.008705517277121544,0.0005345940589904785,0.09691556136553459
2018-09-26,fold_5,2018 Vol-mageddon + Q4 sell-off,0.00231887586414814,1,0.00843012984842062,1,0.00843012984842062,0.0187849203357473,,,,1,84.3012984842062,-0.003049217164516449,0.009075534529983997,0.00231887586414814,1.1581767856288074
2018-09-27,fold_5,2018 Vol-mageddon + Q4 sell-off,0.0009541753679513931,1,-0.0002153137611458078,-1,-0.0002153137611458078,0.018569606574601494,,,,0,-2.153137611458078,-0.001744251698255539,-0.018739888444542885,0.0009541753679513931,-0.030463890037563997
2018-09-28,fold_5,2018 Vol-mageddon + Q4 sell-off,0.0018738899379968643,1,0.002043396234512329,1,0.002043396234512329,0.020613002809113823,,,,1,20.43396234512329,-0.00394376739859581,-0.030826954171061516,0.0018738899379968643,0.28955915449981495
2018-10-01,fold_5,2018 Vol-mageddon + Q4 sell-off,-0.003641527146100998,-1,-0.0022586702834814787,-1,0.0022586702834814787,0.0228716730925953,,,,1,22.586702834814787,0.0012742914259433746,-0.03899511694908142,-0.003641527146100998,-0.3196605862331189
2018-10-02,fold_5,2018 Vol-mageddon + Q4 sell-off,0.006357147358357906,1,0.0010759925935417414,1,0.0010759925935417414,0.023947665686137043,,,,1,10.759925935417414,0.000836934894323349,-0.0335022509098053,0.006357147358357906,0.1533092755250861
2018-10-03,fold_5,2018 Vol-mageddon + Q4 sell-off,0.0024675866588950157,1,-0.019385293126106262,-1,-0.019385293126106262,0.004562372560030781,,,,0,-193.85293126106262,-0.004368264228105545,-0.07955434173345566,0.0024675866588950157,-3.032313178191907
2018-10-04,fold_5,2018 Vol-mageddon + Q4 sell-off,0.004196936264634132,1,-0.012302380055189133,-1,-0.012302380055189133,-0.007740007495158352,,,,0,-123.02380055189133,0.005689200013875961,-0.07264971733093262,0.004196936264634132,-1.649475386727381
2018-10-05,fold_5,2018 Vol-mageddon + Q4 sell-off,0.009334756061434746,1,-0.006124766077846289,-1,-0.006124766077846289,-0.01386477357300464,,,,0,-61.24766077846289,0.01392349973320961,-0.032896917313337326,0.009334756061434746,-0.7750360940234491
2018-10-08,fold_5,2018 Vol-mageddon + Q4 sell-off,0.00806144718080759,1,0.003234193893149495,1,0.003234193893149495,-0.010630579679855146,,,,1,32.34193893149495,0.012349620461463928,-0.03895066678524017,0.00806144718080759,0.4050319915801271
2018-10-09,fold_5,2018 Vol-mageddon + Q4 sell-off,0.007963836193084717,1,-0.04497610032558441,-1,-0.04497610032558441,-0.05560668000543956,,,,0,-449.7610032558441,0.014237169176340103,-0.013507483527064323,0.007963836193084717,-5.74268986795803
2018-10-10,fold_5,2018 Vol-mageddon + Q4 sell-off,0.015925228595733643,1,-0.012480662204325199,-1,-0.012480662204325199,-0.06808734220976476,,,,0,-124.80662204325199,0.048157040029764175,0.03186367079615593,0.015925228595733643,-0.9804380361378571
2018-10-11,fold_5,2018 Vol-mageddon + Q4 sell-off,0.023149065673351288,1,0.02745041809976101,1,0.02745041809976101,-0.04063692411000375,,,,1,274.5041809976101,0.06642234325408936,0.020888805389404297,0.023149065673351288,2.142276908545707
2018-10-12,fold_5,2018 Vol-mageddon + Q4 sell-off,0.016318397596478462,1,-0.012178515084087849,-1,-0.012178515084087849,-0.052815439194091596,,,,0,-121.78515084087849,0.026407476514577866,-0.007485735230147839,0.016318397596478462,-0.8580742505676323
2018-10-15,fold_5,2018 Vol-mageddon + Q4 sell-off,0.01689007692039013,1,0.028677375987172127,1,0.028677375987172127,-0.02413806320691947,,,,1,286.77375987172127,0.03009248897433281,0.009823471307754517,0.01689007692039013,2.0363214130848357
2018-10-16,fold_5,2018 Vol-mageddon + Q4 sell-off,0.0042741671204566956,1,0.0003950525133404881,1,0.0003950525133404881,-0.02374301069357898,,,,1,3.9505251334048808,0.0025947578251361847,-0.022540796548128128,0.0042741671204566956,0.025712687103086888
2018-10-17,fold_5,2018 Vol-mageddon + Q4 sell-off,0.00025746598839759827,1,-0.023455524817109108,-1,-0.023455524817109108,-0.04719853551068809,,,,0,-234.55524817109108,-0.012538205832242966,-0.0697828084230423,0.00025746598839759827,-1.526713668475972
2018-10-18,fold_5,2018 Vol-mageddon + Q4 sell-off,-0.002804068848490715,-1,-0.00092412339290604,-1,0.00092412339290604,-0.04627441211778205,,,,1,9.2412339290604,-0.006693731993436813,-0.012317018583416939,-0.002804068848490715,-0.05758955729145474
2018-10-19,fold_5,2018 Vol-mageddon + Q4 sell-off,0.00976734608411789,1,0.005130691919475794,1,0.005130691919475794,-0.041143720198306255,,,,1,51.30691919475794,0.007147256284952164,-0.037451568990945816,0.00976734608411789,0.3206451188195099
2018-10-22,fold_5,2018 Vol-mageddon + Q4 sell-off,0.007298644632101059,1,-0.003686893032863736,-1,-0.003686893032863736,-0.04483061323116999,,,,0,-36.86893032863736,0.004410725086927414,-0.06337808072566986,0.007298644632101059,-0.22999663911757656
2018-10-23,fold_5,2018 Vol-mageddon + Q4 sell-off,0.003959161229431629,1,-0.04684695973992348,-1,-0.04684695973992348,-0.09167757297109347,,,,0,-468.4695973992348,0.01345396414399147,-0.04334544390439987,0.003959161229431629,-2.9190838441089455
2018-10-24,fold_5,2018 Vol-mageddon + Q4 sell-off,0.015411066822707653,1,0.03401026502251625,1,0.03401026502251625,-0.05766730794857722,,,,1,340.1026502251625,0.039254892617464066,0.026734814047813416,0.015411066822707653,1.77468860016443
2018-10-25,fold_5,2018 Vol-mageddon + Q4 sell-off,0.009597722440958023,1,-0.026058673858642578,-1,-0.026058673858642578,-0.0837259818072198,,,,0,-260.5867385864258,0.013123344630002975,0.00582903204485774,0.009597722440958023,-1.2692032756157483
2018-10-26,fold_5,2018 Vol-mageddon + Q4 sell-off,0.012459776364266872,1,-0.02079581841826439,-1,-0.02079581841826439,-0.10452180022548418,,,,0,-207.9581841826439,0.015728991478681564,0.016188867390155792,0.012459776364266872,-0.9743944970941217
2018-10-29,fold_5,2018 Vol-mageddon + Q4 sell-off,0.01100357249379158,1,0.01634574495255947,1,0.01634574495255947,-0.08817605527292471,,,,1,163.4574495255947,0.01895863190293312,0.03450203314423561,0.01100357249379158,0.7484921883353494
2018-10-30,fold_5,2018 Vol-mageddon + Q4 sell-off,0.008180811069905758,1,0.02323329448699951,1,0.02323329448699951,-0.0649427607859252,,,,1,232.33294486999512,0.0030668526887893677,0.025703391060233116,0.008180811069905758,1.0495600485665344
2018-10-31,fold_5,2018 Vol-mageddon + Q4 sell-off,0.0038593001663684845,1,0.013104485347867012,1,0.013104485347867012,-0.05183827543805819,,,,1,131.04485347867012,-0.007778547704219818,0.03335581719875336,0.0038593001663684845,0.5763659324773915
2018-11-01,fold_5,2018 Vol-mageddon + Q4 sell-off,-0.0004032254219055176,-1,-0.015698837116360664,-1,0.015698837116360664,-0.036139438321697526,,,,1,156.98837116360664,-0.013864345848560333,0.013852041214704514,-0.0004032254219055176,-0.6973882163455799
2018-11-02,fold_5,2018 Vol-mageddon + Q4 sell-off,0.004050844348967075,1,-0.002482652897015214,-1,-0.002482652897015214,-0.03862209121871274,,,,0,-24.82652897015214,-0.005329407751560211,0.012555296532809734,0.004050844348967075,-0.10977283931015479
2018-11-05,fold_5,2018 Vol-mageddon + Q4 sell-off,0.0030335718765854836,1,0.007547101005911827,1,0.007547101005911827,-0.031074990212800913,,,,1,75.47101005911827,-0.006992407143115997,-0.01568807289004326,0.0030335718765854836,0.33421468347266076
2018-11-06,fold_5,2018 Vol-mageddon + Q4 sell-off,0.0047152042388916016,1,0.0308857224881649,1,0.0308857224881649,-0.00018926772463601083,,,,1,308.857224881649,-0.006983663886785507,-0.022393720224499702,0.0047152042388916016,1.3646313407784774
2018-11-07,fold_5,2018 Vol-mageddon + Q4 sell-off,0.0027994224801659584,1,-0.006399292498826981,-1,-0.006399292498826981,-0.006588560223462991,,,,0,-63.992924988269806,-0.008118797093629837,-0.0609380342066288,0.0027994224801659584,-0.2987561094118364
2018-11-08,fold_5,2018 Vol-mageddon + Q4 sell-off,0.004432915709912777,1,-0.01699558086693287,-1,-0.01699558086693287,-0.02358414109039586,,,,0,-169.9558086693287,-0.009355705231428146,-0.03719615936279297,0.004432915709912777,-0.7984634592381895
2018-11-09,fold_5,2018 Vol-mageddon + Q4 sell-off,0.004513143561780453,1,-0.030726023018360138,-1,-0.030726023018360138,-0.054310164108756,,,,0,-307.2602301836014,-0.010275289416313171,-0.023716740310192108,0.004513143561780453,-1.4820286766987243
2018-11-12,fold_5,2018 Vol-mageddon + Q4 sell-off,0.0037869783118367195,1,0.000841454544570297,1,0.000841454544570297,-0.0534687095641857,,,,1,8.41454544570297,-0.007753793150186539,-0.026007166132330894,0.0037869783118367195,0.03882904903812807
2018-11-13,fold_5,2018 Vol-mageddon + Q4 sell-off,0.005993973463773727,1,-0.007658591028302908,-1,-0.007658591028302908,-0.06112730059248861,,,,0,-76.58591028302908,-0.003707684576511383,-0.044905394315719604,0.005993973463773727,-0.3699598816985418
2018-11-14,fold_5,2018 Vol-mageddon + Q4 sell-off,0.004008702002465725,1,0.01734258234500885,1,0.01734258234500885,-0.04378471824747976,,,,1,173.4258234500885,-0.006997298449277878,-0.029672911390662193,0.004008702002465725,0.8349153533134935
2018-11-15,fold_5,2018 Vol-mageddon + Q4 sell-off,0.0034309271723031998,1,-0.0035161625128239393,-1,-0.0035161625128239393,-0.0473008807603037,,,,0,-35.16162512823939,-0.00443132221698761,-0.05427509918808937,0.0034309271723031998,-0.17177737056518852
2018-11-16,fold_5,2018 Vol-mageddon + Q4 sell-off,0.003912892192602158,1,-0.033016450703144073,-1,-0.033016450703144073,-0.08031733146344777,,,,0,-330.16450703144073,0.0002697966992855072,-0.027908116579055786,0.003912892192602158,-1.611867493491997
2018-11-19,fold_5,2018 Vol-mageddon + Q4 sell-off,0.006446157582104206,1,-0.018056772649288177,-1,-0.018056772649288177,-0.09837410411273595,,,,0,-180.56772649288177,0.003944307565689087,0.008479170501232147,0.006446157582104206,-0.8304656952937203
2018-11-20,fold_5,2018 Vol-mageddon + Q4 sell-off,0.006576415151357651,1,0.007573891896754503,1,0.007573891896754503,-0.09080021221598145,,,,1,75.73891896754503,0.007892660796642303,0.058211855590343475,0.006576415151357651,0.342721089958986
2018-11-21,fold_5,2018 Vol-mageddon + Q4 sell-off,0.006760658696293831,1,-0.007259607780724764,-1,-0.007259607780724764,-0.09805981999670621,,,,0,-72.59607780724764,0.008081629872322083,0.047372590750455856,0.006760658696293831,-0.37166995530783903
2018-11-23,fold_5,2018 Vol-mageddon + Q4 sell-off,0.007306593470275402,1,0.022850820794701576,1,0.022850820794701576,-0.07520899920200463,,,,1,228.50820794701576,0.0038356073200702667,0.06186139956116676,0.007306593470275402,1.2649789142725905
2018-11-26,fold_5,2018 Vol-mageddon + Q4 sell-off,0.005319838412106037,1,0.0033708387054502964,1,0.0033708387054502964,-0.07183816049655434,,,,1,33.708387054502964,0.0016292035579681396,0.05633609741926193,0.005319838412106037,0.1888876302400691
2018-11-27,fold_5,2018 Vol-mageddon + Q4 sell-off,0.003897128626704216,1,0.03167591243982315,1,0.03167591243982315,-0.04016224805673119,,,,1,316.7591243982315,-0.003100212663412094,0.013853813521564007,0.003897128626704216,1.8367398910174983
2018-11-28,fold_5,2018 Vol-mageddon + Q4 sell-off,0.002102714031934738,1,-0.0032653752714395523,-1,-0.0032653752714395523,-0.04342762332817074,,,,0,-32.65375271439552,-0.0075675249099731445,-0.01078720297664404,0.002102714031934738,-0.17861348239722183
2018-11-29,fold_5,2018 Vol-mageddon + Q4 sell-off,0.003107191063463688,1,0.007229202892631292,1,0.007229202892631292,-0.03619842043553945,,,,1,72.29202892631292,-0.002388428896665573,-0.04109470173716545,0.003107191063463688,0.4120773526837548
2018-11-30,fold_5,2018 Vol-mageddon + Q4 sell-off,0.0033782264217734337,1,0.017325518652796745,1,0.017325518652796745,-0.0188729017827427,,,,1,173.25518652796745,0.0009337887167930603,-0.037905894219875336,0.0033782264217734337,0.997310767714053
2018-12-03,fold_5,2018 Vol-mageddon + Q4 sell-off,0.002269003540277481,1,-0.03911144658923149,-1,-0.03911144658923149,-0.05798434837197419,,,,0,-391.1144658923149,-0.005534172058105469,-0.05192564055323601,0.002269003540277481,-2.241424192443102
2018-12-04,fold_5,2018 Vol-mageddon + Q4 sell-off,0.004902169108390808,1,0.007034897338598967,1,0.007034897338598967,-0.050949451033375226,,,,1,70.34897338598967,0.003790896385908127,-0.004051308147609234,0.004902169108390808,0.3605707093956329
2018-12-06,fold_5,2018 Vol-mageddon + Q4 sell-off,0.004937116056680679,1,-0.03357287496328354,-1,-0.03357287496328354,-0.08452232599665876,,,,0,-335.7287496328354,0.005849279463291168,-0.010783231817185879,0.004937116056680679,-1.7216083160429345
2018-12-07,fold_5,2018 Vol-mageddon + Q4 sell-off,0.00653513427823782,1,0.01041800994426012,1,0.01041800994426012,-0.07410431605239864,,,,1,104.1800994426012,0.011079668998718262,-0.0018603972857818007,0.00653513427823782,0.5282515780582366
2018-12-10,fold_5,2018 Vol-mageddon + Q4 sell-off,0.00590895488858223,1,0.003305772552266717,1,0.003305772552266717,-0.07079854350013193,,,,1,33.05772552266717,0.012289367616176605,-0.03519889712333679,0.00590895488858223,0.16689777918986154
2018-12-11,fold_5,2018 Vol-mageddon + Q4 sell-off,0.006303740665316582,1,0.008762886747717857,1,0.008762886747717857,-0.06203565675241407,,,,1,87.62886747717857,0.011841963976621628,-0.032235823571681976,0.006303740665316582,0.45045938463094426
2018-12-12,fold_5,2018 Vol-mageddon + Q4 sell-off,0.006050554104149342,1,0.0003029732615686953,1,0.0003029732615686953,-0.061732683490845375,,,,1,3.029732615686953,0.012262605130672455,-0.06586034595966339,0.006050554104149342,0.016551644777471525
2018-12-13,fold_5,2018 Vol-mageddon + Q4 sell-off,0.00453074648976326,1,-0.02465003915131092,-1,-0.02465003915131092,-0.0863827226421563,,,,0,-246.5003915131092,0.006002411246299744,-0.08076487481594086,0.00453074648976326,-1.3467111284400528
2018-12-14,fold_5,2018 Vol-mageddon + Q4 sell-off,0.007729877717792988,1,-0.02292048931121826,-1,-0.02292048931121826,-0.10930321195337456,,,,0,-229.20489311218262,0.014679063111543655,-0.08759868144989014,0.007729877717792988,-1.2038753790062104
2018-12-17,fold_5,2018 Vol-mageddon + Q4 sell-off,0.007081958465278149,1,0.006268845871090889,1,0.006268845871090889,-0.10303436608228367,,,,1,62.68845871090889,0.013159036636352539,-0.08978883922100067,0.007081958465278149,0.3242801571004377
2018-12-18,fold_5,2018 Vol-mageddon + Q4 sell-off,0.009364191442728043,1,-0.024861635640263557,-1,-0.024861635640263557,-0.12789600172254723,,,,0,-248.61635640263557,0.016188036650419235,-0.035490769892930984,0.009364191442728043,-1.283752666124262
2018-12-19,fold_5,2018 Vol-mageddon + Q4 sell-off,0.0075040897354483604,1,-0.014601556584239006,-1,-0.014601556584239006,-0.14249755830678623,,,,0,-146.01556584239006,0.01942932978272438,-0.006766404490917921,0.0075040897354483604,-0.7788662930931695
2018-12-20,fold_5,2018 Vol-mageddon + Q4 sell-off,0.00974536407738924,1,-0.03148384019732475,-1,-0.03148384019732475,-0.17398139850411098,,,,0,-314.8384019732475,0.026724811643362045,0.007312349509447813,0.00974536407738924,-1.6930339809025827
2018-12-21,fold_5,2018 Vol-mageddon + Q4 sell-off,0.009168623015284538,1,-0.025110647082328796,-1,-0.025110647082328796,-0.19909204558643978,,,,0,-251.10647082328796,0.02987566962838173,0.047193724662065506,0.009168623015284538,-1.2674572673187545
2018-12-24,fold_5,2018 Vol-mageddon + Q4 sell-off,0.00970953144133091,1,0.06056690961122513,1,0.06056690961122513,-0.13852513597521465,,,,1,605.6690961122513,0.033876556903123856,0.07631570100784302,0.00970953144133091,2.950446690963408
2018-12-26,fold_5,2018 Vol-mageddon + Q4 sell-off,0.008949082344770432,1,0.0038627306930720806,1,0.0038627306930720806,-0.13466240528214257,,,,1,38.627306930720806,0.020529363304376602,-0.017467688769102097,0.008949082344770432,0.1605697928539248
2018-12-27,fold_5,2018 Vol-mageddon + Q4 sell-off,0.007193968631327152,1,-0.0005228033987805247,-1,-0.0005228033987805247,-0.1351852086809231,,,,0,-5.228033987805247,0.01192593201994896,0.020564427599310875,0.007193968631327152,-0.021729065604608522
2018-12-28,fold_5,2018 Vol-mageddon + Q4 sell-off,0.0071565015241503716,1,0.008397532626986504,1,0.008397532626986504,-0.1267876760539366,,,,1,83.97532626986504,0.0042930953204631805,0.03292231634259224,0.0071565015241503716,0.36520208009465255
2018-12-31,fold_5,2018 Vol-mageddon + Q4 sell-off,0.0046618627384305,1,0.00401133019477129,1,0.00401133019477129,-0.1227763458591653,,,,1,40.1133019477129,-0.0006382837891578674,0.03352988138794899,0.0046618627384305,0.17395794166586181
2019-01-02,fold_5,2018 Vol-mageddon + Q4 sell-off,0.004953415133059025,1,-0.033216480165719986,-1,-0.033216480165719986,-0.1559928260248853,,,,0,-332.16480165719986,0.0007564052939414978,0.03763500228524208,0.004953415133059025,-1.4429433525971453
2019-01-03,fold_5,2018 Vol-mageddon + Q4 sell-off,0.00540130864828825,1,0.04189484566450119,1,0.04189484566450119,-0.1140979803603841,,,,1,418.9484566450119,0.006596572697162628,0.07370780408382416,0.00540130864828825,1.7546651131761455
2019-01-04,fold_5,2018 Vol-mageddon + Q4 sell-off,0.004779700189828873,1,0.011835084296762943,1,0.011835084296762943,-0.10226289606362116,,,,1,118.35084296762943,0.004373561590909958,0.028147896751761436,0.004779700189828873,0.4908543546392967
2019-01-07,fold_5,2018 Vol-mageddon + Q4 sell-off,0.003421911969780922,1,0.009005100466310978,1,0.009005100466310978,-0.09325779559731018,,,,1,90.05100466310978,-4.2069703340530396e-05,0.0074369218200445175,0.003421911969780922,0.37203579793221414
2019-01-08,fold_5,2018 Vol-mageddon + Q4 sell-off,0.004165763966739178,1,0.008116450160741806,1,0.008116450160741806,-0.08514134543656837,,,,1,81.16450160741806,0.003709118813276291,0.01776972971856594,0.004165763966739178,0.3513725713332447
2019-01-09,fold_5,2018 Vol-mageddon + Q4 sell-off,0.003825160674750805,1,0.0028563211672008038,1,0.0028563211672008038,-0.08228502426936757,,,,1,28.563211672008038,-0.002719573676586151,0.009468733333051205,0.003825160674750805,0.12390206631015782
2019-01-10,fold_5,2018 Vol-mageddon + Q4 sell-off,0.003674134612083435,1,-0.0036650579422712326,-1,-0.0036650579422712326,-0.0859500822116388,,,,0,-36.650579422712326,-0.0014910809695720673,0.014465805143117905,0.003674134612083435,-0.15900432044947757
2019-01-11,fold_5,2018 Vol-mageddon + Q4 sell-off,0.0025935033336281776,1,-0.00887589156627655,-1,-0.00887589156627655,-0.09482597377791535,,,,0,-88.7589156627655,-0.005858689546585083,0.027982445433735847,0.0025935033336281776,-0.3862234557550303
2019-01-14,fold_5,2018 Vol-mageddon + Q4 sell-off,0.0048588952049613,1,0.019337907433509827,1,0.019337907433509827,-0.07548806634440552,,,,1,193.37907433509827,0.001431528478860855,0.016624685376882553,0.0048588952049613,0.8383482210297947
2019-01-15,fold_5,2018 Vol-mageddon + Q4 sell-off,0.003611776977777481,1,-0.0001845464576035738,-1,-0.0001845464576035738,-0.0756726128020091,,,,0,-1.845464576035738,0.0021053291857242584,-0.0014171712100505829,0.003611776977777481,-0.00808987921917732
2019-01-16,fold_5,2018 Vol-mageddon + Q4 sell-off,0.00461206678301096,1,0.007853393442928791,1,0.007853393442928791,-0.06781921935908031,,,,1,78.53393442928791,0.005171753466129303,0.0052218688651919365,0.00461206678301096,0.35329712750900966
2019-01-17,fold_5,2018 Vol-mageddon + Q4 sell-off,0.005226543173193932,1,0.009851583279669285,1,0.009851583279669285,-0.05796763607941102,,,,1,98.51583279669285,0.005224540829658508,0.009246372617781162,0.005226543173193932,0.4426878625243031
2019-01-18,fold_5,2018 Vol-mageddon + Q4 sell-off,0.0046791136264801025,1,-0.020233651623129845,-1,-0.020233651623129845,-0.07820128770254087,,,,0,-202.33651623129845,0.004772782325744629,-0.013034457340836525,0.0046791136264801025,-0.9341151823620253
2019-01-22,fold_5,2018 Vol-mageddon + Q4 sell-off,0.007124008610844612,1,0.0012960510794073343,1,0.0012960510794073343,-0.07690523662313353,,,,1,12.960510794073343,0.006716441363096237,-0.002287453506141901,0.007124008610844612,0.05921816890991798
2019-01-23,fold_5,2018 Vol-mageddon + Q4 sell-off,0.005383792333304882,1,0.006454493384808302,1,0.006454493384808302,-0.07045074323832523,,,,1,64.54493384808302,0.0003439076244831085,0.0215363297611475,0.005383792333304882,0.31143682154349095
2019-01-24,fold_5,2018 Vol-mageddon + Q4 sell-off,0.005563531070947647,1,0.011877898126840591,1,0.011877898126840591,-0.05857284511148464,,,,1,118.77898126840591,-0.0010308735072612762,0.02993958815932274,0.005563531070947647,0.5938378744339285
2019-01-25,fold_5,2018 Vol-mageddon + Q4 sell-off,0.0045703742653131485,1,-0.012429247610270977,-1,-0.012429247610270977,-0.07100209272175562,,,,0,-124.29247610270977,-0.007653370499610901,0.013830570504069328,0.0045703742653131485,-0.8309956368039547
2019-01-28,fold_5,2018 Vol-mageddon + Q4 sell-off,0.0033619962632656097,1,-0.009486648254096508,-1,-0.009486648254096508,-0.08048874097585212,,,,0,-94.86648254096508,-0.007573854178190231,0.038604870438575745,0.0033619962632656097,-0.62459246102514
2019-01-29,fold_5,2018 Vol-mageddon + Q4 sell-off,0.0035505611449480057,1,0.025119835510849953,1,0.025119835510849953,-0.05536890546500217,,,,1,251.19835510849953,0.0009048581123352051,0.05690077319741249,0.0035505611449480057,1.6380173508875673
2019-01-30,fold_5,2018 Vol-mageddon + Q4 sell-off,0.003336704336106777,1,0.01485775038599968,1,0.01485775038599968,-0.04051115507900249,,,,1,148.5775038599968,-0.00165553018450737,0.028794310986995697,0.003336704336106777,0.9158159736361503
2019-01-31,fold_5,2018 Vol-mageddon + Q4 sell-off,0.002747482620179653,1,-0.004231119528412819,-1,-0.004231119528412819,-0.04474227460741531,,,,0,-42.31119528412819,-0.006469897925853729,0.00041609382606111467,0.002747482620179653,-0.25587502014519004
2019-02-01,fold_5,2018 Vol-mageddon + Q4 sell-off,0.002262825146317482,1,0.01234505232423544,1,0.01234505232423544,-0.03239722228317987,,,,1,123.4505232423544,-0.0037924721837043762,0.006606902461498976,0.002262825146317482,0.8338895394396779
2019-02-04,fold_5,2018 Vol-mageddon + Q4 sell-off,0.004565614275634289,1,0.008809252642095089,1,0.008809252642095089,-0.023587969641084783,,,,1,88.09252642095089,-0.007000140845775604,-0.006687937770038843,0.004565614275634289,0.7471241039746336
2019-02-05,fold_5,2018 Vol-mageddon + Q4 sell-off,0.001306968741118908,1,-0.0029866250697523355,-1,-0.0029866250697523355,-0.02657459471083712,,,,0,-29.866250697523355,-0.011531040072441101,-0.0008191018714569509,0.001306968741118908,-0.25619367299360474
2019-02-06,fold_5,2018 Vol-mageddon + Q4 sell-off,0.0034789638593792915,1,-0.013520467095077038,-1,-0.013520467095077038,-0.040095061805914156,,,,0,-135.20467095077038,0.00014038383960723877,0.002869384828954935,0.0034789638593792915,-1.175501688232634
2019-02-07,fold_5,2018 Vol-mageddon + Q4 sell-off,0.004376694560050964,1,0.001959689659997821,1,0.001959689659997821,-0.038135372145916335,,,,1,19.59689659997821,0.00757371261715889,0.017617112025618553,0.004376694560050964,0.1667357073202623
2019-02-08,fold_5,2018 Vol-mageddon + Q4 sell-off,0.006119951605796814,1,-0.0009497877908870578,-1,-0.0009497877908870578,-0.03908515993680339,,,,0,-9.497877908870578,0.015499446541070938,0.019853880628943443,0.006119951605796814,-0.08087375287144566
2019-02-11,fold_5,2018 Vol-mageddon + Q4 sell-off,0.004208249971270561,1,0.014678088948130608,1,0.014678088948130608,-0.024407070988672785,,,,1,146.78088948130608,0.018622595816850662,0.022779028862714767,0.004208249971270561,1.2526771766344347
2019-02-12,fold_5,2018 Vol-mageddon + Q4 sell-off,0.00620105117559433,1,0.0007018616888672113,1,0.0007018616888672113,-0.023705209299805574,,,,1,7.018616888672113,0.020478378981351852,0.00792672112584114,0.00620105117559433,0.05846206533534345
2019-02-13,fold_5,2018 Vol-mageddon + Q4 sell-off,0.005986218340694904,1,0.001227260334417224,1,0.001227260334417224,-0.02247794896538835,,,,1,12.27260334417224,0.012988071888685226,0.0035608201287686825,0.005986218340694904,0.10956938104039882
2019-02-14,fold_5,2018 Vol-mageddon + Q4 sell-off,0.00724523700773716,1,0.004196458030492067,1,0.004196458030492067,-0.018281490934896283,,,,1,41.96458030492067,0.011366337537765503,0.00970625039190054,0.00724523700773716,0.3745484592003061
2019-02-15,fold_5,2018 Vol-mageddon + Q4 sell-off,0.002057211473584175,1,0.001975360093638301,1,0.001975360093638301,-0.016306130841257982,,,,1,19.75360093638301,-0.0044279880821704865,0.009147333912551403,0.002057211473584175,0.1778756870323239
2019-02-19,fold_5,2018 Vol-mageddon + Q4 sell-off,0.006364491768181324,1,-0.00017421865777578205,-1,-0.00017421865777578205,-0.016480349499033764,,,,0,-1.7421865777578205,0.0004428774118423462,0.008208819665014744,0.006364491768181324,-0.015992804153815002
2019-02-20,fold_5,2018 Vol-mageddon + Q4 sell-off,0.0018200445920228958,1,-0.0036640395410358906,-1,-0.0036640395410358906,-0.020144389040069655,,,,0,-36.640395410358906,-0.013393726199865341,0.007749252486974001,0.0018200445920228958,-0.3697444191702923
2019-02-21,fold_5,2018 Vol-mageddon + Q4 sell-off,0.003197317011654377,1,0.007372690364718437,1,0.007372690364718437,-0.012771698675351217,,,,1,73.72690364718437,-0.003633324056863785,0.009106521494686604,0.003197317011654377,0.7417759552143991
2019-02-22,fold_5,2018 Vol-mageddon + Q4 sell-off,0.0011350903660058975,1,0.0036375417839735746,1,0.0036375417839735746,-0.009134156891377643,,,,1,36.375417839735746,0.0035578012466430664,0.00863878894597292,0.0011350903660058975,0.36480757635248523
2019-02-25,fold_5,2018 Vol-mageddon + Q4 sell-off,0.006997253745794296,1,0.0010368457296863198,1,0.0010368457296863198,-0.008097311161691323,,,,1,10.368457296863198,0.016984622925519943,0.005173328332602978,0.006997253745794296,0.10749815623397956
2019-02-26,fold_5,2018 Vol-mageddon + Q4 sell-off,0.006362611427903175,1,-0.0006337863160297275,-1,-0.0006337863160297275,-0.00873109747772105,,,,0,-6.337863160297275,0.026408638805150986,0.004881580825895071,0.006362611427903175,-0.06859860697891929
2019-02-27,fold_5,2018 Vol-mageddon + Q4 sell-off,0.007249863818287849,1,-0.002306770533323288,-1,-0.002306770533323288,-0.011037868011044338,,,,0,-23.06770533323288,0.03868589177727699,-0.00017281183681916445,0.007249863818287849,-0.2564972928000794
2019-02-28,fold_5,2018 Vol-mageddon + Q4 sell-off,0.0102884192019701,1,0.006904958747327328,1,0.006904958747327328,-0.004132909263717011,,,,1,69.04958747327328,0.029914449900388718,-0.010214511305093765,0.0102884192019701,0.9804763321443797
2019-03-01,fold_5,2018 Vol-mageddon + Q4 sell-off,0.002084638923406601,1,0.00017208090866915882,1,0.00017208090866915882,-0.003960828355047852,,,,1,1.7208090866915882,-0.012699861079454422,-0.018637001514434814,0.002084638923406601,0.026893411076215196
2019-03-04,fold_5,2018 Vol-mageddon + Q4 sell-off,0.0029862765222787857,1,0.0007450981065630913,1,0.0007450981065630913,-0.0032157302484847605,,,,1,7.450981065630913,0.002046775072813034,0.0017753717256709933,0.0029862765222787857,0.11773856278902868
2019-03-05,fold_5,2018 Vol-mageddon + Q4 sell-off,0.0038266675546765327,1,-0.005688178818672895,-1,-0.005688178818672895,-0.008903909067157656,,,,0,-56.881788186728954,0.001959551125764847,0.0065093920566141605,0.0038266675546765327,-0.9984404366472546
2019-03-06,fold_5,2018 Vol-mageddon + Q4 sell-off,-0.0016874298453330994,-1,-0.012348470278084278,-1,0.012348470278084278,0.003444561210926622,,,,1,123.48470278084278,0.004876341670751572,0.01968303509056568,-0.0016874298453330994,-2.2472515457824884
2019-03-07,fold_5,2018 Vol-mageddon + Q4 sell-off,0.011715972796082497,1,-0.0015175314620137215,-1,-0.0015175314620137215,0.0019270297489129007,,,,0,-15.175314620137215,0.05124351754784584,0.030335213989019394,0.011715972796082497,-0.2482345434549959
2019-03-08,fold_5,2018 Vol-mageddon + Q4 sell-off,0.017627503722906113,1,0.020584454759955406,1,0.020584454759955406,0.022511484508868307,,,,1,205.84454759955406,0.05654478445649147,0.041090596467256546,0.017627503722906113,3.8661865610744894
2019-03-11,fold_5,2018 Vol-mageddon + Q4 sell-off,0.009685976430773735,1,0.005479118321090937,1,0.005479118321090937,0.027990602829959244,,,,1,54.79118321090937,0.006280280649662018,0.022885199636220932,0.009685976430773735,0.7800188928272659
2019-03-12,fold_5,2018 Vol-mageddon + Q4 sell-off,-0.0013512764126062393,-1,0.007485463283956051,1,-0.007485463283956051,0.020505139546003193,,,,0,-74.85463283956051,-0.010141473263502121,0.020762847736477852,-0.0013512764126062393,1.0502638374398423
2019-03-13,fold_5,2018 Vol-mageddon + Q4 sell-off,0.003353218547999859,1,-0.0016962912632152438,-1,-0.0016962912632152438,0.01880884828278795,,,,0,-16.962912632152438,-0.02574530616402626,0.01723448745906353,0.003353218547999859,-0.259205191477666
2019-03-14,fold_5,2018 Vol-mageddon + Q4 sell-off,-0.0038413535803556442,-1,0.009237850084900856,1,-0.009237850084900856,0.009570998197887093,,,,0,-92.37850084900856,-0.02881421335041523,0.03444202244281769,-0.0038413535803556442,1.409647264496538
2019-03-15,fold_5,2018 Vol-mageddon + Q4 sell-off,-0.003799932077527046,-1,0.0023790590930730104,1,-0.0023790590930730104,0.007191939104814082,,,,0,-23.790590930730104,-0.021772658452391624,0.0029952730983495712,-0.003799932077527046,0.34651527241994967
2019-03-18,fold_5,2018 Vol-mageddon + Q4 sell-off,-0.009586799889802933,-1,0.003356766188517213,1,-0.003356766188517213,0.0038351729162968695,,,,0,-33.56766188517213,-0.01688767969608307,-0.0012897165725007653,-0.009586799889802933,0.49204903498740066
2019-03-19,fold_5,2018 Vol-mageddon + Q4 sell-off,-0.0013695713132619858,-1,0.003957103006541729,1,-0.003957103006541729,-0.00012193009024485946,,,,0,-39.57103006541729,-0.00606280192732811,0.0,-0.0013695713132619858,0.5777674207829703
2019-03-20,fold_5,2018 Vol-mageddon + Q4 sell-off,-0.0008255746215581894,-1,0.015511245466768742,1,-0.015511245466768742,-0.0156331755570136,,,,0,-155.11245466768742,-0.009639628231525421,-0.010400827042758465,-0.0008255746215581894,2.2461296638731625
2019-03-21,fold_5,2018 Vol-mageddon + Q4 sell-off,-0.0037707295268774033,-1,-0.02220890112221241,-1,0.02220890112221241,0.006575725565198809,,,,1,222.0890112221241,-0.012844286859035492,-0.023610059171915054,-0.0037707295268774033,-2.890170330312154
2019-03-22,fold_5,2018 Vol-mageddon + Q4 sell-off,0.009515535086393356,1,-0.001905930577777326,-1,-0.001905930577777326,0.004669794987421483,,,,0,-19.05930577777326,0.017960701137781143,0.006141345482319593,0.009515535086393356,-0.21178024690818373
2019-03-25,fold_5,2018 Vol-mageddon + Q4 sell-off,0.010513480752706528,1,0.004646482411772013,1,0.004646482411772013,0.009316277399193496,,,,1,46.46482411772013,0.0470566563308239,0.021207502111792564,0.010513480752706528,0.5178372879620403
2019-03-26,fold_5,2018 Vol-mageddon + Q4 sell-off,0.008048152551054955,1,-0.006443724036216736,-1,-0.006443724036216736,0.0028725533629767597,,,,0,-64.43724036216736,0.023854229599237442,0.02034425549209118,0.008048152551054955,-0.7136034369894386
2019-03-27,fold_5,2018 Vol-mageddon + Q4 sell-off,0.008305833674967289,1,0.0023020142689347267,1,0.0023020142689347267,0.005174567631911486,,,,1,23.020142689347267,0.023589234799146652,0.03251755237579346,0.008305833674967289,0.25177956690205505
2019-03-28,fold_5,2018 Vol-mageddon + Q4 sell-off,0.010011972859501839,1,0.007542503532022238,1,0.007542503532022238,0.012717071163933724,,,,1,75.42503532022238,0.01737038418650627,0.029834916815161705,0.010011972859501839,0.8249561163490199
2019-03-29,fold_5,2018 Vol-mageddon + Q4 sell-off,0.0002525094896554947,1,0.013160225003957748,1,0.013160225003957748,0.025877296167891473,,,,1,131.60225003957748,-0.010639887303113937,0.027450084686279297,0.0002525094896554947,1.4354417979438217
2019-04-01,fold_5,2018 Vol-mageddon + Q4 sell-off,-0.001938149333000183,-1,0.0037832369562238455,1,-0.0037832369562238455,0.022094059211667627,,,,0,-37.832369562238455,-0.006439927965402603,0.01683189906179905,-0.001938149333000183,0.3929132302604623
2019-04-02,fold_5,2018 Vol-mageddon + Q4 sell-off,-0.0023108646273612976,-1,0.005729572847485542,1,-0.005729572847485542,0.016364486364182085,,,,0,-57.29572847485542,-0.005627896636724472,0.009531304240226746,-0.0023108646273612976,0.5928572924656258
2019-04-03,fold_5,2018 Vol-mageddon + Q4 sell-off,-0.00047777779400348663,-1,-0.0003806223103310913,-1,0.0003806223103310913,0.016745108674513176,,,,1,3.806223103310913,0.0020836666226387024,0.009153859689831734,-0.00047777779400348663,-0.03937922860941791
2019-04-04,fold_5,2018 Vol-mageddon + Q4 sell-off,0.002966567873954773,1,0.00515767140313983,1,0.00515767140313983,0.021902780077653006,,,,1,51.576714031398296,0.0012402907013893127,0.007159198634326458,0.002966567873954773,0.5567941972777216
2019-04-05,fold_5,2018 Vol-mageddon + Q4 sell-off,0.013347810134291649,1,0.0025420398451387882,1,0.0025420398451387882,0.024444819922791794,,,,1,25.420398451387882,-0.0005799159407615662,0.006315842270851135,0.013347810134291649,0.2725024093881886
2019-04-08,fold_5,2018 Vol-mageddon + Q4 sell-off,0.009717663750052452,1,-0.0035173578653484583,-1,-0.0035173578653484583,0.020927462057443336,,,,0,-35.17357865348458,0.0009762942790985107,0.003935340326279402,0.009717663750052452,-0.43243918616901417
2019-04-09,fold_5,2018 Vol-mageddon + Q4 sell-off,0.010135497897863388,1,0.005352128762751818,1,0.005352128762751818,0.026279590820195153,,,,1,53.52128762751818,0.003894355148077011,0.010890415869653225,0.010135497897863388,0.6624467096671369
2019-04-10,fold_5,2018 Vol-mageddon + Q4 sell-off,-0.001001410186290741,-1,-0.0023752839770168066,-1,0.0023752839770168066,0.02865487479721196,,,,1,23.752839770168066,0.0007630549371242523,0.009017187170684338,-0.001001410186290741,-0.29712804898278294
2019-04-11,fold_5,2018 Vol-mageddon + Q4 sell-off,-0.003599558025598526,-1,0.004314315505325794,1,-0.004314315505325794,0.024340559291886166,,,,0,-43.14315505325794,0.008002739399671555,0.012674174271523952,-0.003599558025598526,0.5391018631979752
2019-04-12,fold_5,2018 Vol-mageddon + Q4 sell-off,0.0022243931889533997,1,0.0001615378278074786,1,0.0001615378278074786,0.024502097119693644,,,,1,1.615378278074786,0.005970530211925507,0.011184216476976871,0.0022243931889533997,0.020732427437063147
2019-04-15,fold_5,2018 Vol-mageddon + Q4 sell-off,0.0035191215574741364,1,0.0034377172123640776,1,0.0034377172123640776,0.027939814332057722,,,,1,34.377172123640776,0.000563301146030426,0.02366057224571705,0.0035191215574741364,0.4422379245469731
2019-04-16,fold_5,2018 Vol-mageddon + Q4 sell-off,-0.00043243542313575745,-1,0.0034789007622748613,1,-0.0034789007622748613,0.02446091356978286,,,,0,-34.78900762274861,-0.0003448203206062317,0.0170652624219656,-0.00043243542313575745,0.44743409613884627
2019-04-17,fold_5,2018 Vol-mageddon + Q4 sell-off,0.004782496020197868,1,0.001281703356653452,1,0.001281703356653452,0.025742616926436312,,,,1,12.81703356653452,0.0031742528080940247,0.017636874690651894,0.004782496020197868,0.16508748451011285
2019-04-18,fold_5,2018 Vol-mageddon + Q4 sell-off,0.008446973748505116,1,0.002824357245117426,1,0.002824357245117426,0.02856697417155374,,,,1,28.24357245117426,-0.0014951974153518677,0.01724712736904621,0.008446973748505116,0.4062728922046816
2019-04-22,fold_5,2018 Vol-mageddon + Q4 sell-off,-0.0019541755318641663,-1,0.012637894600629807,1,-0.012637894600629807,0.015929079570923932,,,,0,-126.37894600629807,0.003333624452352524,0.016361890360713005,-0.0019541755318641663,2.5761801972299163
2019-04-23,fold_5,2018 Vol-mageddon + Q4 sell-off,0.004743078723549843,1,-0.0031575928442180157,-1,-0.0031575928442180157,0.012771486726705916,,,,0,-31.575928442180157,0.009021539241075516,-0.004054222255945206,0.004743078723549843,-0.5593278337476337
2019-04-24,fold_5,2018 Vol-mageddon + Q4 sell-off,0.0037658466026186943,1,0.004050512798130512,1,0.004050512798130512,0.01682199952483643,,,,1,40.50512798130512,0.01013430580496788,-0.004119951277971268,0.0037658466026186943,0.7241279199257808
2019-04-25,fold_5,2018 Vol-mageddon + Q4 sell-off,-0.00021417252719402313,-1,0.0008919559768401086,1,-0.0008919559768401086,0.01593004354799632,,,,0,-8.919559768401086,0.01417168602347374,-0.012520142830908298,-0.00021417252719402313,0.16275839997497182
2019-04-26,fold_5,2018 Vol-mageddon + Q4 sell-off,0.0021603135392069817,1,0.0019391197711229324,1,0.0019391197711229324,0.017869163319119252,,,,1,19.391197711229324,0.0169062502682209,0.002410326385870576,0.0021603135392069817,0.3551721476100761
2019-04-29,fold_5,2018 Vol-mageddon + Q4 sell-off,0.0039381831884384155,1,-0.007778218016028404,-1,-0.007778218016028404,0.010090945303090848,,,,0,-77.78218016028404,0.013658639043569565,-0.005670021288096905,0.0039381831884384155,-1.4927381154327648
2020-03-23,fold_6,COVID crash and V-recovery,0.01110709086060524,1,0.07458554953336716,1,0.07458554953336716,0.07458554953336716,,,,1,745.8554953336716,0.021243002265691757,0.11920323222875595,0.01110709086060524,1.3619532583716727
2020-03-24,fold_6,COVID crash and V-recovery,0.0053701139986515045,1,-0.007432425860315561,-1,-0.007432425860315561,0.0671531236730516,,,,0,-74.32425860315561,0.009660337120294571,0.03604106232523918,0.0053701139986515045,-0.13059038406955709
2020-03-25,fold_6,COVID crash and V-recovery,0.008286860771477222,1,0.05132082477211952,1,0.05132082477211952,0.11847394844517112,,,,1,513.2082477211952,0.008234262466430664,5.4859290685271844e-05,0.008286860771477222,0.9015247831095355
2020-03-26,fold_6,COVID crash and V-recovery,0.0046541448682546616,1,-0.034998346120119095,-1,-0.034998346120119095,0.08347560232505202,,,,0,-349.98346120119095,0.0004025883972644806,-0.031174037605524063,0.0046541448682546616,-0.6148211832518793
2020-03-27,fold_6,COVID crash and V-recovery,0.006476116366684437,1,0.03572762385010719,1,0.03572762385010719,0.11920322617515922,,,,1,357.27623850107193,-0.00021665915846824646,-0.010470139794051647,0.006476116366684437,0.6217869710557287
2020-03-30,fold_6,COVID crash and V-recovery,0.004656835459172726,1,-0.008576614782214165,-1,-0.008576614782214165,0.11062661139294505,,,,0,-85.76614782214165,-0.012118790298700333,0.02285684272646904,0.004656835459172726,-0.15070272679850347
2020-03-31,fold_6,COVID crash and V-recovery,0.0038003772497177124,1,-0.043418630957603455,-1,-0.043418630957603455,0.0672079804353416,,,,0,-434.18630957603455,-0.009624730795621872,0.031026244163513184,0.0038003772497177124,-0.7688141008966403
2020-04-01,fold_6,COVID crash and V-recovery,0.0061410339549183846,1,0.02009192667901516,1,0.02009192667901516,0.08729990711435676,,,,1,200.9192667901516,-0.004127394407987595,0.09545475989580154,0.0061410339549183846,0.355171613440864
2020-04-02,fold_6,COVID crash and V-recovery,0.0037356186658143997,1,-0.014294445514678955,-1,-0.014294445514678955,0.0730054615996778,,,,0,-142.94445514678955,-0.010715637356042862,0.07680775225162506,0.0037356186658143997,-0.25377689003712767
2020-04-03,fold_6,COVID crash and V-recovery,0.0051312558352947235,1,0.06905461102724075,1,0.06905461102724075,0.14206007262691855,,,,1,690.5461102724075,-0.006575409322977066,0.10184760391712189,0.0051312558352947235,1.2267871397796892
2020-04-06,fold_6,COVID crash and V-recovery,0.0035691969096660614,1,-0.00040721436380408704,-1,-0.00040721436380408704,0.14165285826311447,,,,0,-4.07214363804087,-0.008584309369325638,0.07536505907773972,0.0035691969096660614,-0.007258143756962585
2020-04-07,fold_6,COVID crash and V-recovery,0.005313536152243614,1,0.021009888499975204,1,0.021009888499975204,0.16266274676308967,,,,1,210.09888499975204,-0.011661775410175323,0.0642361268401146,0.005313536152243614,0.38312905774086525
2020-04-08,fold_6,COVID crash and V-recovery,0.0023343637585639954,1,0.0014449184527620673,1,0.0014449184527620673,0.16410766521585174,,,,1,14.449184527620673,-0.01409706100821495,0.06130203232169151,0.0023343637585639954,0.026693376605347516
2020-04-09,fold_6,COVID crash and V-recovery,0.0037092920392751694,1,0.010745402425527573,1,0.010745402425527573,0.1748530676413793,,,,1,107.45402425527573,-0.01114208996295929,0.0693778470158577,0.0037092920392751694,0.2163080765123416
2020-04-13,fold_6,COVID crash and V-recovery,0.0032454971224069595,1,0.04257206618785858,1,0.04257206618785858,0.2174251338292379,,,,1,425.7206618785858,-0.01229141280055046,0.046717315912246704,0.0032454971224069595,0.9196391109077393
2020-04-14,fold_6,COVID crash and V-recovery,0.0022728629410266876,1,-0.011536145582795143,-1,-0.011536145582795143,0.20588898824644275,,,,0,-115.36145582795143,-0.007855940610170364,-0.03345223888754845,0.0022728629410266876,-0.3061814340177442
2020-04-15,fold_6,COVID crash and V-recovery,0.004374092444777489,1,0.018075792118906975,1,0.018075792118906975,0.22396478036534972,,,,1,180.75792118906975,-0.002160158008337021,0.007326609455049038,0.004374092444777489,0.5309427510377467
2020-04-16,fold_6,COVID crash and V-recovery,0.003295591101050377,1,0.00952073186635971,1,0.00952073186635971,0.23348551223170944,,,,1,95.2073186635971,0.0005936175584793091,-0.012884554453194141,0.003295591101050377,0.28351655070026416
2020-04-17,fold_6,COVID crash and V-recovery,0.003461346961557865,1,-0.011915127746760845,-1,-0.011915127746760845,0.2215703844849486,,,,0,-119.15127746760845,-0.0006744749844074249,-0.006757906638085842,0.003461346961557865,-0.35438838311293325
2020-04-20,fold_6,COVID crash and V-recovery,0.004727983847260475,1,-0.03759749233722687,-1,-0.03759749233722687,0.18397289214772172,,,,0,-375.9749233722687,0.0011450797319412231,0.013168531470000744,0.004727983847260475,-1.156075156829076
2020-04-21,fold_6,COVID crash and V-recovery,0.004509900696575642,1,0.029242703691124916,1,0.029242703691124916,0.21321559583884664,,,,1,292.42703691124916,-0.004164300858974457,0.031751591712236404,0.004509900696575642,0.8705687119503405
2020-04-22,fold_6,COVID crash and V-recovery,0.004591053351759911,1,-0.002135372254997492,-1,-0.002135372254997492,0.21108022358384915,,,,0,-21.35372254997492,-0.009860031306743622,0.03735563904047012,0.004591053351759911,-0.07146079430570496
2020-04-23,fold_6,COVID crash and V-recovery,0.003156517632305622,1,0.01564737968146801,1,0.01564737968146801,0.22672760326531716,,,,1,156.4737968146801,-0.013926055282354355,0.03907999396324158,0.003156517632305622,0.524388295378778
2020-04-24,fold_6,COVID crash and V-recovery,0.002081373706459999,1,0.00801131036132574,1,0.00801131036132574,0.2347389136266429,,,,1,80.11310361325741,-0.017634782940149307,-0.005157221108675003,0.002081373706459999,0.28853254756205166
2020-04-27,fold_6,COVID crash and V-recovery,0.0024935193359851837,1,-0.019014431163668633,-1,-0.019014431163668633,0.21572448246297427,,,,0,-190.14431163668633,-0.00870201364159584,-0.0015784892020747066,0.0024935193359851837,-0.7121462546267044
2020-04-28,fold_6,COVID crash and V-recovery,0.0012122057378292084,1,0.034846752882003784,1,0.034846752882003784,0.25057123534497805,,,,1,348.46752882003784,-0.008393049240112305,0.02870927006006241,0.0012122057378292084,1.349116258860208
2020-04-29,fold_6,COVID crash and V-recovery,0.0030233655124902725,1,-0.00041101736132986844,-1,-0.00041101736132986844,0.2501602179836482,,,,0,-4.110173613298684,-0.003115341067314148,0.0,0.0030233655124902725,-0.015273329603258962
2020-04-30,fold_6,COVID crash and V-recovery,0.00216547679156065,1,-0.02858983725309372,-1,-0.02858983725309372,0.22157038073055446,,,,0,-285.8983725309372,-0.003509536385536194,0.013205603696405888,0.00216547679156065,-1.139100475499464
2020-05-01,fold_6,COVID crash and V-recovery,0.0037508737295866013,1,0.011590042151510715,1,0.011590042151510715,0.23316042288206518,,,,1,115.90042151510715,-0.0033997558057308197,0.05540729686617851,0.0037508737295866013,0.454380527434365
2020-05-04,fold_6,COVID crash and V-recovery,0.0008704401552677155,1,0.011273329146206379,1,0.011273329146206379,0.24443375202827156,,,,1,112.73329146206379,-0.012670997530221939,0.05271638184785843,0.0008704401552677155,0.4431575926811178
2020-05-05,fold_6,COVID crash and V-recovery,0.0004863012582063675,1,0.006137482821941376,1,0.006137482821941376,0.25057123485021293,,,,1,61.37482821941376,-0.014911297708749771,0.020283684134483337,0.0004863012582063675,0.3012582525123526
2020-05-06,fold_6,COVID crash and V-recovery,-0.0008961372077465057,-1,0.012794585898518562,1,-0.012794585898518562,0.23777664895169437,,,,0,-127.94585898518562,-0.012001339346170425,0.0015512654790654778,-0.0008961372077465057,0.6266082108417178
2020-05-07,fold_6,COVID crash and V-recovery,-0.0021931659430265427,-1,0.013611855916678905,1,-0.013611855916678905,0.22416479303501546,,,,0,-136.11855916678905,-0.014833193272352219,4.5156863052397966e-05,-0.0021931659430265427,0.6780198336118983
2020-05-08,fold_6,COVID crash and V-recovery,-0.00172429159283638,-1,0.008899128064513206,1,-0.008899128064513206,0.21526566497050226,,,,0,-88.99128064513206,-0.005287569016218185,-0.007096275221556425,-0.00172429159283638,0.4383214928755762
2020-05-11,fold_6,COVID crash and V-recovery,0.0006538480520248413,1,-0.021159369498491287,-1,-0.021159369498491287,0.19410629547201097,,,,0,-211.59369498491287,0.0036257393658161163,0.002465191762894392,0.0006538480520248413,-1.0444928112474263
2020-05-12,fold_6,COVID crash and V-recovery,0.006753155961632729,1,-0.012594935484230518,-1,-0.012594935484230518,0.18151135998778045,,,,0,-125.94935484230518,0.00949813798069954,0.021115215495228767,0.006753155961632729,-0.6809020398622824
2020-05-13,fold_6,COVID crash and V-recovery,0.004193096421658993,1,0.011288478039205074,1,0.011288478039205074,0.19279983802698553,,,,1,112.88478039205074,0.007594216614961624,0.053481537848711014,0.004193096421658993,0.6091367844048735
2020-05-14,fold_6,COVID crash and V-recovery,0.0029069241136312485,1,0.006470423191785812,1,0.006470423191785812,0.19927026121877134,,,,1,64.70423191785812,0.006040077656507492,0.031242623925209045,0.0029069241136312485,0.3543286206546096
2020-05-15,fold_6,COVID crash and V-recovery,0.0027700746431946754,1,0.018460595980286598,1,0.018460595980286598,0.21773085719905794,,,,1,184.60595980286598,-0.0013992972671985626,0.028218109160661697,0.0027700746431946754,1.0146429521600169
2020-05-18,fold_6,COVID crash and V-recovery,-0.003806300461292267,-1,-0.002509345533326268,-1,0.002509345533326268,0.2202402027323842,,,,1,25.093455333262682,-0.030231056734919548,0.0070541235618293285,-0.003806300461292267,-0.1358947902996018
2020-05-19,fold_6,COVID crash and V-recovery,-0.0020437724888324738,-1,0.019771385937929153,1,-0.019771385937929153,0.20046881679445505,,,,0,-197.71385937929153,-0.019696272909641266,0.015006253495812416,-0.0020437724888324738,1.2019011447599568
2020-05-20,fold_6,COVID crash and V-recovery,-0.012295551598072052,-1,-0.010950435884296894,-1,0.010950435884296894,0.21141925267875195,,,,1,109.50435884296894,-0.05667399987578392,-0.006068696733564138,-0.012295551598072052,-0.6962042515893885
2020-05-21,fold_6,COVID crash and V-recovery,-0.013549331575632095,-1,0.003445908660069108,1,-0.003445908660069108,0.20797334401868284,,,,0,-34.45908660069108,-0.055531010031700134,0.01942809484899044,-0.013549331575632095,0.21657318928388547
2020-05-22,fold_6,COVID crash and V-recovery,-0.010952675715088844,-1,-0.0027033903170377016,-1,0.0027033903170377016,0.21067673433572054,,,,1,27.033903170377016,-0.04324965178966522,0.018977487459778786,-0.010952675715088844,-0.17395546199459244
2020-05-26,fold_6,COVID crash and V-recovery,-0.016335925087332726,-1,0.005442784167826176,1,-0.005442784167826176,0.20523395016789436,,,,0,-54.42784167826176,-0.06856932491064072,0.028366241604089737,-0.016335925087332726,0.3523078665915714
2020-05-27,fold_6,COVID crash and V-recovery,-0.013345116749405861,-1,-0.00130356359295547,-1,0.00130356359295547,0.20653751376084983,,,,1,13.0356359295547,-0.042815349996089935,0.02741178125143051,-0.013345116749405861,-0.08747495646310993
2020-05-28,fold_6,COVID crash and V-recovery,-0.006903396919369698,-1,0.014546356163918972,1,-0.014546356163918972,0.19199115759693086,,,,0,-145.46356163918972,-0.015405572950839996,0.02167745679616928,-0.006903396919369698,1.144836825768415
2020-05-29,fold_6,COVID crash and V-recovery,-0.004146376624703407,-1,0.002995300805196166,1,-0.002995300805196166,0.1889958567917347,,,,0,-29.95300805196166,-0.017312314361333847,0.026764295995235443,-0.004146376624703407,0.22837949258839393
2020-06-01,fold_6,COVID crash and V-recovery,-0.0104124266654253,-1,0.006685362663120031,1,-0.006685362663120031,0.18231049412861466,,,,0,-66.85362663120031,-0.015282530337572098,0.03149901330471039,-0.0104124266654253,0.5827813231771511
2020-06-02,fold_6,COVID crash and V-recovery,-0.0004678480327129364,-1,0.004488324746489525,1,-0.004488324746489525,0.17782216938212514,,,,0,-44.88324746489525,-0.01203632727265358,0.032032568007707596,-0.0004678480327129364,0.3980972830499163
2020-06-03,fold_6,COVID crash and V-recovery,-0.0032404642552137375,-1,-0.007037887815386057,-1,0.007037887815386057,0.1848600571975112,,,,1,70.37887815386057,-0.03892207145690918,0.03947428986430168,-0.0032404642552137375,-0.6377926107384717
2020-06-04,fold_6,COVID crash and V-recovery,0.00013566762208938599,1,0.01963319443166256,1,0.01963319443166256,0.20449325162917376,,,,1,196.3319443166256,-0.025822117924690247,-0.0043064602650702,0.00013566762208938599,1.7748960173917738
2020-06-05,fold_6,COVID crash and V-recovery,-0.0014853011816740036,-1,0.00773001741617918,1,-0.00773001741617918,0.19676323421299458,,,,0,-77.3001741617918,-0.04361926019191742,-0.016023224219679832,-0.0014853011816740036,0.6691537153486794
2020-06-08,fold_6,COVID crash and V-recovery,-0.0027893278747797012,-1,0.007218916900455952,1,-0.007218916900455952,0.18954431731253862,,,,0,-72.18916900455952,-0.04599522799253464,-0.011659504845738411,-0.0027893278747797012,0.6401453804806366
2020-06-09,fold_6,COVID crash and V-recovery,-0.0022800900042057037,-1,0.01193004846572876,1,-0.01193004846572876,0.17761426884680986,,,,0,-119.3004846572876,-0.021550804376602173,-0.0018512934911996126,-0.0022800900042057037,1.0635877806641232
2020-06-10,fold_6,COVID crash and V-recovery,0.00209922157227993,1,-0.050818637013435364,-1,-0.050818637013435364,0.1267956318333745,,,,0,-508.18637013435364,0.001344580203294754,-0.01061584148555994,0.00209922157227993,-4.833366497560921
2020-06-11,fold_6,COVID crash and V-recovery,0.012543715536594391,1,0.007916430942714214,1,0.007916430942714214,0.13471206277608871,,,,1,79.16430942714214,0.03771283105015755,0.04290812090039253,0.012543715536594391,0.5200283997094477
2020-06-12,fold_6,COVID crash and V-recovery,0.005592436529695988,1,0.012093736790120602,1,0.012093736790120602,0.14680579956620932,,,,1,120.93736790120602,0.023891765624284744,0.0348283015191555,0.005592436529695988,0.8000435567549711
2020-06-15,fold_6,COVID crash and V-recovery,0.005389507859945297,1,0.017027128487825394,1,0.017027128487825394,0.1638329280540347,,,,1,170.27128487825394,0.0255683995783329,0.03465566039085388,0.005389507859945297,1.1137561430626872
2020-06-16,fold_6,COVID crash and V-recovery,0.011530455201864243,1,0.0031655009370297194,1,0.0031655009370297194,0.16699842899106443,,,,1,31.655009370297194,0.028044123202562332,0.026103550568223,0.011530455201864243,0.20819354101787516
2020-06-17,fold_6,COVID crash and V-recovery,0.013225252740085125,1,0.002705324674025178,1,0.002705324674025178,0.1697037536650896,,,,1,27.05324674025178,0.019193481653928757,0.002107067499309778,0.013225252740085125,0.1778563538394904
2020-06-18,fold_6,COVID crash and V-recovery,0.007436942309141159,1,-0.00016339019930455834,-1,-0.00016339019930455834,0.16954036346578505,,,,0,-1.6339019930455834,0.015372488647699356,0.008876042440533638,0.007436942309141159,-0.011216744710318296
2020-06-19,fold_6,COVID crash and V-recovery,0.006714214570820332,1,0.01192109752446413,1,0.01192109752446413,0.18146146099024918,,,,1,119.2109752446413,0.030415784567594528,-0.01485886238515377,0.006714214570820332,0.8301943175953945
2020-06-22,fold_6,COVID crash and V-recovery,0.0113863255828619,1,0.008475018665194511,1,0.008475018665194511,0.1899364796554437,,,,1,84.75018665194511,0.03300290182232857,-0.01593226008117199,0.0113863255828619,0.5811019860795387
2020-06-23,fold_6,COVID crash and V-recovery,0.00430332962423563,1,-0.02083098329603672,-1,-0.02083098329603672,0.16910549635940697,,,,0,-208.3098329603672,0.025785233825445175,-0.004995599389076233,0.00430332962423563,-1.4175974704980616
2020-06-24,fold_6,COVID crash and V-recovery,0.014681586064398289,1,0.009474299848079681,1,0.009474299848079681,0.17857979620748665,,,,1,94.74299848079681,0.03314102068543434,0.02743980661034584,0.014681586064398289,0.6165341995312399
2020-06-25,fold_6,COVID crash and V-recovery,0.014687413349747658,1,-0.023898296058177948,-1,-0.023898296058177948,0.1546815001493087,,,,0,-238.98296058177948,0.03381786122918129,0.02472933940589428,0.014687413349747658,-1.5408676806680528
2020-06-26,fold_6,COVID crash and V-recovery,0.02420135773718357,1,0.010847700759768486,1,0.010847700759768486,0.1655292009090772,,,,1,108.47700759768486,0.05920480564236641,0.07291491329669952,0.02420135773718357,0.6746617427209867
2020-06-29,fold_6,COVID crash and V-recovery,0.008220409974455833,1,0.01941167749464512,1,0.01941167749464512,0.1849408784037223,,,,1,194.1167749464512,0.01955818012356758,0.05515451729297638,0.008220409974455833,1.1947957833765366
2020-06-30,fold_6,COVID crash and V-recovery,0.0019224472343921661,1,0.011604422703385353,1,0.011604422703385353,0.19654530110710766,,,,1,116.04422703385353,0.0004708021879196167,0.048828642815351486,0.0019224472343921661,0.692796584541074
2020-07-01,fold_6,COVID crash and V-recovery,-0.0027463771402835846,-1,0.00676383264362812,1,-0.00676383264362812,0.18978146846347954,,,,0,-67.6383264362812,-0.016099918633699417,0.04561207443475723,-0.0027463771402835846,0.39974959804786203
2020-07-02,fold_6,COVID crash and V-recovery,-0.0032854806631803513,-1,0.024287275969982147,1,-0.024287275969982147,0.1654941924934974,,,,0,-242.87275969982147,-0.013406507670879364,0.04565257206559181,-0.0032854806631803513,1.4358778581058032
2020-07-06,fold_6,COVID crash and V-recovery,0.0020931586623191833,1,-0.006912693381309509,-1,-0.006912693381309509,0.15858149911218788,,,,0,-69.12693381309509,-0.017999861389398575,0.0005803222302347422,0.0020931586623191833,-0.40157268428087856
2020-07-07,fold_6,COVID crash and V-recovery,-0.002850707620382309,-1,0.01308580581098795,1,-0.01308580581098795,0.14549569330119994,,,,0,-130.8580581098795,-0.011940822005271912,0.014546205289661884,-0.002850707620382309,0.760950319818398
2020-07-08,fold_6,COVID crash and V-recovery,-0.0013354048132896423,-1,0.008387851528823376,1,-0.008387851528823376,0.13710784177237656,,,,0,-83.87851528823376,-0.007409747689962387,0.0034939206670969725,-0.0013354048132896423,0.4829213491086964
2020-07-09,fold_6,COVID crash and V-recovery,0.0003960952162742615,1,0.006804332137107849,1,0.006804332137107849,0.1439121739094844,,,,1,68.04332137107849,-0.005713474005460739,-0.01173989288508892,0.0003960952162742615,0.39410950525264227
2020-07-10,fold_6,COVID crash and V-recovery,-0.0005178749561309814,-1,-0.020784974098205566,-1,0.020784974098205566,0.16469714800768998,,,,1,207.84974098205566,-0.0007258132100105286,-0.017386941239237785,-0.0005178749561309814,-1.5882076019087286
2020-07-13,fold_6,COVID crash and V-recovery,0.0028024306520819664,1,0.007053189445286989,1,0.007053189445286989,0.17175033745297696,,,,1,70.53189445286989,0.003384966403245926,0.031374141573905945,0.0028024306520819664,0.5120446139780346
2020-07-14,fold_6,COVID crash and V-recovery,0.0031759273260831833,1,0.0020335218869149685,1,0.0020335218869149685,0.17378385933989193,,,,1,20.335218869149685,-0.0065342336893081665,0.013845482841134071,0.0031759273260831833,0.14954269287114882
2020-07-15,fold_6,COVID crash and V-recovery,-0.0011943001300096512,-1,-0.006845961790531874,-1,0.006845961790531874,0.1806298211304238,,,,1,68.45961790531874,-0.01512792706489563,0.01532869040966034,-0.0011943001300096512,-0.5241009812391734
2020-07-16,fold_6,COVID crash and V-recovery,0.0010502971708774567,1,0.0011572843650355935,1,0.0011572843650355935,0.1817871054954594,,,,1,11.572843650355935,-0.006799440830945969,-0.004292608238756657,0.0010502971708774567,0.08812283189001813
2020-07-17,fold_6,COVID crash and V-recovery,-0.0035448409616947174,-1,0.027976106852293015,1,-0.027976106852293015,0.15381099864316639,,,,0,-279.76106852293015,-0.008453134447336197,-0.01499137282371521,-0.0035448409616947174,2.132123708338193
2020-07-20,fold_6,COVID crash and V-recovery,-0.006685866042971611,-1,-0.010475467890501022,-1,0.010475467890501022,0.1642864665336674,,,,1,104.75467890501022,-0.01194818690419197,-0.025281477719545364,-0.006685866042971611,-0.7206510227050099
2020-07-21,fold_6,COVID crash and V-recovery,-0.002024151384830475,-1,0.0035167301539331675,1,-0.0035167301539331675,0.16076973637973424,,,,0,-35.167301539331675,-0.015269741415977478,-0.027612756937742233,-0.002024151384830475,0.24286262614215368
2020-07-22,fold_6,COVID crash and V-recovery,-0.00014655105769634247,-1,-0.026467259973287582,-1,0.026467259973287582,0.18723699635302182,,,,1,264.6725997328758,-0.011339541524648666,-0.019669238477945328,-0.00014655105769634247,-1.8409053843650716
2020-07-23,fold_6,COVID crash and V-recovery,0.007884444668889046,1,-0.009541480801999569,-1,-0.009541480801999569,0.17769551555102225,,,,0,-95.41480801999569,-0.011142391711473465,0.012019885703921318,0.007884444668889046,-0.6432334964953011
2020-07-24,fold_6,COVID crash and V-recovery,0.010081135667860508,1,0.01768600009381771,1,0.01768600009381771,0.19538151564483996,,,,1,176.8600009381771,-0.009829681366682053,0.03924935311079025,0.010081135667860508,1.1921186983156284
2020-07-27,fold_6,COVID crash and V-recovery,0.00509960763156414,1,-0.012806747108697891,-1,-0.012806747108697891,0.18257476853614207,,,,0,-128.0674710869789,-0.01763172447681427,0.034980401396751404,0.00509960763156414,-0.8897363445671662
2020-07-28,fold_6,COVID crash and V-recovery,0.0022986680269241333,1,0.011460249312222004,1,0.011460249312222004,0.19403501784836408,,,,1,114.60249312222004,-0.019304802641272545,0.05149209499359131,0.0022986680269241333,0.7917747031445751
2020-07-29,fold_6,COVID crash and V-recovery,-0.008657414466142654,-1,0.0052218628115952015,1,-0.0052218628115952015,0.18881315503676888,,,,0,-52.218628115952015,-0.03887438029050827,0.042506542056798935,-0.008657414466142654,0.3718284970110825
2020-07-30,fold_6,COVID crash and V-recovery,-0.010624948889017105,-1,0.01768798753619194,1,-0.01768798753619194,0.17112516750057694,,,,0,-176.8798753619194,-0.03604193031787872,0.05044260248541832,-0.010624948889017105,1.2769965562045513
2020-07-31,fold_6,COVID crash and V-recovery,-0.004328688606619835,-1,0.013417048379778862,1,-0.013417048379778862,0.15770811912079807,,,,0,-134.17048379778862,-0.028520449995994568,0.021145181730389595,-0.004328688606619835,0.9366016124301634
2020-08-03,fold_6,COVID crash and V-recovery,-0.0053998976945877075,-1,0.003704946953803301,1,-0.003704946953803301,0.15400317216699477,,,,0,-37.04946953803301,-0.029109839349985123,0.0034460306633263826,-0.0053998976945877075,0.27259952974596996
2020-08-04,fold_6,COVID crash and V-recovery,-0.006269615143537521,-1,0.0024746968410909176,1,-0.0024746968410909176,0.15152847532590386,,,,0,-24.746968410909176,-0.02865654230117798,-0.01938198134303093,-0.006269615143537521,0.18292635050540385
2020-08-05,fold_6,COVID crash and V-recovery,-0.0045073069632053375,-1,0.013157923705875874,1,-0.013157923705875874,0.13837055162002798,,,,0,-131.57923705875874,-0.023432010784745216,0.0029841316863894463,-0.0045073069632053375,0.9953246352301299
2020-08-06,fold_6,COVID crash and V-recovery,0.002485930919647217,1,-0.011609433218836784,-1,-0.011609433218836784,0.1267611184011912,,,,0,-116.09433218836784,-0.022948134690523148,-0.00789579376578331,0.002485930919647217,-0.8655564505121134
2020-08-07,fold_6,COVID crash and V-recovery,0.0003397110849618912,1,-0.004282103851437569,-1,-0.004282103851437569,0.12247901454975363,,,,0,-42.82103851437569,-0.018431447446346283,0.002538258209824562,0.0003397110849618912,-0.315403274167436
2020-08-10,fold_6,COVID crash and V-recovery,0.0014540553092956543,1,-0.01912306621670723,-1,-0.01912306621670723,0.1033559483330464,,,,0,-191.2306621670723,-0.014517880976200104,0.018364673480391502,0.0014540553092956543,-1.4949017218268141
2020-08-11,fold_6,COVID crash and V-recovery,0.0005545411258935928,1,0.024840809404850006,1,0.024840809404850006,0.1281967577378964,,,,1,248.40809404850006,-0.011840350925922394,0.04706699773669243,0.0005545411258935928,1.854425462059186
2020-08-12,fold_6,COVID crash and V-recovery,-0.008021045476198196,-1,0.002277998486533761,1,-0.002277998486533761,0.12591875925136264,,,,0,-22.77998486533761,-0.02317020483314991,0.015475744381546974,-0.008021045476198196,0.1571654526123982
2020-08-13,fold_6,COVID crash and V-recovery,-0.0023927390575408936,-1,-0.0011753810103982687,-1,0.0011753810103982687,0.1270941402617609,,,,1,11.753810103982687,-0.022593989968299866,0.026974011212587357,-0.0023927390575408936,-0.08149801908205123
2020-08-14,fold_6,COVID crash and V-recovery,-0.0024161431938409805,-1,0.011544312350451946,1,-0.011544312350451946,0.11554982791130897,,,,0,-115.44312350451946,-0.023037884384393692,0.03505614399909973,-0.0024161431938409805,0.8004500661944717
2020-08-17,fold_6,COVID crash and V-recovery,0.0024541644379496574,1,0.009579257108271122,1,0.009579257108271122,0.1251290850195801,,,,1,95.79257108271122,-0.02601068653166294,0.029736364260315895,0.0024541644379496574,0.7230246261558297
2020-08-18,fold_6,COVID crash and V-recovery,-0.0010444745421409607,-1,-0.006750442553311586,-1,0.006750442553311586,0.13187952757289167,,,,1,67.50442553311586,-0.03394298255443573,0.027988793328404427,-0.0010444745421409607,-0.510820204822413
2020-08-19,fold_6,COVID crash and V-recovery,0.0036563193425536156,1,0.013776266016066074,1,0.013776266016066074,0.14565579358895775,,,,1,137.76266016066074,-0.025333518162369728,0.05585353076457977,0.0036563193425536156,1.037559246659717
2020-08-20,fold_6,COVID crash and V-recovery,0.0020616110414266586,1,0.0069067515432834625,1,0.0069067515432834625,0.1525625451322412,,,,1,69.06751543283463,-0.027951223775744438,0.038955897092819214,0.0020616110414266586,0.5625156236933915
2020-08-21,fold_6,COVID crash and V-recovery,0.001349547877907753,1,0.006224532146006823,1,0.006224532146006823,0.15878707727824803,,,,1,62.245321460068226,-0.03249232470989227,0.0371214896440506,0.001349547877907753,0.5106356876868382
2020-08-24,fold_6,COVID crash and V-recovery,-0.0004295874387025833,-1,0.007831685245037079,1,-0.007831685245037079,0.15095539203321096,,,,0,-78.31685245037079,-0.03130801022052765,0.038897957652807236,-0.0004295874387025833,0.6743238686894301
2020-08-25,fold_6,COVID crash and V-recovery,-0.0010607782751321793,-1,0.021114297211170197,1,-0.021114297211170197,0.12984109482204076,,,,0,-211.14297211170197,-0.02610917203128338,0.04801339656114578,-0.0010607782751321793,1.8535998038712649
2020-08-26,fold_6,COVID crash and V-recovery,7.465668022632599e-05,1,-0.003121370915323496,-1,-0.003121370915323496,0.12671972390671726,,,,0,-31.21370915323496,-0.019703462719917297,0.036324240267276764,7.465668022632599e-05,-0.2587895593319744
2020-08-27,fold_6,COVID crash and V-recovery,-0.0006223786622285843,-1,0.005072346422821283,1,-0.005072346422821283,0.12164737748389598,,,,0,-50.72346422821283,-0.016297996044158936,-0.012585151940584183,-0.0006223786622285843,0.42181512853870085
2020-08-28,fold_6,COVID crash and V-recovery,0.0024033300578594208,1,0.008001000620424747,1,0.008001000620424747,0.12964837810432073,,,,1,80.01000620424747,-0.008522462099790573,-0.03107313998043537,0.0024033300578594208,0.7010740917333799
2020-08-31,fold_6,COVID crash and V-recovery,0.004008108749985695,1,0.016947124153375626,1,0.016947124153375626,0.14659550225769635,,,,1,169.47124153375626,-0.007247947156429291,-0.08833174407482147,0.004008108749985695,1.519174036231336
2020-09-01,fold_6,COVID crash and V-recovery,0.00396684929728508,1,0.009425140917301178,1,0.009425140917301178,0.15602064317499753,,,,1,94.25140917301178,-0.011469084769487381,-0.07632622867822647,0.00396684929728508,0.8019761973282619
2020-09-02,fold_6,COVID crash and V-recovery,-0.0017285961657762527,-1,-0.052030764520168304,-1,0.052030764520168304,0.20805140769516584,,,,1,520.307645201683,-0.00978970155119896,-0.10588965564966202,-0.0017285961657762527,-4.362421233254415
2020-09-03,fold_6,COVID crash and V-recovery,0.005963493138551712,1,-0.013415642082691193,-1,-0.013415642082691193,0.19463576561247464,,,,0,-134.15642082691193,0.002568170428276062,-0.0608224980533123,0.005963493138551712,-0.8180304219831065
2020-09-04,fold_6,COVID crash and V-recovery,0.0034452294930815697,1,-0.04925760254263878,-1,-0.04925760254263878,0.14537816306983586,,,,0,-492.5760254263878,-0.0018560029566287994,-0.03014158084988594,0.0034452294930815697,-2.99098501352186
2020-09-08,fold_6,COVID crash and V-recovery,0.006349483504891396,1,0.028952637687325478,1,0.028952637687325478,0.17433080075716134,,,,1,289.5263768732548,0.005308613181114197,0.033189885318279266,0.006349483504891396,1.4630448928429223
2020-09-09,fold_6,COVID crash and V-recovery,0.003921051509678364,1,-0.020138287916779518,-1,-0.020138287916779518,0.15419251284038182,,,,0,-201.38287916779518,-0.001819901168346405,-0.011837474070489407,0.003921051509678364,-0.9882583616877233
2020-09-10,fold_6,COVID crash and V-recovery,0.006538397632539272,1,-0.006963605526834726,-1,-0.006963605526834726,0.1472289073135471,,,,0,-69.63605526834726,0.00043014809489250183,-0.007444728631526232,0.006538397632539272,-0.3461658618806676
2020-09-11,fold_6,COVID crash and V-recovery,0.003716140054166317,1,0.017265276983380318,1,0.017265276983380318,0.16449418429692741,,,,1,172.65276983380318,-0.006459161639213562,-0.01332566887140274,0.003716140054166317,0.8559825585801524
2020-09-14,fold_6,COVID crash and V-recovery,-0.0005466081202030182,-1,0.014073864556849003,1,-0.014073864556849003,0.1504203197400784,,,,0,-140.73864556849003,-0.02215755358338356,-0.028195757418870926,-0.0005466081202030182,0.6853734804594767
2020-09-15,fold_6,COVID crash and V-recovery,0.003735573962330818,1,-0.01607472263276577,-1,-0.01607472263276577,0.13434559710731264,,,,0,-160.7472263276577,-0.024754922837018967,-0.023861397057771683,0.003735573962330818,-0.7798215646588044
2020-09-16,fold_6,COVID crash and V-recovery,-0.003143901005387306,-1,-0.01574554108083248,-1,0.01574554108083248,0.15009113818814512,,,,1,157.4554108083248,-0.03231315314769745,-0.03879699110984802,-0.003143901005387306,-0.7564717033725888
2020-09-17,fold_6,COVID crash and V-recovery,-0.0017676949501037598,-1,-0.01284454483538866,-1,0.01284454483538866,0.16293568302353378,,,,1,128.4454483538866,-0.025828219950199127,-0.018405728042125702,-0.0017676949501037598,-0.6100156525437823
2020-09-18,fold_6,COVID crash and V-recovery,-0.0014743246138095856,-1,0.0023951882030814886,1,-0.0023951882030814886,0.1605404948204523,,,,0,-23.951882030814886,-0.016570962965488434,0.017421115189790726,-0.0014743246138095856,0.11391217076698176
2020-09-21,fold_6,COVID crash and V-recovery,0.0016392283141613007,1,0.01840822398662567,1,0.01840822398662567,0.17894871880707797,,,,1,184.0822398662567,-0.005443736910820007,0.035582274198532104,0.0016392283141613007,0.8775572328014063
2020-09-22,fold_6,COVID crash and V-recovery,0.0005089864134788513,1,-0.03101031668484211,-1,-0.03101031668484211,0.14793840212223586,,,,0,-310.1031668484211,-0.004867371171712875,0.012654685415327549,0.0005089864134788513,-1.4537438731940597
2020-09-23,fold_6,COVID crash and V-recovery,0.0007157977670431137,1,0.0046457210555672646,1,0.0046457210555672646,0.15258412317780312,,,,1,46.457210555672646,0.01502685621380806,0.050490401685237885,0.0007157977670431137,0.20775431739486164
2020-09-24,fold_6,COVID crash and V-recovery,0.0025301091372966766,1,0.022982297465205193,1,0.022982297465205193,0.17556642064300831,,,,1,229.82297465205193,0.02248600497841835,0.061592526733875275,0.0025301091372966766,1.0502742819316198
2020-09-25,fold_6,COVID crash and V-recovery,0.002458014525473118,1,0.02055634744465351,1,0.02055634744465351,0.19612276808766183,,,,1,205.5634744465351,0.008816909044981003,0.010075737722218037,0.002458014525473118,0.9149699726863618
2020-09-28,fold_6,COVID crash and V-recovery,0.0033629629760980606,1,-0.004519365727901459,-1,-0.004519365727901459,0.19160340235976037,,,,0,-45.19365727901459,0.0034515373408794403,0.010621445253491402,0.0033629629760980606,-0.1973176015235255
2020-09-29,fold_6,COVID crash and V-recovery,0.00738159753382206,1,0.0068253991194069386,1,0.0068253991194069386,0.1984288014791673,,,,1,68.25399119406939,0.0058486610651016235,-0.002867152215912938,0.00738159753382206,0.298621087736763
2020-09-30,fold_6,COVID crash and V-recovery,0.007118559442460537,1,0.01574784703552723,1,0.01574784703552723,0.21417664851469453,,,,1,157.4784703552723,0.0004157908260822296,0.007458656560629606,0.007118559442460537,0.697064423708603
2020-10-01,fold_6,COVID crash and V-recovery,0.0019374862313270569,1,-0.02853449247777462,-1,-0.02853449247777462,0.18564215603691991,,,,0,-285.3449247777462,-0.008941896259784698,-0.0029803828801959753,0.0019374862313270569,-1.2533205081188008
2020-10-02,fold_6,COVID crash and V-recovery,0.006251226179301739,1,0.02110205590724945,1,0.02110205590724945,0.20674421194416936,,,,1,211.0205590724945,0.003064502030611038,0.04071858525276184,0.006251226179301739,1.0251783952435474
2020-10-05,fold_6,COVID crash and V-recovery,0.00475415401160717,1,-0.01800796203315258,-1,-0.01800796203315258,0.18873624991101678,,,,0,-180.0796203315258,-0.005562078207731247,0.0500197559595108,0.00475415401160717,-0.8614788499208522
2020-10-06,fold_6,COVID crash and V-recovery,0.003863496705889702,1,0.017151206731796265,1,0.017151206731796265,0.20588745664281305,,,,1,171.51206731796265,0.00037970393896102905,0.06799398362636566,0.003863496705889702,0.9414975943994984
2020-10-07,fold_6,COVID crash and V-recovery,0.0017713597044348717,1,0.005308808758854866,1,0.005308808758854866,0.21119626540166792,,,,1,53.08808758854866,-0.005672890692949295,0.0424555167555809,0.0017713597044348717,0.30415484714686564
2020-10-08,fold_6,COVID crash and V-recovery,0.0036865388974547386,1,0.015164476819336414,1,0.015164476819336414,0.22636074222100433,,,,1,151.64476819336414,-0.006489146500825882,0.03041280247271061,0.0036865388974547386,0.8970329885777675
2020-10-09,fold_6,COVID crash and V-recovery,0.004543133080005646,1,0.030403228476643562,1,0.030403228476643562,0.2567639706976479,,,,1,304.0322847664356,-0.011763736605644226,0.009752639569342136,0.004543133080005646,1.770571887040376
2020-10-12,fold_6,COVID crash and V-recovery,0.002309480682015419,1,-3.373719300725497e-05,-1,-3.373719300725497e-05,0.25673023350464064,,,,0,-0.33737193007254973,-0.009922318160533905,-0.037110790610313416,0.002309480682015419,-0.0018680407759308338
2020-10-13,fold_6,COVID crash and V-recovery,0.0037514958530664444,1,-0.00838725920766592,-1,-0.00838725920766592,0.24834297429697472,,,,0,-83.8725920766592,-0.011175964027643204,-0.03492961823940277,0.0037514958530664444,-0.4716208204510821
2020-10-14,fold_6,COVID crash and V-recovery,0.0021201176568865776,1,-0.006733904592692852,-1,-0.006733904592692852,0.24160906970428186,,,,0,-67.33904592692852,-0.010783914476633072,-0.0273162629455328,0.0021201176568865776,-0.38440893439136203
2020-10-15,fold_6,COVID crash and V-recovery,0.005100451409816742,1,-0.005495686549693346,-1,-0.005495686549693346,0.23611338315458852,,,,0,-54.95686549693346,-0.011362601071596146,-0.020617766305804253,0.005100451409816742,-0.31903396928304123
2020-10-16,fold_6,COVID crash and V-recovery,0.002112060785293579,1,-0.016460204496979713,-1,-0.016460204496979713,0.2196531786576088,,,,0,-164.60204496979713,-0.012785106897354126,-0.013153640553355217,0.002112060785293579,-0.9665816644113905
2020-10-19,fold_6,COVID crash and V-recovery,0.001714024692773819,1,0.002147437771782279,1,0.002147437771782279,0.22180061642939108,,,,1,21.47437771782279,-0.015758957713842392,-0.011803005822002888,0.001714024692773819,0.12331480174769346
2020-10-20,fold_6,COVID crash and V-recovery,0.0016278978437185287,1,-0.0007739050779491663,-1,-0.0007739050779491663,0.22102671135144192,,,,0,-7.739050779491663,-0.018099956214427948,-0.006172140594571829,0.0016278978437185287,-0.04571847515718098
2020-10-21,fold_6,COVID crash and V-recovery,0.00041336938738822937,1,-3.5408695111982524e-05,-1,-3.5408695111982524e-05,0.22099130265632994,,,,0,-0.35408695111982524,-0.016744520515203476,-0.045165520161390305,0.00041336938738822937,-0.0022928343745738243
2020-10-22,fold_6,COVID crash and V-recovery,-0.0010576080530881882,-1,0.001968440366908908,1,-0.001968440366908908,0.21902286228942103,,,,0,-19.68440366908908,-0.01866152137517929,-0.02779475226998329,-0.0010576080530881882,0.12775259426091953
2020-10-23,fold_6,COVID crash and V-recovery,-0.002146650105714798,-1,-0.015109569765627384,-1,0.015109569765627384,0.2341324320550484,,,,1,151.09569765627384,-0.02722840942442417,-0.055452797561883926,-0.002146650105714798,-1.039698635608039
2020-10-26,fold_6,COVID crash and V-recovery,9.478256106376648e-05,1,0.007778302300721407,1,0.007778302300721407,0.24191073435576982,,,,1,77.78302300721407,-0.021798931062221527,-0.03811882436275482,9.478256106376648e-05,0.5479790991713467
2020-10-27,fold_6,COVID crash and V-recovery,-0.0011916141957044601,-1,-0.03976728767156601,-1,0.03976728767156601,0.28167802202733583,,,,1,397.6728767156601,-0.019882172346115112,-0.028747210279107094,-0.0011916141957044601,-2.787764890068613
2020-10-28,fold_6,COVID crash and V-recovery,-0.0005882736295461655,-1,0.01733536086976528,1,-0.01733536086976528,0.26434266115757055,,,,0,-173.35360869765282,-0.005109529942274094,0.054690517485141754,-0.0005882736295461655,1.0355589815970991
2020-10-29,fold_6,COVID crash and V-recovery,-0.006253842264413834,-1,-0.025689605623483658,-1,0.025689605623483658,0.2900322667810542,,,,1,256.8960562348366,-0.013821415603160858,0.06309220939874649,-0.006253842264413834,-1.5274747106782163
2020-10-30,fold_6,COVID crash and V-recovery,-0.0027688052505254745,-1,0.0022244045976549387,1,-0.0022244045976549387,0.28780786218339927,,,,0,-22.244045976549387,-0.00021575018763542175,0.08952881395816803,-0.0027688052505254745,0.13410157396693856
2020-11-02,fold_6,COVID crash and V-recovery,0.00013884902000427246,1,0.017149915918707848,1,0.017149915918707848,0.3049577781021071,,,,1,171.49915918707848,0.003130462020635605,0.06665904819965363,0.00013884902000427246,1.0779367386887289
2020-11-03,fold_6,COVID crash and V-recovery,-0.0026549510657787323,-1,0.04367043823003769,1,-0.04367043823003769,0.2612873398720694,,,,0,-436.7043823003769,-0.009628120809793472,0.031432218849658966,-0.0026549510657787323,2.75306621443569
2020-11-04,fold_6,COVID crash and V-recovery,-0.004151798784732819,-1,0.025737054646015167,1,-0.025737054646015167,0.23555028522605426,,,,0,-257.3705464601517,-0.027990685775876045,0.009885048493742943,-0.004151798784732819,1.4119405213839278
2020-11-05,fold_6,COVID crash and V-recovery,-0.008195048198103905,-1,0.0007469941047020257,1,-0.0007469941047020257,0.23480329112135223,,,,0,-7.4699410470202565,-0.03501247987151146,-0.020557139068841934,-0.008195048198103905,0.03915442701452015
2020-11-06,fold_6,COVID crash and V-recovery,-0.005115129053592682,-1,-0.02064535580575466,-1,0.02064535580575466,0.2554486469271069,,,,1,206.45355805754662,-0.02698732726275921,-0.012569820508360863,-0.005115129053592682,-1.099611526163606
2020-11-09,fold_6,COVID crash and V-recovery,-0.009408723562955856,-1,-0.01807691529393196,-1,0.01807691529393196,0.27352556222103885,,,,1,180.7691529393196,-0.03308930620551109,0.015848102048039436,-0.009408723562955856,-0.9987407535989247
2020-11-10,fold_6,COVID crash and V-recovery,-0.007029017433524132,-1,0.022123269736766815,1,-0.022123269736766815,0.25140229248427204,,,,0,-221.23269736766815,-0.028358094394207,0.030747581273317337,-0.007029017433524132,1.1929141000624843
2020-11-11,fold_6,COVID crash and V-recovery,-0.0026691146194934845,-1,-0.0047051324509084225,-1,0.0047051324509084225,0.25610742493518046,,,,1,47.051324509084225,-0.017261262983083725,0.0012066756607964635,-0.0026691146194934845,-0.24631408484931272
2020-11-12,fold_6,COVID crash and V-recovery,0.0035847118124365807,1,0.00873431283980608,1,0.00873431283980608,0.26484173777498654,,,,1,87.3431283980608,-0.014638766646385193,0.013706258498132229,0.0035847118124365807,0.45797074181542646
2020-11-13,fold_6,COVID crash and V-recovery,0.0019282381981611252,1,0.007772567216306925,1,0.007772567216306925,0.27261430499129347,,,,1,77.72567216306925,-0.015459321439266205,-0.0018917557317763567,0.0019282381981611252,0.4062582307615261
2020-11-16,fold_6,COVID crash and V-recovery,0.0006921347230672836,1,-0.0031774360686540604,-1,-0.0031774360686540604,0.2694368689226394,,,,0,-31.774360686540604,-0.01787981577217579,-0.009630321525037289,0.0006921347230672836,-0.16851969730067273
2020-11-17,fold_6,COVID crash and V-recovery,0.0030964072793722153,1,-0.007417635060846806,-1,-0.007417635060846806,0.2620192338617926,,,,0,-74.17635060846806,-0.009415004402399063,0.007499608676880598,0.0030964072793722153,-0.3932528488787517
2020-11-18,fold_6,COVID crash and V-recovery,0.0018391739577054977,1,0.007794450502842665,1,0.007794450502842665,0.26981368436463526,,,,1,77.94450502842665,-0.003306277096271515,0.021044887602329254,0.0018391739577054977,0.41165884580625633
2020-11-19,fold_6,COVID crash and V-recovery,0.007745864801108837,1,-0.006863702088594437,-1,-0.006863702088594437,0.26294998227604083,,,,0,-68.63702088594437,0.006876502186059952,0.02242281287908554,0.007745864801108837,-0.36097592278577006
2020-11-20,fold_6,COVID crash and V-recovery,0.00872751697897911,1,3.400091009098105e-05,1,3.400091009098105e-05,0.2629839831861318,,,,1,0.3400091009098105,0.018585432320833206,0.03132430091500282,0.00872751697897911,0.0017828542565550293
2020-11-23,fold_6,COVID crash and V-recovery,0.005979044362902641,1,0.013952494598925114,1,0.013952494598925114,0.2769364777850569,,,,1,139.52494598925114,0.009086739271879196,0.04402534291148186,0.005979044362902641,0.7433640469029835
2020-11-24,fold_6,COVID crash and V-recovery,0.003293035551905632,1,0.006127643398940563,1,0.006127643398940563,0.2830641211839975,,,,1,61.27643398940563,0.005287930369377136,0.03135693445801735,0.003293035551905632,0.3234052070137997
2020-11-25,fold_6,COVID crash and V-recovery,0.0054690903052687645,1,0.009172377176582813,1,0.009172377176582813,0.2922364983605803,,,,1,91.72377176582813,0.003198426216840744,0.02664339542388916,0.0054690903052687645,0.5463967394333243
2020-11-27,fold_6,COVID crash and V-recovery,0.007314465939998627,1,0.0020377866458147764,1,0.0020377866458147764,0.2942742850063951,,,,1,20.377866458147764,-0.003648035228252411,0.02153753489255905,0.007314465939998627,0.12379010218913579
2020-11-30,fold_6,COVID crash and V-recovery,0.007315183989703655,1,0.012735040858387947,1,0.012735040858387947,0.307009325864783,,,,1,127.35040858387947,-0.0036767274141311646,0.025146711617708206,0.007315183989703655,0.825152095544987
2020-12-01,fold_6,COVID crash and V-recovery,0.0028622709214687347,1,0.0012840845156461,1,0.0012840845156461,0.3082934103804291,,,,1,12.840845156461,-0.013873804360628128,0.0157906636595726,0.0028622709214687347,0.08186080873771634
2020-12-02,fold_6,COVID crash and V-recovery,-0.0005002487450838089,-1,0.0014141055289655924,1,-0.0014141055289655924,0.30687930485146353,,,,0,-14.141055289655924,-0.019131802022457123,-0.008394548669457436,-0.0005002487450838089,0.09295420381384639
2020-12-03,fold_6,COVID crash and V-recovery,0.00011508911848068237,1,0.004066517110913992,1,0.004066517110913992,0.3109458219623775,,,,1,40.66517110913992,-0.013651296496391296,-0.005801084917038679,0.00011508911848068237,0.34847327562232994
2020-12-04,fold_6,COVID crash and V-recovery,0.0003639198839664459,1,0.005646963603794575,1,0.005646963603794575,0.3165927855661721,,,,1,56.46963603794575,-0.007918823510408401,-0.012084580026566982,0.0003639198839664459,0.5540372958545712
2020-12-07,fold_6,COVID crash and V-recovery,0.0024937549605965614,1,0.003378992434591055,1,0.003378992434591055,0.31997177800076315,,,,1,33.78992434591055,-0.0032348372042179108,-0.010502398945391178,0.0024937549605965614,0.329049495914118
2020-12-08,fold_6,COVID crash and V-recovery,0.0036697592586278915,1,-0.022901127114892006,-1,-0.022901127114892006,0.29707065088587115,,,,0,-229.01127114892006,-0.004915386438369751,-0.0032489225268363953,0.0036697592586278915,-2.4882146420684146
2020-12-09,fold_6,COVID crash and V-recovery,0.003868360072374344,1,0.004007569048553705,1,0.004007569048553705,0.30107821993442485,,,,1,40.07569048553705,-0.0036122575402259827,0.025136673822999,0.003868360072374344,0.4120471886712415
2020-12-10,fold_6,COVID crash and V-recovery,0.005498920567333698,1,-0.0022169779986143112,-1,-0.0022169779986143112,0.29886124193581054,,,,0,-22.169779986143112,-0.008879285305738449,0.0276457741856575,0.005498920567333698,-0.2632439802492302
2020-12-11,fold_6,COVID crash and V-recovery,0.00640131626278162,1,0.007229145150631666,1,0.007229145150631666,0.3060903870864422,,,,1,72.29145150631666,-0.0007697008550167084,0.0268356055021286,0.00640131626278162,0.8636478044932318
2020-12-14,fold_6,COVID crash and V-recovery,0.004505900666117668,1,0.01063246838748455,1,0.01063246838748455,0.31672285547392676,,,,1,106.3246838748455,-0.004806946963071823,0.017734089866280556,0.004505900666117668,1.2812665826263265
2020-12-15,fold_6,COVID crash and V-recovery,0.0017282795161008835,1,0.0054844701662659645,1,0.0054844701662659645,0.3222073256401927,,,,1,54.844701662659645,-0.006841208785772324,0.00981712993234396,0.0017282795161008835,0.6486281134756449
2020-12-16,fold_6,COVID crash and V-recovery,-0.0010133180767297745,-1,0.006516668945550919,1,-0.006516668945550919,0.3156906566946418,,,,0,-65.16668945550919,-0.00694672018289566,-0.0007163272821344435,-0.0010133180767297745,0.7653729375236511
2020-12-17,fold_6,COVID crash and V-recovery,-0.00011364370584487915,-1,-0.0030271466821432114,-1,0.0030271466821432114,0.318717803376785,,,,1,30.271466821432114,-0.006677065044641495,-0.002830306999385357,-0.00011364370584487915,-0.3570831286606675
2020-12-18,fold_6,COVID crash and V-recovery,0.0010362938046455383,1,-0.001872371882200241,-1,-0.001872371882200241,0.3168454314945848,,,,0,-18.72371882200241,-0.006089501082897186,0.010225623846054077,0.0010362938046455383,-0.22493926581037224
2020-12-21,fold_6,COVID crash and V-recovery,0.003022904507815838,1,0.002715509617701173,1,0.002715509617701173,0.31956094111228595,,,,1,27.15509617701173,0.002171967178583145,0.01299302838742733,0.003022904507815838,0.3314875297474319
2020-12-22,fold_6,COVID crash and V-recovery,0.005183309316635132,1,-0.005048987455666065,-1,-0.005048987455666065,0.3145119536566199,,,,0,-50.48987455666065,0.002991296350955963,0.010309210978448391,0.005183309316635132,-0.6146537584216499
2020-12-23,fold_6,COVID crash and V-recovery,0.004516161046922207,1,0.004402689635753632,1,0.004402689635753632,0.3189146432923735,,,,1,44.026896357536316,0.002657514065504074,0.017815537750720978,0.004516161046922207,0.5731001337807812
2020-12-24,fold_6,COVID crash and V-recovery,0.003817833960056305,1,0.010028784163296223,1,0.010028784163296223,0.32894342745566973,,,,1,100.28784163296223,0.004637178033590317,-0.0008076458470895886,0.003817833960056305,1.3156138038421608
2020-12-28,fold_6,COVID crash and V-recovery,0.0062914034351706505,1,0.0008950326009653509,1,0.0008950326009653509,0.3298384600566351,,,,1,8.950326009653509,0.006091810762882233,-0.0026263040490448475,0.0062914034351706505,0.11659180941941093
2020-12-29,fold_6,COVID crash and V-recovery,0.006798340007662773,1,3.169193587382324e-05,1,3.169193587382324e-05,0.3298701519925089,,,,1,0.3169193587382324,0.012376490980386734,-0.017470380291342735,0.006798340007662773,0.004134245642294804
2020-12-30,fold_6,COVID crash and V-recovery,0.0095149464905262,1,0.0024573400150984526,1,0.0024573400150984526,0.33232749200760736,,,,1,24.573400150984526,0.013101298362016678,0.00640215864405036,0.0095149464905262,0.34526923346710536
2024-05-17,fold_7,"Inflation bear, AI rally and 2025",0.005365973338484764,1,0.006948469206690788,1,0.006948469206690788,0.006948469206690788,,,,1,69.48469206690788,-0.0019386932253837585,0.013608839362859726,0.005365973338484764,0.6952125898010301
2024-05-20,fold_7,"Inflation bear, AI rally and 2025",0.005285155959427357,1,0.0019544712267816067,1,0.0019544712267816067,0.008902940433472395,,,,1,19.544712267816067,-0.004511531442403793,0.010431037284433842,0.005285155959427357,0.19813782720354398
2024-05-21,fold_7,"Inflation bear, AI rally and 2025",0.005741901695728302,1,-0.00019753658853005618,-1,-0.00019753658853005618,0.008705403844942339,,,,0,-1.9753658853005618,-0.007628839462995529,0.00140322744846344,0.005741901695728302,-0.02123648203471224
2024-05-22,fold_7,"Inflation bear, AI rally and 2025",0.003416777588427067,1,-0.0045085777528584,-1,-0.0045085777528584,0.004196826092083938,,,,0,-45.085777528584,-0.009533658623695374,-0.00917046144604683,0.003416777588427067,-0.4863059884639499
2024-05-23,fold_7,"Inflation bear, AI rally and 2025",0.005644829012453556,1,0.009412013925611973,1,0.009412013925611973,0.013608840017695911,,,,1,94.12013925611973,0.001454334706068039,-0.006523867137730122,0.005644829012453556,1.0161228281011665
2024-05-24,fold_7,"Inflation bear, AI rally and 2025",0.004006086848676205,1,0.003770666429772973,1,0.003770666429772973,0.017379506447468884,,,,1,37.70666429772973,-0.0019570253789424896,-0.0105808787047863,0.004006086848676205,0.42558054147400476
2024-05-28,fold_7,"Inflation bear, AI rally and 2025",0.004677794873714447,1,-0.007073338143527508,-1,-0.007073338143527508,0.010306168303941377,,,,0,-70.73338143527508,0.0010375790297985077,-0.011618755757808685,0.004677794873714447,-0.7989006844998127
2024-05-29,fold_7,"Inflation bear, AI rally and 2025",0.0037068119272589684,1,-0.010771225206553936,-1,-0.010771225206553936,-0.0004650569026125595,,,,0,-107.71225206553936,0.009986545890569687,0.015413827262818813,0.0037068119272589684,-1.3594968419813447
2024-05-30,fold_7,"Inflation bear, AI rally and 2025",0.00558246485888958,1,-0.0018619840266183019,-1,-0.0018619840266183019,-0.0023270409292308614,,,,0,-18.61984026618302,0.017436224967241287,0.02583981119096279,0.00558246485888958,-0.2292967954822727
2024-05-31,fold_7,"Inflation bear, AI rally and 2025",0.004317375831305981,1,0.005355002358555794,1,0.005355002358555794,0.0030279614293249324,,,,1,53.55002358555794,0.00660695880651474,0.026816576719284058,0.004317375831305981,0.7027090494998068
2024-06-03,fold_7,"Inflation bear, AI rally and 2025",0.005298575386404991,1,0.002732788911089301,1,0.002732788911089301,0.0057607503404142335,,,,1,27.32788911089301,0.012853391468524933,0.025492563843727112,0.005298575386404991,0.43368193802744326
2024-06-04,fold_7,"Inflation bear, AI rally and 2025",0.008983791805803776,1,0.01995924487709999,1,0.01995924487709999,0.025719995217514224,,,,1,199.5924487709999,0.01633487269282341,0.02959909848868847,0.008983791805803776,3.4156224962840676
2024-06-05,fold_7,"Inflation bear, AI rally and 2025",0.0031612105667591095,1,-0.0003452417440712452,-1,-0.0003452417440712452,0.02537475347344298,,,,0,-3.452417440712452,0.00598970428109169,0.022652629762887955,0.0031612105667591095,-0.04695363633241321
2024-06-06,fold_7,"Inflation bear, AI rally and 2025",0.0029929419979453087,1,-0.0008852180326357484,-1,-0.0008852180326357484,0.02448953544080723,,,,0,-8.852180326357484,0.007711376994848251,0.028403399512171745,0.0029929419979453087,-0.12040439171168577
2024-06-07,fold_7,"Inflation bear, AI rally and 2025",0.006199803203344345,1,0.004030989948660135,1,0.004030989948660135,0.028520525389467366,,,,1,40.30989948660135,0.012095585465431213,0.03445643186569214,0.006199803203344345,0.5492899450229848
2024-06-10,fold_7,"Inflation bear, AI rally and 2025",0.004236544482409954,1,0.006839322857558727,1,0.006839322857558727,0.03535984824702609,,,,1,68.39322857558727,-0.0079832524061203,0.04260094463825226,0.004236544482409954,0.9273771940684392
2024-06-11,fold_7,"Inflation bear, AI rally and 2025",0.00467316247522831,1,0.013012777082622051,1,0.013012777082622051,0.048372625329648145,,,,1,130.1277708262205,-0.0027235224843025208,0.03607082739472389,0.00467316247522831,1.731768227856263
2024-06-12,fold_7,"Inflation bear, AI rally and 2025",0.000865347683429718,1,0.005405528470873833,1,0.005405528470873833,0.05377815380052198,,,,1,54.05528470873833,-0.013675082474946976,0.015320060774683952,0.000865347683429718,0.6817164243853996
2024-06-13,fold_7,"Inflation bear, AI rally and 2025",0.0015040868893265724,1,0.005167814902961254,1,0.005167814902961254,0.05894596870348323,,,,1,51.67814902961254,-0.010431140661239624,0.0072316755540668964,0.0015040868893265724,0.71453510413117
2024-06-14,fold_7,"Inflation bear, AI rally and 2025",-0.0019357670098543167,-1,0.012175502255558968,1,-0.012175502255558968,0.046770466447924264,,,,0,-121.75502255558968,-0.010722886770963669,-0.009386073797941208,-0.0019357670098543167,1.6655900350437747
2024-06-17,fold_7,"Inflation bear, AI rally and 2025",0.00013845600187778473,1,0.0003092046536039561,1,0.0003092046536039561,0.04707967110152822,,,,1,3.092046536039561,-0.015258494764566422,-0.010190867818892002,0.00013845600187778473,0.03964268442676233
2024-06-18,fold_7,"Inflation bear, AI rally and 2025",-0.002843644469976425,-1,-0.007737989537417889,-1,0.007737989537417889,0.05481766063894611,,,,1,77.37989537417889,-0.016818523406982422,-0.008436965756118298,-0.002843644469976425,-1.0123242809306967
2024-06-20,fold_7,"Inflation bear, AI rally and 2025",0.0004337094724178314,1,-0.002682856749743223,-1,-0.002682856749743223,0.052134803889202885,,,,0,-26.828567497432232,-0.011117510497570038,0.0018790541216731071,0.0004337094724178314,-0.34285804932426206
2024-06-21,fold_7,"Inflation bear, AI rally and 2025",-0.0016301535069942474,-1,-0.011449933983385563,-1,0.011449933983385563,0.06358473787258845,,,,1,114.49933983385563,-0.000788416713476181,-0.00064253801247105,-0.0016301535069942474,-1.4589962236954837
2024-06-24,fold_7,"Inflation bear, AI rally and 2025",0.001021895557641983,1,0.011370707303285599,1,0.011370707303285599,0.07495544517587405,,,,1,113.70707303285599,0.0006555169820785522,0.01665533147752285,0.001021895557641983,1.387839319558593
2024-06-25,fold_7,"Inflation bear, AI rally and 2025",0.008017766289412975,1,0.002063107443973422,1,0.002063107443973422,0.07701855261984747,,,,1,20.63107443973422,0.012880168855190277,0.015729578211903572,0.008017766289412975,0.2480774401688555
2024-06-26,fold_7,"Inflation bear, AI rally and 2025",0.00928821973502636,1,0.0025780298747122288,1,0.0025780298747122288,0.0795965824945597,,,,1,25.780298747122288,0.009574044495821,0.021968942135572433,0.00928821973502636,0.3111163482075264
2024-06-27,fold_7,"Inflation bear, AI rally and 2025",0.007435604929924011,1,-0.005204448942095041,-1,-0.005204448942095041,0.07439213355246466,,,,0,-52.04448942095041,0.013540472835302353,0.029763752594590187,0.007435604929924011,-0.6382350260450105
2024-06-28,fold_7,"Inflation bear, AI rally and 2025",0.011929209344089031,1,0.005847935099154711,1,0.005847935099154711,0.08024006865161937,,,,1,58.47935099154711,0.020337503403425217,0.037343580275774,0.011929209344089031,0.7423997926176615
2024-07-01,fold_7,"Inflation bear, AI rally and 2025",0.006921557709574699,1,0.010444954968988895,1,0.010444954968988895,0.09068502362060826,,,,1,104.44954968988895,0.007925465703010559,0.032359976321458817,0.006921557709574699,1.3098751779381625
2024-07-02,fold_7,"Inflation bear, AI rally and 2025",0.0014864476397633553,1,0.008302470669150352,1,0.008302470669150352,0.09898749428975862,,,,1,83.02470669150352,0.009002447128295898,0.032287489622831345,0.0014864476397633553,1.0097531611324242
2024-07-03,fold_7,"Inflation bear, AI rally and 2025",0.005937688052654266,1,0.010372839868068695,1,0.010372839868068695,0.10936033415782731,,,,1,103.72839868068695,0.016411524266004562,0.0018107411451637745,0.005937688052654266,1.2338218881148515
2024-07-05,fold_7,"Inflation bear, AI rally and 2025",0.008747759275138378,1,0.002375379903241992,1,0.002375379903241992,0.1117357140610693,,,,1,23.75379903241992,0.011169154196977615,-0.0027043852023780346,0.008747759275138378,0.3170268540244118
2024-07-08,fold_7,"Inflation bear, AI rally and 2025",0.0035873232409358025,1,0.0008643296314403415,1,0.0008643296314403415,0.11260004369250964,,,,1,8.643296314403415,0.005185537040233612,-0.0023955574724823236,0.0035873232409358025,0.11507389364579725
2024-07-09,fold_7,"Inflation bear, AI rally and 2025",0.003025570884346962,1,0.010372469201683998,1,0.010372469201683998,0.12297251289419364,,,,1,103.72469201683998,0.01339605450630188,-0.002877016318961978,0.003025570884346962,1.3809774385746778
2024-07-10,fold_7,"Inflation bear, AI rally and 2025",0.007133720442652702,1,-0.022174276411533356,-1,-0.022174276411533356,0.10079823648266029,,,,0,-221.74276411533356,0.006567556411027908,-0.0430438406765461,0.007133720442652702,-2.8395556157698416
2024-07-11,fold_7,"Inflation bear, AI rally and 2025",0.0008263662457466125,1,0.005857713054865599,1,0.005857713054865599,0.10665594953752588,,,,1,58.57713054865599,0.001345161348581314,-0.025613289326429367,0.0008263662457466125,0.6420877278904823
2024-07-12,fold_7,"Inflation bear, AI rally and 2025",0.0022948812693357468,1,0.002684207633137703,1,0.002684207633137703,0.10934015717066359,,,,1,26.84207633137703,0.0035083480179309845,-0.040374159812927246,0.0022948812693357468,0.30693872466430683
2024-07-15,fold_7,"Inflation bear, AI rally and 2025",0.0025417329743504524,1,0.00038287072675302625,1,0.00038287072675302625,0.10972302789741661,,,,1,3.8287072675302625,0.005313806235790253,-0.028270574286580086,0.0025417329743504524,0.044099727267770325
2024-07-16,fold_7,"Inflation bear, AI rally and 2025",0.007641409523785114,1,-0.02979435585439205,-1,-0.02979435585439205,0.07992867204302456,,,,0,-297.9435585439205,0.01436549797654152,-0.03218429908156395,0.007641409523785114,-3.462402666184191
2024-07-17,fold_7,"Inflation bear, AI rally and 2025",0.00983568374067545,1,-0.004743724595755339,-1,-0.004743724595755339,0.07518494744726922,,,,0,-47.43724595755339,0.026769842952489853,-0.038919322192668915,0.00983568374067545,-0.45021193175523166
2024-07-18,fold_7,"Inflation bear, AI rally and 2025",0.01466083899140358,1,-0.008903156965970993,-1,-0.008903156965970993,0.06628179048129823,,,,0,-89.03156965970993,0.022825803607702255,-0.045264601707458496,0.01466083899140358,-0.8407390180070969
2024-07-19,fold_7,"Inflation bear, AI rally and 2025",0.011181507259607315,1,0.014787793159484863,1,0.014787793159484863,0.0810695836407831,,,,1,147.87793159484863,0.026907946914434433,-0.026157695800065994,0.011181507259607315,1.3904370170925573
2024-07-22,fold_7,"Inflation bear, AI rally and 2025",0.01249304972589016,1,-0.0035308548249304295,-1,-0.0035308548249304295,0.07753872881585266,,,,0,-35.308548249304295,0.0035091452300548553,-0.038938675075769424,0.01249304972589016,-0.31748379855643816
2024-07-23,fold_7,"Inflation bear, AI rally and 2025",0.0061804428696632385,1,-0.03652937710285187,-1,-0.03652937710285187,0.0410093517130008,,,,0,-365.2937710285187,0.0109427310526371,-0.049234386533498764,0.0061804428696632385,-3.366324504216688
2024-07-24,fold_7,"Inflation bear, AI rally and 2025",0.007507139816880226,1,-0.011089004576206207,-1,-0.011089004576206207,0.02992034713679459,,,,0,-110.89004576206207,0.02216986194252968,0.016459202393889427,0.007507139816880226,-0.8311367073785129
2024-07-25,fold_7,"Inflation bear, AI rally and 2025",0.004585502669215202,1,0.01020374707877636,1,0.01020374707877636,0.04012409421557095,,,,1,102.0374707877636,0.027920734137296677,0.003028667066246271,0.004585502669215202,0.7523452168158241
2024-07-26,fold_7,"Inflation bear, AI rally and 2025",0.0008192714303731918,1,0.0020068141166120768,1,0.0020068141166120768,0.042130908332183026,,,,1,20.068141166120768,-0.010431069880723953,-0.031196199357509613,0.0008192714303731918,0.14604485969080083
2024-07-29,fold_7,"Inflation bear, AI rally and 2025",0.004537466913461685,1,-0.013826565816998482,-1,-0.013826565816998482,0.028304342515184544,,,,0,-138.26565816998482,-0.009224865585565567,-0.063472680747509,0.004537466913461685,-1.0093074248608767
2024-07-30,fold_7,"Inflation bear, AI rally and 2025",0.003670906648039818,1,0.029164211824536324,1,0.029164211824536324,0.05746855433972087,,,,1,291.64211824536324,-0.007837262004613876,-0.04013648256659508,0.003670906648039818,2.085750291487153
2024-07-31,fold_7,"Inflation bear, AI rally and 2025",-0.0013543330132961273,-1,-0.02451954036951065,-1,0.02451954036951065,0.08198809470923152,,,,1,245.1954036951065,-0.023946261033415794,-0.080189548432827,-0.0013543330132961273,-1.6077581412371202
2024-08-01,fold_7,"Inflation bear, AI rally and 2025",0.0009770933538675308,1,-0.024021118879318237,-1,-0.024021118879318237,0.05796697582991328,,,,0,-240.21118879318237,-0.027001339942216873,-0.025537710636854172,0.0009770933538675308,-1.4920247357675547
2024-08-02,fold_7,"Inflation bear, AI rally and 2025",0.01336900144815445,1,-0.030269667506217957,-1,-0.030269667506217957,0.027697308323695324,,,,0,-302.69667506217957,0.021893363445997238,0.0036923731677234173,0.01336900144815445,-1.8003931776647635
2024-08-05,fold_7,"Inflation bear, AI rally and 2025",0.014398923143744469,1,0.009509631432592869,1,0.009509631432592869,0.03720693975628819,,,,1,95.09631432592869,0.04196850582957268,0.03611313924193382,0.014398923143744469,0.524920691891243
2024-08-06,fold_7,"Inflation bear, AI rally and 2025",0.008766265586018562,1,-0.01088885311037302,-1,-0.01088885311037302,0.026318086645915173,,,,0,-108.8885311037302,0.03435022011399269,0.05111347883939743,0.008766265586018562,-0.5969875219152809
2024-08-07,fold_7,"Inflation bear, AI rally and 2025",0.007523319683969021,1,0.030132297426462173,1,0.030132297426462173,0.056450384072377346,,,,1,301.32297426462173,0.034408729523420334,0.062326643615961075,0.007523319683969021,1.6506589822195037
2024-08-08,fold_7,"Inflation bear, AI rally and 2025",0.007078041322529316,1,0.005208965390920639,1,0.005208965390920639,0.061659349463297985,,,,1,52.08965390920639,0.02387392148375511,0.05714362487196922,0.007078041322529316,0.2768349311927352
2024-08-09,fold_7,"Inflation bear, AI rally and 2025",0.0045774513855576515,1,0.0021510969381779432,1,0.0021510969381779432,0.06381044640147593,,,,1,21.510969381779432,0.013031724840402603,0.05321963131427765,0.0045774513855576515,0.1143798882170997
2024-08-12,fold_7,"Inflation bear, AI rally and 2025",0.007237890735268593,1,0.02450997196137905,1,0.02450997196137905,0.08832041836285498,,,,1,245.0997196137905,0.018712904304265976,0.06411891430616379,0.007237890735268593,1.303501943679819
2024-08-13,fold_7,"Inflation bear, AI rally and 2025",0.004249309189617634,1,0.00032431332510896027,1,0.00032431332510896027,0.08864473168796394,,,,1,3.2431332510896027,0.007926851511001587,0.03750813379883766,0.004249309189617634,0.01655891126018704
2024-08-14,fold_7,"Inflation bear, AI rally and 2025",0.006425391882658005,1,0.024949276819825172,1,0.024949276819825172,0.11359400850778911,,,,1,249.49276819825172,0.004878804087638855,0.041837096214294434,0.006425391882658005,1.3546411923098562
2024-08-15,fold_7,"Inflation bear, AI rally and 2025",0.003727562725543976,1,0.0012849696213379502,1,0.0012849696213379502,0.11487897812912706,,,,1,12.849696213379502,-0.0026253461837768555,0.0009060029406100512,0.003727562725543976,0.0668740747706282
2024-08-16,fold_7,"Inflation bear, AI rally and 2025",0.0036220187321305275,1,0.0130503810942173,1,0.0130503810942173,0.12792935922334436,,,,1,130.503810942173,-0.004710819572210312,0.010408023372292519,0.0036220187321305275,0.6827829402239022
2024-08-19,fold_7,"Inflation bear, AI rally and 2025",0.0037018442526459694,1,-0.002100807148963213,-1,-0.002100807148963213,0.12582855207438115,,,,0,-21.00807148963213,-0.0014439746737480164,-0.012398049235343933,0.0037018442526459694,-0.11027773996348064
2024-08-20,fold_7,"Inflation bear, AI rally and 2025",0.004451321437954903,1,0.004653274081647396,1,0.004653274081647396,0.13048182615602855,,,,1,46.53274081647396,0.00024315714836120605,-0.007314376067370176,0.004451321437954903,0.2444000893406978
2024-08-21,fold_7,"Inflation bear, AI rally and 2025",0.005117643624544144,1,-0.01598181575536728,-1,-0.01598181575536728,0.11450001040066127,,,,0,-159.8181575536728,0.00522998720407486,-0.023379897698760033,0.005117643624544144,-0.9275646245457356
2024-08-22,fold_7,"Inflation bear, AI rally and 2025",0.004444335587322712,1,0.010786990635097027,1,0.010786990635097027,0.1252870010357583,,,,1,107.86990635097027,0.0071537084877491,-0.008863111026585102,0.004444335587322712,0.6191949924164502
2024-08-23,fold_7,"Inflation bear, AI rally and 2025",0.006640119478106499,1,-0.009755691513419151,-1,-0.009755691513419151,0.11553130952233914,,,,0,-97.55691513419151,0.0033363141119480133,-0.007801180239766836,0.006640119478106499,-0.559432470656507
2024-08-26,fold_7,"Inflation bear, AI rally and 2025",0.004961623810231686,1,0.0029828662518411875,1,0.0029828662518411875,0.11851417577418033,,,,1,29.828662518411875,0.0005683861672878265,-0.028876792639493942,0.004961623810231686,0.16978265810020524
2024-08-27,fold_7,"Inflation bear, AI rally and 2025",0.007342211902141571,1,-0.011412248015403748,-1,-0.011412248015403748,0.10710192775877658,,,,0,-114.12248015403748,0.005289848893880844,-0.03446156159043312,0.007342211902141571,-0.659384942491126
2024-08-28,fold_7,"Inflation bear, AI rally and 2025",0.006305035203695297,1,-0.0014650279190391302,-1,-0.0014650279190391302,0.10563689983973745,,,,0,-14.650279190391302,0.004014257341623306,-0.02211609296500683,0.006305035203695297,-0.0902464387601881
2024-08-29,fold_7,"Inflation bear, AI rally and 2025",0.006022535264492035,1,0.011848920956254005,1,0.011848920956254005,0.11748582079599146,,,,1,118.48920956254005,0.0029296502470970154,-0.04780372232198715,0.006022535264492035,0.7752877777932282
2024-08-30,fold_7,"Inflation bear, AI rally and 2025",0.0051601342856884,1,-0.03083130531013012,-1,-0.03083130531013012,0.08665451548586134,,,,0,-308.3130531013012,0.004652980715036392,-0.046875014901161194,0.0051601342856884,-2.118767250124786
2024-09-03,fold_7,"Inflation bear, AI rally and 2025",0.007825498469173908,1,-0.0026019022334367037,-1,-0.0026019022334367037,0.08405261325242463,,,,0,-26.019022334367037,0.005598988384008408,-0.006844343151897192,0.007825498469173908,-0.17808602031578946
2024-09-04,fold_7,"Inflation bear, AI rally and 2025",0.006079698912799358,1,0.0009332209010608494,1,0.0009332209010608494,0.08498583415348548,,,,1,9.332209010608494,-0.0026400983333587646,0.017240503802895546,0.006079698912799358,0.06450909024050137
2024-09-05,fold_7,"Inflation bear, AI rally and 2025",0.004286740906536579,1,-0.02715265564620495,-1,-0.02715265564620495,0.057833178507280536,,,,0,-271.5265564620495,-0.0024315305054187775,0.026075517758727074,0.004286740906536579,-1.9038919504433214
2024-09-06,fold_7,"Inflation bear, AI rally and 2025",0.005498290061950684,1,0.012777626514434814,1,0.012777626514434814,0.07061080502171535,,,,1,127.77626514434814,-0.003858596086502075,0.05769813060760498,0.005498290061950684,0.9153524726053623
2024-09-09,fold_7,"Inflation bear, AI rally and 2025",0.002923952415585518,1,0.009199365973472595,1,0.009199365973472595,0.07981017099518795,,,,1,91.99365973472595,-0.015305723994970322,0.040492791682481766,0.002923952415585518,0.6477990684838638
2024-09-10,fold_7,"Inflation bear, AI rally and 2025",0.0013722889125347137,1,0.02148294448852539,1,0.02148294448852539,0.10129311548371334,,,,1,214.8294448852539,-0.017313770949840546,0.03182163089513779,0.0013722889125347137,1.4979981112463576
2024-09-11,fold_7,"Inflation bear, AI rally and 2025",-0.0015849806368350983,-1,0.009768233634531498,1,-0.009768233634531498,0.09152488184918184,,,,0,-97.68233634531498,-0.023906592279672623,0.005999751389026642,-0.0015849806368350983,0.6929635978910342
2024-09-12,fold_7,"Inflation bear, AI rally and 2025",-0.0005944781005382538,-1,0.004469958133995533,1,-0.004469958133995533,0.0870549237151863,,,,0,-44.69958133995533,-0.027739066630601883,0.02120135724544525,-0.0005944781005382538,0.31336561528243373
2024-09-13,fold_7,"Inflation bear, AI rally and 2025",-0.0018946640193462372,-1,-0.004427712876349688,-1,0.004427712876349688,0.09148263659153599,,,,1,44.277128763496876,-0.032219983637332916,0.014826271682977676,-0.0018946640193462372,-0.3362951999478053
2024-09-16,fold_7,"Inflation bear, AI rally and 2025",-0.0013866499066352844,-1,0.0005282060010358691,1,-0.0005282060010358691,0.09095443059050012,,,,0,-5.282060010358691,-0.035426776856184006,0.021901145577430725,-0.0013866499066352844,0.04001501336320814
2024-09-17,fold_7,"Inflation bear, AI rally and 2025",-0.002943204715847969,-1,-0.0043389336206018925,-1,0.0043389336206018925,0.09529336421110202,,,,1,43.389336206018925,-0.03379670903086662,0.026184871792793274,-0.002943204715847969,-0.33702704962507524
2024-09-18,fold_7,"Inflation bear, AI rally and 2025",-0.0023751109838485718,-1,0.024969838559627533,1,-0.024969838559627533,0.07032352565147448,,,,0,-249.69838559627533,-0.02716456726193428,0.031450558453798294,-0.0023751109838485718,1.9353316350330982
2024-09-19,fold_7,"Inflation bear, AI rally and 2025",-0.004030631855130196,-1,-0.001905126846395433,-1,0.001905126846395433,0.07222865249786992,,,,1,19.05126846395433,-0.027028458192944527,0.013965615071356297,-0.004030631855130196,-0.13588783905280025
2024-09-20,fold_7,"Inflation bear, AI rally and 2025",-0.004801588132977486,-1,0.00264716031961143,1,-0.00264716031961143,0.06958149217825849,,,,0,-26.4716031961143,-0.01448768749833107,0.010298335924744606,-0.004801588132977486,0.19516890485055438
2024-09-23,fold_7,"Inflation bear, AI rally and 2025",-0.0014764368534088135,-1,0.004811933264136314,1,-0.004811933264136314,0.06476955891412217,,,,0,-48.119332641363144,-0.00015046074986457825,0.010359362699091434,-0.0014764368534088135,0.3601650575373757
2024-09-24,fold_7,"Inflation bear, AI rally and 2025",-0.00014555267989635468,-1,0.000926753506064415,1,-0.000926753506064415,0.06384280540805776,,,,0,-9.26753506064415,0.005282044410705566,-0.00848300475627184,-0.00014555267989635468,0.07007636915393543
2024-09-25,fold_7,"Inflation bear, AI rally and 2025",0.0012626061215996742,1,0.007484894711524248,1,0.007484894711524248,0.071327700119582,,,,1,74.84894711524248,0.00983104482293129,-0.0079979058355093,0.0012626061215996742,0.5666209948426726
2024-09-26,fold_7,"Inflation bear, AI rally and 2025",0.002816314809024334,1,-0.005572405643761158,-1,-0.005572405643761158,0.06575529447582085,,,,0,-55.72405643761158,0.01246759295463562,-0.01623002626001835,0.002816314809024334,-0.42640010528638966
2024-09-27,fold_7,"Inflation bear, AI rally and 2025",0.005502679385244846,1,0.002708186861127615,1,0.002708186861127615,0.06846348133694846,,,,1,27.08186861127615,0.014609094709157944,0.0011703327763825655,0.005502679385244846,0.20635895787142886
2024-09-30,fold_7,"Inflation bear, AI rally and 2025",0.0016557509079575539,1,-0.01403043419122696,-1,-0.01403043419122696,0.0544330471457215,,,,0,-140.3043419122696,0.014898579567670822,-0.01230729091912508,0.0016557509079575539,-1.0903610458416224
2024-10-01,fold_7,"Inflation bear, AI rally and 2025",0.005497541278600693,1,0.0014118520775809884,1,0.0014118520775809884,0.05584489922330249,,,,1,14.118520775809884,0.023636478930711746,0.01654731296002865,0.005497541278600693,0.12484405696456018
2024-10-02,fold_7,"Inflation bear, AI rally and 2025",0.008568702265620232,1,-0.0007472253055311739,-1,-0.0007472253055311739,0.05509767391777132,,,,0,-7.4722530553117394,0.02358682081103325,0.022973094135522842,0.008568702265620232,-0.06613572954546378
2024-10-03,fold_7,"Inflation bear, AI rally and 2025",0.007945644669234753,1,0.011827953159809113,1,0.011827953159809113,0.06692562707758043,,,,1,118.27953159809113,0.0170166976749897,0.022584062069654465,0.007945644669234753,1.0469375004229724
2024-10-04,fold_7,"Inflation bear, AI rally and 2025",0.005079674534499645,1,-0.010769437067210674,-1,-0.010769437067210674,0.056156190010369755,,,,0,-107.69437067210674,0.006287094205617905,0.012317989021539688,0.005079674534499645,-1.0891617760661183
2024-10-07,fold_7,"Inflation bear, AI rally and 2025",0.006245683878660202,1,0.014824170619249344,1,0.014824170619249344,0.0709803606296191,,,,1,148.24170619249344,-0.0035432763397693634,0.03144397586584091,0.006245683878660202,1.5176988523165102
2024-10-08,fold_7,"Inflation bear, AI rally and 2025",0.003278503194451332,1,0.007837631739675999,1,0.007837631739675999,0.0788179923692951,,,,1,78.37631739675999,-0.01962076500058174,0.0031628955621272326,0.003278503194451332,0.7754292898477891
2024-10-09,fold_7,"Inflation bear, AI rally and 2025",-0.0006635226309299469,-1,-0.0011362562654539943,-1,0.0011362562654539943,0.07995424863474909,,,,1,11.362562654539943,-0.033743973821401596,-0.004552541300654411,-0.0006635226309299469,-0.1253588476074635
2024-10-10,fold_7,"Inflation bear, AI rally and 2025",0.004173291847109795,1,0.001561879413202405,1,0.001561879413202405,0.0815161280479515,,,,1,15.61879413202405,0.0009683482348918915,-0.0027240037452429533,0.004173291847109795,0.17747454318489056
2024-10-11,fold_7,"Inflation bear, AI rally and 2025",0.0022996999323368073,1,0.008356551639735699,1,0.008356551639735699,0.0898726796876872,,,,1,83.56551639735699,-0.0020800121128559113,0.002247402211651206,0.0022996999323368073,0.9549677424647902
2024-10-14,fold_7,"Inflation bear, AI rally and 2025",0.0011775381863117218,1,-0.013456911779940128,-1,-0.013456911779940128,0.07641576790774707,,,,0,-134.56911779940128,0.0026951171457767487,-0.004189664032310247,0.0011775381863117218,-1.5132110812818254
2024-10-15,fold_7,"Inflation bear, AI rally and 2025",0.0010997168719768524,1,0.0001221949642058462,1,0.0001221949642058462,0.07653796287195291,,,,1,1.221949642058462,0.007589451968669891,0.010356641374528408,0.0010997168719768524,0.013016782504661328
2024-10-16,fold_7,"Inflation bear, AI rally and 2025",0.00517948716878891,1,0.0006922814645804465,1,0.0006922814645804465,0.07723024433653336,,,,1,6.922814645804465,0.012222569435834885,-0.005208073649555445,0.00517948716878891,0.07414180294465159
2024-10-17,fold_7,"Inflation bear, AI rally and 2025",0.006983749568462372,1,0.006533285602927208,1,0.006533285602927208,0.08376352993946057,,,,1,65.33285602927208,0.0055886805057525635,0.002175822388380766,0.006983749568462372,0.8727836942491176
2024-10-18,fold_7,"Inflation bear, AI rally and 2025",0.003901650197803974,1,0.0019194857450202107,1,0.0019194857450202107,0.08568301568448078,,,,1,19.194857450202107,-0.007555015385150909,0.0017176733817905188,0.003901650197803974,0.2520701414263569
2024-10-21,fold_7,"Inflation bear, AI rally and 2025",0.003180278465151787,1,0.0010893935104832053,1,0.0010893935104832053,0.08677240919496398,,,,1,10.893935104832053,-0.013486191630363464,-4.0421302401227877e-05,0.003180278465151787,0.1432664185763382
2024-10-22,fold_7,"Inflation bear, AI rally and 2025",0.0035614650696516037,1,-0.015442520380020142,-1,-0.015442520380020142,0.07132988881494384,,,,0,-154.42520380020142,-0.02430861070752144,0.008432736620306969,0.0035614650696516037,-2.05041872134211
2024-10-23,fold_7,"Inflation bear, AI rally and 2025",-0.002785220742225647,-1,0.008076177909970284,1,-0.008076177909970284,0.06325371090497356,,,,0,-80.76177909970284,-0.04161655902862549,0.016289012506604195,-0.002785220742225647,0.975069619641989
2024-10-24,fold_7,"Inflation bear, AI rally and 2025",-0.008827777579426765,-1,0.006075136363506317,1,-0.006075136363506317,0.05717857454146724,,,,0,-60.75136363506317,-0.05010393634438515,-0.01735398918390274,-0.008827777579426765,0.7310287339358255
2024-10-25,fold_7,"Inflation bear, AI rally and 2025",-0.011479048058390617,-1,0.00016139104263857007,1,-0.00016139104263857007,0.05701718349882867,,,,0,-1.6139104263857007,-0.04560417681932449,-0.016057491302490234,-0.011479048058390617,0.019379350634746075
2024-10-28,fold_7,"Inflation bear, AI rally and 2025",-0.010550450533628464,-1,0.00956255104392767,1,-0.00956255104392767,0.047454632454901,,,,0,-95.6255104392767,-0.046231795102357864,-0.019136182963848114,-0.010550450533628464,1.1512792631994628
2024-10-29,fold_7,"Inflation bear, AI rally and 2025",-0.01258968934416771,-1,-0.007586243096739054,-1,0.007586243096739054,0.055040875551640056,,,,1,75.86243096739054,-0.03336236625909805,-0.016022659838199615,-0.01258968934416771,-0.9503655323814653
2024-10-30,fold_7,"Inflation bear, AI rally and 2025",-0.00736498087644577,-1,-0.02556682378053665,-1,0.02556682378053665,0.08060769933217671,,,,1,255.66823780536652,-0.025064611807465553,0.018364498391747475,-0.00736498087644577,-3.135267415563969
2024-10-31,fold_7,"Inflation bear, AI rally and 2025",-0.0018328577280044556,-1,0.007371632847934961,1,-0.007371632847934961,0.07323606648424175,,,,0,-73.71632847934961,0.0019029304385185242,0.05955290049314499,-0.0018328577280044556,0.7403067553257175
2024-11-01,fold_7,"Inflation bear, AI rally and 2025",-0.003821795806288719,-1,-0.0029172992799431086,-1,0.0029172992799431086,0.07615336576418485,,,,1,29.172992799431086,-0.010302871465682983,0.05334897339344025,-0.003821795806288719,-0.29950634869518994
2024-11-04,fold_7,"Inflation bear, AI rally and 2025",-0.004090646281838417,-1,0.012676074169576168,1,-0.012676074169576168,0.06347729159460869,,,,0,-126.76074169576168,0.004005055874586105,0.055682770907878876,-0.004090646281838417,1.3398945483494553
2024-11-05,fold_7,"Inflation bear, AI rally and 2025",-0.002543920651078224,-1,0.026800915598869324,1,-0.026800915598869324,0.03667637599573936,,,,0,-268.00915598869324,0.0004849247634410858,0.04119488596916199,-0.002543920651078224,2.8808626073089583
2024-11-06,fold_7,"Inflation bear, AI rally and 2025",-0.010152874514460564,-1,0.015621576458215714,1,-0.015621576458215714,0.02105479953752365,,,,0,-156.21576458215714,-0.017536301165819168,0.01310655102133751,-0.010152874514460564,1.4296840550942842
2024-11-07,fold_7,"Inflation bear, AI rally and 2025",-0.005048943683505058,-1,0.0011677085421979427,1,-0.0011677085421979427,0.019887090995325707,,,,0,-11.677085421979427,-0.02528858184814453,-0.00948903989046812,-0.005048943683505058,0.10181834569816123
2024-11-08,fold_7,"Inflation bear, AI rally and 2025",0.0022846749052405357,1,-0.0005835042102262378,-1,-0.0005835042102262378,0.01930358678509947,,,,0,-5.835042102262378,-0.02562810480594635,-0.034771133214235306,0.0022846749052405357,-0.05088905969453027
2024-11-11,fold_7,"Inflation bear, AI rally and 2025",0.0049758171662688255,1,-0.0018118094885721803,-1,-0.0018118094885721803,0.01749177729652729,,,,0,-18.118094885721803,-0.040452972054481506,-0.02726396732032299,0.0049758171662688255,-0.16014334393689053
2024-11-12,fold_7,"Inflation bear, AI rally and 2025",0.0017228778451681137,1,-0.0012874208623543382,-1,-0.0012874208623543382,0.01620435643417295,,,,0,-12.874208623543382,-0.03690412640571594,-0.018596025183796883,0.0017228778451681137,-0.11796369941144873
2024-11-13,fold_7,"Inflation bear, AI rally and 2025",-0.008876001462340355,-1,-0.006974013987928629,-1,0.006974013987928629,0.02317837042210158,,,,1,69.74013987928629,-0.04144885018467903,-0.01788480579853058,-0.008876001462340355,-0.6387942340020782
2024-11-14,fold_7,"Inflation bear, AI rally and 2025",-0.007794724777340889,-1,-0.02411438338458538,-1,0.02411438338458538,0.04729275380668696,,,,1,241.1438338458538,-0.019845059141516685,-0.00732002779841423,-0.007794724777340889,-2.1868111876517204
2024-11-15,fold_7,"Inflation bear, AI rally and 2025",-0.004928199574351311,-1,0.006923658773303032,1,-0.006923658773303032,0.04036909503338393,,,,0,-69.23658773303032,0.009572133421897888,0.018397189676761627,-0.004928199574351311,0.5680860031384004
2024-11-18,fold_7,"Inflation bear, AI rally and 2025",-0.0017853118479251862,-1,0.006856133230030537,1,-0.006856133230030537,0.03351296180335339,,,,0,-68.56133230030537,0.0134001225233078,0.01305388379842043,-0.0017853118479251862,0.558401971919163
2024-11-19,fold_7,"Inflation bear, AI rally and 2025",0.0071874745190143585,1,-0.0005762007203884423,-1,-0.0005762007203884423,0.03293676108296495,,,,0,-5.762007203884423,0.020892690867185593,0.01155262440443039,0.0071874745190143585,-0.046576442710721276
2024-11-20,fold_7,"Inflation bear, AI rally and 2025",0.0018496029078960419,1,0.0035907637793570757,1,0.0035907637793570757,0.036527524862322025,,,,1,35.90763779357076,0.020528454333543777,0.0042242552153766155,0.0018496029078960419,0.30225052300490235
2024-11-21,fold_7,"Inflation bear, AI rally and 2025",0.0049621593207120895,1,0.0016028343234211206,1,0.0016028343234211206,0.038130359185743146,,,,1,16.028343234211206,0.006317600607872009,0.00938198808580637,0.0049621593207120895,0.1361859766994263
2024-11-22,fold_7,"Inflation bear, AI rally and 2025",0.0004338286817073822,1,0.0015803531277924776,1,0.0015803531277924776,0.03971071231353562,,,,1,15.803531277924776,-0.01995215192437172,0.01860809698700905,0.0004338286817073822,0.13511581519797833
2024-11-25,fold_7,"Inflation bear, AI rally and 2025",0.0014808941632509232,1,0.0053548733703792095,1,0.0053548733703792095,0.04506558568391483,,,,1,53.548733703792095,-0.01879323273897171,0.020089376717805862,0.0014808941632509232,0.457620211764222
2024-11-26,fold_7,"Inflation bear, AI rally and 2025",0.002436635084450245,1,-0.007904569618403912,-1,-0.007904569618403912,0.03716101606551092,,,,0,-79.04569618403912,-0.013195566833019257,0.027021605521440506,0.002436635084450245,-0.6833908702918953
2024-11-27,fold_7,"Inflation bear, AI rally and 2025",0.004440505988895893,1,0.008748495951294899,1,0.008748495951294899,0.04590951201680582,,,,1,87.48495951294899,0.004150930792093277,0.03215114027261734,0.004440505988895893,0.7556567176370566
2024-11-29,fold_7,"Inflation bear, AI rally and 2025",0.0022196611389517784,1,0.010828942991793156,1,0.010828942991793156,0.056738455008598976,,,,1,108.28942991793156,0.008842922747135162,0.03231269493699074,0.0022196611389517784,1.055899376910174
2024-12-02,fold_7,"Inflation bear, AI rally and 2025",0.009401673451066017,1,0.003061633324250579,1,0.003061633324250579,0.059800088332849555,,,,1,30.61633324250579,0.012959044426679611,0.013665560632944107,0.009401673451066017,0.29416382393420215
2024-12-03,fold_7,"Inflation bear, AI rally and 2025",0.011803763918578625,1,0.01228710263967514,1,0.01228710263967514,0.0720871909725247,,,,1,122.8710263967514,0.028184372931718826,0.007190646603703499,0.011803763918578625,1.180318253081192
2024-12-04,fold_7,"Inflation bear, AI rally and 2025",0.01253911666572094,1,-0.0027750355657190084,-1,-0.0027750355657190084,0.06931215540680569,,,,0,-27.750355657190084,0.025801148265600204,0.012647631578147411,0.01253911666572094,-0.2671733985316268
2024-12-05,fold_7,"Inflation bear, AI rally and 2025",0.011347228661179543,1,0.008910051546990871,1,0.008910051546990871,0.07822220695379656,,,,1,89.10051546990871,0.01819656416773796,0.008947910740971565,0.011347228661179543,1.0474948066388639
2024-12-06,fold_7,"Inflation bear, AI rally and 2025",0.010602942667901516,1,-0.007818191312253475,-1,-0.007818191312253475,0.07040401564154308,,,,0,-78.18191312253475,0.02359263226389885,0.007663036696612835,0.010602942667901516,-0.9763530416449152
2024-12-09,fold_7,"Inflation bear, AI rally and 2025",0.00959804281592369,1,-0.0034132804721593857,-1,-0.0034132804721593857,0.0669907351693837,,,,0,-34.13280472159386,0.009061865508556366,0.029779212549328804,0.00959804281592369,-0.41666036610704454
2024-12-10,fold_7,"Inflation bear, AI rally and 2025",0.009456637315452099,1,0.017744088545441628,1,0.017744088545441628,0.08473482371482532,,,,1,177.44088545441628,0.010491646826267242,0.028778880834579468,0.009456637315452099,2.1569583437642637
2024-12-11,fold_7,"Inflation bear, AI rally and 2025",0.002117309719324112,1,-0.006474756635725498,-1,-0.006474756635725498,0.07826006707909983,,,,0,-64.74756635725498,-0.010523080825805664,-0.025708824396133423,0.002117309719324112,-0.7096169509710132
2024-12-12,fold_7,"Inflation bear, AI rally and 2025",0.0026421789079904556,1,0.007625177036970854,1,0.007625177036970854,0.08588524411607068,,,,1,76.25177036970854,-0.0006765946745872498,-0.023697493597865105,0.0026421789079904556,0.8257751735954242
2024-12-13,fold_7,"Inflation bear, AI rally and 2025",-0.0010891854763031006,-1,0.01429798360913992,1,-0.01429798360913992,0.07158726050693076,,,,0,-142.9798360913992,0.0010516904294490814,-0.022628068923950195,-0.0010891854763031006,1.5441146298969766
2024-12-16,fold_7,"Inflation bear, AI rally and 2025",0.006483854725956917,1,-0.004413610324263573,-1,-0.004413610324263573,0.06717365018266719,,,,0,-44.13610324263573,0.005422081798315048,-0.02723037078976631,0.006483854725956917,-0.5396602766272658
2024-12-17,fold_7,"Inflation bear, AI rally and 2025",0.009549231268465519,1,-0.03674361854791641,-1,-0.03674361854791641,0.030430031634750776,,,,0,-367.4361854791641,0.006056491285562515,-0.00934807863086462,0.009549231268465519,-4.541270883179465
2024-12-18,fold_7,"Inflation bear, AI rally and 2025",0.012145251967012882,1,-0.004463426768779755,-1,-0.004463426768779755,0.02596660486597102,,,,0,-44.634267687797546,0.02825148031115532,0.026716021820902824,0.012145251967012882,-0.39053926853043847
2024-12-19,fold_7,"Inflation bear, AI rally and 2025",0.013319941237568855,1,0.00869460217654705,1,0.00869460217654705,0.03466120704251807,,,,1,86.9460217654705,0.034007299691438675,0.017797116190195084,0.013319941237568855,0.7579205871356646
2024-12-20,fold_7,"Inflation bear, AI rally and 2025",0.009358691982924938,1,0.009695682674646378,1,0.009695682674646378,0.04435688971716445,,,,1,96.95682674646378,0.027582291513681412,-0.004286685958504677,0.009358691982924938,0.8352949709807537
2024-12-23,fold_7,"Inflation bear, AI rally and 2025",0.005252139642834663,1,0.013468680903315544,1,0.013468680903315544,0.057825570620479994,,,,1,134.68680903315544,0.02794518694281578,-0.02251328155398369,0.005252139642834663,1.1411439948871818
2024-12-24,fold_7,"Inflation bear, AI rally and 2025",0.007624367251992226,1,-0.000679517223034054,-1,-0.000679517223034054,0.05714605339744594,,,,0,-6.79517223034054,0.03339627757668495,-0.03793996945023537,0.007624367251992226,-0.05580862951838488
2024-12-26,fold_7,"Inflation bear, AI rally and 2025",0.015345342457294464,1,-0.01338233333081007,-1,-0.01338233333081007,0.04376372006663587,,,,0,-133.8233333081007,0.027576226741075516,-0.02102765068411827,0.015345342457294464,-1.104355311002339
2024-12-27,fold_7,"Inflation bear, AI rally and 2025",0.014374400489032269,1,-0.013389199040830135,-1,-0.013389199040830135,0.030374521025805734,,,,0,-133.89199040830135,0.023104559630155563,0.0037819980643689632,0.014374400489032269,-1.0836190505276386
2024-12-30,fold_7,"Inflation bear, AI rally and 2025",0.020122995600104332,1,-0.008530912920832634,-1,-0.008530912920832634,0.0218436081049731,,,,0,-85.30912920832634,0.0241737999022007,-0.0008342231158167124,0.020122995600104332,-0.6790967534261981
2024-12-31,fold_7,"Inflation bear, AI rally and 2025",0.01969512552022934,1,-0.001958006527274847,-1,-0.001958006527274847,0.019885601577698253,,,,0,-19.58006527274847,0.009206172078847885,0.007871338166296482,0.01969512552022934,-0.15697591873959477
2025-01-02,fold_7,"Inflation bear, AI rally and 2025",0.016094744205474854,1,0.016232801601290703,1,0.016232801601290703,0.036118403178988956,,,,1,162.32801601290703,-0.009062189608812332,-0.005975963082164526,0.016094744205474854,1.302564693849145
2025-01-03,fold_7,"Inflation bear, AI rally and 2025",0.0051729716360569,1,0.011427314952015877,1,0.011427314952015877,0.04754571813100483,,,,1,114.27314952015877,-0.008415929973125458,-0.025427700951695442,0.0051729716360569,0.9007871628095191
2025-01-06,fold_7,"Inflation bear, AI rally and 2025",0.00289722066372633,1,-0.01800542138516903,-1,-0.01800542138516903,0.029540296745835803,,,,0,-180.0542138516903,0.009457383304834366,-0.037804875522851944,0.00289722066372633,-1.3929812999224083
2025-01-07,fold_7,"Inflation bear, AI rally and 2025",0.0037989038974046707,1,0.00017464857955928892,1,0.00017464857955928892,0.029714945325395092,,,,1,1.7464857955928892,0.03665347024798393,0.0029459847137331963,0.0037989038974046707,0.013042302412667819
2025-01-08,fold_7,"Inflation bear, AI rally and 2025",0.00520413089543581,1,-0.015805307775735855,-1,-0.015805307775735855,0.013909637549659237,,,,0,-158.05307775735855,0.029435422271490097,-0.004259203560650349,0.00520413089543581,-1.1904829162064468
2025-01-10,fold_7,"Inflation bear, AI rally and 2025",0.007798879407346249,1,-0.0032189367339015007,-1,-0.0032189367339015007,0.010690700815757737,,,,0,-32.18936733901501,0.03428817167878151,0.028283799067139626,0.007798879407346249,-0.23465888856546038
2025-01-13,fold_7,"Inflation bear, AI rally and 2025",0.0088799512013793,1,-0.0009498588042333722,-1,-0.0009498588042333722,0.009740842011524364,,,,0,-9.498588042333722,0.0240427665412426,0.03735056519508362,0.0088799512013793,-0.07222777190658458
2025-01-14,fold_7,"Inflation bear, AI rally and 2025",0.007660980336368084,1,0.022745439782738686,1,0.022745439782738686,0.03248628179426305,,,,1,227.45439782738686,0.02088940516114235,0.05100506544113159,0.007660980336368084,1.7399232613692317
2025-01-15,fold_7,"Inflation bear, AI rally and 2025",0.007290094159543514,1,-0.007030539680272341,-1,-0.007030539680272341,0.02545574211399071,,,,0,-70.30539680272341,0.020498160272836685,0.030383583158254623,0.007290094159543514,-0.5049517597581288
2025-01-16,fold_7,"Inflation bear, AI rally and 2025",0.007639729417860508,1,0.016737693920731544,1,0.016737693920731544,0.042193436034722254,,,,1,167.37693920731544,0.02638496831059456,0.03174690529704094,0.007639729417860508,1.2269209099107852
2025-01-17,fold_7,"Inflation bear, AI rally and 2025",0.007079298608005047,1,0.005847829394042492,1,0.005847829394042492,0.048041265428764746,,,,1,58.47829394042492,0.02578279748558998,-0.014537647366523743,0.007079298608005047,0.4143973905147078
2025-01-21,fold_7,"Inflation bear, AI rally and 2025",0.0043970802798867226,1,0.012704640626907349,1,0.012704640626907349,0.060745906055672094,,,,1,127.04640626907349,0.02744937315583229,-0.005713867023587227,0.0043970802798867226,1.100211193259038
2025-01-22,fold_7,"Inflation bear, AI rally and 2025",0.01091618649661541,1,0.0021239574998617172,1,0.0021239574998617172,0.06286986355553381,,,,1,21.239574998617172,0.02023373916745186,-0.02029821276664734,0.01091618649661541,0.1792397771662967
2025-01-23,fold_7,"Inflation bear, AI rally and 2025",0.005200530402362347,1,-0.005667216144502163,-1,-0.005667216144502163,0.05720264741103165,,,,0,-56.67216144502163,0.00608101487159729,-0.018168844282627106,0.005200530402362347,-0.4844238379339672
2025-01-24,fold_7,"Inflation bear, AI rally and 2025",0.007058045826852322,1,-0.029546858742833138,-1,-0.029546858742833138,0.02765578866819851,,,,0,-295.4685874283314,0.007413923740386963,-0.013955770991742611,0.007058045826852322,-2.554659461653467
2025-01-27,fold_7,"Inflation bear, AI rally and 2025",0.010530984029173851,1,0.014671609736979008,1,0.014671609736979008,0.04232739840517752,,,,1,146.71609736979008,0.029810842126607895,0.007555878255516291,0.010530984029173851,1.1307622690069064
2025-01-28,fold_7,"Inflation bear, AI rally and 2025",0.011038944125175476,1,-0.0018797048833221197,-1,-0.0018797048833221197,0.0404476935218554,,,,0,-18.797048833221197,0.02725837007164955,0.00508470181375742,0.011038944125175476,-0.14046057405372117
2025-01-29,fold_7,"Inflation bear, AI rally and 2025",0.008489733561873436,1,0.004253325052559376,1,0.004253325052559376,0.044701018574414775,,,,1,42.53325052559376,0.036720532923936844,0.011492137797176838,0.008489733561873436,0.3259162506482828
2025-01-30,fold_7,"Inflation bear, AI rally and 2025",0.006098521873354912,1,-0.0014541425043717027,-1,-0.0014541425043717027,0.04324687607004307,,,,0,-14.541425043717027,0.027693551033735275,0.01244503352791071,0.006098521873354912,-0.11415912596668515
2025-01-31,fold_7,"Inflation bear, AI rally and 2025",0.008229427970945835,1,-0.008035209029912949,-1,-0.008035209029912949,0.035211667040130123,,,,0,-80.35209029912949,0.020976226776838303,0.0012055110419169068,0.008229427970945835,-0.6377956415929221
2025-02-03,fold_7,"Inflation bear, AI rally and 2025",0.010986545123159885,1,0.01220043282955885,1,0.01220043282955885,0.04741209986968897,,,,1,122.0043282955885,0.0072829462587833405,0.021273206919431686,0.010986545123159885,0.9592780334475167
2025-02-04,fold_7,"Inflation bear, AI rally and 2025",0.0066370172426104546,1,0.004527731332927942,1,0.004527731332927942,0.051939831202616915,,,,1,45.27731332927942,-0.009505417197942734,0.006689184810966253,0.0066370172426104546,0.36248105051066565
2025-02-05,fold_7,"Inflation bear, AI rally and 2025",0.0048832641914486885,1,0.00520622031763196,1,0.00520622031763196,0.057146051520248875,,,,1,52.0622031763196,-0.019152600318193436,0.0027484078891575336,0.0048832641914486885,0.424351776164534
2025-02-06,fold_7,"Inflation bear, AI rally and 2025",0.0033296560868620872,1,-0.01269366405904293,-1,-0.01269366405904293,0.044452387461205944,,,,0,-126.9366405904293,-0.010524585843086243,0.011825453490018845,0.0033296560868620872,-1.0898155390432156
2025-02-07,fold_7,"Inflation bear, AI rally and 2025",0.0015899362042546272,1,0.012032486498355865,1,0.012032486498355865,0.05648487395956181,,,,1,120.32486498355865,-0.0006513334810733795,0.028708897531032562,0.0015899362042546272,1.0036834697670374
2025-02-10,fold_7,"Inflation bear, AI rally and 2025",-0.00018837302923202515,-1,-0.002383588580414653,-1,0.002383588580414653,0.05886846253997646,,,,1,23.83588580414653,0.004503611475229263,0.018940920010209084,-0.00018837302923202515,-0.20256088020514224
2025-02-11,fold_7,"Inflation bear, AI rally and 2025",0.002005206421017647,1,0.0005869545857422054,1,0.0005869545857422054,0.05945541712571867,,,,1,5.869545857422054,0.012408200651407242,0.021602557972073555,0.002005206421017647,0.04992246657520241
2025-02-12,fold_7,"Inflation bear, AI rally and 2025",0.004580812528729439,1,0.014283265918493271,1,0.014283265918493271,0.07373868304421194,,,,1,142.8326591849327,0.01793370023369789,0.016762059181928635,0.004580812528729439,1.2149625157575195
2025-02-13,fold_7,"Inflation bear, AI rally and 2025",0.0015123505145311356,1,0.004189779050648212,1,0.004189779050648212,0.07792846209486015,,,,1,41.897790506482124,0.004726488143205643,-0.01849435083568096,0.0015123505145311356,0.3784886720745663
2025-02-14,fold_7,"Inflation bear, AI rally and 2025",0.008424382656812668,1,0.002264508744701743,1,0.002264508744701743,0.0801929708395619,,,,1,22.64508744701743,0.010114334523677826,-0.034558553248643875,0.008424382656812668,0.20591048791693217
2025-02-18,fold_7,"Inflation bear, AI rally and 2025",0.0030849184840917587,1,0.0002780499344225973,1,0.0002780499344225973,0.08047102077398449,,,,1,2.780499344225973,0.001410212367773056,-0.049502383917570114,0.0030849184840917587,0.02685567236901609
2025-02-19,fold_7,"Inflation bear, AI rally and 2025",0.005915340036153793,1,-0.00425354391336441,-1,-0.00425354391336441,0.07621747686062008,,,,0,-42.535439133644104,0.005082122981548309,-0.04736772179603577,0.005915340036153793,-0.4141406173823227
2025-02-20,fold_7,"Inflation bear, AI rally and 2025",0.003103170543909073,1,-0.020973144099116325,-1,-0.020973144099116325,0.055244332761503756,,,,0,-209.73144099116325,0.00587078183889389,-0.07127831876277924,0.003103170543909073,-2.115124717352403
2025-02-21,fold_7,"Inflation bear, AI rally and 2025",0.008191298693418503,1,-0.011874424293637276,-1,-0.011874424293637276,0.04336990846786648,,,,0,-118.74424293637276,0.02918441966176033,-0.03463706746697426,0.008191298693418503,-1.083570530091159
2025-02-24,fold_7,"Inflation bear, AI rally and 2025",0.00948247779160738,1,-0.012679321691393852,-1,-0.012679321691393852,0.030690586776472628,,,,0,-126.79321691393852,0.029264111071825027,-0.04488817974925041,0.00948247779160738,-1.1316524071712148
2025-02-25,fold_7,"Inflation bear, AI rally and 2025",0.0069670043885707855,1,0.002412711502984166,1,0.002412711502984166,0.033103298279456794,,,,1,24.12711502984166,0.041997674852609634,-0.035231202840805054,0.0069670043885707855,0.2544313760054517
2025-02-26,fold_7,"Inflation bear, AI rally and 2025",0.006302217952907085,1,-0.02816414088010788,-1,-0.02816414088010788,0.004939157399348915,,,,0,-281.6414088010788,0.03897189721465111,-0.02469206415116787,0.006302217952907085,-3.1597074203238327
2025-02-27,fold_7,"Inflation bear, AI rally and 2025",0.009660285897552967,1,0.015668107196688652,1,0.015668107196688652,0.020607264596037567,,,,1,156.68107196688652,0.05018776282668114,-0.02442282810807228,0.009660285897552967,1.436683933453293
2025-02-28,fold_7,"Inflation bear, AI rally and 2025",0.0088838255032897,1,-0.02212553843855858,-1,-0.02212553843855858,-0.0015182738425210118,,,,0,-221.25538438558578,0.03347039595246315,-0.0327642448246479,0.0088838255032897,-1.9382641638574425
2025-03-03,fold_7,"Inflation bear, AI rally and 2025",0.0073614707216620445,1,-0.0030223436187952757,-1,-0.0030223436187952757,-0.0045406174613162875,,,,0,-30.223436187952757,0.03366103395819664,-0.05016609653830528,0.0073614707216620445,-0.2430142505803539
2025-03-04,fold_7,"Inflation bear, AI rally and 2025",0.009115399792790413,1,0.012951849959790707,1,0.012951849959790707,0.008411232498474419,,,,1,129.51849959790707,0.05492791905999184,-0.04953701049089432,0.009115399792790413,1.0508624067943906
2025-03-05,fold_7,"Inflation bear, AI rally and 2025",0.007750123739242554,1,-0.02789490483701229,-1,-0.02789490483701229,-0.019483672338537872,,,,0,-278.9490483701229,0.05275241658091545,-0.05127124860882759,0.007750123739242554,-2.2562760531011747
2025-03-06,fold_7,"Inflation bear, AI rally and 2025",0.009587042964994907,1,0.007326692808419466,1,0.007326692808419466,-0.012156979530118406,,,,1,73.26692808419466,0.05829208716750145,-0.04153061285614967,0.009587042964994907,0.530514293447537
2025-03-07,fold_7,"Inflation bear, AI rally and 2025",0.007581389509141445,1,-0.039527393877506256,-1,-0.039527393877506256,-0.05168437340762466,,,,0,-395.27393877506256,0.0508214496076107,-0.024974392727017403,0.007581389509141445,-2.8521982387636458
2025-03-10,fold_7,"Inflation bear, AI rally and 2025",0.012172055430710316,1,-0.002393258037045598,-1,-0.002393258037045598,-0.05407763144467026,,,,0,-23.93258037045598,0.053074371069669724,0.021015793085098267,0.012172055430710316,-0.14782092154955517
2025-03-11,fold_7,"Inflation bear, AI rally and 2025",0.012151362374424934,1,0.011217612773180008,1,0.011217612773180008,-0.04286001867149025,,,,1,112.17612773180008,0.050682950764894485,0.0062147388234734535,0.012151362374424934,0.7022379003606621
2025-03-12,fold_7,"Inflation bear, AI rally and 2025",0.01106678694486618,1,-0.018154267221689224,-1,-0.018154267221689224,-0.061014285893179476,,,,0,-181.54267221689224,0.03658452257514,0.008289692923426628,0.01106678694486618,-1.1233351275181127
2025-03-13,fold_7,"Inflation bear, AI rally and 2025",0.010054286569356918,1,0.0238829106092453,1,0.0238829106092453,-0.037131375283934176,,,,1,238.829106092453,0.0373363234102726,0.023048678413033485,0.010054286569356918,1.433327728065527
2025-03-14,fold_7,"Inflation bear, AI rally and 2025",0.006155326962471008,1,0.006462794728577137,1,0.006462794728577137,-0.03066858055535704,,,,1,64.62794728577137,0.02110975608229637,0.002457075286656618,0.006155326962471008,0.3756676896084284
2025-03-17,fold_7,"Inflation bear, AI rally and 2025",0.0062209563329815865,1,-0.017194312065839767,-1,-0.017194312065839767,-0.047862892621196806,,,,0,-171.94312065839767,0.01622617617249489,0.017701327800750732,0.0062209563329815865,-0.997428633637089
2025-03-18,fold_7,"Inflation bear, AI rally and 2025",0.0057697594165802,1,0.013292566873133183,1,0.013292566873133183,-0.034570325748063624,,,,1,132.92566873133183,0.014142517000436783,0.040585990995168686,0.0057697594165802,0.7529097085664618
2025-03-19,fold_7,"Inflation bear, AI rally and 2025",0.007216769270598888,1,-0.0033952805679291487,-1,-0.0033952805679291487,-0.03796560631599277,,,,0,-33.95280567929149,0.009588237851858139,0.00872135628014803,0.007216769270598888,-0.189645777621097
2025-03-20,fold_7,"Inflation bear, AI rally and 2025",0.006105119362473488,1,0.0032913063187152147,1,0.0032913063187152147,-0.03467429999727756,,,,1,32.91306318715215,0.006408132612705231,0.006402337457984686,0.006105119362473488,0.18393242786491146
2025-03-21,fold_7,"Inflation bear, AI rally and 2025",0.005533945746719837,1,0.021707046777009964,1,0.021707046777009964,-0.012967253220267594,,,,1,217.07046777009964,0.009667739272117615,-0.023569578304886818,0.005533945746719837,1.2558823168990274
2025-03-24,fold_7,"Inflation bear, AI rally and 2025",0.004935192875564098,1,0.005690351594239473,1,0.005690351594239473,-0.0072769016260281205,,,,1,56.90351594239473,0.005335334688425064,-0.04531926289200783,0.004935192875564098,0.32048442258407656
2025-03-25,fold_7,"Inflation bear, AI rally and 2025",0.0043785469606518745,1,-0.018572067841887474,-1,-0.018572067841887474,-0.025848969467915595,,,,0,-185.72067841887474,0.010648060590028763,-0.04298087954521179,0.0043785469606518745,-1.0568059807657881
2025-03-26,fold_7,"Inflation bear, AI rally and 2025",0.0062448689714074135,1,-0.005714299622923136,-1,-0.005714299622923136,-0.03156326909083873,,,,0,-57.14299622923136,0.01890653744339943,-0.017136819660663605,0.0062448689714074135,-0.3165865709902819
2025-03-27,fold_7,"Inflation bear, AI rally and 2025",0.007271150127053261,1,-0.026680609211325645,-1,-0.026680609211325645,-0.058243878302164376,,,,0,-266.80609211325645,0.02051202580332756,-0.06644228845834732,0.007271150127053261,-1.5728139846911706
2025-03-28,fold_7,"Inflation bear, AI rally and 2025",0.008712828159332275,1,-4.263700975570828e-05,-1,-4.263700975570828e-05,-0.058286515311920084,,,,0,-0.4263700975570828,0.02030453458428383,-0.10388310998678207,0.008712828159332275,-0.002417402521640605
2025-03-31,fold_7,"Inflation bear, AI rally and 2025",0.007981833070516586,1,0.008028735406696796,1,0.008028735406696796,-0.05025777990522329,,,,1,80.28735406696796,0.022093597799539566,-0.10143010318279266,0.007981833070516586,0.4742472209972108
2025-04-01,fold_7,"Inflation bear, AI rally and 2025",0.008905761875212193,1,0.007271991111338139,1,0.007271991111338139,-0.04298578879388515,,,,1,72.71991111338139,0.01841241493821144,-0.12763145565986633,0.008905761875212193,0.42748922377433163
2025-04-02,fold_7,"Inflation bear, AI rally and 2025",0.007846277207136154,1,-0.055019769817590714,-1,-0.055019769817590714,-0.09800555861147586,,,,0,-550.1976981759071,0.014919448643922806,-0.021547358483076096,0.007846277207136154,-3.2669603826950797
2025-04-03,fold_7,"Inflation bear, AI rally and 2025",0.009183823131024837,1,-0.06412143260240555,-1,-0.06412143260240555,-0.1621269912138814,,,,0,-641.2143260240555,0.0269864983856678,-0.009990752674639225,0.009183823131024837,-3.2218939204937738
2025-04-04,fold_7,"Inflation bear, AI rally and 2025",0.012928818352520466,1,0.0024103696923702955,1,0.0024103696923702955,-0.15971662152151112,,,,1,24.103696923702955,0.038471635431051254,0.07238619029521942,0.012928818352520466,0.09848710582561052
2025-04-07,fold_7,"Inflation bear, AI rally and 2025",0.011558843776583672,1,-0.01817261427640915,-1,-0.01817261427640915,-0.17788923579792026,,,,0,-181.7261427640915,0.03665224090218544,0.0767311081290245,0.011558843776583672,-0.796046233471477
2025-04-08,fold_7,"Inflation bear, AI rally and 2025",0.012328406795859337,1,0.1133560836315155,1,0.1133560836315155,-0.06453315216640476,,,,1,1133.560836315155,0.04013582691550255,0.09601788967847824,0.012328406795859337,4.889990120928103
2025-04-09,fold_7,"Inflation bear, AI rally and 2025",0.007516525685787201,1,-0.04346316307783127,-1,-0.04346316307783127,-0.10799631524423603,,,,0,-434.6316307783127,0.019912440329790115,-0.0479557141661644,0.007516525685787201,-1.2687291452129743
2025-04-10,fold_7,"Inflation bear, AI rally and 2025",0.006815655156970024,1,0.01825551502406597,1,0.01825551502406597,-0.08974080022017006,,,,1,182.5551502406597,0.017156142741441727,-0.004672687966376543,0.006815655156970024,0.5160277596305618
2025-04-11,fold_7,"Inflation bear, AI rally and 2025",0.00708212424069643,1,0.006755282171070576,1,0.006755282171070576,-0.08298551804909948,,,,1,67.55282171070576,0.013964515179395676,-0.04798625782132149,0.00708212424069643,0.19186220783259403
2025-04-14,fold_7,"Inflation bear, AI rally and 2025",0.005837121978402138,1,0.0011141699505969882,1,0.0011141699505969882,-0.0818713480985025,,,,1,11.141699505969882,0.0019416846334934235,-0.028828177601099014,0.005837121978402138,0.0316419716434806
2025-04-15,fold_7,"Inflation bear, AI rally and 2025",0.005725543014705181,1,-0.030617518350481987,-1,-0.030617518350481987,-0.11248886644898448,,,,0,-306.17518350481987,0.0007910244166851044,-0.007517511025071144,0.005725543014705181,-0.8747330783313502
2025-04-16,fold_7,"Inflation bear, AI rally and 2025",0.004608889110386372,1,-0.00018013635417446494,-1,-0.00018013635417446494,-0.11266900280315895,,,,0,-1.8013635417446494,-0.003454849123954773,0.05084860697388649,0.004608889110386372,-0.005068363389150477
2025-04-17,fold_7,"Inflation bear, AI rally and 2025",0.005151735618710518,1,-0.02505805715918541,-1,-0.02505805715918541,-0.13772705996234436,,,,0,-250.5805715918541,-0.0062093585729599,0.06211496889591217,0.005151735618710518,-0.7052004373844853
2025-04-21,fold_7,"Inflation bear, AI rally and 2025",0.0035387445241212845,1,0.025913363322615623,1,0.025913363322615623,-0.11181369663972873,,,,1,259.13363322615623,-0.004660345613956451,0.08685559034347534,0.0035387445241212845,0.720520723984611
2025-04-22,fold_7,"Inflation bear, AI rally and 2025",0.004877476021647453,1,0.022424837574362755,1,0.022424837574362755,-0.08938885906536598,,,,1,224.24837574362755,-0.0019257739186286926,0.06752496212720871,0.004877476021647453,0.6211222406699431
2025-04-23,fold_7,"Inflation bear, AI rally and 2025",0.003132238984107971,1,0.027748601511120796,1,0.027748601511120796,-0.06164025755424518,,,,1,277.48601511120796,-0.005415450781583786,0.04497391730546951,0.003132238984107971,0.7617366307611424
2025-04-24,fold_7,"Inflation bear, AI rally and 2025",0.0026808902621269226,1,0.01108622271567583,1,0.01108622271567583,-0.05055403483856935,,,,1,110.86222715675831,-0.004132669419050217,0.03020145744085312,0.0026808902621269226,0.30192364164997343
2025-04-25,fold_7,"Inflation bear, AI rally and 2025",0.0029284339398145676,1,-0.00031743646832183003,-1,-0.00031743646832183003,-0.05087147130689118,,,,0,-3.1743646832183003,-0.005006127059459686,0.03385004773736,0.0029284339398145676,-0.008630674926025761
2025-04-28,fold_7,"Inflation bear, AI rally and 2025",0.003651984967291355,1,0.0065827397629618645,1,0.0065827397629618645,-0.044288731543929316,,,,1,65.82739762961864,-0.0032348372042179108,0.028217311948537827,0.003651984967291355,0.18137760637662514
2025-04-29,fold_7,"Inflation bear, AI rally and 2025",0.004631968215107918,1,-0.00012620817869901657,-1,-0.00012620817869901657,-0.04441493972262833,,,,0,-1.2620817869901657,0.00035605207085609436,0.012289345264434814,0.004631968215107918,-0.0034746220771629953
2025-04-30,fold_7,"Inflation bear, AI rally and 2025",0.004210630431771278,1,0.012976137921214104,1,0.012976137921214104,-0.03143880180141423,,,,1,129.76137921214104,0.0022218450903892517,0.01633375883102417,0.004210630431771278,0.35768155522795286
2025-05-01,fold_7,"Inflation bear, AI rally and 2025",0.004898659884929657,1,0.014734814874827862,1,0.014734814874827862,-0.016703986926586367,,,,1,147.34814874827862,0.004858948290348053,0.013629618100821972,0.004898659884929657,0.40527054453153283
2025-05-02,fold_7,"Inflation bear, AI rally and 2025",0.004134157672524452,1,-0.005950172431766987,-1,-0.005950172431766987,-0.022654159358353354,,,,0,-59.50172431766987,0.005822125822305679,-0.0017607435584068298,0.004134157672524452,-0.17311363003944677
2025-05-05,fold_7,"Inflation bear, AI rally and 2025",0.0048680417239665985,1,-0.009345225989818573,-1,-0.009345225989818573,-0.03199938534817193,,,,0,-93.45225989818573,0.004337098449468613,0.0441216379404068,0.0048680417239665985,-0.29888984103191907
2025-05-06,fold_7,"Inflation bear, AI rally and 2025",0.003975193947553635,1,0.003918205387890339,1,0.003918205387890339,-0.028081179960281588,,,,1,39.18205387890339,0.0005533359944820404,0.06859263777732849,0.003975193947553635,0.1250561344734105
2025-05-07,fold_7,"Inflation bear, AI rally and 2025",0.0034256046637892723,1,0.010271997191011906,1,0.010271997191011906,-0.017809182769269682,,,,1,102.71997191011906,-0.0044514089822769165,0.07064971327781677,0.0034256046637892723,0.3305092844591725
2025-05-08,fold_7,"Inflation bear, AI rally and 2025",0.002819480374455452,1,-0.00065554742468521,-1,-0.00065554742468521,-0.018464730193954892,,,,0,-6.5554742468521,-0.01677772030234337,0.06147606670856476,0.002819480374455452,-0.036156972066067466
2025-05-09,fold_7,"Inflation bear, AI rally and 2025",0.0010200385004281998,1,0.03993220627307892,1,0.03993220627307892,0.021467476079124026,,,,1,399.3220627307892,-0.0194036066532135,0.06647443026304245,0.0010200385004281998,2.6088471223946046
2025-05-12,fold_7,"Inflation bear, AI rally and 2025",0.0001192782074213028,1,0.01512577198445797,1,0.01512577198445797,0.036593248063581996,,,,1,151.2577198445797,-0.022480225190520287,0.027500687167048454,0.0001192782074213028,0.8771644078400747
2025-05-13,fold_7,"Inflation bear, AI rally and 2025",-3.3037737011909485e-05,-1,0.005975283216685057,1,-0.005975283216685057,0.03061796484689694,,,,0,-59.75283216685057,-0.018946602940559387,0.009036059491336346,-3.3037737011909485e-05,0.34129920720393586
2025-05-14,fold_7,"Inflation bear, AI rally and 2025",-0.0004553757607936859,-1,0.0010983524844050407,1,-0.0010983524844050407,0.029519612362491898,,,,0,-10.983524844050407,-0.01438165083527565,-0.010933410376310349,-0.0004553757607936859,0.06256064208819194
2025-05-15,fold_7,"Inflation bear, AI rally and 2025",0.0019356245175004005,1,0.004342813044786453,1,0.004342813044786453,0.03386242540727835,,,,1,43.42813044786453,-0.00471067801117897,-0.010162297636270523,0.0019356245175004005,0.26859577139762664
2025-05-16,fold_7,"Inflation bear, AI rally and 2025",0.0035184603184461594,1,0.0009584668441675603,1,0.0009584668441675603,0.03482089225144591,,,,1,9.584668441675603,-0.008342243731021881,-0.023808997124433517,0.0035184603184461594,0.059173135968984825
2025-05-19,fold_7,"Inflation bear, AI rally and 2025",0.002953438088297844,1,-0.00333885638974607,-1,-0.00333885638974607,0.03148203586169984,,,,0,-33.3885638974607,-0.008558642119169235,-0.0015147612430155277,0.002953438088297844,-0.21967344676553358
2025-05-20,fold_7,"Inflation bear, AI rally and 2025",0.005101331509649754,1,-0.01399418618530035,-1,-0.01399418618530035,0.01748784967639949,,,,0,-139.9418618530035,-0.009068679064512253,-0.002617579186335206,0.005101331509649754,-0.9945301163410145
2025-05-21,fold_7,"Inflation bear, AI rally and 2025",0.002414819784462452,1,0.0018694656901061535,1,0.0018694656901061535,0.019357315366505645,,,,1,18.694656901061535,-0.015128426253795624,0.013340315781533718,0.002414819784462452,0.13832889935319634
2025-05-22,fold_7,"Inflation bear, AI rally and 2025",0.002833802253007889,1,-0.009303887374699116,-1,-0.009303887374699116,0.01005342799180653,,,,0,-93.03887374699116,-0.012068282812833786,0.009892607107758522,0.002833802253007889,-0.774461020632546
2025-05-23,fold_7,"Inflation bear, AI rally and 2025",0.0008225366473197937,1,0.0232527032494545,1,0.0232527032494545,0.03330613124126103,,,,1,232.52703249454498,-0.011424895375967026,0.027063505724072456,0.0008225366473197937,1.9478699600537477
2025-05-27,fold_7,"Inflation bear, AI rally and 2025",0.001991833560168743,1,-0.004441674333065748,-1,-0.004441674333065748,0.02886445690819528,,,,0,-44.41674333065748,-0.015491954982280731,0.011597446165978909,0.001991833560168743,-0.34112939391963787
2025-05-28,fold_7,"Inflation bear, AI rally and 2025",0.0007598437368869781,1,0.0019637085497379303,1,0.0019637085497379303,0.03082816545793321,,,,1,19.637085497379303,-0.015483517199754715,0.018823090940713882,0.0007598437368869781,0.15134440968446183
2025-05-29,fold_7,"Inflation bear, AI rally and 2025",0.0017656311392784119,1,-0.0015782431000843644,-1,-0.0015782431000843644,0.029249922357848845,,,,0,-15.782431000843644,-0.017684899270534515,0.009304034523665905,0.0017656311392784119,-0.12156701262634625
2025-05-30,fold_7,"Inflation bear, AI rally and 2025",-0.001509902998805046,-1,0.007867010310292244,1,-0.007867010310292244,0.0213829120475566,,,,0,-78.67010310292244,-0.02913067489862442,0.02061014249920845,-0.001509902998805046,0.62145509353276
2025-06-02,fold_7,"Inflation bear, AI rally and 2025",-4.3585896492004395e-05,-1,0.007786644622683525,1,-0.007786644622683525,0.013596267424873076,,,,0,-77.86644622683525,-0.029422983527183533,0.014214090071618557,-4.3585896492004395e-05,0.630565866011398
2025-06-03,fold_7,"Inflation bear, AI rally and 2025",-0.005307702347636223,-1,0.0027839706744998693,1,-0.0027839706744998693,0.010812296750373207,,,,0,-27.839706744998693,-0.036824461072683334,0.013019595295190811,-0.005307702347636223,0.22452047709836354
2025-06-04,fold_7,"Inflation bear, AI rally and 2025",0.0008768662810325623,1,-0.0075553483329713345,-1,-0.0075553483329713345,0.0032569484174018726,,,,0,-75.55348332971334,-0.013924121856689453,0.006860374938696623,0.0008768662810325623,-0.617361654631516
2025-06-05,fold_7,"Inflation bear, AI rally and 2025",-0.0026634112000465393,-1,0.009727864526212215,1,-0.009727864526212215,-0.006470916108810343,,,,0,-97.27864526212215,-0.013108905404806137,0.01676086150109768,-0.0026634112000465393,0.7894022209341992
2025-06-06,fold_7,"Inflation bear, AI rally and 2025",-0.0032202117145061493,-1,0.001470958348363638,1,-0.001470958348363638,-0.00794187445717398,,,,0,-14.70958348363638,-0.015226047486066818,-0.00560140423476696,-0.0032202117145061493,0.11958058444466334
2025-06-09,fold_7,"Inflation bear, AI rally and 2025",-0.004175042733550072,-1,0.006592150311917067,1,-0.006592150311917067,-0.014534024769091047,,,,0,-65.92150311917067,-0.006845004856586456,0.0067417314276099205,-0.004175042733550072,0.5357510440066177
2025-06-10,fold_7,"Inflation bear, AI rally and 2025",-0.0032700933516025543,-1,-0.003375249681994319,-1,0.003375249681994319,-0.011158775087096728,,,,1,33.75249681994319,-0.01772008091211319,-0.009649480693042278,-0.0032700933516025543,-0.3927775601112056
2025-06-11,fold_7,"Inflation bear, AI rally and 2025",-0.004204923287034035,-1,0.002345137996599078,1,-0.002345137996599078,-0.013503913083695807,,,,0,-23.451379965990782,-0.01871851645410061,-0.0064444150775671005,-0.004204923287034035,0.2955188983284086
2025-06-12,fold_7,"Inflation bear, AI rally and 2025",-0.003115018829703331,-1,-0.012634401209652424,-1,0.012634401209652424,-0.0008695118740433827,,,,1,126.34401209652424,-0.010339535772800446,-0.012881052680313587,-0.003115018829703331,-1.6115450914958678
2025-06-13,fold_7,"Inflation bear, AI rally and 2025",3.25273722410202e-05,1,0.013814094476401806,1,0.013814094476401806,0.012944582602358423,,,,1,138.14094476401806,-0.004468429833650589,0.009983260184526443,3.25273722410202e-05,1.658394163013713
2025-06-16,fold_7,"Inflation bear, AI rally and 2025",-0.003326667472720146,-1,-0.00979906227439642,-1,0.00979906227439642,0.022743644876754843,,,,1,97.9906227439642,-0.020497091114521027,0.011345419101417065,-0.003326667472720146,-1.109638710114522
2025-06-17,fold_7,"Inflation bear, AI rally and 2025",0.0005421768873929977,1,-0.00017018403741531074,-1,-0.00017018403741531074,0.022573460839339532,,,,0,-1.7018403741531074,-0.0033697448670864105,0.02369767054915428,0.0005421768873929977,-0.018709541966715384
2025-06-18,fold_7,"Inflation bear, AI rally and 2025",0.0050900774076581,1,-0.004091499838978052,-1,-0.004091499838978052,0.01848196100036148,,,,0,-40.91499838978052,0.003216218203306198,0.03317466005682945,0.0050900774076581,-0.45132657086905426
2025-06-20,fold_7,"Inflation bear, AI rally and 2025",0.00591067411005497,1,0.010229912586510181,1,0.010229912586510181,0.02871187358687166,,,,1,102.29912586510181,0.015172462910413742,0.04068398103117943,0.00591067411005497,1.1954519155541303
2025-06-23,fold_7,"Inflation bear, AI rally and 2025",0.007693934254348278,1,0.015176253393292427,1,0.015176253393292427,0.04388812698016409,,,,1,151.76253393292427,0.027727503329515457,0.03691010922193527,0.007693934254348278,1.7152282168837871
2025-06-24,fold_7,"Inflation bear, AI rally and 2025",0.0014599477872252464,1,0.002553190104663372,1,0.002553190104663372,0.04644131708482746,,,,1,25.53190104663372,0.03824935480952263,0.01326880045235157,0.0014599477872252464,0.2761633476020483
2025-06-25,fold_7,"Inflation bear, AI rally and 2025",0.009023144841194153,1,0.009306803345680237,1,0.009306803345680237,0.0557481204305077,,,,1,93.06803345680237,0.04748016223311424,0.0176568441092968,0.009023144841194153,1.2140570495435146
2025-06-26,fold_7,"Inflation bear, AI rally and 2025",0.009258998557925224,1,0.0034178236965090036,1,0.0034178236965090036,0.0591659441270167,,,,1,34.178236965090036,0.04433653876185417,0.018142199143767357,0.009258998557925224,0.4336796183005765
2025-06-27,fold_7,"Inflation bear, AI rally and 2025",0.009155338630080223,1,0.006456038448959589,1,0.006456038448959589,0.06562198257597629,,,,1,64.56038448959589,0.03442034497857094,0.007162868976593018,0.009155338630080223,0.8166233479195625
2025-06-30,fold_7,"Inflation bear, AI rally and 2025",0.008373032324016094,1,-0.008465055376291275,-1,-0.008465055376291275,0.057156927199685015,,,,0,-84.65055376291275,0.030102204531431198,0.0012683197855949402,0.008373032324016094,-1.0543437575637744
2025-07-01,fold_7,"Inflation bear, AI rally and 2025",0.011830873787403107,1,0.006941234227269888,1,0.006941234227269888,0.0640981614269549,,,,1,69.41234227269888,0.040879081934690475,0.016787249594926834,0.011830873787403107,0.8612915520447721
2025-07-02,fold_7,"Inflation bear, AI rally and 2025",0.010625769384205341,1,0.009792158380150795,1,0.009792158380150795,0.0738903198071057,,,,1,97.92158380150795,0.034697387367486954,0.00840685609728098,0.010625769384205341,1.2209093004921368
2025-07-03,fold_7,"Inflation bear, AI rally and 2025",0.008232656866312027,1,-0.007561507169157267,-1,-0.007561507169157267,0.06632881263794843,,,,0,-75.61507169157267,0.018830571323633194,-0.003638129448518157,0.008232656866312027,-0.912062731944434
2025-07-07,fold_7,"Inflation bear, AI rally and 2025",0.01194196380674839,1,0.0005614891997538507,1,0.0005614891997538507,0.06689030183770228,,,,1,5.614891997538507,0.03499473258852959,0.007543554063886404,0.01194196380674839,0.06772407021490523
2025-07-08,fold_7,"Inflation bear, AI rally and 2025",0.01663985475897789,1,0.007053874898701906,1,0.007053874898701906,0.07394417673640419,,,,1,70.53874898701906,0.02734600380063057,0.007898572832345963,0.01663985475897789,0.8815816587750563
2025-07-09,fold_7,"Inflation bear, AI rally and 2025",0.006291292607784271,1,-0.0014391591539606452,-1,-0.0014391591539606452,0.07250501758244354,,,,0,-14.391591539606452,0.019275415688753128,0.0018679917557165027,0.006291292607784271,-0.17661141588879875
2025-07-10,fold_7,"Inflation bear, AI rally and 2025",0.004229261539876461,1,-0.0022528269328176975,-1,-0.0022528269328176975,0.07025219064962585,,,,0,-22.528269328176975,0.01899108663201332,0.011367371305823326,0.004229261539876461,-0.2808745383451295
2025-07-11,fold_7,"Inflation bear, AI rally and 2025",0.008580110967159271,1,0.003620176576077938,1,0.003620176576077938,0.07387236722570378,,,,1,36.20176576077938,0.023374099284410477,0.012658500112593174,0.008580110967159271,0.4524629565912329
2025-07-14,fold_7,"Inflation bear, AI rally and 2025",0.0021182699128985405,1,0.0009165076771751046,1,0.0009165076771751046,0.07478887490287889,,,,1,9.165076771751046,0.013963032513856888,0.014209684915840626,0.0021182699128985405,0.11420975350014795
2025-07-15,fold_7,"Inflation bear, AI rally and 2025",0.008009171113371849,1,0.0010232938220724463,1,0.0010232938220724463,0.07581216872495133,,,,1,10.232938220724463,0.022010501474142075,0.008103914558887482,0.008009171113371849,0.13618806482870882
2025-07-16,fold_7,"Inflation bear, AI rally and 2025",0.009173236787319183,1,0.008060220628976822,1,0.008060220628976822,0.08387238935392816,,,,1,80.60220628976822,0.012972723692655563,0.011631511151790619,0.009173236787319183,1.1760979880152769
2025-07-17,fold_7,"Inflation bear, AI rally and 2025",0.005135237239301205,1,-0.0009616987663321197,-1,-0.0009616987663321197,0.08291069058759604,,,,0,-9.616987663321197,0.006113532930612564,0.005697506945580244,0.005135237239301205,-0.14270382450815308
2025-07-18,fold_7,"Inflation bear, AI rally and 2025",0.006650865077972412,1,0.005171361844986677,1,0.005171361844986677,0.08808205243258271,,,,1,51.71361844986677,0.01702403649687767,0.00906337145715952,0.006650865077972412,0.7669859185624802
2025-07-21,fold_7,"Inflation bear, AI rally and 2025",0.008709839545190334,1,-0.005189262330532074,-1,-0.005189262330532074,0.08289279010205064,,,,0,-51.89262330532074,0.013412375003099442,0.007012150716036558,0.008709839545190334,-0.7654419130645659
2025-07-22,fold_7,"Inflation bear, AI rally and 2025",0.008060322143137455,1,0.004550890065729618,1,0.004550890065729618,0.08744368016778026,,,,1,45.50890065729618,0.014162961393594742,0.0106513611972332,0.008060322143137455,0.7015949302939439
2025-07-23,fold_7,"Inflation bear, AI rally and 2025",0.008984414860606194,1,0.0021262161899358034,1,0.0021262161899358034,0.08956989635771606,,,,1,21.262161899358034,0.009733572602272034,0.007439480163156986,0.008984414860606194,0.37827171020139594
2025-07-24,fold_7,"Inflation bear, AI rally and 2025",3.5353004932403564e-05,1,0.002404165454208851,1,0.002404165454208851,0.09197406181192491,,,,1,24.04165454208851,-0.002684403210878372,0.0,3.5353004932403564e-05,0.4283990359534204
2025-07-25,fold_7,"Inflation bear, AI rally and 2025",-0.0002139713615179062,-1,0.0031201415695250034,1,-0.0031201415695250034,0.08885392024239991,,,,0,-31.201415695250034,-0.0012670792639255524,-0.022299613803625107,-0.0002139713615179062,0.595502653685041
2025-07-28,fold_7,"Inflation bear, AI rally and 2025",-0.0007378160953521729,-1,-0.0015500520821660757,-1,0.0015500520821660757,0.09040397232456598,,,,1,15.500520821660757,0.00406482070684433,-0.007136274129152298,-0.0007378160953521729,-0.2963649319322456
2025-07-29,fold_7,"Inflation bear, AI rally and 2025",0.004902488552033901,1,0.001339009148068726,1,0.001339009148068726,0.09174298147263471,,,,1,13.39009148068726,0.008805051445960999,-0.012398889288306236,0.004902488552033901,0.26573052952608295
2025-07-30,fold_7,"Inflation bear, AI rally and 2025",-0.0007946453988552094,-1,-0.005313263740390539,-1,0.005313263740390539,0.09705624521302525,,,,1,53.13263740390539,0.011865474283695221,-0.0012331786565482616,-0.0007946453988552094,-1.1354257306530724
2025-07-31,fold_7,"Inflation bear, AI rally and 2025",0.007900121621787548,1,-0.01989544928073883,-1,-0.01989544928073883,0.07716079593228642,,,,0,-198.9544928073883,0.0179186649620533,0.00745871476829052,0.007900121621787548,-4.351860117887104
2025-08-01,fold_7,"Inflation bear, AI rally and 2025",0.011691096238791943,1,0.018283480778336525,1,0.018283480778336525,0.09544427671062294,,,,1,182.83480778336525,0.03695603087544441,0.03663913160562515,0.011691096238791943,3.051587052731937
2025-08-04,fold_7,"Inflation bear, AI rally and 2025",0.008978280238807201,1,-0.006812667474150658,-1,-0.006812667474150658,0.08863160923647229,,,,0,-68.12667474150658,0.03472684696316719,0.015392293222248554,0.008978280238807201,-0.9658439511808814
2025-08-05,fold_7,"Inflation bear, AI rally and 2025",0.00798498559743166,1,0.012504720129072666,1,0.012504720129072666,0.10113632936554495,,,,1,125.04720129072666,0.038269300013780594,0.03469543159008026,0.00798498559743166,1.7331264565623796
2025-08-06,fold_7,"Inflation bear, AI rally and 2025",0.006442446261644363,1,0.0033786294516175985,1,0.0033786294516175985,0.10451495881716255,,,,1,33.786294516175985,0.03528240695595741,0.0226906705647707,0.006442446261644363,0.44599293756289404
2025-08-07,fold_7,"Inflation bear, AI rally and 2025",0.0026001054793596268,1,0.009284966625273228,1,0.009284966625273228,0.11379992544243578,,,,1,92.84966625273228,0.026140805333852768,0.01853628270328045,0.0026001054793596268,1.2206949690026645
2025-08-08,fold_7,"Inflation bear, AI rally and 2025",0.005082105286419392,1,-0.002963355975225568,-1,-0.002963355975225568,0.11083656946721021,,,,0,-29.633559752255678,0.01657174900174141,0.004844300914555788,0.005082105286419392,-0.3766124078785977
2025-08-11,fold_7,"Inflation bear, AI rally and 2025",0.007483608089387417,1,0.012490469962358475,1,0.012490469962358475,0.12332703942956869,,,,1,124.90469962358475,0.01972237601876259,0.007409026846289635,0.007483608089387417,1.5901907501999453
2025-08-12,fold_7,"Inflation bear, AI rally and 2025",0.00369334127753973,1,0.0004999605007469654,1,0.0004999605007469654,0.12382699993031565,,,,1,4.999605007469654,0.0026117004454135895,-0.018741806969046593,0.00369334127753973,0.059990749109096714
2025-08-13,fold_7,"Inflation bear, AI rally and 2025",2.9392540454864502e-05,1,-0.000775758468080312,-1,-0.000775758468080312,0.12305124146223534,,,,0,-7.75758468080312,-0.004769369959831238,-0.02519688941538334,2.9392540454864502e-05,-0.09311073597075677
2025-08-14,fold_7,"Inflation bear, AI rally and 2025",0.003888556733727455,1,-0.004407014697790146,-1,-0.004407014697790146,0.1186442267644452,,,,0,-44.07014697790146,0.0022795014083385468,-0.029061537235975266,0.003888556733727455,-0.5416591906536531
2025-08-15,fold_7,"Inflation bear, AI rally and 2025",0.006361250765621662,1,-0.0003986301308032125,-1,-0.0003986301308032125,0.11824559663364198,,,,0,-3.9863013080321252,0.00372236967086792,-0.00934495497494936,0.006361250765621662,-0.04865628722997111
2025-08-18,fold_7,"Inflation bear, AI rally and 2025",0.009801184758543968,1,-0.013660364784300327,-1,-0.013660364784300327,0.10458523184934165,,,,0,-136.60364784300327,-0.006432101130485535,-0.011835196986794472,0.009801184758543968,-1.68412534415897
2025-08-19,fold_7,"Inflation bear, AI rally and 2025",0.006192748434841633,1,-0.005955122411251068,-1,-0.005955122411251068,0.09863010943809059,,,,0,-59.55122411251068,-0.00736912339925766,0.005832357332110405,0.006192748434841633,-0.6933178700891818
2025-08-20,fold_7,"Inflation bear, AI rally and 2025",0.006589049473404884,1,-0.004640405066311359,-1,-0.004640405066311359,0.09398970437177923,,,,0,-46.404050663113594,0.0009017661213874817,0.013323167338967323,0.006589049473404884,-0.5375727616004295
2025-08-21,fold_7,"Inflation bear, AI rally and 2025",0.010013570077717304,1,0.01530956756323576,1,0.01530956756323576,0.10929927193501499,,,,1,153.0956756323576,-0.00251920148730278,0.024203982204198837,0.010013570077717304,1.7635160886517867
2025-08-22,fold_7,"Inflation bear, AI rally and 2025",0.003145666792988777,1,-0.0028888722881674767,-1,-0.0028888722881674767,0.10641039964684751,,,,0,-28.888722881674767,-0.02340933308005333,-0.0027484886813908815,0.003145666792988777,-0.31008575290815854
2025-08-25,fold_7,"Inflation bear, AI rally and 2025",0.007866031490266323,1,0.004007190000265837,1,0.004007190000265837,0.11041758964711335,,,,1,40.07190000265837,-0.0026681944727897644,-0.008275248110294342,0.007866031490266323,0.43029600122841694
2025-08-26,fold_7,"Inflation bear, AI rally and 2025",0.010684691369533539,1,0.001535687712021172,1,0.001535687712021172,0.11195327735913452,,,,1,15.35687712021172,0.0011416822671890259,-0.0044456529431045055,0.010684691369533539,0.16425835506509845
2025-08-27,fold_7,"Inflation bear, AI rally and 2025",0.00487520731985569,1,0.006240409333258867,1,0.006240409333258867,0.11819368669239338,,,,1,62.40409333258867,-0.0010281652212142944,0.003029386978596449,0.00487520731985569,0.667371148535967
2025-08-28,fold_7,"Inflation bear, AI rally and 2025",0.0035657864063978195,1,-0.011642903089523315,-1,-0.011642903089523315,0.10655078360287007,,,,0,-116.42903089523315,-0.009854845702648163,-0.0017690984532237053,0.0035657864063978195,-1.241336584782596
2025-08-29,fold_7,"Inflation bear, AI rally and 2025",0.006316728889942169,1,-0.00841563194990158,-1,-0.00841563194990158,0.09813515165296849,,,,0,-84.15631949901581,0.016483154147863388,0.01473993994295597,0.006316728889942169,-0.9720242852407744
2025-09-02,fold_7,"Inflation bear, AI rally and 2025",0.013380590826272964,1,0.007836785167455673,1,0.007836785167455673,0.10597193682042416,,,,1,78.36785167455673,0.0031993910670280457,0.025984633713960648,0.013380590826272964,0.9970023351283237
2025-09-03,fold_7,"Inflation bear, AI rally and 2025",0.005168622359633446,1,0.009010727517306805,1,0.009010727517306805,0.11498266433773097,,,,1,90.10727517306805,0.00026734545826911926,0.018475046381354332,0.005168622359633446,1.1394559757618208
2025-09-04,fold_7,"Inflation bear, AI rally and 2025",0.00842567253857851,1,0.0014419236686080694,1,0.0014419236686080694,0.11642458800633904,,,,1,14.419236686080694,-0.0027876198291778564,0.015268106013536453,0.00842567253857851,0.18807909607239273
2025-09-05,fold_7,"Inflation bear, AI rally and 2025",0.0139921298250556,1,0.004866134840995073,1,0.004866134840995073,0.12129072284733411,,,,1,48.66134840995073,-0.00340961292386055,0.01823362335562706,0.0139921298250556,0.6372558726449794
2025-09-08,fold_7,"Inflation bear, AI rally and 2025",0.005123106762766838,1,0.002829062519595027,1,0.002829062519595027,0.12411978536692914,,,,1,28.29062519595027,-0.010463114827871323,0.02188795804977417,0.005123106762766838,0.38083729456508125
2025-09-09,fold_7,"Inflation bear, AI rally and 2025",0.00718565471470356,1,0.0003271980385761708,1,0.0003271980385761708,0.12444698340550531,,,,1,3.271980385761708,-0.0007527917623519897,0.018213454633951187,0.00718565471470356,0.04406164831320266
2025-09-10,fold_7,"Inflation bear, AI rally and 2025",0.010705910623073578,1,0.005803787149488926,1,0.005803787149488926,0.13025077055499423,,,,1,58.03787149488926,-0.011171482503414154,0.01588842086493969,0.010705910623073578,0.8434438852361171
2025-09-11,fold_7,"Inflation bear, AI rally and 2025",0.002052689902484417,1,0.004407439846545458,1,0.004407439846545458,0.1346582104015397,,,,1,44.07439846545458,-0.0147249735891819,0.019061127677559853,0.002052689902484417,0.6295015227957373
2025-09-12,fold_7,"Inflation bear, AI rally and 2025",0.002998596988618374,1,0.00852047000080347,1,0.00852047000080347,0.14317868040234316,,,,1,85.2047000080347,-0.0030863694846630096,0.021400216966867447,0.002998596988618374,1.2054363075401078
2025-09-15,fold_7,"Inflation bear, AI rally and 2025",0.006986075080931187,1,-0.0008454403723590076,-1,-0.0008454403723590076,0.14233324002998415,,,,0,-8.454403723590076,-7.440522313117981e-05,0.01878230646252632,0.006986075080931187,-0.11654796916406615
2025-09-16,fold_7,"Inflation bear, AI rally and 2025",0.0025364262983202934,1,-0.0019978368654847145,-1,-0.0019978368654847145,0.14033540316449944,,,,0,-19.978368654847145,0.004593707621097565,0.012963303364813328,0.0025364262983202934,-0.2753385942654289
2025-09-17,fold_7,"Inflation bear, AI rally and 2025",0.007878274656832218,1,0.008976494893431664,1,0.008976494893431664,0.1493118980579311,,,,1,89.76494893431664,0.011756312102079391,0.01144441682845354,0.007878274656832218,1.3607346414331145
2025-09-18,fold_7,"Inflation bear, AI rally and 2025",0.005745175294578075,1,0.006746530067175627,1,0.006746530067175627,0.15605842812510673,,,,1,67.46530067175627,0.011665809899568558,-0.001852678949944675,0.005745175294578075,0.9971799293033602
2025-09-19,fold_7,"Inflation bear, AI rally and 2025",0.006636961363255978,1,0.005902559962123632,1,0.005902559962123632,0.16196098808723036,,,,1,59.025599621236324,0.014174293726682663,-0.004496766719967127,0.006636961363255978,0.8612280707817476
2025-09-22,fold_7,"Inflation bear, AI rally and 2025",0.010507240891456604,1,-0.00666444469243288,-1,-0.00666444469243288,0.15529654339479748,,,,0,-66.6444469243288,0.003755614161491394,-0.005778889171779156,0.010507240891456604,-1.095695263592265
2025-09-23,fold_7,"Inflation bear, AI rally and 2025",0.009438236244022846,1,-0.003516722936183214,-1,-0.003516722936183214,0.15177982045861427,,,,0,-35.16722936183214,0.005913093686103821,0.0036210042890161276,0.009438236244022846,-0.5645837122021672
2025-09-24,fold_7,"Inflation bear, AI rally and 2025",0.010748644359409809,1,-0.004320601467043161,-1,-0.004320601467043161,0.1474592189915711,,,,0,-43.206014670431614,-0.005708649754524231,0.011923212558031082,0.010748644359409809,-0.6952956867216374
2025-09-25,fold_7,"Inflation bear, AI rally and 2025",0.007476030848920345,1,0.004102441947907209,1,0.004102441947907209,0.15156166093947832,,,,1,41.024419479072094,-0.009592317044734955,0.02034645900130272,0.007476030848920345,0.6533257981723073
2025-09-26,fold_7,"Inflation bear, AI rally and 2025",0.0058258455246686935,1,0.0046204375103116035,1,0.0046204375103116035,0.15618209844978992,,,,1,46.204375103116035,-0.01522861048579216,0.012025424279272556,0.0058258455246686935,0.746356600807675
2025-09-29,fold_7,"Inflation bear, AI rally and 2025",0.006594940088689327,1,0.002735448768362403,1,0.002735448768362403,0.15891754721815232,,,,1,27.35448768362403,-0.004584863781929016,0.014887053519487381,0.006594940088689327,0.4789916015347059
2025-09-30,fold_7,"Inflation bear, AI rally and 2025",0.005686694756150246,1,0.004785485565662384,1,0.004785485565662384,0.1637030327838147,,,,1,47.85485565662384,-0.002760794013738632,0.006872063037008047,0.005686694756150246,0.881875034282518
2025-10-01,fold_7,"Inflation bear, AI rally and 2025",0.006398007273674011,1,0.004102644510567188,1,0.004102644510567188,0.1678056772943819,,,,1,41.02644510567188,0.0012976154685020447,0.01348517369478941,0.006398007273674011,0.7820441076156708
2025-10-02,fold_7,"Inflation bear, AI rally and 2025",0.010210076346993446,1,-0.004218591842800379,-1,-0.004218591842800379,0.16358708545158152,,,,0,-42.18591842800379,0.01037164032459259,0.008171569555997849,0.010210076346993446,-0.8557317218921436
2025-10-03,fold_7,"Inflation bear, AI rally and 2025",0.012664824724197388,1,0.007482066750526428,1,0.007482066750526428,0.17106915220210794,,,,1,74.82066750526428,0.009108703583478928,-0.02294095605611801,0.012664824724197388,1.4937609204365878
2025-10-06,fold_7,"Inflation bear, AI rally and 2025",0.012868516147136688,1,-0.005279541946947575,-1,-0.005279541946947575,0.16578961025516037,,,,0,-52.795419469475746,0.006770320236682892,-0.00942372065037489,0.012868516147136688,-1.0216646254540132
2025-10-07,fold_7,"Inflation bear, AI rally and 2025",0.011165072210133076,1,0.01139859575778246,1,0.01139859575778246,0.17718820601294283,,,,1,113.98595757782459,0.0074027106165885925,-0.010827412828803062,0.011165072210133076,2.165864902452659
2025-10-08,fold_7,"Inflation bear, AI rally and 2025",0.00892938394099474,1,-0.0012109596282243729,-1,-0.0012109596282243729,0.17597724638471846,,,,0,-12.109596282243729,-0.006059963256120682,-0.015193992294371128,0.00892938394099474,-0.20710450937279112
2025-10-09,fold_7,"Inflation bear, AI rally and 2025",0.0068031372502446175,1,-0.0353311188519001,-1,-0.0353311188519001,0.14064612753281835,,,,0,-353.311188519001,-0.00496290996670723,-0.01769283600151539,0.0068031372502446175,-6.190099209469844
2025-10-10,fold_7,"Inflation bear, AI rally and 2025",0.011915206909179688,1,0.020999303087592125,1,0.020999303087592125,0.16164543062041048,,,,1,209.99303087592125,0.015417564660310745,0.024183519184589386,0.011915206909179688,2.1656736954973526
2025-10-13,fold_7,"Inflation bear, AI rally and 2025",0.01099137682467699,1,-0.006683234125375748,-1,-0.006683234125375748,0.15496219649503473,,,,0,-66.83234125375748,0.007735364139080048,0.01570628583431244,0.01099137682467699,-0.6302711987652501
2025-10-14,fold_7,"Inflation bear, AI rally and 2025",0.011247074231505394,1,0.007032016292214394,1,0.007032016292214394,0.16199421278724913,,,,1,70.32016292214394,0.0033284761011600494,0.022127928212285042,0.011247074231505394,0.656776523455626
2025-10-15,fold_7,"Inflation bear, AI rally and 2025",0.008479973301291466,1,-0.0037098024040460587,-1,-0.0037098024040460587,0.15828441038320307,,,,0,-37.09802404046059,0.006121989339590073,0.005415184423327446,0.008479973301291466,-0.3431036216291272
2025-10-16,fold_7,"Inflation bear, AI rally and 2025",0.010397884994745255,1,0.006545236799865961,1,0.006545236799865961,0.16482964718306903,,,,1,65.45236799865961,0.005402427166700363,0.017496326938271523,0.010397884994745255,0.6141795166647341
2025-10-17,fold_7,"Inflation bear, AI rally and 2025",0.004978766664862633,1,0.012522069737315178,1,0.012522069737315178,0.1773517169203842,,,,1,125.22069737315178,-0.009821821004152298,0.021572764962911606,0.004978766664862633,1.1757149166181942
2025-10-20,fold_7,"Inflation bear, AI rally and 2025",0.0024366704747080803,1,-0.00026159174740314484,-1,-0.00026159174740314484,0.17709012517298106,,,,0,-2.6159174740314484,-0.026056434959173203,0.02670317515730858,0.0024366704747080803,-0.023926513409431638
2025-10-21,fold_7,"Inflation bear, AI rally and 2025",0.005748464725911617,1,-0.009680728428065777,-1,-0.009680728428065777,0.16740939674491528,,,,0,-96.80728428065777,-0.016330264508724213,0.03462529554963112,0.005748464725911617,-0.8937772036216127
2025-10-22,fold_7,"Inflation bear, AI rally and 2025",0.001116810366511345,1,0.008371341042220592,1,0.008371341042220592,0.17578073778713588,,,,1,83.71341042220592,-0.01142154261469841,0.04879889264702797,0.001116810366511345,0.7598277720253334
2025-10-23,fold_7,"Inflation bear, AI rally and 2025",0.002322399988770485,1,0.010621673427522182,1,0.010621673427522182,0.18640241121465806,,,,1,106.21673427522182,-0.011740386486053467,0.025020860135555267,0.002322399988770485,0.9540309455168327
2025-10-24,fold_7,"Inflation bear, AI rally and 2025",0.001220356673002243,1,0.01765247993171215,1,0.01765247993171215,0.2040548911463702,,,,1,176.5247993171215,-0.009482171386480331,0.019211603328585625,0.001220356673002243,1.5557006495301577
2025-10-27,fold_7,"Inflation bear, AI rally and 2025",0.004658102989196777,1,0.007660527713596821,1,0.007660527713596821,0.21171541885996703,,,,1,76.60527713596821,-0.012836385518312454,0.006332420278340578,0.004658102989196777,0.6400089901114824
2025-10-28,fold_7,"Inflation bear, AI rally and 2025",-1.5616416931152344e-05,-1,0.004492870531976223,1,-0.004492870531976223,0.2072225483279908,,,,0,-44.92870531976223,-0.01595955342054367,-0.021835021674633026,-1.5616416931152344e-05,0.37205342136019226
2025-10-29,fold_7,"Inflation bear, AI rally and 2025",0.0012535490095615387,1,-0.015406693331897259,-1,-0.015406693331897259,0.19181585499609355,,,,0,-154.0669333189726,-0.007084973156452179,-0.019840959459543228,0.0012535490095615387,-1.2764184630714328
2025-10-30,fold_7,"Inflation bear, AI rally and 2025",0.004445389844477177,1,0.00481241662055254,1,0.00481241662055254,0.1966282716166461,,,,1,48.1241662055254,-0.005861826241016388,-0.02323727495968342,0.004445389844477177,0.3844184108543597
2025-10-31,fold_7,"Inflation bear, AI rally and 2025",0.0021996134892106056,1,0.004773298278450966,1,0.004773298278450966,0.20140156989509705,,,,1,47.73298278450966,-0.020796706900000572,-0.03121001087129116,0.0021996134892106056,0.3809678203254386
2025-11-03,fold_7,"Inflation bear, AI rally and 2025",0.005547430366277695,1,-0.02050691470503807,-1,-0.02050691470503807,0.18089465519005898,,,,0,-205.0691470503807,-0.0224806759506464,-0.014100291766226292,0.005547430366277695,-1.645425497330582
2025-11-04,fold_7,"Inflation bear, AI rally and 2025",0.003997131250798702,1,0.006486933678388596,1,0.006486933678388596,0.18738158886844758,,,,1,64.86933678388596,-0.018130164593458176,0.003739549545571208,0.003997131250798702,0.4904235227950415
2025-11-05,fold_7,"Inflation bear, AI rally and 2025",-8.085742592811584e-06,-1,-0.018803009763360023,-1,0.018803009763360023,0.2061845986318076,,,,1,188.03009763360023,-0.02057768777012825,-0.0035360476467758417,-8.085742592811584e-06,-1.4397275540722754
2025-11-06,fold_7,"Inflation bear, AI rally and 2025",0.003029264509677887,1,-0.0031603185925632715,-1,-0.0031603185925632715,0.20302428003924433,,,,0,-31.603185925632715,-0.013985715806484222,-0.005360324867069721,0.003029264509677887,-0.23038518248782683
2025-11-07,fold_7,"Inflation bear, AI rally and 2025",0.00727429986000061,1,0.02188301645219326,1,0.02188301645219326,0.2249072964914376,,,,1,218.8301645219326,-0.006046358495950699,-0.0014442570973187685,0.00727429986000061,1.9475170148969252
2025-11-10,fold_7,"Inflation bear, AI rally and 2025",0.009880122728645802,1,-0.002667073393240571,-1,-0.002667073393240571,0.22224022309819702,,,,0,-26.67073393240571,-0.019774045795202255,-0.03190450370311737,0.009880122728645802,-0.23559951962183132
2025-11-11,fold_7,"Inflation bear, AI rally and 2025",0.008970260620117188,1,-0.0007886635139584541,-1,-0.0007886635139584541,0.22145155958423857,,,,0,-7.886635139584541,-0.02059522271156311,-0.04148799180984497,0.008970260620117188,-0.07018370771346462
2025-11-12,fold_7,"Inflation bear, AI rally and 2025",0.0037817107513546944,1,-0.020627286285161972,-1,-0.020627286285161972,0.2008242732990766,,,,0,-206.27286285161972,-0.01673419028520584,-0.034746989607810974,0.0037817107513546944,-1.853642922140871
2025-11-13,fold_7,"Inflation bear, AI rally and 2025",0.014073756523430347,1,0.0007557492353953421,1,0.0007557492353953421,0.20158002253447194,,,,1,7.557492353953421,-0.0013526678085327148,-0.03807619959115982,0.014073756523430347,0.06288792179286838
2025-11-14,fold_7,"Inflation bear, AI rally and 2025",0.0061142947524785995,1,-0.008577228523790836,-1,-0.008577228523790836,0.1930027940106811,,,,0,-85.77228523790836,-0.017714042216539383,-0.03134717792272568,0.0061142947524785995,-0.7190147203950206
2025-11-17,fold_7,"Inflation bear, AI rally and 2025",0.008581570349633694,1,-0.012250563129782677,-1,-0.012250563129782677,0.18075223088089842,,,,0,-122.50563129782677,-0.0014689825475215912,0.0024817129597067833,0.008581570349633694,-1.042298205062926
2025-11-18,fold_7,"Inflation bear, AI rally and 2025",0.00591608602553606,1,0.0059523372910916805,1,0.0059523372910916805,0.1867045681719901,,,,1,59.523372910916805,0.0042293258011341095,0.020877135917544365,0.00591608602553606,0.49322207919352573
2025-11-19,fold_7,"Inflation bear, AI rally and 2025",0.0045509617775678635,1,-0.02395649440586567,-1,-0.02395649440586567,0.16274807376612443,,,,0,-239.5649440586567,0.010075904428958893,0.02372167818248272,0.0045509617775678635,-2.0052447494274688
2025-11-20,fold_7,"Inflation bear, AI rally and 2025",0.0049833813682198524,1,0.007484769448637962,1,0.007484769448637962,0.1702328432147624,,,,1,74.84769448637962,0.011796161532402039,0.055752597749233246,0.0049833813682198524,0.5775990910985691
2025-11-21,fold_7,"Inflation bear, AI rally and 2025",0.00048709847033023834,1,0.025251662358641624,1,0.025251662358641624,0.19548450557340402,,,,1,252.51662358641624,0.006276961416006088,0.04490327462553978,0.00048709847033023834,1.9653590753917458
2025-11-24,fold_7,"Inflation bear, AI rally and 2025",0.0004802774637937546,1,0.006144860293716192,1,0.006144860293716192,0.2016293658671202,,,,1,61.44860293716192,-0.017929064109921455,0.027447156608104706,0.0004802774637937546,0.45626205881541687
2025-11-25,fold_7,"Inflation bear, AI rally and 2025",0.00025451742112636566,1,0.008796879090368748,1,0.008796879090368748,0.21042624495748896,,,,1,87.96879090368748,-0.01047210767865181,0.02374311164021492,0.00025451742112636566,0.6550691216377408
2025-11-26,fold_7,"Inflation bear, AI rally and 2025",-0.003559717908501625,-1,0.008074427023530006,1,-0.008074427023530006,0.20235181793395896,,,,0,-80.74427023530006,-0.03055076114833355,0.014015650376677513,-0.003559717908501625,0.5965591048813538
2025-11-28,fold_7,"Inflation bear, AI rally and 2025",-0.0060660988092422485,-1,-0.0033645550720393658,-1,0.0033645550720393658,0.20571637300599832,,,,1,33.64555072039366,-0.02142745442688465,0.010010326281189919,-0.0060660988092422485,-0.25463658553309576
2025-12-01,fold_7,"Inflation bear, AI rally and 2025",-0.002328326925635338,-1,0.007795544341206551,1,-0.007795544341206551,0.19792082866479177,,,,0,-77.9554434120655,-0.009127575904130936,0.011454490013420582,-0.002328326925635338,0.5909859154765658
2025-12-02,fold_7,"Inflation bear, AI rally and 2025",0.0031240256503224373,1,0.0024408164899796247,1,0.0024408164899796247,0.2003616451547714,,,,1,24.408164899796247,0.0009194612503051758,0.004891549237072468,0.0031240256503224373,0.18403833411928913
2025-12-03,fold_7,"Inflation bear, AI rally and 2025",-0.0001342184841632843,-1,-0.0009305825224146247,-1,0.0009305825224146247,0.20129222767718602,,,,1,9.305825224146247,-0.004381690174341202,0.00653810752555728,-0.0001342184841632843,-0.07470613097210492
2025-12-04,fold_7,"Inflation bear, AI rally and 2025",-6.763264536857605e-06,-1,0.004069102928042412,1,-0.004069102928042412,0.1972231247491436,,,,0,-40.69102928042412,-0.0022354573011398315,0.004229042213410139,-6.763264536857605e-06,0.3288540497593342
2025-12-05,fold_7,"Inflation bear, AI rally and 2025",0.005606726743280888,1,-0.0019203914562240243,-1,-0.0019203914562240243,0.19530273329291958,,,,0,-19.203914562240243,0.014659788459539413,-0.01914352923631668,0.005606726743280888,-0.16451758365576602
2025-12-08,fold_7,"Inflation bear, AI rally and 2025",0.00481462012976408,1,0.0012326041469350457,1,0.0012326041469350457,0.19653533743985463,,,,1,12.326041469350457,0.01934116706252098,-0.02225513942539692,0.00481462012976408,0.10571795040473164
2025-12-09,fold_7,"Inflation bear, AI rally and 2025",0.009241113439202309,1,0.00408737501129508,1,0.00408737501129508,0.2006227124511497,,,,1,40.8737501129508,0.020790543407201767,-0.02150787226855755,0.009241113439202309,0.3860940742634263
2025-12-10,fold_7,"Inflation bear, AI rally and 2025",0.007651769556105137,1,-0.0032396477181464434,-1,-0.0032396477181464434,0.19738306473300327,,,,0,-32.396477181464434,0.019875187426805496,-0.04430621117353439,0.007651769556105137,-0.305364873438464
2025-12-11,fold_7,"Inflation bear, AI rally and 2025",0.00988924689590931,1,-0.019303468987345695,-1,-0.019303468987345695,0.17807959574565757,,,,0,-193.03468987345695,0.02112283930182457,-0.02668045461177826,0.00988924689590931,-1.8155420144186112
2025-12-12,fold_7,"Inflation bear, AI rally and 2025",0.010252973064780235,1,-0.005032000597566366,-1,-0.005032000597566366,0.1730475951480912,,,,0,-50.32000597566366,0.030440080910921097,0.005574300419539213,0.010252973064780235,-0.47890443142588723
2025-12-15,fold_7,"Inflation bear, AI rally and 2025",0.01446479745209217,1,0.0019798711873590946,1,0.0019798711873590946,0.1750274663354503,,,,1,19.798711873590946,0.026844311505556107,0.01538827270269394,0.01446479745209217,0.18738061852739712
2025-12-16,fold_7,"Inflation bear, AI rally and 2025",0.014855561777949333,1,-0.018710967153310776,-1,-0.018710967153310776,0.15631649918213952,,,,0,-187.10967153310776,0.029693972319364548,0.018080780282616615,0.014855561777949333,-1.7991417330474324
2025-12-17,fold_7,"Inflation bear, AI rally and 2025",0.017346154898405075,1,0.014386109076440334,1,0.014386109076440334,0.17070260825857986,,,,1,143.86109076440334,0.03473978862166405,0.039713069796562195,0.017346154898405075,1.3234520309883862
2025-12-18,fold_7,"Inflation bear, AI rally and 2025",0.014654872007668018,1,0.012951286509633064,1,0.012951286509633064,0.18365389476821292,,,,1,129.51286509633064,0.019902925938367844,0.025262802839279175,0.014654872007668018,1.1504351940592996
2025-12-19,fold_7,"Inflation bear, AI rally and 2025",0.007417804561555386,1,0.00478197168558836,1,0.00478197168558836,0.18843586645380128,,,,1,47.8197168558836,-0.007907543331384659,0.007459201384335756,0.007417804561555386,0.4635322635963407
