date,fold,regime,prediction,pred_direction,actual_return,actual_direction,strategy_return,cumulative_return,confidence,aleatoric,epistemic,correct,pnl_bps,B_pred,B_actual,D_pred,D_actual
2008-10-14,fold_1,GFC peak crash (Lehman + Mar-2009 bottom),0.006557285785675049,1,-0.09382425993680954,-1,-0.09382425993680954,-0.09382425993680954,,,,0,-938.2425993680954,0.004643634427338839,-0.06547101587057114,0.006557285785675049,-2.109097253039619
2008-10-15,fold_1,GFC peak crash (Lehman + Mar-2009 bottom),0.006419621407985687,1,0.05282853543758392,1,0.05282853543758392,-0.040995724499225616,,,,1,528.2853543758392,0.003474470693618059,0.0003273205365985632,0.006419621407985687,1.1070436320743604
2008-10-16,fold_1,GFC peak crash (Lehman + Mar-2009 bottom),0.007001452147960663,1,0.0012392186326906085,1,0.0012392186326906085,-0.03975650586653501,,,,1,12.392186326906085,0.003287362400442362,-0.05642925575375557,0.007001452147960663,0.02550105319463656
2008-10-17,fold_1,GFC peak crash (Lehman + Mar-2009 bottom),0.005729377269744873,1,0.027482815086841583,1,0.027482815086841583,-0.012273690779693425,,,,1,274.82815086841583,0.0031137182377278805,-0.09033822268247604,0.005729377269744873,0.5718398491366828
2008-10-20,fold_1,GFC peak crash (Lehman + Mar-2009 bottom),0.005529165267944336,1,-0.05319732427597046,-1,-0.05319732427597046,-0.06547101505566388,,,,0,-531.9732427597046,0.003780572209507227,-0.14600127935409546,0.005529165267944336,-1.12620021320199
2008-10-21,fold_1,GFC peak crash (Lehman + Mar-2009 bottom),0.006375439465045929,1,-0.028025925159454346,-1,-0.028025925159454346,-0.09349694021511823,,,,0,-280.25925159454346,0.0038634887896478176,0.011998527683317661,0.006375439465045929,-0.5757042442051474
2008-10-22,fold_1,GFC peak crash (Lehman + Mar-2009 bottom),0.005906686186790466,1,-0.003928040619939566,-1,-0.003928040619939566,-0.0974249808350578,,,,0,-39.28040619939566,0.00418139947578311,0.037510186433792114,0.005906686186790466,-0.08006814480336048
2008-10-23,fold_1,GFC peak crash (Lehman + Mar-2009 bottom),0.005423486232757568,1,-0.03266974538564682,-1,-0.03266974538564682,-0.13009472622070462,,,,0,-326.6974538564682,0.004940269980579615,0.07424870133399963,0.005423486232757568,-0.6675545237896594
2008-10-24,fold_1,GFC peak crash (Lehman + Mar-2009 bottom),0.006564490497112274,1,-0.028180237859487534,-1,-0.028180237859487534,-0.15827496408019215,,,,0,-281.80237859487534,0.006147271487861872,0.10843947529792786,0.006564490497112274,-0.5701113436673966
2008-10-27,fold_1,GFC peak crash (Lehman + Mar-2009 bottom),0.006665483117103577,1,0.10480247437953949,1,0.10480247437953949,-0.05347248970065266,,,,1,1048.024743795395,0.00755212502554059,0.13448895514011383,0.006665483117103577,2.264899617614946
2008-10-28,fold_1,GFC peak crash (Lehman + Mar-2009 bottom),0.00490947812795639,1,-0.002514267573133111,-1,-0.002514267573133111,-0.05598675727378577,,,,0,-25.14267573133111,0.0069393315352499485,0.05762910470366478,0.00490947812795639,-0.048841884986909896
2008-10-29,fold_1,GFC peak crash (Lehman + Mar-2009 bottom),0.005238138139247894,1,0.03281047195196152,1,0.03281047195196152,-0.023176285321824253,,,,1,328.1047195196152,0.006973684299737215,0.006586431059986353,0.005238138139247894,0.6380102978731311
2008-10-30,fold_1,GFC peak crash (Lehman + Mar-2009 bottom),0.00684589147567749,1,0.0015210297424346209,1,0.0015210297424346209,-0.021655255579389632,,,,1,15.210297424346209,0.006076074671000242,-0.07195529341697693,0.00684589147567749,0.029885778865258273
2008-10-31,fold_1,GFC peak crash (Lehman + Mar-2009 bottom),0.006232142448425293,1,-0.002130764303728938,-1,-0.002130764303728938,-0.02378601988311857,,,,0,-21.30764303728938,0.0038168667815625668,-0.05307116359472275,0.006232142448425293,-0.04196421772856818
2008-11-03,fold_1,GFC peak crash (Lehman + Mar-2009 bottom),0.005980648100376129,1,0.027942635118961334,1,0.027942635118961334,0.004156615235842764,,,,1,279.42635118961334,0.0022715856321156025,-0.06449751555919647,0.005980648100376129,0.5578122188998867
2008-11-04,fold_1,GFC peak crash (Lehman + Mar-2009 bottom),0.005668088793754578,1,-0.05355694144964218,-1,-0.05355694144964218,-0.04940032621379942,,,,0,-535.5694144964218,0.0025787358172237873,-0.11445481330156326,0.005668088793754578,-1.1086007483566258
2008-11-05,fold_1,GFC peak crash (Lehman + Mar-2009 bottom),0.0062286630272865295,1,-0.04573125019669533,-1,-0.04573125019669533,-0.09513157641049474,,,,0,-457.3125019669533,0.0018975124694406986,-0.10817801207304001,0.0062286630272865295,-0.9193969803721691
2008-11-06,fold_1,GFC peak crash (Lehman + Mar-2009 bottom),0.0059281885623931885,1,0.020405156537890434,1,0.020405156537890434,-0.07472641987260431,,,,1,204.05156537890434,0.003389508929103613,-0.0032778142485767603,0.0059281885623931885,0.4047481996307721
2008-11-07,fold_1,GFC peak crash (Lehman + Mar-2009 bottom),0.005524039268493652,1,-0.013557118363678455,-1,-0.013557118363678455,-0.08828353823628277,,,,0,-135.57118363678455,0.006327848415821791,-0.07349137961864471,0.005524039268493652,-0.26792465922922915
2008-11-10,fold_1,GFC peak crash (Lehman + Mar-2009 bottom),0.005791999399662018,1,-0.022014662623405457,-1,-0.022014662623405457,-0.11029820085968822,,,,0,-220.14662623405457,0.00849410705268383,-0.08120820671319962,0.005791999399662018,-0.5036393665804041
2008-11-11,fold_1,GFC peak crash (Lehman + Mar-2009 bottom),0.006595812737941742,1,-0.04728014022111893,-1,-0.04728014022111893,-0.15757834108080715,,,,0,-472.80140221118927,0.010030075907707214,-0.060251399874687195,0.006595812737941742,-1.1031007637312877
2008-11-12,fold_1,GFC peak crash (Lehman + Mar-2009 bottom),0.006729885935783386,1,0.05916894972324371,1,0.05916894972324371,-0.09840939135756344,,,,1,591.6894972324371,0.008636118844151497,-0.06660705804824829,0.006729885935783386,1.5233259617194848
2008-11-13,fold_1,GFC peak crash (Lehman + Mar-2009 bottom),0.006629034876823425,1,-0.04980840906500816,-1,-0.04980840906500816,-0.1482178004225716,,,,0,-498.08409065008163,0.0071688746102154255,-0.1753859519958496,0.006629034876823425,-1.2675075099672721
2008-11-14,fold_1,GFC peak crash (Lehman + Mar-2009 bottom),0.006732963025569916,1,-0.02127394825220108,-1,-0.02127394825220108,-0.16949174867477268,,,,0,-212.7394825220108,0.005339516792446375,-0.0830669030547142,0.006732963025569916,-0.5208683941068185
2008-11-17,fold_1,GFC peak crash (Lehman + Mar-2009 bottom),0.007867127656936646,1,-0.001057852292433381,-1,-0.001057852292433381,-0.17054960096720606,,,,0,-10.57852292433381,0.005347439553588629,-0.0024704299867153168,0.007867127656936646,-0.02601861775965601
2008-11-18,fold_1,GFC peak crash (Lehman + Mar-2009 bottom),0.006356433033943176,1,-0.05363579839468002,-1,-0.05363579839468002,-0.22418539936188608,,,,0,-536.3579839468002,0.0038912068121135235,-0.0060164593160152435,0.006356433033943176,-1.3795502580863528
2008-11-19,fold_1,GFC peak crash (Lehman + Mar-2009 bottom),0.005733594298362732,1,-0.049609940499067307,-1,-0.049609940499067307,-0.2737953398609534,,,,0,-496.09940499067307,0.003348583821207285,0.08865413069725037,0.005733594298362732,-1.234032731259152
2008-11-20,fold_1,GFC peak crash (Lehman + Mar-2009 bottom),0.007416948676109314,1,0.042510632425546646,1,0.042510632425546646,-0.23128470743540674,,,,1,425.10632425546646,0.005332475993782282,0.13039687275886536,0.007416948676109314,1.0195702067929981
2008-11-21,fold_1,GFC peak crash (Lehman + Mar-2009 bottom),0.007573641836643219,1,0.059322528541088104,1,0.059322528541088104,-0.17196217889431864,,,,1,593.225285410881,0.004808990750461817,0.009702088311314583,0.007573641836643219,1.4078845529535253
2008-11-24,fold_1,GFC peak crash (Lehman + Mar-2009 bottom),0.005828201770782471,1,-0.0046038818545639515,-1,-0.0046038818545639515,-0.1765660607488826,,,,0,-46.038818545639515,0.0032618450932204723,-0.016746971756219864,0.005828201770782471,-0.10529690246968396
2008-11-25,fold_1,GFC peak crash (Lehman + Mar-2009 bottom),0.006032116711139679,1,0.04103479161858559,1,0.04103479161858559,-0.135531269130297,,,,1,410.34791618585587,0.0032476983033120632,0.015847941860556602,0.006032116711139679,1.111254334073887
2008-11-26,fold_1,GFC peak crash (Lehman + Mar-2009 bottom),0.007031992077827454,1,-0.007867200300097466,-1,-0.007867200300097466,-0.14339846943039447,,,,0,-78.67200300097466,0.0019935653544962406,-0.053896866738796234,0.007031992077827454,-0.2067849103956423
2008-11-28,fold_1,GFC peak crash (Lehman + Mar-2009 bottom),0.006173223257064819,1,-0.07818415015935898,-1,-0.07818415015935898,-0.22158261958975345,,,,0,-781.8415015935898,0.000861145555973053,-0.0062005408108234406,0.006173223257064819,-2.0920149030097552
2008-12-01,fold_1,GFC peak crash (Lehman + Mar-2009 bottom),0.006056308746337891,1,0.03287346661090851,1,0.03287346661090851,-0.18870915297884494,,,,1,328.7346661090851,0.002274556551128626,0.11061938107013702,0.006056308746337891,0.7967744531761531
2008-12-02,fold_1,GFC peak crash (Lehman + Mar-2009 bottom),0.00684443861246109,1,0.027991032227873802,1,0.027991032227873802,-0.16071812075097114,,,,1,279.910322278738,0.0034180679358541965,0.07541601359844208,0.00684443861246109,0.6679611691128471
2008-12-03,fold_1,GFC peak crash (Lehman + Mar-2009 bottom),0.005797065794467926,1,-0.0287100151181221,-1,-0.0287100151181221,-0.18942813586909324,,,,0,-287.100151181221,0.005141605157405138,0.04408736154437065,0.005797065794467926,-0.6850921338906252
2008-12-04,fold_1,GFC peak crash (Lehman + Mar-2009 bottom),0.004421234130859375,1,0.03982912749052048,1,0.03982912749052048,-0.14959900837857276,,,,1,398.2912749052048,0.00884854793548584,0.04499876871705055,0.004421234130859375,0.9793462647053741
2008-12-05,fold_1,GFC peak crash (Lehman + Mar-2009 bottom),0.0060182660818099976,1,0.03863576799631119,1,0.03863576799631119,-0.11096324038226157,,,,1,386.3576799631119,0.01203966699540615,0.025248471647500992,0.0060182660818099976,0.9573386069605946
2008-12-08,fold_1,GFC peak crash (Lehman + Mar-2009 bottom),0.00683283805847168,1,-0.0023298992309719324,-1,-0.0023298992309719324,-0.1132931396132335,,,,0,-23.298992309719324,0.012479202821850777,-0.031062552705407143,0.00683283805847168,-0.05680074135595529
2008-12-09,fold_1,GFC peak crash (Lehman + Mar-2009 bottom),0.005701407790184021,1,-0.0033376188948750496,-1,-0.0033376188948750496,-0.11663075850810856,,,,0,-33.376188948750496,0.013257265090942383,0.018161559477448463,0.005701407790184021,-0.08158449891293568
2008-12-10,fold_1,GFC peak crash (Lehman + Mar-2009 bottom),0.007292427122592926,1,-0.0277986079454422,-1,-0.0277986079454422,-0.14442936645355076,,,,0,-277.986079454422,0.015173474326729774,0.009317740797996521,0.007292427122592926,-0.6843648104632636
2008-12-11,fold_1,GFC peak crash (Lehman + Mar-2009 bottom),0.0086449533700943,1,0.020078828558325768,1,0.020078828558325768,-0.12435053789522499,,,,1,200.78828558325768,0.011120229959487915,0.019404899328947067,0.0086449533700943,0.505647258021963
2008-12-12,fold_1,GFC peak crash (Lehman + Mar-2009 bottom),0.0053293779492378235,1,-0.017675256356596947,-1,-0.017675256356596947,-0.14202579425182194,,,,0,-176.75256356596947,0.00999457761645317,0.007497432641685009,0.0053293779492378235,-0.4687346241071723
2008-12-15,fold_1,GFC peak crash (Lehman + Mar-2009 bottom),0.0053366199135780334,1,0.04689421504735947,1,0.04689421504735947,-0.09513157920446247,,,,1,468.94215047359467,0.010845588520169258,0.003164258087053895,0.0053366199135780334,1.2939084794448272
2008-12-16,fold_1,GFC peak crash (Lehman + Mar-2009 bottom),0.008841648697853088,1,-0.012181437574326992,-1,-0.012181437574326992,-0.10731301677878946,,,,0,-121.81437574326992,0.011873636394739151,-0.04887895658612251,0.008841648697853088,-0.32546634396738044
2008-12-17,fold_1,GFC peak crash (Lehman + Mar-2009 bottom),0.003181062638759613,1,-0.017711449414491653,-1,-0.017711449414491653,-0.12502446619328111,,,,0,-177.11449414491653,0.007970130071043968,-0.033948201686143875,0.003181062638759613,-0.4719795642427665
2008-12-18,fold_1,GFC peak crash (Lehman + Mar-2009 bottom),0.005459778010845184,1,0.008171360939741135,1,0.008171360939741135,-0.11685310525353998,,,,1,81.71360939741135,0.012718355283141136,-0.01657971180975437,0.005459778010845184,0.22839322156023914
2008-12-19,fold_1,GFC peak crash (Lehman + Mar-2009 bottom),0.006750509142875671,1,-0.02200843021273613,-1,-0.02200843021273613,-0.1388615354662761,,,,0,-220.0843021273613,0.015053978189826012,-0.03302434831857681,0.006750509142875671,-0.6461012592114418
2008-12-22,fold_1,GFC peak crash (Lehman + Mar-2009 bottom),0.007837057113647461,1,-0.005149002652615309,-1,-0.005149002652615309,-0.14401053811889142,,,,0,-51.49002652615309,0.01130375824868679,0.009539843536913395,0.007837057113647461,-0.1556607008643919
2008-12-23,fold_1,GFC peak crash (Lehman + Mar-2009 bottom),0.006893619894981384,1,0.0027493173256516457,1,0.0027493173256516457,-0.14126122079323977,,,,1,27.493173256516457,0.014110906049609184,0.0231305118650198,0.006893619894981384,0.09066467300399882
2008-12-24,fold_1,GFC peak crash (Lehman + Mar-2009 bottom),0.00884314626455307,1,-0.0003429576463531703,-1,-0.0003429576463531703,-0.14160417843959294,,,,0,-3.4295764635317028,0.011105725541710854,0.06284288316965103,0.00884314626455307,-0.01131396397522408
2008-12-26,fold_1,GFC peak crash (Lehman + Mar-2009 bottom),0.00741095095872879,1,-0.008273275569081306,-1,-0.008273275569081306,-0.14987745400867425,,,,0,-82.73275569081306,0.008288880810141563,0.06286349147558212,0.00741095095872879,-0.28636381278925166
2008-12-29,fold_1,GFC peak crash (Lehman + Mar-2009 bottom),0.00584065169095993,1,0.020555762574076653,1,0.020555762574076653,-0.1293216914345976,,,,1,205.55762574076653,0.010444601997733116,0.08108048141002655,0.00584065169095993,0.7113592667332982
2008-12-30,fold_1,GFC peak crash (Lehman + Mar-2009 bottom),0.007094241678714752,1,0.008441665209829807,1,0.008441665209829807,-0.12088002622476779,,,,1,84.41665209829807,0.0073971436358988285,0.0317063182592392,0.007094241678714752,0.359792261687734
2008-12-31,fold_1,GFC peak crash (Lehman + Mar-2009 bottom),0.005553193390369415,1,0.042461689561605453,1,0.042461689561605453,-0.07841833666316234,,,,1,424.61689561605453,0.0026963553391397,0.033722203224897385,0.005553193390369415,1.8988990613166399
2009-01-02,fold_1,GFC peak crash (Lehman + Mar-2009 bottom),0.005522020161151886,1,-0.00032235000981017947,-1,-0.00032235000981017947,-0.07874068667297252,,,,0,-3.2235000981017947,0.0005493969656527042,-0.03142658993601799,0.005522020161151886,-0.013732587060522822
2009-01-05,fold_1,GFC peak crash (Lehman + Mar-2009 bottom),0.005514062941074371,1,0.00994371809065342,1,0.00994371809065342,-0.0687969685823191,,,,1,99.4371809065342,0.0004962459206581116,-0.04956405982375145,0.005514062941074371,0.440405604963444
2009-01-06,fold_1,GFC peak crash (Lehman + Mar-2009 bottom),0.005625389516353607,1,-0.028818404302001,-1,-0.028818404302001,-0.0976153728843201,,,,0,-288.18404302001,-6.065890192985535e-05,-0.0591689758002758,0.005625389516353607,-1.38107552841447
2009-01-07,fold_1,GFC peak crash (Lehman + Mar-2009 bottom),0.005496487021446228,1,0.010457552038133144,1,0.010457552038133144,-0.08715782084618695,,,,1,104.57552038133144,0.00480621075257659,-0.06130253151059151,0.005496487021446228,0.5213772021956417
2009-01-08,fold_1,GFC peak crash (Lehman + Mar-2009 bottom),0.004115179181098938,1,-0.02268710546195507,-1,-0.02268710546195507,-0.10984492630814202,,,,0,-226.8710546195507,0.01279257982969284,-0.05547646805644035,0.004115179181098938,-1.123864984696404
2009-01-09,fold_1,GFC peak crash (Lehman + Mar-2009 bottom),0.007208094000816345,1,-0.018459821119904518,-1,-0.018459821119904518,-0.12830474742804654,,,,0,-184.59821119904518,0.013472102582454681,-0.021853338927030563,0.007208094000816345,-0.8874499725674849
2009-01-12,fold_1,GFC peak crash (Lehman + Mar-2009 bottom),0.0049430131912231445,1,0.00033880159026011825,1,0.00033880159026011825,-0.12796594583778642,,,,1,3.3880159026011825,0.019250905141234398,-0.05429340526461601,0.0049430131912231445,0.016710213945114464
2009-01-13,fold_1,GFC peak crash (Lehman + Mar-2009 bottom),0.004902571439743042,1,-0.030951958149671555,-1,-0.030951958149671555,-0.15891790398745798,,,,0,-309.51958149671555,0.019206557422876358,-0.012951979413628578,0.004902571439743042,-1.5654513740687834
2009-01-14,fold_1,GFC peak crash (Lehman + Mar-2009 bottom),0.009491346776485443,1,0.016283614560961723,1,0.016283614560961723,-0.14263428942649625,,,,1,162.83614560961723,0.020077260211110115,0.0045303646475076675,0.009491346776485443,0.7915411764355298
2009-01-15,fold_1,GFC peak crash (Lehman + Mar-2009 bottom),0.012353844940662384,1,0.01093602366745472,1,0.01093602366745472,-0.13169826575904153,,,,1,109.3602366745472,0.016518210992217064,-0.006897205486893654,0.012353844940662384,0.6052141544043578
2009-01-16,fold_1,GFC peak crash (Lehman + Mar-2009 bottom),0.010884009301662445,1,-0.05089988932013512,-1,-0.05089988932013512,-0.18259815507917665,,,,0,-508.99889320135117,0.009263761341571808,-0.010592788457870483,0.010884009301662445,-2.823098035338528
2009-01-20,fold_1,GFC peak crash (Lehman + Mar-2009 bottom),0.009966813027858734,1,0.0416802279651165,1,0.0416802279651165,-0.14091792711406015,,,,1,416.802279651165,0.007000029552727938,0.04749481379985809,0.009966813027858734,1.9894501200614343
2009-01-21,fold_1,GFC peak crash (Lehman + Mar-2009 bottom),0.007831908762454987,1,-0.013469614088535309,-1,-0.013469614088535309,-0.15438754120259546,,,,0,-134.6961408853531,0.0043532648123800755,0.04034192115068436,0.007831908762454987,-0.5892937199583155
2009-01-22,fold_1,GFC peak crash (Lehman + Mar-2009 bottom),0.007270991802215576,1,0.004856044892221689,1,0.004856044892221689,-0.14953149631037377,,,,1,48.56044892221689,0.0018803742714226246,0.02811305969953537,0.007270991802215576,0.21559962684167613
2009-01-23,fold_1,GFC peak crash (Lehman + Mar-2009 bottom),0.007665328681468964,1,0.00724044069647789,1,0.00724044069647789,-0.14229105561389588,,,,1,72.4044069647789,0.0024432637728750706,0.005520956590771675,0.007665328681468964,0.32150893117112656
2009-01-26,fold_1,GFC peak crash (Lehman + Mar-2009 bottom),0.007290869951248169,1,0.007187714800238609,1,0.007187714800238609,-0.13510334081365727,,,,1,71.8771480023861,0.0013835611753165722,0.01025271974503994,0.007290869951248169,0.318464132859641
2009-01-27,fold_1,GFC peak crash (Lehman + Mar-2009 bottom),0.00742744654417038,1,0.034527335315942764,1,0.034527335315942764,-0.1005760054977145,,,,1,345.27335315942764,-0.0007788459770381451,0.018584955483675003,0.00742744654417038,1.5259379429002036
2009-01-28,fold_1,GFC peak crash (Lehman + Mar-2009 bottom),0.00551065057516098,1,-0.025698475539684296,-1,-0.025698475539684296,-0.1262744810373988,,,,0,-256.98475539684296,-0.0006748358719050884,-0.01460401713848114,0.00551065057516098,-1.0781286776485335
2009-01-29,fold_1,GFC peak crash (Lehman + Mar-2009 bottom),0.007623851299285889,1,-0.017736058682203293,-1,-0.017736058682203293,-0.1440105397196021,,,,0,-177.36058682203293,-0.0009344466961920261,0.032920949161052704,0.007623851299285889,-0.7364133233704658
2009-01-30,fold_1,GFC peak crash (Lehman + Mar-2009 bottom),0.00807807594537735,1,0.011972203850746155,1,0.011972203850746155,-0.13203833586885594,,,,1,119.72203850746155,-0.0007184934802353382,0.07648946344852448,0.00807807594537735,0.4919620198706491
2009-02-02,fold_1,GFC peak crash (Lehman + Mar-2009 bottom),0.008149184286594391,1,0.015519951470196247,1,0.015519951470196247,-0.11651838439865969,,,,1,155.19951470196247,-0.0004628188908100128,0.06865273416042328,0.008149184286594391,0.6877479031448788
2009-02-03,fold_1,GFC peak crash (Lehman + Mar-2009 bottom),0.007407836616039276,1,0.0013383622281253338,1,0.0013383622281253338,-0.11518002217053436,,,,1,13.383622281253338,0.0012448439374566078,0.015612514689564705,0.007407836616039276,0.05861908332521261
2009-02-04,fold_1,GFC peak crash (Lehman + Mar-2009 bottom),0.006731808185577393,1,0.021826492622494698,1,0.021826492622494698,-0.09335352954803966,,,,1,218.26492622494698,0.006352407392114401,0.009649120271205902,0.006731808185577393,0.9604636281767396
2009-02-05,fold_1,GFC peak crash (Lehman + Mar-2009 bottom),0.008250400424003601,1,0.02583245187997818,1,0.02583245187997818,-0.06752107766806148,,,,1,258.3245187997818,0.005150660406798124,0.0,0.008250400424003601,1.1567459466344763
2009-02-06,fold_1,GFC peak crash (Lehman + Mar-2009 bottom),0.006561353802680969,1,0.004135478753596544,1,0.004135478753596544,-0.06338559891446494,,,,1,41.35478753596544,0.004147783387452364,-0.030422896146774292,0.006561353802680969,0.18020994654689176
2009-02-09,fold_1,GFC peak crash (Lehman + Mar-2009 bottom),0.006755374372005463,1,-0.03752027079463005,-1,-0.03752027079463005,-0.10090586970909499,,,,0,-375.2027079463005,0.0021598893217742443,-0.07513406872749329,0.006755374372005463,-1.6750522774946477
2009-02-10,fold_1,GFC peak crash (Lehman + Mar-2009 bottom),0.009075790643692017,1,-0.004625031724572182,-1,-0.004625031724572182,-0.10553090143366717,,,,0,-46.25031724572182,0.002417100127786398,-0.03692920506000519,0.009075790643692017,-0.1963064211528487
2009-02-11,fold_1,GFC peak crash (Lehman + Mar-2009 bottom),0.009236879646778107,1,0.01217737141996622,1,0.01217737141996622,-0.09335353001370095,,,,1,121.77371419966221,0.004968004766851664,-0.04781389608979225,0.009236879646778107,0.5163659305223878
2009-02-12,fold_1,GFC peak crash (Lehman + Mar-2009 bottom),0.004079535603523254,1,-0.004590444266796112,-1,-0.004590444266796112,-0.09794397428049706,,,,0,-45.90444266796112,0.0020277355797588825,-0.057216279208660126,0.004079535603523254,-0.20214900412444273
2009-02-13,fold_1,GFC peak crash (Lehman + Mar-2009 bottom),0.004967108368873596,1,-0.04057569429278374,-1,-0.04057569429278374,-0.1385196685732808,,,,0,-405.7569429278374,0.0035481429658830166,-0.08823682367801666,0.004967108368873596,-1.8083558163302977
2009-02-17,fold_1,GFC peak crash (Lehman + Mar-2009 bottom),0.007048897445201874,1,0.000684593163896352,1,0.000684593163896352,-0.13783507540938444,,,,1,6.8459316389635205,0.009199099615216255,-0.015172178857028484,0.007048897445201874,0.02843112078509613
2009-02-18,fold_1,GFC peak crash (Lehman + Mar-2009 bottom),0.00844169408082962,1,-0.015509720891714096,-1,-0.015509720891714096,-0.15334479630109854,,,,0,-155.09720891714096,0.00864519365131855,-0.022480914369225502,0.00844169408082962,-0.7309061935277794
2009-02-19,fold_1,GFC peak crash (Lehman + Mar-2009 bottom),0.0074786171317100525,1,0.002774988068267703,1,0.002774988068267703,-0.15056980823283084,,,,1,27.74988068267703,0.007631894666701555,-0.03535139560699463,0.0074786171317100525,0.14321432013255497
2009-02-20,fold_1,GFC peak crash (Lehman + Mar-2009 bottom),0.009122088551521301,1,-0.03561098873615265,-1,-0.03561098873615265,-0.1861807969689835,,,,0,-356.1098873615265,0.006943197455257177,-0.04752684384584427,0.009122088551521301,-1.8594837500008825
2009-02-23,fold_1,GFC peak crash (Lehman + Mar-2009 bottom),0.00923086702823639,1,0.032488949596881866,1,0.032488949596881866,-0.15369184737210162,,,,1,324.88949596881866,0.0070041329599916935,-0.04477813467383385,0.00923086702823639,1.5686010459481285
2009-02-24,fold_1,GFC peak crash (Lehman + Mar-2009 bottom),0.007305450737476349,1,-0.00662414263933897,-1,-0.00662414263933897,-0.1603159900114406,,,,0,-66.2414263933897,0.00252184784039855,-0.0780186802148819,0.007305450737476349,-0.3026191429693795
2009-02-25,fold_1,GFC peak crash (Lehman + Mar-2009 bottom),0.005584441125392914,1,-0.028380202129483223,-1,-0.028380202129483223,-0.1886961921409238,,,,0,-283.80202129483223,0.0016612452454864979,-0.04507232457399368,0.005584441125392914,-1.2970558461101405
2009-02-26,fold_1,GFC peak crash (Lehman + Mar-2009 bottom),0.006534196436405182,1,-0.009400458075106144,-1,-0.009400458075106144,-0.19809665021602996,,,,0,-94.00458075106144,0.0012719500809907913,-0.04715467616915703,0.006534196436405182,-0.4385750530238969
2009-02-27,fold_1,GFC peak crash (Lehman + Mar-2009 bottom),0.007115475833415985,1,-0.03286227956414223,-1,-0.03286227956414223,-0.23095892978017218,,,,0,-328.6227956414223,0.0019203131087124348,-0.045707352459430695,0.007115475833415985,-1.5832543341428431
2009-03-02,fold_1,GFC peak crash (Lehman + Mar-2009 bottom),0.006660297513008118,1,-0.000751598970964551,-1,-0.000751598970964551,-0.23171052875113674,,,,0,-7.51598970964551,0.002591466996818781,-0.03436747193336487,0.006660297513008118,-0.034702426339665096
2009-03-03,fold_1,GFC peak crash (Lehman + Mar-2009 bottom),0.006318412721157074,1,0.026322215795516968,1,0.026322215795516968,-0.20538831295561977,,,,1,263.2221579551697,0.0045058210380375385,0.026322215795516968,0.006318412721157074,1.2246895328254972
2009-03-04,fold_1,GFC peak crash (Lehman + Mar-2009 bottom),0.006578713655471802,1,-0.030462555587291718,-1,-0.030462555587291718,-0.23585086854291148,,,,0,-304.6255558729172,0.004559031222015619,0.015251108445227146,0.006578713655471802,-1.3838793595797154
2009-03-05,fold_1,GFC peak crash (Lehman + Mar-2009 bottom),0.006429977715015411,1,-0.007953135296702385,-1,-0.007953135296702385,-0.24380400383961387,,,,0,-79.53135296702385,0.005350085441023111,0.0783289447426796,0.006429977715015411,-0.34518343722180445
2009-03-06,fold_1,GFC peak crash (Lehman + Mar-2009 bottom),0.006746046245098114,1,-0.0215223990380764,-1,-0.0215223990380764,-0.26532640287769027,,,,0,-215.223990380764,0.005458404775708914,0.08872090280056,0.006746046245098114,-0.9528420129139734
2009-03-09,fold_1,GFC peak crash (Lehman + Mar-2009 bottom),0.007118187844753265,1,0.059938088059425354,1,0.059938088059425354,-0.20538831481826492,,,,1,599.3808805942535,0.0054453168995678425,0.093400739133358,0.007118187844753265,2.6805293227550755
2009-03-10,fold_1,GFC peak crash (Lehman + Mar-2009 bottom),0.006831370294094086,1,0.015251108445227146,1,0.015251108445227146,-0.19013720637303777,,,,1,152.51108445227146,0.0050127883441746235,0.07062570750713348,0.006831370294094086,0.5853840661056128
2009-03-11,fold_1,GFC peak crash (Lehman + Mar-2009 bottom),0.0066888704895973206,1,0.03261528164148331,1,0.03261528164148331,-0.15752192473155446,,,,1,326.15281641483307,0.005439766217023134,0.0679113119840622,0.0066888704895973206,1.3098519365463446
2009-03-12,fold_1,GFC peak crash (Lehman + Mar-2009 bottom),0.0066866204142570496,1,0.0024388229940086603,1,0.0024388229940086603,-0.1550831017375458,,,,1,24.388229940086603,0.004806575831025839,0.03462249040603638,0.0066866204142570496,0.09407075065924828
2009-03-13,fold_1,GFC peak crash (Lehman + Mar-2009 bottom),0.006271354854106903,1,-0.016842564567923546,-1,-0.016842564567923546,-0.17192566630546935,,,,0,-168.42564567923546,0.00520367594435811,0.0168460663408041,0.006271354854106903,-0.6531217118920715
2009-03-16,fold_1,GFC peak crash (Lehman + Mar-2009 bottom),0.006037265062332153,1,0.037163060158491135,1,0.037163060158491135,-0.13476260614697821,,,,1,371.63060158491135,0.005933459382504225,0.09096124023199081,0.006037265062332153,1.4270914904074783
2009-03-17,fold_1,GFC peak crash (Lehman + Mar-2009 bottom),0.006770625710487366,1,0.012536708265542984,1,0.012536708265542984,-0.12222589788143523,,,,1,125.36708265542984,0.00669838348403573,0.03517917916178703,0.006770625710487366,0.48619827721992376
2009-03-18,fold_1,GFC peak crash (Lehman + Mar-2009 bottom),0.006276741623878479,1,-0.000673539936542511,-1,-0.000673539936542511,-0.12289943781797774,,,,0,-6.73539936542511,0.007833676412701607,0.02724788524210453,0.006276741623878479,-0.025968645943417606
2009-03-19,fold_1,GFC peak crash (Lehman + Mar-2009 bottom),0.005430534482002258,1,-0.015337600372731686,-1,-0.015337600372731686,-0.13823703819070943,,,,0,-153.37600372731686,0.009979790076613426,0.05830502137541771,0.005430534482002258,-0.5966964858352954
2009-03-20,fold_1,GFC peak crash (Lehman + Mar-2009 bottom),0.008986212313175201,1,0.05727260932326317,1,0.05727260932326317,-0.08096442886744626,,,,1,572.7260932326317,0.010814594104886055,0.05468008294701576,0.008986212313175201,2.2092033033287364
2009-03-23,fold_1,GFC peak crash (Lehman + Mar-2009 bottom),0.010960496962070465,1,-0.018618999049067497,-1,-0.018618999049067497,-0.09958342791651376,,,,0,-186.18999049067497,0.010300787165760994,-0.027560722082853317,0.010960496962070465,-0.6698162405411248
2009-03-24,fold_1,GFC peak crash (Lehman + Mar-2009 bottom),0.0036330148577690125,1,0.0046054162085056305,1,0.0046054162085056305,-0.09497801170800813,,,,1,46.054162085056305,0.0163031704723835,-0.00033004675060510635,0.0036330148577690125,0.16961509548873643
2009-03-25,fold_1,GFC peak crash (Lehman + Mar-2009 bottom),0.0030229613184928894,1,0.03038359433412552,1,0.03038359433412552,-0.0645944173738826,,,,1,303.8359433412552,0.016762331128120422,0.00979765597730875,0.0030229613184928894,1.1198733440510578
2009-03-26,fold_1,GFC peak crash (Lehman + Mar-2009 bottom),0.005031265318393707,1,-0.018962539732456207,-1,-0.018962539732456207,-0.08355695710633881,,,,0,-189.62539732456207,0.0043777539394795895,0.011081703938543797,0.005031265318393707,-0.6961401824098795
2009-03-27,fold_1,GFC peak crash (Lehman + Mar-2009 bottom),0.001007281243801117,1,-0.024968193843960762,-1,-0.024968193843960762,-0.10852515095029958,,,,0,-249.68193843960762,0.007223629858344793,0.048450127243995667,0.001007281243801117,-0.9083529903405672
2009-03-30,fold_1,GFC peak crash (Lehman + Mar-2009 bottom),-0.0005646497011184692,-1,0.008611675351858139,1,-0.008611675351858139,-0.11713682630215771,,,,0,-86.11675351858139,0.019343476742506027,0.0709424838423729,-0.0005646497011184692,0.31813871412694694
2011-09-15,fold_2,2011 US-downgrade + EU debt,0.003848753869533539,1,0.009124577045440674,1,0.009124577045440674,0.009124577045440674,,,,1,91.24577045440674,0.006297106388956308,-0.04553168639540672,0.003848753869533539,0.4347056708931124
2011-09-16,fold_2,2011 US-downgrade + EU debt,0.005457930266857147,1,0.0003535690775606781,1,0.0003535690775606781,0.009478146123001352,,,,1,3.5356907756067812,0.0070851887576282024,-0.04407443106174469,0.005457930266857147,0.01982427670138496
2011-09-19,fold_2,2011 US-downgrade + EU debt,0.006326265633106232,1,-0.004426280502229929,-1,-0.004426280502229929,0.005051865620771423,,,,0,-44.26280502229929,0.008286774158477783,-0.032860659062862396,0.006326265633106232,-0.2549162745851953
2011-09-20,fold_2,2011 US-downgrade + EU debt,0.00443083792924881,1,-0.01754116453230381,-1,-0.01754116453230381,-0.012489298911532387,,,,0,-175.4116453230381,0.007911492139101028,-0.018082918599247932,0.00443083792924881,-1.0096621780694353
2011-09-21,fold_2,2011 US-downgrade + EU debt,0.005439825356006622,1,-0.033042386174201965,-1,-0.033042386174201965,-0.04553168508573435,,,,0,-330.42386174201965,0.013017209246754646,-0.015467620454728603,0.005439825356006622,-2.152660066156558
2011-09-22,fold_2,2011 US-downgrade + EU debt,0.0060896798968315125,1,0.010581832379102707,1,0.010581832379102707,-0.034949852706631646,,,,1,105.81832379102707,0.04362163320183754,0.005583454854786396,0.0060896798968315125,0.6244651039168694
2011-09-23,fold_2,2011 US-downgrade + EU debt,-0.0035965368151664734,-1,0.011567340232431889,1,-0.011567340232431889,-0.046517192939063534,,,,0,-115.67340232431889,0.03654460981488228,-0.031135154888033867,-0.0035965368151664734,0.6922635135380182
2011-09-26,fold_2,2011 US-downgrade + EU debt,0.002612985670566559,1,0.010351460427045822,1,0.010351460427045822,-0.03616573251201771,,,,1,103.51460427045822,0.021769078448414803,-0.06875809282064438,0.002612985670566559,0.647964709418546
2011-09-27,fold_2,2011 US-downgrade + EU debt,0.007024988532066345,1,-0.014925866387784481,-1,-0.014925866387784481,-0.05109159889980219,,,,0,-149.2586638778448,0.015757327899336815,-0.058785609900951385,0.007024988532066345,-0.9999033511891946
2011-09-28,fold_2,2011 US-downgrade + EU debt,0.010203950107097626,1,-0.011991309933364391,-1,-0.011991309933364391,-0.06308290883316658,,,,0,-119.91309933364391,0.014144564047455788,-0.018508419394493103,0.010203950107097626,-0.7875993579204961
2011-09-29,fold_2,2011 US-downgrade + EU debt,0.009826160967350006,1,-0.02613677829504013,-1,-0.02613677829504013,-0.08921968712820671,,,,0,-261.3677829504013,0.010569330304861069,0.010155943222343922,0.009826160967350006,-1.691140593132799
2011-09-30,fold_2,2011 US-downgrade + EU debt,0.008230388164520264,1,-0.02605559676885605,-1,-0.02605559676885605,-0.11527528389706276,,,,0,-260.5559676885605,0.009433774277567863,0.029656758531928062,0.008230388164520264,-1.5890624264028668
2011-10-03,fold_2,2011 US-downgrade + EU debt,0.008202828466892242,1,0.020323943346738815,1,0.020323943346738815,-0.09495134055032395,,,,1,203.23943346738815,0.01040969043970108,0.08971229940652847,0.008202828466892242,1.2264255117918808
2011-10-04,fold_2,2011 US-downgrade + EU debt,0.0063273608684539795,1,0.025351323187351227,1,0.025351323187351227,-0.06960001736297272,,,,1,253.51323187351227,0.009574869647622108,0.07615866512060165,0.0063273608684539795,1.4753303773046933
2011-10-05,fold_2,2011 US-downgrade + EU debt,0.0057593658566474915,1,0.016673052683472633,1,0.016673052683472633,-0.05292696467950009,,,,1,166.73052683472633,0.00769770098850131,0.05576667934656143,0.0057593658566474915,0.9689172428878959
2011-10-06,fold_2,2011 US-downgrade + EU debt,0.006342597305774689,1,-0.006635963451117277,-1,-0.006635963451117277,-0.059562928130617365,,,,0,-66.35963451117277,0.008236482739448547,0.04823896661400795,0.006342597305774689,-0.37753096585769524
2011-10-07,fold_2,2011 US-downgrade + EU debt,0.007999002933502197,1,0.03399994224309921,1,0.03399994224309921,-0.025562985887518153,,,,1,339.9994224309921,0.007628897670656443,0.07326241582632065,0.007999002933502197,2.0109698426755127
2011-10-10,fold_2,2011 US-downgrade + EU debt,0.007623165845870972,1,0.006770310457795858,1,0.006770310457795858,-0.018792675429722294,,,,1,67.70310457795858,0.005960805807262659,0.023672057315707207,0.007623165845870972,0.36958041822768833
2011-10-11,fold_2,2011 US-downgrade + EU debt,0.006104029715061188,1,0.004959336947649717,1,0.004959336947649717,-0.013833338482072577,,,,1,49.59336947649717,0.007055176887661219,0.029220879077911377,0.006104029715061188,0.27339337368955224
2011-10-12,fold_2,2011 US-downgrade + EU debt,0.007309868931770325,1,0.009145340882241726,1,0.009145340882241726,-0.004687997599830851,,,,1,91.45340882241726,0.011104369536042213,0.004759124014526606,0.007309868931770325,0.5110648573448996
2011-10-13,fold_2,2011 US-downgrade + EU debt,0.00698930025100708,1,0.018387483432888985,1,0.018387483432888985,0.013699485833058134,,,,1,183.87483432888985,0.007192977238446474,-0.00932210311293602,0.00698930025100708,1.0383404829196792
2011-10-14,fold_2,2011 US-downgrade + EU debt,0.0028258562088012695,1,-0.015590416267514229,-1,-0.015590416267514229,-0.001890930434456095,,,,0,-155.9041626751423,0.009010892361402512,-0.015241407789289951,0.0028258562088012695,-0.8630311332953978
2011-10-17,fold_2,2011 US-downgrade + EU debt,0.0019587725400924683,1,0.012319132685661316,1,0.012319132685661316,0.01042820225120522,,,,1,123.19132685661316,0.020974159240722656,0.02090400457382202,0.0019587725400924683,0.6695962803549923
2011-10-18,fold_2,2011 US-downgrade + EU debt,0.001757405698299408,1,-0.019502418115735054,-1,-0.019502418115735054,-0.009074215864529833,,,,0,-195.02418115735054,0.005863874685019255,-0.011272321455180645,0.001757405698299408,-1.0498388879697274
2011-10-19,fold_2,2011 US-downgrade + EU debt,-0.0023287907242774963,-1,-0.004935885779559612,-1,0.004935885779559612,-0.004138330084970221,,,,1,49.35885779559612,0.0029770717956125736,0.007008848246186972,-0.0023287907242774963,-0.26431722574440353
2011-10-20,fold_2,2011 US-downgrade + EU debt,-0.0023675188422203064,-1,0.012468178756535053,1,-0.012468178756535053,-0.016606508841505274,,,,0,-124.68178756535053,0.006266159471124411,0.03915964812040329,-0.0023675188422203064,0.7254950301428739
2011-10-21,fold_2,2011 US-downgrade + EU debt,0.0030693262815475464,1,0.02055499702692032,1,0.02055499702692032,0.003948488185415044,,,,1,205.5499702692032,0.004754787776619196,0.028219684958457947,0.0030693262815475464,1.1916707960141402
2011-10-24,fold_2,2011 US-downgrade + EU debt,-0.003420695662498474,-1,-0.019857194274663925,-1,0.019857194274663925,0.02380568246007897,,,,1,198.57194274663925,0.00024502258747816086,-0.009274552576243877,-0.003420695662498474,-1.1242654227451692
2011-10-25,fold_2,2011 US-downgrade + EU debt,0.004028975963592529,1,-0.0012212475994601846,-1,-0.0012212475994601846,0.022584434860618785,,,,0,-12.212475994601846,-0.011188613250851631,-0.01582009345293045,0.004028975963592529,-0.06760576848215083
2011-10-26,fold_2,2011 US-downgrade + EU debt,-0.00034859031438827515,-1,0.027214914560317993,1,-0.027214914560317993,-0.004630479699699208,,,,0,-272.14914560317993,-0.0015703141689300537,-0.006130612455308437,-0.00034859031438827515,1.5327721267443946
2011-10-27,fold_2,2011 US-downgrade + EU debt,-0.00019763410091400146,-1,0.0015282155945897102,1,-0.0015282155945897102,-0.006158695294288918,,,,0,-15.282155945897102,-0.018240392208099365,-0.012826281599700451,-0.00019763410091400146,0.08226495855020724
2011-10-28,fold_2,2011 US-downgrade + EU debt,-0.009625785052776337,-1,-0.01693923957645893,-1,0.01693923957645893,0.010780544282170013,,,,1,169.3923957645893,0.0023608547635376453,-0.019531505182385445,-0.009625785052776337,-0.9604499301628657
2011-10-31,fold_2,2011 US-downgrade + EU debt,0.007470250129699707,1,-0.026402734220027924,-1,-0.026402734220027924,-0.015622189937857911,,,,0,-264.02734220027924,0.00950448028743267,0.004476445727050304,0.007470250129699707,-1.5465390044523744
2011-11-01,fold_2,2011 US-downgrade + EU debt,0.01052284985780716,1,0.008468233048915863,1,0.008468233048915863,-0.007153956888942048,,,,1,84.68233048915863,0.005987599026411772,0.04232337325811386,0.01052284985780716,0.48436570043620525
2011-11-02,fold_2,2011 US-downgrade + EU debt,0.0091409832239151,1,0.02051924541592598,1,0.02051924541592598,0.013365288526983932,,,,1,205.1924541592598,0.007837815210223198,-0.0019340838771313429,0.0091409832239151,1.2326345198031936
2011-11-03,fold_2,2011 US-downgrade + EU debt,-0.00447932630777359,-1,-0.005177008453756571,-1,0.005177008453756571,0.018542296980740502,,,,1,51.77008453756571,0.010379878804087639,-0.022981518879532814,-0.00447932630777359,-0.3070564506044192
2011-11-04,fold_2,2011 US-downgrade + EU debt,-0.003238275647163391,-1,0.007068710867315531,1,-0.007068710867315531,0.011473586113424972,,,,0,-70.68710867315531,0.009967099875211716,0.0008646357455290854,-0.003238275647163391,0.4198931974338946
2011-11-07,fold_2,2011 US-downgrade + EU debt,0.002813562750816345,1,0.011444195173680782,1,0.011444195173680782,0.022917781287105754,,,,1,114.44195173680782,0.008825553581118584,-0.012446429580450058,0.002813562750816345,0.7577434176658022
2011-11-08,fold_2,2011 US-downgrade + EU debt,0.0011351630091667175,1,-0.03578922525048256,-1,-0.03578922525048256,-0.012871443963376805,,,,0,-357.8922525048256,-0.0010738540440797806,-0.012819630093872547,0.0011351630091667175,-2.3478716767528267
2011-11-09,fold_2,2011 US-downgrade + EU debt,0.0042398348450660706,1,-0.0005281896446831524,-1,-0.0005281896446831524,-0.013399633608059958,,,,0,-5.281896446831524,0.016052039340138435,0.006316989194601774,0.0042398348450660706,-0.030743494779457137
2011-11-10,fold_2,2011 US-downgrade + EU debt,-0.004119023680686951,-1,0.018669145181775093,1,-0.018669145181775093,-0.03206877878983505,,,,0,-186.69145181775093,0.008691394701600075,-0.016872424632310867,-0.004119023680686951,1.0943993430677403
2011-11-11,fold_2,2011 US-downgrade + EU debt,-0.0015295147895812988,-1,-0.006242354400455952,-1,0.006242354400455952,-0.0258264243893791,,,,1,62.42354400455952,-0.005183262750506401,-0.04327357932925224,-0.0015295147895812988,-0.3656038217529387
2011-11-14,fold_2,2011 US-downgrade + EU debt,-0.004308275878429413,-1,0.011070994660258293,1,-0.011070994660258293,-0.03689741904963739,,,,0,-110.70994660258293,-0.007192086894065142,-0.056350450962781906,-0.004308275878429413,0.660064405187602
2011-11-15,fold_2,2011 US-downgrade + EU debt,0.013758398592472076,1,-0.016652606427669525,-1,-0.016652606427669525,-0.05355002547730692,,,,0,-166.52606427669525,0.012638190761208534,-0.06411396712064743,0.013758398592472076,-0.9954319296180413
2011-11-16,fold_2,2011 US-downgrade + EU debt,0.006409168243408203,1,-0.023717602714896202,-1,-0.023717602714896202,-0.07726762819220312,,,,0,-237.17602714896202,0.0018619210459291935,-0.07028059661388397,0.006409168243408203,-1.4309837360810318
2011-11-17,fold_2,2011 US-downgrade + EU debt,0.004227139055728912,1,-0.007732008118182421,-1,-0.007732008118182421,-0.08499963631038554,,,,0,-77.32008118182421,0.014843834564089775,-0.05428644269704819,0.004227139055728912,-0.44520972628588534
2011-11-18,fold_2,2011 US-downgrade + EU debt,0.006649337708950043,1,-0.01931922696530819,-1,-0.01931922696530819,-0.10431886327569373,,,,0,-193.1922696530819,0.014281786978244781,-0.012350264005362988,0.006649337708950043,-1.1213304566334896
2011-11-21,fold_2,2011 US-downgrade + EU debt,0.007877819240093231,1,0.003307477105408907,1,0.003307477105408907,-0.10101138617028482,,,,1,33.07477105408907,0.007856670767068863,0.0007365956553258002,0.007877819240093231,0.1927749391665025
2011-11-22,fold_2,2011 US-downgrade + EU debt,0.006913870573043823,1,-0.022819234058260918,-1,-0.022819234058260918,-0.12383062022854574,,,,0,-228.19234058260918,0.008745884522795677,0.03372405469417572,0.006913870573043823,-1.3755493653767066
2011-11-23,fold_2,2011 US-downgrade + EU debt,0.006319031119346619,1,-0.00772344833239913,-1,-0.00772344833239913,-0.13155406856094487,,,,0,-77.2344833239913,0.006122871767729521,0.06343542039394379,0.006319031119346619,-0.4450522951381622
2011-11-25,fold_2,2011 US-downgrade + EU debt,0.006447747349739075,1,0.03420417010784149,1,0.03420417010784149,-0.09734989845310338,,,,1,342.0417010784149,0.005371501203626394,0.06833713501691818,0.006447747349739075,2.0928216108284197
2011-11-28,fold_2,2011 US-downgrade + EU debt,0.006949402391910553,1,-0.006232367362827063,-1,-0.006232367362827063,-0.10358226581593044,,,,0,-62.323673628270626,0.004335080739110708,0.045023635029792786,0.006949402391910553,-0.3454483536275587
2011-11-29,fold_2,2011 US-downgrade + EU debt,0.006301321089267731,1,0.03629493713378906,1,0.03629493713378906,-0.06728732868214138,,,,1,362.9493713378906,0.0029099849052727222,0.048457056283950806,0.006301321089267731,2.051226385858985
2011-11-30,fold_2,2011 US-downgrade + EU debt,0.006777815520763397,1,0.006892128381878138,1,0.006892128381878138,-0.06039520030026324,,,,1,68.92128381878138,0.0026527955196797848,0.012162119150161743,0.006777815520763397,0.37154584442518823
2011-12-01,fold_2,2011 US-downgrade + EU debt,0.00653577595949173,1,-0.002821733010932803,-1,-0.002821733010932803,-0.06321693331119604,,,,0,-28.21733010932803,0.0011339602060616016,-0.011691782623529434,0.00653577595949173,-0.15238429575365461
2011-12-02,fold_2,2011 US-downgrade + EU debt,0.007497780025005341,1,0.010890672914683819,1,0.010890672914683819,-0.052326260396512225,,,,1,108.90672914683819,0.003386730793863535,0.007039838936179876,0.007497780025005341,0.6066935826487395
2011-12-05,fold_2,2011 US-downgrade + EU debt,0.007260054349899292,1,-0.0027989486698061228,-1,-0.0027989486698061228,-0.05512520906631835,,,,0,-27.989486698061228,0.005426871124655008,-0.015138103626668453,0.007260054349899292,-0.15482394903360208
2011-12-06,fold_2,2011 US-downgrade + EU debt,0.0035456568002700806,1,0.0,0,0.0,-0.05512520906631835,,,,0,0.0,0.0075674536637961864,-0.02339749038219452,0.0035456568002700806,0.0
2011-12-07,fold_2,2011 US-downgrade + EU debt,0.0023290812969207764,1,-0.016961773857474327,-1,-0.016961773857474327,-0.07208698292379268,,,,0,-169.61773857474327,0.0113870520144701,-0.039122771471738815,0.0023290812969207764,-0.9509170080754884
2011-12-08,fold_2,2011 US-downgrade + EU debt,0.003557950258255005,1,0.015909889712929726,1,0.015909889712929726,-0.05617709321086295,,,,1,159.09889712929726,0.01727805845439434,-0.024897422641515732,0.003557950258255005,0.9709272968258564
2011-12-09,fold_2,2011 US-downgrade + EU debt,0.004211045801639557,1,-0.011287270113825798,-1,-0.011287270113825798,-0.06746436332468875,,,,0,-112.87270113825798,0.01886545866727829,-0.035672057420015335,0.004211045801639557,-0.6731594202347267
2011-12-12,fold_2,2011 US-downgrade + EU debt,-0.00045737624168395996,-1,-0.01105833426117897,-1,0.01105833426117897,-0.05640602906350978,,,,1,110.5833426117897,0.01796327531337738,-0.03427647426724434,-0.00045737624168395996,-0.6728694141096118
2011-12-13,fold_2,2011 US-downgrade + EU debt,0.005431666970252991,1,-0.015725282952189445,-1,-0.015725282952189445,-0.07213131201569922,,,,0,-157.25282952189445,0.019673645496368408,0.0059900484047830105,0.005431666970252991,-0.9495455651902264
2011-12-14,fold_2,2011 US-downgrade + EU debt,0.006050147116184235,1,-0.002736423397436738,-1,-0.002736423397436738,-0.07486773541313596,,,,0,-27.36423397436738,0.009039314463734627,0.007308221887797117,0.006050147116184235,-0.16338743523011157
2011-12-15,fold_2,2011 US-downgrade + EU debt,0.013103574514389038,1,0.005135253071784973,1,0.005135253071784973,-0.06973248234135099,,,,1,51.35253071784973,0.008804146200418472,0.018533855676651,0.013103574514389038,0.3142684862593917
2011-12-16,fold_2,2011 US-downgrade + EU debt,0.008990354835987091,1,-0.009891687892377377,-1,-0.009891687892377377,-0.07962417023372836,,,,0,-98.91687892377377,0.007823528721928596,0.021994922310113907,0.008990354835987091,-0.6382412654649806
2011-12-19,fold_2,2011 US-downgrade + EU debt,0.007784441113471985,1,0.029208188876509666,1,0.029208188876509666,-0.0504159813572187,,,,1,292.08188876509666,0.006541818846017122,0.03560950607061386,0.007784441113471985,1.8771779916831859
2011-12-20,fold_2,2011 US-downgrade + EU debt,0.00573769211769104,1,-0.014407109469175339,-1,-0.014407109469175339,-0.06482309082639404,,,,0,-144.0710946917534,0.00574290519580245,-0.005223233252763748,0.00573769211769104,-0.8831967265206787
2011-12-21,fold_2,2011 US-downgrade + EU debt,0.0033729001879692078,1,0.008489210158586502,1,0.008489210158586502,-0.056333880667807534,,,,1,84.89210158586502,-0.0005091778002679348,0.016353648155927658,0.0033729001879692078,0.5110574939016249
2011-12-22,fold_2,2011 US-downgrade + EU debt,0.0066241249442100525,1,0.008596319705247879,1,0.008596319705247879,-0.047737560962559655,,,,1,85.96319705247879,0.0005521522834897041,0.005002554971724749,0.0066241249442100525,0.5399180228938677
2011-12-23,fold_2,2011 US-downgrade + EU debt,0.006263524293899536,1,0.0037228951696306467,1,0.0037228951696306467,-0.04401466579292901,,,,1,37.22895169630647,0.0006967182271182537,0.015389706939458847,0.006263524293899536,0.23349997107919782
2011-12-27,fold_2,2011 US-downgrade + EU debt,0.006243988871574402,1,-0.011624548584222794,-1,-0.011624548584222794,-0.0556392143771518,,,,0,-116.24548584222794,0.003345188219100237,0.015876110643148422,0.006243988871574402,-0.8294704762865347
2011-12-28,fold_2,2011 US-downgrade + EU debt,0.004354648292064667,1,0.007169771008193493,1,0.007169771008193493,-0.04846944336895831,,,,1,71.69771008193493,0.0033135120756924152,0.03569252789020538,0.004354648292064667,0.5054421435318919
2011-12-29,fold_2,2011 US-downgrade + EU debt,0.005391143262386322,1,-0.002861881861463189,-1,-0.002861881861463189,-0.0513313252304215,,,,0,-28.61881861463189,0.004896069411188364,0.03198814019560814,0.005391143262386322,-0.24368794404464716
2011-12-30,fold_2,2011 US-downgrade + EU debt,0.0001466125249862671,1,0.018983472138643265,1,0.018983472138643265,-0.032347853091778234,,,,1,189.83472138643265,0.006420253310352564,0.03155828267335892,0.0001466125249862671,1.6280766304793013
2012-01-03,fold_2,2011 US-downgrade + EU debt,-0.0022430196404457092,-1,0.004209298174828291,1,-0.004209298174828291,-0.036557151266606525,,,,0,-42.09298174828291,0.01903839223086834,0.019837142899632454,-0.0022430196404457092,0.3396611501012018
2012-01-04,fold_2,2011 US-downgrade + EU debt,-0.0007197558879852295,-1,0.008191867731511593,1,-0.008191867731511593,-0.04474901899811812,,,,0,-81.91867731511593,0.013644834980368614,0.01769336871802807,-0.0007197558879852295,0.672157943262196
2012-01-05,fold_2,2011 US-downgrade + EU debt,-3.75211238861084e-05,-1,0.0034653828479349613,1,-0.0034653828479349613,-0.04821440184605308,,,,0,-34.65382847934961,0.013613512739539146,0.01344839483499527,-3.75211238861084e-05,0.28154617876989074
2012-01-06,fold_2,2011 US-downgrade + EU debt,0.0010416507720947266,1,-0.0032917384523898363,-1,-0.0032917384523898363,-0.051506140298442915,,,,0,-32.91738452389836,0.011832445859909058,0.00638009374961257,0.0010416507720947266,-0.26690995994171485
2012-01-09,fold_2,2011 US-downgrade + EU debt,-0.003120020031929016,-1,0.0072623323649168015,1,-0.0072623323649168015,-0.05876847266335972,,,,0,-72.62332364916801,0.010697804391384125,0.018740149214863777,-0.003120020031929016,0.6176430054681394
2012-01-10,fold_2,2011 US-downgrade + EU debt,-0.0027288496494293213,-1,0.0020655242260545492,1,-0.0020655242260545492,-0.060833996889414266,,,,0,-20.655242260545492,0.005606365855783224,0.024675680324435234,-0.0027288496494293213,0.18240113183113085
2012-01-11,fold_2,2011 US-downgrade + EU debt,-0.006707027554512024,-1,0.003946894314140081,1,-0.003946894314140081,-0.06478089120355435,,,,0,-39.468943141400814,0.01067696139216423,0.028810633346438408,-0.006707027554512024,0.3572210027434997
2012-01-12,fold_2,2011 US-downgrade + EU debt,-0.00017511099576950073,-1,-0.0036029184702783823,-1,0.0036029184702783823,-0.061177972733275965,,,,1,36.02918470278382,0.014252739027142525,0.023359356448054314,-0.00017511099576950073,-0.33345716869875647
2012-01-13,fold_2,2011 US-downgrade + EU debt,0.004031077027320862,1,0.009068316780030727,1,0.009068316780030727,-0.05210965595324524,,,,1,90.68316780030727,0.018353411927819252,0.027296697720885277,0.004031077027320862,0.8848621991021048
2012-01-17,fold_2,2011 US-downgrade + EU debt,0.007616229355335236,1,0.013197863474488258,1,0.013197863474488258,-0.03891179247875698,,,,1,131.97863474488258,0.020173244178295135,0.01638673059642315,0.007616229355335236,1.2654933739685277
2012-01-18,fold_2,2011 US-downgrade + EU debt,0.007140561938285828,1,0.006200478412210941,1,0.006200478412210941,-0.03271131406654604,,,,1,62.00478412210941,0.013917956501245499,0.015677636489272118,0.007140561938285828,0.5753151595477494
2012-01-19,fold_2,2011 US-downgrade + EU debt,0.007202655076980591,1,-0.0015043833991512656,-1,-0.0015043833991512656,-0.0342156974656973,,,,0,-15.043833991512656,0.009122621268033981,0.005996078252792358,0.007202655076980591,-0.14140463209322943
2012-01-20,fold_2,2011 US-downgrade + EU debt,0.006589673459529877,1,0.0003344228898640722,1,0.0003344228898640722,-0.03388127457583323,,,,1,3.344228898640722,0.01110970601439476,0.010485036298632622,0.006589673459529877,0.039788999324111236
2012-01-23,fold_2,2011 US-downgrade + EU debt,0.0037267878651618958,1,-0.001841651159338653,-1,-0.001841651159338653,-0.035722925735171884,,,,0,-18.41651159338653,0.012659100815653801,0.010978174395859241,0.0037267878651618958,-0.23722331805890484
2012-01-24,fold_2,2011 US-downgrade + EU debt,0.006299473345279694,1,0.012488769367337227,1,0.012488769367337227,-0.023234156367834657,,,,1,124.88769367337227,0.014844221994280815,0.014142458327114582,0.006299473345279694,1.6565615210635705
2012-01-25,fold_2,2011 US-downgrade + EU debt,0.004350550472736359,1,-0.0034810793586075306,-1,-0.0034810793586075306,-0.026715235726442188,,,,0,-34.810793586075306,0.013524124398827553,0.009716147556900978,0.004350550472736359,-0.44592694704213065
2012-01-26,fold_2,2011 US-downgrade + EU debt,0.00487886369228363,1,0.0029845747631043196,1,0.0029845747631043196,-0.02373066096333787,,,,1,29.845747631043196,0.015826499089598656,0.01630597747862339,0.00487886369228363,0.38259811683906547
2012-01-27,fold_2,2011 US-downgrade + EU debt,0.0033641085028648376,1,0.000827561307232827,1,0.000827561307232827,-0.02290309965610504,,,,1,8.27561307232827,0.017408529296517372,0.026951424777507782,0.0033641085028648376,0.11205640185162051
2012-01-30,fold_2,2011 US-downgrade + EU debt,0.005606070160865784,1,0.0013226325390860438,1,0.0013226325390860438,-0.021580467117018998,,,,1,13.226325390860438,0.01798764243721962,0.025317996740341187,0.005606070160865784,0.18340650606887668
2012-01-31,fold_2,2011 US-downgrade + EU debt,0.0026006847620010376,1,0.008062458597123623,1,0.008062458597123623,-0.013518008519895375,,,,1,80.62458597123623,0.016613997519016266,0.026089711114764214,0.0026006847620010376,1.1214809968773007
2012-02-01,fold_2,2011 US-downgrade + EU debt,0.0054633840918540955,1,0.003108750795945525,1,0.003108750795945525,-0.01040925772394985,,,,1,31.08750795945525,0.01710832305252552,0.023324616253376007,0.0054633840918540955,0.5116638443727852
2012-02-02,fold_2,2011 US-downgrade + EU debt,0.0037661269307136536,1,0.01363002136349678,1,0.01363002136349678,0.003220763639546931,,,,1,136.3002136349678,0.009001361206173897,0.027394801378250122,0.0037661269307136536,2.2556782061599634
2012-02-03,fold_2,2011 US-downgrade + EU debt,0.0025013983249664307,1,-0.0008058656821958721,-1,-0.0008058656821958721,0.0024148979573510587,,,,0,-8.05865682195872,0.010613534599542618,0.006745867431163788,0.0025013983249664307,-0.12369304079839814
2012-02-06,fold_2,2011 US-downgrade + EU debt,0.006773121654987335,1,0.0020943458657711744,1,0.0020943458657711744,0.004509243823122233,,,,1,20.943458657711744,0.012978015467524529,0.01679355278611183,0.006773121654987335,0.3236356149482816
2012-02-07,fold_2,2011 US-downgrade + EU debt,0.0048011913895606995,1,0.005297363270074129,1,0.005297363270074129,0.009806607093196362,,,,1,52.97363270074129,0.014627894386649132,0.01723337359726429,0.0048011913895606995,0.8217622714312218
2012-02-08,fold_2,2011 US-downgrade + EU debt,0.004370398819446564,1,0.0071789356879889965,1,0.0071789356879889965,0.01698554278118536,,,,1,71.78935687988997,0.01376008428633213,0.004950869362801313,0.004370398819446564,1.130556543370586
2012-02-09,fold_2,2011 US-downgrade + EU debt,0.003214515745639801,1,-0.007018911652266979,-1,-0.007018911652266979,0.00996663112891838,,,,0,-70.18911652266979,0.012648124247789383,0.01137989480048418,0.003214515745639801,-1.074317083326856
2012-02-10,fold_2,2011 US-downgrade + EU debt,0.0036653876304626465,1,0.009241819381713867,1,0.009241819381713867,0.019208450510632247,,,,1,92.41819381713867,0.01552121527493,0.015250276774168015,0.0036653876304626465,1.3874465085316885
2012-02-13,fold_2,2011 US-downgrade + EU debt,0.0036606788635253906,1,0.00253416714258492,1,0.00253416714258492,0.021742617653217167,,,,1,25.3416714258492,0.01222846657037735,0.00884240958839655,0.0036606788635253906,0.3658105560002509
2012-02-14,fold_2,2011 US-downgrade + EU debt,0.0016702860593795776,1,-0.006985141430050135,-1,-0.006985141430050135,0.014757476223167032,,,,0,-69.85141430050135,0.008587272837758064,0.001738892518915236,0.0016702860593795776,-1.0506623351197235
2012-02-15,fold_2,2011 US-downgrade + EU debt,-0.0017175599932670593,-1,0.013607961125671864,1,-0.013607961125671864,0.0011495150974951684,,,,0,-136.07961125671864,0.009355295449495316,0.015335114672780037,-0.0017175599932670593,2.209520931384703
2012-02-16,fold_2,2011 US-downgrade + EU debt,0.0009043216705322266,1,-0.003148529212921858,-1,-0.003148529212921858,-0.0019990141154266894,,,,0,-31.48529212921858,0.0066473945043981075,0.005172334145754576,0.0009043216705322266,-0.4679680087542468
2012-02-17,fold_2,2011 US-downgrade + EU debt,-0.0009957924485206604,-1,0.0028339524287730455,1,-0.0028339524287730455,-0.004832966544199735,,,,0,-28.339524287730455,0.0048596509732306,0.009727438911795616,-0.0009957924485206604,0.41944385103734144
2012-02-21,fold_2,2011 US-downgrade + EU debt,-0.0004039555788040161,-1,-0.004569350276142359,-1,0.004569350276142359,-0.00026361626805737615,,,,1,45.69350276142359,0.004379344638437033,0.016990341246128082,-0.0004039555788040161,-0.6733801069912754
2012-02-22,fold_2,2011 US-downgrade + EU debt,0.001509830355644226,1,0.006611080374568701,1,0.006611080374568701,0.006347464106511325,,,,1,66.11080374568701,0.006886698771268129,0.01706789620220661,0.001509830355644226,0.9651470783620054
2012-02-23,fold_2,2011 US-downgrade + EU debt,0.0010010674595832825,1,0.003445180831477046,1,0.003445180831477046,0.00979264493798837,,,,1,34.45180831477046,0.002058228012174368,0.018343226984143257,0.0010010674595832825,0.5360447494646549
2012-02-24,fold_2,2011 US-downgrade + EU debt,0.0011411234736442566,1,0.001406575320288539,1,0.001406575320288539,0.01119922025827691,,,,1,14.06575320288539,0.0048894877545535564,0.014127819798886776,0.0011411234736442566,0.21888569425971233
2012-02-27,fold_2,2011 US-downgrade + EU debt,-0.001439906656742096,-1,0.010096855461597443,1,-0.010096855461597443,0.001102364796679467,,,,0,-100.96855461597443,0.0070699830539524555,0.002339030848816037,-0.001439906656742096,1.5778658998156045
2012-02-28,fold_2,2011 US-downgrade + EU debt,0.003448769450187683,1,-0.004491796251386404,-1,-0.004491796251386404,-0.003389431454706937,,,,0,-44.91796251386404,0.006181912962347269,-0.01761925034224987,0.003448769450187683,-0.662199871345816
2012-02-29,fold_2,2011 US-downgrade + EU debt,-0.0009808838367462158,-1,0.007886411622166634,1,-0.007886411622166634,-0.01127584307687357,,,,0,-78.86411622166634,0.004338064696639776,-0.005449074786156416,-0.0009808838367462158,1.151179852539622
2012-03-01,fold_2,2011 US-downgrade + EU debt,-0.002087794244289398,-1,-0.0007702261791564524,-1,0.0007702261791564524,-0.010505616897717118,,,,1,7.702261791564524,0.0036968509666621685,-0.0026220991276204586,-0.002087794244289398,-0.1125984819999919
2012-03-02,fold_2,2011 US-downgrade + EU debt,-0.0012623444199562073,-1,-0.0103822136297822,-1,0.0103822136297822,-0.0001234032679349184,,,,1,103.822136297822,0.003528451081365347,0.0023094317875802517,-0.0012623444199562073,-1.5251736877537474
2012-03-05,fold_2,2011 US-downgrade + EU debt,-0.001975633203983307,-1,-0.009861424565315247,-1,0.009861424565315247,0.009738021297380328,,,,1,98.61424565315247,0.005474428180605173,0.013153144158422947,-0.001975633203983307,-1.5137589597575667
2012-03-06,fold_2,2011 US-downgrade + EU debt,-0.0010946914553642273,-1,0.007678378373384476,1,-0.007678378373384476,0.0020596429239958525,,,,0,-76.78378373384476,0.00796688161790371,0.04144495725631714,-0.0010946914553642273,1.1168153240786654
2012-03-07,fold_2,2011 US-downgrade + EU debt,-0.003837995231151581,-1,0.010713387280702591,1,-0.010713387280702591,-0.008653744356706738,,,,0,-107.13387280702591,0.010114410892128944,0.037231557071208954,-0.003837995231151581,1.5151388808677082
2012-03-08,fold_2,2011 US-downgrade + EU debt,-0.003311827778816223,-1,0.004161304794251919,1,-0.004161304794251919,-0.012815049150958657,,,,0,-41.61304794251919,0.006012015510350466,0.029371794313192368,-0.003311827778816223,0.5645424096506517
2012-03-09,fold_2,2011 US-downgrade + EU debt,-0.003937996923923492,-1,0.0004614990612026304,1,-0.0004614990612026304,-0.013276548212161288,,,,0,-4.614990612026304,0.006924919318407774,0.024503981694579124,-0.003937996923923492,0.06361889606810102
2012-03-12,fold_2,2011 US-downgrade + EU debt,-0.005670525133609772,-1,0.01843038946390152,1,-0.01843038946390152,-0.03170693767606281,,,,0,-184.3038946390152,0.005483459215611219,0.03108314424753189,-0.005670525133609772,2.602040314567907
2012-03-13,fold_2,2011 US-downgrade + EU debt,-0.0036919042468070984,-1,0.0034649777226150036,1,-0.0034649777226150036,-0.03517191539867781,,,,0,-34.649777226150036,-0.006071156356483698,0.01444236095994711,-0.0036919042468070984,0.43695195041424706
2012-03-14,fold_2,2011 US-downgrade + EU debt,-0.002317391335964203,-1,0.0028536233585327864,1,-0.0028536233585327864,-0.0380255387572106,,,,0,-28.536233585327864,-0.0016928580589592457,0.011126581579446793,-0.002317391335964203,0.35906071161865233
2012-03-15,fold_2,2011 US-downgrade + EU debt,-0.0014761164784431458,-1,-0.0007065081736072898,-1,0.0007065081736072898,-0.03731903058360331,,,,1,7.065081736072898,0.003263310994952917,0.006184988189488649,-0.0014761164784431458,-0.09036301955303956
2012-03-16,fold_2,2011 US-downgrade + EU debt,-0.00032326579093933105,-1,0.007040662225335836,1,-0.007040662225335836,-0.044359692808939144,,,,0,-70.40662225335836,0.0064778015948832035,0.006294159684330225,-0.00032326579093933105,0.9773428193550118
2012-03-19,fold_2,2011 US-downgrade + EU debt,-0.00122910737991333,-1,0.0017896058270707726,1,-0.0017896058270707726,-0.04614929863600992,,,,0,-17.896058270707726,0.007459043059498072,0.016580747440457344,-0.00122910737991333,0.24380827020648896
2012-03-20,fold_2,2011 US-downgrade + EU debt,-0.00031910091638565063,-1,0.0001491978910053149,1,-0.0001491978910053149,-0.04629849652701523,,,,0,-1.4919789100531489,0.010281719267368317,0.01625809818506241,-0.00031910091638565063,0.020371779229221194
2012-03-21,fold_2,2011 US-downgrade + EU debt,-0.0013004690408706665,-1,-0.002087969798594713,-1,0.002087969798594713,-0.04421052672842052,,,,1,20.879697985947132,0.013112351298332214,0.01214273739606142,-0.0013004690408706665,-0.2879080999137984
2012-03-22,fold_2,2011 US-downgrade + EU debt,0.0008957833051681519,1,-0.0005973368533886969,-1,-0.0005973368533886969,-0.044807863581809215,,,,0,-5.973368533886969,0.010204268619418144,0.010396905243396759,0.0008957833051681519,-0.0839512847838132
2012-03-23,fold_2,2011 US-downgrade + EU debt,-7.889419794082642e-05,-1,0.01732725091278553,1,-0.01732725091278553,-0.062135114494594745,,,,0,-173.2725091278553,0.012076986953616142,0.009071050211787224,-7.889419794082642e-05,2.4491804812367133
2012-03-26,fold_2,2011 US-downgrade + EU debt,0.0014733374118804932,1,0.001466956571675837,1,0.001466956571675837,-0.06066815792291891,,,,1,14.66956571675837,0.011409996077418327,0.0020533644128590822,0.0014733374118804932,0.18200350488989153
2012-03-27,fold_2,2011 US-downgrade + EU debt,-0.0002796277403831482,-1,-0.003966162912547588,-1,0.003966162912547588,-0.05670199501037132,,,,1,39.66162912547588,0.006700841244310141,0.0002936256059911102,-0.0002796277403831482,-0.5121378390983127
2012-03-28,fold_2,2011 US-downgrade + EU debt,0.0013562440872192383,1,-0.0038338019512593746,-1,-0.0038338019512593746,-0.060535796961630695,,,,0,-38.338019512593746,0.00835505686700344,-0.0094646867364645,0.0013562440872192383,-0.49596645392931077
2012-03-29,fold_2,2011 US-downgrade + EU debt,0.0008868426084518433,1,-0.001923191943205893,-1,-0.001923191943205893,-0.06245898890483659,,,,0,-19.23191943205893,0.006717529613524675,0.000590998271945864,0.0008868426084518433,-0.2538937655513964
2014-01-15,fold_3,Taper tantrum and 2014 H1,0.001210145652294159,1,0.0001126616625697352,1,0.0001126616625697352,0.0001126616625697352,,,,1,1.126616625697352,0.0012164730578660965,0.0012436264660209417,0.001210145652294159,0.013950900778237539
2014-01-16,fold_3,Taper tantrum and 2014 H1,0.002307698130607605,1,-0.005673323292285204,-1,-0.005673323292285204,-0.005560661629715469,,,,0,-56.73323292285204,0.002450887579470873,-0.01873062178492546,0.002307698130607605,-0.7035983118439286
2014-01-17,fold_3,Taper tantrum and 2014 H1,0.006643921136856079,1,0.007595003116875887,1,0.007595003116875887,0.002034341487160418,,,,1,75.95003116875887,0.005951168481260538,-0.022787921130657196,0.006643921136856079,0.9809625016845549
2014-01-21,fold_3,Taper tantrum and 2014 H1,0.005641236901283264,1,0.002594240242615342,1,0.002594240242615342,0.00462858172977576,,,,1,25.94240242615342,0.00025596609339118004,-0.03096586838364601,0.005641236901283264,0.32830651915834724
2014-01-22,fold_3,Taper tantrum and 2014 H1,0.0011304616928100586,1,-0.003384955460205674,-1,-0.003384955460205674,0.0012436262695700862,,,,0,-33.84955460205674,0.006223756354302168,-0.04433417320251465,0.0011304616928100586,-0.44583861680612996
2014-01-23,fold_3,Taper tantrum and 2014 H1,0.005447275936603546,1,-0.019861586391925812,-1,-0.019861586391925812,-0.018617960122355726,,,,0,-198.61586391925812,0.010068675503134727,-0.022632019594311714,0.005447275936603546,-2.7349038759462183
2014-01-24,fold_3,Taper tantrum and 2014 H1,0.006744839251041412,1,-0.009730622172355652,-1,-0.009730622172355652,-0.028348582294711377,,,,0,-97.30622172355652,0.014448694884777069,-0.00543285021558404,0.006744839251041412,-1.1431654320502362
2014-01-27,fold_3,Taper tantrum and 2014 H1,0.0004768744111061096,1,-0.000582944368943572,-1,-0.000582944368943572,-0.02893152666365495,,,,0,-5.82944368943572,0.011391537263989449,-0.01892089657485485,0.0004768744111061096,-0.06658835206544884
2014-01-28,fold_3,Taper tantrum and 2014 H1,0.005403995513916016,1,-0.010774065740406513,-1,-0.010774065740406513,-0.03970559240406146,,,,0,-107.74065740406513,0.011838875710964203,-0.01100925076752901,0.005403995513916016,-1.2330962221756665
2014-01-29,fold_3,Taper tantrum and 2014 H1,0.002915218472480774,1,0.018317200243473053,1,0.018317200243473053,-0.02138839216058841,,,,1,183.17200243473053,0.012038173153996468,-0.002829657169058919,0.002915218472480774,2.022355057104581
2014-01-30,fold_3,Taper tantrum and 2014 H1,0.005083255469799042,1,-0.002662418410181999,-1,-0.002662418410181999,-0.02405081057077041,,,,0,-26.624184101819992,0.009123988449573517,-0.008475491777062416,0.005083255469799042,-0.27074895491327616
2014-01-31,fold_3,Taper tantrum and 2014 H1,0.004262916743755341,1,-0.0232186671346426,-1,-0.0232186671346426,-0.04726947770541301,,,,0,-232.186671346426,0.008043704554438591,0.011868431232869625,0.004262916743755341,-2.3954371602570377
2014-02-03,fold_3,Taper tantrum and 2014 H1,0.006539352238178253,1,0.00732870027422905,1,0.00732870027422905,-0.03994077743118396,,,,1,73.2870027422905,0.009496407583355904,0.04079838842153549,0.006539352238178253,0.6738547334707149
2014-02-04,fold_3,Taper tantrum and 2014 H1,0.007248051464557648,1,-0.0025944721419364214,-1,-0.0025944721419364214,-0.04253524957312038,,,,0,-25.944721419364214,0.00862063281238079,0.044794484972953796,0.007248051464557648,-0.2365624843890007
2014-02-05,fold_3,Taper tantrum and 2014 H1,0.005126938223838806,1,0.012671365402638912,1,0.012671365402638912,-0.02986388417048147,,,,1,126.71365402638912,0.007340347860008478,0.04930127039551735,0.005126938223838806,1.1746588584135984
2014-02-06,fold_3,Taper tantrum and 2014 H1,0.004711143672466278,1,0.017681505531072617,1,0.017681505531072617,-0.012182378639408853,,,,1,176.81505531072617,0.007280039135366678,0.044020943343639374,0.004711143672466278,1.586847935678539
2014-02-07,fold_3,Taper tantrum and 2014 H1,0.005798086524009705,1,0.005711291451007128,1,0.005711291451007128,-0.006471087188401725,,,,1,57.11291451007128,0.006513789761811495,0.02834596298635006,0.005798086524009705,0.4840179030918917
2014-02-10,fold_3,Taper tantrum and 2014 H1,0.0056585147976875305,1,0.01132479403167963,1,0.01132479403167963,0.004853706843277905,,,,1,113.2479403167963,0.005557406228035688,0.027522001415491104,0.0056585147976875305,0.9559290777305137
2014-02-11,fold_3,Taper tantrum and 2014 H1,0.004160702228546143,1,0.0019123154925182462,1,0.0019123154925182462,0.006766022335796151,,,,1,19.12315492518246,0.005550981964915991,0.009303354658186436,0.004160702228546143,0.1641730970530303
2014-02-12,fold_3,Taper tantrum and 2014 H1,0.0023881271481513977,1,0.007391038816422224,1,0.007391038816422224,0.014157061152218375,,,,1,73.91038816422224,0.003670834470540285,0.012065837159752846,0.0023881271481513977,0.6803320448787504
2014-02-13,fold_3,Taper tantrum and 2014 H1,0.0006118342280387878,1,0.002006523311138153,1,0.002006523311138153,0.01616358446335653,,,,1,20.06523311138153,0.004205599892884493,0.003341410309076309,0.0006118342280387878,0.18518020522137435
2014-02-14,fold_3,Taper tantrum and 2014 H1,-0.005827873945236206,-1,0.004887329414486885,1,-0.004887329414486885,0.011276255048869643,,,,0,-48.87329414486885,0.0023978915996849537,0.006658549886196852,-0.005827873945236206,0.4506622092338748
2014-02-18,fold_3,Taper tantrum and 2014 H1,-0.003917165100574493,-1,-0.006893852725625038,-1,0.006893852725625038,0.01817010777449468,,,,1,68.93852725625038,0.0033972286619246006,0.0006642256048507988,-0.003917165100574493,-0.6368089736087781
2014-02-19,fold_3,Taper tantrum and 2014 H1,-0.0019804686307907104,-1,0.004674798343330622,1,-0.004674798343330622,0.01349530943116406,,,,0,-46.74798343330622,0.005745076108723879,0.006672346033155918,-0.0019804686307907104,0.4327661199719058
2014-02-20,fold_3,Taper tantrum and 2014 H1,0.002856507897377014,1,-0.0013333880342543125,-1,-0.0013333880342543125,0.012161921396909747,,,,0,-13.333880342543125,0.0068817357532680035,0.008464290760457516,0.002856507897377014,-0.12303941265819411
2014-02-21,fold_3,Taper tantrum and 2014 H1,0.0006076321005821228,1,0.005323662888258696,1,0.005323662888258696,0.017485584285168443,,,,1,53.236628882586956,0.007556322496384382,0.008691264316439629,0.0006076321005821228,0.49226051732137377
2014-02-24,fold_3,Taper tantrum and 2014 H1,-0.00014566630125045776,-1,-0.001106994808651507,-1,0.001106994808651507,0.01859257909381995,,,,1,11.069948086515069,0.007430239114910364,-0.00407614978030324,-0.00014566630125045776,-0.11145365394766149
2014-02-25,fold_3,Taper tantrum and 2014 H1,0.00036778301000595093,1,-0.000885732239112258,-1,-0.000885732239112258,0.017706846854707692,,,,0,-8.85732239112258,0.00824953056871891,0.009663728065788746,0.00036778301000595093,-0.09136686309462048
2014-02-26,fold_3,Taper tantrum and 2014 H1,-0.00047803670167922974,-1,0.006466743536293507,1,-0.006466743536293507,0.011240103318414185,,,,0,-64.66743536293507,0.007540693040937185,0.013298643752932549,-0.00047803670167922974,0.6669918548421834
2014-02-27,fold_3,Taper tantrum and 2014 H1,0.0005277916789054871,1,-0.0011064147111028433,-1,-0.0011064147111028433,0.010133688607311342,,,,0,-11.064147111028433,0.006121851969510317,0.005953503772616386,0.0005277916789054871,-0.1164405687605777
2014-02-28,fold_3,Taper tantrum and 2014 H1,-0.0008755922317504883,-1,-0.007443751208484173,-1,0.007443751208484173,0.017577439815795515,,,,1,74.43751208484173,0.008243095129728317,0.002101438818499446,-0.0008755922317504883,-0.8678280809274966
2014-03-03,fold_3,Taper tantrum and 2014 H1,-0.0007921680808067322,-1,0.0126328831538558,1,-0.0126328831538558,0.004944556661939714,,,,0,-126.328831538558,0.009288046509027481,0.010427766479551792,-0.0007921680808067322,1.449198935767308
2014-03-04,fold_3,Taper tantrum and 2014 H1,-0.0008639991283416748,-1,0.002749183913692832,1,-0.002749183913692832,0.002195372748246882,,,,0,-27.49183913692832,0.009413633495569229,-0.006517944857478142,-0.0008639991283416748,0.36409727286672033
2014-03-05,fold_3,Taper tantrum and 2014 H1,-0.0014822930097579956,-1,-0.000878396793268621,-1,0.000878396793268621,0.003073769541515503,,,,1,8.78396793268621,0.008662039414048195,-0.00550622446462512,-0.0014822930097579956,-0.11876164717620236
2014-03-06,fold_3,Taper tantrum and 2014 H1,-0.0004002898931503296,-1,-0.004958479665219784,-1,0.004958479665219784,0.008032249206735287,,,,1,49.58479665219784,0.01196480356156826,-0.018862556666135788,-0.0004002898931503296,-0.6722333900953021
2014-03-07,fold_3,Taper tantrum and 2014 H1,0.00047156959772109985,1,0.0008825759869068861,1,0.0008825759869068861,0.008914825193642173,,,,1,8.825759869068861,0.014355294406414032,-0.020760266110301018,0.00047156959772109985,0.1279116911000885
2014-03-10,fold_3,Taper tantrum and 2014 H1,-0.002023071050643921,-1,-0.004312828183174133,-1,0.004312828183174133,0.013227653376816306,,,,1,43.12828183174133,0.009893959388136864,-0.012884118594229221,-0.002023071050643921,-0.7622219523205848
2014-03-11,fold_3,Taper tantrum and 2014 H1,-0.001147449016571045,-1,0.0037609043065458536,1,-0.0037609043065458536,0.009466749070270453,,,,0,-37.609043065458536,0.011074041947722435,0.003430252429097891,-0.001147449016571045,0.6720760088848108
2014-03-12,fold_3,Taper tantrum and 2014 H1,-0.0003074333071708679,-1,-0.01423472911119461,-1,0.01423472911119461,0.023701478181465063,,,,1,142.3472911119461,0.01278541050851345,-0.00575813977047801,-0.0003074333071708679,-2.812872408524843
2014-03-13,fold_3,Taper tantrum and 2014 H1,-0.0008394792675971985,-1,-0.006856187712401152,-1,0.006856187712401152,0.030557665893866215,,,,1,68.56187712401152,0.011883124709129333,0.01124925073236227,-0.0008394792675971985,-1.1497802921245706
2014-03-14,fold_3,Taper tantrum and 2014 H1,-0.004395022988319397,-1,0.008758722804486752,1,-0.008758722804486752,0.021798943089379463,,,,0,-87.58722804486752,0.012051990255713463,0.005999579560011625,-0.004395022988319397,1.4767679021712654
2014-03-17,fold_3,Taper tantrum and 2014 H1,0.0015045180916786194,1,0.012001542374491692,1,0.012001542374491692,0.033800485463871155,,,,1,120.01542374491692,0.0101084616035223,-0.011562190018594265,0.0015045180916786194,1.926450667269544
2014-03-18,fold_3,Taper tantrum and 2014 H1,-0.0021629631519317627,-1,-0.005427488125860691,-1,0.005427488125860691,0.039227973589731846,,,,1,54.27488125860691,0.004379002843052149,-0.020281963050365448,-0.0021629631519317627,-0.8107154202653549
2014-03-19,fold_3,Taper tantrum and 2014 H1,-0.0008477494120597839,-1,0.0027726609259843826,1,-0.0027726609259843826,0.03645531266374746,,,,0,-27.726609259843826,0.006484856363385916,-0.02781808003783226,-0.0008477494120597839,0.41839638687375774
2014-03-20,fold_3,Taper tantrum and 2014 H1,-0.005160868167877197,-1,-0.012105858884751797,-1,0.012105858884751797,0.04856117154849926,,,,1,121.05858884751797,-0.00011242693290114403,-0.03621464595198631,-0.005160868167877197,-1.8416946564998837
2014-03-21,fold_3,Taper tantrum and 2014 H1,-0.0012486279010772705,-1,-0.008803046308457851,-1,0.008803046308457851,0.05736421785695711,,,,1,88.03046308457851,0.00026789307594299316,-0.02215406857430935,-0.0012486279010772705,-1.239424755320805
2014-03-24,fold_3,Taper tantrum and 2014 H1,0.0014361292123794556,1,0.003281768411397934,1,0.003281768411397934,0.060645986268355045,,,,1,32.81768411397934,0.00617934251204133,-0.0062537225894629955,0.0014361292123794556,0.4511965566791618
2014-03-25,fold_3,Taper tantrum and 2014 H1,-0.0033029988408088684,-1,-0.012963604182004929,-1,0.012963604182004929,0.07360959045035997,,,,1,129.6360418200493,0.01057460717856884,0.00787755660712719,-0.0033029988408088684,-1.7743265739366645
2014-03-26,fold_3,Taper tantrum and 2014 H1,-0.0036462098360061646,-1,-0.005623903591185808,-1,0.005623903591185808,0.07923349404154578,,,,1,56.23903591185808,0.0020381477661430836,0.02341604046523571,-0.0036462098360061646,-0.7157141756594412
2014-03-27,fold_3,Taper tantrum and 2014 H1,-0.00223589688539505,-1,0.0019547175616025925,1,-0.0019547175616025925,0.07727877647994319,,,,0,-19.547175616025925,-0.0023662890307605267,0.02107001282274723,-0.00223589688539505,0.24979581633408446
2014-03-28,fold_3,Taper tantrum and 2014 H1,0.0032593682408332825,1,0.0070972987450659275,1,0.0070972987450659275,0.08437607522500912,,,,1,70.97298745065928,0.0023408173583447933,-0.007842288352549076,0.0032593682408332825,0.9060127079641355
2014-03-31,fold_3,Taper tantrum and 2014 H1,0.002107568085193634,1,0.017413048073649406,1,0.017413048073649406,0.10178912329865852,,,,1,174.13048073649406,0.0043238927610218525,-0.0244788508862257,0.002107568085193634,2.2274561662872308
2014-04-01,fold_3,Taper tantrum and 2014 H1,0.005000121891498566,1,0.0025748794432729483,1,0.0025748794432729483,0.10436400274193147,,,,1,25.748794432729483,0.0057157776318490505,-0.03270028531551361,0.005000121891498566,0.31157741244076076
2014-04-02,fold_3,Taper tantrum and 2014 H1,0.005726829171180725,1,-0.007969930768013,-1,-0.007969930768013,0.09639407197391847,,,,0,-79.69930768013,0.006580085959285498,-0.018278267234563828,0.005726829171180725,-0.9647420670863133
2014-04-03,fold_3,Taper tantrum and 2014 H1,0.005788050591945648,1,-0.02695758268237114,-1,-0.02695758268237114,0.06943648929154733,,,,0,-269.5758268237114,0.010037397965788841,-0.04177101328969002,0.005788050591945648,-3.1906397371676727
2014-04-04,fold_3,Taper tantrum and 2014 H1,0.00426492840051651,1,-0.009539262391626835,-1,-0.009539262391626835,0.0598972268999205,,,,0,-95.39262391626835,0.008837101981043816,-0.026514969766139984,0.00426492840051651,-0.9243960077394551
2014-04-07,fold_3,Taper tantrum and 2014 H1,0.0018161684274673462,1,0.009191613644361496,1,0.009191613644361496,0.069088840544282,,,,1,91.91613644361496,0.010191606357693672,-0.00915968231856823,0.0018161684274673462,0.8724212064864433
2014-04-08,fold_3,Taper tantrum and 2014 H1,0.0010710060596466064,1,0.016996895894408226,1,0.016996895894408226,0.08608573643869022,,,,1,169.96895894408226,0.007585367653518915,-0.015053289011120796,0.0010710060596466064,1.5898401667635498
2014-04-09,fold_3,Taper tantrum and 2014 H1,0.0027411356568336487,1,-0.03146267682313919,-1,-0.03146267682313919,0.05462305961555103,,,,0,-314.6267682313919,0.006183918099850416,-0.018851255998015404,0.0027411356568336487,-2.7805663507372933
2014-04-10,fold_3,Taper tantrum and 2014 H1,0.00472644716501236,1,-0.01170154195278883,-1,-0.01170154195278883,0.0429215176627622,,,,0,-117.0154195278883,0.009473588317632675,0.012843403033912182,0.00472644716501236,-0.9044168442628483
2014-04-11,fold_3,Taper tantrum and 2014 H1,0.005925662815570831,1,0.007816024124622345,1,0.007816024124622345,0.050737541787384544,,,,1,78.16024124622345,0.007678933907300234,0.031941864639520645,0.005925662815570831,0.5961510368720718
2014-04-14,fold_3,Taper tantrum and 2014 H1,0.006004936993122101,1,0.0032980076503008604,1,0.0032980076503008604,0.054035549437685404,,,,1,32.980076503008604,0.0049923439510166645,0.0320403128862381,0.006004936993122101,0.25212227676228055
2014-04-15,fold_3,Taper tantrum and 2014 H1,0.00572330504655838,1,0.013198929838836193,1,0.013198929838836193,0.0672344792765216,,,,1,131.98929838836193,0.006586750503629446,0.01990613155066967,0.00572330504655838,1.029239149505944
2014-04-16,fold_3,Taper tantrum and 2014 H1,0.006600134074687958,1,0.0002319830673513934,1,0.0002319830673513934,0.06746646234387299,,,,1,2.319830673513934,0.007494720164686441,0.016228817403316498,0.006600134074687958,0.017704409515367756
2014-04-17,fold_3,Taper tantrum and 2014 H1,0.00681024044752121,1,0.007396920118480921,1,0.007396920118480921,0.07486338246235391,,,,1,73.96920118480921,0.005738659296184778,-0.00011613046081038192,0.00681024044752121,0.5651443196261554
2014-04-21,fold_3,Taper tantrum and 2014 H1,0.006854124367237091,1,0.007914471440017223,1,0.007914471440017223,0.08277785390237113,,,,1,79.14471440017223,0.0043882993049919605,-0.004269872326403856,0.006854124367237091,0.6129573868021266
2014-04-22,fold_3,Taper tantrum and 2014 H1,0.0074754878878593445,1,-0.008836171589791775,-1,-0.008836171589791775,0.07394168231257936,,,,0,-88.36171589791775,0.006284480448812246,-0.004236620385199785,0.0074754878878593445,-0.685870461320646
2014-04-23,fold_3,Taper tantrum and 2014 H1,0.007982522249221802,1,0.009521614760160446,1,0.009521614760160446,0.0834632970727398,,,,1,95.21614760160446,0.007205244619399309,0.007235391531139612,0.007982522249221802,0.7316941727822702
2014-04-24,fold_3,Taper tantrum and 2014 H1,0.00674767792224884,1,-0.01611296460032463,-1,-0.01611296460032463,0.06735033247241518,,,,0,-161.1296460032463,0.008605804294347763,0.0006843045121058822,0.00674767792224884,-1.252605071352228
2014-04-25,fold_3,Taper tantrum and 2014 H1,0.005789525806903839,1,0.0032431783620268106,1,0.0032431783620268106,0.07059351083444199,,,,1,32.43178362026811,0.0030580521561205387,0.01497045811265707,0.005789525806903839,0.2438609425001167
2014-04-28,fold_3,Taper tantrum and 2014 H1,0.005234129726886749,1,0.00794772244989872,1,0.00794772244989872,0.0785412332843407,,,,1,79.4772244989872,0.009569685906171799,0.016970984637737274,0.005234129726886749,0.5970399685811895
2014-04-29,fold_3,Taper tantrum and 2014 H1,0.012768983840942383,1,0.0026358403265476227,1,0.0026358403265476227,0.08117707361088833,,,,1,26.358403265476227,-0.0014147725887596607,-0.004023039247840643,0.012768983840942383,0.19765020906525657
2014-04-30,fold_3,Taper tantrum and 2014 H1,0.006829597055912018,1,0.002970527159050107,1,0.002970527159050107,0.08414760076993844,,,,1,29.70527159050107,-4.5664142817258835e-05,-0.00954312551766634,0.006829597055912018,0.2326464559028697
2014-05-01,fold_3,Taper tantrum and 2014 H1,0.0074678510427474976,1,-0.0018268103012815118,-1,-0.0018268103012815118,0.08232079046865692,,,,0,-18.268103012815118,-0.02263236790895462,-0.013438626192510128,0.0074678510427474976,-0.14302445624634064
2014-05-02,fold_3,Taper tantrum and 2014 H1,0.003328852355480194,1,0.005243705119937658,1,0.005243705119937658,0.08756449558859458,,,,1,52.43705119937658,-0.020483382046222687,-0.007918200455605984,0.003328852355480194,0.41437903964715017
2014-05-05,fold_3,Taper tantrum and 2014 H1,0.008965149521827698,1,-0.013046301901340485,-1,-0.013046301901340485,0.0745181936872541,,,,0,-130.46301901340485,-0.014686113223433495,0.003178476123139262,0.008965149521827698,-1.1660932572157228
2014-05-06,fold_3,Taper tantrum and 2014 H1,-0.005432821810245514,-1,-0.002884245477616787,-1,0.002884245477616787,0.07740243916487088,,,,1,28.84245477616787,0.009276213124394417,0.016904594376683235,-0.005432821810245514,-0.25381310969980364
2014-05-07,fold_3,Taper tantrum and 2014 H1,-0.0040797218680381775,-1,-0.0009249738068319857,-1,0.0009249738068319857,0.07832741297170287,,,,1,9.249738068319857,0.016889235004782677,0.01456519030034542,-0.0040797218680381775,-0.08262502824968634
2014-05-08,fold_3,Taper tantrum and 2014 H1,-0.006576478481292725,-1,0.003693615784868598,1,-0.003693615784868598,0.07463379718683427,,,,0,-36.93615784868598,0.002692124340683222,0.00760283088311553,-0.006576478481292725,0.3507050202758788
2014-05-09,fold_3,Taper tantrum and 2014 H1,0.0075574517250061035,1,0.016340382397174835,1,0.016340382397174835,0.09097417958400911,,,,1,163.40382397174835,0.014272212982177734,0.010429514572024345,0.0075574517250061035,2.073398925339283
2014-05-12,fold_3,Taper tantrum and 2014 H1,9.498000144958496e-05,1,0.0006798167596571147,1,0.0006798167596571147,0.09165399634366622,,,,1,6.798167596571147,0.018044767901301384,0.0010198835516348481,9.498000144958496e-05,0.08207038410880037
2014-05-13,fold_3,Taper tantrum and 2014 H1,0.004123106598854065,1,-0.005223650485277176,-1,-0.005223650485277176,0.08643034585838905,,,,0,-52.23650485277176,-0.0015226760879158974,-0.00328986463136971,0.004123106598854065,-0.6450313470035096
2014-05-14,fold_3,Taper tantrum and 2014 H1,-0.00425199419260025,-1,-0.007887332700192928,-1,0.007887332700192928,0.09431767855858197,,,,1,78.87332700192928,0.005804972257465124,0.011433972977101803,-0.00425199419260025,-0.9679146831549944
2014-05-15,fold_3,Taper tantrum and 2014 H1,-0.002029731869697571,-1,0.006520299706608057,1,-0.006520299706608057,0.08779737885197392,,,,0,-65.20299706608057,0.008516434580087662,0.023701516911387444,-0.002029731869697571,0.8361923425833073
2014-05-16,fold_3,Taper tantrum and 2014 H1,0.003167547285556793,1,0.0069307503290474415,1,0.0069307503290474415,0.09472812918102136,,,,1,69.30750329047441,0.02778148092329502,0.02443923056125641,0.003167547285556793,0.8737077739859721
2014-05-19,fold_3,Taper tantrum and 2014 H1,-0.0036823228001594543,-1,-0.0036299314815551043,-1,0.0036299314815551043,0.09835806066257646,,,,1,36.29931481555104,0.028273286297917366,0.029892729595303535,-0.0036823228001594543,-0.45881738372934977
2014-05-20,fold_3,Taper tantrum and 2014 H1,0.0029902979731559753,1,0.009500186890363693,1,0.009500186890363693,0.10785824755294016,,,,1,95.00186890363693,0.03771724924445152,0.03044099360704422,0.0029902979731559753,1.225258190591561
2014-05-21,fold_3,Taper tantrum and 2014 H1,0.0036700591444969177,1,0.004380210768431425,1,0.004380210768431425,0.11223845832137158,,,,1,43.80210768431425,0.026883775368332863,0.027313604950904846,0.0036700591444969177,0.5620858252523185
2014-05-22,fold_3,Taper tantrum and 2014 H1,-0.006193988025188446,-1,0.007258014287799597,1,-0.007258014287799597,0.10498044403357198,,,,0,-72.58014287799597,0.010875293985009193,0.023042934015393257,-0.006193988025188446,0.9600542360580507
2014-05-23,fold_3,Taper tantrum and 2014 H1,-0.004400148987770081,-1,0.012384248897433281,1,-0.012384248897433281,0.0925961951361387,,,,0,-123.84248897433281,0.014742806553840637,0.014798999764025211,-0.004400148987770081,1.8101637895137987
2014-05-27,fold_3,Taper tantrum and 2014 H1,1.814216375350952e-05,1,-0.0030816674698144197,-1,-0.0030816674698144197,0.08951452766632428,,,,0,-30.816674698144197,0.014954665675759315,0.0019759966526180506,1.814216375350952e-05,-0.4195607894926704
2014-05-28,fold_3,Taper tantrum and 2014 H1,-0.005935057997703552,-1,0.006372798699885607,1,-0.006372798699885607,0.08314172896643868,,,,0,-63.72798699885607,0.012656476348638535,0.008779807947576046,-0.005935057997703552,0.8900581927586882
2014-05-29,fold_3,Taper tantrum and 2014 H1,-0.0021514147520065308,-1,0.00010953944001812488,1,-0.00010953944001812488,0.08303218952642055,,,,0,-1.0953944001812488,0.01131252571940422,0.010785252787172794,-0.0021514147520065308,0.015053706886225565
2014-05-30,fold_3,Taper tantrum and 2014 H1,0.000868380069732666,1,-0.0009859201963990927,-1,-0.0009859201963990927,0.08204626933002146,,,,0,-9.859201963990927,0.008257528766989708,0.01640191674232483,0.000868380069732666,-0.13605960599780215
2014-06-02,fold_3,Taper tantrum and 2014 H1,-0.0016200095415115356,-1,-0.00043875392293557525,-1,0.00043875392293557525,0.08248502325295703,,,,1,4.3875392293557525,0.00920630618929863,0.016633290797472,-0.0016200095415115356,-0.060617508986671356
2014-06-03,fold_3,Taper tantrum and 2014 H1,0.0013934746384620667,1,0.003722143592312932,1,0.003722143592312932,0.08620716684526997,,,,1,37.22143592312932,0.010407963767647743,0.018795523792505264,0.0013934746384620667,0.52107920808085
2014-06-04,fold_3,Taper tantrum and 2014 H1,0.0029147490859031677,1,0.008378244005143642,1,0.008378244005143642,0.09458541085041361,,,,1,83.78244005143642,0.011327279731631279,0.014858423732221127,0.0029147490859031677,1.2746072309545615
2014-06-05,fold_3,Taper tantrum and 2014 H1,0.0014242902398109436,1,0.005726202856749296,1,0.005726202856749296,0.1003116137071629,,,,1,57.26202856749296,0.010229865089058876,-0.002603821223601699,0.0014242902398109436,0.841536314923747
2014-06-06,fold_3,Taper tantrum and 2014 H1,-6.788969039916992e-05,-1,-0.0007545453845523298,-1,0.0007545453845523298,0.10106615909171524,,,,1,7.545453845523298,0.010559307411313057,-0.005401598289608955,-6.788969039916992e-05,-0.1090258095653863
2014-06-09,fold_3,Taper tantrum and 2014 H1,0.001441866159439087,1,0.0017234788974747062,1,0.0017234788974747062,0.10278963798918994,,,,1,17.23478897474706,0.011300206184387207,-0.0037802942097187042,0.001441866159439087,0.2507459024618815
2014-06-10,fold_3,Taper tantrum and 2014 H1,2.71722674369812e-05,1,-0.00021495713735930622,-1,-0.00021495713735930622,0.10257468085183064,,,,0,-2.149571373593062,0.008263355121016502,-0.004963437560945749,2.71722674369812e-05,-0.036842175568203905
2014-06-11,fold_3,Taper tantrum and 2014 H1,-0.0008609369397163391,-1,-0.009084000252187252,-1,0.009084000252187252,0.11165868110401789,,,,1,90.84000252187252,0.008041007444262505,0.0008610818767920136,-0.0008609369397163391,-1.557411019774264
2014-06-12,fold_3,Taper tantrum and 2014 H1,-0.0012773498892784119,-1,0.0029284260235726833,1,-0.0029284260235726833,0.1087302550804452,,,,0,-29.284260235726833,0.008008092641830444,0.009298957884311676,-0.0012773498892784119,0.48285032094804403
2014-06-13,fold_3,Taper tantrum and 2014 H1,0.0015661641955375671,1,0.0008667586953379214,1,0.0008667586953379214,0.10959701377578313,,,,1,8.667586953379214,0.010809820145368576,0.007546482607722282,0.0015661641955375671,0.1484276600289527
2014-06-16,fold_3,Taper tantrum and 2014 H1,0.00035455822944641113,1,0.0005403357790783048,1,0.0005403357790783048,0.11013734955486143,,,,1,5.403357790783048,0.00930776260793209,0.006895371712744236,0.00035455822944641113,0.09549964981027752
2014-06-17,fold_3,Taper tantrum and 2014 H1,0.0005402937531471252,1,0.005609562154859304,1,0.005609562154859304,0.11574691170972073,,,,1,56.095621548593044,0.00772778270766139,0.005384569056332111,0.0005402937531471252,1.0306115744567852
2014-06-18,fold_3,Taper tantrum and 2014 H1,0.0012004226446151733,1,-0.000646124710328877,-1,-0.000646124710328877,0.11510078699939186,,,,0,-6.46124710328877,0.00654644938185811,0.006119376048445702,0.0012004226446151733,-0.11691776295906459
2014-06-19,fold_3,Taper tantrum and 2014 H1,-0.0013664960861206055,-1,0.001175950514152646,1,-0.001175950514152646,0.11392483648523921,,,,0,-11.75950514152646,0.0014929911121726036,0.007301395758986473,-0.0013664960861206055,0.2304085862318534
2014-06-20,fold_3,Taper tantrum and 2014 H1,-0.0025105997920036316,-1,0.0002156479167751968,1,-0.0002156479167751968,0.11370918856846401,,,,0,-2.156479167751968,0.0006323358975350857,0.010508253239095211,-0.0025105997920036316,0.04299375123078296
2014-06-23,fold_3,Taper tantrum and 2014 H1,-0.0008553564548492432,-1,-0.0009704668773338199,-1,0.0009704668773338199,0.11467965544579783,,,,1,9.704668773338199,-0.00038011232390999794,0.011997771449387074,-0.0008553564548492432,-0.20447154155560207
2014-06-24,fold_3,Taper tantrum and 2014 H1,-0.00037880241870880127,-1,0.006344369146972895,1,-0.006344369146972895,0.10833528629882494,,,,0,-63.44369146972895,0.0018381611444056034,0.023876363411545753,-0.00037880241870880127,1.643309511582408
2014-06-25,fold_3,Taper tantrum and 2014 H1,-0.005531184375286102,-1,0.0005358947673812509,1,-0.0005358947673812509,0.10779939153144369,,,,0,-5.358947673812509,0.005811248440295458,0.019215893000364304,-0.005531184375286102,0.13215691458243795
2014-06-26,fold_3,Taper tantrum and 2014 H1,-0.0034984201192855835,-1,0.00438280776143074,1,-0.00438280776143074,0.10341658377001295,,,,0,-43.828077614307404,0.0021949768997728825,0.024969423189759254,-0.0034984201192855835,1.1539035577103673
2014-06-27,fold_3,Taper tantrum and 2014 H1,-0.003924652934074402,-1,0.0017051667673513293,1,-0.0017051667673513293,0.10171141700266162,,,,0,-17.051667673513293,0.006097743753343821,0.01755196787416935,-0.003924652934074402,0.4347071467681163
2014-06-30,fold_3,Taper tantrum and 2014 H1,-0.00040919333696365356,-1,0.010908124968409538,1,-0.010908124968409538,0.09080329203425208,,,,0,-109.08124968409538,0.009505858644843102,0.0037202120292931795,-0.00040919333696365356,2.7721612507452202
2014-07-01,fold_3,Taper tantrum and 2014 H1,-0.0010903999209403992,-1,0.0016838997835293412,1,-0.0016838997835293412,0.08911939225072274,,,,0,-16.838997835293412,0.00856032595038414,0.0002107195177813992,-0.0010903999209403992,0.36381104072122655
2014-07-02,fold_3,Taper tantrum and 2014 H1,-0.0017258524894714355,-1,0.00628942484036088,1,-0.00628942484036088,0.08282996741036186,,,,0,-62.8942484036088,0.008168622851371765,-0.0046371459029614925,-0.0017258524894714355,1.3766643287193563
2014-07-03,fold_3,Taper tantrum and 2014 H1,-0.0019554048776626587,-1,-0.0030346480198204517,-1,0.0030346480198204517,0.08586461543018231,,,,1,30.346480198204517,0.007217226084321737,-0.004503125324845314,-0.0019554048776626587,-0.6900461447877146
2014-07-07,fold_3,Taper tantrum and 2014 H1,-0.002422153949737549,-1,-0.012126589193940163,-1,0.012126589193940163,0.09799120462412247,,,,1,121.26589193940163,0.010329967364668846,0.004496706649661064,-0.002422153949737549,-2.8455543192125514
2014-07-08,fold_3,Taper tantrum and 2014 H1,-0.0013157501816749573,-1,0.007398632355034351,1,-0.007398632355034351,0.09059257226908812,,,,0,-73.98632355034351,0.014906464144587517,0.013173858635127544,-0.0013157501816749573,1.4655670883826315
2014-07-09,fold_3,Taper tantrum and 2014 H1,-0.0015739873051643372,-1,-0.0031639656517654657,-1,0.0031639656517654657,0.09375653792085359,,,,1,31.639656517654657,0.015645040199160576,0.00974604208022356,-0.0015739873051643372,-0.5971461092102441
2014-07-10,fold_3,Taper tantrum and 2014 H1,-0.0013826042413711548,-1,0.006423445418477058,1,-0.006423445418477058,0.08733309250237653,,,,0,-64.23445418477058,0.01629576086997986,-0.0004228194011375308,-0.0013826042413711548,1.2017025952140485
2014-07-11,fold_3,Taper tantrum and 2014 H1,-0.00045195966958999634,-1,0.0059651839546859264,1,-0.0059651839546859264,0.0813679085476906,,,,0,-59.651839546859264,0.015161264687776566,0.008882122114300728,-0.00045195966958999634,1.1585792441699563
2014-07-14,fold_3,Taper tantrum and 2014 H1,-0.0017862841486930847,-1,-0.003449437441304326,-1,0.003449437441304326,0.08481734598899493,,,,1,34.49437441304326,0.015472395345568657,0.0016677516978234053,-0.0017862841486930847,-0.6535234140812817
2014-07-15,fold_3,Taper tantrum and 2014 H1,-0.0018893629312515259,-1,0.003970816265791655,1,-0.003970816265791655,0.08084652972320328,,,,0,-39.708162657916546,0.013808555901050568,0.01145125925540924,-0.0018893629312515259,0.7448884330714018
2014-07-16,fold_3,Taper tantrum and 2014 H1,-0.0025131478905677795,-1,-0.013332827016711235,-1,0.013332827016711235,0.09417935673991451,,,,1,133.32827016711235,0.009606974199414253,0.013877581804990768,-0.0025131478905677795,-2.467743478875805
2014-07-17,fold_3,Taper tantrum and 2014 H1,-0.003778815269470215,-1,0.015728386119008064,1,-0.015728386119008064,0.07845097062090645,,,,0,-157.28386119008064,0.010268131271004677,0.026078633964061737,-0.003778815269470215,2.603183061654549
2014-07-18,fold_3,Taper tantrum and 2014 H1,-0.0036010071635246277,-1,-0.0012491863453760743,-1,0.0012491863453760743,0.07970015696628252,,,,1,12.491863453760743,0.012036038562655449,0.006429646164178848,-0.0036010071635246277,-0.17872204598867492
2014-07-21,fold_3,Taper tantrum and 2014 H1,-0.0021797865629196167,-1,0.006334070116281509,1,-0.006334070116281509,0.07336608685000101,,,,0,-63.340701162815094,0.013271637260913849,0.007989144884049892,-0.0021797865629196167,0.9061378421587718
2014-07-22,fold_3,Taper tantrum and 2014 H1,-0.0034889504313468933,-1,0.00639713928103447,1,-0.00639713928103447,0.06696894756896654,,,,0,-63.971392810344696,0.01350419782102108,-0.00010333875979995355,-0.0034889504313468933,0.8969545824667564
2014-07-23,fold_3,Taper tantrum and 2014 H1,-0.0042268335819244385,-1,-0.0011317766038700938,-1,0.0011317766038700938,0.06810072417283664,,,,1,11.317766038700938,0.01129862666130066,-0.002574207494035363,-0.0042268335819244385,-0.15565918702123097
2014-07-24,fold_3,Taper tantrum and 2014 H1,-0.00643303245306015,-1,-0.003920600283890963,-1,0.003920600283890963,0.0720213244567276,,,,1,39.206002838909626,0.003683845978230238,-0.021860044449567795,-0.00643303245306015,-0.5494414230069968
2014-07-25,fold_3,Taper tantrum and 2014 H1,-0.0044172778725624084,-1,0.0003103120543528348,1,-0.0003103120543528348,0.07171101240237476,,,,0,-3.103120543528348,0.007305222097784281,-0.021629933267831802,-0.0044172778725624084,0.04316926421390465
2014-07-28,fold_3,Taper tantrum and 2014 H1,-0.001530960202217102,-1,-0.001758413389325142,-1,0.001758413389325142,0.0734694257916999,,,,1,17.58413389325142,0.013130014762282372,-0.015097670257091522,-0.001530960202217102,-0.24691679954321788
2014-07-29,fold_3,Taper tantrum and 2014 H1,-0.0041167885065078735,-1,0.003926270641386509,1,-0.003926270641386509,0.0695431551503134,,,,0,-39.26270641386509,0.008171463385224342,-0.02102711983025074,-0.0041167885065078735,0.5512776424635283
2014-07-30,fold_3,Taper tantrum and 2014 H1,-0.004133746027946472,-1,-0.02041761204600334,-1,0.02041761204600334,0.08996076719631674,,,,1,204.17612046003342,0.007776274811476469,-0.025693856179714203,-0.004133746027946472,-3.0253746553661913
2014-07-31,fold_3,Taper tantrum and 2014 H1,-0.0011014118790626526,-1,-0.003690489800646901,-1,0.003690489800646901,0.09365125699696364,,,,1,36.90489800646901,0.009897364303469658,-0.008454873226583004,-0.0011014118790626526,-0.4534157647166218
2014-08-01,fold_3,Taper tantrum and 2014 H1,-0.0030565261840820312,-1,0.0068425750359892845,1,-0.0068425750359892845,0.08680868196097435,,,,0,-68.42575035989285,0.00929579883813858,0.0024269213899970055,-0.0030565261840820312,0.8490340969905606
2014-08-04,fold_3,Taper tantrum and 2014 H1,-0.002311520278453827,-1,-0.007687862496823072,-1,0.007687862496823072,0.09449654445779743,,,,1,76.87862496823072,0.004349400755017996,0.001467795460484922,-0.002311520278453827,-0.9404013445423478
2014-08-05,fold_3,Taper tantrum and 2014 H1,-0.00024379044771194458,-1,-0.0007404669304378331,-1,0.0007404669304378331,0.09523701138823526,,,,1,7.404669304378331,0.009106693789362907,0.008736382238566875,-0.00024379044771194458,-0.0937116027863874
2014-08-06,fold_3,Taper tantrum and 2014 H1,0.0031601116061210632,1,-0.00317862955853343,-1,-0.00317862955853343,0.09205838182970183,,,,0,-31.7862955853343,0.01205853745341301,0.02000616118311882,0.0031601116061210632,-0.41130322963078586
2014-08-07,fold_3,Taper tantrum and 2014 H1,0.0031988024711608887,1,0.007191305048763752,1,0.007191305048763752,0.09924968687846558,,,,1,71.91305048763752,0.00913827121257782,0.028356796130537987,0.0031988024711608887,0.9304928116568347
2014-08-08,fold_3,Taper tantrum and 2014 H1,0.005218155682086945,1,0.005883449222892523,1,0.005883449222892523,0.1051331361013581,,,,1,58.83449222892523,0.008093275129795074,0.02600216120481491,0.005218155682086945,0.757958197237931
2014-08-11,fold_3,Taper tantrum and 2014 H1,0.004852414131164551,1,-0.0004192753112874925,-1,-0.0004192753112874925,0.10471386079007061,,,,0,-4.192753112874925,0.007503992412239313,0.02778947539627552,0.004852414131164551,-0.05403648788866629
2014-08-12,fold_3,Taper tantrum and 2014 H1,0.00471939891576767,1,0.010529312305152416,1,0.010529312305152416,0.11524317309522303,,,,1,105.29312305152416,0.007431881967931986,0.03379705175757408,0.00471939891576767,1.363679603234186
2014-08-13,fold_3,Taper tantrum and 2014 H1,0.005414105951786041,1,0.0051720053888857365,1,0.0051720053888857365,0.12041517848410876,,,,1,51.720053888857365,0.005359326023608446,0.02326774038374424,0.005414105951786041,0.6446265908960627
2014-08-14,fold_3,Taper tantrum and 2014 H1,0.004911504685878754,1,0.004836669657379389,1,0.004836669657379389,0.12525184814148815,,,,1,48.36669657379389,0.004099367652088404,0.020119888707995415,0.004911504685878754,0.6416355422554882
2014-08-15,fold_3,Taper tantrum and 2014 H1,0.001502111554145813,1,0.007670763414353132,1,0.007670763414353132,0.13292261155584129,,,,1,76.70763414353132,0.005472386721521616,0.016798965632915497,0.001502111554145813,1.135661916793589
2014-08-18,fold_3,Taper tantrum and 2014 H1,-0.0016460791230201721,-1,0.005588300991803408,1,-0.005588300991803408,0.12733431056403788,,,,0,-55.88300991803408,-0.0011660880409181118,0.012655028142035007,-0.0016460791230201721,0.8025449421832442
2014-08-19,fold_3,Taper tantrum and 2014 H1,-0.005587652325630188,-1,0.0,0,-0.0,0.12733431056403788,,,,0,-0.0,-0.001035931520164013,0.008072314783930779,-0.005587652325630188,0.0
2014-08-20,fold_3,Taper tantrum and 2014 H1,-0.003242865204811096,-1,0.0020241537131369114,1,-0.0020241537131369114,0.12531015685090097,,,,0,-20.241537131369114,0.0019269543699920177,0.008273630402982235,-0.003242865204811096,0.2984589132808147
2014-08-21,fold_3,Taper tantrum and 2014 H1,0.0014768391847610474,1,0.0015157470479607582,1,0.0015157470479607582,0.12682590389886172,,,,1,15.157470479607582,0.004824837204068899,0.005143505055457354,0.0014768391847610474,0.22315366394154962
2014-08-22,fold_3,Taper tantrum and 2014 H1,-0.003782831132411957,-1,0.00352682638913393,1,-0.00352682638913393,0.1232990775097278,,,,0,-35.2682638913393,0.006750121247023344,0.007342625875025988,-0.003782831132411957,0.5229497782812355
2014-08-25,fold_3,Taper tantrum and 2014 H1,-0.0006101652979850769,-1,0.0010055879829451442,1,-0.0010055879829451442,0.12229348952678265,,,,0,-10.055879829451442,0.008634911850094795,0.00671806838363409,-0.0006101652979850769,0.14810494098229504
2014-08-26,fold_3,Taper tantrum and 2014 H1,-0.0007082074880599976,-1,0.0002013150224229321,1,-0.0002013150224229321,0.12209217450435972,,,,0,-2.013150224229321,0.008808882907032967,-0.00020076821965631098,-0.0007082074880599976,0.029683580416780462
2014-08-27,fold_3,Taper tantrum and 2014 H1,0.0013562962412834167,1,-0.0011059711687266827,-1,-0.0011059711687266827,0.12098620333563304,,,,0,-11.059711687266827,0.01015515811741352,-0.0013072571018710732,0.0013562962412834167,-0.16445378893942256
2014-08-28,fold_3,Taper tantrum and 2014 H1,-0.0006335675716400146,-1,0.0037148678675293922,1,-0.0037148678675293922,0.11727133546810364,,,,0,-37.14867867529392,0.010837115347385406,0.004816656932234764,-0.0006335675716400146,0.7513692050723919
2014-08-29,fold_3,Taper tantrum and 2014 H1,0.0004563555121421814,1,0.002902268897742033,1,0.002902268897742033,0.12017360436584568,,,,1,29.02268897742033,0.01104930229485035,0.0030023581348359585,0.0004563555121421814,0.5869045800932715
2014-09-02,fold_3,Taper tantrum and 2014 H1,-0.0010191500186920166,-1,-0.005913248751312494,-1,0.005913248751312494,0.12608685311715817,,,,1,59.13248751312494,0.013412531465291977,-0.008227802813053131,-0.0010191500186920166,-1.2456932093143112
2014-09-03,fold_3,Taper tantrum and 2014 H1,3.926455974578857e-06,1,-0.0009051738306879997,-1,-0.0009051738306879997,0.12518167928647017,,,,0,-9.051738306879997,0.013045305386185646,0.005913248751312494,3.926455974578857e-06,-0.19600618181372603
2014-09-04,fold_3,Taper tantrum and 2014 H1,0.0005322098731994629,1,0.005017942748963833,1,0.005017942748963833,0.130199622035434,,,,1,50.17942748963833,0.015063492581248283,0.0060186004266142845,0.0005322098731994629,1.0862393282937621
2014-09-05,fold_3,Taper tantrum and 2014 H1,-3.441423177719116e-05,-1,0.0019005690701305866,1,-0.0019005690701305866,0.12829905296530342,,,,0,-19.005690701305866,0.012725124135613441,-0.004112768918275833,-3.441423177719116e-05,0.40433892746950595
2014-09-08,fold_3,Taper tantrum and 2014 H1,-0.0020227208733558655,-1,-0.008327892050147057,-1,0.008327892050147057,0.13662694501545047,,,,1,83.27892050147057,0.013029167428612709,-0.01571054756641388,-0.0020227208733558655,-1.8768245623151516
2014-09-09,fold_3,Taper tantrum and 2014 H1,0.000650458037853241,1,0.008227802813053131,1,0.008227802813053131,0.1448547478285036,,,,1,82.27802813053131,0.01326143927872181,0.001308427657932043,0.000650458037853241,1.777519263451231
2014-09-10,fold_3,Taper tantrum and 2014 H1,0.0008043646812438965,1,-0.0007998223882168531,-1,-0.0007998223882168531,0.14405492544028675,,,,0,-7.998223882168531,0.012803049758076668,-0.00541094271466136,0.0008043646812438965,-0.16060189297344188
2014-09-11,fold_3,Taper tantrum and 2014 H1,-0.0011209100484848022,-1,-0.005113426595926285,-1,0.005113426595926285,0.14916835203621304,,,,1,51.13426595926285,0.008466070517897606,0.0028961822390556335,-0.0011209100484848022,-1.1642305984975365
2014-09-12,fold_3,Taper tantrum and 2014 H1,-0.0029201358556747437,-1,-0.009697210043668747,-1,0.009697210043668747,0.15886556207988178,,,,1,96.97210043668747,0.012030119076371193,0.007389549165964127,-0.0029201358556747437,-2.2095975746885537
2014-09-15,fold_3,Taper tantrum and 2014 H1,0.0004274621605873108,1,0.008691084571182728,1,0.008691084571182728,0.1675566466510645,,,,1,86.91084571182728,0.01864631474018097,0.00774153508245945,0.0004274621605873108,1.8204422697855847
2014-09-16,fold_3,Taper tantrum and 2014 H1,-0.0026257336139678955,-1,0.0015084322076290846,1,-0.0015084322076290846,0.16604821444343543,,,,0,-15.084322076290846,0.017373070120811462,-0.003679014276713133,-0.0026257336139678955,0.3103262284268353
2014-09-17,fold_3,Taper tantrum and 2014 H1,-0.0021290406584739685,-1,0.0075073023326694965,1,-0.0075073023326694965,0.15854091211076593,,,,0,-75.07302332669497,0.012114863842725754,0.005486177280545235,-0.0021290406584739685,1.594067302481406
2014-09-18,fold_3,Taper tantrum and 2014 H1,-0.0011443793773651123,-1,-0.0006200594361871481,-1,0.0006200594361871481,0.15916097154695308,,,,1,6.200594361871481,0.008632875978946686,-0.0232794601470232,-0.0011443793773651123,-0.12401778789185415
2014-09-19,fold_3,Taper tantrum and 2014 H1,-0.0030046552419662476,-1,-0.009345224127173424,-1,0.009345224127173424,0.1685061956741265,,,,1,93.45224127173424,0.006543469149619341,-0.012074689380824566,-0.0030046552419662476,-1.876112941336521
2014-09-22,fold_3,Taper tantrum and 2014 H1,-0.004202403128147125,-1,-0.002729465253651142,-1,0.002729465253651142,0.17123566092777764,,,,1,27.29465253651142,0.0026377872563898563,-0.0040466017089784145,-0.004202403128147125,-0.5062925958727779
2014-09-23,fold_3,Taper tantrum and 2014 H1,-0.0019093677401542664,-1,0.010673623532056808,1,-0.010673623532056808,0.16056203739572084,,,,0,-106.73623532056808,0.00030881399288773537,0.00010115558688994497,-0.0019093677401542664,1.9884172085794183
2014-09-24,fold_3,Taper tantrum and 2014 H1,-0.0004418715834617615,-1,-0.021258333697915077,-1,0.021258333697915077,0.1818203710936359,,,,1,212.58333697915077,0.002979439217597246,-0.026695234701037407,-0.0004418715834617615,-3.6213541307532724
2014-09-25,fold_3,Taper tantrum and 2014 H1,-0.0006744489073753357,-1,0.010584711097180843,1,-0.010584711097180843,0.17123565999645507,,,,0,-105.84711097180843,0.011860668659210205,-0.005436900071799755,-0.0006744489073753357,1.4013167095476196
2014-09-26,fold_3,Taper tantrum and 2014 H1,-4.5709311962127686e-05,-1,-0.0013171363389119506,-1,0.0013171363389119506,0.17255279633536702,,,,1,13.171363389119506,0.014485342428088188,-0.0061947559006512165,-4.5709311962127686e-05,-0.1664801500173341
2014-09-29,fold_3,Taper tantrum and 2014 H1,0.00025869905948638916,1,0.0014182919403538108,1,0.0014182919403538108,0.17397108827572083,,,,1,14.182919403538108,0.013536807149648666,-0.007019097916781902,0.00025869905948638916,0.1801359166050565
2015-09-15,fold_4,China devaluation and oil crash,0.004871457815170288,1,0.005618483759462833,1,0.005618483759462833,0.005618483759462833,,,,1,56.184837594628334,0.004172127228230238,-0.02026941254734993,0.004871457815170288,0.2423541223530864
2015-09-16,fold_4,China devaluation and oil crash,0.0053883567452430725,1,0.00037324512959457934,1,0.00037324512959457934,0.005991728889057413,,,,1,3.7324512959457934,0.002669616136699915,-0.025119448080658913,0.0053883567452430725,0.01609604162384066
2015-09-17,fold_4,China devaluation and oil crash,0.00415879487991333,1,-0.014325105585157871,-1,-0.014325105585157871,-0.008333376696100459,,,,0,-143.2510558515787,0.0030840332619845867,-0.02914709784090519,0.00415879487991333,-0.6190175770752189
2015-09-18,fold_4,China devaluation and oil crash,0.0029920265078544617,1,0.0031276640947908163,1,0.0031276640947908163,-0.005205712601309642,,,,1,31.276640947908163,0.0021061846055090427,-0.023336129263043404,0.0029920265078544617,0.13899245747091407
2015-09-21,fold_4,China devaluation and oil crash,0.003798156976699829,1,-0.015063699334859848,-1,-0.015063699334859848,-0.02026941193616949,,,,0,-150.63699334859848,0.0018781009130179882,-0.055345356464385986,0.003798156976699829,-0.746687887394059
2015-09-22,fold_4,China devaluation and oil crash,0.0031486451625823975,1,0.0007684477022849023,1,0.0007684477022849023,-0.019500964233884588,,,,1,7.684477022849023,0.0043142144568264484,-0.04549579694867134,0.0031486451625823975,0.04159180316692615
2015-09-23,fold_4,China devaluation and oil crash,0.0030253827571868896,1,-0.003654405241832137,-1,-0.003654405241832137,-0.023155369475716725,,,,0,-36.54405241832137,0.007035108748823404,-0.02350310981273651,0.0030253827571868896,-0.19798969234792727
2015-09-24,fold_4,China devaluation and oil crash,0.005048185586929321,1,-0.00851413607597351,-1,-0.00851413607597351,-0.031669505551690236,,,,0,-85.14136075973511,0.004540293011814356,-0.015338551253080368,0.005048185586929321,-0.5731943020936433
2015-09-25,fold_4,China devaluation and oil crash,0.0056313201785087585,1,-0.028881562873721123,-1,-0.028881562873721123,-0.06055106842541136,,,,0,-288.8156287372112,0.005611903499811888,0.010535220615565777,0.0056313201785087585,-2.07910398068912
2015-09-28,fold_4,China devaluation and oil crash,0.0072023943066596985,1,-0.005214141681790352,-1,-0.005214141681790352,-0.06576521010720171,,,,0,-52.14141681790352,0.006894287187606096,0.053640756756067276,0.0072023943066596985,-0.34036847806668635
2015-09-29,fold_4,China devaluation and oil crash,0.006112329661846161,1,0.022761136293411255,1,0.022761136293411255,-0.043004073813790455,,,,1,227.61136293411255,0.006014822516590357,0.05410434678196907,0.006112329661846161,1.5065800472282846
2015-09-30,fold_4,China devaluation and oil crash,0.005993448197841644,1,0.004510152153670788,1,0.004510152153670788,-0.03849392166011967,,,,1,45.10152153670788,0.0031354823149740696,0.03732498735189438,0.005993448197841644,0.31597404724577227
2015-10-01,fold_4,China devaluation and oil crash,0.005792684853076935,1,0.01735963486135006,1,0.01735963486135006,-0.021134286798769608,,,,1,173.5963486135006,0.0019541853107511997,0.036783184856176376,0.005792684853076935,1.3470453856996372
2015-10-02,fold_4,China devaluation and oil crash,0.006925053894519806,1,0.014223971404135227,1,0.014223971404135227,-0.006910315394634381,,,,1,142.23971404135227,0.0020800107158720493,0.02393958531320095,0.006925053894519806,1.0603778627484988
2015-10-05,fold_4,China devaluation and oil crash,0.006368555128574371,1,-0.0047505502589046955,-1,-0.0047505502589046955,-0.011660865653539076,,,,0,-47.505502589046955,0.0014947191812098026,0.012153252959251404,0.006368555128574371,-0.3512746338909319
2015-10-06,fold_4,China devaluation and oil crash,0.005639038980007172,1,0.005981777794659138,1,0.005981777794659138,-0.005679087858879939,,,,1,59.81777794659138,0.002562370616942644,0.010421394370496273,0.005639038980007172,0.4961165984798305
2015-10-07,fold_4,China devaluation and oil crash,0.006963856518268585,1,0.003968350123614073,1,0.003968350123614073,-0.001710737735265866,,,,1,39.68350123614073,0.0073083327151834965,0.0028364972677081823,0.006963856518268585,0.33445216226270147
2015-10-08,fold_4,China devaluation and oil crash,0.005416058003902435,1,0.004516035784035921,1,0.004516035784035921,0.002805298048770055,,,,1,45.16035784035921,0.008966851979494095,0.015160449780523777,0.005416058003902435,0.3876521817562764
2015-10-09,fold_4,China devaluation and oil crash,0.0036300793290138245,1,0.002437639283016324,1,0.002437639283016324,0.005242937331786379,,,,1,24.37639283016324,0.009899817407131195,0.014815110713243484,0.0036300793290138245,0.20962937932366787
2015-10-12,fold_4,China devaluation and oil crash,0.0030827075242996216,1,-0.006482408381998539,-1,-0.006482408381998539,-0.0012394710502121598,,,,0,-64.82408381998539,0.02007337100803852,0.018095392733812332,0.0030827075242996216,-0.5578045619965765
2015-10-13,fold_4,China devaluation and oil crash,0.0037776827812194824,1,-0.0016031190752983093,-1,-0.0016031190752983093,-0.002842590125510469,,,,0,-16.031190752983093,0.020284613594412804,0.019414884969592094,0.0037776827812194824,-0.14044291647671067
2015-10-14,fold_4,China devaluation and oil crash,0.00019760429859161377,1,0.016292301937937737,1,0.016292301937937737,0.013449711812427267,,,,1,162.92301937937737,0.017611874267458916,0.014898093417286873,0.00019760429859161377,1.4353121076134057
2015-10-15,fold_4,China devaluation and oil crash,0.002726137638092041,1,0.004170697182416916,1,0.004170697182416916,0.017620408994844183,,,,1,41.70697182416916,0.018314717337489128,0.01876967027783394,0.002726137638092041,0.34985995436791084
2015-10-16,fold_4,China devaluation and oil crash,0.003054998815059662,1,0.005717921536415815,1,0.005717921536415815,0.02333833053126,,,,1,57.17921536415815,0.011302212253212929,0.042197540402412415,0.003054998815059662,0.4963281646211488
2015-10-19,fold_4,China devaluation and oil crash,0.0007628500461578369,1,-0.005162917543202639,-1,-0.005162917543202639,0.01817541298805736,,,,0,-51.629175432026386,0.00804867409169674,0.03709967061877251,0.0007628500461578369,-0.4462308188451556
2015-10-20,fold_4,China devaluation and oil crash,0.006456933915615082,1,-0.006119910627603531,-1,-0.006119910627603531,0.01205550236045383,,,,0,-61.19910627603531,0.007242322433739901,0.04429900646209717,0.006456933915615082,-0.549909513091617
2015-10-21,fold_4,China devaluation and oil crash,0.003500312566757202,1,0.02016388066112995,1,0.02016388066112995,0.03221938302158378,,,,1,201.63880661129951,-0.0014138598926365376,0.05869702249765396,0.003500312566757202,1.7985088349856173
2015-10-22,fold_4,China devaluation and oil crash,-0.0020541995763778687,-1,0.02759856916964054,1,-0.02759856916964054,0.00462081385194324,,,,0,-275.9856916964054,-0.006627757102251053,0.03695332258939743,-0.0020541995763778687,2.2891135509366194
2015-10-23,fold_4,China devaluation and oil crash,-0.008332349359989166,-1,0.0006200486677698791,1,-0.0006200486677698791,0.0040007651841733605,,,,0,-6.200486677698791,0.0018230904825031757,0.004864683840423822,-0.008332349359989166,0.046239165445014885
2015-10-26,fold_4,China devaluation and oil crash,-0.003604188561439514,-1,0.0020364215597510338,1,-0.0020364215597510338,0.0019643436244223267,,,,0,-20.364215597510338,0.0016578114591538906,0.015475906431674957,-0.003604188561439514,0.17327052468370258
2015-10-27,fold_4,China devaluation and oil crash,0.0014250874519348145,1,0.008278105407953262,1,0.008278105407953262,0.010242449032375589,,,,1,82.78105407953262,0.004518105182796717,0.0169235672801733,0.0014250874519348145,0.7073047718117413
2015-10-28,fold_4,China devaluation and oil crash,0.0008654221892356873,1,-0.001579819479957223,-1,-0.001579819479957223,0.008662629552418366,,,,0,-15.79819479957223,0.004629739094525576,0.008732274174690247,0.0008654221892356873,-0.1476400958413283
2015-10-29,fold_4,China devaluation and oil crash,0.0010116994380950928,1,-0.0044900719076395035,-1,-0.0044900719076395035,0.004172557644778863,,,,0,-44.900719076395035,0.003959182184189558,0.0076130894012749195,0.0010116994380950928,-0.42125876748744795
2015-10-30,fold_4,China devaluation and oil crash,0.002597302198410034,1,0.011231271550059319,1,0.011231271550059319,0.015403829194838181,,,,1,112.31271550059319,0.01034313440322876,0.012800556607544422,0.002597302198410034,1.125673331570117
2015-11-02,fold_4,China devaluation and oil crash,0.003489382565021515,1,0.0034840821754187346,1,0.0034840821754187346,0.018887911370256916,,,,1,34.840821754187346,0.008306968957185745,-0.009115763008594513,0.003489382565021515,0.35607678947438853
2015-11-03,fold_4,China devaluation and oil crash,-0.00020880252122879028,-1,8.681241888552904e-05,1,-8.681241888552904e-05,0.018801098951371387,,,,0,-0.8681241888552904,0.0063017732463777065,-0.015156766399741173,-0.00020880252122879028,0.008896579534874601
2015-11-04,fold_4,China devaluation and oil crash,0.002519764006137848,1,-0.0026990047190338373,-1,-0.0026990047190338373,0.01610209423233755,,,,0,-26.990047190338373,0.004808779340237379,-0.0164802223443985,0.002519764006137848,-0.27923049992307447
2015-11-05,fold_4,China devaluation and oil crash,0.0019741281867027283,1,0.0006973955896683037,1,0.0006973955896683037,0.016799489822005853,,,,1,6.973955896683037,0.002396994736045599,-0.02355119399726391,0.0019741281867027283,0.07231429521597253
2015-11-06,fold_4,China devaluation and oil crash,0.0003067627549171448,1,-0.010685048997402191,-1,-0.010685048997402191,0.006114440824603662,,,,0,-106.85048997402191,0.003934862557798624,-0.044079799205064774,0.0003067627549171448,-1.113930360360376
2015-11-09,fold_4,China devaluation and oil crash,0.001913517713546753,1,-0.002556920750066638,-1,-0.002556920750066638,0.003557520074537024,,,,0,-25.56920750066638,0.005773726385086775,-0.01911265403032303,0.001913517713546753,-0.2590533167347578
2015-11-10,fold_4,China devaluation and oil crash,0.0025246739387512207,1,-0.0012366441078484058,-1,-0.0012366441078484058,0.002320875966688618,,,,0,-12.366441078484058,0.0008854116313159466,-0.0159277506172657,0.0025246739387512207,-0.12644673556114616
2015-11-11,fold_4,China devaluation and oil crash,-0.0003448799252510071,-1,-0.009769977070391178,-1,0.009769977070391178,0.012090853037079796,,,,1,97.69977070391178,-0.0006806906312704086,0.004321797750890255,-0.0003448799252510071,-0.9992510511783043
2015-11-12,fold_4,China devaluation and oil crash,-0.0007338374853134155,-1,-0.019831210374832153,-1,0.019831210374832153,0.03192206341191195,,,,1,198.31210374832153,0.0002451278269290924,0.014795579016208649,-0.0007338374853134155,-2.124953703021285
2015-11-13,fold_4,China devaluation and oil crash,0.005076006054878235,1,0.014282097108662128,1,0.014282097108662128,0.04620416052057408,,,,1,142.82097108662128,0.004575739149004221,0.041375380009412766,0.005076006054878235,1.3879178394405955
2015-11-16,fold_4,China devaluation and oil crash,0.0006974861025810242,1,0.0006279842928051949,1,0.0006279842928051949,0.04683214481337927,,,,1,6.2798429280519485,-0.0014610528014600277,0.024206893518567085,0.0006974861025810242,0.058699210833415644
2015-11-17,fold_4,China devaluation and oil crash,-0.0003469809889793396,-1,0.019012903794646263,1,-0.019012903794646263,0.02781924101873301,,,,0,-190.12903794646263,-0.004839200992137194,0.022702451795339584,-0.0003469809889793396,1.7874648466146612
2015-11-18,fold_4,China devaluation and oil crash,0.00028542429208755493,1,0.0007038041949272156,1,0.0007038041949272156,0.028523045213660225,,,,1,7.038041949272156,-0.005330764222890139,0.004566005896776915,0.00028542429208755493,0.06188420412372024
2015-11-19,fold_4,China devaluation and oil crash,0.003841109573841095,1,0.006748592015355825,1,0.006748592015355825,0.03527163722901605,,,,1,67.48592015355825,-0.011532250791788101,0.005262549035251141,0.003841109573841095,0.6462822591666338
2015-11-20,fold_4,China devaluation and oil crash,0.003964371979236603,1,-0.0028863900806754827,-1,-0.0028863900806754827,0.03238524714834057,,,,0,-28.863900806754827,-0.00862647034227848,-0.004026245791465044,0.003964371979236603,-0.33729056284664266
2015-11-23,fold_4,China devaluation and oil crash,0.004062727093696594,1,-0.0008764576632529497,-1,-0.0008764576632529497,0.03150878948508762,,,,0,-8.764576632529497,-0.00040421169251203537,0.008809004910290241,0.004062727093696594,-0.10214217951414425
2015-11-24,fold_4,China devaluation and oil crash,0.0061022937297821045,1,0.0008764576632529497,1,0.0008764576632529497,0.03238524714834057,,,,1,8.764576632529497,0.00020093796774744987,0.0035007991828024387,0.0061022937297821045,0.10225956340385596
2015-11-25,fold_4,China devaluation and oil crash,0.0021925047039985657,1,0.0014003473334014416,1,0.0014003473334014416,0.03378559448174201,,,,1,14.003473334014416,0.00818612053990364,-0.014471632428467274,0.0021925047039985657,0.16728680282196637
2015-11-27,fold_4,China devaluation and oil crash,-0.00014184415340423584,-1,-0.002540202811360359,-1,0.002540202811360359,0.03632579729310237,,,,1,25.402028113603592,0.002301690634340048,0.0072346641682088375,-0.00014184415340423584,-0.3035129411512779
2015-11-30,fold_4,China devaluation and oil crash,-0.005679301917552948,-1,0.009948860853910446,1,-0.009948860853910446,0.026376936439191923,,,,0,-99.48860853910446,0.004114852752536535,0.005248351488262415,-0.005679301917552948,1.194586063857271
2015-12-01,fold_4,China devaluation and oil crash,-0.0027162283658981323,-1,-0.006184663623571396,-1,0.006184663623571396,0.03256160006276332,,,,1,61.84663623571396,0.009167145937681198,-0.0046132574789226055,-0.0027162283658981323,-0.7499876485171226
2015-12-02,fold_4,China devaluation and oil crash,-0.003404460847377777,-1,-0.01709597371518612,-1,0.01709597371518612,0.04965757377794944,,,,1,170.9597371518612,0.008630311116576195,-0.013724218122661114,-0.003404460847377777,-2.0535364294682603
2015-12-03,fold_4,China devaluation and oil crash,0.0008567273616790771,1,0.023106643930077553,1,0.023106643930077553,0.07276421770802699,,,,1,231.06643930077553,0.012282468378543854,0.007879506796598434,0.0008567273616790771,2.5223255326409033
2015-12-04,fold_4,China devaluation and oil crash,0.002839617431163788,1,-0.004526515491306782,-1,-0.004526515491306782,0.06823770221672021,,,,0,-45.26515491306782,0.01781895011663437,-0.038512103259563446,0.002839617431163788,-0.43109129945658503
2015-12-07,fold_4,China devaluation and oil crash,-0.003022506833076477,-1,8.725155930733308e-05,1,-8.725155930733308e-05,0.06815045065741288,,,,0,-0.8725155930733308,0.01581399142742157,-0.026432102546095848,-0.003022506833076477,0.008272132186391416
2015-12-08,fold_4,China devaluation and oil crash,-0.0072939470410346985,-1,-0.015295623801648617,-1,0.015295623801648617,0.08344607445906149,,,,1,152.95623801648617,0.02609460987150669,-0.020446723327040672,-0.0072939470410346985,-1.4888426203459677
2015-12-09,fold_4,China devaluation and oil crash,-0.0041997432708740234,-1,0.004507751204073429,1,-0.004507751204073429,0.07893832325498806,,,,0,-45.07751204073429,0.01775452494621277,0.00960917305201292,-0.0041997432708740234,0.4168919601981546
2015-12-10,fold_4,China devaluation and oil crash,0.01159621775150299,1,-0.02328496426343918,-1,-0.02328496426343918,0.055653358991548885,,,,0,-232.84964263439178,0.00908374972641468,-0.009569364599883556,0.01159621775150299,-2.144870930139299
2015-12-11,fold_4,China devaluation and oil crash,0.013838008046150208,1,0.007553484290838242,1,0.007553484290838242,0.06320684328238713,,,,1,75.53484290838242,0.015064431354403496,-0.005653249565511942,0.013838008046150208,0.6379484307264066
2015-12-14,fold_4,China devaluation and oil crash,0.012100622057914734,1,0.006072630640119314,1,0.006072630640119314,0.06927947392250644,,,,1,60.72630640119314,0.015827884897589684,-0.00215992983430624,0.012100622057914734,0.5467045773028342
2015-12-15,fold_4,China devaluation and oil crash,0.0059578269720077515,1,0.014760272577404976,1,0.014760272577404976,0.08403974649991142,,,,1,147.60272577404976,0.011136645451188087,-0.00168037845287472,0.0059578269720077515,1.376247394325145
2015-12-16,fold_4,China devaluation and oil crash,0.005812704563140869,1,-0.014670786447823048,-1,-0.014670786447823048,0.06936896005208837,,,,0,-146.70786447823048,0.007657272275537252,-0.009042750112712383,0.005812704563140869,-1.3074991347175047
2015-12-17,fold_4,China devaluation and oil crash,0.0057766735553741455,1,-0.01936884969472885,-1,-0.01936884969472885,0.05000011035735952,,,,0,-193.6884969472885,0.007125344593077898,0.005450133234262466,0.0057766735553741455,-1.7786319863299034
2015-12-18,fold_4,China devaluation and oil crash,0.009248383343219757,1,0.011046803556382656,1,0.011046803556382656,0.06104691391374217,,,,1,110.46803556382656,0.007632783148437738,0.02428596094250679,0.009248383343219757,0.9426938408301507
2015-12-21,fold_4,China devaluation and oil crash,0.006838791072368622,1,0.006552181672304869,1,0.006552181672304869,0.06759909558604704,,,,1,65.52181672304869,0.00212589418515563,0.028845859691500664,0.006838791072368622,0.5515120227529856
2015-12-22,fold_4,China devaluation and oil crash,0.007438644766807556,1,0.007397900801151991,1,0.007397900801151991,0.07499699638719903,,,,1,73.97900801151991,0.0009839101694524288,0.013241508975625038,0.007438644766807556,0.6189166429136861
2015-12-23,fold_4,China devaluation and oil crash,0.005159549415111542,1,-0.00017790279525797814,-1,-0.00017790279525797814,0.07481909359194105,,,,0,-1.7790279525797814,0.0023006671108305454,-0.006682647857815027,0.005159549415111542,-0.014744975855360434
2015-12-24,fold_4,China devaluation and oil crash,0.00574011355638504,1,-0.0005330225685611367,-1,-0.0005330225685611367,0.07428607102337992,,,,0,-5.330225685611367,-0.00022212648764252663,-0.027828186750411987,0.00574011355638504,-0.04418367105827519
2015-12-28,fold_4,China devaluation and oil crash,0.005773276090621948,1,0.01560670230537653,1,0.01560670230537653,0.08989277332875645,,,,1,156.0670230537653,-0.0027127270586788654,-0.02903185784816742,0.005773276090621948,1.2940542927429068
2015-12-29,fold_4,China devaluation and oil crash,0.0027492642402648926,1,-0.00905216857790947,-1,-0.00905216857790947,0.08084060475084698,,,,0,-90.5216857790947,0.0044624037109315395,-0.05429093912243843,0.0027492642402648926,-0.7217363218677224
2015-12-30,fold_4,China devaluation and oil crash,-0.0008357688784599304,-1,-0.012526256032288074,-1,0.012526256032288074,0.09336686078313505,,,,1,125.26256032288074,0.0056121074594557285,-0.07705271244049072,-0.0008357688784599304,-1.0014434086057409
2015-12-31,fold_4,China devaluation and oil crash,-1.6137957572937012e-05,-1,-0.021323442459106445,-1,0.021323442459106445,0.1146903032422415,,,,1,213.23442459106445,0.010701492428779602,-0.07276111096143723,-1.6137957572937012e-05,-1.6733253467462836
2016-01-04,fold_4,China devaluation and oil crash,0.005065687000751495,1,-0.0017366929678246379,-1,-0.0017366929678246379,0.11295361027441686,,,,0,-17.36692967824638,0.015909908339381218,-0.048365604132413864,0.005065687000751495,-0.13299938311556678
2016-01-05,fold_4,China devaluation and oil crash,-0.00047166645526885986,-1,-0.009652378037571907,-1,0.009652378037571907,0.12260598831198877,,,,1,96.52378037571907,0.025361353531479836,-0.03509790077805519,-0.00047166645526885986,-0.804466051931289
2016-01-06,fold_4,China devaluation and oil crash,0.008422315120697021,1,-0.03181394189596176,-1,-0.03181394189596176,0.090792046416027,,,,0,-318.1394189596176,0.015582634136080742,-0.06054344400763512,0.008422315120697021,-2.618651198542985
2016-01-07,fold_4,China devaluation and oil crash,0.007137477397918701,1,-0.008234658278524876,-1,-0.008234658278524876,0.08255738813750213,,,,0,-82.34658278524876,0.012315435335040092,-0.007657906971871853,0.007137477397918701,-0.5849109099819225
2016-01-08,fold_4,China devaluation and oil crash,0.006718769669532776,1,0.0030720664653927088,1,0.0030720664653927088,0.08562945460289484,,,,1,30.720664653927088,0.0076395380310714245,-0.030952053144574165,0.006718769669532776,0.22293194032832703
2016-01-11,fold_4,China devaluation and oil crash,0.005903773009777069,1,0.011531009338796139,1,0.011531009338796139,0.09716046394169098,,,,1,115.31009338796139,0.006642861757427454,-0.031844522804021835,0.005903773009777069,0.8379769965657005
2016-01-12,fold_4,China devaluation and oil crash,0.006768465042114258,1,-0.03509791940450668,-1,-0.03509791940450668,0.062062544537184294,,,,0,-350.97919404506683,0.005890598054975271,-0.04644802585244179,0.006768465042114258,-2.7007112948895324
2016-01-13,fold_4,China devaluation and oil crash,0.006926417350769043,1,0.021071596071124077,1,0.021071596071124077,0.08313414060830837,,,,1,210.71596071124077,0.006558593828231096,-0.010357847437262535,0.006926417350769043,1.396629864588817
2016-01-14,fold_4,China devaluation and oil crash,0.006806068122386932,1,-0.03152880445122719,-1,-0.03152880445122719,0.05160533615708118,,,,0,-315.2880445122719,0.004717302042990923,-0.0028869316447526217,0.006806068122386932,-2.0021287642035857
2016-01-15,fold_4,China devaluation and oil crash,0.0068330466747283936,1,0.002179595874622464,1,0.002179595874622464,0.05378493203170365,,,,1,21.795958746224642,0.005218351725488901,0.013690323568880558,0.0068330466747283936,0.12870273806938973
2016-01-19,fold_4,China devaluation and oil crash,0.007455252110958099,1,-0.0030724939424544573,-1,-0.0030724939424544573,0.05071243808924919,,,,0,-30.724939424544573,0.006061153020709753,0.020469823852181435,0.007455252110958099,-0.1848506249669811
2016-01-20,fold_4,China devaluation and oil crash,0.007210820913314819,1,0.0009922586614266038,1,0.0009922586614266038,0.051704696750675794,,,,1,9.922586614266038,0.006864511873573065,-0.0016886454541236162,0.007210820913314819,0.061776704168400025
2016-01-21,fold_4,China devaluation and oil crash,0.00623612105846405,1,0.02854251302778721,1,0.02854251302778721,0.080247209778463,,,,1,285.4251302778721,0.006139071192592382,0.011338510550558567,0.00623612105846405,1.7982371089670433
2016-01-22,fold_4,China devaluation and oil crash,0.005842670798301697,1,-0.014951549470424652,-1,-0.014951549470424652,0.06529566030803835,,,,0,-149.51549470424652,0.00588144501671195,0.0034633507020771503,0.005842670798301697,-0.8771940457603843
2016-01-25,fold_4,China devaluation and oil crash,0.006429031491279602,1,0.008959095925092697,1,0.008959095925092697,0.07425475623313105,,,,1,89.59095925092697,0.006462633144110441,0.021100182086229324,0.006429031491279602,0.5181487944941808
2016-01-26,fold_4,China devaluation and oil crash,0.006643310189247131,1,-0.02523096278309822,-1,-0.02523096278309822,0.049023793450032827,,,,0,-252.3096278309822,0.0068246363662183285,-0.00974215380847454,0.006643310189247131,-1.4495383138895608
2016-01-27,fold_4,China devaluation and oil crash,0.005950406193733215,1,0.014019414782524109,1,0.014019414782524109,0.06304320823255694,,,,1,140.1941478252411,0.005834475625306368,0.01068068016320467,0.005950406193733215,0.7662004856589724
2016-01-28,fold_4,China devaluation and oil crash,0.006217002868652344,1,0.02066735178232193,1,0.02066735178232193,0.08371056001487887,,,,1,206.6735178232193,0.006289575714617968,-0.003437303937971592,0.006217002868652344,1.1335163489035494
2016-01-29,fold_4,China devaluation and oil crash,0.005597040057182312,1,0.0026852828450500965,1,0.0026852828450500965,0.08639584285992896,,,,1,26.852828450500965,0.005549184512346983,-0.059448905289173126,0.005597040057182312,0.14359585346548528
2016-02-01,fold_4,China devaluation and oil crash,0.005376137793064117,1,-0.021883239969611168,-1,-0.021883239969611168,0.0645126028903178,,,,0,-218.83239969611168,0.006161599885672331,-0.07753972709178925,0.005376137793064117,-1.182937129687806
2016-02-02,fold_4,China devaluation and oil crash,0.005819641053676605,1,-0.004808129742741585,-1,-0.004808129742741585,0.05970447314757621,,,,0,-48.08129742741585,0.00818324089050293,-0.05876627564430237,0.005819641053676605,-0.25945388234654193
2016-02-03,fold_4,China devaluation and oil crash,0.006535619497299194,1,-9.856902761384845e-05,-1,-9.856902761384845e-05,0.05960590411996236,,,,0,-0.9856902761384845,0.00937950424849987,-0.05012403801083565,0.006535619497299194,-0.005311166214399696
2016-02-04,fold_4,China devaluation and oil crash,0.006252869963645935,1,-0.03534424677491188,-1,-0.03534424677491188,0.02426165734505048,,,,0,-353.4424677491188,0.009539922699332237,-0.05147428438067436,0.006252869963645935,-1.9174533501424986
2016-02-05,fold_4,China devaluation and oil crash,0.005891822278499603,1,-0.015405537560582161,-1,-0.015405537560582161,0.00885611978446832,,,,0,-154.0553756058216,0.011718807741999626,-0.0010195453651249409,0.005891822278499603,-0.8215536769418437
2016-02-08,fold_4,China devaluation and oil crash,0.007710464298725128,1,-0.0031097931787371635,-1,-0.0031097931787371635,0.005746326605731156,,,,0,-31.097931787371635,0.012538423761725426,0.03668167442083359,0.007710464298725128,-0.16387711720760295
2016-02-09,fold_4,China devaluation and oil crash,0.007233738899230957,1,0.0038341099862009287,1,0.0038341099862009287,0.009580436591932084,,,,1,38.34109986200929,0.012476867064833641,0.06218694522976875,0.007233738899230957,0.2020432474718451
2016-02-10,fold_4,China devaluation and oil crash,0.007444493472576141,1,-0.0014488183660432696,-1,-0.0014488183660432696,0.008131618225888815,,,,0,-14.488183660432696,0.009677061811089516,0.04687260091304779,0.007444493472576141,-0.07698195258095755
2016-02-11,fold_4,China devaluation and oil crash,0.007364921271800995,1,0.015110493637621403,1,0.015110493637621403,0.023242111863510218,,,,1,151.10493637621403,0.008278926834464073,0.05127744376659393,0.007364921271800995,0.8831972019828036
2016-02-12,fold_4,China devaluation and oil crash,0.007043525576591492,1,0.02229568362236023,1,0.02229568362236023,0.04553779548587045,,,,1,222.9568362236023,0.008119473233819008,0.052272047847509384,0.007043525576591492,1.3278565186649587
2016-02-16,fold_4,China devaluation and oil crash,0.0054565295577049255,1,0.022395476698875427,1,0.022395476698875427,0.06793327218474587,,,,1,223.95476698875427,0.004547832999378443,0.013379471376538277,0.0054565295577049255,1.3967733286032078
2016-02-17,fold_4,China devaluation and oil crash,0.006246678531169891,1,-0.011480232700705528,-1,-0.011480232700705528,0.056453039484040346,,,,0,-114.80232700705528,0.004474577959626913,0.0004877016763202846,0.006246678531169891,-0.6837341414653121
2016-02-18,fold_4,China devaluation and oil crash,0.008031494915485382,1,0.0029560215771198273,1,0.0029560215771198273,0.05940906106116017,,,,1,29.560215771198273,0.004860765766352415,0.02176855504512787,0.008031494915485382,0.17417363544250247
2016-02-19,fold_4,China devaluation and oil crash,0.008114822208881378,1,0.016105100512504578,1,0.016105100512504578,0.07551416157366475,,,,1,161.05100512504578,0.005164407659322023,0.017556218430399895,0.008114822208881378,0.9483009542696542
2016-02-22,fold_4,China devaluation and oil crash,0.006243020296096802,1,-0.016596894711256027,-1,-0.016596894711256027,0.058917266862408724,,,,0,-165.96894711256027,0.006258860696107149,-0.007580889854580164,0.006243020296096802,-1.027989766492414
2016-02-23,fold_4,China devaluation and oil crash,0.006544537842273712,1,0.00950370728969574,1,0.00950370728969574,0.06842097415210446,,,,1,95.0370728969574,0.00808677077293396,0.040609244257211685,0.006544537842273712,0.5857381864444753
2016-02-24,fold_4,China devaluation and oil crash,0.007891662418842316,1,0.009800620377063751,1,0.009800620377063751,0.07822159452916821,,,,1,98.00620377063751,0.010580861940979958,0.031483400613069534,0.007891662418842316,0.603461779103473
2016-02-25,fold_4,China devaluation and oil crash,0.004926756024360657,1,-0.001256314804777503,-1,-0.001256314804777503,0.07696527972439071,,,,0,-12.56314804777503,0.00844244658946991,0.019791029393672943,0.004926756024360657,-0.08165264511119744
2016-02-26,fold_4,China devaluation and oil crash,0.0005967393517494202,1,-0.009032007306814194,-1,-0.009032007306814194,0.06793327241757652,,,,0,-90.32007306814194,0.012388398870825768,0.021426400169730186,0.0005967393517494202,-0.599497246806656
2016-02-29,fold_4,China devaluation and oil crash,0.004654198884963989,1,0.031593240797519684,1,0.031593240797519684,0.0995265132150962,,,,1,315.93240797519684,0.02196568064391613,0.02428814396262169,0.004654198884963989,2.1816719207427404
2016-03-01,fold_4,China devaluation and oil crash,0.0006382539868354797,1,0.00037786204484291375,1,0.00037786204484291375,0.09990437525993912,,,,1,3.7786204484291375,0.0035945414565503597,-0.015623753890395164,0.0006382539868354797,0.023467816817346564
2016-03-02,fold_4,China devaluation and oil crash,-0.0027365833520889282,-1,-0.0018917503766715527,-1,0.0018917503766715527,0.10179612563661067,,,,1,18.917503766715527,0.008900444954633713,-0.009589391760528088,-0.0027365833520889282,-0.12332163128581751
2016-03-03,fold_4,China devaluation and oil crash,-0.0034248605370521545,-1,0.000379056204110384,1,-0.000379056204110384,0.10141706943250028,,,,0,-3.79056204110384,0.012849144637584686,-0.009225158020853996,-0.0034248605370521545,0.024761813468867088
2016-03-04,fold_4,China devaluation and oil crash,0.005601368844509125,1,-0.006170264445245266,-1,-0.006170264445245266,0.09524680498725502,,,,0,-61.70264445245266,0.010785333812236786,0.0077295913361012936,0.005601368844509125,-0.40306623955910803
2016-03-07,fold_4,China devaluation and oil crash,-0.003118172287940979,-1,-0.00831865705549717,-1,0.00831865705549717,0.10356546204275219,,,,1,83.1865705549717,0.009207619354128838,0.01558910682797432,-0.003118172287940979,-0.6310215495998357
2016-03-08,fold_4,China devaluation and oil crash,-0.002525433897972107,-1,0.0064122239127755165,1,-0.0064122239127755165,0.09715323812997667,,,,0,-64.12223912775517,0.016204072162508965,0.023532414808869362,-0.002525433897972107,0.49861595348445165
2016-03-09,fold_4,China devaluation and oil crash,0.007997967302799225,1,-0.0015275164041668177,-1,-0.0015275164041668177,0.09562572172580985,,,,0,-15.275164041668177,0.00914258323609829,0.025990260764956474,0.007997967302799225,-0.11821938015982
2016-03-10,fold_4,China devaluation and oil crash,0.005117788910865784,1,0.017333805561065674,1,0.017333805561065674,0.11295952728687553,,,,1,173.33805561065674,0.0023632231168448925,0.026959849521517754,0.005117788910865784,1.3440099143160127
2016-03-11,fold_4,China devaluation and oil crash,-0.0030247196555137634,-1,0.001689250930212438,1,-0.001689250930212438,0.11127027635666309,,,,0,-16.89250930212438,0.0009882389567792416,0.011191518045961857,-0.0030247196555137634,0.12547344482987752
2016-03-14,fold_4,China devaluation and oil crash,0.0021561533212661743,1,-0.0003753479686565697,-1,-0.0003753479686565697,0.11089492838800652,,,,0,-3.753479686565697,0.00033419160172343254,0.01340685784816742,0.0021561533212661743,-0.028789643508014145
2016-03-15,fold_4,China devaluation and oil crash,-0.000626489520072937,-1,0.008870068937540054,1,-0.008870068937540054,0.10202485945046647,,,,0,-88.70068937540054,-0.007633399683982134,0.016838986426591873,-0.000626489520072937,0.7362859028048112
2016-03-16,fold_4,China devaluation and oil crash,0.005791783332824707,1,-0.0005579286371357739,-1,-0.0005579286371357739,0.10146693081333069,,,,0,-5.579286371357739,-0.008838293142616749,-0.00029687152709811926,0.005791783332824707,-0.050106030756215725
2016-03-17,fold_4,China devaluation and oil crash,-0.0026290342211723328,-1,0.0015654738526791334,1,-0.0015654738526791334,0.09990145696065156,,,,0,-15.654738526791334,-0.009189598262310028,0.000540980021469295,-0.0026290342211723328,0.14447327970051663
2016-03-18,fold_4,China devaluation and oil crash,-0.003696128726005554,-1,0.0039045915473252535,1,-0.0039045915473252535,0.0959968654133263,,,,0,-39.045915473252535,-0.0033927650656551123,-0.0024239751510322094,-0.003696128726005554,0.36082740226055715
2016-03-21,fold_4,China devaluation and oil crash,0.00023352354764938354,1,0.003056779270991683,1,0.003056779270991683,0.09905364468431799,,,,1,30.56779270991683,-0.002920505590736866,0.009602147154510021,0.00023352354764938354,0.2984641932522144
2016-03-22,fold_4,China devaluation and oil crash,0.0038349181413650513,1,-0.008265787735581398,-1,-0.008265787735581398,0.09078785694873659,,,,0,-82.65787735581398,-0.006164391990751028,0.011403592303395271,0.0038349181413650513,-0.8637103386924586
2016-03-23,fold_4,China devaluation and oil crash,-0.000830918550491333,-1,0.0002799229114316404,1,-0.0002799229114316404,0.09050793403730495,,,,0,-2.799229114316404,0.004887854214757681,0.01820463314652443,-0.000830918550491333,0.029426987994186592
2016-03-24,fold_4,China devaluation and oil crash,0.00295180082321167,1,-0.001399481319822371,-1,-0.001399481319822371,0.08910845271748258,,,,0,-13.99481319822371,0.004877753090113401,0.028491921722888947,0.00295180082321167,-0.1511843418165445
2016-03-28,fold_4,China devaluation and oil crash,0.0009101405739784241,1,0.015930714085698128,1,0.015930714085698128,0.1050391668031807,,,,1,159.30714085698128,0.009633976966142654,0.02607828378677368,0.0009101405739784241,1.720785580467
2016-03-29,fold_4,China devaluation and oil crash,0.0004495382308959961,1,0.004858225118368864,1,0.004858225118368864,0.10989739192154957,,,,1,48.58225118368864,0.01062295027077198,0.0004590361495502293,0.0004495382308959961,0.5002431355891801
2016-03-30,fold_4,China devaluation and oil crash,0.0011411234736442566,1,-0.0014647470088675618,-1,-0.0014647470088675618,0.10843264491268201,,,,0,-14.647470088675618,0.008905334398150444,0.011907192878425121,0.0011411234736442566,-0.2169314072734547
2016-03-31,fold_4,China devaluation and oil crash,-0.004228547215461731,-1,0.010567210614681244,1,-0.010567210614681244,0.09786543429800076,,,,0,-105.67210614681244,0.0034595062024891376,-0.0010990502778440714,-0.004228547215461731,1.5633052445202813
2016-04-01,fold_4,China devaluation and oil crash,-0.0007318481802940369,-1,-0.003813117742538452,-1,0.003813117742538452,0.10167855204053922,,,,1,38.13117742538452,0.0008312482386827469,-0.012399908155202866,-0.0007318481802940369,-0.5334434279302764
2016-04-04,fold_4,China devaluation and oil crash,-0.003928720951080322,-1,-0.009688534773886204,-1,0.009688534773886204,0.11136708681442542,,,,1,96.88534773886204,-0.004826087970286608,-0.012263499200344086,-0.003928720951080322,-1.3459487874714837
2016-04-05,fold_4,China devaluation and oil crash,-0.005889050662517548,-1,0.016306381672620773,1,-0.016306381672620773,0.09506070514180465,,,,0,-163.06381672620773,0.005229535046964884,0.005769746843725443,-0.005889050662517548,2.206686146330935
2016-04-06,fold_4,China devaluation and oil crash,0.0013145282864570618,1,-0.014470990747213364,-1,-0.014470990747213364,0.08058971439459128,,,,0,-144.70990747213364,0.006677736062556505,0.0021664733067154884,0.0013145282864570618,-1.8026860920018872
2016-04-07,fold_4,China devaluation and oil crash,-0.0028405487537384033,-1,-0.0007336472626775503,-1,0.0007336472626775503,0.08132336165726883,,,,1,7.336472626775503,0.010564036667346954,0.016727684065699577,-0.0028405487537384033,-0.0859524674195636
2016-04-08,fold_4,China devaluation and oil crash,-0.002386614680290222,-1,-0.0036767087876796722,-1,0.0036767087876796722,0.0850000704449485,,,,1,36.76708787679672,0.018058642745018005,0.014934007078409195,-0.002386614680290222,-0.4310205214851261
2016-04-11,fold_4,China devaluation and oil crash,0.005041375756263733,1,0.008344711735844612,1,0.008344711735844612,0.09334478218079312,,,,1,83.44711735844612,0.02115037851035595,0.023929070681333542,0.005041375756263733,1.0917883100498842
2016-04-12,fold_4,China devaluation and oil crash,0.0030304864048957825,1,0.012703108601272106,1,0.012703108601272106,0.10604789078206522,,,,1,127.03108601272106,0.004529197234660387,0.009451969526708126,0.0030304864048957825,1.6164684369758442
2016-04-13,fold_4,China devaluation and oil crash,0.00024362653493881226,1,9.022023732541129e-05,1,9.022023732541129e-05,0.10613811101939064,,,,1,0.9022023732541129,-0.004504448734223843,-0.002437104005366564,0.00024362653493881226,0.010797402454357615
2016-04-14,fold_4,China devaluation and oil crash,0.0046689435839653015,1,-0.0025273242499679327,-1,-0.0025273242499679327,0.1036107867694227,,,,0,-25.273242499679327,-0.015374325215816498,-0.002437179908156395,0.0046689435839653015,-0.3113639257109552
2016-04-15,fold_4,China devaluation and oil crash,0.01202181726694107,1,0.005318354815244675,1,0.005318354815244675,0.10892914158466738,,,,1,53.18354815244675,-0.01009459514170885,-0.01511763408780098,0.01202181726694107,0.6537108107086823
2016-04-18,fold_4,China devaluation and oil crash,0.004580169916152954,1,-0.006132390350103378,-1,-0.006132390350103378,0.102796751234564,,,,0,-61.32390350103378,-0.01823381334543228,-0.020435988903045654,0.004580169916152954,-0.746519575063396
2016-04-19,fold_4,China devaluation and oil crash,9.853392839431763e-05,1,0.0008140353602357209,1,0.0008140353602357209,0.10361078659479972,,,,1,8.140353602357209,-0.004189762286841869,-0.019178731366991997,9.853392839431763e-05,0.09828481736239875
2016-04-20,fold_4,China devaluation and oil crash,-0.0002374500036239624,-1,9.014434181153774e-05,1,-9.014434181153774e-05,0.10352064225298818,,,,0,-0.9014434181153774,-0.0018223552033305168,-0.028047095984220505,-0.0002374500036239624,0.01091842629886139
2016-04-21,fold_4,China devaluation and oil crash,0.0046286433935165405,1,-0.015207778662443161,-1,-0.015207778662443161,0.08831286359054502,,,,0,-152.0777866244316,0.007805596571415663,-0.04029499739408493,0.0046286433935165405,-1.889952292367294
2016-04-22,fold_4,China devaluation and oil crash,-0.00016691535711288452,-1,0.0,0,-0.0,0.08831286359054502,,,,0,-0.0,0.011720828711986542,-0.0303702000528574,-0.00016691535711288452,0.0
2016-04-25,fold_4,China devaluation and oil crash,0.005002997815608978,1,-0.0048751323483884335,-1,-0.0048751323483884335,0.08343773124215659,,,,0,-48.751323483884335,0.018625343218445778,-0.020955650135874748,0.005002997815608978,-0.5584431452323555
2016-04-26,fold_4,China devaluation and oil crash,-0.0008295699954032898,-1,-0.008054329082369804,-1,0.008054329082369804,0.09149206032452639,,,,1,80.54329082369804,0.014019306749105453,-0.025400573387742043,-0.0008295699954032898,-1.0012567341013854
2016-04-27,fold_4,China devaluation and oil crash,-0.001347459852695465,-1,-0.012157757766544819,-1,0.012157757766544819,0.10364981809107121,,,,1,121.57757766544819,0.00888836570084095,-0.023798203095793724,-0.001347459852695465,-1.4878294773292926
2016-04-28,fold_4,China devaluation and oil crash,-0.0010637417435646057,-1,-0.005282980855554342,-1,0.005282980855554342,0.10893279894662555,,,,1,52.82980855554342,0.008598670363426208,-0.011926179751753807,-0.0010637417435646057,-0.6139008000621646
2018-08-14,fold_5,2018 Vol-mageddon + Q4 sell-off,-0.0018574967980384827,-1,-0.012310362420976162,-1,0.012310362420976162,0.012310362420976162,,,,1,123.10362420976162,0.016710128635168076,-0.006025122478604317,-0.0018574967980384827,-1.5377193445424446
2018-08-15,fold_5,2018 Vol-mageddon + Q4 sell-off,-0.00037326663732528687,-1,0.0032866154797375202,1,-0.0032866154797375202,0.009023746941238642,,,,0,-32.8661547973752,0.017934847623109818,0.01015878189355135,-0.00037326663732528687,0.3887142468544823
2018-08-16,fold_5,2018 Vol-mageddon + Q4 sell-off,-0.0011598244309425354,-1,0.00022241576516535133,1,-0.00022241576516535133,0.00880133117607329,,,,0,-2.2241576516535133,0.012558536604046822,0.005435173399746418,-0.0011598244309425354,0.026438458137545466
2018-08-17,fold_5,2018 Vol-mageddon + Q4 sell-off,-0.003179214894771576,-1,-0.0008900492684915662,-1,0.0008900492684915662,0.009691380444564857,,,,1,8.900492684915662,0.008250543847680092,0.01446197833865881,-0.003179214894771576,-0.10579976211303016
2018-08-20,fold_5,2018 Vol-mageddon + Q4 sell-off,-0.005076490342617035,-1,0.0036662581842392683,1,-0.0036662581842392683,0.006025122260325588,,,,0,-36.66258184239268,0.003332268912345171,0.02549304999411106,-0.005076490342617035,0.43724791695062576
2018-08-21,fold_5,2018 Vol-mageddon + Q4 sell-off,0.003474690020084381,1,0.0038735417183488607,1,0.0038735417183488607,0.009898663978674449,,,,1,38.73541718348861,0.00661682290956378,0.023290682584047318,0.003474690020084381,0.46254067897825857
2018-08-22,fold_5,2018 Vol-mageddon + Q4 sell-off,-0.006111219525337219,-1,-0.0014369931304827332,-1,0.0014369931304827332,0.011335657109157182,,,,1,14.369931304827332,0.004856982734054327,0.03088875114917755,-0.006111219525337219,-0.1836131444658376
2018-08-23,fold_5,2018 Vol-mageddon + Q4 sell-off,0.003792598843574524,1,0.009249220602214336,1,0.009249220602214336,0.02058487771137152,,,,1,92.49220602214336,0.016989104449748993,0.030556749552488327,0.003792598843574524,1.312007862239074
2018-08-24,fold_5,2018 Vol-mageddon + Q4 sell-off,0.004101373255252838,1,0.010141022503376007,1,0.010141022503376007,0.030725900214747526,,,,1,101.41022503376007,0.023884465917944908,0.022594677284359932,0.004101373255252838,1.5160676042116923
2018-08-27,fold_5,2018 Vol-mageddon + Q4 sell-off,-0.0006424412131309509,-1,0.0014638900756835938,1,-0.0014638900756835938,0.029262010139063932,,,,0,-14.638900756835938,0.0227974783629179,0.008158083073794842,-0.0006424412131309509,0.23216552607430826
2018-08-28,fold_5,2018 Vol-mageddon + Q4 sell-off,-0.0064985379576683044,-1,0.011471610516309738,1,-0.011471610516309738,0.017790399622754194,,,,0,-114.71610516309738,0.02452552132308483,-0.0063036587089300156,-0.0064985379576683044,1.8869571273454948
2018-08-29,fold_5,2018 Vol-mageddon + Q4 sell-off,0.0018659010529518127,1,-0.0017689941450953484,-1,-0.0017689941450953484,0.016021405477658845,,,,0,-17.689941450953484,0.023768704384565353,-0.026754802092909813,0.0018659010529518127,-0.2703320881805462
2018-08-30,fold_5,2018 Vol-mageddon + Q4 sell-off,-0.0016044750809669495,-1,0.0012871483340859413,1,-0.0012871483340859413,0.014734257143572904,,,,0,-12.871483340859413,0.018966570496559143,-0.028843693435192108,-0.0016044750809669495,0.22124895708706202
2018-08-31,fold_5,2018 Vol-mageddon + Q4 sell-off,-0.0016307458281517029,-1,-0.00429557217285037,-1,0.00429557217285037,0.019029829316423275,,,,1,42.955721728503704,0.01768336445093155,-0.026768488809466362,-0.0016307458281517029,-0.7426059889692106
2018-09-04,fold_5,2018 Vol-mageddon + Q4 sell-off,-0.0010141059756278992,-1,-0.012997850775718689,-1,0.012997850775718689,0.032027680092141964,,,,1,129.9785077571869,0.017143288627266884,-0.014797898940742016,-0.0010141059756278992,-2.274368868583156
2018-09-05,fold_5,2018 Vol-mageddon + Q4 sell-off,-0.0018427744507789612,-1,-0.00897953286767006,-1,0.00897953286767006,0.04100721295981202,,,,1,89.79532867670059,0.01880689151585102,-0.004753672983497381,-0.0018427744507789612,-1.4119354233931694
2018-09-06,fold_5,2018 Vol-mageddon + Q4 sell-off,-0.000825442373752594,-1,-0.0038578850217163563,-1,0.0038578850217163563,0.04486509798152838,,,,1,38.57885021716356,0.01742086187005043,0.014849498867988586,-0.000825442373752594,-0.5789416532339245
2018-09-07,fold_5,2018 Vol-mageddon + Q4 sell-off,-0.001293778419494629,-1,0.0033623524941504,1,-0.0033623524941504,0.04150274548737798,,,,0,-33.623524941504,0.015608372166752815,0.015776794403791428,-0.001293778419494629,0.5005041863548502
2018-09-10,fold_5,2018 Vol-mageddon + Q4 sell-off,-0.0018906071782112122,-1,0.007675017695873976,1,-0.007675017695873976,0.033827727791504,,,,0,-76.75017695873976,0.014237741008400917,-0.0020932797342538834,-0.0018906071782112122,1.1737890568017
2018-09-11,fold_5,2018 Vol-mageddon + Q4 sell-off,-0.0007950812578201294,-1,-0.0029536255169659853,-1,0.0029536255169659853,0.03678135330846999,,,,1,29.536255169659853,0.012227296829223633,-0.0015308947768062353,-0.0007950812578201294,-0.4372117422280712
2018-09-12,fold_5,2018 Vol-mageddon + Q4 sell-off,0.0009012669324874878,1,0.010623639449477196,1,0.010623639449477196,0.047404992757947184,,,,1,106.23639449477196,0.01184854470193386,0.0006569302058778703,0.0009012669324874878,1.5993389285599509
2018-09-13,fold_5,2018 Vol-mageddon + Q4 sell-off,-0.002759791910648346,-1,-0.002930588787421584,-1,0.002930588787421584,0.05033558154536877,,,,1,29.30588787421584,0.003667872864753008,0.0010289637139067054,-0.002759791910648346,-0.45118622445558054
2018-09-14,fold_5,2018 Vol-mageddon + Q4 sell-off,-0.004156284034252167,-1,-0.014507722109556198,-1,0.014507722109556198,0.06484330365492497,,,,1,145.07722109556198,0.010335531085729599,-0.0015230397693812847,-0.004156284034252167,-2.2365085644815483
2018-09-17,fold_5,2018 Vol-mageddon + Q4 sell-off,0.004673004150390625,1,0.008237402886152267,1,0.008237402886152267,0.07308070654107723,,,,1,82.37402886152267,0.026235854253172874,0.01576199196279049,0.004673004150390625,1.13579438217693
2018-09-18,fold_5,2018 Vol-mageddon + Q4 sell-off,0.00485500693321228,1,-0.0007658004760742188,-1,-0.0007658004760742188,0.07231490606500302,,,,0,-7.6580047607421875,0.021663980558514595,0.00888301432132721,0.00485500693321228,-0.10237775008834965
2018-09-19,fold_5,2018 Vol-mageddon + Q4 sell-off,-0.006301574409008026,-1,0.010995673015713692,1,-0.010995673015713692,0.06131923304928932,,,,0,-109.95673015713692,0.012600544840097427,0.010354790836572647,-0.006301574409008026,1.4784977216211306
2018-09-20,fold_5,2018 Vol-mageddon + Q4 sell-off,-0.004391051828861237,-1,-0.00548259261995554,-1,0.00548259261995554,0.06680182566924486,,,,1,54.8259261995554,0.010921033099293709,0.007789247203618288,-0.004391051828861237,-0.7042587737554218
2018-09-21,fold_5,2018 Vol-mageddon + Q4 sell-off,0.0009504184126853943,1,0.002777309622615576,1,0.002777309622615576,0.06957913529186044,,,,1,27.773096226155758,0.018380645662546158,0.013056525960564613,0.0009504184126853943,0.35270575058628745
2018-09-24,fold_5,2018 Vol-mageddon + Q4 sell-off,-0.002842940390110016,-1,0.0013584248954430223,1,-0.0013584248954430223,0.06822071039641742,,,,0,-13.584248954430223,0.0073359315283596516,0.01232261210680008,-0.002842940390110016,0.17819671546611277
2018-09-25,fold_5,2018 Vol-mageddon + Q4 sell-off,-0.0026095062494277954,-1,0.0007059755735099316,1,-0.0007059755735099316,0.06751473482290749,,,,0,-7.059755735099316,0.008398151025176048,0.008705517277121544,-0.0026095062494277954,0.09691556136553459
2018-09-26,fold_5,2018 Vol-mageddon + Q4 sell-off,-0.0007998570799827576,-1,0.00843012984842062,1,-0.00843012984842062,0.059084604974486865,,,,0,-84.3012984842062,0.01767461746931076,0.009075534529983997,-0.0007998570799827576,1.1581767856288074
2018-09-27,fold_5,2018 Vol-mageddon + Q4 sell-off,-0.003922790288925171,-1,-0.0002153137611458078,-1,0.0002153137611458078,0.05929991873563267,,,,1,2.153137611458078,0.015069182962179184,-0.018739888444542885,-0.003922790288925171,-0.030463890037563997
2018-09-28,fold_5,2018 Vol-mageddon + Q4 sell-off,-0.007830619812011719,-1,0.002043396234512329,1,-0.002043396234512329,0.057256522501120344,,,,0,-20.43396234512329,0.018530400469899178,-0.030826954171061516,-0.007830619812011719,0.28955915449981495
2018-10-01,fold_5,2018 Vol-mageddon + Q4 sell-off,-0.005180083215236664,-1,-0.0022586702834814787,-1,0.0022586702834814787,0.05951519278460182,,,,1,22.586702834814787,0.014493299648165703,-0.03899511694908142,-0.005180083215236664,-0.3196605862331189
2018-10-02,fold_5,2018 Vol-mageddon + Q4 sell-off,-0.005266137421131134,-1,0.0010759925935417414,1,-0.0010759925935417414,0.05843920019106008,,,,0,-10.759925935417414,0.01060628890991211,-0.0335022509098053,-0.005266137421131134,0.1533092755250861
2018-10-03,fold_5,2018 Vol-mageddon + Q4 sell-off,-0.005065836012363434,-1,-0.019385293126106262,-1,0.019385293126106262,0.07782449331716634,,,,1,193.85293126106262,0.012037968263030052,-0.07955434173345566,-0.005065836012363434,-3.032313178191907
2018-10-04,fold_5,2018 Vol-mageddon + Q4 sell-off,-0.0004520788788795471,-1,-0.012302380055189133,-1,0.012302380055189133,0.09012687337235548,,,,1,123.02380055189133,0.015577798709273338,-0.07264971733093262,-0.0004520788788795471,-1.649475386727381
2018-10-05,fold_5,2018 Vol-mageddon + Q4 sell-off,0.004784144461154938,1,-0.006124766077846289,-1,-0.006124766077846289,0.08400210729450919,,,,0,-61.24766077846289,0.015795988962054253,-0.032896917313337326,0.004784144461154938,-0.7750360940234491
2018-10-08,fold_5,2018 Vol-mageddon + Q4 sell-off,-0.0028664544224739075,-1,0.003234193893149495,1,-0.003234193893149495,0.08076791340135969,,,,0,-32.34193893149495,0.00820906087756157,-0.03895066678524017,-0.0028664544224739075,0.4050319915801271
2018-10-09,fold_5,2018 Vol-mageddon + Q4 sell-off,-0.00014577805995941162,-1,-0.04497610032558441,-1,0.04497610032558441,0.1257440137269441,,,,1,449.7610032558441,0.0064682080410420895,-0.013507483527064323,-0.00014577805995941162,-5.74268986795803
2018-10-10,fold_5,2018 Vol-mageddon + Q4 sell-off,0.005682341754436493,1,-0.012480662204325199,-1,-0.012480662204325199,0.1132633515226189,,,,0,-124.80662204325199,0.006944227498024702,0.03186367079615593,0.005682341754436493,-0.9804380361378571
2018-10-11,fold_5,2018 Vol-mageddon + Q4 sell-off,0.0062782615423202515,1,0.02745041809976101,1,0.02745041809976101,0.14071376962237991,,,,1,274.5041809976101,0.0051785423420369625,0.020888805389404297,0.0062782615423202515,2.142276908545707
2018-10-12,fold_5,2018 Vol-mageddon + Q4 sell-off,0.00619400292634964,1,-0.012178515084087849,-1,-0.012178515084087849,0.12853525453829207,,,,0,-121.78515084087849,0.0015404275618493557,-0.007485735230147839,0.00619400292634964,-0.8580742505676323
2018-10-15,fold_5,2018 Vol-mageddon + Q4 sell-off,0.006037324666976929,1,0.028677375987172127,1,0.028677375987172127,0.1572126305254642,,,,1,286.77375987172127,0.0024053934030234814,0.009823471307754517,0.006037324666976929,2.0363214130848357
2018-10-16,fold_5,2018 Vol-mageddon + Q4 sell-off,0.006514988839626312,1,0.0003950525133404881,1,0.0003950525133404881,0.15760768303880468,,,,1,3.9505251334048808,0.0028821160085499287,-0.022540796548128128,0.006514988839626312,0.025712687103086888
2018-10-17,fold_5,2018 Vol-mageddon + Q4 sell-off,0.00670083612203598,1,-0.023455524817109108,-1,-0.023455524817109108,0.13415215822169557,,,,0,-234.55524817109108,0.0012447768822312355,-0.0697828084230423,0.00670083612203598,-1.526713668475972
2018-10-18,fold_5,2018 Vol-mageddon + Q4 sell-off,0.006611250340938568,1,-0.00092412339290604,-1,-0.00092412339290604,0.13322803482878953,,,,0,-9.2412339290604,0.0009654569439589977,-0.012317018583416939,0.006611250340938568,-0.05758955729145474
2018-10-19,fold_5,2018 Vol-mageddon + Q4 sell-off,0.007506974041461945,1,0.005130691919475794,1,0.005130691919475794,0.13835872674826533,,,,1,51.30691919475794,0.0023665758781135082,-0.037451568990945816,0.007506974041461945,0.3206451188195099
2018-10-22,fold_5,2018 Vol-mageddon + Q4 sell-off,0.006660014390945435,1,-0.003686893032863736,-1,-0.003686893032863736,0.1346718337154016,,,,0,-36.86893032863736,0.002195401582866907,-0.06337808072566986,0.006660014390945435,-0.22999663911757656
2018-10-23,fold_5,2018 Vol-mageddon + Q4 sell-off,0.005621716380119324,1,-0.04684695973992348,-1,-0.04684695973992348,0.08782487397547811,,,,0,-468.4695973992348,0.0036376104690134525,-0.04334544390439987,0.005621716380119324,-2.9190838441089455
2018-10-24,fold_5,2018 Vol-mageddon + Q4 sell-off,0.006068788468837738,1,0.03401026502251625,1,0.03401026502251625,0.12183513899799436,,,,1,340.1026502251625,0.006312102545052767,0.026734814047813416,0.006068788468837738,1.77468860016443
2018-10-25,fold_5,2018 Vol-mageddon + Q4 sell-off,0.005878150463104248,1,-0.026058673858642578,-1,-0.026058673858642578,0.09577646513935179,,,,0,-260.5867385864258,0.006148208398371935,0.00582903204485774,0.005878150463104248,-1.2692032756157483
2018-10-26,fold_5,2018 Vol-mageddon + Q4 sell-off,0.0054808929562568665,1,-0.02079581841826439,-1,-0.02079581841826439,0.0749806467210874,,,,0,-207.9581841826439,0.006131947506219149,0.016188867390155792,0.0054808929562568665,-0.9743944970941217
2018-10-29,fold_5,2018 Vol-mageddon + Q4 sell-off,0.0070335641503334045,1,0.01634574495255947,1,0.01634574495255947,0.09132639167364687,,,,1,163.4574495255947,0.006951842922717333,0.03450203314423561,0.0070335641503334045,0.7484921883353494
2018-10-30,fold_5,2018 Vol-mageddon + Q4 sell-off,0.006316624581813812,1,0.02323329448699951,1,0.02323329448699951,0.11455968616064638,,,,1,232.33294486999512,0.005758219864219427,0.025703391060233116,0.006316624581813812,1.0495600485665344
2018-10-31,fold_5,2018 Vol-mageddon + Q4 sell-off,0.0060535818338394165,1,0.013104485347867012,1,0.013104485347867012,0.1276641715085134,,,,1,131.04485347867012,0.004515503998845816,0.03335581719875336,0.0060535818338394165,0.5763659324773915
2018-11-01,fold_5,2018 Vol-mageddon + Q4 sell-off,0.006393276154994965,1,-0.015698837116360664,-1,-0.015698837116360664,0.11196533439215273,,,,0,-156.98837116360664,0.004762237425893545,0.013852041214704514,0.006393276154994965,-0.6973882163455799
2018-11-02,fold_5,2018 Vol-mageddon + Q4 sell-off,0.007319465279579163,1,-0.002482652897015214,-1,-0.002482652897015214,0.10948268149513751,,,,0,-24.82652897015214,0.004811011720448732,0.012555296532809734,0.007319465279579163,-0.10977283931015479
2018-11-05,fold_5,2018 Vol-mageddon + Q4 sell-off,0.005586273968219757,1,0.007547101005911827,1,0.007547101005911827,0.11702978250104934,,,,1,75.47101005911827,0.004900918807834387,-0.01568807289004326,0.005586273968219757,0.33421468347266076
2018-11-06,fold_5,2018 Vol-mageddon + Q4 sell-off,0.005267426371574402,1,0.0308857224881649,1,0.0308857224881649,0.14791550498921424,,,,1,308.857224881649,0.004748328123241663,-0.022393720224499702,0.005267426371574402,1.3646313407784774
2018-11-07,fold_5,2018 Vol-mageddon + Q4 sell-off,0.005532793700695038,1,-0.006399292498826981,-1,-0.006399292498826981,0.14151621249038726,,,,0,-63.992924988269806,0.004327899310737848,-0.0609380342066288,0.005532793700695038,-0.2987561094118364
2018-11-08,fold_5,2018 Vol-mageddon + Q4 sell-off,0.004920020699501038,1,-0.01699558086693287,-1,-0.01699558086693287,0.12452063162345439,,,,0,-169.9558086693287,0.004125653300434351,-0.03719615936279297,0.004920020699501038,-0.7984634592381895
2018-11-09,fold_5,2018 Vol-mageddon + Q4 sell-off,0.0032901763916015625,1,-0.030726023018360138,-1,-0.030726023018360138,0.09379460860509425,,,,0,-307.2602301836014,0.005428233649581671,-0.023716740310192108,0.0032901763916015625,-1.4820286766987243
2018-11-12,fold_5,2018 Vol-mageddon + Q4 sell-off,0.003340296447277069,1,0.000841454544570297,1,0.000841454544570297,0.09463606314966455,,,,1,8.41454544570297,0.008007150143384933,-0.026007166132330894,0.003340296447277069,0.03882904903812807
2018-11-13,fold_5,2018 Vol-mageddon + Q4 sell-off,0.005356431007385254,1,-0.007658591028302908,-1,-0.007658591028302908,0.08697747212136164,,,,0,-76.58591028302908,0.012397076934576035,-0.044905394315719604,0.005356431007385254,-0.3699598816985418
2018-11-14,fold_5,2018 Vol-mageddon + Q4 sell-off,0.00428859144449234,1,0.01734258234500885,1,0.01734258234500885,0.1043200544663705,,,,1,173.4258234500885,0.0169517919421196,-0.029672911390662193,0.00428859144449234,0.8349153533134935
2018-11-15,fold_5,2018 Vol-mageddon + Q4 sell-off,0.0049220845103263855,1,-0.0035161625128239393,-1,-0.0035161625128239393,0.10080389195354655,,,,0,-35.16162512823939,0.01435946673154831,-0.05427509918808937,0.0049220845103263855,-0.17177737056518852
2018-11-16,fold_5,2018 Vol-mageddon + Q4 sell-off,0.00499541312456131,1,-0.033016450703144073,-1,-0.033016450703144073,0.06778744125040248,,,,0,-330.16450703144073,0.01184404082596302,-0.027908116579055786,0.00499541312456131,-1.611867493491997
2018-11-19,fold_5,2018 Vol-mageddon + Q4 sell-off,0.006430283188819885,1,-0.018056772649288177,-1,-0.018056772649288177,0.0497306686011143,,,,0,-180.56772649288177,0.008285978808999062,0.008479170501232147,0.006430283188819885,-0.8304656952937203
2018-11-20,fold_5,2018 Vol-mageddon + Q4 sell-off,0.0074110329151153564,1,0.007573891896754503,1,0.007573891896754503,0.057304560497868806,,,,1,75.73891896754503,0.006698752287775278,0.058211855590343475,0.0074110329151153564,0.342721089958986
2018-11-21,fold_5,2018 Vol-mageddon + Q4 sell-off,0.006649293005466461,1,-0.007259607780724764,-1,-0.007259607780724764,0.05004495271714404,,,,0,-72.59607780724764,0.004664898384362459,0.047372590750455856,0.006649293005466461,-0.37166995530783903
2018-11-23,fold_5,2018 Vol-mageddon + Q4 sell-off,0.0056365132331848145,1,0.022850820794701576,1,0.022850820794701576,0.07289577351184562,,,,1,228.50820794701576,0.004010731820017099,0.06186139956116676,0.0056365132331848145,1.2649789142725905
2018-11-26,fold_5,2018 Vol-mageddon + Q4 sell-off,0.005962274968624115,1,0.0033708387054502964,1,0.0033708387054502964,0.07626661221729591,,,,1,33.708387054502964,0.005541537422686815,0.05633609741926193,0.005962274968624115,0.1888876302400691
2018-11-27,fold_5,2018 Vol-mageddon + Q4 sell-off,0.005784831941127777,1,0.03167591243982315,1,0.03167591243982315,0.10794252465711907,,,,1,316.7591243982315,0.004070304799824953,0.013853813521564007,0.005784831941127777,1.8367398910174983
2018-11-28,fold_5,2018 Vol-mageddon + Q4 sell-off,0.005680516362190247,1,-0.0032653752714395523,-1,-0.0032653752714395523,0.10467714938567951,,,,0,-32.65375271439552,0.004284678492695093,-0.01078720297664404,0.005680516362190247,-0.17861348239722183
2018-11-29,fold_5,2018 Vol-mageddon + Q4 sell-off,0.006243504583835602,1,0.007229202892631292,1,0.007229202892631292,0.1119063522783108,,,,1,72.29202892631292,0.0028434903360903263,-0.04109470173716545,0.006243504583835602,0.4120773526837548
2018-11-30,fold_5,2018 Vol-mageddon + Q4 sell-off,0.006295017898082733,1,0.017325518652796745,1,0.017325518652796745,0.12923187093110755,,,,1,173.25518652796745,0.0024336441420018673,-0.037905894219875336,0.006295017898082733,0.997310767714053
2018-12-03,fold_5,2018 Vol-mageddon + Q4 sell-off,0.005422279238700867,1,-0.03911144658923149,-1,-0.03911144658923149,0.09012042434187606,,,,0,-391.1144658923149,0.0029831775464117527,-0.05192564055323601,0.005422279238700867,-2.241424192443102
2018-12-04,fold_5,2018 Vol-mageddon + Q4 sell-off,0.004987940192222595,1,0.007034897338598967,1,0.007034897338598967,0.09715532168047503,,,,1,70.34897338598967,0.0042493934743106365,-0.004051308147609234,0.004987940192222595,0.3605707093956329
2018-12-06,fold_5,2018 Vol-mageddon + Q4 sell-off,0.0065303221344947815,1,-0.03357287496328354,-1,-0.03357287496328354,0.06358244671719149,,,,0,-335.7287496328354,0.009597020223736763,-0.010783231817185879,0.0065303221344947815,-1.7216083160429345
2018-12-07,fold_5,2018 Vol-mageddon + Q4 sell-off,0.005040854215621948,1,0.01041800994426012,1,0.01041800994426012,0.07400045666145161,,,,1,104.1800994426012,0.009783968329429626,-0.0018603972857818007,0.005040854215621948,0.5282515780582366
2018-12-10,fold_5,2018 Vol-mageddon + Q4 sell-off,0.005270443856716156,1,0.003305772552266717,1,0.003305772552266717,0.07730622921371832,,,,1,33.05772552266717,0.017616579309105873,-0.03519889712333679,0.005270443856716156,0.16689777918986154
2018-12-11,fold_5,2018 Vol-mageddon + Q4 sell-off,0.004990004003047943,1,0.008762886747717857,1,0.008762886747717857,0.08606911596143618,,,,1,87.62886747717857,0.012499948963522911,-0.032235823571681976,0.004990004003047943,0.45045938463094426
2018-12-12,fold_5,2018 Vol-mageddon + Q4 sell-off,0.005748271942138672,1,0.0003029732615686953,1,0.0003029732615686953,0.08637208922300488,,,,1,3.029732615686953,0.011405447497963905,-0.06586034595966339,0.005748271942138672,0.016551644777471525
2018-12-13,fold_5,2018 Vol-mageddon + Q4 sell-off,0.005812838673591614,1,-0.02465003915131092,-1,-0.02465003915131092,0.06172205007169396,,,,0,-246.5003915131092,0.007915494963526726,-0.08076487481594086,0.005812838673591614,-1.3467111284400528
2018-12-14,fold_5,2018 Vol-mageddon + Q4 sell-off,0.007429346442222595,1,-0.02292048931121826,-1,-0.02292048931121826,0.038801560760475695,,,,0,-229.20489311218262,0.004811003338545561,-0.08759868144989014,0.007429346442222595,-1.2038753790062104
2018-12-17,fold_5,2018 Vol-mageddon + Q4 sell-off,0.0063498616218566895,1,0.006268845871090889,1,0.006268845871090889,0.045070406631566584,,,,1,62.68845871090889,0.005274675320833921,-0.08978883922100067,0.0063498616218566895,0.3242801571004377
2018-12-18,fold_5,2018 Vol-mageddon + Q4 sell-off,0.006574302911758423,1,-0.024861635640263557,-1,-0.024861635640263557,0.020208770991303027,,,,0,-248.61635640263557,0.0046500856988132,-0.035490769892930984,0.006574302911758423,-1.283752666124262
2018-12-19,fold_5,2018 Vol-mageddon + Q4 sell-off,0.005748093128204346,1,-0.014601556584239006,-1,-0.014601556584239006,0.005607214407064021,,,,0,-146.01556584239006,0.005585323553532362,-0.006766404490917921,0.005748093128204346,-0.7788662930931695
2018-12-20,fold_5,2018 Vol-mageddon + Q4 sell-off,0.0061015784740448,1,-0.03148384019732475,-1,-0.03148384019732475,-0.025876625790260732,,,,0,-314.8384019732475,0.007014045957475901,0.007312349509447813,0.0061015784740448,-1.6930339809025827
2018-12-21,fold_5,2018 Vol-mageddon + Q4 sell-off,0.00623997300863266,1,-0.025110647082328796,-1,-0.025110647082328796,-0.05098727287258953,,,,0,-251.10647082328796,0.007707394193857908,0.047193724662065506,0.00623997300863266,-1.2674572673187545
2018-12-24,fold_5,2018 Vol-mageddon + Q4 sell-off,0.0067548975348472595,1,0.06056690961122513,1,0.06056690961122513,0.0095796367386356,,,,1,605.6690961122513,0.006522722076624632,0.07631570100784302,0.0067548975348472595,2.950446690963408
2018-12-26,fold_5,2018 Vol-mageddon + Q4 sell-off,0.006456457078456879,1,0.0038627306930720806,1,0.0038627306930720806,0.01344236743170768,,,,1,38.627306930720806,0.006239598151296377,-0.017467688769102097,0.006456457078456879,0.1605697928539248
2018-12-27,fold_5,2018 Vol-mageddon + Q4 sell-off,0.005707927048206329,1,-0.0005228033987805247,-1,-0.0005228033987805247,0.012919564032927155,,,,0,-5.228033987805247,0.004156713839620352,0.020564427599310875,0.005707927048206329,-0.021729065604608522
2018-12-28,fold_5,2018 Vol-mageddon + Q4 sell-off,0.005430065095424652,1,0.008397532626986504,1,0.008397532626986504,0.02131709665991366,,,,1,83.97532626986504,0.003815895412117243,0.03292231634259224,0.005430065095424652,0.36520208009465255
2018-12-31,fold_5,2018 Vol-mageddon + Q4 sell-off,0.0057974085211753845,1,0.00401133019477129,1,0.00401133019477129,0.02532842685468495,,,,1,40.1133019477129,0.002960937563329935,0.03352988138794899,0.0057974085211753845,0.17395794166586181
2019-01-02,fold_5,2018 Vol-mageddon + Q4 sell-off,0.005450531840324402,1,-0.033216480165719986,-1,-0.033216480165719986,-0.007888053311035037,,,,0,-332.16480165719986,0.0030280821956694126,0.03763500228524208,0.005450531840324402,-1.4429433525971453
2019-01-03,fold_5,2018 Vol-mageddon + Q4 sell-off,0.004864253103733063,1,0.04189484566450119,1,0.04189484566450119,0.03400679235346615,,,,1,418.9484566450119,0.004257888998836279,0.07370780408382416,0.004864253103733063,1.7546651131761455
2019-01-04,fold_5,2018 Vol-mageddon + Q4 sell-off,0.004990138113498688,1,0.011835084296762943,1,0.011835084296762943,0.045841876650229096,,,,1,118.35084296762943,0.0038679041899740696,0.028147896751761436,0.004990138113498688,0.4908543546392967
2019-01-07,fold_5,2018 Vol-mageddon + Q4 sell-off,0.003685303032398224,1,0.009005100466310978,1,0.009005100466310978,0.054846977116540074,,,,1,90.05100466310978,0.0033518695272505283,0.0074369218200445175,0.003685303032398224,0.37203579793221414
2019-01-08,fold_5,2018 Vol-mageddon + Q4 sell-off,0.0031429603695869446,1,0.008116450160741806,1,0.008116450160741806,0.06296342727728188,,,,1,81.16450160741806,0.00464738579466939,0.01776972971856594,0.0031429603695869446,0.3513725713332447
2019-01-09,fold_5,2018 Vol-mageddon + Q4 sell-off,0.005518101155757904,1,0.0028563211672008038,1,0.0028563211672008038,0.06581974844448268,,,,1,28.563211672008038,0.0036110649816691875,0.009468733333051205,0.005518101155757904,0.12390206631015782
2019-01-10,fold_5,2018 Vol-mageddon + Q4 sell-off,0.0048400163650512695,1,-0.0036650579422712326,-1,-0.0036650579422712326,0.06215469050221145,,,,0,-36.650579422712326,0.003692749422043562,0.014465805143117905,0.0048400163650512695,-0.15900432044947757
2019-01-11,fold_5,2018 Vol-mageddon + Q4 sell-off,0.00331985205411911,1,-0.00887589156627655,-1,-0.00887589156627655,0.0532787989359349,,,,0,-88.7589156627655,0.0049341400153934956,0.027982445433735847,0.00331985205411911,-0.3862234557550303
2019-01-14,fold_5,2018 Vol-mageddon + Q4 sell-off,0.005236886441707611,1,0.019337907433509827,1,0.019337907433509827,0.07261670636944473,,,,1,193.37907433509827,0.004604794550687075,0.016624685376882553,0.005236886441707611,0.8383482210297947
2019-01-15,fold_5,2018 Vol-mageddon + Q4 sell-off,0.006952434778213501,1,-0.0001845464576035738,-1,-0.0001845464576035738,0.07243215991184115,,,,0,-1.845464576035738,0.0056500365026295185,-0.0014171712100505829,0.006952434778213501,-0.00808987921917732
2019-01-16,fold_5,2018 Vol-mageddon + Q4 sell-off,0.0031812041997909546,1,0.007853393442928791,1,0.007853393442928791,0.08028555335476995,,,,1,78.53393442928791,0.003679827321320772,0.0052218688651919365,0.0031812041997909546,0.35329712750900966
2019-01-17,fold_5,2018 Vol-mageddon + Q4 sell-off,0.00745227187871933,1,0.009851583279669285,1,0.009851583279669285,0.09013713663443923,,,,1,98.51583279669285,0.00226328382268548,0.009246372617781162,0.00745227187871933,0.4426878625243031
2019-01-18,fold_5,2018 Vol-mageddon + Q4 sell-off,0.0021139755845069885,1,-0.020233651623129845,-1,-0.020233651623129845,0.06990348501130939,,,,0,-202.33651623129845,0.002312608528882265,-0.013034457340836525,0.0021139755845069885,-0.9341151823620253
2019-01-22,fold_5,2018 Vol-mageddon + Q4 sell-off,1.9825994968414307e-05,1,0.0012960510794073343,1,0.0012960510794073343,0.07119953609071672,,,,1,12.960510794073343,0.005536756012588739,-0.002287453506141901,1.9825994968414307e-05,0.05921816890991798
2019-01-23,fold_5,2018 Vol-mageddon + Q4 sell-off,0.0004946216940879822,1,0.006454493384808302,1,0.006454493384808302,0.07765402947552502,,,,1,64.54493384808302,0.004279872868210077,0.0215363297611475,0.0004946216940879822,0.31143682154349095
2019-01-24,fold_5,2018 Vol-mageddon + Q4 sell-off,0.0014269202947616577,1,0.011877898126840591,1,0.011877898126840591,0.08953192760236561,,,,1,118.77898126840591,-0.0009572240523993969,0.02993958815932274,0.0014269202947616577,0.5938378744339285
2019-01-25,fold_5,2018 Vol-mageddon + Q4 sell-off,0.0009634941816329956,1,-0.012429247610270977,-1,-0.012429247610270977,0.07710267999209464,,,,0,-124.29247610270977,-0.00030958233401179314,0.013830570504069328,0.0009634941816329956,-0.8309956368039547
2019-01-28,fold_5,2018 Vol-mageddon + Q4 sell-off,-0.002637602388858795,-1,-0.009486648254096508,-1,0.009486648254096508,0.08658932824619114,,,,1,94.86648254096508,0.005340366158634424,0.038604870438575745,-0.002637602388858795,-0.62459246102514
2019-01-29,fold_5,2018 Vol-mageddon + Q4 sell-off,0.0029040053486824036,1,0.025119835510849953,1,0.025119835510849953,0.1117091637570411,,,,1,251.19835510849953,0.008814424276351929,0.05690077319741249,0.0029040053486824036,1.6380173508875673
2019-01-30,fold_5,2018 Vol-mageddon + Q4 sell-off,0.003086104989051819,1,0.01485775038599968,1,0.01485775038599968,0.12656691414304078,,,,1,148.5775038599968,-0.007793042808771133,0.028794310986995697,0.003086104989051819,0.9158159736361503
2019-01-31,fold_5,2018 Vol-mageddon + Q4 sell-off,-0.0013415366411209106,-1,-0.004231119528412819,-1,0.004231119528412819,0.1307980336714536,,,,1,42.31119528412819,-0.007254910655319691,0.00041609382606111467,-0.0013415366411209106,-0.25587502014519004
2019-02-01,fold_5,2018 Vol-mageddon + Q4 sell-off,-0.003845907747745514,-1,0.01234505232423544,1,-0.01234505232423544,0.11845298134721816,,,,0,-123.4505232423544,-0.0009091249667108059,0.006606902461498976,-0.003845907747745514,0.8338895394396779
2019-02-04,fold_5,2018 Vol-mageddon + Q4 sell-off,0.0014969706535339355,1,0.008809252642095089,1,0.008809252642095089,0.12726223398931324,,,,1,88.09252642095089,-0.003899595234543085,-0.006687937770038843,0.0014969706535339355,0.7471241039746336
2019-02-05,fold_5,2018 Vol-mageddon + Q4 sell-off,0.001879170536994934,1,-0.0029866250697523355,-1,-0.0029866250697523355,0.12427560891956091,,,,0,-29.866250697523355,-0.003932326100766659,-0.0008191018714569509,0.001879170536994934,-0.25619367299360474
2019-02-06,fold_5,2018 Vol-mageddon + Q4 sell-off,-0.0005479305982589722,-1,-0.013520467095077038,-1,0.013520467095077038,0.13779607601463795,,,,1,135.20467095077038,0.007571572903543711,0.002869384828954935,-0.0005479305982589722,-1.175501688232634
2019-02-07,fold_5,2018 Vol-mageddon + Q4 sell-off,0.000963158905506134,1,0.001959689659997821,1,0.001959689659997821,0.13975576567463577,,,,1,19.59689659997821,0.009346896782517433,0.017617112025618553,0.000963158905506134,0.1667357073202623
2019-02-08,fold_5,2018 Vol-mageddon + Q4 sell-off,-0.0006952583789825439,-1,-0.0009497877908870578,-1,0.0009497877908870578,0.14070555346552283,,,,1,9.497877908870578,0.01008068211376667,0.019853880628943443,-0.0006952583789825439,-0.08087375287144566
2019-02-11,fold_5,2018 Vol-mageddon + Q4 sell-off,-0.0011306479573249817,-1,0.014678088948130608,1,-0.014678088948130608,0.12602746451739222,,,,0,-146.78088948130608,0.006694766227155924,0.022779028862714767,-0.0011306479573249817,1.2526771766344347
2019-02-12,fold_5,2018 Vol-mageddon + Q4 sell-off,0.0019279271364212036,1,0.0007018616888672113,1,0.0007018616888672113,0.12672932620625943,,,,1,7.018616888672113,0.00630102539435029,0.00792672112584114,0.0019279271364212036,0.05846206533534345
2019-02-13,fold_5,2018 Vol-mageddon + Q4 sell-off,-0.0009276196360588074,-1,0.001227260334417224,1,-0.001227260334417224,0.1255020658718422,,,,0,-12.27260334417224,0.0002932441420853138,0.0035608201287686825,-0.0009276196360588074,0.10956938104039882
2019-02-14,fold_5,2018 Vol-mageddon + Q4 sell-off,-0.004628829658031464,-1,0.004196458030492067,1,-0.004196458030492067,0.12130560784135014,,,,0,-41.96458030492067,-0.0063529834151268005,0.00970625039190054,-0.004628829658031464,0.3745484592003061
2019-02-15,fold_5,2018 Vol-mageddon + Q4 sell-off,-0.0002800747752189636,-1,0.001975360093638301,1,-0.001975360093638301,0.11933024774771184,,,,0,-19.75360093638301,-0.008787088096141815,0.009147333912551403,-0.0002800747752189636,0.1778756870323239
2019-02-19,fold_5,2018 Vol-mageddon + Q4 sell-off,0.0018315911293029785,1,-0.00017421865777578205,-1,-0.00017421865777578205,0.11915602908993606,,,,0,-1.7421865777578205,-0.0042629544623196125,0.008208819665014744,0.0018315911293029785,-0.015992804153815002
2019-02-20,fold_5,2018 Vol-mageddon + Q4 sell-off,-0.002082057297229767,-1,-0.0036640395410358906,-1,0.0036640395410358906,0.12282006863097195,,,,1,36.640395410358906,-0.006200767122209072,0.007749252486974001,-0.002082057297229767,-0.3697444191702923
2019-02-21,fold_5,2018 Vol-mageddon + Q4 sell-off,0.0002087131142616272,1,0.007372690364718437,1,0.007372690364718437,0.13019275899569038,,,,1,73.72690364718437,-0.003514382755383849,0.009106521494686604,0.0002087131142616272,0.7417759552143991
2019-02-22,fold_5,2018 Vol-mageddon + Q4 sell-off,0.000500895082950592,1,0.0036375417839735746,1,0.0036375417839735746,0.13383030077966396,,,,1,36.375417839735746,-0.004385750740766525,0.00863878894597292,0.000500895082950592,0.36480757635248523
2019-02-25,fold_5,2018 Vol-mageddon + Q4 sell-off,-0.0003194063901901245,-1,0.0010368457296863198,1,-0.0010368457296863198,0.13279345504997764,,,,0,-10.368457296863198,-0.00026841042563319206,0.005173328332602978,-0.0003194063901901245,0.10749815623397956
2019-02-26,fold_5,2018 Vol-mageddon + Q4 sell-off,0.002972021698951721,1,-0.0006337863160297275,-1,-0.0006337863160297275,0.1321596687339479,,,,0,-6.337863160297275,0.002112434711307287,0.004881580825895071,0.002972021698951721,-0.06859860697891929
2019-02-27,fold_5,2018 Vol-mageddon + Q4 sell-off,-0.0010668933391571045,-1,-0.002306770533323288,-1,0.002306770533323288,0.1344664392672712,,,,1,23.06770533323288,-0.0004938133060932159,-0.00017281183681916445,-0.0010668933391571045,-0.2564972928000794
2019-02-28,fold_5,2018 Vol-mageddon + Q4 sell-off,-0.0011014267802238464,-1,0.006904958747327328,1,-0.006904958747327328,0.12756148051994387,,,,0,-69.04958747327328,0.0029621790163218975,-0.010214511305093765,-0.0011014267802238464,0.9804763321443797
2019-03-01,fold_5,2018 Vol-mageddon + Q4 sell-off,-0.0009016096591949463,-1,0.00017208090866915882,1,-0.00017208090866915882,0.1273893996112747,,,,0,-1.7208090866915882,0.0037873811088502407,-0.018637001514434814,-0.0009016096591949463,0.026893411076215196
2019-03-04,fold_5,2018 Vol-mageddon + Q4 sell-off,1.0497868061065674e-05,1,0.0007450981065630913,1,0.0007450981065630913,0.1281344977178378,,,,1,7.450981065630913,0.005762728396803141,0.0017753717256709933,1.0497868061065674e-05,0.11773856278902868
2019-03-05,fold_5,2018 Vol-mageddon + Q4 sell-off,-0.0019523054361343384,-1,-0.005688178818672895,-1,0.005688178818672895,0.1338226765365107,,,,1,56.881788186728954,0.0014150976203382015,0.0065093920566141605,-0.0019523054361343384,-0.9984404366472546
2019-03-06,fold_5,2018 Vol-mageddon + Q4 sell-off,-0.0014987289905548096,-1,-0.012348470278084278,-1,0.012348470278084278,0.14617114681459498,,,,1,123.48470278084278,0.0029132752679288387,0.01968303509056568,-0.0014987289905548096,-2.2472515457824884
2019-03-07,fold_5,2018 Vol-mageddon + Q4 sell-off,-0.003478214144706726,-1,-0.0015175314620137215,-1,0.0015175314620137215,0.1476886782766087,,,,1,15.175314620137215,0.00428911903873086,0.030335213989019394,-0.003478214144706726,-0.2482345434549959
2019-03-08,fold_5,2018 Vol-mageddon + Q4 sell-off,6.410479545593262e-05,1,0.020584454759955406,1,0.020584454759955406,0.1682731330365641,,,,1,205.84454759955406,0.014009987935423851,0.041090596467256546,6.410479545593262e-05,3.8661865610744894
2019-03-11,fold_5,2018 Vol-mageddon + Q4 sell-off,-0.0007132962346076965,-1,0.005479118321090937,1,-0.005479118321090937,0.16279401471547317,,,,0,-54.79118321090937,0.0037395297549664974,0.022885199636220932,-0.0007132962346076965,0.7800188928272659
2019-03-12,fold_5,2018 Vol-mageddon + Q4 sell-off,-0.003346353769302368,-1,0.007485463283956051,1,-0.007485463283956051,0.15530855143151712,,,,0,-74.85463283956051,-0.014483705163002014,0.020762847736477852,-0.003346353769302368,1.0502638374398423
2019-03-13,fold_5,2018 Vol-mageddon + Q4 sell-off,0.0009967833757400513,1,-0.0016962912632152438,-1,-0.0016962912632152438,0.15361226016830187,,,,0,-16.962912632152438,-0.029896894469857216,0.01723448745906353,0.0009967833757400513,-0.259205191477666
2019-03-14,fold_5,2018 Vol-mageddon + Q4 sell-off,0.003008134663105011,1,0.009237850084900856,1,0.009237850084900856,0.16285011025320273,,,,1,92.37850084900856,-0.030148614197969437,0.03444202244281769,0.003008134663105011,1.409647264496538
2019-03-15,fold_5,2018 Vol-mageddon + Q4 sell-off,-0.010558396577835083,-1,0.0023790590930730104,1,-0.0023790590930730104,0.16047105116012972,,,,0,-23.790590930730104,-0.007327761501073837,0.0029952730983495712,-0.010558396577835083,0.34651527241994967
2019-03-18,fold_5,2018 Vol-mageddon + Q4 sell-off,-0.006564095616340637,-1,0.003356766188517213,1,-0.003356766188517213,0.1571142849716125,,,,0,-33.56766188517213,0.006946946028620005,-0.0012897165725007653,-0.006564095616340637,0.49204903498740066
2019-03-19,fold_5,2018 Vol-mageddon + Q4 sell-off,-0.009044453501701355,-1,0.003957103006541729,1,-0.003957103006541729,0.15315718196507078,,,,0,-39.57103006541729,0.014313248917460442,0.0,-0.009044453501701355,0.5777674207829703
2019-03-20,fold_5,2018 Vol-mageddon + Q4 sell-off,-0.00559648871421814,-1,0.015511245466768742,1,-0.015511245466768742,0.13764593649830204,,,,0,-155.11245466768742,0.009926812723279,-0.010400827042758465,-0.00559648871421814,2.2461296638731625
2019-03-21,fold_5,2018 Vol-mageddon + Q4 sell-off,-0.004634365439414978,-1,-0.02220890112221241,-1,0.02220890112221241,0.15985483762051445,,,,1,222.0890112221241,0.005249424371868372,-0.023610059171915054,-0.004634365439414978,-2.890170330312154
2019-03-22,fold_5,2018 Vol-mageddon + Q4 sell-off,-0.0030281245708465576,-1,-0.001905930577777326,-1,0.001905930577777326,0.16176076819829177,,,,1,19.05930577777326,0.00690252473577857,0.006141345482319593,-0.0030281245708465576,-0.21178024690818373
2019-03-25,fold_5,2018 Vol-mageddon + Q4 sell-off,5.278736352920532e-05,1,0.004646482411772013,1,0.004646482411772013,0.16640725061006378,,,,1,46.46482411772013,0.014718072488904,0.021207502111792564,5.278736352920532e-05,0.5178372879620403
2019-03-26,fold_5,2018 Vol-mageddon + Q4 sell-off,-0.001278206706047058,-1,-0.006443724036216736,-1,0.006443724036216736,0.17285097464628052,,,,1,64.43724036216736,0.009348645806312561,0.02034425549209118,-0.001278206706047058,-0.7136034369894386
2019-03-27,fold_5,2018 Vol-mageddon + Q4 sell-off,-0.00298985093832016,-1,0.0023020142689347267,1,-0.0023020142689347267,0.1705489603773458,,,,0,-23.020142689347267,0.015421727672219276,0.03251755237579346,-0.00298985093832016,0.25177956690205505
2019-03-28,fold_5,2018 Vol-mageddon + Q4 sell-off,0.0014753565192222595,1,0.007542503532022238,1,0.007542503532022238,0.17809146390936803,,,,1,75.42503532022238,0.015850644558668137,0.029834916815161705,0.0014753565192222595,0.8249561163490199
2019-03-29,fold_5,2018 Vol-mageddon + Q4 sell-off,0.0016764402389526367,1,0.013160225003957748,1,0.013160225003957748,0.19125168891332578,,,,1,131.60225003957748,0.011642726138234138,0.027450084686279297,0.0016764402389526367,1.4354417979438217
2019-04-01,fold_5,2018 Vol-mageddon + Q4 sell-off,-0.0012665614485740662,-1,0.0037832369562238455,1,-0.0037832369562238455,0.18746845195710193,,,,0,-37.832369562238455,-0.01485733687877655,0.01683189906179905,-0.0012665614485740662,0.3929132302604623
2019-04-02,fold_5,2018 Vol-mageddon + Q4 sell-off,-0.00154007226228714,-1,0.005729572847485542,1,-0.005729572847485542,0.1817388791096164,,,,0,-57.29572847485542,-0.0012402343563735485,0.009531304240226746,-0.00154007226228714,0.5928572924656258
2019-04-03,fold_5,2018 Vol-mageddon + Q4 sell-off,0.0031889379024505615,1,-0.0003806223103310913,-1,-0.0003806223103310913,0.1813582567992853,,,,0,-3.806223103310913,0.0018653501756489277,0.009153859689831734,0.0031889379024505615,-0.03937922860941791
2019-04-04,fold_5,2018 Vol-mageddon + Q4 sell-off,-0.00245734304189682,-1,0.00515767140313983,1,-0.00515767140313983,0.17620058539614547,,,,0,-51.576714031398296,0.004796305205672979,0.007159198634326458,-0.00245734304189682,0.5567941972777216
2019-04-05,fold_5,2018 Vol-mageddon + Q4 sell-off,0.0009800270199775696,1,0.0025420398451387882,1,0.0025420398451387882,0.17874262524128426,,,,1,25.420398451387882,0.008241601288318634,0.006315842270851135,0.0009800270199775696,0.2725024093881886
2019-04-08,fold_5,2018 Vol-mageddon + Q4 sell-off,0.004370629787445068,1,-0.0035173578653484583,-1,-0.0035173578653484583,0.1752252673759358,,,,0,-35.17357865348458,0.011229239404201508,0.003935340326279402,0.004370629787445068,-0.43243918616901417
2019-04-09,fold_5,2018 Vol-mageddon + Q4 sell-off,0.004041016101837158,1,0.005352128762751818,1,0.005352128762751818,0.18057739613868762,,,,1,53.52128762751818,0.011148452758789062,0.010890415869653225,0.004041016101837158,0.6624467096671369
2019-04-10,fold_5,2018 Vol-mageddon + Q4 sell-off,0.0019265785813331604,1,-0.0023752839770168066,-1,-0.0023752839770168066,0.1782021121616708,,,,0,-23.752839770168066,0.011389639228582382,0.009017187170684338,0.0019265785813331604,-0.29712804898278294
2019-04-11,fold_5,2018 Vol-mageddon + Q4 sell-off,0.0014234036207199097,1,0.004314315505325794,1,0.004314315505325794,0.1825164276669966,,,,1,43.14315505325794,0.009379200637340546,0.012674174271523952,0.0014234036207199097,0.5391018631979752
2019-04-12,fold_5,2018 Vol-mageddon + Q4 sell-off,0.00036159902811050415,1,0.0001615378278074786,1,0.0001615378278074786,0.18267796549480408,,,,1,1.615378278074786,0.010383699089288712,0.011184216476976871,0.00036159902811050415,0.020732427437063147
2019-04-15,fold_5,2018 Vol-mageddon + Q4 sell-off,0.0002895370125770569,1,0.0034377172123640776,1,0.0034377172123640776,0.18611568270716816,,,,1,34.377172123640776,0.008366435766220093,0.02366057224571705,0.0002895370125770569,0.4422379245469731
2019-04-16,fold_5,2018 Vol-mageddon + Q4 sell-off,-0.002243928611278534,-1,0.0034789007622748613,1,-0.0034789007622748613,0.1826367819448933,,,,0,-34.78900762274861,0.006562619004398584,0.0170652624219656,-0.002243928611278534,0.44743409613884627
2019-04-17,fold_5,2018 Vol-mageddon + Q4 sell-off,-0.001536346971988678,-1,0.001281703356653452,1,-0.001281703356653452,0.18135507858823985,,,,0,-12.81703356653452,0.005589465145021677,0.017636874690651894,-0.001536346971988678,0.16508748451011285
2019-04-18,fold_5,2018 Vol-mageddon + Q4 sell-off,-0.0023089274764060974,-1,0.002824357245117426,1,-0.002824357245117426,0.17853072134312242,,,,0,-28.24357245117426,0.006200161296874285,0.01724712736904621,-0.0023089274764060974,0.4062728922046816
2019-04-22,fold_5,2018 Vol-mageddon + Q4 sell-off,-0.0027276575565338135,-1,0.012637894600629807,1,-0.012637894600629807,0.16589282674249262,,,,0,-126.37894600629807,0.005866273771971464,0.016361890360713005,-0.0027276575565338135,2.5761801972299163
2019-04-23,fold_5,2018 Vol-mageddon + Q4 sell-off,-0.0021851062774658203,-1,-0.0031575928442180157,-1,0.0031575928442180157,0.16905041958671063,,,,1,31.575928442180157,0.008158914744853973,-0.004054222255945206,-0.0021851062774658203,-0.5593278337476337
2019-04-24,fold_5,2018 Vol-mageddon + Q4 sell-off,0.00010848045349121094,1,0.004050512798130512,1,0.004050512798130512,0.17310093238484114,,,,1,40.50512798130512,0.009649449959397316,-0.004119951277971268,0.00010848045349121094,0.7241279199257808
2019-04-25,fold_5,2018 Vol-mageddon + Q4 sell-off,0.000349290668964386,1,0.0008919559768401086,1,0.0008919559768401086,0.17399288836168125,,,,1,8.919559768401086,0.013335803523659706,-0.012520142830908298,0.000349290668964386,0.16275839997497182
2019-04-26,fold_5,2018 Vol-mageddon + Q4 sell-off,0.0006347671151161194,1,0.0019391197711229324,1,0.0019391197711229324,0.17593200813280419,,,,1,19.391197711229324,0.012134196236729622,0.002410326385870576,0.0006347671151161194,0.3551721476100761
2019-04-29,fold_5,2018 Vol-mageddon + Q4 sell-off,0.0003080591559410095,1,-0.007778218016028404,-1,-0.007778218016028404,0.16815379011677578,,,,0,-77.78218016028404,0.012109706178307533,-0.005670021288096905,0.0003080591559410095,-1.4927381154327648
2020-02-14,fold_6,COVID crash and V-recovery,-0.0005907118320465088,-1,0.00038334113196469843,1,-0.00038334113196469843,-0.00038334113196469843,,,,0,-3.8334113196469843,0.006353930104523897,-0.058126457035541534,-0.0005907118320465088,0.037054692594182814
2020-02-18,fold_6,COVID crash and V-recovery,0.0018875524401664734,1,0.009539753198623657,1,0.009539753198623657,0.009156412066658959,,,,1,95.39753198623657,0.006600414868444204,-0.0860784575343132,0.0018875524401664734,0.9273987048674636
2020-02-19,fold_6,COVID crash and V-recovery,-0.0010370537638664246,-1,-0.00932669173926115,-1,0.00932669173926115,0.01848310380592011,,,,1,93.2669173926115,0.005456792656332254,-0.09047750383615494,-0.0010370537638664246,-0.8878382572068921
2020-02-20,fold_6,COVID crash and V-recovery,-0.002235814929008484,-1,-0.019396374002099037,-1,0.019396374002099037,0.037879477808019146,,,,1,193.96374002099037,0.006659772712737322,-0.1325218379497528,-0.002235814929008484,-1.8138145511056467
2020-02-21,fold_6,COVID crash and V-recovery,-0.0010595396161079407,-1,-0.03932648524641991,-1,0.03932648524641991,0.07720596305443905,,,,1,393.26485246419907,0.009458810091018677,-0.1123478040099144,-0.0010595396161079407,-3.4145285841041195
2020-02-24,fold_6,COVID crash and V-recovery,-0.0016275718808174133,-1,-0.02756866067647934,-1,0.02756866067647934,0.10477462373091839,,,,1,275.6866067647934,0.015474777668714523,-0.022704971954226494,-0.0016275718808174133,-1.9188995714738115
2020-02-25,fold_6,COVID crash and V-recovery,0.00043864548206329346,1,0.005140705965459347,1,0.005140705965459347,0.10991532969637774,,,,1,51.40705965459347,0.017686348408460617,-0.027729181572794914,0.00043864548206329346,0.3445345680463664
2020-02-26,fold_6,COVID crash and V-recovery,0.0008604452013969421,1,-0.051371023058891296,-1,-0.051371023058891296,0.05854430663748644,,,,0,-513.710230588913,0.008959095925092697,0.008005531504750252,0.0008604452013969421,-3.5254205032207495
2020-02-27,fold_6,COVID crash and V-recovery,0.004473373293876648,1,0.0007776540005579591,1,0.0007776540005579591,0.0593219606380444,,,,1,7.776540005579591,0.01023733988404274,0.02852322906255722,0.004473373293876648,0.041919228265831186
2020-02-28,fold_6,COVID crash and V-recovery,0.006546303629875183,1,0.05031634867191315,1,0.05031634867191315,0.10963830930995755,,,,1,503.16348671913147,0.00943719781935215,0.010729601606726646,0.006546303629875183,2.714663724904528
2020-03-02,fold_6,COVID crash and V-recovery,0.007058553397655487,1,-0.03259287029504776,-1,-0.03259287029504776,0.07704543901490979,,,,0,-325.9287029504776,0.006788373459130526,-0.11158188432455063,0.007058553397655487,-1.524033495503508
2020-03-03,fold_6,COVID crash and V-recovery,0.006266772747039795,1,0.04087541997432709,1,0.04087541997432709,0.11792085898923688,,,,1,408.7541997432709,0.005365827586501837,-0.02596919983625412,0.006266772747039795,1.8294166450010205
2020-03-04,fold_6,COVID crash and V-recovery,0.006478115916252136,1,-0.03085332363843918,-1,-0.03085332363843918,0.0870675353507977,,,,0,-308.5332363843918,0.0051311892457306385,-0.11137661337852478,0.006478115916252136,-1.3071079771292768
2020-03-05,fold_6,COVID crash and V-recovery,0.00694168359041214,1,-0.01701597310602665,-1,-0.01701597310602665,0.07005156224477105,,,,0,-170.1597310602665,0.0032210308127105236,-0.17669427394866943,0.00694168359041214,-0.6922464338547529
2020-03-06,fold_6,COVID crash and V-recovery,0.006061486899852753,1,-0.07199513912200928,-1,-0.07199513912200928,-0.001943576877238229,,,,0,-719.9513912200928,0.0041485936380922794,-0.07836981117725372,0.006061486899852753,-2.9031253955405036
2020-03-09,fold_6,COVID crash and V-recovery,0.007650740444660187,1,0.05301981791853905,1,0.05301981791853905,0.05107624104130082,,,,1,530.1981791853905,0.006863268557935953,-0.13396690785884857,0.007650740444660187,1.7942068231919444
2020-03-10,fold_6,COVID crash and V-recovery,0.006536595523357391,1,-0.04453199356794357,-1,-0.04453199356794357,0.006544247473357245,,,,0,-445.31993567943573,0.007516214158385992,-0.11388345062732697,0.006536595523357391,-1.4036184204922437
2020-03-11,fold_6,COVID crash and V-recovery,0.004871785640716553,1,-0.09617097675800323,-1,-0.09617097675800323,-0.08962672928464599,,,,0,-961.7097675800323,0.009674705564975739,-0.10023970156908035,0.004871785640716553,-2.892143262870561
2020-03-12,fold_6,COVID crash and V-recovery,0.007429562509059906,1,0.08130848407745361,1,0.08130848407745361,-0.008318245207192376,,,,1,813.0848407745361,0.012521553784608841,0.0019156171474605799,0.007429562509059906,2.0563200326309063
2020-03-13,fold_6,COVID crash and V-recovery,0.007489487528800964,1,-0.12759223580360413,-1,-0.12759223580360413,-0.1359104810107965,,,,0,-1275.9223580360413,0.012279920279979706,-0.11935686320066452,0.007489487528800964,-2.9318428061847235
2020-03-16,fold_6,COVID crash and V-recovery,0.006408676505088806,1,0.07310327887535095,1,0.07310327887535095,-0.06280720213544555,,,,1,731.0327887535095,0.009941790252923965,0.008956932462751865,0.006408676505088806,1.4049170246314153
2020-03-17,fold_6,COVID crash and V-recovery,0.0070433542132377625,1,-0.03088824450969696,-1,-0.03088824450969696,-0.09369544664514251,,,,0,-308.8824450969696,0.010976588353514671,0.01043920498341322,0.0070433542132377625,-0.5663306840910367
2020-03-18,fold_6,COVID crash and V-recovery,0.007103621959686279,1,0.005984340328723192,1,0.005984340328723192,-0.08771110631641932,,,,1,59.84340328723192,0.00783524103462696,0.03389502316713333,0.007103621959686279,0.10893455432192647
2020-03-19,fold_6,COVID crash and V-recovery,0.006017446517944336,1,-0.03996399790048599,-1,-0.03996399790048599,-0.1276751042169053,,,,0,-399.6399790048599,0.007235198747366667,0.07923150807619095,0.006017446517944336,-0.7277839597663036
2020-03-20,fold_6,COVID crash and V-recovery,0.006020344793796539,1,0.0007215568330138922,1,0.0007215568330138922,-0.12695354738389142,,,,1,7.215568330138922,0.006689141038805246,0.08419716358184814,0.006020344793796539,0.013009237616722924
2020-03-23,fold_6,COVID crash and V-recovery,0.007478848099708557,1,0.07458554953336716,1,0.07458554953336716,-0.05236799785052426,,,,1,745.8554953336716,0.0063800816424191,0.11920323222875595,0.007478848099708557,1.3619532583716727
2020-03-24,fold_6,COVID crash and V-recovery,0.006179474294185638,1,-0.007432425860315561,-1,-0.007432425860315561,-0.05980042371083982,,,,0,-74.32425860315561,0.006185124162584543,0.03604106232523918,0.006179474294185638,-0.13059038406955709
2020-03-25,fold_6,COVID crash and V-recovery,0.005351215600967407,1,0.05132082477211952,1,0.05132082477211952,-0.0084795989387203,,,,1,513.2082477211952,0.00502267898991704,5.4859290685271844e-05,0.005351215600967407,0.9015247831095355
2020-03-26,fold_6,COVID crash and V-recovery,0.006542012095451355,1,-0.034998346120119095,-1,-0.034998346120119095,-0.043477945058839396,,,,0,-349.98346120119095,0.004901660140603781,-0.031174037605524063,0.006542012095451355,-0.6148211832518793
2020-03-27,fold_6,COVID crash and V-recovery,0.0059480369091033936,1,0.03572762385010719,1,0.03572762385010719,-0.007750321208732203,,,,1,357.27623850107193,0.004130239132791758,-0.010470139794051647,0.0059480369091033936,0.6217869710557287
2020-03-30,fold_6,COVID crash and V-recovery,0.005449503660202026,1,-0.008576614782214165,-1,-0.008576614782214165,-0.016326935990946367,,,,0,-85.76614782214165,0.002935859840363264,0.02285684272646904,0.005449503660202026,-0.15070272679850347
2020-03-31,fold_6,COVID crash and V-recovery,0.004198946058750153,1,-0.043418630957603455,-1,-0.043418630957603455,-0.05974556694854982,,,,0,-434.18630957603455,0.00465878052636981,0.031026244163513184,0.004198946058750153,-0.7688141008966403
2020-04-01,fold_6,COVID crash and V-recovery,0.004068844020366669,1,0.02009192667901516,1,0.02009192667901516,-0.03965364026953466,,,,1,200.9192667901516,0.005344661418348551,0.09545475989580154,0.004068844020366669,0.355171613440864
2020-04-02,fold_6,COVID crash and V-recovery,0.0027423128485679626,1,-0.014294445514678955,-1,-0.014294445514678955,-0.05394808578421362,,,,0,-142.94445514678955,0.00740820774808526,0.07680775225162506,0.0027423128485679626,-0.25377689003712767
2020-04-03,fold_6,COVID crash and V-recovery,0.0026473775506019592,1,0.06905461102724075,1,0.06905461102724075,0.015106525243027136,,,,1,690.5461102724075,0.008229034021496773,0.10184760391712189,0.0026473775506019592,1.2267871397796892
2020-04-06,fold_6,COVID crash and V-recovery,0.003898121416568756,1,-0.00040721436380408704,-1,-0.00040721436380408704,0.014699310879223049,,,,0,-4.07214363804087,0.009673980996012688,0.07536505907773972,0.003898121416568756,-0.007258143756962585
2020-04-07,fold_6,COVID crash and V-recovery,0.004845902323722839,1,0.021009888499975204,1,0.021009888499975204,0.03570919937919825,,,,1,210.09888499975204,0.007664775010198355,0.0642361268401146,0.004845902323722839,0.38312905774086525
2020-04-08,fold_6,COVID crash and V-recovery,0.005520418286323547,1,0.0014449184527620673,1,0.0014449184527620673,0.03715411783196032,,,,1,14.449184527620673,0.006534096319228411,0.06130203232169151,0.005520418286323547,0.026693376605347516
2020-04-09,fold_6,COVID crash and V-recovery,0.005055688321590424,1,0.010745402425527573,1,0.010745402425527573,0.04789952025748789,,,,1,107.45402425527573,0.006473081652075052,0.0693778470158577,0.005055688321590424,0.2163080765123416
2020-04-13,fold_6,COVID crash and V-recovery,0.005714908242225647,1,0.04257206618785858,1,0.04257206618785858,0.09047158644534647,,,,1,425.7206618785858,0.0022332915104925632,0.046717315912246704,0.005714908242225647,0.9196391109077393
2020-04-14,fold_6,COVID crash and V-recovery,0.0053419917821884155,1,-0.011536145582795143,-1,-0.011536145582795143,0.07893544086255133,,,,0,-115.36145582795143,0.001090307254344225,-0.03345223888754845,0.0053419917821884155,-0.3061814340177442
2020-04-15,fold_6,COVID crash and V-recovery,0.0032556653022766113,1,0.018075792118906975,1,0.018075792118906975,0.0970112329814583,,,,1,180.75792118906975,-0.00046863406896591187,0.007326609455049038,0.0032556653022766113,0.5309427510377467
2020-04-16,fold_6,COVID crash and V-recovery,0.00392267107963562,1,0.00952073186635971,1,0.00952073186635971,0.10653196484781802,,,,1,95.2073186635971,0.0010748771019279957,-0.012884554453194141,0.00392267107963562,0.28351655070026416
2020-04-17,fold_6,COVID crash and V-recovery,-0.003310360014438629,-1,-0.011915127746760845,-1,0.011915127746760845,0.11844709259457886,,,,1,119.15127746760845,-0.005045474506914616,-0.006757906638085842,-0.003310360014438629,-0.35438838311293325
2020-04-20,fold_6,COVID crash and V-recovery,-0.004325740039348602,-1,-0.03759749233722687,-1,0.03759749233722687,0.15604458493180573,,,,1,375.9749233722687,0.0007379148155450821,0.013168531470000744,-0.004325740039348602,-1.156075156829076
2020-04-21,fold_6,COVID crash and V-recovery,-0.006206974387168884,-1,0.029242703691124916,1,-0.029242703691124916,0.1268018812406808,,,,0,-292.42703691124916,0.007527605164796114,0.031751591712236404,-0.006206974387168884,0.8705687119503405
2020-04-22,fold_6,COVID crash and V-recovery,-0.00013859570026397705,-1,-0.002135372254997492,-1,0.002135372254997492,0.1289372534956783,,,,1,21.35372254997492,-0.0009508002549409866,0.03735563904047012,-0.00013859570026397705,-0.07146079430570496
2020-04-23,fold_6,COVID crash and V-recovery,-0.0015538334846496582,-1,0.01564737968146801,1,-0.01564737968146801,0.1132898738142103,,,,0,-156.4737968146801,-0.0031793699599802494,0.03907999396324158,-0.0015538334846496582,0.524388295378778
2020-04-24,fold_6,COVID crash and V-recovery,-0.0031534135341644287,-1,0.00801131036132574,1,-0.00801131036132574,0.10527856345288455,,,,0,-80.11310361325741,0.002429936546832323,-0.005157221108675003,-0.0031534135341644287,0.28853254756205166
2020-04-27,fold_6,COVID crash and V-recovery,-0.004283405840396881,-1,-0.019014431163668633,-1,0.019014431163668633,0.12429299461655319,,,,1,190.14431163668633,-0.0010380521416664124,-0.0015784892020747066,-0.004283405840396881,-0.7121462546267044
2020-04-28,fold_6,COVID crash and V-recovery,-0.005075909197330475,-1,0.034846752882003784,1,-0.034846752882003784,0.0894462417345494,,,,0,-348.46752882003784,-0.0020993747748434544,0.02870927006006241,-0.005075909197330475,1.349116258860208
2020-04-29,fold_6,COVID crash and V-recovery,-0.0021675974130630493,-1,-0.00041101736132986844,-1,0.00041101736132986844,0.08985725909587927,,,,1,4.110173613298684,-0.013455629348754883,0.0,-0.0021675974130630493,-0.015273329603258962
2020-04-30,fold_6,COVID crash and V-recovery,-0.0019388273358345032,-1,-0.02858983725309372,-1,0.02858983725309372,0.11844709634897299,,,,1,285.8983725309372,-0.018165739253163338,0.013205603696405888,-0.0019388273358345032,-1.139100475499464
2020-05-01,fold_6,COVID crash and V-recovery,-0.006549559533596039,-1,0.011590042151510715,1,-0.011590042151510715,0.10685705419746228,,,,0,-115.90042151510715,-0.009785206988453865,0.05540729686617851,-0.006549559533596039,0.454380527434365
2020-05-04,fold_6,COVID crash and V-recovery,-0.00212695449590683,-1,0.011273329146206379,1,-0.011273329146206379,0.0955837250512559,,,,0,-112.73329146206379,0.010723361745476723,0.05271638184785843,-0.00212695449590683,0.4431575926811178
2020-05-05,fold_6,COVID crash and V-recovery,-0.00025944411754608154,-1,0.006137482821941376,1,-0.006137482821941376,0.08944624222931452,,,,0,-61.37482821941376,0.013966040685772896,0.020283684134483337,-0.00025944411754608154,0.3012582525123526
2020-05-06,fold_6,COVID crash and V-recovery,-0.007793419063091278,-1,0.012794585898518562,1,-0.012794585898518562,0.07665165633079596,,,,0,-127.94585898518562,0.01046597771346569,0.0015512654790654778,-0.007793419063091278,0.6266082108417178
2020-05-07,fold_6,COVID crash and V-recovery,-0.006690181791782379,-1,0.013611855916678905,1,-0.013611855916678905,0.06303980041411705,,,,0,-136.11855916678905,0.0025328691117465496,4.5156863052397966e-05,-0.006690181791782379,0.6780198336118983
2020-05-08,fold_6,COVID crash and V-recovery,-0.003223337233066559,-1,0.008899128064513206,1,-0.008899128064513206,0.05414067234960385,,,,0,-88.99128064513206,0.0028056693263351917,-0.007096275221556425,-0.003223337233066559,0.4383214928755762
2020-05-11,fold_6,COVID crash and V-recovery,-0.0017036274075508118,-1,-0.021159369498491287,-1,0.021159369498491287,0.07530004184809513,,,,1,211.59369498491287,0.007257929537445307,0.002465191762894392,-0.0017036274075508118,-1.0444928112474263
2020-05-12,fold_6,COVID crash and V-recovery,-0.0038284286856651306,-1,-0.012594935484230518,-1,0.012594935484230518,0.08789497733232565,,,,1,125.94935484230518,0.0075494335032999516,0.021115215495228767,-0.0038284286856651306,-0.6809020398622824
2020-05-13,fold_6,COVID crash and V-recovery,-0.00794772058725357,-1,0.011288478039205074,1,-0.011288478039205074,0.07660649929312058,,,,0,-112.88478039205074,0.00786747969686985,0.053481537848711014,-0.00794772058725357,0.6091367844048735
2020-05-14,fold_6,COVID crash and V-recovery,-0.008048377931118011,-1,0.006470423191785812,1,-0.006470423191785812,0.07013607610133477,,,,0,-64.70423191785812,0.012087149545550346,0.031242623925209045,-0.008048377931118011,0.3543286206546096
2020-05-15,fold_6,COVID crash and V-recovery,0.004097573459148407,1,0.018460595980286598,1,0.018460595980286598,0.08859667208162136,,,,1,184.60595980286598,0.004658800084143877,0.028218109160661697,0.004097573459148407,1.0146429521600169
2020-05-18,fold_6,COVID crash and V-recovery,0.002495087683200836,1,-0.002509345533326268,-1,-0.002509345533326268,0.0860873265482951,,,,0,-25.093455333262682,-0.02369644306600094,0.0070541235618293285,0.002495087683200836,-0.1358947902996018
2020-05-19,fold_6,COVID crash and V-recovery,-8.417665958404541e-05,-1,0.019771385937929153,1,-0.019771385937929153,0.06631594061036594,,,,0,-197.71385937929153,-0.028561245650053024,0.015006253495812416,-8.417665958404541e-05,1.2019011447599568
2020-05-20,fold_6,COVID crash and V-recovery,-0.0031567439436912537,-1,-0.010950435884296894,-1,0.010950435884296894,0.07726637649466284,,,,1,109.50435884296894,-0.027025867253541946,-0.006068696733564138,-0.0031567439436912537,-0.6962042515893885
2020-05-21,fold_6,COVID crash and V-recovery,0.002999432384967804,1,0.003445908660069108,1,0.003445908660069108,0.08071228515473194,,,,1,34.45908660069108,-0.03138655796647072,0.01942809484899044,0.002999432384967804,0.21657318928388547
2020-05-22,fold_6,COVID crash and V-recovery,-0.0019731149077415466,-1,-0.0027033903170377016,-1,0.0027033903170377016,0.08341567547176965,,,,1,27.033903170377016,-0.011834463104605675,0.018977487459778786,-0.0019731149077415466,-0.17395546199459244
2020-05-26,fold_6,COVID crash and V-recovery,-0.0065752193331718445,-1,0.005442784167826176,1,-0.005442784167826176,0.07797289130394347,,,,0,-54.42784167826176,-0.006384990178048611,0.028366241604089737,-0.0065752193331718445,0.3523078665915714
2020-05-27,fold_6,COVID crash and V-recovery,-0.0002938881516456604,-1,-0.00130356359295547,-1,0.00130356359295547,0.07927645489689894,,,,1,13.0356359295547,-0.004075223114341497,0.02741178125143051,-0.0002938881516456604,-0.08747495646310993
2020-05-28,fold_6,COVID crash and V-recovery,0.0060257017612457275,1,0.014546356163918972,1,0.014546356163918972,0.09382281106081791,,,,1,145.46356163918972,-0.0065468717366456985,0.02167745679616928,0.0060257017612457275,1.144836825768415
2020-05-29,fold_6,COVID crash and V-recovery,0.0031278282403945923,1,0.002995300805196166,1,0.002995300805196166,0.09681811186601408,,,,1,29.95300805196166,-0.004547493997961283,0.026764295995235443,0.0031278282403945923,0.22837949258839393
2020-06-01,fold_6,COVID crash and V-recovery,-0.00022824853658676147,-1,0.006685362663120031,1,-0.006685362663120031,0.09013274920289405,,,,0,-66.85362663120031,-0.009339023381471634,0.03149901330471039,-0.00022824853658676147,0.5827813231771511
2020-06-02,fold_6,COVID crash and V-recovery,0.00048267096281051636,1,0.004488324746489525,1,0.004488324746489525,0.09462107394938357,,,,1,44.88324746489525,-0.008715817704796791,0.032032568007707596,0.00048267096281051636,0.3980972830499163
2020-06-03,fold_6,COVID crash and V-recovery,0.0009025484323501587,1,-0.007037887815386057,-1,-0.007037887815386057,0.08758318613399751,,,,0,-70.37887815386057,-0.010177046060562134,0.03947428986430168,0.0009025484323501587,-0.6377926107384717
2020-06-04,fold_6,COVID crash and V-recovery,-0.00013491511344909668,-1,0.01963319443166256,1,-0.01963319443166256,0.06794999170233496,,,,0,-196.3319443166256,-0.007514741737395525,-0.0043064602650702,-0.00013491511344909668,1.7748960173917738
2020-06-05,fold_6,COVID crash and V-recovery,-0.00015503913164138794,-1,0.00773001741617918,1,-0.00773001741617918,0.060219974286155775,,,,0,-77.3001741617918,-0.006817808374762535,-0.016023224219679832,-0.00015503913164138794,0.6691537153486794
2020-06-08,fold_6,COVID crash and V-recovery,0.00044899433851242065,1,0.007218916900455952,1,0.007218916900455952,0.06743889118661173,,,,1,72.18916900455952,-0.003161056200042367,-0.011659504845738411,0.00044899433851242065,0.6401453804806366
2020-06-09,fold_6,COVID crash and V-recovery,-2.2977590560913086e-05,-1,0.01193004846572876,1,-0.01193004846572876,0.05550884272088297,,,,0,-119.3004846572876,-0.003237982513383031,-0.0018512934911996126,-2.2977590560913086e-05,1.0635877806641232
2020-06-10,fold_6,COVID crash and V-recovery,0.001821085810661316,1,-0.050818637013435364,-1,-0.050818637013435364,0.004690205707447603,,,,0,-508.18637013435364,0.0009909491054713726,-0.01061584148555994,0.001821085810661316,-4.833366497560921
2020-06-11,fold_6,COVID crash and V-recovery,0.0006420910358428955,1,0.007916430942714214,1,0.007916430942714214,0.012606636650161818,,,,1,79.16430942714214,0.005418040324002504,0.04290812090039253,0.0006420910358428955,0.5200283997094477
2020-06-12,fold_6,COVID crash and V-recovery,0.0013734474778175354,1,0.012093736790120602,1,0.012093736790120602,0.02470037344028242,,,,1,120.93736790120602,0.013146162033081055,0.0348283015191555,0.0013734474778175354,0.8000435567549711
2020-06-15,fold_6,COVID crash and V-recovery,0.0010080859065055847,1,0.017027128487825394,1,0.017027128487825394,0.04172750192810781,,,,1,170.27128487825394,0.013482077047228813,0.03465566039085388,0.0010080859065055847,1.1137561430626872
2020-06-16,fold_6,COVID crash and V-recovery,-0.0006401911377906799,-1,0.0031655009370297194,1,-0.0031655009370297194,0.038562000991078094,,,,0,-31.655009370297194,0.014455927535891533,0.026103550568223,-0.0006401911377906799,0.20819354101787516
2020-06-17,fold_6,COVID crash and V-recovery,-0.003305777907371521,-1,0.002705324674025178,1,-0.002705324674025178,0.035856676317052916,,,,0,-27.05324674025178,0.016617368906736374,0.002107067499309778,-0.003305777907371521,0.1778563538394904
2020-06-18,fold_6,COVID crash and V-recovery,-0.0012858659029006958,-1,-0.00016339019930455834,-1,0.00016339019930455834,0.036020066516357474,,,,1,1.6339019930455834,0.01022561825811863,0.008876042440533638,-0.0012858659029006958,-0.011216744710318296
2020-06-19,fold_6,COVID crash and V-recovery,0.0005904883146286011,1,0.01192109752446413,1,0.01192109752446413,0.047941164040821604,,,,1,119.2109752446413,0.0037679956294596195,-0.01485886238515377,0.0005904883146286011,0.8301943175953945
2020-06-22,fold_6,COVID crash and V-recovery,-0.005648277699947357,-1,0.008475018665194511,1,-0.008475018665194511,0.03946614537562709,,,,0,-84.75018665194511,0.005792532581835985,-0.01593226008117199,-0.005648277699947357,0.5811019860795387
2020-06-23,fold_6,COVID crash and V-recovery,-0.005028955638408661,-1,-0.02083098329603672,-1,0.02083098329603672,0.06029712867166381,,,,1,208.3098329603672,0.005637419875711203,-0.004995599389076233,-0.005028955638408661,-1.4175974704980616
2020-06-24,fold_6,COVID crash and V-recovery,-0.01408674567937851,-1,0.009474299848079681,1,-0.009474299848079681,0.05082282882358413,,,,0,-94.74299848079681,0.03500440716743469,0.02743980661034584,-0.01408674567937851,0.6165341995312399
2020-06-25,fold_6,COVID crash and V-recovery,-0.0017410516738891602,-1,-0.023898296058177948,-1,0.023898296058177948,0.07472112488176208,,,,1,238.98296058177948,0.02655681036412716,0.02472933940589428,-0.0017410516738891602,-1.5408676806680528
2020-06-26,fold_6,COVID crash and V-recovery,-0.0056466832756996155,-1,0.010847700759768486,1,-0.010847700759768486,0.0638734241219936,,,,0,-108.47700759768486,0.016920015215873718,0.07291491329669952,-0.0056466832756996155,0.6746617427209867
2020-06-29,fold_6,COVID crash and V-recovery,0.0012806430459022522,1,0.01941167749464512,1,0.01941167749464512,0.08328510161663871,,,,1,194.1167749464512,0.012438090518116951,0.05515451729297638,0.0012806430459022522,1.1947957833765366
2020-06-30,fold_6,COVID crash and V-recovery,-0.008634395897388458,-1,0.011604422703385353,1,-0.011604422703385353,0.07168067891325336,,,,0,-116.04422703385353,0.001767315436154604,0.048828642815351486,-0.008634395897388458,0.692796584541074
2020-07-01,fold_6,COVID crash and V-recovery,-0.007752083241939545,-1,0.00676383264362812,1,-0.00676383264362812,0.06491684626962524,,,,0,-67.6383264362812,9.940098971128464e-05,0.04561207443475723,-0.007752083241939545,0.39974959804786203
2020-07-02,fold_6,COVID crash and V-recovery,-0.004651769995689392,-1,0.024287275969982147,1,-0.024287275969982147,0.04062957029964309,,,,0,-242.87275969982147,-0.004558889660984278,0.04565257206559181,-0.004651769995689392,1.4358778581058032
2020-07-06,fold_6,COVID crash and V-recovery,0.0015884637832641602,1,-0.006912693381309509,-1,-0.006912693381309509,0.03371687691833358,,,,0,-69.12693381309509,-0.012700313702225685,0.0005803222302347422,0.0015884637832641602,-0.40157268428087856
2020-07-07,fold_6,COVID crash and V-recovery,-0.012027435004711151,-1,0.01308580581098795,1,-0.01308580581098795,0.020631071107345633,,,,0,-130.8580581098795,-0.004750003106892109,0.014546205289661884,-0.012027435004711151,0.760950319818398
2020-07-08,fold_6,COVID crash and V-recovery,-0.015539944171905518,-1,0.008387851528823376,1,-0.008387851528823376,0.012243219578522258,,,,0,-83.87851528823376,-0.005224350839853287,0.0034939206670969725,-0.015539944171905518,0.4829213491086964
2020-07-09,fold_6,COVID crash and V-recovery,-0.011719338595867157,-1,0.006804332137107849,1,-0.006804332137107849,0.005438887441414408,,,,0,-68.04332137107849,0.006204207893460989,-0.01173989288508892,-0.011719338595867157,0.39410950525264227
2020-07-10,fold_6,COVID crash and V-recovery,-0.012780897319316864,-1,-0.020784974098205566,-1,0.020784974098205566,0.026223861539619975,,,,1,207.84974098205566,0.010688787326216698,-0.017386941239237785,-0.012780897319316864,-1.5882076019087286
2020-07-13,fold_6,COVID crash and V-recovery,-0.0056910887360572815,-1,0.007053189445286989,1,-0.007053189445286989,0.019170672094332986,,,,0,-70.53189445286989,0.011526219546794891,0.031374141573905945,-0.0056910887360572815,0.5120446139780346
2020-07-14,fold_6,COVID crash and V-recovery,-0.002921074628829956,-1,0.0020335218869149685,1,-0.0020335218869149685,0.017137150207418017,,,,0,-20.335218869149685,0.007198274601250887,0.013845482841134071,-0.002921074628829956,0.14954269287114882
2020-07-15,fold_6,COVID crash and V-recovery,-0.0013706982135772705,-1,-0.006845961790531874,-1,0.006845961790531874,0.02398311199794989,,,,1,68.45961790531874,0.0014364859089255333,0.01532869040966034,-0.0013706982135772705,-0.5241009812391734
2020-07-16,fold_6,COVID crash and V-recovery,-0.0037798136472702026,-1,0.0011572843650355935,1,-0.0011572843650355935,0.022825827632914297,,,,0,-11.572843650355935,0.002799043897539377,-0.004292608238756657,-0.0037798136472702026,0.08812283189001813
2020-07-17,fold_6,COVID crash and V-recovery,6.205588579177856e-05,1,0.027976106852293015,1,0.027976106852293015,0.05080193448520731,,,,1,279.76106852293015,0.004627636168152094,-0.01499137282371521,6.205588579177856e-05,2.132123708338193
2020-07-20,fold_6,COVID crash and V-recovery,-0.001626431941986084,-1,-0.010475467890501022,-1,0.010475467890501022,0.061277402375708334,,,,1,104.75467890501022,-0.0028524238150566816,-0.025281477719545364,-0.001626431941986084,-0.7206510227050099
2020-07-21,fold_6,COVID crash and V-recovery,-0.003208249807357788,-1,0.0035167301539331675,1,-0.0035167301539331675,0.05776067222177517,,,,0,-35.167301539331675,-0.006709662731736898,-0.027612756937742233,-0.003208249807357788,0.24286262614215368
2020-07-22,fold_6,COVID crash and V-recovery,0.0023290887475013733,1,-0.026467259973287582,-1,-0.026467259973287582,0.031293412248487584,,,,0,-264.6725997328758,-0.0010780137963593006,-0.019669238477945328,0.0023290887475013733,-1.8409053843650716
2020-07-23,fold_6,COVID crash and V-recovery,0.0006278306245803833,1,-0.009541480801999569,-1,-0.009541480801999569,0.021751931446488015,,,,0,-95.41480801999569,-8.184043690562248e-05,0.012019885703921318,0.0006278306245803833,-0.6432334964953011
2020-07-24,fold_6,COVID crash and V-recovery,-0.004686303436756134,-1,0.01768600009381771,1,-0.01768600009381771,0.0040659313526703045,,,,0,-176.8600009381771,0.0010449686087667942,0.03924935311079025,-0.004686303436756134,1.1921186983156284
2020-07-27,fold_6,COVID crash and V-recovery,-0.0001730695366859436,-1,-0.012806747108697891,-1,0.012806747108697891,0.016872678461368196,,,,1,128.0674710869789,0.0012185638770461082,0.034980401396751404,-0.0001730695366859436,-0.8897363445671662
2020-07-28,fold_6,COVID crash and V-recovery,-0.004278711974620819,-1,0.011460249312222004,1,-0.011460249312222004,0.005412429149146192,,,,0,-114.60249312222004,0.0005955463275313377,0.05149209499359131,-0.004278711974620819,0.7917747031445751
2020-07-29,fold_6,COVID crash and V-recovery,-0.00606200098991394,-1,0.0052218628115952015,1,-0.0052218628115952015,0.00019056633755099028,,,,0,-52.218628115952015,-0.006408562418073416,0.042506542056798935,-0.00606200098991394,0.3718284970110825
2020-07-30,fold_6,COVID crash and V-recovery,-0.007070600986480713,-1,0.01768798753619194,1,-0.01768798753619194,-0.01749742119864095,,,,0,-176.8798753619194,-0.010254714637994766,0.05044260248541832,-0.007070600986480713,1.2769965562045513
2020-07-31,fold_6,COVID crash and V-recovery,-0.007300093770027161,-1,0.013417048379778862,1,-0.013417048379778862,-0.030914469578419812,,,,0,-134.17048379778862,-0.006194237619638443,0.021145181730389595,-0.007300093770027161,0.9366016124301634
2020-08-03,fold_6,COVID crash and V-recovery,-0.009584374725818634,-1,0.003704946953803301,1,-0.003704946953803301,-0.03461941653222311,,,,0,-37.04946953803301,-0.0029972465708851814,0.0034460306633263826,-0.009584374725818634,0.27259952974596996
2020-08-04,fold_6,COVID crash and V-recovery,-0.010297402739524841,-1,0.0024746968410909176,1,-0.0024746968410909176,-0.03709411337331403,,,,0,-24.746968410909176,0.002436125185340643,-0.01938198134303093,-0.010297402739524841,0.18292635050540385
2020-08-05,fold_6,COVID crash and V-recovery,-0.007803216576576233,-1,0.013157923705875874,1,-0.013157923705875874,-0.050252037079189904,,,,0,-131.57923705875874,0.004263064358383417,0.0029841316863894463,-0.007803216576576233,0.9953246352301299
2020-08-06,fold_6,COVID crash and V-recovery,-0.010686717927455902,-1,-0.011609433218836784,-1,0.011609433218836784,-0.03864260386035312,,,,1,116.09433218836784,0.007204995024949312,-0.00789579376578331,-0.010686717927455902,-0.8655564505121134
2020-08-07,fold_6,COVID crash and V-recovery,-0.006838485598564148,-1,-0.004282103851437569,-1,0.004282103851437569,-0.03436050000891555,,,,1,42.82103851437569,0.006365419831126928,0.002538258209824562,-0.006838485598564148,-0.315403274167436
2020-08-10,fold_6,COVID crash and V-recovery,-0.002383090555667877,-1,-0.01912306621670723,-1,0.01912306621670723,-0.015237433792208321,,,,1,191.2306621670723,0.0059509179554879665,0.018364673480391502,-0.002383090555667877,-1.4949017218268141
2020-08-11,fold_6,COVID crash and V-recovery,-0.001642070710659027,-1,0.024840809404850006,1,-0.024840809404850006,-0.04007824319705833,,,,0,-248.40809404850006,0.001276425551623106,0.04706699773669243,-0.001642070710659027,1.854425462059186
2020-08-12,fold_6,COVID crash and V-recovery,-0.0034085437655448914,-1,0.002277998486533761,1,-0.002277998486533761,-0.04235624168359209,,,,0,-22.77998486533761,-0.0007980344817042351,0.015475744381546974,-0.0034085437655448914,0.1571654526123982
2020-08-13,fold_6,COVID crash and V-recovery,-0.001897461712360382,-1,-0.0011753810103982687,-1,0.0011753810103982687,-0.04118086067319382,,,,1,11.753810103982687,-0.003943773917853832,0.026974011212587357,-0.001897461712360382,-0.08149801908205123
2020-08-14,fold_6,COVID crash and V-recovery,-0.00498855859041214,-1,0.011544312350451946,1,-0.011544312350451946,-0.052725173023645766,,,,0,-115.44312350451946,0.0012214165180921555,0.03505614399909973,-0.00498855859041214,0.8004500661944717
2020-08-17,fold_6,COVID crash and V-recovery,-0.0002860948443412781,-1,0.009579257108271122,1,-0.009579257108271122,-0.06230443013191689,,,,0,-95.79257108271122,-0.00032738829031586647,0.029736364260315895,-0.0002860948443412781,0.7230246261558297
2020-08-18,fold_6,COVID crash and V-recovery,-0.00620858371257782,-1,-0.006750442553311586,-1,0.006750442553311586,-0.0555539875786053,,,,1,67.50442553311586,-0.00124679459258914,0.027988793328404427,-0.00620858371257782,-0.510820204822413
2020-08-19,fold_6,COVID crash and V-recovery,-0.006897814571857452,-1,0.013776266016066074,1,-0.013776266016066074,-0.06933025359467138,,,,0,-137.76266016066074,0.004508758429437876,0.05585353076457977,-0.006897814571857452,1.037559246659717
2020-08-20,fold_6,COVID crash and V-recovery,-0.003588765859603882,-1,0.0069067515432834625,1,-0.0069067515432834625,-0.07623700513795484,,,,0,-69.06751543283463,0.002166713122278452,0.038955897092819214,-0.003588765859603882,0.5625156236933915
2020-08-21,fold_6,COVID crash and V-recovery,-0.007398597896099091,-1,0.006224532146006823,1,-0.006224532146006823,-0.08246153728396166,,,,0,-62.245321460068226,0.004007806535810232,0.0371214896440506,-0.007398597896099091,0.5106356876868382
2020-08-24,fold_6,COVID crash and V-recovery,-0.008229196071624756,-1,0.007831685245037079,1,-0.007831685245037079,-0.09029322252899874,,,,0,-78.31685245037079,0.0013282694853842258,0.038897957652807236,-0.008229196071624756,0.6743238686894301
2020-08-25,fold_6,COVID crash and V-recovery,-0.004800811409950256,-1,0.021114297211170197,1,-0.021114297211170197,-0.11140751974016894,,,,0,-211.14297211170197,0.0022308225743472576,0.04801339656114578,-0.004800811409950256,1.8535998038712649
2020-08-26,fold_6,COVID crash and V-recovery,-0.006362393498420715,-1,-0.003121370915323496,-1,0.003121370915323496,-0.10828614882484544,,,,1,31.21370915323496,0.00270661199465394,0.036324240267276764,-0.006362393498420715,-0.2587895593319744
2020-08-27,fold_6,COVID crash and V-recovery,-0.005368523299694061,-1,0.005072346422821283,1,-0.005072346422821283,-0.11335849524766672,,,,0,-50.72346422821283,0.003224004525691271,-0.012585151940584183,-0.005368523299694061,0.42181512853870085
2020-08-28,fold_6,COVID crash and V-recovery,-0.002690628170967102,-1,0.008001000620424747,1,-0.008001000620424747,-0.12135949586809147,,,,0,-80.01000620424747,0.006526899989694357,-0.03107313998043537,-0.002690628170967102,0.7010740917333799
2020-08-31,fold_6,COVID crash and V-recovery,-0.0014068186283111572,-1,0.016947124153375626,1,-0.016947124153375626,-0.1383066200214671,,,,0,-169.47124153375626,0.008217362686991692,-0.08833174407482147,-0.0014068186283111572,1.519174036231336
2020-09-01,fold_6,COVID crash and V-recovery,-0.004205062985420227,-1,0.009425140917301178,1,-0.009425140917301178,-0.14773176093876828,,,,0,-94.25140917301178,0.00509903347119689,-0.07632622867822647,-0.004205062985420227,0.8019761973282619
2020-09-02,fold_6,COVID crash and V-recovery,-0.003027193248271942,-1,-0.052030764520168304,-1,0.052030764520168304,-0.09570099641859997,,,,1,520.307645201683,0.006920577492564917,-0.10588965564966202,-0.003027193248271942,-4.362421233254415
2020-09-03,fold_6,COVID crash and V-recovery,-0.002535201609134674,-1,-0.013415642082691193,-1,0.013415642082691193,-0.08228535433590878,,,,1,134.15642082691193,0.008019497618079185,-0.0608224980533123,-0.002535201609134674,-0.8180304219831065
2020-09-04,fold_6,COVID crash and V-recovery,-0.0008887797594070435,-1,-0.04925760254263878,-1,0.04925760254263878,-0.03302775179327,,,,1,492.5760254263878,0.0072338213212788105,-0.03014158084988594,-0.0008887797594070435,-2.99098501352186
2020-09-08,fold_6,COVID crash and V-recovery,-0.003809511661529541,-1,0.028952637687325478,1,-0.028952637687325478,-0.06198038948059548,,,,0,-289.5263768732548,0.006518977228552103,0.033189885318279266,-0.003809511661529541,1.4630448928429223
2020-09-09,fold_6,COVID crash and V-recovery,0.0001568123698234558,1,-0.020138287916779518,-1,-0.020138287916779518,-0.082118677397375,,,,0,-201.38287916779518,0.008477775380015373,-0.011837474070489407,0.0001568123698234558,-0.9882583616877233
2020-09-10,fold_6,COVID crash and V-recovery,-2.333521842956543e-05,-1,-0.006963605526834726,-1,0.006963605526834726,-0.07515507187054027,,,,1,69.63605526834726,0.0025504478253424168,-0.007444728631526232,-2.333521842956543e-05,-0.3461658618806676
2020-09-11,fold_6,COVID crash and V-recovery,0.00513574481010437,1,0.017265276983380318,1,0.017265276983380318,-0.05788979488715995,,,,1,172.65276983380318,0.0027574491687119007,-0.01332566887140274,0.00513574481010437,0.8559825585801524
2020-09-14,fold_6,COVID crash and V-recovery,0.006371356546878815,1,0.014073864556849003,1,0.014073864556849003,-0.04381593033031095,,,,1,140.73864556849003,-0.0014229058288037777,-0.028195757418870926,0.006371356546878815,0.6853734804594767
2020-09-15,fold_6,COVID crash and V-recovery,0.005117207765579224,1,-0.01607472263276577,-1,-0.01607472263276577,-0.05989065296307672,,,,0,-160.7472263276577,-0.00420856848359108,-0.023861397057771683,0.005117207765579224,-0.7798215646588044
2020-09-16,fold_6,COVID crash and V-recovery,0.005352139472961426,1,-0.01574554108083248,-1,-0.01574554108083248,-0.0756361940439092,,,,0,-157.4554108083248,-0.0028939968906342983,-0.03879699110984802,0.005352139472961426,-0.7564717033725888
2020-09-17,fold_6,COVID crash and V-recovery,0.005140051245689392,1,-0.01284454483538866,-1,-0.01284454483538866,-0.08848073887929786,,,,0,-128.4454483538866,-0.003246378619223833,-0.018405728042125702,0.005140051245689392,-0.6100156525437823
2020-09-18,fold_6,COVID crash and V-recovery,0.0030410662293434143,1,0.0023951882030814886,1,0.0023951882030814886,-0.08608555067621637,,,,1,23.951882030814886,-0.0005604289472103119,0.017421115189790726,0.0030410662293434143,0.11391217076698176
2020-09-21,fold_6,COVID crash and V-recovery,0.002748630940914154,1,0.01840822398662567,1,0.01840822398662567,-0.0676773266895907,,,,1,184.0822398662567,0.00042640650644898415,0.035582274198532104,0.002748630940914154,0.8775572328014063
2020-09-22,fold_6,COVID crash and V-recovery,0.005113139748573303,1,-0.03101031668484211,-1,-0.03101031668484211,-0.09868764337443281,,,,0,-310.1031668484211,0.0048928228206932545,0.012654685415327549,0.005113139748573303,-1.4537438731940597
2020-09-23,fold_6,COVID crash and V-recovery,0.00355500727891922,1,0.0046457210555672646,1,0.0046457210555672646,-0.09404192231886555,,,,1,46.457210555672646,0.008435599505901337,0.050490401685237885,0.00355500727891922,0.20775431739486164
2020-09-24,fold_6,COVID crash and V-recovery,0.0031099095940589905,1,0.022982297465205193,1,0.022982297465205193,-0.07105962485366035,,,,1,229.82297465205193,0.009540580213069916,0.061592526733875275,0.0031099095940589905,1.0502742819316198
2020-09-25,fold_6,COVID crash and V-recovery,0.004624210298061371,1,0.02055634744465351,1,0.02055634744465351,-0.05050327740900684,,,,1,205.5634744465351,0.008487315848469734,0.010075737722218037,0.004624210298061371,0.9149699726863618
2020-09-28,fold_6,COVID crash and V-recovery,0.005803391337394714,1,-0.004519365727901459,-1,-0.004519365727901459,-0.0550226431369083,,,,0,-45.19365727901459,0.008200205862522125,0.010621445253491402,0.005803391337394714,-0.1973176015235255
2020-09-29,fold_6,COVID crash and V-recovery,0.0064222440123558044,1,0.0068253991194069386,1,0.0068253991194069386,-0.04819724401750136,,,,1,68.25399119406939,0.005962726194411516,-0.002867152215912938,0.0064222440123558044,0.298621087736763
2020-09-30,fold_6,COVID crash and V-recovery,0.007625564932823181,1,0.01574784703552723,1,0.01574784703552723,-0.03244939698197413,,,,1,157.4784703552723,0.005629138555377722,0.007458656560629606,0.007625564932823181,0.697064423708603
2020-10-01,fold_6,COVID crash and V-recovery,0.006688900291919708,1,-0.02853449247777462,-1,-0.02853449247777462,-0.06098388945974875,,,,0,-285.3449247777462,0.004016731400042772,-0.0029803828801959753,0.006688900291919708,-1.2533205081188008
2020-10-02,fold_6,COVID crash and V-recovery,0.0060281455516815186,1,0.02110205590724945,1,0.02110205590724945,-0.0398818335524993,,,,1,211.0205590724945,0.006640621926635504,0.04071858525276184,0.0060281455516815186,1.0251783952435474
2020-10-05,fold_6,COVID crash and V-recovery,0.007691860198974609,1,-0.01800796203315258,-1,-0.01800796203315258,-0.05788979558565188,,,,0,-180.0796203315258,0.008552070707082748,0.0500197559595108,0.007691860198974609,-0.8614788499208522
2020-10-06,fold_6,COVID crash and V-recovery,0.005304694175720215,1,0.017151206731796265,1,0.017151206731796265,-0.04073858885385562,,,,1,171.51206731796265,0.008872032165527344,0.06799398362636566,0.005304694175720215,0.9414975943994984
2020-10-07,fold_6,COVID crash and V-recovery,0.007399648427963257,1,0.005308808758854866,1,0.005308808758854866,-0.03542978009500075,,,,1,53.08808758854866,0.01599603332579136,0.0424555167555809,0.007399648427963257,0.30415484714686564
2020-10-08,fold_6,COVID crash and V-recovery,0.013142935931682587,1,0.015164476819336414,1,0.015164476819336414,-0.020265303275664337,,,,1,151.64476819336414,0.004141115117818117,0.03041280247271061,0.013142935931682587,0.8970329885777675
2020-10-09,fold_6,COVID crash and V-recovery,0.008494801819324493,1,0.030403228476643562,1,0.030403228476643562,0.010137925200979225,,,,1,304.0322847664356,0.010462336242198944,0.009752639569342136,0.008494801819324493,1.770571887040376
2020-10-12,fold_6,COVID crash and V-recovery,-0.0019761696457862854,-1,-3.373719300725497e-05,-1,3.373719300725497e-05,0.01017166239398648,,,,1,0.33737193007254973,-0.010208653286099434,-0.037110790610313416,-0.0019761696457862854,-0.0018680407759308338
2020-10-13,fold_6,COVID crash and V-recovery,-0.002398289740085602,-1,-0.00838725920766592,-1,0.00838725920766592,0.0185589216016524,,,,1,83.8725920766592,-0.015081632882356644,-0.03492961823940277,-0.002398289740085602,-0.4716208204510821
2020-10-14,fold_6,COVID crash and V-recovery,-0.0044998303055763245,-1,-0.006733904592692852,-1,0.006733904592692852,0.025292826194345253,,,,1,67.33904592692852,-0.005638947710394859,-0.0273162629455328,-0.0044998303055763245,-0.38440893439136203
2020-10-15,fold_6,COVID crash and V-recovery,-0.002364031970500946,-1,-0.005495686549693346,-1,0.005495686549693346,0.0307885127440386,,,,1,54.95686549693346,-0.002493728417903185,-0.020617766305804253,-0.002364031970500946,-0.31903396928304123
2020-10-16,fold_6,COVID crash and V-recovery,-0.004956737160682678,-1,-0.016460204496979713,-1,0.016460204496979713,0.04724871724101831,,,,1,164.60204496979713,0.0005703284405171871,-0.013153640553355217,-0.004956737160682678,-0.9665816644113905
2020-10-19,fold_6,COVID crash and V-recovery,-0.006441071629524231,-1,0.002147437771782279,1,-0.002147437771782279,0.04510127946923603,,,,0,-21.47437771782279,0.0015396219678223133,-0.011803005822002888,-0.006441071629524231,0.12331480174769346
2020-10-20,fold_6,COVID crash and V-recovery,0.0009777769446372986,1,-0.0007739050779491663,-1,-0.0007739050779491663,0.04432737439128687,,,,0,-7.739050779491663,0.003493314143270254,-0.006172140594571829,0.0009777769446372986,-0.04571847515718098
2020-10-21,fold_6,COVID crash and V-recovery,-0.003545120358467102,-1,-3.5408695111982524e-05,-1,3.5408695111982524e-05,0.04436278308639885,,,,1,0.35408695111982524,-0.0008714119903743267,-0.045165520161390305,-0.003545120358467102,-0.0022928343745738243
2020-10-22,fold_6,COVID crash and V-recovery,-0.0025667473673820496,-1,0.001968440366908908,1,-0.001968440366908908,0.04239434271948994,,,,0,-19.68440366908908,-0.004411124624311924,-0.02779475226998329,-0.0025667473673820496,0.12775259426091953
2020-10-23,fold_6,COVID crash and V-recovery,-0.005014799535274506,-1,-0.015109569765627384,-1,0.015109569765627384,0.057503912485117326,,,,1,151.09569765627384,-0.005830350331962109,-0.055452797561883926,-0.005014799535274506,-1.039698635608039
2020-10-26,fold_6,COVID crash and V-recovery,-0.0005968958139419556,-1,0.007778302300721407,1,-0.007778302300721407,0.04972561018439592,,,,0,-77.78302300721407,-0.0009628171101212502,-0.03811882436275482,-0.0005968958139419556,0.5479790991713467
2020-10-27,fold_6,COVID crash and V-recovery,-0.0021906420588493347,-1,-0.03976728767156601,-1,0.03976728767156601,0.08949289785596193,,,,1,397.6728767156601,-0.004118445795029402,-0.028747210279107094,-0.0021906420588493347,-2.787764890068613
2020-10-28,fold_6,COVID crash and V-recovery,4.202127456665039e-06,1,0.01733536086976528,1,0.01733536086976528,0.10682825872572721,,,,1,173.35360869765282,0.004695321898907423,0.054690517485141754,4.202127456665039e-06,1.0355589815970991
2020-10-29,fold_6,COVID crash and V-recovery,0.00409659743309021,1,-0.025689605623483658,-1,-0.025689605623483658,0.08113865310224355,,,,0,-256.8960562348366,0.0058126929216086864,0.06309220939874649,0.00409659743309021,-1.5274747106782163
2020-10-30,fold_6,COVID crash and V-recovery,0.004160977900028229,1,0.0022244045976549387,1,0.0022244045976549387,0.08336305769989849,,,,1,22.244045976549387,0.005336637143045664,0.08952881395816803,0.004160977900028229,0.13410157396693856
2020-11-02,fold_6,COVID crash and V-recovery,0.0049232542514801025,1,0.017149915918707848,1,0.017149915918707848,0.10051297361860634,,,,1,171.49915918707848,0.005821178201586008,0.06665904819965363,0.0049232542514801025,1.0779367386887289
2020-11-03,fold_6,COVID crash and V-recovery,0.006715990602970123,1,0.04367043823003769,1,0.04367043823003769,0.14418341184864403,,,,1,436.7043823003769,0.0017987699247896671,0.031432218849658966,0.006715990602970123,2.75306621443569
2020-11-04,fold_6,COVID crash and V-recovery,0.0069577619433403015,1,0.025737054646015167,1,0.025737054646015167,0.1699204664946592,,,,1,257.3705464601517,-0.00236604455858469,0.009885048493742943,0.0069577619433403015,1.4119405213839278
2020-11-05,fold_6,COVID crash and V-recovery,0.006468035280704498,1,0.0007469941047020257,1,0.0007469941047020257,0.17066746059936122,,,,1,7.4699410470202565,-0.0023409738205373287,-0.020557139068841934,0.006468035280704498,0.03915442701452015
2020-11-06,fold_6,COVID crash and V-recovery,0.007055975496768951,1,-0.02064535580575466,-1,-0.02064535580575466,0.15002210479360656,,,,0,-206.45355805754662,-0.0029209896456450224,-0.012569820508360863,0.007055975496768951,-1.099611526163606
2020-11-09,fold_6,COVID crash and V-recovery,0.005492947995662689,1,-0.01807691529393196,-1,-0.01807691529393196,0.1319451894996746,,,,0,-180.7691529393196,-0.0032551465556025505,0.015848102048039436,0.005492947995662689,-0.9987407535989247
2020-11-10,fold_6,COVID crash and V-recovery,0.004257924854755402,1,0.022123269736766815,1,0.022123269736766815,0.1540684592364414,,,,1,221.23269736766815,-0.0009033349342644215,0.030747581273317337,0.004257924854755402,1.1929141000624843
2020-11-11,fold_6,COVID crash and V-recovery,0.00451476126909256,1,-0.0047051324509084225,-1,-0.0047051324509084225,0.149363326785533,,,,0,-47.051324509084225,0.0008178860880434513,0.0012066756607964635,0.00451476126909256,-0.24631408484931272
2020-11-12,fold_6,COVID crash and V-recovery,0.00023784488439559937,1,0.00873431283980608,1,0.00873431283980608,0.15809763962533907,,,,1,87.3431283980608,0.004968468565493822,0.013706258498132229,0.00023784488439559937,0.45797074181542646
2020-11-13,fold_6,COVID crash and V-recovery,-0.002684645354747772,-1,0.007772567216306925,1,-0.007772567216306925,0.15032507240903215,,,,0,-77.72567216306925,0.0068195597268640995,-0.0018917557317763567,-0.002684645354747772,0.4062582307615261
2020-11-16,fold_6,COVID crash and V-recovery,-0.001617826521396637,-1,-0.0031774360686540604,-1,0.0031774360686540604,0.1535025084776862,,,,1,31.774360686540604,0.006791851948946714,-0.009630321525037289,-0.001617826521396637,-0.16851969730067273
2020-11-17,fold_6,COVID crash and V-recovery,-0.0036533325910568237,-1,-0.007417635060846806,-1,0.007417635060846806,0.160920143538533,,,,1,74.17635060846806,0.0025161639787256718,0.007499608676880598,-0.0036533325910568237,-0.3932528488787517
2020-11-18,fold_6,COVID crash and V-recovery,-0.00027536600828170776,-1,0.007794450502842665,1,-0.007794450502842665,0.15312569303569035,,,,0,-77.94450502842665,0.004082143772393465,0.021044887602329254,-0.00027536600828170776,0.41165884580625633
2020-11-19,fold_6,COVID crash and V-recovery,0.0006419345736503601,1,-0.006863702088594437,-1,-0.006863702088594437,0.1462619909470959,,,,0,-68.63702088594437,0.0030166651122272015,0.02242281287908554,0.0006419345736503601,-0.36097592278577006
2020-11-20,fold_6,COVID crash and V-recovery,0.0016027167439460754,1,3.400091009098105e-05,1,3.400091009098105e-05,0.1462959918571869,,,,1,0.3400091009098105,0.006310343276709318,0.03132430091500282,0.0016027167439460754,0.0017828542565550293
2020-11-23,fold_6,COVID crash and V-recovery,-0.002353258430957794,-1,0.013952494598925114,1,-0.013952494598925114,0.13234349725826178,,,,0,-139.52494598925114,0.006994297262281179,0.04402534291148186,-0.002353258430957794,0.7433640469029835
2020-11-24,fold_6,COVID crash and V-recovery,-0.0016532689332962036,-1,0.006127643398940563,1,-0.006127643398940563,0.12621585385932121,,,,0,-61.27643398940563,-0.0010259184055030346,0.03135693445801735,-0.0016532689332962036,0.3234052070137997
2020-11-25,fold_6,COVID crash and V-recovery,-0.004894472658634186,-1,0.009172377176582813,1,-0.009172377176582813,0.1170434766827384,,,,0,-91.72377176582813,-0.0015646298415958881,0.02664339542388916,-0.004894472658634186,0.5463967394333243
2020-11-27,fold_6,COVID crash and V-recovery,0.000651724636554718,1,0.0020377866458147764,1,0.0020377866458147764,0.11908126332855318,,,,1,20.377866458147764,-0.0007688980549573898,0.02153753489255905,0.000651724636554718,0.12379010218913579
2020-11-30,fold_6,COVID crash and V-recovery,-0.0009262040257453918,-1,0.012735040858387947,1,-0.012735040858387947,0.10634622247016523,,,,0,-127.35040858387947,0.0014772606082260609,0.025146711617708206,-0.0009262040257453918,0.825152095544987
2020-12-01,fold_6,COVID crash and V-recovery,-0.0018620565533638,-1,0.0012840845156461,1,-0.0012840845156461,0.10506213795451913,,,,0,-12.840845156461,0.0034732078202068806,0.0157906636595726,-0.0018620565533638,0.08186080873771634
2020-12-02,fold_6,COVID crash and V-recovery,-0.002047203481197357,-1,0.0014141055289655924,1,-0.0014141055289655924,0.10364803242555354,,,,0,-14.141055289655924,0.006844641175121069,-0.008394548669457436,-0.002047203481197357,0.09295420381384639
2020-12-03,fold_6,COVID crash and V-recovery,-0.00044977664947509766,-1,0.004066517110913992,1,-0.004066517110913992,0.09958151531463955,,,,0,-40.66517110913992,0.006708384957164526,-0.005801084917038679,-0.00044977664947509766,0.34847327562232994
2020-12-04,fold_6,COVID crash and V-recovery,0.0008295252919197083,1,0.005646963603794575,1,0.005646963603794575,0.10522847891843412,,,,1,56.46963603794575,0.010123470798134804,-0.012084580026566982,0.0008295252919197083,0.5540372958545712
2020-12-07,fold_6,COVID crash and V-recovery,0.00023422390222549438,1,0.003378992434591055,1,0.003378992434591055,0.10860747135302518,,,,1,33.78992434591055,0.012697692960500717,-0.010502398945391178,0.00023422390222549438,0.329049495914118
2020-12-08,fold_6,COVID crash and V-recovery,0.0021137595176696777,1,-0.022901127114892006,-1,-0.022901127114892006,0.08570634423813317,,,,0,-229.01127114892006,0.011607179418206215,-0.0032489225268363953,0.0021137595176696777,-2.4882146420684146
2020-12-09,fold_6,COVID crash and V-recovery,0.0011253654956817627,1,0.004007569048553705,1,0.004007569048553705,0.08971391328668687,,,,1,40.07569048553705,0.012725496664643288,0.025136673822999,0.0011253654956817627,0.4120471886712415
2020-12-10,fold_6,COVID crash and V-recovery,0.000738091766834259,1,-0.0022169779986143112,-1,-0.0022169779986143112,0.08749693528807256,,,,0,-22.169779986143112,0.006855185609310865,0.0276457741856575,0.000738091766834259,-0.2632439802492302
2020-12-11,fold_6,COVID crash and V-recovery,0.0031061768531799316,1,0.007229145150631666,1,0.007229145150631666,0.09472608043870423,,,,1,72.29145150631666,0.00811111181974411,0.0268356055021286,0.0031061768531799316,0.8636478044932318
2020-12-14,fold_6,COVID crash and V-recovery,0.0006023198366165161,1,0.01063246838748455,1,0.01063246838748455,0.10535854882618878,,,,1,106.3246838748455,0.007892003282904625,0.017734089866280556,0.0006023198366165161,1.2812665826263265
2020-12-15,fold_6,COVID crash and V-recovery,0.001492127776145935,1,0.0054844701662659645,1,0.0054844701662659645,0.11084301899245474,,,,1,54.844701662659645,0.0048384093679487705,0.00981712993234396,0.001492127776145935,0.6486281134756449
2020-12-16,fold_6,COVID crash and V-recovery,-0.0025701746344566345,-1,0.006516668945550919,1,-0.006516668945550919,0.10432635004690383,,,,0,-65.16668945550919,0.001952542457729578,-0.0007163272821344435,-0.0025701746344566345,0.7653729375236511
2020-12-17,fold_6,COVID crash and V-recovery,-0.00132838636636734,-1,-0.0030271466821432114,-1,0.0030271466821432114,0.10735349672904704,,,,1,30.271466821432114,-0.002551211742684245,-0.002830306999385357,-0.00132838636636734,-0.3570831286606675
2020-12-18,fold_6,COVID crash and V-recovery,-0.0013862550258636475,-1,-0.001872371882200241,-1,0.001872371882200241,0.10922586861124728,,,,1,18.72371882200241,-0.001089705154299736,0.010225623846054077,-0.0013862550258636475,-0.22493926581037224
2020-12-21,fold_6,COVID crash and V-recovery,-0.0027519911527633667,-1,0.002715509617701173,1,-0.002715509617701173,0.1065103589935461,,,,0,-27.15509617701173,0.0010791304521262646,0.01299302838742733,-0.0027519911527633667,0.3314875297474319
2020-12-22,fold_6,COVID crash and V-recovery,-0.0018298998475074768,-1,-0.005048987455666065,-1,0.005048987455666065,0.11155934644921217,,,,1,50.48987455666065,0.006887728814035654,0.010309210978448391,-0.0018298998475074768,-0.6146537584216499
2020-12-23,fold_6,COVID crash and V-recovery,-0.0038291066884994507,-1,0.004402689635753632,1,-0.004402689635753632,0.10715665681345854,,,,0,-44.026896357536316,0.008625386282801628,0.017815537750720978,-0.0038291066884994507,0.5731001337807812
2020-12-24,fold_6,COVID crash and V-recovery,-0.003783188760280609,-1,0.010028784163296223,1,-0.010028784163296223,0.09712787265016232,,,,0,-100.28784163296223,0.007420411799103022,-0.0008076458470895886,-0.003783188760280609,1.3156138038421608
2020-12-28,fold_6,COVID crash and V-recovery,-0.0034946277737617493,-1,0.0008950326009653509,1,-0.0008950326009653509,0.09623284004919697,,,,0,-8.950326009653509,0.01038479432463646,-0.0026263040490448475,-0.0034946277737617493,0.11659180941941093
2020-12-29,fold_6,COVID crash and V-recovery,-0.005498722195625305,-1,3.169193587382324e-05,1,-3.169193587382324e-05,0.09620114811332314,,,,0,-0.3169193587382324,0.011436158791184425,-0.017470380291342735,-0.005498722195625305,0.004134245642294804
2020-12-30,fold_6,COVID crash and V-recovery,-0.0011005774140357971,-1,0.0024573400150984526,1,-0.0024573400150984526,0.09374380809822469,,,,0,-24.573400150984526,0.009311303496360779,0.00640215864405036,-0.0011005774140357971,0.34526923346710536
2024-04-12,fold_7,"Inflation bear, AI rally and 2025",0.0080503448843956,1,-0.016587810590863228,-1,-0.016587810590863228,-0.016587810590863228,,,,0,-165.87810590863228,-0.006802637130022049,-0.05540034547448158,0.0080503448843956,-1.915637977737409
2024-04-15,fold_7,"Inflation bear, AI rally and 2025",0.010372340679168701,1,9.28273075260222e-05,1,9.28273075260222e-05,-0.016494983283337206,,,,1,0.928273075260222,-0.0010680793784558773,-0.028806107118725777,0.010372340679168701,0.010276851524955881
2024-04-16,fold_7,"Inflation bear, AI rally and 2025",0.009461991488933563,1,-0.012276514433324337,-1,-0.012276514433324337,-0.028771497716661543,,,,0,-122.76514433324337,0.0007626158185303211,-0.014086250215768814,0.009461991488933563,-1.398273534739221
2024-04-17,fold_7,"Inflation bear, AI rally and 2025",0.008129015564918518,1,-0.005722694098949432,-1,-0.005722694098949432,-0.034494191815610975,,,,0,-57.226940989494324,-0.0005509858019649982,0.0015721198869869113,0.008129015564918518,-0.6232469284784488
2024-04-18,fold_7,"Inflation bear, AI rally and 2025",0.00749688595533371,1,-0.020906154066324234,-1,-0.020906154066324234,-0.05540034588193521,,,,0,-209.06154066324234,-0.0006641237996518612,0.002453271532431245,0.00749688595533371,-2.3521081873632403
2024-04-19,fold_7,"Inflation bear, AI rally and 2025",0.007299996912479401,1,0.010006428696215153,1,0.010006428696215153,-0.045393917185720056,,,,1,100.06428696215153,-0.0015267455019056797,0.038673385977745056,0.007299996912479401,1.001945669500256
2024-04-22,fold_7,"Inflation bear, AI rally and 2025",0.006152354180812836,1,0.014812683686614037,1,0.014812683686614037,-0.03058123349910602,,,,1,148.12683686614037,-0.004034925252199173,0.03271905705332756,0.006152354180812836,1.4477695045384535
2024-04-23,fold_7,"Inflation bear, AI rally and 2025",0.006681568920612335,1,0.0033818555530160666,1,0.0033818555530160666,-0.027199377946089953,,,,1,33.818555530160666,-0.00696331262588501,-0.0011298799654468894,0.006681568920612335,0.3153720124031093
2024-04-24,fold_7,"Inflation bear, AI rally and 2025",0.0070290714502334595,1,-0.004841542802751064,-1,-0.004841542802751064,-0.03204092074884102,,,,0,-48.41542802751064,-0.006361053325235844,-0.011768510565161705,0.0070290714502334595,-0.4514034651311373
2024-04-25,fold_7,"Inflation bear, AI rally and 2025",0.0068781450390815735,1,0.015313959680497646,1,0.015313959680497646,-0.01672696106834337,,,,1,153.13959680497646,-0.005552426911890507,0.005755472928285599,0.0068781450390815735,1.4241324448891393
2024-04-26,fold_7,"Inflation bear, AI rally and 2025",0.006881333887577057,1,0.004052098840475082,1,0.004052098840475082,-0.012674862227868289,,,,1,40.520988404750824,-0.005888104438781738,0.010340644046664238,0.006881333887577057,0.3593017104789151
2024-04-29,fold_7,"Inflation bear, AI rally and 2025",0.006139412522315979,1,-0.019036252051591873,-1,-0.019036252051591873,-0.03171111427946016,,,,0,-190.36252051591873,-0.004029515665024519,0.01718253269791603,0.006139412522315979,-1.684004190632592
2024-04-30,fold_7,"Inflation bear, AI rally and 2025",0.007275879383087158,1,-0.007256774697452784,-1,-0.007256774697452784,-0.038967888976912946,,,,0,-72.56774697452784,-0.001071105245500803,0.036377713084220886,0.007275879383087158,-0.6086610786073906
2024-05-01,fold_7,"Inflation bear, AI rally and 2025",0.007603965699672699,1,0.01268244069069624,1,0.01268244069069624,-0.026285448286216706,,,,1,126.8244069069624,0.0014184280298650265,0.043043844401836395,0.007603965699672699,1.0549368441432632
2024-05-02,fold_7,"Inflation bear, AI rally and 2025",0.005931206047534943,1,0.01989912986755371,1,0.01989912986755371,-0.006386318418662995,,,,1,198.9912986755371,-0.0011932426132261753,0.03254050761461258,0.005931206047534943,1.6776006709564757
2024-05-03,fold_7,"Inflation bear, AI rally and 2025",0.006321854889392853,1,0.01089398842304945,1,0.01089398842304945,0.004507670004386455,,,,1,108.9398842304945,-0.0017247493378818035,0.014996875077486038,0.006321854889392853,0.8789025385636756
2024-05-06,fold_7,"Inflation bear, AI rally and 2025",0.007886156439781189,1,0.00015892888768576086,1,0.00015892888768576086,0.004666598892072216,,,,1,1.5892888768576086,0.0013993964530527592,0.006407518871128559,0.007886156439781189,0.012581531524142072
2024-05-07,fold_7,"Inflation bear, AI rally and 2025",0.006253518164157867,1,-0.0005906449514441192,-1,-0.0005906449514441192,0.0040759539406280965,,,,0,-5.906449514441192,0.0011711777187883854,0.012660286389291286,0.006253518164157867,-0.04685816338663532
2024-05-08,fold_7,"Inflation bear, AI rally and 2025",0.006559982895851135,1,0.002179105766117573,1,0.002179105766117573,0.006255059706745669,,,,1,21.791057661175728,0.0037345378659665585,0.028760163113474846,0.006559982895851135,0.1749964145930725
2024-05-09,fold_7,"Inflation bear, AI rally and 2025",0.01441904902458191,1,0.002355497097596526,1,0.002355497097596526,0.008610556804342195,,,,1,23.55497097596526,0.01085798628628254,0.02454777993261814,0.01441904902458191,0.19715011812391026
2024-05-10,fold_7,"Inflation bear, AI rally and 2025",0.012427076697349548,1,0.002304631983861327,1,0.002304631983861327,0.010915188788203523,,,,1,23.04631983861327,0.019438723102211952,0.02170546166598797,0.012427076697349548,0.20204176077495256
2024-05-13,fold_7,"Inflation bear, AI rally and 2025",0.008275680243968964,1,0.006411696784198284,1,0.006411696784198284,0.017326885572401807,,,,1,64.11696784198284,0.015138944610953331,0.026349298655986786,0.008275680243968964,0.5937243334603832
2024-05-14,fold_7,"Inflation bear, AI rally and 2025",0.003471061587333679,1,0.015509231947362423,1,0.015509231947362423,0.03283611751976423,,,,1,155.09231947362423,0.01673336699604988,0.02189207263290882,0.003471061587333679,1.4236688665281578
2024-05-15,fold_7,"Inflation bear, AI rally and 2025",0.0033262968063354492,1,-0.002033278113231063,-1,-0.002033278113231063,0.030802839406533167,,,,0,-20.33278113231063,0.017346400767564774,0.006185304373502731,0.0033262968063354492,-0.18321011445197363
2024-05-16,fold_7,"Inflation bear, AI rally and 2025",0.0020146444439888,1,-0.0004868214309681207,-1,-0.0004868214309681207,0.030316017975565046,,,,0,-4.868214309681207,0.013857409358024597,0.00371000450104475,0.0020146444439888,-0.044122443394488634
2024-05-17,fold_7,"Inflation bear, AI rally and 2025",0.0008181855082511902,1,0.006948469206690788,1,0.006948469206690788,0.037264487182255834,,,,1,69.48469206690788,0.013812782242894173,0.013608839362859726,0.0008181855082511902,0.6952125898010301
2024-05-20,fold_7,"Inflation bear, AI rally and 2025",0.003056451678276062,1,0.0019544712267816067,1,0.0019544712267816067,0.03921895840903744,,,,1,19.544712267816067,0.013503151014447212,0.010431037284433842,0.003056451678276062,0.19813782720354398
2024-05-21,fold_7,"Inflation bear, AI rally and 2025",0.002155609428882599,1,-0.00019753658853005618,-1,-0.00019753658853005618,0.039021421820507385,,,,0,-1.9753658853005618,0.014160607010126114,0.00140322744846344,0.002155609428882599,-0.02123648203471224
2024-05-22,fold_7,"Inflation bear, AI rally and 2025",0.0019244030117988586,1,-0.0045085777528584,-1,-0.0045085777528584,0.034512844067648984,,,,0,-45.085777528584,0.016565890982747078,-0.00917046144604683,0.0019244030117988586,-0.4863059884639499
2024-05-23,fold_7,"Inflation bear, AI rally and 2025",0.0018795132637023926,1,0.009412013925611973,1,0.009412013925611973,0.04392485799326096,,,,1,94.12013925611973,0.01732448674738407,-0.006523867137730122,0.0018795132637023926,1.0161228281011665
2024-05-24,fold_7,"Inflation bear, AI rally and 2025",0.0014202818274497986,1,0.003770666429772973,1,0.003770666429772973,0.04769552442303393,,,,1,37.70666429772973,0.016274096444249153,-0.0105808787047863,0.0014202818274497986,0.42558054147400476
2024-05-28,fold_7,"Inflation bear, AI rally and 2025",-0.0007360652089118958,-1,-0.007073338143527508,-1,0.007073338143527508,0.05476886256656144,,,,1,70.73338143527508,0.01603805460035801,-0.011618755757808685,-0.0007360652089118958,-0.7989006844998127
2024-05-29,fold_7,"Inflation bear, AI rally and 2025",-0.001319386065006256,-1,-0.010771225206553936,-1,0.010771225206553936,0.06554008777311537,,,,1,107.71225206553936,0.018767565488815308,0.015413827262818813,-0.001319386065006256,-1.3594968419813447
2024-05-30,fold_7,"Inflation bear, AI rally and 2025",-0.0008325725793838501,-1,-0.0018619840266183019,-1,0.0018619840266183019,0.06740207179973368,,,,1,18.61984026618302,0.021031096577644348,0.02583981119096279,-0.0008325725793838501,-0.2292967954822727
2024-05-31,fold_7,"Inflation bear, AI rally and 2025",0.0021670982241630554,1,0.005355002358555794,1,0.005355002358555794,0.07275707415828947,,,,1,53.55002358555794,0.019779963418841362,0.026816576719284058,0.0021670982241630554,0.7027090494998068
2024-06-03,fold_7,"Inflation bear, AI rally and 2025",-0.00023798644542694092,-1,0.002732788911089301,1,-0.002732788911089301,0.07002428524720017,,,,0,-27.32788911089301,0.014394169673323631,0.025492563843727112,-0.00023798644542694092,0.43368193802744326
2024-06-04,fold_7,"Inflation bear, AI rally and 2025",0.00589471310377121,1,0.01995924487709999,1,0.01995924487709999,0.08998353012430016,,,,1,199.5924487709999,0.006988369394093752,0.02959909848868847,0.00589471310377121,3.4156224962840676
2024-06-05,fold_7,"Inflation bear, AI rally and 2025",0.0115119069814682,1,-0.0003452417440712452,-1,-0.0003452417440712452,0.08963828838022891,,,,0,-3.452417440712452,-0.007018318399786949,0.022652629762887955,0.0115119069814682,-0.04695363633241321
2024-06-06,fold_7,"Inflation bear, AI rally and 2025",0.009905941784381866,1,-0.0008852180326357484,-1,-0.0008852180326357484,0.08875307034759317,,,,0,-8.852180326357484,-0.01032252050936222,0.028403399512171745,0.009905941784381866,-0.12040439171168577
2024-06-07,fold_7,"Inflation bear, AI rally and 2025",0.010082662105560303,1,0.004030989948660135,1,0.004030989948660135,0.0927840602962533,,,,1,40.30989948660135,0.001892410684376955,0.03445643186569214,0.010082662105560303,0.5492899450229848
2024-06-10,fold_7,"Inflation bear, AI rally and 2025",0.010633938014507294,1,0.006839322857558727,1,0.006839322857558727,0.09962338315381203,,,,1,68.39322857558727,0.006671395618468523,0.04260094463825226,0.010633938014507294,0.9273771940684392
2024-06-11,fold_7,"Inflation bear, AI rally and 2025",0.004513256251811981,1,0.013012777082622051,1,0.013012777082622051,0.11263616023643408,,,,1,130.1277708262205,0.012332890182733536,0.03607082739472389,0.004513256251811981,1.731768227856263
2024-06-12,fold_7,"Inflation bear, AI rally and 2025",0.004205234348773956,1,0.005405528470873833,1,0.005405528470873833,0.11804168870730791,,,,1,54.05528470873833,0.017406901344656944,0.015320060774683952,0.004205234348773956,0.6817164243853996
2024-06-13,fold_7,"Inflation bear, AI rally and 2025",0.0019071176648139954,1,0.005167814902961254,1,0.005167814902961254,0.12320950361026917,,,,1,51.67814902961254,0.008102815598249435,0.0072316755540668964,0.0019071176648139954,0.71453510413117
2024-06-14,fold_7,"Inflation bear, AI rally and 2025",-0.003393985331058502,-1,0.012175502255558968,1,-0.012175502255558968,0.1110340013547102,,,,0,-121.75502255558968,0.00946897268295288,-0.009386073797941208,-0.003393985331058502,1.6655900350437747
2024-06-17,fold_7,"Inflation bear, AI rally and 2025",0.0023871660232543945,1,0.0003092046536039561,1,0.0003092046536039561,0.11134320600831416,,,,1,3.092046536039561,0.013914942741394043,-0.010190867818892002,0.0023871660232543945,0.03964268442676233
2024-06-18,fold_7,"Inflation bear, AI rally and 2025",0.0019220784306526184,1,-0.007737989537417889,-1,-0.007737989537417889,0.10360521647089627,,,,0,-77.37989537417889,0.012681135907769203,-0.008436965756118298,0.0019220784306526184,-1.0123242809306967
2024-06-20,fold_7,"Inflation bear, AI rally and 2025",0.0012287795543670654,1,-0.002682856749743223,-1,-0.002682856749743223,0.10092235972115304,,,,0,-26.828567497432232,0.016981249675154686,0.0018790541216731071,0.0012287795543670654,-0.34285804932426206
2024-06-21,fold_7,"Inflation bear, AI rally and 2025",0.0035320818424224854,1,-0.011449933983385563,-1,-0.011449933983385563,0.08947242573776748,,,,0,-114.49933983385563,0.015102796256542206,-0.00064253801247105,0.0035320818424224854,-1.4589962236954837
2024-06-24,fold_7,"Inflation bear, AI rally and 2025",0.003652900457382202,1,0.011370707303285599,1,0.011370707303285599,0.10084313304105308,,,,1,113.70707303285599,0.014855556190013885,0.01665533147752285,0.003652900457382202,1.387839319558593
2024-06-25,fold_7,"Inflation bear, AI rally and 2025",0.00700794905424118,1,0.002063107443973422,1,0.002063107443973422,0.1029062404850265,,,,1,20.63107443973422,0.013737984001636505,0.015729578211903572,0.00700794905424118,0.2480774401688555
2024-06-26,fold_7,"Inflation bear, AI rally and 2025",0.006166599690914154,1,0.0025780298747122288,1,0.0025780298747122288,0.10548427035973873,,,,1,25.780298747122288,0.011920616030693054,0.021968942135572433,0.006166599690914154,0.3111163482075264
2024-06-27,fold_7,"Inflation bear, AI rally and 2025",0.008358463644981384,1,-0.005204448942095041,-1,-0.005204448942095041,0.10027982141764369,,,,0,-52.04448942095041,0.00886010192334652,0.029763752594590187,0.008358463644981384,-0.6382350260450105
2024-06-28,fold_7,"Inflation bear, AI rally and 2025",0.006437316536903381,1,0.005847935099154711,1,0.005847935099154711,0.1061277565167984,,,,1,58.47935099154711,0.0073263985104858875,0.037343580275774,0.006437316536903381,0.7423997926176615
2024-07-01,fold_7,"Inflation bear, AI rally and 2025",0.004042208194732666,1,0.010444954968988895,1,0.010444954968988895,0.1165727114857873,,,,1,104.44954968988895,0.010535642504692078,0.032359976321458817,0.004042208194732666,1.3098751779381625
2024-07-02,fold_7,"Inflation bear, AI rally and 2025",0.005907222628593445,1,0.008302470669150352,1,0.008302470669150352,0.12487518215493765,,,,1,83.02470669150352,0.0064123389311134815,0.032287489622831345,0.005907222628593445,1.0097531611324242
2024-07-03,fold_7,"Inflation bear, AI rally and 2025",0.0033853352069854736,1,0.010372839868068695,1,0.010372839868068695,0.13524802202300634,,,,1,103.72839868068695,0.012936415150761604,0.0018107411451637745,0.0033853352069854736,1.2338218881148515
2024-07-05,fold_7,"Inflation bear, AI rally and 2025",0.0024093911051750183,1,0.002375379903241992,1,0.002375379903241992,0.13762340192624833,,,,1,23.75379903241992,0.00943249836564064,-0.0027043852023780346,0.0024093911051750183,0.3170268540244118
2024-07-08,fold_7,"Inflation bear, AI rally and 2025",-0.00011687725782394409,-1,0.0008643296314403415,1,-0.0008643296314403415,0.136759072294808,,,,0,-8.643296314403415,0.011622944846749306,-0.0023955574724823236,-0.00011687725782394409,0.11507389364579725
2024-07-09,fold_7,"Inflation bear, AI rally and 2025",0.0032733753323554993,1,0.010372469201683998,1,0.010372469201683998,0.147131541496492,,,,1,103.72469201683998,0.01401965320110321,-0.002877016318961978,0.0032733753323554993,1.3809774385746778
2024-07-10,fold_7,"Inflation bear, AI rally and 2025",0.005665376782417297,1,-0.022174276411533356,-1,-0.022174276411533356,0.12495726508495864,,,,0,-221.74276411533356,0.01715473271906376,-0.0430438406765461,0.005665376782417297,-2.8395556157698416
2024-07-11,fold_7,"Inflation bear, AI rally and 2025",0.003353796899318695,1,0.005857713054865599,1,0.005857713054865599,0.13081497813982423,,,,1,58.57713054865599,0.016748350113630295,-0.025613289326429367,0.003353796899318695,0.6420877278904823
2024-07-12,fold_7,"Inflation bear, AI rally and 2025",0.0028808116912841797,1,0.002684207633137703,1,0.002684207633137703,0.13349918577296194,,,,1,26.84207633137703,0.014475280418992043,-0.040374159812927246,0.0028808116912841797,0.30693872466430683
2024-07-15,fold_7,"Inflation bear, AI rally and 2025",0.0035999417304992676,1,0.00038287072675302625,1,0.00038287072675302625,0.13388205649971496,,,,1,3.8287072675302625,0.015451664105057716,-0.028270574286580086,0.0035999417304992676,0.044099727267770325
2024-07-16,fold_7,"Inflation bear, AI rally and 2025",0.005524039268493652,1,-0.02979435585439205,-1,-0.02979435585439205,0.10408770064532291,,,,0,-297.9435585439205,0.016002105548977852,-0.03218429908156395,0.005524039268493652,-3.462402666184191
2024-07-17,fold_7,"Inflation bear, AI rally and 2025",0.006937921047210693,1,-0.004743724595755339,-1,-0.004743724595755339,0.09934397604956757,,,,0,-47.43724595755339,0.01685732789337635,-0.038919322192668915,0.006937921047210693,-0.45021193175523166
2024-07-18,fold_7,"Inflation bear, AI rally and 2025",0.0068853795528411865,1,-0.008903156965970993,-1,-0.008903156965970993,0.09044081908359658,,,,0,-89.03156965970993,0.010156547650694847,-0.045264601707458496,0.0068853795528411865,-0.8407390180070969
2024-07-19,fold_7,"Inflation bear, AI rally and 2025",0.007613323628902435,1,0.014787793159484863,1,0.014787793159484863,0.10522861224308144,,,,1,147.87793159484863,0.00965414009988308,-0.026157695800065994,0.007613323628902435,1.3904370170925573
2024-07-22,fold_7,"Inflation bear, AI rally and 2025",0.008130557835102081,1,-0.0035308548249304295,-1,-0.0035308548249304295,0.10169775741815101,,,,0,-35.308548249304295,0.011069780215620995,-0.038938675075769424,0.008130557835102081,-0.31748379855643816
2024-07-23,fold_7,"Inflation bear, AI rally and 2025",0.011342257261276245,1,-0.03652937710285187,-1,-0.03652937710285187,0.06516838031529915,,,,0,-365.2937710285187,-0.0012216153554618359,-0.049234386533498764,0.011342257261276245,-3.366324504216688
2024-07-24,fold_7,"Inflation bear, AI rally and 2025",0.0030752941966056824,1,-0.011089004576206207,-1,-0.011089004576206207,0.05407937573909294,,,,0,-110.89004576206207,-0.006846660282462835,0.016459202393889427,0.0030752941966056824,-0.8311367073785129
2024-07-25,fold_7,"Inflation bear, AI rally and 2025",0.005338422954082489,1,0.01020374707877636,1,0.01020374707877636,0.0642831228178693,,,,1,102.0374707877636,-0.011481544002890587,0.003028667066246271,0.005338422954082489,0.7523452168158241
2024-07-26,fold_7,"Inflation bear, AI rally and 2025",0.007979430258274078,1,0.0020068141166120768,1,0.0020068141166120768,0.06628993693448137,,,,1,20.068141166120768,-0.010477980598807335,-0.031196199357509613,0.007979430258274078,0.14604485969080083
2024-07-29,fold_7,"Inflation bear, AI rally and 2025",0.00890921801328659,1,-0.013826565816998482,-1,-0.013826565816998482,0.05246337111748289,,,,0,-138.26565816998482,-0.007455526851117611,-0.063472680747509,0.00890921801328659,-1.0093074248608767
2024-07-30,fold_7,"Inflation bear, AI rally and 2025",0.007146745920181274,1,0.029164211824536324,1,0.029164211824536324,0.08162758294201922,,,,1,291.64211824536324,-0.005186289548873901,-0.04013648256659508,0.007146745920181274,2.085750291487153
2024-07-31,fold_7,"Inflation bear, AI rally and 2025",0.006498031318187714,1,-0.02451954036951065,-1,-0.02451954036951065,0.057108042572508566,,,,0,-245.1954036951065,-0.005261733662337065,-0.080189548432827,0.006498031318187714,-1.6077581412371202
2024-08-01,fold_7,"Inflation bear, AI rally and 2025",0.00476595014333725,1,-0.024021118879318237,-1,-0.024021118879318237,0.03308692369319033,,,,0,-240.21118879318237,-0.006158001720905304,-0.025537710636854172,0.00476595014333725,-1.4920247357675547
2024-08-02,fold_7,"Inflation bear, AI rally and 2025",0.008043691515922546,1,-0.030269667506217957,-1,-0.030269667506217957,0.0028172561869723722,,,,0,-302.69667506217957,0.0003444245085120201,0.0036923731677234173,0.008043691515922546,-1.8003931776647635
2024-08-05,fold_7,"Inflation bear, AI rally and 2025",0.008561655879020691,1,0.009509631432592869,1,0.009509631432592869,0.012326887619565241,,,,1,95.09631432592869,0.004047198686748743,0.03611313924193382,0.008561655879020691,0.524920691891243
2024-08-06,fold_7,"Inflation bear, AI rally and 2025",0.006171204149723053,1,-0.01088885311037302,-1,-0.01088885311037302,0.0014380345091922209,,,,0,-108.8885311037302,0.0033110161311924458,0.05111347883939743,0.006171204149723053,-0.5969875219152809
2024-08-07,fold_7,"Inflation bear, AI rally and 2025",0.006282225251197815,1,0.030132297426462173,1,0.030132297426462173,0.031570331935654394,,,,1,301.32297426462173,0.00560259772464633,0.062326643615961075,0.006282225251197815,1.6506589822195037
2024-08-08,fold_7,"Inflation bear, AI rally and 2025",0.006909944117069244,1,0.005208965390920639,1,0.005208965390920639,0.03677929732657503,,,,1,52.08965390920639,0.006608229596167803,0.05714362487196922,0.006909944117069244,0.2768349311927352
2024-08-09,fold_7,"Inflation bear, AI rally and 2025",0.0058755651116371155,1,0.0021510969381779432,1,0.0021510969381779432,0.03893039426475298,,,,1,21.510969381779432,0.005030739586800337,0.05321963131427765,0.0058755651116371155,0.1143798882170997
2024-08-12,fold_7,"Inflation bear, AI rally and 2025",0.007459849119186401,1,0.02450997196137905,1,0.02450997196137905,0.06344036622613203,,,,1,245.0997196137905,0.004406376276165247,0.06411891430616379,0.007459849119186401,1.303501943679819
2024-08-13,fold_7,"Inflation bear, AI rally and 2025",0.008050106465816498,1,0.00032431332510896027,1,0.00032431332510896027,0.06376467955124099,,,,1,3.2431332510896027,0.005131624173372984,0.03750813379883766,0.008050106465816498,0.01655891126018704
2024-08-14,fold_7,"Inflation bear, AI rally and 2025",0.0072524696588516235,1,0.024949276819825172,1,0.024949276819825172,0.08871395637106616,,,,1,249.49276819825172,0.004682482685893774,0.041837096214294434,0.0072524696588516235,1.3546411923098562
2024-08-15,fold_7,"Inflation bear, AI rally and 2025",0.006345935165882111,1,0.0012849696213379502,1,0.0012849696213379502,0.08999892599240411,,,,1,12.849696213379502,0.0048116096295416355,0.0009060029406100512,0.006345935165882111,0.0668740747706282
2024-08-16,fold_7,"Inflation bear, AI rally and 2025",0.006706885993480682,1,0.0130503810942173,1,0.0130503810942173,0.10304930708662141,,,,1,130.503810942173,0.006756834220141172,0.010408023372292519,0.006706885993480682,0.6827829402239022
2024-08-19,fold_7,"Inflation bear, AI rally and 2025",0.006246775388717651,1,-0.002100807148963213,-1,-0.002100807148963213,0.1009484999376582,,,,0,-21.00807148963213,0.011198680847883224,-0.012398049235343933,0.006246775388717651,-0.11027773996348064
2024-08-20,fold_7,"Inflation bear, AI rally and 2025",0.005370244383811951,1,0.004653274081647396,1,0.004653274081647396,0.1056017740193056,,,,1,46.53274081647396,0.014226630330085754,-0.007314376067370176,0.005370244383811951,0.2444000893406978
2024-08-21,fold_7,"Inflation bear, AI rally and 2025",0.005210377275943756,1,-0.01598181575536728,-1,-0.01598181575536728,0.08961995826393832,,,,0,-159.8181575536728,0.022538088262081146,-0.023379897698760033,0.005210377275943756,-0.9275646245457356
2024-08-22,fold_7,"Inflation bear, AI rally and 2025",0.004184454679489136,1,0.010786990635097027,1,0.010786990635097027,0.10040694889903534,,,,1,107.86990635097027,0.024391749873757362,-0.008863111026585102,0.004184454679489136,0.6191949924164502
2024-08-23,fold_7,"Inflation bear, AI rally and 2025",0.004359394311904907,1,-0.009755691513419151,-1,-0.009755691513419151,0.09065125738561619,,,,0,-97.55691513419151,0.01805425062775612,-0.007801180239766836,0.004359394311904907,-0.559432470656507
2024-08-26,fold_7,"Inflation bear, AI rally and 2025",0.004366450011730194,1,0.0029828662518411875,1,0.0029828662518411875,0.09363412363745738,,,,1,29.828662518411875,0.01778053119778633,-0.028876792639493942,0.004366450011730194,0.16978265810020524
2024-08-27,fold_7,"Inflation bear, AI rally and 2025",0.0022336766123771667,1,-0.011412248015403748,-1,-0.011412248015403748,0.08222187562205363,,,,0,-114.12248015403748,0.0166979618370533,-0.03446156159043312,0.0022336766123771667,-0.659384942491126
2024-08-28,fold_7,"Inflation bear, AI rally and 2025",0.006391458213329315,1,-0.0014650279190391302,-1,-0.0014650279190391302,0.0807568477030145,,,,0,-14.650279190391302,0.014691147953271866,-0.02211609296500683,0.006391458213329315,-0.0902464387601881
2024-08-29,fold_7,"Inflation bear, AI rally and 2025",0.0032201409339904785,1,0.011848920956254005,1,0.011848920956254005,0.0926057686592685,,,,1,118.48920956254005,0.01265123300254345,-0.04780372232198715,0.0032201409339904785,0.7752877777932282
2024-08-30,fold_7,"Inflation bear, AI rally and 2025",0.004348792135715485,1,-0.03083130531013012,-1,-0.03083130531013012,0.06177446334913839,,,,0,-308.3130531013012,0.005462541710585356,-0.046875014901161194,0.004348792135715485,-2.118767250124786
2024-09-03,fold_7,"Inflation bear, AI rally and 2025",0.0014032572507858276,1,-0.0026019022334367037,-1,-0.0026019022334367037,0.05917256111570168,,,,0,-26.019022334367037,0.003580755088478327,-0.006844343151897192,0.0014032572507858276,-0.17808602031578946
2024-09-04,fold_7,"Inflation bear, AI rally and 2025",0.008733883500099182,1,0.0009332209010608494,1,0.0009332209010608494,0.06010578201676253,,,,1,9.332209010608494,-0.0029041802044957876,0.017240503802895546,0.008733883500099182,0.06450909024050137
2024-09-05,fold_7,"Inflation bear, AI rally and 2025",0.006962575018405914,1,-0.02715265564620495,-1,-0.02715265564620495,0.032953126370557584,,,,0,-271.5265564620495,-0.009774625301361084,0.026075517758727074,0.006962575018405914,-1.9038919504433214
2024-09-06,fold_7,"Inflation bear, AI rally and 2025",0.005258016288280487,1,0.012777626514434814,1,0.012777626514434814,0.0457307528849924,,,,1,127.77626514434814,-0.006401761434972286,0.05769813060760498,0.005258016288280487,0.9153524726053623
2024-09-09,fold_7,"Inflation bear, AI rally and 2025",0.006808191537857056,1,0.009199365973472595,1,0.009199365973472595,0.054930118858464994,,,,1,91.99365973472595,-0.0006468989886343479,0.040492791682481766,0.006808191537857056,0.6477990684838638
2024-09-10,fold_7,"Inflation bear, AI rally and 2025",0.008767649531364441,1,0.02148294448852539,1,0.02148294448852539,0.07641306334699038,,,,1,214.8294448852539,-0.005427580326795578,0.03182163089513779,0.008767649531364441,1.4979981112463576
2024-09-11,fold_7,"Inflation bear, AI rally and 2025",0.005929157137870789,1,0.009768233634531498,1,0.009768233634531498,0.08618129698152188,,,,1,97.68233634531498,-0.005181801505386829,0.005999751389026642,0.005929157137870789,0.6929635978910342
2024-09-12,fold_7,"Inflation bear, AI rally and 2025",0.011299125850200653,1,0.004469958133995533,1,0.004469958133995533,0.09065125511551742,,,,1,44.69958133995533,-0.005710568279027939,0.02120135724544525,0.011299125850200653,0.31336561528243373
2024-09-13,fold_7,"Inflation bear, AI rally and 2025",0.00860685110092163,1,-0.004427712876349688,-1,-0.004427712876349688,0.08622354223916773,,,,0,-44.277128763496876,-0.002635682700201869,0.014826271682977676,0.00860685110092163,-0.3362951999478053
2024-09-16,fold_7,"Inflation bear, AI rally and 2025",0.007632642984390259,1,0.0005282060010358691,1,0.0005282060010358691,0.0867517482402036,,,,1,5.282060010358691,-0.0008460162207484245,0.021901145577430725,0.007632642984390259,0.04001501336320814
2024-09-17,fold_7,"Inflation bear, AI rally and 2025",0.00742039829492569,1,-0.0043389336206018925,-1,-0.0043389336206018925,0.0824128146196017,,,,0,-43.389336206018925,0.0035855951718986034,0.026184871792793274,0.00742039829492569,-0.33702704962507524
2024-09-18,fold_7,"Inflation bear, AI rally and 2025",0.008437097072601318,1,0.024969838559627533,1,0.024969838559627533,0.10738265317922924,,,,1,249.69838559627533,0.009109066799283028,0.031450558453798294,0.008437097072601318,1.9353316350330982
2024-09-19,fold_7,"Inflation bear, AI rally and 2025",0.0037969201803207397,1,-0.001905126846395433,-1,-0.001905126846395433,0.1054775263328338,,,,0,-19.05126846395433,0.010821163654327393,0.013965615071356297,0.0037969201803207397,-0.13588783905280025
2024-09-20,fold_7,"Inflation bear, AI rally and 2025",-0.002315729856491089,-1,0.00264716031961143,1,-0.00264716031961143,0.10283036601322237,,,,0,-26.4716031961143,0.018095269799232483,0.010298335924744606,-0.002315729856491089,0.19516890485055438
2024-09-23,fold_7,"Inflation bear, AI rally and 2025",0.003376677632331848,1,0.004811933264136314,1,0.004811933264136314,0.10764229927735869,,,,1,48.119332641363144,0.028196653351187706,0.010359362699091434,0.003376677632331848,0.3601650575373757
2024-09-24,fold_7,"Inflation bear, AI rally and 2025",0.007880434393882751,1,0.000926753506064415,1,0.000926753506064415,0.1085690527834231,,,,1,9.26753506064415,0.024522151798009872,-0.00848300475627184,0.007880434393882751,0.07007636915393543
2024-09-25,fold_7,"Inflation bear, AI rally and 2025",0.001726105809211731,1,0.007484894711524248,1,0.007484894711524248,0.11605394749494735,,,,1,74.84894711524248,0.020198170095682144,-0.0079979058355093,0.001726105809211731,0.5666209948426726
2024-09-26,fold_7,"Inflation bear, AI rally and 2025",0.005132436752319336,1,-0.005572405643761158,-1,-0.005572405643761158,0.1104815418511862,,,,0,-55.72405643761158,0.020100468769669533,-0.01623002626001835,0.005132436752319336,-0.42640010528638966
2024-09-27,fold_7,"Inflation bear, AI rally and 2025",0.0037465542554855347,1,0.002708186861127615,1,0.002708186861127615,0.11318972871231381,,,,1,27.08186861127615,0.02087431587278843,0.0011703327763825655,0.0037465542554855347,0.20635895787142886
2024-09-30,fold_7,"Inflation bear, AI rally and 2025",0.00439772754907608,1,-0.01403043419122696,-1,-0.01403043419122696,0.09915929452108685,,,,0,-140.3043419122696,0.020869547501206398,-0.01230729091912508,0.00439772754907608,-1.0903610458416224
2024-10-01,fold_7,"Inflation bear, AI rally and 2025",0.003179192543029785,1,0.0014118520775809884,1,0.0014118520775809884,0.10057114659866784,,,,1,14.118520775809884,0.02179071307182312,0.01654731296002865,0.003179192543029785,0.12484405696456018
2024-10-02,fold_7,"Inflation bear, AI rally and 2025",0.004716120660305023,1,-0.0007472253055311739,-1,-0.0007472253055311739,0.09982392129313666,,,,0,-7.4722530553117394,0.02173391543328762,0.022973094135522842,0.004716120660305023,-0.06613572954546378
2024-10-03,fold_7,"Inflation bear, AI rally and 2025",0.004934981465339661,1,0.011827953159809113,1,0.011827953159809113,0.11165187445294578,,,,1,118.27953159809113,0.01839608885347843,0.022584062069654465,0.004934981465339661,1.0469375004229724
2024-10-04,fold_7,"Inflation bear, AI rally and 2025",0.003817416727542877,1,-0.010769437067210674,-1,-0.010769437067210674,0.1008824373857351,,,,0,-107.69437067210674,0.019751660525798798,0.012317989021539688,0.003817416727542877,-1.0891617760661183
2024-10-07,fold_7,"Inflation bear, AI rally and 2025",0.004301875829696655,1,0.014824170619249344,1,0.014824170619249344,0.11570660800498445,,,,1,148.24170619249344,0.01827874779701233,0.03144397586584091,0.004301875829696655,1.5176988523165102
2024-10-08,fold_7,"Inflation bear, AI rally and 2025",0.0055985227227211,1,0.007837631739675999,1,0.007837631739675999,0.12354423974466044,,,,1,78.37631739675999,0.013384062796831131,0.0031628955621272326,0.0055985227227211,0.7754292898477891
2024-10-09,fold_7,"Inflation bear, AI rally and 2025",0.005570441484451294,1,-0.0011362562654539943,-1,-0.0011362562654539943,0.12240798347920645,,,,0,-11.362562654539943,0.015918003395199776,-0.004552541300654411,0.005570441484451294,-0.1253588476074635
2024-10-10,fold_7,"Inflation bear, AI rally and 2025",0.0015829503536224365,1,0.001561879413202405,1,0.001561879413202405,0.12396986289240886,,,,1,15.61879413202405,0.018133414909243584,-0.0027240037452429533,0.0015829503536224365,0.17747454318489056
2024-10-11,fold_7,"Inflation bear, AI rally and 2025",0.007816843688488007,1,0.008356551639735699,1,0.008356551639735699,0.13232641453214455,,,,1,83.56551639735699,0.0070533850230276585,0.002247402211651206,0.007816843688488007,0.9549677424647902
2024-10-14,fold_7,"Inflation bear, AI rally and 2025",0.0002609267830848694,1,-0.013456911779940128,-1,-0.013456911779940128,0.11886950275220443,,,,0,-134.56911779940128,0.004843455273658037,-0.004189664032310247,0.0002609267830848694,-1.5132110812818254
2024-10-15,fold_7,"Inflation bear, AI rally and 2025",0.002945244312286377,1,0.0001221949642058462,1,0.0001221949642058462,0.11899169771641027,,,,1,1.221949642058462,0.0063564409501850605,0.010356641374528408,0.002945244312286377,0.013016782504661328
2024-10-16,fold_7,"Inflation bear, AI rally and 2025",0.0037945210933685303,1,0.0006922814645804465,1,0.0006922814645804465,0.11968397918099072,,,,1,6.922814645804465,0.00528567424044013,-0.005208073649555445,0.0037945210933685303,0.07414180294465159
2024-10-17,fold_7,"Inflation bear, AI rally and 2025",0.0031774714589118958,1,0.006533285602927208,1,0.006533285602927208,0.12621726478391793,,,,1,65.33285602927208,0.005782843101769686,0.002175822388380766,0.0031774714589118958,0.8727836942491176
2024-10-18,fold_7,"Inflation bear, AI rally and 2025",0.0003104954957962036,1,0.0019194857450202107,1,0.0019194857450202107,0.12813675052893814,,,,1,19.194857450202107,-0.0036373042967170477,0.0017176733817905188,0.0003104954957962036,0.2520701414263569
2024-10-21,fold_7,"Inflation bear, AI rally and 2025",0.009596392512321472,1,0.0010893935104832053,1,0.0010893935104832053,0.12922614403942134,,,,1,10.893935104832053,0.0013436288572847843,-4.0421302401227877e-05,0.009596392512321472,0.1432664185763382
2024-10-22,fold_7,"Inflation bear, AI rally and 2025",0.007693424820899963,1,-0.015442520380020142,-1,-0.015442520380020142,0.1137836236594012,,,,0,-154.42520380020142,-0.007502780295908451,0.008432736620306969,0.007693424820899963,-2.05041872134211
2024-10-23,fold_7,"Inflation bear, AI rally and 2025",0.0013915523886680603,1,0.008076177909970284,1,0.008076177909970284,0.12185980156937148,,,,1,80.76177909970284,-0.004608592484146357,0.016289012506604195,0.0013915523886680603,0.975069619641989
2024-10-24,fold_7,"Inflation bear, AI rally and 2025",0.01271028071641922,1,0.006075136363506317,1,0.006075136363506317,0.1279349379328778,,,,1,60.75136363506317,-0.011938932351768017,-0.01735398918390274,0.01271028071641922,0.7310287339358255
2024-10-25,fold_7,"Inflation bear, AI rally and 2025",0.003460697829723358,1,0.00016139104263857007,1,0.00016139104263857007,0.12809632897551637,,,,1,1.6139104263857007,-0.010415192693471909,-0.016057491302490234,0.003460697829723358,0.019379350634746075
2024-10-28,fold_7,"Inflation bear, AI rally and 2025",0.0007593631744384766,1,0.00956255104392767,1,0.00956255104392767,0.13765888001944404,,,,1,95.6255104392767,-0.0029359078034758568,-0.019136182963848114,0.0007593631744384766,1.1512792631994628
2024-10-29,fold_7,"Inflation bear, AI rally and 2025",0.00034765154123306274,1,-0.007586243096739054,-1,-0.007586243096739054,0.130072636922705,,,,0,-75.86243096739054,-0.00047403061762452126,-0.016022659838199615,0.00034765154123306274,-0.9503655323814653
2024-10-30,fold_7,"Inflation bear, AI rally and 2025",0.004007406532764435,1,-0.02556682378053665,-1,-0.02556682378053665,0.10450581314216834,,,,0,-255.66823780536652,-0.00020268838852643967,0.018364498391747475,0.004007406532764435,-3.135267415563969
2024-10-31,fold_7,"Inflation bear, AI rally and 2025",0.00442582368850708,1,0.007371632847934961,1,0.007371632847934961,0.1118774459901033,,,,1,73.71632847934961,0.002940553706139326,0.05955290049314499,0.00442582368850708,0.7403067553257175
2024-11-01,fold_7,"Inflation bear, AI rally and 2025",0.00862930715084076,1,-0.0029172992799431086,-1,-0.0029172992799431086,0.10896014671016019,,,,0,-29.172992799431086,0.0009050853550434113,0.05334897339344025,0.00862930715084076,-0.29950634869518994
2024-11-04,fold_7,"Inflation bear, AI rally and 2025",0.006983578205108643,1,0.012676074169576168,1,0.012676074169576168,0.12163622087973636,,,,1,126.76074169576168,-0.0024329537991434336,0.055682770907878876,0.006983578205108643,1.3398945483494553
2024-11-05,fold_7,"Inflation bear, AI rally and 2025",0.006339229643344879,1,0.026800915598869324,1,0.026800915598869324,0.14843713647860568,,,,1,268.00915598869324,-0.003871185937896371,0.04119488596916199,0.006339229643344879,2.8808626073089583
2024-11-06,fold_7,"Inflation bear, AI rally and 2025",0.0008642300963401794,1,0.015621576458215714,1,0.015621576458215714,0.1640587129368214,,,,1,156.21576458215714,-0.009031375870108604,0.01310655102133751,0.0008642300963401794,1.4296840550942842
2024-11-07,fold_7,"Inflation bear, AI rally and 2025",-0.0017969682812690735,-1,0.0011677085421979427,1,-0.0011677085421979427,0.16289100439462345,,,,0,-11.677085421979427,-0.014593224972486496,-0.00948903989046812,-0.0017969682812690735,0.10181834569816123
2024-11-08,fold_7,"Inflation bear, AI rally and 2025",0.0006362870335578918,1,-0.0005835042102262378,-1,-0.0005835042102262378,0.1623075001843972,,,,0,-5.835042102262378,-0.00445267790928483,-0.034771133214235306,0.0006362870335578918,-0.05088905969453027
2024-11-11,fold_7,"Inflation bear, AI rally and 2025",0.007838435471057892,1,-0.0018118094885721803,-1,-0.0018118094885721803,0.16049569069582503,,,,0,-18.118094885721803,0.008913753554224968,-0.02726396732032299,0.007838435471057892,-0.16014334393689053
2024-11-12,fold_7,"Inflation bear, AI rally and 2025",0.004891194403171539,1,-0.0012874208623543382,-1,-0.0012874208623543382,0.1592082698334707,,,,0,-12.874208623543382,0.012281527742743492,-0.018596025183796883,0.004891194403171539,-0.11796369941144873
2024-11-13,fold_7,"Inflation bear, AI rally and 2025",0.0061661601066589355,1,-0.006974013987928629,-1,-0.006974013987928629,0.15223425584554207,,,,0,-69.74013987928629,0.021603746339678764,-0.01788480579853058,0.0061661601066589355,-0.6387942340020782
2024-11-14,fold_7,"Inflation bear, AI rally and 2025",-0.00022783130407333374,-1,-0.02411438338458538,-1,0.02411438338458538,0.17634863923012745,,,,1,241.1438338458538,0.020018938928842545,-0.00732002779841423,-0.00022783130407333374,-2.1868111876517204
2024-11-15,fold_7,"Inflation bear, AI rally and 2025",0.003983937203884125,1,0.006923658773303032,1,0.006923658773303032,0.18327229800343048,,,,1,69.23658773303032,0.02050364576280117,0.018397189676761627,0.003983937203884125,0.5680860031384004
2024-11-18,fold_7,"Inflation bear, AI rally and 2025",0.005029767751693726,1,0.006856133230030537,1,0.006856133230030537,0.19012843123346101,,,,1,68.56133230030537,0.016611119732260704,0.01305388379842043,0.005029767751693726,0.558401971919163
2024-11-19,fold_7,"Inflation bear, AI rally and 2025",0.0026151463389396667,1,-0.0005762007203884423,-1,-0.0005762007203884423,0.18955223051307257,,,,0,-5.762007203884423,0.00284315412864089,0.01155262440443039,0.0026151463389396667,-0.046576442710721276
2024-11-20,fold_7,"Inflation bear, AI rally and 2025",0.0010907948017120361,1,0.0035907637793570757,1,0.0035907637793570757,0.19314299429242965,,,,1,35.90763779357076,0.0008751559071242809,0.0042242552153766155,0.0010907948017120361,0.30225052300490235
2024-11-21,fold_7,"Inflation bear, AI rally and 2025",0.0039700716733932495,1,0.0016028343234211206,1,0.0016028343234211206,0.19474582861585077,,,,1,16.028343234211206,-0.008858943358063698,0.00938198808580637,0.0039700716733932495,0.1361859766994263
2024-11-22,fold_7,"Inflation bear, AI rally and 2025",0.002967230975627899,1,0.0015803531277924776,1,0.0015803531277924776,0.19632618174364325,,,,1,15.803531277924776,-0.014405587688088417,0.01860809698700905,0.002967230975627899,0.13511581519797833
2024-11-25,fold_7,"Inflation bear, AI rally and 2025",0.002319343388080597,1,0.0053548733703792095,1,0.0053548733703792095,0.20168105511402246,,,,1,53.548733703792095,-0.017642423510551453,0.020089376717805862,0.002319343388080597,0.457620211764222
2024-11-26,fold_7,"Inflation bear, AI rally and 2025",0.007998041808605194,1,-0.007904569618403912,-1,-0.007904569618403912,0.19377648549561854,,,,0,-79.04569618403912,-0.0171792134642601,0.027021605521440506,0.007998041808605194,-0.6833908702918953
2024-11-27,fold_7,"Inflation bear, AI rally and 2025",0.0048680976033210754,1,0.008748495951294899,1,0.008748495951294899,0.20252498144691344,,,,1,87.48495951294899,-0.014302538707852364,0.03215114027261734,0.0048680976033210754,0.7556567176370566
2024-11-29,fold_7,"Inflation bear, AI rally and 2025",0.005175195634365082,1,0.010828942991793156,1,0.010828942991793156,0.2133539244387066,,,,1,108.28942991793156,-0.010585887357592583,0.03231269493699074,0.005175195634365082,1.055899376910174
2024-12-02,fold_7,"Inflation bear, AI rally and 2025",0.011747084558010101,1,0.003061633324250579,1,0.003061633324250579,0.21641555776295718,,,,1,30.61633324250579,-0.007302859798073769,0.013665560632944107,0.011747084558010101,0.29416382393420215
2024-12-03,fold_7,"Inflation bear, AI rally and 2025",0.010136574506759644,1,0.01228710263967514,1,0.01228710263967514,0.22870266040263232,,,,1,122.8710263967514,0.010184811428189278,0.007190646603703499,0.010136574506759644,1.180318253081192
2024-12-04,fold_7,"Inflation bear, AI rally and 2025",0.011278226971626282,1,-0.0027750355657190084,-1,-0.0027750355657190084,0.2259276248369133,,,,0,-27.750355657190084,0.025916745886206627,0.012647631578147411,0.011278226971626282,-0.2671733985316268
2024-12-05,fold_7,"Inflation bear, AI rally and 2025",0.00644616037607193,1,0.008910051546990871,1,0.008910051546990871,0.23483767638390418,,,,1,89.10051546990871,0.017043931409716606,0.008947910740971565,0.00644616037607193,1.0474948066388639
2024-12-06,fold_7,"Inflation bear, AI rally and 2025",0.001864515244960785,1,-0.007818191312253475,-1,-0.007818191312253475,0.2270194850716507,,,,0,-78.18191312253475,0.02003917656838894,0.007663036696612835,0.001864515244960785,-0.9763530416449152
2024-12-09,fold_7,"Inflation bear, AI rally and 2025",0.002415269613265991,1,-0.0034132804721593857,-1,-0.0034132804721593857,0.22360620459949132,,,,0,-34.13280472159386,0.023083001375198364,0.029779212549328804,0.002415269613265991,-0.41666036610704454
2024-12-10,fold_7,"Inflation bear, AI rally and 2025",0.0005865320563316345,1,0.017744088545441628,1,0.017744088545441628,0.24135029314493295,,,,1,177.44088545441628,0.025361569598317146,0.028778880834579468,0.0005865320563316345,2.1569583437642637
2024-12-11,fold_7,"Inflation bear, AI rally and 2025",-0.0008185356855392456,-1,-0.006474756635725498,-1,0.006474756635725498,0.24782504978065845,,,,1,64.74756635725498,0.023244494572281837,-0.025708824396133423,-0.0008185356855392456,-0.7096169509710132
2024-12-12,fold_7,"Inflation bear, AI rally and 2025",-0.0017356052994728088,-1,0.007625177036970854,1,-0.007625177036970854,0.2401998727436876,,,,0,-76.25177036970854,0.026829702779650688,-0.023697493597865105,-0.0017356052994728088,0.8257751735954242
2024-12-13,fold_7,"Inflation bear, AI rally and 2025",0.0004358217120170593,1,0.01429798360913992,1,0.01429798360913992,0.2544978563528275,,,,1,142.9798360913992,0.02743147872388363,-0.022628068923950195,0.0004358217120170593,1.5441146298969766
2024-12-16,fold_7,"Inflation bear, AI rally and 2025",-0.002507932484149933,-1,-0.004413610324263573,-1,0.004413610324263573,0.2589114666770911,,,,1,44.13610324263573,0.027267122641205788,-0.02723037078976631,-0.002507932484149933,-0.5396602766272658
2024-12-17,fold_7,"Inflation bear, AI rally and 2025",-0.004413299262523651,-1,-0.03674361854791641,-1,0.03674361854791641,0.2956550852250075,,,,1,367.4361854791641,0.026499899104237556,-0.00934807863086462,-0.004413299262523651,-4.541270883179465
2024-12-18,fold_7,"Inflation bear, AI rally and 2025",-0.004566408693790436,-1,-0.004463426768779755,-1,0.004463426768779755,0.30011851199378725,,,,1,44.634267687797546,0.028015250340104103,0.026716021820902824,-0.004566408693790436,-0.39053926853043847
2024-12-19,fold_7,"Inflation bear, AI rally and 2025",-0.00400397926568985,-1,0.00869460217654705,1,-0.00869460217654705,0.2914239098172402,,,,0,-86.9460217654705,0.02167016640305519,0.017797116190195084,-0.00400397926568985,0.7579205871356646
2024-12-20,fold_7,"Inflation bear, AI rally and 2025",0.004603929817676544,1,0.009695682674646378,1,0.009695682674646378,0.3011195924918866,,,,1,96.95682674646378,0.01570381410419941,-0.004286685958504677,0.004603929817676544,0.8352949709807537
2024-12-23,fold_7,"Inflation bear, AI rally and 2025",0.0051148682832717896,1,0.013468680903315544,1,0.013468680903315544,0.3145882733952021,,,,1,134.68680903315544,0.01303364709019661,-0.02251328155398369,0.0051148682832717896,1.1411439948871818
2024-12-24,fold_7,"Inflation bear, AI rally and 2025",0.008867450058460236,1,-0.000679517223034054,-1,-0.000679517223034054,0.31390875617216807,,,,0,-6.79517223034054,0.007465608883649111,-0.03793996945023537,0.008867450058460236,-0.05580862951838488
2024-12-26,fold_7,"Inflation bear, AI rally and 2025",0.009060613811016083,1,-0.01338233333081007,-1,-0.01338233333081007,0.300526422841358,,,,0,-133.8233333081007,-0.0018713362514972687,-0.02102765068411827,0.009060613811016083,-1.104355311002339
2024-12-27,fold_7,"Inflation bear, AI rally and 2025",0.006775699555873871,1,-0.013389199040830135,-1,-0.013389199040830135,0.28713722380052786,,,,0,-133.89199040830135,-0.005047954153269529,0.0037819980643689632,0.006775699555873871,-1.0836190505276386
2024-12-30,fold_7,"Inflation bear, AI rally and 2025",0.008802808821201324,1,-0.008530912920832634,-1,-0.008530912920832634,0.27860631087969523,,,,0,-85.30912920832634,-0.005464361049234867,-0.0008342231158167124,0.008802808821201324,-0.6790967534261981
2024-12-31,fold_7,"Inflation bear, AI rally and 2025",0.008667811751365662,1,-0.001958006527274847,-1,-0.001958006527274847,0.2766483043524204,,,,0,-19.58006527274847,-0.005090344697237015,0.007871338166296482,0.008667811751365662,-0.15697591873959477
2025-01-02,fold_7,"Inflation bear, AI rally and 2025",0.006311468780040741,1,0.016232801601290703,1,0.016232801601290703,0.2928811059537111,,,,1,162.32801601290703,-0.006102968938648701,-0.005975963082164526,0.006311468780040741,1.302564693849145
2025-01-03,fold_7,"Inflation bear, AI rally and 2025",0.004136696457862854,1,0.011427314952015877,1,0.011427314952015877,0.30430842090572696,,,,1,114.27314952015877,-0.0037886393256485462,-0.025427700951695442,0.004136696457862854,0.9007871628095191
2025-01-06,fold_7,"Inflation bear, AI rally and 2025",0.004833392798900604,1,-0.01800542138516903,-1,-0.01800542138516903,0.28630299952055793,,,,0,-180.0542138516903,-0.004467317834496498,-0.037804875522851944,0.004833392798900604,-1.3929812999224083
2025-01-07,fold_7,"Inflation bear, AI rally and 2025",0.003554418683052063,1,0.00017464857955928892,1,0.00017464857955928892,0.2864776481001172,,,,1,1.7464857955928892,-0.00306582055054605,0.0029459847137331963,0.003554418683052063,0.013042302412667819
2025-01-08,fold_7,"Inflation bear, AI rally and 2025",0.005724214017391205,1,-0.015805307775735855,-1,-0.015805307775735855,0.27067234032438137,,,,0,-158.05307775735855,-0.003840385703369975,-0.004259203560650349,0.005724214017391205,-1.1904829162064468
2025-01-10,fold_7,"Inflation bear, AI rally and 2025",0.006371729075908661,1,-0.0032189367339015007,-1,-0.0032189367339015007,0.26745340359047987,,,,0,-32.18936733901501,-0.004122395534068346,0.028283799067139626,0.006371729075908661,-0.23465888856546038
2025-01-13,fold_7,"Inflation bear, AI rally and 2025",0.0063744112849235535,1,-0.0009498588042333722,-1,-0.0009498588042333722,0.2665035447862465,,,,0,-9.498588042333722,-0.0038241171278059483,0.03735056519508362,0.0063744112849235535,-0.07222777190658458
2025-01-14,fold_7,"Inflation bear, AI rally and 2025",0.004969678819179535,1,0.022745439782738686,1,0.022745439782738686,0.2892489845689852,,,,1,227.45439782738686,-0.0033275666646659374,0.05100506544113159,0.004969678819179535,1.7399232613692317
2025-01-15,fold_7,"Inflation bear, AI rally and 2025",0.006733067333698273,1,-0.007030539680272341,-1,-0.007030539680272341,0.28221844488871284,,,,0,-70.30539680272341,-0.006169870030134916,0.030383583158254623,0.006733067333698273,-0.5049517597581288
2025-01-16,fold_7,"Inflation bear, AI rally and 2025",0.004091523587703705,1,0.016737693920731544,1,0.016737693920731544,0.2989561388094444,,,,1,167.37693920731544,-0.008682163432240486,0.03174690529704094,0.004091523587703705,1.2269209099107852
2025-01-17,fold_7,"Inflation bear, AI rally and 2025",0.004893958568572998,1,0.005847829394042492,1,0.005847829394042492,0.3048039682034869,,,,1,58.47829394042492,-0.011312252841889858,-0.014537647366523743,0.004893958568572998,0.4143973905147078
2025-01-21,fold_7,"Inflation bear, AI rally and 2025",0.0037635937333106995,1,0.012704640626907349,1,0.012704640626907349,0.3175086088303942,,,,1,127.04640626907349,-0.015675025060772896,-0.005713867023587227,0.0037635937333106995,1.100211193259038
2025-01-22,fold_7,"Inflation bear, AI rally and 2025",0.00729534775018692,1,0.0021239574998617172,1,0.0021239574998617172,0.31963256633025594,,,,1,21.239574998617172,-0.01438804529607296,-0.02029821276664734,0.00729534775018692,0.1792397771662967
2025-01-23,fold_7,"Inflation bear, AI rally and 2025",0.011909350752830505,1,-0.005667216144502163,-1,-0.005667216144502163,0.3139653501857538,,,,0,-56.67216144502163,-0.01332378014922142,-0.018168844282627106,0.011909350752830505,-0.4844238379339672
2025-01-24,fold_7,"Inflation bear, AI rally and 2025",0.011602520942687988,1,-0.029546858742833138,-1,-0.029546858742833138,0.28441849144292064,,,,0,-295.4685874283314,-0.004461531061679125,-0.013955770991742611,0.011602520942687988,-2.554659461653467
2025-01-27,fold_7,"Inflation bear, AI rally and 2025",0.015343248844146729,1,0.014671609736979008,1,0.014671609736979008,0.29909010117989965,,,,1,146.71609736979008,0.0077175055630505085,0.007555878255516291,0.015343248844146729,1.1307622690069064
2025-01-28,fold_7,"Inflation bear, AI rally and 2025",0.016111716628074646,1,-0.0018797048833221197,-1,-0.0018797048833221197,0.29721039629657753,,,,0,-18.797048833221197,0.02702820487320423,0.00508470181375742,0.016111716628074646,-0.14046057405372117
2025-01-29,fold_7,"Inflation bear, AI rally and 2025",0.01478276401758194,1,0.004253325052559376,1,0.004253325052559376,0.3014637213491369,,,,1,42.53325052559376,0.014224110171198845,0.011492137797176838,0.01478276401758194,0.3259162506482828
2025-01-30,fold_7,"Inflation bear, AI rally and 2025",0.008809283375740051,1,-0.0014541425043717027,-1,-0.0014541425043717027,0.3000095788447652,,,,0,-14.541425043717027,0.015211356803774834,0.01244503352791071,0.008809283375740051,-0.11415912596668515
2025-01-31,fold_7,"Inflation bear, AI rally and 2025",0.012783333659172058,1,-0.008035209029912949,-1,-0.008035209029912949,0.29197436981485225,,,,0,-80.35209029912949,0.010850716382265091,0.0012055110419169068,0.012783333659172058,-0.6377956415929221
2025-02-03,fold_7,"Inflation bear, AI rally and 2025",0.010407514870166779,1,0.01220043282955885,1,0.01220043282955885,0.3041748026444111,,,,1,122.0043282955885,0.009550346061587334,0.021273206919431686,0.010407514870166779,0.9592780334475167
2025-02-04,fold_7,"Inflation bear, AI rally and 2025",0.01233159750699997,1,0.004527731332927942,1,0.004527731332927942,0.30870253397733904,,,,1,45.27731332927942,0.00546222971752286,0.006689184810966253,0.01233159750699997,0.36248105051066565
2025-02-05,fold_7,"Inflation bear, AI rally and 2025",0.01430966705083847,1,0.00520622031763196,1,0.00520622031763196,0.313908754294971,,,,1,52.0622031763196,-0.0011788816191256046,0.0027484078891575336,0.01430966705083847,0.424351776164534
2025-02-06,fold_7,"Inflation bear, AI rally and 2025",0.0059645771980285645,1,-0.01269366405904293,-1,-0.01269366405904293,0.3012150902359281,,,,0,-126.9366405904293,-0.006168159656226635,0.011825453490018845,0.0059645771980285645,-1.0898155390432156
2025-02-07,fold_7,"Inflation bear, AI rally and 2025",0.010200269520282745,1,0.012032486498355865,1,0.012032486498355865,0.31324757673428394,,,,1,120.32486498355865,-0.0029434668831527233,0.028708897531032562,0.010200269520282745,1.0036834697670374
2025-02-10,fold_7,"Inflation bear, AI rally and 2025",0.00739065557718277,1,-0.002383588580414653,-1,-0.002383588580414653,0.3108639881538693,,,,0,-23.83588580414653,0.00044516706839203835,0.018940920010209084,0.00739065557718277,-0.20256088020514224
2025-02-11,fold_7,"Inflation bear, AI rally and 2025",0.009808078408241272,1,0.0005869545857422054,1,0.0005869545857422054,0.3114509427396115,,,,1,5.869545857422054,-0.010013073682785034,0.021602557972073555,0.009808078408241272,0.04992246657520241
2025-02-12,fold_7,"Inflation bear, AI rally and 2025",0.009249553084373474,1,0.014283265918493271,1,0.014283265918493271,0.32573420865810476,,,,1,142.8326591849327,-0.0007504178211092949,0.016762059181928635,0.009249553084373474,1.2149625157575195
2025-02-13,fold_7,"Inflation bear, AI rally and 2025",0.01115434616804123,1,0.004189779050648212,1,0.004189779050648212,0.329923987708753,,,,1,41.897790506482124,-0.0026359681505709887,-0.01849435083568096,0.01115434616804123,0.3784886720745663
2025-02-14,fold_7,"Inflation bear, AI rally and 2025",-0.001185484230518341,-1,0.002264508744701743,1,-0.002264508744701743,0.32765947896405123,,,,0,-22.64508744701743,0.001037695910781622,-0.034558553248643875,-0.001185484230518341,0.20591048791693217
2025-02-18,fold_7,"Inflation bear, AI rally and 2025",0.0008417889475822449,1,0.0002780499344225973,1,0.0002780499344225973,0.32793752889847383,,,,1,2.780499344225973,0.011857835575938225,-0.049502383917570114,0.0008417889475822449,0.02685567236901609
2025-02-19,fold_7,"Inflation bear, AI rally and 2025",0.004184730350971222,1,-0.00425354391336441,-1,-0.00425354391336441,0.3236839849851094,,,,0,-42.535439133644104,0.0054556322284042835,-0.04736772179603577,0.004184730350971222,-0.4141406173823227
2025-02-20,fold_7,"Inflation bear, AI rally and 2025",0.0006424263119697571,1,-0.020973144099116325,-1,-0.020973144099116325,0.3027108408859931,,,,0,-209.73144099116325,0.013496434316039085,-0.07127831876277924,0.0006424263119697571,-2.115124717352403
2025-02-21,fold_7,"Inflation bear, AI rally and 2025",-0.0027764365077018738,-1,-0.011874424293637276,-1,0.011874424293637276,0.31458526517963037,,,,1,118.74424293637276,0.01062946766614914,-0.03463706746697426,-0.0027764365077018738,-1.083570530091159
2025-02-24,fold_7,"Inflation bear, AI rally and 2025",0.0014500096440315247,1,-0.012679321691393852,-1,-0.012679321691393852,0.3019059434882365,,,,0,-126.79321691393852,0.005621642339974642,-0.04488817974925041,0.0014500096440315247,-1.1316524071712148
2025-02-25,fold_7,"Inflation bear, AI rally and 2025",0.004416860640048981,1,0.002412711502984166,1,0.002412711502984166,0.3043186549912207,,,,1,24.12711502984166,0.004487254191190004,-0.035231202840805054,0.004416860640048981,0.2544313760054517
2025-02-26,fold_7,"Inflation bear, AI rally and 2025",0.004531539976596832,1,-0.02816414088010788,-1,-0.02816414088010788,0.2761545141111128,,,,0,-281.6414088010788,0.002747901249676943,-0.02469206415116787,0.004531539976596832,-3.1597074203238327
2025-02-27,fold_7,"Inflation bear, AI rally and 2025",0.006274573504924774,1,0.015668107196688652,1,0.015668107196688652,0.29182262130780146,,,,1,156.68107196688652,0.0016850237734615803,-0.02442282810807228,0.006274573504924774,1.436683933453293
2025-02-28,fold_7,"Inflation bear, AI rally and 2025",0.007188662886619568,1,-0.02212553843855858,-1,-0.02212553843855858,0.2696970828692429,,,,0,-221.25538438558578,0.0022605345584452152,-0.0327642448246479,0.007188662886619568,-1.9382641638574425
2025-03-03,fold_7,"Inflation bear, AI rally and 2025",0.007703624665737152,1,-0.0030223436187952757,-1,-0.0030223436187952757,0.2666747392504476,,,,0,-30.223436187952757,0.0019166343845427036,-0.05016609653830528,0.007703624665737152,-0.2430142505803539
2025-03-04,fold_7,"Inflation bear, AI rally and 2025",0.007383279502391815,1,0.012951849959790707,1,0.012951849959790707,0.2796265892102383,,,,1,129.51849959790707,0.0009686239063739777,-0.04953701049089432,0.007383279502391815,1.0508624067943906
2025-03-05,fold_7,"Inflation bear, AI rally and 2025",0.007664375007152557,1,-0.02789490483701229,-1,-0.02789490483701229,0.251731684373226,,,,0,-278.9490483701229,0.0026836409233510494,-0.05127124860882759,0.007664375007152557,-2.2562760531011747
2025-03-06,fold_7,"Inflation bear, AI rally and 2025",0.006948046386241913,1,0.007326692808419466,1,0.007326692808419466,0.2590583771816455,,,,1,73.26692808419466,0.001929646823555231,-0.04153061285614967,0.006948046386241913,0.530514293447537
2025-03-07,fold_7,"Inflation bear, AI rally and 2025",0.006189502775669098,1,-0.039527393877506256,-1,-0.039527393877506256,0.21953098330413923,,,,0,-395.27393877506256,0.0023751608096063137,-0.024974392727017403,0.006189502775669098,-2.8521982387636458
2025-03-10,fold_7,"Inflation bear, AI rally and 2025",0.007698588073253632,1,-0.002393258037045598,-1,-0.002393258037045598,0.21713772526709363,,,,0,-23.93258037045598,0.003506891895085573,0.021015793085098267,0.007698588073253632,-0.14782092154955517
2025-03-11,fold_7,"Inflation bear, AI rally and 2025",0.00734575092792511,1,0.011217612773180008,1,0.011217612773180008,0.22835533804027364,,,,1,112.17612773180008,0.0037381560541689396,0.0062147388234734535,0.00734575092792511,0.7022379003606621
2025-03-12,fold_7,"Inflation bear, AI rally and 2025",0.006539367139339447,1,-0.018154267221689224,-1,-0.018154267221689224,0.2102010708185844,,,,0,-181.54267221689224,0.0023162257857620716,0.008289692923426628,0.006539367139339447,-1.1233351275181127
2025-03-13,fold_7,"Inflation bear, AI rally and 2025",0.006249234080314636,1,0.0238829106092453,1,0.0238829106092453,0.2340839814278297,,,,1,238.829106092453,0.0030357283540070057,0.023048678413033485,0.006249234080314636,1.433327728065527
2025-03-14,fold_7,"Inflation bear, AI rally and 2025",0.006178803741931915,1,0.006462794728577137,1,0.006462794728577137,0.24054677615640685,,,,1,64.62794728577137,0.0043248203583061695,0.002457075286656618,0.006178803741931915,0.3756676896084284
2025-03-17,fold_7,"Inflation bear, AI rally and 2025",0.006193473935127258,1,-0.017194312065839767,-1,-0.017194312065839767,0.22335246409056708,,,,0,-171.94312065839767,0.003341228235512972,0.017701327800750732,0.006193473935127258,-0.997428633637089
2025-03-18,fold_7,"Inflation bear, AI rally and 2025",0.006121285259723663,1,0.013292566873133183,1,0.013292566873133183,0.23664503096370026,,,,1,132.92566873133183,0.003638752270489931,0.040585990995168686,0.006121285259723663,0.7529097085664618
2025-03-19,fold_7,"Inflation bear, AI rally and 2025",0.0073452964425086975,1,-0.0033952805679291487,-1,-0.0033952805679291487,0.23324975039577112,,,,0,-33.95280567929149,0.0029679876752197742,0.00872135628014803,0.0073452964425086975,-0.189645777621097
2025-03-20,fold_7,"Inflation bear, AI rally and 2025",0.006357811391353607,1,0.0032913063187152147,1,0.0032913063187152147,0.23654105671448633,,,,1,32.91306318715215,0.002400111872702837,0.006402337457984686,0.006357811391353607,0.18393242786491146
2025-03-21,fold_7,"Inflation bear, AI rally and 2025",0.00588042289018631,1,0.021707046777009964,1,0.021707046777009964,0.2582481034914963,,,,1,217.07046777009964,0.003364428412169218,-0.023569578304886818,0.00588042289018631,1.2558823168990274
2025-03-24,fold_7,"Inflation bear, AI rally and 2025",0.006163753569126129,1,0.005690351594239473,1,0.005690351594239473,0.26393845508573577,,,,1,56.90351594239473,0.004379900638014078,-0.04531926289200783,0.006163753569126129,0.32048442258407656
2025-03-25,fold_7,"Inflation bear, AI rally and 2025",0.005859546363353729,1,-0.018572067841887474,-1,-0.018572067841887474,0.2453663872438483,,,,0,-185.72067841887474,0.005115004722028971,-0.04298087954521179,0.005859546363353729,-1.0568059807657881
2025-03-26,fold_7,"Inflation bear, AI rally and 2025",0.005504809319972992,1,-0.005714299622923136,-1,-0.005714299622923136,0.23965208762092516,,,,0,-57.14299622923136,0.007796479854732752,-0.017136819660663605,0.005504809319972992,-0.3165865709902819
2025-03-27,fold_7,"Inflation bear, AI rally and 2025",0.006483510136604309,1,-0.026680609211325645,-1,-0.026680609211325645,0.2129714784095995,,,,0,-266.80609211325645,0.008176373317837715,-0.06644228845834732,0.006483510136604309,-1.5728139846911706
2025-03-28,fold_7,"Inflation bear, AI rally and 2025",0.007223404943943024,1,-4.263700975570828e-05,-1,-4.263700975570828e-05,0.2129288413998438,,,,0,-0.4263700975570828,0.00848897360265255,-0.10388310998678207,0.007223404943943024,-0.002417402521640605
2025-03-31,fold_7,"Inflation bear, AI rally and 2025",0.006918124854564667,1,0.008028735406696796,1,0.008028735406696796,0.2209575768065406,,,,1,80.28735406696796,0.007029272150248289,-0.10143010318279266,0.006918124854564667,0.4742472209972108
2025-04-01,fold_7,"Inflation bear, AI rally and 2025",0.005963951349258423,1,0.007271991111338139,1,0.007271991111338139,0.22822956791787874,,,,1,72.71991111338139,0.0039237444289028645,-0.12763145565986633,0.005963951349258423,0.42748922377433163
2025-04-02,fold_7,"Inflation bear, AI rally and 2025",0.0065740421414375305,1,-0.055019769817590714,-1,-0.055019769817590714,0.17320979810028803,,,,0,-550.1976981759071,0.004044803325086832,-0.021547358483076096,0.0065740421414375305,-3.2669603826950797
2025-04-03,fold_7,"Inflation bear, AI rally and 2025",0.006255991756916046,1,-0.06412143260240555,-1,-0.06412143260240555,0.10908836549788248,,,,0,-641.2143260240555,0.0020762295462191105,-0.009990752674639225,0.006255991756916046,-3.2218939204937738
2025-04-04,fold_7,"Inflation bear, AI rally and 2025",0.008573189377784729,1,0.0024103696923702955,1,0.0024103696923702955,0.11149873519025277,,,,1,24.103696923702955,0.005912443157285452,0.07238619029521942,0.008573189377784729,0.09848710582561052
2025-04-07,fold_7,"Inflation bear, AI rally and 2025",0.008030526340007782,1,-0.01817261427640915,-1,-0.01817261427640915,0.09332612091384362,,,,0,-181.7261427640915,0.006004330236464739,0.0767311081290245,0.008030526340007782,-0.796046233471477
2025-04-08,fold_7,"Inflation bear, AI rally and 2025",0.007625102996826172,1,0.1133560836315155,1,0.1133560836315155,0.20668220454535913,,,,1,1133.560836315155,0.006547022145241499,0.09601788967847824,0.007625102996826172,4.889990120928103
2025-04-09,fold_7,"Inflation bear, AI rally and 2025",0.006992913782596588,1,-0.04346316307783127,-1,-0.04346316307783127,0.16321904146752786,,,,0,-434.6316307783127,0.006738000083714724,-0.0479557141661644,0.006992913782596588,-1.2687291452129743
2025-04-10,fold_7,"Inflation bear, AI rally and 2025",0.006869755685329437,1,0.01825551502406597,1,0.01825551502406597,0.18147455649159383,,,,1,182.5551502406597,0.005102601367980242,-0.004672687966376543,0.006869755685329437,0.5160277596305618
2025-04-11,fold_7,"Inflation bear, AI rally and 2025",0.0068503692746162415,1,0.006755282171070576,1,0.006755282171070576,0.1882298386626644,,,,1,67.55282171070576,0.0038015064783394337,-0.04798625782132149,0.0068503692746162415,0.19186220783259403
2025-04-14,fold_7,"Inflation bear, AI rally and 2025",0.007203392684459686,1,0.0011141699505969882,1,0.0011141699505969882,0.1893440086132614,,,,1,11.141699505969882,0.001686710398644209,-0.028828177601099014,0.007203392684459686,0.0316419716434806
2025-04-15,fold_7,"Inflation bear, AI rally and 2025",0.00624113529920578,1,-0.030617518350481987,-1,-0.030617518350481987,0.1587264902627794,,,,0,-306.17518350481987,0.0005176994018256664,-0.007517511025071144,0.00624113529920578,-0.8747330783313502
2025-04-16,fold_7,"Inflation bear, AI rally and 2025",0.005910128355026245,1,-0.00018013635417446494,-1,-0.00018013635417446494,0.15854635390860494,,,,0,-1.8013635417446494,0.00012759258970618248,0.05084860697388649,0.005910128355026245,-0.005068363389150477
2025-04-17,fold_7,"Inflation bear, AI rally and 2025",0.0056132972240448,1,-0.02505805715918541,-1,-0.02505805715918541,0.13348829674941953,,,,0,-250.5805715918541,-0.001887309830635786,0.06211496889591217,0.0056132972240448,-0.7052004373844853
2025-04-21,fold_7,"Inflation bear, AI rally and 2025",0.00403006374835968,1,0.025913363322615623,1,0.025913363322615623,0.15940166007203516,,,,1,259.13363322615623,-0.0012020333670079708,0.08685559034347534,0.00403006374835968,0.720520723984611
2025-04-22,fold_7,"Inflation bear, AI rally and 2025",0.0039386749267578125,1,0.022424837574362755,1,0.022424837574362755,0.1818264976463979,,,,1,224.24837574362755,-0.00038678431883454323,0.06752496212720871,0.0039386749267578125,0.6211222406699431
2025-04-23,fold_7,"Inflation bear, AI rally and 2025",0.004154711961746216,1,0.027748601511120796,1,0.027748601511120796,0.2095750991575187,,,,1,277.48601511120796,0.00025490764528512955,0.04497391730546951,0.004154711961746216,0.7617366307611424
2025-04-24,fold_7,"Inflation bear, AI rally and 2025",0.003436066210269928,1,0.01108622271567583,1,0.01108622271567583,0.22066132187319454,,,,1,110.86222715675831,0.0014540143311023712,0.03020145744085312,0.003436066210269928,0.30192364164997343
2025-04-25,fold_7,"Inflation bear, AI rally and 2025",0.0036825165152549744,1,-0.00031743646832183003,-1,-0.00031743646832183003,0.2203438854048727,,,,0,-3.1743646832183003,0.0014681736938655376,0.03385004773736,0.0036825165152549744,-0.008630674926025761
2025-04-28,fold_7,"Inflation bear, AI rally and 2025",0.00480932742357254,1,0.0065827397629618645,1,0.0065827397629618645,0.22692662516783457,,,,1,65.82739762961864,0.0030978419817984104,0.028217311948537827,0.00480932742357254,0.18137760637662514
2025-04-29,fold_7,"Inflation bear, AI rally and 2025",0.005747444927692413,1,-0.00012620817869901657,-1,-0.00012620817869901657,0.22680041698913556,,,,0,-1.2620817869901657,0.003859135787934065,0.012289345264434814,0.005747444927692413,-0.0034746220771629953
2025-04-30,fold_7,"Inflation bear, AI rally and 2025",0.003433898091316223,1,0.012976137921214104,1,0.012976137921214104,0.23977655491034966,,,,1,129.76137921214104,0.002054134849458933,0.01633375883102417,0.003433898091316223,0.35768155522795286
2025-05-01,fold_7,"Inflation bear, AI rally and 2025",0.004309564828872681,1,0.014734814874827862,1,0.014734814874827862,0.2545113697851775,,,,1,147.34814874827862,0.00243787607178092,0.013629618100821972,0.004309564828872681,0.40527054453153283
2025-05-02,fold_7,"Inflation bear, AI rally and 2025",0.0034222155809402466,1,-0.005950172431766987,-1,-0.005950172431766987,0.24856119735341053,,,,0,-59.50172431766987,0.0010215244255959988,-0.0017607435584068298,0.0034222155809402466,-0.17311363003944677
2025-05-05,fold_7,"Inflation bear, AI rally and 2025",0.003683134913444519,1,-0.009345225989818573,-1,-0.009345225989818573,0.23921597136359196,,,,0,-93.45225989818573,-9.345822036266327e-07,0.0441216379404068,0.003683134913444519,-0.29888984103191907
2025-05-06,fold_7,"Inflation bear, AI rally and 2025",0.004700072109699249,1,0.003918205387890339,1,0.003918205387890339,0.2431341767514823,,,,1,39.18205387890339,-0.000454567838460207,0.06859263777732849,0.004700072109699249,0.1250561344734105
2025-05-07,fold_7,"Inflation bear, AI rally and 2025",0.0031899958848953247,1,0.010271997191011906,1,0.010271997191011906,0.2534061739424942,,,,1,102.71997191011906,-0.0014061136171221733,0.07064971327781677,0.0031899958848953247,0.3305092844591725
2025-05-08,fold_7,"Inflation bear, AI rally and 2025",0.0026252716779708862,1,-0.00065554742468521,-1,-0.00065554742468521,0.252750626517809,,,,0,-6.5554742468521,-0.0017109531909227371,0.06147606670856476,0.0026252716779708862,-0.036156972066067466
2025-05-09,fold_7,"Inflation bear, AI rally and 2025",-0.0011075884103775024,-1,0.03993220627307892,1,-0.03993220627307892,0.21281842024473008,,,,0,-399.3220627307892,-0.003593636676669121,0.06647443026304245,-0.0011075884103775024,2.6088471223946046
2025-05-12,fold_7,"Inflation bear, AI rally and 2025",0.000574059784412384,1,0.01512577198445797,1,0.01512577198445797,0.22794419222918805,,,,1,151.2577198445797,-0.005152828525751829,0.027500687167048454,0.000574059784412384,0.8771644078400747
2025-05-13,fold_7,"Inflation bear, AI rally and 2025",-0.000958077609539032,-1,0.005975283216685057,1,-0.005975283216685057,0.221968909012503,,,,0,-59.75283216685057,-0.009187310002744198,0.009036059491336346,-0.000958077609539032,0.34129920720393586
2025-05-14,fold_7,"Inflation bear, AI rally and 2025",-0.00425180047750473,-1,0.0010983524844050407,1,-0.0010983524844050407,0.22087055652809795,,,,0,-10.983524844050407,-0.0010620788671076298,-0.010933410376310349,-0.00425180047750473,0.06256064208819194
2025-05-15,fold_7,"Inflation bear, AI rally and 2025",-0.0043252259492874146,-1,0.004342813044786453,1,-0.004342813044786453,0.2165277434833115,,,,0,-43.42813044786453,0.0028405715711414814,-0.010162297636270523,-0.0043252259492874146,0.26859577139762664
2025-05-16,fold_7,"Inflation bear, AI rally and 2025",-0.0037678033113479614,-1,0.0009584668441675603,1,-0.0009584668441675603,0.21556927663914394,,,,0,-9.584668441675603,0.006207448896020651,-0.023808997124433517,-0.0037678033113479614,0.059173135968984825
2025-05-19,fold_7,"Inflation bear, AI rally and 2025",-0.0006642043590545654,-1,-0.00333885638974607,-1,0.00333885638974607,0.21890813302889,,,,1,33.3885638974607,0.008588496595621109,-0.0015147612430155277,-0.0006642043590545654,-0.21967344676553358
2025-05-20,fold_7,"Inflation bear, AI rally and 2025",0.00572049617767334,1,-0.01399418618530035,-1,-0.01399418618530035,0.20491394684358966,,,,0,-139.9418618530035,0.01015135645866394,-0.002617579186335206,0.00572049617767334,-0.9945301163410145
2025-05-21,fold_7,"Inflation bear, AI rally and 2025",0.007867284119129181,1,0.0018694656901061535,1,0.0018694656901061535,0.2067834125336958,,,,1,18.694656901061535,0.008410178124904633,0.013340315781533718,0.007867284119129181,0.13832889935319634
2025-05-22,fold_7,"Inflation bear, AI rally and 2025",0.003601960837841034,1,-0.009303887374699116,-1,-0.009303887374699116,0.1974795251589967,,,,0,-93.03887374699116,0.009316375479102135,0.009892607107758522,0.003601960837841034,-0.774461020632546
2025-05-23,fold_7,"Inflation bear, AI rally and 2025",0.0038722380995750427,1,0.0232527032494545,1,0.0232527032494545,0.2207322284084512,,,,1,232.52703249454498,0.005179308820515871,0.027063505724072456,0.0038722380995750427,1.9478699600537477
2025-05-27,fold_7,"Inflation bear, AI rally and 2025",0.00041440874338150024,1,-0.004441674333065748,-1,-0.004441674333065748,0.21629055407538544,,,,0,-44.41674333065748,0.0003733574412763119,0.011597446165978909,0.00041440874338150024,-0.34112939391963787
2025-05-28,fold_7,"Inflation bear, AI rally and 2025",-0.0011070147156715393,-1,0.0019637085497379303,1,-0.0019637085497379303,0.2143268455256475,,,,0,-19.637085497379303,-0.008560892194509506,0.018823090940713882,-0.0011070147156715393,0.15134440968446183
2025-05-29,fold_7,"Inflation bear, AI rally and 2025",-0.0027100667357444763,-1,-0.0015782431000843644,-1,0.0015782431000843644,0.21590508862573188,,,,1,15.782431000843644,-0.011549942195415497,0.009304034523665905,-0.0027100667357444763,-0.12156701262634625
2025-05-30,fold_7,"Inflation bear, AI rally and 2025",0.004778318107128143,1,0.007867010310292244,1,0.007867010310292244,0.22377209893602412,,,,1,78.67010310292244,-0.020037535578012466,0.02061014249920845,0.004778318107128143,0.62145509353276
2025-06-02,fold_7,"Inflation bear, AI rally and 2025",-0.005326502025127411,-1,0.007786644622683525,1,-0.007786644622683525,0.2159854543133406,,,,0,-77.86644622683525,-0.014133905991911888,0.014214090071618557,-0.005326502025127411,0.630565866011398
2025-06-03,fold_7,"Inflation bear, AI rally and 2025",-0.0024215057492256165,-1,0.0027839706744998693,1,-0.0027839706744998693,0.21320148363884073,,,,0,-27.839706744998693,-0.028484012931585312,0.013019595295190811,-0.0024215057492256165,0.22452047709836354
2025-06-04,fold_7,"Inflation bear, AI rally and 2025",0.002795010805130005,1,-0.0075553483329713345,-1,-0.0075553483329713345,0.2056461353058694,,,,0,-75.55348332971334,-0.022989323362708092,0.006860374938696623,0.002795010805130005,-0.617361654631516
2025-06-05,fold_7,"Inflation bear, AI rally and 2025",-0.0005822926759719849,-1,0.009727864526212215,1,-0.009727864526212215,0.19591827077965718,,,,0,-97.27864526212215,-0.015030277892947197,0.01676086150109768,-0.0005822926759719849,0.7894022209341992
2025-06-06,fold_7,"Inflation bear, AI rally and 2025",-0.0012378394603729248,-1,0.001470958348363638,1,-0.001470958348363638,0.19444731243129354,,,,0,-14.70958348363638,-0.007795847952365875,-0.00560140423476696,-0.0012378394603729248,0.11958058444466334
2025-06-09,fold_7,"Inflation bear, AI rally and 2025",0.0022743046283721924,1,0.006592150311917067,1,0.006592150311917067,0.2010394627432106,,,,1,65.92150311917067,-0.006089652422815561,0.0067417314276099205,0.0022743046283721924,0.5357510440066177
2025-06-10,fold_7,"Inflation bear, AI rally and 2025",-0.0004758313298225403,-1,-0.003375249681994319,-1,0.003375249681994319,0.20441471242520493,,,,1,33.75249681994319,-0.007092299871146679,-0.009649480693042278,-0.0004758313298225403,-0.3927775601112056
2025-06-11,fold_7,"Inflation bear, AI rally and 2025",-0.0030023083090782166,-1,0.002345137996599078,1,-0.002345137996599078,0.20206957442860585,,,,0,-23.451379965990782,-0.0034011073876172304,-0.0064444150775671005,-0.0030023083090782166,0.2955188983284086
2025-06-12,fold_7,"Inflation bear, AI rally and 2025",0.0022169575095176697,1,-0.012634401209652424,-1,-0.012634401209652424,0.18943517321895342,,,,0,-126.34401209652424,-0.004295356571674347,-0.012881052680313587,0.0022169575095176697,-1.6115450914958678
2025-06-13,fold_7,"Inflation bear, AI rally and 2025",0.0004596412181854248,1,0.013814094476401806,1,0.013814094476401806,0.20324926769535523,,,,1,138.14094476401806,-0.0021264953538775444,0.009983260184526443,0.0004596412181854248,1.658394163013713
2025-06-16,fold_7,"Inflation bear, AI rally and 2025",0.002202726900577545,1,-0.00979906227439642,-1,-0.00979906227439642,0.1934502054209588,,,,0,-97.9906227439642,-0.0045324452221393585,0.011345419101417065,0.002202726900577545,-1.109638710114522
2025-06-17,fold_7,"Inflation bear, AI rally and 2025",-0.0013029500842094421,-1,-0.00017018403741531074,-1,0.00017018403741531074,0.19362038945837412,,,,1,1.7018403741531074,0.00028046173974871635,0.02369767054915428,-0.0013029500842094421,-0.018709541966715384
2025-06-18,fold_7,"Inflation bear, AI rally and 2025",-0.001233227550983429,-1,-0.004091499838978052,-1,0.004091499838978052,0.19771188929735217,,,,1,40.91499838978052,0.0017754673026502132,0.03317466005682945,-0.001233227550983429,-0.45132657086905426
2025-06-20,fold_7,"Inflation bear, AI rally and 2025",0.0027793794870376587,1,0.010229912586510181,1,0.010229912586510181,0.20794180188386235,,,,1,102.29912586510181,-0.0030912039801478386,0.04068398103117943,0.0027793794870376587,1.1954519155541303
2025-06-23,fold_7,"Inflation bear, AI rally and 2025",0.0003947615623474121,1,0.015176253393292427,1,0.015176253393292427,0.22311805527715478,,,,1,151.76253393292427,0.0021836156956851482,0.03691010922193527,0.0003947615623474121,1.7152282168837871
2025-06-24,fold_7,"Inflation bear, AI rally and 2025",0.0007538571953773499,1,0.002553190104663372,1,0.002553190104663372,0.22567124538181815,,,,1,25.53190104663372,-0.0021334239281713963,0.01326880045235157,0.0007538571953773499,0.2761633476020483
2025-06-25,fold_7,"Inflation bear, AI rally and 2025",0.007479391992092133,1,0.009306803345680237,1,0.009306803345680237,0.2349780487274984,,,,1,93.06803345680237,-0.00320315919816494,0.0176568441092968,0.007479391992092133,1.2140570495435146
2025-06-26,fold_7,"Inflation bear, AI rally and 2025",0.014142103493213654,1,0.0034178236965090036,1,0.0034178236965090036,0.2383958724240074,,,,1,34.178236965090036,-0.006762684788554907,0.018142199143767357,0.014142103493213654,0.4336796183005765
2025-06-27,fold_7,"Inflation bear, AI rally and 2025",0.004272781312465668,1,0.006456038448959589,1,0.006456038448959589,0.24485191087296698,,,,1,64.56038448959589,0.0007677376270294189,0.007162868976593018,0.004272781312465668,0.8166233479195625
2025-06-30,fold_7,"Inflation bear, AI rally and 2025",0.004082426428794861,1,-0.008465055376291275,-1,-0.008465055376291275,0.2363868554966757,,,,0,-84.65055376291275,0.01448838971555233,0.0012683197855949402,0.004082426428794861,-1.0543437575637744
2025-07-01,fold_7,"Inflation bear, AI rally and 2025",0.005758896470069885,1,0.006941234227269888,1,0.006941234227269888,0.2433280897239456,,,,1,69.41234227269888,0.02273702435195446,0.016787249594926834,0.005758896470069885,0.8612915520447721
2025-07-02,fold_7,"Inflation bear, AI rally and 2025",0.008993953466415405,1,0.009792158380150795,1,0.009792158380150795,0.2531202481040964,,,,1,97.92158380150795,0.015211325138807297,0.00840685609728098,0.008993953466415405,1.2209093004921368
2025-07-03,fold_7,"Inflation bear, AI rally and 2025",0.004531696438789368,1,-0.007561507169157267,-1,-0.007561507169157267,0.24555874093493912,,,,0,-75.61507169157267,0.008327765390276909,-0.003638129448518157,0.004531696438789368,-0.912062731944434
2025-07-07,fold_7,"Inflation bear, AI rally and 2025",0.0016953721642494202,1,0.0005614891997538507,1,0.0005614891997538507,0.24612023013469297,,,,1,5.614891997538507,0.010304413735866547,0.007543554063886404,0.0016953721642494202,0.06772407021490523
2025-07-08,fold_7,"Inflation bear, AI rally and 2025",0.0036991313099861145,1,0.007053874898701906,1,0.007053874898701906,0.2531741050333949,,,,1,70.53874898701906,0.011187901720404625,0.007898572832345963,0.0036991313099861145,0.8815816587750563
2025-07-09,fold_7,"Inflation bear, AI rally and 2025",0.002970688045024872,1,-0.0014391591539606452,-1,-0.0014391591539606452,0.25173494587943424,,,,0,-14.391591539606452,0.00842323713004589,0.0018679917557165027,0.002970688045024872,-0.17661141588879875
2025-07-10,fold_7,"Inflation bear, AI rally and 2025",-0.0006274208426475525,-1,-0.0022528269328176975,-1,0.0022528269328176975,0.25398777281225193,,,,1,22.528269328176975,0.008156891912221909,0.011367371305823326,-0.0006274208426475525,-0.2808745383451295
2025-07-11,fold_7,"Inflation bear, AI rally and 2025",0.003941193222999573,1,0.003620176576077938,1,0.003620176576077938,0.25760794938832987,,,,1,36.20176576077938,0.009712481871247292,0.012658500112593174,0.003941193222999573,0.4524629565912329
2025-07-14,fold_7,"Inflation bear, AI rally and 2025",0.0025425702333450317,1,0.0009165076771751046,1,0.0009165076771751046,0.258524457065505,,,,1,9.165076771751046,0.007023486774414778,0.014209684915840626,0.0025425702333450317,0.11420975350014795
2025-07-15,fold_7,"Inflation bear, AI rally and 2025",0.0028365328907966614,1,0.0010232938220724463,1,0.0010232938220724463,0.2595477508875774,,,,1,10.232938220724463,0.007258111145347357,0.008103914558887482,0.0028365328907966614,0.13618806482870882
2025-07-16,fold_7,"Inflation bear, AI rally and 2025",0.0003852471709251404,1,0.008060220628976822,1,0.008060220628976822,0.26760797151655424,,,,1,80.60220628976822,0.0054416474886238575,0.011631511151790619,0.0003852471709251404,1.1760979880152769
2025-07-17,fold_7,"Inflation bear, AI rally and 2025",0.001953527331352234,1,-0.0009616987663321197,-1,-0.0009616987663321197,0.2666462727502221,,,,0,-9.616987663321197,0.008925722911953926,0.005697506945580244,0.001953527331352234,-0.14270382450815308
2025-07-18,fold_7,"Inflation bear, AI rally and 2025",0.0007203221321105957,1,0.005171361844986677,1,0.005171361844986677,0.2718176345952088,,,,1,51.71361844986677,0.006488059181720018,0.00906337145715952,0.0007203221321105957,0.7669859185624802
2025-07-21,fold_7,"Inflation bear, AI rally and 2025",0.000990159809589386,1,-0.005189262330532074,-1,-0.005189262330532074,0.2666283722646767,,,,0,-51.89262330532074,0.009055864065885544,0.007012150716036558,0.000990159809589386,-0.7654419130645659
2025-07-22,fold_7,"Inflation bear, AI rally and 2025",0.0019228234887123108,1,0.004550890065729618,1,0.004550890065729618,0.27117926233040635,,,,1,45.50890065729618,0.010384457185864449,0.0106513611972332,0.0019228234887123108,0.7015949302939439
2025-07-23,fold_7,"Inflation bear, AI rally and 2025",0.0014204829931259155,1,0.0021262161899358034,1,0.0021262161899358034,0.27330547852034215,,,,1,21.262161899358034,0.009115166962146759,0.007439480163156986,0.0014204829931259155,0.37827171020139594
2025-07-24,fold_7,"Inflation bear, AI rally and 2025",0.002070412039756775,1,0.002404165454208851,1,0.002404165454208851,0.275709643974551,,,,1,24.04165454208851,0.005005157086998224,0.0,0.002070412039756775,0.4283990359534204
2025-07-25,fold_7,"Inflation bear, AI rally and 2025",0.0023673027753829956,1,0.0031201415695250034,1,0.0031201415695250034,0.278829785544076,,,,1,31.201415695250034,0.006256753113120794,-0.022299613803625107,0.0023673027753829956,0.595502653685041
2025-07-28,fold_7,"Inflation bear, AI rally and 2025",0.0032500997185707092,1,-0.0015500520821660757,-1,-0.0015500520821660757,0.2772797334619099,,,,0,-15.500520821660757,0.009345533326268196,-0.007136274129152298,0.0032500997185707092,-0.2963649319322456
2025-07-29,fold_7,"Inflation bear, AI rally and 2025",0.000454142689704895,1,0.001339009148068726,1,0.001339009148068726,0.27861874260997865,,,,1,13.39009148068726,0.009995583444833755,-0.012398889288306236,0.000454142689704895,0.26573052952608295
2025-07-30,fold_7,"Inflation bear, AI rally and 2025",-0.001621060073375702,-1,-0.005313263740390539,-1,0.005313263740390539,0.2839320063503692,,,,1,53.13263740390539,0.007717039901763201,-0.0012331786565482616,-0.001621060073375702,-1.1354257306530724
2025-07-31,fold_7,"Inflation bear, AI rally and 2025",-0.0002788156270980835,-1,-0.01989544928073883,-1,0.01989544928073883,0.303827455631108,,,,1,198.9544928073883,0.005798397120088339,0.00745871476829052,-0.0002788156270980835,-4.351860117887104
2025-08-01,fold_7,"Inflation bear, AI rally and 2025",-0.0012647062540054321,-1,0.018283480778336525,1,-0.018283480778336525,0.2855439748527715,,,,0,-182.83480778336525,0.013784168288111687,0.03663913160562515,-0.0012647062540054321,3.051587052731937
2025-08-04,fold_7,"Inflation bear, AI rally and 2025",0.0032738149166107178,1,-0.006812667474150658,-1,-0.006812667474150658,0.27873130737862084,,,,0,-68.12667474150658,0.012139203026890755,0.015392293222248554,0.0032738149166107178,-0.9658439511808814
2025-08-05,fold_7,"Inflation bear, AI rally and 2025",0.00024138391017913818,1,0.012504720129072666,1,0.012504720129072666,0.2912360275076935,,,,1,125.04720129072666,0.004884136375039816,0.03469543159008026,0.00024138391017913818,1.7331264565623796
2025-08-06,fold_7,"Inflation bear, AI rally and 2025",0.005371488630771637,1,0.0033786294516175985,1,0.0033786294516175985,0.2946146569593111,,,,1,33.786294516175985,0.009756302461028099,0.0226906705647707,0.005371488630771637,0.44599293756289404
2025-08-07,fold_7,"Inflation bear, AI rally and 2025",0.011791445314884186,1,0.009284966625273228,1,0.009284966625273228,0.30389962358458433,,,,1,92.84966625273228,0.003668833989650011,0.01853628270328045,0.011791445314884186,1.2206949690026645
2025-08-08,fold_7,"Inflation bear, AI rally and 2025",0.013042666018009186,1,-0.002963355975225568,-1,-0.002963355975225568,0.30093626760935877,,,,0,-29.633559752255678,-0.002103415783494711,0.004844300914555788,0.013042666018009186,-0.3766124078785977
2025-08-11,fold_7,"Inflation bear, AI rally and 2025",0.010489888489246368,1,0.012490469962358475,1,0.012490469962358475,0.31342673757171724,,,,1,124.90469962358475,-0.002662756945937872,0.007409026846289635,0.010489888489246368,1.5901907501999453
2025-08-12,fold_7,"Inflation bear, AI rally and 2025",0.010748960077762604,1,0.0004999605007469654,1,0.0004999605007469654,0.3139266980724642,,,,1,4.999605007469654,0.002293787430971861,-0.018741806969046593,0.010748960077762604,0.059990749109096714
2025-08-13,fold_7,"Inflation bear, AI rally and 2025",0.007340580224990845,1,-0.000775758468080312,-1,-0.000775758468080312,0.3131509396043839,,,,0,-7.75758468080312,0.0011744038201868534,-0.02519688941538334,0.007340580224990845,-0.09311073597075677
2025-08-14,fold_7,"Inflation bear, AI rally and 2025",0.0050835981965065,1,-0.004407014697790146,-1,-0.004407014697790146,0.30874392490659375,,,,0,-44.07014697790146,0.010607769712805748,-0.029061537235975266,0.0050835981965065,-0.5416591906536531
2025-08-15,fold_7,"Inflation bear, AI rally and 2025",0.002057671546936035,1,-0.0003986301308032125,-1,-0.0003986301308032125,0.30834529477579053,,,,0,-3.9863013080321252,0.009572850540280342,-0.00934495497494936,0.002057671546936035,-0.04865628722997111
2025-08-18,fold_7,"Inflation bear, AI rally and 2025",-0.002614930272102356,-1,-0.013660364784300327,-1,0.013660364784300327,0.32200565956009086,,,,1,136.60364784300327,0.008851809427142143,-0.011835196986794472,-0.002614930272102356,-1.68412534415897
2025-08-19,fold_7,"Inflation bear, AI rally and 2025",0.0007680878043174744,1,-0.005955122411251068,-1,-0.005955122411251068,0.3160505371488398,,,,0,-59.55122411251068,0.013986026868224144,0.005832357332110405,0.0007680878043174744,-0.6933178700891818
2025-08-20,fold_7,"Inflation bear, AI rally and 2025",0.0032970011234283447,1,-0.004640405066311359,-1,-0.004640405066311359,0.31141013208252843,,,,0,-46.404050663113594,0.014948563650250435,0.013323167338967323,0.0032970011234283447,-0.5375727616004295
2025-08-21,fold_7,"Inflation bear, AI rally and 2025",0.005163617432117462,1,0.01530956756323576,1,0.01530956756323576,0.3267196996457642,,,,1,153.0956756323576,0.010026050731539726,0.024203982204198837,0.005163617432117462,1.7635160886517867
2025-08-22,fold_7,"Inflation bear, AI rally and 2025",0.0034697875380516052,1,-0.0028888722881674767,-1,-0.0028888722881674767,0.3238308273575967,,,,0,-28.888722881674767,0.005639915820211172,-0.0027484886813908815,0.0034697875380516052,-0.31008575290815854
2025-08-25,fold_7,"Inflation bear, AI rally and 2025",0.007458053529262543,1,0.004007190000265837,1,0.004007190000265837,0.32783801735786255,,,,1,40.07190000265837,0.008813034743070602,-0.008275248110294342,0.007458053529262543,0.43029600122841694
2025-08-26,fold_7,"Inflation bear, AI rally and 2025",0.008662119507789612,1,0.001535687712021172,1,0.001535687712021172,0.3293737050698837,,,,1,15.35687712021172,0.014035066589713097,-0.0044456529431045055,0.008662119507789612,0.16425835506509845
2025-08-27,fold_7,"Inflation bear, AI rally and 2025",0.005341947078704834,1,0.006240409333258867,1,0.006240409333258867,0.3356141144031426,,,,1,62.40409333258867,0.006064529996365309,0.003029386978596449,0.005341947078704834,0.667371148535967
2025-08-28,fold_7,"Inflation bear, AI rally and 2025",0.01136818528175354,1,-0.011642903089523315,-1,-0.011642903089523315,0.3239712113136193,,,,0,-116.42903089523315,0.002487779129296541,-0.0017690984532237053,0.01136818528175354,-1.241336584782596
2025-08-29,fold_7,"Inflation bear, AI rally and 2025",0.0032666847109794617,1,-0.00841563194990158,-1,-0.00841563194990158,0.3155555793637177,,,,0,-84.15631949901581,0.007159403990954161,0.01473993994295597,0.0032666847109794617,-0.9720242852407744
2025-09-02,fold_7,"Inflation bear, AI rally and 2025",0.009579159319400787,1,0.007836785167455673,1,0.007836785167455673,0.32339236453117337,,,,1,78.36785167455673,0.00999641977250576,0.025984633713960648,0.009579159319400787,0.9970023351283237
2025-09-03,fold_7,"Inflation bear, AI rally and 2025",0.011446140706539154,1,0.009010727517306805,1,0.009010727517306805,0.3324030920484802,,,,1,90.10727517306805,0.013327272608876228,0.018475046381354332,0.011446140706539154,1.1394559757618208
2025-09-04,fold_7,"Inflation bear, AI rally and 2025",0.004362083971500397,1,0.0014419236686080694,1,0.0014419236686080694,0.33384501571708824,,,,1,14.419236686080694,0.007117356639355421,0.015268106013536453,0.004362083971500397,0.18807909607239273
2025-09-05,fold_7,"Inflation bear, AI rally and 2025",0.008601054549217224,1,0.004866134840995073,1,0.004866134840995073,0.3387111505580833,,,,1,48.66134840995073,0.006384918000549078,0.01823362335562706,0.008601054549217224,0.6372558726449794
2025-09-08,fold_7,"Inflation bear, AI rally and 2025",0.0020008310675621033,1,0.002829062519595027,1,0.002829062519595027,0.34154021307767835,,,,1,28.29062519595027,0.007241458166390657,0.02188795804977417,0.0020008310675621033,0.38083729456508125
2025-09-09,fold_7,"Inflation bear, AI rally and 2025",0.004630781710147858,1,0.0003271980385761708,1,0.0003271980385761708,0.3418674111162545,,,,1,3.271980385761708,5.9647951275110245e-05,0.018213454633951187,0.004630781710147858,0.04406164831320266
2025-09-10,fold_7,"Inflation bear, AI rally and 2025",0.010127842426300049,1,0.005803787149488926,1,0.005803787149488926,0.34767119826574344,,,,1,58.03787149488926,0.00865340419113636,0.01588842086493969,0.010127842426300049,0.8434438852361171
2025-09-11,fold_7,"Inflation bear, AI rally and 2025",0.010177195072174072,1,0.004407439846545458,1,0.004407439846545458,0.3520786381122889,,,,1,44.07439846545458,0.0033574984408915043,0.019061127677559853,0.010177195072174072,0.6295015227957373
2025-09-12,fold_7,"Inflation bear, AI rally and 2025",-0.0007543265819549561,-1,0.00852047000080347,1,-0.00852047000080347,0.34355816811148543,,,,0,-85.2047000080347,0.012190043926239014,0.021400216966867447,-0.0007543265819549561,1.2054363075401078
2025-09-15,fold_7,"Inflation bear, AI rally and 2025",0.005483083426952362,1,-0.0008454403723590076,-1,-0.0008454403723590076,0.3427127277391264,,,,0,-8.454403723590076,0.020104991272091866,0.01878230646252632,0.005483083426952362,-0.11654796916406615
2025-09-16,fold_7,"Inflation bear, AI rally and 2025",-0.0007775872945785522,-1,-0.0019978368654847145,-1,0.0019978368654847145,0.34471056460461114,,,,1,19.978368654847145,0.0202249176800251,0.012963303364813328,-0.0007775872945785522,-0.2753385942654289
2025-09-17,fold_7,"Inflation bear, AI rally and 2025",0.0006223320960998535,1,0.008976494893431664,1,0.008976494893431664,0.3536870594980428,,,,1,89.76494893431664,0.017579302191734314,0.01144441682845354,0.0006223320960998535,1.3607346414331145
2025-09-18,fold_7,"Inflation bear, AI rally and 2025",-0.0009404346346855164,-1,0.006746530067175627,1,-0.006746530067175627,0.3469405294308672,,,,0,-67.46530067175627,0.017345814034342766,-0.001852678949944675,-0.0009404346346855164,0.9971799293033602
2025-09-19,fold_7,"Inflation bear, AI rally and 2025",-0.0009770244359970093,-1,0.005902559962123632,1,-0.005902559962123632,0.34103796946874354,,,,0,-59.025599621236324,0.019903548061847687,-0.004496766719967127,-0.0009770244359970093,0.8612280707817476
2025-09-22,fold_7,"Inflation bear, AI rally and 2025",0.0030471011996269226,1,-0.00666444469243288,-1,-0.00666444469243288,0.33437352477631066,,,,0,-66.6444469243288,0.022231249138712883,-0.005778889171779156,0.0030471011996269226,-1.095695263592265
2025-09-23,fold_7,"Inflation bear, AI rally and 2025",0.00252591073513031,1,-0.003516722936183214,-1,-0.003516722936183214,0.33085680184012745,,,,0,-35.16722936183214,0.021886592730879784,0.0036210042890161276,0.00252591073513031,-0.5645837122021672
2025-09-24,fold_7,"Inflation bear, AI rally and 2025",0.0002501457929611206,1,-0.004320601467043161,-1,-0.004320601467043161,0.3265362003730843,,,,0,-43.206014670431614,0.019948335364460945,0.011923212558031082,0.0002501457929611206,-0.6952956867216374
2025-09-25,fold_7,"Inflation bear, AI rally and 2025",0.0015152618288993835,1,0.004102441947907209,1,0.004102441947907209,0.3306386423209915,,,,1,41.024419479072094,0.01780400238931179,0.02034645900130272,0.0015152618288993835,0.6533257981723073
2025-09-26,fold_7,"Inflation bear, AI rally and 2025",0.00328025221824646,1,0.0046204375103116035,1,0.0046204375103116035,0.3352590798313031,,,,1,46.204375103116035,0.01742348074913025,0.012025424279272556,0.00328025221824646,0.746356600807675
2025-09-29,fold_7,"Inflation bear, AI rally and 2025",0.0013925209641456604,1,0.002735448768362403,1,0.002735448768362403,0.3379945285996655,,,,1,27.35448768362403,0.016967186704277992,0.014887053519487381,0.0013925209641456604,0.4789916015347059
2025-09-30,fold_7,"Inflation bear, AI rally and 2025",0.002903372049331665,1,0.004785485565662384,1,0.004785485565662384,0.3427800141653279,,,,1,47.85485565662384,0.013113275170326233,0.006872063037008047,0.002903372049331665,0.881875034282518
2025-10-01,fold_7,"Inflation bear, AI rally and 2025",0.0022116079926490784,1,0.004102644510567188,1,0.004102644510567188,0.3468826586758951,,,,1,41.02644510567188,0.01307520642876625,0.01348517369478941,0.0022116079926490784,0.7820441076156708
2025-10-02,fold_7,"Inflation bear, AI rally and 2025",0.002929091453552246,1,-0.004218591842800379,-1,-0.004218591842800379,0.3426640668330947,,,,0,-42.18591842800379,0.009674429893493652,0.008171569555997849,0.002929091453552246,-0.8557317218921436
2025-10-03,fold_7,"Inflation bear, AI rally and 2025",0.003466956317424774,1,0.007482066750526428,1,0.007482066750526428,0.3501461335836211,,,,1,74.82066750526428,0.009084656834602356,-0.02294095605611801,0.003466956317424774,1.4937609204365878
2025-10-06,fold_7,"Inflation bear, AI rally and 2025",0.0014925673604011536,1,-0.005279541946947575,-1,-0.005279541946947575,0.34486659163667355,,,,0,-52.795419469475746,0.013233482837677002,-0.00942372065037489,0.0014925673604011536,-1.0216646254540132
2025-10-07,fold_7,"Inflation bear, AI rally and 2025",0.0029113516211509705,1,0.01139859575778246,1,0.01139859575778246,0.356265187394456,,,,1,113.98595757782459,0.017598316073417664,-0.010827412828803062,0.0029113516211509705,2.165864902452659
2025-10-08,fold_7,"Inflation bear, AI rally and 2025",0.003879465162754059,1,-0.0012109596282243729,-1,-0.0012109596282243729,0.35505422776623163,,,,0,-12.109596282243729,0.014561071991920471,-0.015193992294371128,0.003879465162754059,-0.20710450937279112
2025-10-09,fold_7,"Inflation bear, AI rally and 2025",0.0023745447397232056,1,-0.0353311188519001,-1,-0.0353311188519001,0.31972310891433153,,,,0,-353.311188519001,0.009636687114834785,-0.01769283600151539,0.0023745447397232056,-6.190099209469844
2025-10-10,fold_7,"Inflation bear, AI rally and 2025",0.0015280693769454956,1,0.020999303087592125,1,0.020999303087592125,0.34072241200192366,,,,1,209.99303087592125,0.015186905860900879,0.024183519184589386,0.0015280693769454956,2.1656736954973526
2025-10-13,fold_7,"Inflation bear, AI rally and 2025",0.004095524549484253,1,-0.006683234125375748,-1,-0.006683234125375748,0.3340391778765479,,,,0,-66.83234125375748,0.010970624163746834,0.01570628583431244,0.004095524549484253,-0.6302711987652501
2025-10-14,fold_7,"Inflation bear, AI rally and 2025",0.00023786723613739014,1,0.007032016292214394,1,0.007032016292214394,0.3410711941687623,,,,1,70.32016292214394,0.0029835249297320843,0.022127928212285042,0.00023786723613739014,0.656776523455626
2025-10-15,fold_7,"Inflation bear, AI rally and 2025",-0.0023154020309448242,-1,-0.0037098024040460587,-1,0.0037098024040460587,0.34478099657280836,,,,1,37.09802404046059,-0.002844939474016428,0.005415184423327446,-0.0023154020309448242,-0.3431036216291272
2025-10-16,fold_7,"Inflation bear, AI rally and 2025",0.006645917892456055,1,0.006545236799865961,1,0.006545236799865961,0.3513262333726743,,,,1,65.45236799865961,-0.0040804664604365826,0.017496326938271523,0.006645917892456055,0.6141795166647341
2025-10-17,fold_7,"Inflation bear, AI rally and 2025",0.00033833831548690796,1,0.012522069737315178,1,0.012522069737315178,0.3638483031099895,,,,1,125.22069737315178,-0.012321505695581436,0.021572764962911606,0.00033833831548690796,1.1757149166181942
2025-10-20,fold_7,"Inflation bear, AI rally and 2025",0.012553229928016663,1,-0.00026159174740314484,-1,-0.00026159174740314484,0.36358671136258636,,,,0,-2.6159174740314484,-0.012154161930084229,0.02670317515730858,0.012553229928016663,-0.023926513409431638
2025-10-21,fold_7,"Inflation bear, AI rally and 2025",0.014247007668018341,1,-0.009680728428065777,-1,-0.009680728428065777,0.3539059829345206,,,,0,-96.80728428065777,-0.013261169195175171,0.03462529554963112,0.014247007668018341,-0.8937772036216127
2025-10-22,fold_7,"Inflation bear, AI rally and 2025",0.005934379994869232,1,0.008371341042220592,1,0.008371341042220592,0.3622773239767412,,,,1,83.71341042220592,-0.008920934051275253,0.04879889264702797,0.005934379994869232,0.7598277720253334
2025-10-23,fold_7,"Inflation bear, AI rally and 2025",0.014794796705245972,1,0.010621673427522182,1,0.010621673427522182,0.37289899740426335,,,,1,106.21673427522182,-0.009765973314642906,0.025020860135555267,0.014794796705245972,0.9540309455168327
2025-10-24,fold_7,"Inflation bear, AI rally and 2025",0.0024149566888809204,1,0.01765247993171215,1,0.01765247993171215,0.3905514773359755,,,,1,176.5247993171215,0.0003776596859097481,0.019211603328585625,0.0024149566888809204,1.5557006495301577
2025-10-27,fold_7,"Inflation bear, AI rally and 2025",0.0011816248297691345,1,0.007660527713596821,1,0.007660527713596821,0.3982120050495723,,,,1,76.60527713596821,0.0019256011582911015,0.006332420278340578,0.0011816248297691345,0.6400089901114824
2025-10-28,fold_7,"Inflation bear, AI rally and 2025",5.7034194469451904e-05,1,0.004492870531976223,1,0.004492870531976223,0.40270487558154855,,,,1,44.92870531976223,0.007948659360408783,-0.021835021674633026,5.7034194469451904e-05,0.37205342136019226
2025-10-29,fold_7,"Inflation bear, AI rally and 2025",-0.006347127258777618,-1,-0.015406693331897259,-1,0.015406693331897259,0.4181115689134458,,,,1,154.0669333189726,0.008441044017672539,-0.019840959459543228,-0.006347127258777618,-1.2764184630714328
2025-10-30,fold_7,"Inflation bear, AI rally and 2025",0.002122528851032257,1,0.00481241662055254,1,0.00481241662055254,0.42292398553399835,,,,1,48.1241662055254,0.007195257116109133,-0.02323727495968342,0.002122528851032257,0.3844184108543597
2025-10-31,fold_7,"Inflation bear, AI rally and 2025",-0.002087138593196869,-1,0.004773298278450966,1,-0.004773298278450966,0.4181506872555474,,,,0,-47.73298278450966,0.012681305408477783,-0.03121001087129116,-0.002087138593196869,0.3809678203254386
2025-11-03,fold_7,"Inflation bear, AI rally and 2025",0.001979440450668335,1,-0.02050691470503807,-1,-0.02050691470503807,0.3976437725505093,,,,0,-205.0691470503807,0.018780870363116264,-0.014100291766226292,0.001979440450668335,-1.645425497330582
2025-11-04,fold_7,"Inflation bear, AI rally and 2025",0.000664636492729187,1,0.006486933678388596,1,0.006486933678388596,0.4041307062288979,,,,1,64.86933678388596,0.021566487848758698,0.003739549545571208,0.000664636492729187,0.4904235227950415
2025-11-05,fold_7,"Inflation bear, AI rally and 2025",0.0034695714712142944,1,-0.018803009763360023,-1,-0.018803009763360023,0.3853276964655379,,,,0,-188.03009763360023,0.021787675097584724,-0.0035360476467758417,0.0034695714712142944,-1.4397275540722754
2025-11-06,fold_7,"Inflation bear, AI rally and 2025",0.0009354576468467712,1,-0.0031603185925632715,-1,-0.0031603185925632715,0.3821673778729746,,,,0,-31.603185925632715,0.01458977535367012,-0.005360324867069721,0.0009354576468467712,-0.23038518248782683
2025-11-07,fold_7,"Inflation bear, AI rally and 2025",0.006062723696231842,1,0.02188301645219326,1,0.02188301645219326,0.40405039432516787,,,,1,218.8301645219326,0.008453181013464928,-0.0014442570973187685,0.006062723696231842,1.9475170148969252
2025-11-10,fold_7,"Inflation bear, AI rally and 2025",0.006195656955242157,1,-0.002667073393240571,-1,-0.002667073393240571,0.4013833209319273,,,,0,-26.67073393240571,-0.0003307051956653595,-0.03190450370311737,0.006195656955242157,-0.23559951962183132
2025-11-11,fold_7,"Inflation bear, AI rally and 2025",0.004306338727474213,1,-0.0007886635139584541,-1,-0.0007886635139584541,0.40059465741796885,,,,0,-7.886635139584541,-0.01046599168330431,-0.04148799180984497,0.004306338727474213,-0.07018370771346462
2025-11-12,fold_7,"Inflation bear, AI rally and 2025",-0.002585582435131073,-1,-0.020627286285161972,-1,0.020627286285161972,0.4212219437031308,,,,1,206.27286285161972,-0.014356754720211029,-0.034746989607810974,-0.002585582435131073,-1.853642922140871
2025-11-13,fold_7,"Inflation bear, AI rally and 2025",0.00655326247215271,1,0.0007557492353953421,1,0.0007557492353953421,0.42197769293852616,,,,1,7.557492353953421,-0.015500301495194435,-0.03807619959115982,0.00655326247215271,0.06288792179286838
2025-11-14,fold_7,"Inflation bear, AI rally and 2025",0.0016777366399765015,1,-0.008577228523790836,-1,-0.008577228523790836,0.4134004644147353,,,,0,-85.77228523790836,-0.017244335263967514,-0.03134717792272568,0.0016777366399765015,-0.7190147203950206
2025-11-17,fold_7,"Inflation bear, AI rally and 2025",0.0026947036385536194,1,-0.012250563129782677,-1,-0.012250563129782677,0.40114990128495265,,,,0,-122.50563129782677,-0.01002085953950882,0.0024817129597067833,0.0026947036385536194,-1.042298205062926
2025-11-18,fold_7,"Inflation bear, AI rally and 2025",0.006306611001491547,1,0.0059523372910916805,1,0.0059523372910916805,0.40710223857604433,,,,1,59.523372910916805,-0.0011283648200333118,0.020877135917544365,0.006306611001491547,0.49322207919352573
2025-11-19,fold_7,"Inflation bear, AI rally and 2025",0.004110708832740784,1,-0.02395649440586567,-1,-0.02395649440586567,0.38314574417017866,,,,0,-239.5649440586567,-0.00041727814823389053,0.02372167818248272,0.004110708832740784,-2.0052447494274688
2025-11-20,fold_7,"Inflation bear, AI rally and 2025",0.005824707448482513,1,0.007484769448637962,1,0.007484769448637962,0.3906305136188166,,,,1,74.84769448637962,-0.0004954682663083076,0.055752597749233246,0.005824707448482513,0.5775990910985691
2025-11-21,fold_7,"Inflation bear, AI rally and 2025",0.005781583487987518,1,0.025251662358641624,1,0.025251662358641624,0.41588217597745825,,,,1,252.51662358641624,0.00039771106094121933,0.04490327462553978,0.005781583487987518,1.9653590753917458
2025-11-24,fold_7,"Inflation bear, AI rally and 2025",0.007271036505699158,1,0.006144860293716192,1,0.006144860293716192,0.42202703627117444,,,,1,61.44860293716192,-0.002325634937733412,0.027447156608104706,0.007271036505699158,0.45626205881541687
2025-11-25,fold_7,"Inflation bear, AI rally and 2025",0.007105045020580292,1,0.008796879090368748,1,0.008796879090368748,0.4308239153615432,,,,1,87.96879090368748,-0.0033841077238321304,0.02374311164021492,0.007105045020580292,0.6550691216377408
2025-11-26,fold_7,"Inflation bear, AI rally and 2025",0.007420435547828674,1,0.008074427023530006,1,0.008074427023530006,0.4388983423850732,,,,1,80.74427023530006,-0.00426835659891367,0.014015650376677513,0.007420435547828674,0.5965591048813538
2025-11-28,fold_7,"Inflation bear, AI rally and 2025",0.007907919585704803,1,-0.0033645550720393658,-1,-0.0033645550720393658,0.4355337873130338,,,,0,-33.64555072039366,-0.006158829666674137,0.010010326281189919,0.007907919585704803,-0.25463658553309576
2025-12-01,fold_7,"Inflation bear, AI rally and 2025",0.007030561566352844,1,0.007795544341206551,1,0.007795544341206551,0.4433293316542404,,,,1,77.9554434120655,-0.005442601628601551,0.011454490013420582,0.007030561566352844,0.5909859154765658
2025-12-02,fold_7,"Inflation bear, AI rally and 2025",0.007380746304988861,1,0.0024408164899796247,1,0.0024408164899796247,0.44577014814422,,,,1,24.408164899796247,-0.004510687198489904,0.004891549237072468,0.007380746304988861,0.18403833411928913
2025-12-03,fold_7,"Inflation bear, AI rally and 2025",0.004255272448062897,1,-0.0009305825224146247,-1,-0.0009305825224146247,0.4448395656218054,,,,0,-9.305825224146247,-0.002355875913053751,0.00653810752555728,0.004255272448062897,-0.07470613097210492
2025-12-04,fold_7,"Inflation bear, AI rally and 2025",0.0008547678589820862,1,0.004069102928042412,1,0.004069102928042412,0.4489086685498478,,,,1,40.69102928042412,0.003650351893156767,0.004229042213410139,0.0008547678589820862,0.3288540497593342
2025-12-05,fold_7,"Inflation bear, AI rally and 2025",0.0060266852378845215,1,-0.0019203914562240243,-1,-0.0019203914562240243,0.44698827709362376,,,,0,-19.203914562240243,0.017188386991620064,-0.01914352923631668,0.0060266852378845215,-0.16451758365576602
2025-12-08,fold_7,"Inflation bear, AI rally and 2025",-0.0013060793280601501,-1,0.0012326041469350457,1,-0.0012326041469350457,0.4457556729466887,,,,0,-12.326041469350457,0.018343374133110046,-0.02225513942539692,-0.0013060793280601501,0.10571795040473164
2025-12-09,fold_7,"Inflation bear, AI rally and 2025",-0.0013126879930496216,-1,0.00408737501129508,1,-0.00408737501129508,0.44166829793539364,,,,0,-40.8737501129508,0.021356701850891113,-0.02150787226855755,-0.0013126879930496216,0.3860940742634263
2025-12-10,fold_7,"Inflation bear, AI rally and 2025",0.0027944371104240417,1,-0.0032396477181464434,-1,-0.0032396477181464434,0.4384286502172472,,,,0,-32.396477181464434,0.021194716915488243,-0.04430621117353439,0.0027944371104240417,-0.305364873438464
2025-12-11,fold_7,"Inflation bear, AI rally and 2025",0.0024185925722122192,1,-0.019303468987345695,-1,-0.019303468987345695,0.4191251812299015,,,,0,-193.03468987345695,0.015498505905270576,-0.02668045461177826,0.0024185925722122192,-1.8155420144186112
2025-12-12,fold_7,"Inflation bear, AI rally and 2025",0.0032196566462516785,1,-0.005032000597566366,-1,-0.005032000597566366,0.41409318063233513,,,,0,-50.32000597566366,0.01559104211628437,0.005574300419539213,0.0032196566462516785,-0.47890443142588723
2025-12-15,fold_7,"Inflation bear, AI rally and 2025",0.005954615771770477,1,0.0019798711873590946,1,0.0019798711873590946,0.41607305181969423,,,,1,19.798711873590946,0.013210222125053406,0.01538827270269394,0.005954615771770477,0.18738061852739712
2025-12-16,fold_7,"Inflation bear, AI rally and 2025",0.009175054728984833,1,-0.018710967153310776,-1,-0.018710967153310776,0.39736208466638345,,,,0,-187.10967153310776,0.0045129102654755116,0.018080780282616615,0.009175054728984833,-1.7991417330474324
2025-12-17,fold_7,"Inflation bear, AI rally and 2025",-0.000536702573299408,-1,0.014386109076440334,1,-0.014386109076440334,0.3829759755899431,,,,0,-143.86109076440334,-0.01313756499439478,0.039713069796562195,-0.000536702573299408,1.3234520309883862
2025-12-18,fold_7,"Inflation bear, AI rally and 2025",0.005854740738868713,1,0.012951286509633064,1,0.012951286509633064,0.3959272620995762,,,,1,129.51286509633064,-0.016333697363734245,0.025262802839279175,0.005854740738868713,1.1504351940592996
2025-12-19,fold_7,"Inflation bear, AI rally and 2025",0.006225131452083588,1,0.00478197168558836,1,0.00478197168558836,0.40070923378516454,,,,1,47.8197168558836,-0.011151261627674103,0.007459201384335756,0.006225131452083588,0.4635322635963407
