date,fold,regime,prediction,pred_direction,actual_return,actual_direction,strategy_return,cumulative_return,confidence,aleatoric,epistemic,correct,pnl_bps,B_pred,B_actual,D_pred,D_actual
2008-10-14,fold_1,GFC peak crash (Lehman + Mar-2009 bottom),0.04475570470094681,1,-0.09382425993680954,-1,-0.09382425993680954,-0.09382425993680954,,,,0,-938.2425993680954,-0.011388876475393772,-0.06547101587057114,0.04475570470094681,-2.109097253039619
2008-10-15,fold_1,GFC peak crash (Lehman + Mar-2009 bottom),0.039182551205158234,1,0.05282853543758392,1,0.05282853543758392,-0.040995724499225616,,,,1,528.2853543758392,-0.01211761124432087,0.0003273205365985632,0.039182551205158234,1.1070436320743604
2008-10-16,fold_1,GFC peak crash (Lehman + Mar-2009 bottom),0.034510985016822815,1,0.0012392186326906085,1,0.0012392186326906085,-0.03975650586653501,,,,1,12.392186326906085,-0.006741522811353207,-0.05642925575375557,0.034510985016822815,0.02550105319463656
2008-10-17,fold_1,GFC peak crash (Lehman + Mar-2009 bottom),0.04962243139743805,1,0.027482815086841583,1,0.027482815086841583,-0.012273690779693425,,,,1,274.82815086841583,0.005935716908425093,-0.09033822268247604,0.04962243139743805,0.5718398491366828
2008-10-20,fold_1,GFC peak crash (Lehman + Mar-2009 bottom),0.04307618737220764,1,-0.05319732427597046,-1,-0.05319732427597046,-0.06547101505566388,,,,0,-531.9732427597046,0.004813040141016245,-0.14600127935409546,0.04307618737220764,-1.12620021320199
2008-10-21,fold_1,GFC peak crash (Lehman + Mar-2009 bottom),0.05053233355283737,1,-0.028025925159454346,-1,-0.028025925159454346,-0.09349694021511823,,,,0,-280.25925159454346,-0.011991551145911217,0.011998527683317661,0.05053233355283737,-0.5757042442051474
2008-10-22,fold_1,GFC peak crash (Lehman + Mar-2009 bottom),0.050307221710681915,1,-0.003928040619939566,-1,-0.003928040619939566,-0.0974249808350578,,,,0,-39.28040619939566,-0.007072306703776121,0.037510186433792114,0.050307221710681915,-0.08006814480336048
2008-10-23,fold_1,GFC peak crash (Lehman + Mar-2009 bottom),0.04571019113063812,1,-0.03266974538564682,-1,-0.03266974538564682,-0.13009472622070462,,,,0,-326.6974538564682,-0.010936209931969643,0.07424870133399963,0.04571019113063812,-0.6675545237896594
2008-10-24,fold_1,GFC peak crash (Lehman + Mar-2009 bottom),0.03949909657239914,1,-0.028180237859487534,-1,-0.028180237859487534,-0.15827496408019215,,,,0,-281.80237859487534,0.005212124902755022,0.10843947529792786,0.03949909657239914,-0.5701113436673966
2008-10-27,fold_1,GFC peak crash (Lehman + Mar-2009 bottom),0.026162976399064064,1,0.10480247437953949,1,0.10480247437953949,-0.05347248970065266,,,,1,1048.024743795395,0.007214742247015238,0.13448895514011383,0.026162976399064064,2.264899617614946
2008-10-28,fold_1,GFC peak crash (Lehman + Mar-2009 bottom),0.01510537974536419,1,-0.002514267573133111,-1,-0.002514267573133111,-0.05598675727378577,,,,0,-25.14267573133111,-0.011514188721776009,0.05762910470366478,0.01510537974536419,-0.048841884986909896
2008-10-29,fold_1,GFC peak crash (Lehman + Mar-2009 bottom),0.01695372350513935,1,0.03281047195196152,1,0.03281047195196152,-0.023176285321824253,,,,1,328.1047195196152,0.007794268894940615,0.006586431059986353,0.01695372350513935,0.6380102978731311
2008-10-30,fold_1,GFC peak crash (Lehman + Mar-2009 bottom),0.021976782009005547,1,0.0015210297424346209,1,0.0015210297424346209,-0.021655255579389632,,,,1,15.210297424346209,-0.010178589262068272,-0.07195529341697693,0.021976782009005547,0.029885778865258273
2008-10-31,fold_1,GFC peak crash (Lehman + Mar-2009 bottom),0.017154758796095848,1,-0.002130764303728938,-1,-0.002130764303728938,-0.02378601988311857,,,,0,-21.30764303728938,-0.004405518993735313,-0.05307116359472275,0.017154758796095848,-0.04196421772856818
2008-11-03,fold_1,GFC peak crash (Lehman + Mar-2009 bottom),0.021993709728121758,1,0.027942635118961334,1,0.027942635118961334,0.004156615235842764,,,,1,279.42635118961334,-0.000284319743514061,-0.06449751555919647,0.021993709728121758,0.5578122188998867
2008-11-04,fold_1,GFC peak crash (Lehman + Mar-2009 bottom),0.00436042807996273,1,-0.05355694144964218,-1,-0.05355694144964218,-0.04940032621379942,,,,0,-535.5694144964218,-0.0407685860991478,-0.11445481330156326,0.00436042807996273,-1.1086007483566258
2008-11-05,fold_1,GFC peak crash (Lehman + Mar-2009 bottom),0.01809903420507908,1,-0.04573125019669533,-1,-0.04573125019669533,-0.09513157641049474,,,,0,-457.3125019669533,-0.0006732488982379436,-0.10817801207304001,0.01809903420507908,-0.9193969803721691
2008-11-06,fold_1,GFC peak crash (Lehman + Mar-2009 bottom),0.03907343000173569,1,0.020405156537890434,1,0.020405156537890434,-0.07472641987260431,,,,1,204.05156537890434,-0.019929371774196625,-0.0032778142485767603,0.03907343000173569,0.4047481996307721
2008-11-07,fold_1,GFC peak crash (Lehman + Mar-2009 bottom),0.029762307181954384,1,-0.013557118363678455,-1,-0.013557118363678455,-0.08828353823628277,,,,0,-135.57118363678455,-0.00015819864347577095,-0.07349137961864471,0.029762307181954384,-0.26792465922922915
2008-11-10,fold_1,GFC peak crash (Lehman + Mar-2009 bottom),0.03149385750293732,1,-0.022014662623405457,-1,-0.022014662623405457,-0.11029820085968822,,,,0,-220.14662623405457,-0.008816363289952278,-0.08120820671319962,0.03149385750293732,-0.5036393665804041
2008-11-11,fold_1,GFC peak crash (Lehman + Mar-2009 bottom),0.02853606827557087,1,-0.04728014022111893,-1,-0.04728014022111893,-0.15757834108080715,,,,0,-472.80140221118927,-0.019223574548959732,-0.060251399874687195,0.02853606827557087,-1.1031007637312877
2008-11-12,fold_1,GFC peak crash (Lehman + Mar-2009 bottom),0.027112914249300957,1,0.05916894972324371,1,0.05916894972324371,-0.09840939135756344,,,,1,591.6894972324371,-0.01118115708231926,-0.06660705804824829,0.027112914249300957,1.5233259617194848
2008-11-13,fold_1,GFC peak crash (Lehman + Mar-2009 bottom),0.02221755124628544,1,-0.04980840906500816,-1,-0.04980840906500816,-0.1482178004225716,,,,0,-498.08409065008163,0.00548775726929307,-0.1753859519958496,0.02221755124628544,-1.2675075099672721
2008-11-14,fold_1,GFC peak crash (Lehman + Mar-2009 bottom),0.025000160560011864,1,-0.02127394825220108,-1,-0.02127394825220108,-0.16949174867477268,,,,0,-212.7394825220108,-0.0010736114345490932,-0.0830669030547142,0.025000160560011864,-0.5208683941068185
2008-11-17,fold_1,GFC peak crash (Lehman + Mar-2009 bottom),0.029097994789481163,1,-0.001057852292433381,-1,-0.001057852292433381,-0.17054960096720606,,,,0,-10.57852292433381,-0.012013588100671768,-0.0024704299867153168,0.029097994789481163,-0.02601861775965601
2008-11-18,fold_1,GFC peak crash (Lehman + Mar-2009 bottom),0.029627172276377678,1,-0.05363579839468002,-1,-0.05363579839468002,-0.22418539936188608,,,,0,-536.3579839468002,0.0010522138327360153,-0.0060164593160152435,0.029627172276377678,-1.3795502580863528
2008-11-19,fold_1,GFC peak crash (Lehman + Mar-2009 bottom),0.025170398876070976,1,-0.049609940499067307,-1,-0.049609940499067307,-0.2737953398609534,,,,0,-496.09940499067307,-0.0061681801453232765,0.08865413069725037,0.025170398876070976,-1.234032731259152
2008-11-20,fold_1,GFC peak crash (Lehman + Mar-2009 bottom),0.018872490152716637,1,0.042510632425546646,1,0.042510632425546646,-0.23128470743540674,,,,1,425.10632425546646,0.0077319820411503315,0.13039687275886536,0.018872490152716637,1.0195702067929981
2008-11-21,fold_1,GFC peak crash (Lehman + Mar-2009 bottom),0.006881160661578178,1,0.059322528541088104,1,0.059322528541088104,-0.17196217889431864,,,,1,593.225285410881,-0.00024565355852246284,0.009702088311314583,0.006881160661578178,1.4078845529535253
2008-11-24,fold_1,GFC peak crash (Lehman + Mar-2009 bottom),0.008478580042719841,1,-0.0046038818545639515,-1,-0.0046038818545639515,-0.1765660607488826,,,,0,-46.038818545639515,-0.010941296815872192,-0.016746971756219864,0.008478580042719841,-0.10529690246968396
2008-11-25,fold_1,GFC peak crash (Lehman + Mar-2009 bottom),0.042348287999629974,1,0.04103479161858559,1,0.04103479161858559,-0.135531269130297,,,,1,410.34791618585587,0.041243601590394974,0.015847941860556602,0.042348287999629974,1.111254334073887
2008-11-26,fold_1,GFC peak crash (Lehman + Mar-2009 bottom),0.012524807825684547,1,-0.007867200300097466,-1,-0.007867200300097466,-0.14339846943039447,,,,0,-78.67200300097466,-0.009944292716681957,-0.053896866738796234,0.012524807825684547,-0.2067849103956423
2008-11-28,fold_1,GFC peak crash (Lehman + Mar-2009 bottom),0.01604280062019825,1,-0.07818415015935898,-1,-0.07818415015935898,-0.22158261958975345,,,,0,-781.8415015935898,-0.00091124651953578,-0.0062005408108234406,0.01604280062019825,-2.0920149030097552
2008-12-01,fold_1,GFC peak crash (Lehman + Mar-2009 bottom),0.030912557616829872,1,0.03287346661090851,1,0.03287346661090851,-0.18870915297884494,,,,1,328.7346661090851,0.02593064121901989,0.11061938107013702,0.030912557616829872,0.7967744531761531
2008-12-02,fold_1,GFC peak crash (Lehman + Mar-2009 bottom),0.034945227205753326,1,0.027991032227873802,1,0.027991032227873802,-0.16071812075097114,,,,1,279.910322278738,0.04711180180311203,0.07541601359844208,0.034945227205753326,0.6679611691128471
2008-12-03,fold_1,GFC peak crash (Lehman + Mar-2009 bottom),0.030400877818465233,1,-0.0287100151181221,-1,-0.0287100151181221,-0.18942813586909324,,,,0,-287.100151181221,0.0377357192337513,0.04408736154437065,0.030400877818465233,-0.6850921338906252
2008-12-04,fold_1,GFC peak crash (Lehman + Mar-2009 bottom),0.04588117450475693,1,0.03982912749052048,1,0.03982912749052048,-0.14959900837857276,,,,1,398.2912749052048,0.02322258986532688,0.04499876871705055,0.04588117450475693,0.9793462647053741
2008-12-05,fold_1,GFC peak crash (Lehman + Mar-2009 bottom),0.04345732927322388,1,0.03863576799631119,1,0.03863576799631119,-0.11096324038226157,,,,1,386.3576799631119,0.016544369980692863,0.025248471647500992,0.04345732927322388,0.9573386069605946
2008-12-08,fold_1,GFC peak crash (Lehman + Mar-2009 bottom),0.0006482060998678207,1,-0.0023298992309719324,-1,-0.0023298992309719324,-0.1132931396132335,,,,0,-23.298992309719324,-0.03191739320755005,-0.031062552705407143,0.0006482060998678207,-0.05680074135595529
2008-12-09,fold_1,GFC peak crash (Lehman + Mar-2009 bottom),0.024225378409028053,1,-0.0033376188948750496,-1,-0.0033376188948750496,-0.11663075850810856,,,,0,-33.376188948750496,-0.009077562019228935,0.018161559477448463,0.024225378409028053,-0.08158449891293568
2008-12-10,fold_1,GFC peak crash (Lehman + Mar-2009 bottom),0.006329381838440895,1,-0.0277986079454422,-1,-0.0277986079454422,-0.14442936645355076,,,,0,-277.986079454422,0.0037054033018648624,0.009317740797996521,0.006329381838440895,-0.6843648104632636
2008-12-11,fold_1,GFC peak crash (Lehman + Mar-2009 bottom),-0.0026903506368398666,-1,0.020078828558325768,1,-0.020078828558325768,-0.16450819501187652,,,,0,-200.78828558325768,-0.011377270333468914,0.019404899328947067,-0.0026903506368398666,0.505647258021963
2008-12-12,fold_1,GFC peak crash (Lehman + Mar-2009 bottom),0.01805311255156994,1,-0.017675256356596947,-1,-0.017675256356596947,-0.18218345136847347,,,,0,-176.75256356596947,-0.00494172889739275,0.007497432641685009,0.01805311255156994,-0.4687346241071723
2008-12-15,fold_1,GFC peak crash (Lehman + Mar-2009 bottom),0.01862541399896145,1,0.04689421504735947,1,0.04689421504735947,-0.135289236321114,,,,1,468.94215047359467,0.017317304387688637,0.003164258087053895,0.01862541399896145,1.2939084794448272
2008-12-16,fold_1,GFC peak crash (Lehman + Mar-2009 bottom),0.007623961195349693,1,-0.012181437574326992,-1,-0.012181437574326992,-0.147470673895441,,,,0,-121.81437574326992,-0.0014754543080925941,-0.04887895658612251,0.007623961195349693,-0.32546634396738044
2008-12-17,fold_1,GFC peak crash (Lehman + Mar-2009 bottom),0.014625174924731255,1,-0.017711449414491653,-1,-0.017711449414491653,-0.16518212330993265,,,,0,-177.11449414491653,0.007180445361882448,-0.033948201686143875,0.014625174924731255,-0.4719795642427665
2008-12-18,fold_1,GFC peak crash (Lehman + Mar-2009 bottom),0.033845849335193634,1,0.008171360939741135,1,0.008171360939741135,-0.15701076237019151,,,,1,81.71360939741135,0.025399846956133842,-0.01657971180975437,0.033845849335193634,0.22839322156023914
2008-12-19,fold_1,GFC peak crash (Lehman + Mar-2009 bottom),0.03380397707223892,1,-0.02200843021273613,-1,-0.02200843021273613,-0.17901919258292764,,,,0,-220.0843021273613,0.026484014466404915,-0.03302434831857681,0.03380397707223892,-0.6461012592114418
2008-12-22,fold_1,GFC peak crash (Lehman + Mar-2009 bottom),0.0198191087692976,1,-0.005149002652615309,-1,-0.005149002652615309,-0.18416819523554295,,,,0,-51.49002652615309,0.021984823048114777,0.009539843536913395,0.0198191087692976,-0.1556607008643919
2008-12-23,fold_1,GFC peak crash (Lehman + Mar-2009 bottom),0.020748132839798927,1,0.0027493173256516457,1,0.0027493173256516457,-0.1814188779098913,,,,1,27.493173256516457,-0.0002572168596088886,0.0231305118650198,0.020748132839798927,0.09066467300399882
2008-12-24,fold_1,GFC peak crash (Lehman + Mar-2009 bottom),0.010883437469601631,1,-0.0003429576463531703,-1,-0.0003429576463531703,-0.18176183555624448,,,,0,-3.4295764635317028,-0.025960924103856087,0.06284288316965103,0.010883437469601631,-0.01131396397522408
2008-12-26,fold_1,GFC peak crash (Lehman + Mar-2009 bottom),0.00717574916779995,1,-0.008273275569081306,-1,-0.008273275569081306,-0.19003511112532578,,,,0,-82.73275569081306,-0.03175383433699608,0.06286349147558212,0.00717574916779995,-0.28636381278925166
2008-12-29,fold_1,GFC peak crash (Lehman + Mar-2009 bottom),0.0022866036742925644,1,0.020555762574076653,1,0.020555762574076653,-0.16947934855124913,,,,1,205.55762574076653,-0.034230880439281464,0.08108048141002655,0.0022866036742925644,0.7113592667332982
2008-12-30,fold_1,GFC peak crash (Lehman + Mar-2009 bottom),-0.009403152391314507,-1,0.008441665209829807,1,-0.008441665209829807,-0.17792101376107894,,,,0,-84.41665209829807,-0.030857767909765244,0.0317063182592392,-0.009403152391314507,0.359792261687734
2008-12-31,fold_1,GFC peak crash (Lehman + Mar-2009 bottom),-0.004958918318152428,-1,0.042461689561605453,1,-0.042461689561605453,-0.2203827033226844,,,,0,-424.61689561605453,-0.05527392029762268,0.033722203224897385,-0.004958918318152428,1.8988990613166399
2009-01-02,fold_1,GFC peak crash (Lehman + Mar-2009 bottom),0.012115417048335075,1,-0.00032235000981017947,-1,-0.00032235000981017947,-0.22070505333249457,,,,0,-3.2235000981017947,-0.01049373485147953,-0.03142658993601799,0.012115417048335075,-0.013732587060522822
2009-01-05,fold_1,GFC peak crash (Lehman + Mar-2009 bottom),0.013883093371987343,1,0.00994371809065342,1,0.00994371809065342,-0.21076133524184115,,,,1,99.4371809065342,-0.019755342975258827,-0.04956405982375145,0.013883093371987343,0.440405604963444
2009-01-06,fold_1,GFC peak crash (Lehman + Mar-2009 bottom),0.010550199076533318,1,-0.028818404302001,-1,-0.028818404302001,-0.23957973954384215,,,,0,-288.18404302001,0.0017155082896351814,-0.0591689758002758,0.010550199076533318,-1.38107552841447
2009-01-07,fold_1,GFC peak crash (Lehman + Mar-2009 bottom),0.009738901630043983,1,0.010457552038133144,1,0.010457552038133144,-0.229122187505709,,,,1,104.57552038133144,0.00527925556525588,-0.06130253151059151,0.009738901630043983,0.5213772021956417
2009-01-08,fold_1,GFC peak crash (Lehman + Mar-2009 bottom),0.007110683247447014,1,-0.02268710546195507,-1,-0.02268710546195507,-0.2518092929676641,,,,0,-226.8710546195507,0.001563612837344408,-0.05547646805644035,0.007110683247447014,-1.123864984696404
2009-01-09,fold_1,GFC peak crash (Lehman + Mar-2009 bottom),-0.007173001766204834,-1,-0.018459821119904518,-1,0.018459821119904518,-0.23334947184775956,,,,1,184.59821119904518,-0.02506895177066326,-0.021853338927030563,-0.007173001766204834,-0.8874499725674849
2009-01-12,fold_1,GFC peak crash (Lehman + Mar-2009 bottom),-0.000643707811832428,-1,0.00033880159026011825,1,-0.00033880159026011825,-0.23368827343801968,,,,0,-3.3880159026011825,-0.0294920913875103,-0.05429340526461601,-0.000643707811832428,0.016710213945114464
2009-01-13,fold_1,GFC peak crash (Lehman + Mar-2009 bottom),-0.005372671410441399,-1,-0.030951958149671555,-1,0.030951958149671555,-0.20273631528834812,,,,1,309.51958149671555,-0.04091814160346985,-0.012951979413628578,-0.005372671410441399,-1.5654513740687834
2009-01-14,fold_1,GFC peak crash (Lehman + Mar-2009 bottom),0.0014145169407129288,1,0.016283614560961723,1,0.016283614560961723,-0.1864527007273864,,,,1,162.83614560961723,-0.03020153008401394,0.0045303646475076675,0.0014145169407129288,0.7915411764355298
2009-01-15,fold_1,GFC peak crash (Lehman + Mar-2009 bottom),-0.0022298749536275864,-1,0.01093602366745472,1,-0.01093602366745472,-0.19738872439484112,,,,0,-109.3602366745472,-0.019049206748604774,-0.006897205486893654,-0.0022298749536275864,0.6052141544043578
2009-01-16,fold_1,GFC peak crash (Lehman + Mar-2009 bottom),-0.01752794347703457,-1,-0.05089988932013512,-1,0.05089988932013512,-0.146488835074706,,,,1,508.99889320135117,-0.027515623718500137,-0.010592788457870483,-0.01752794347703457,-2.823098035338528
2009-01-20,fold_1,GFC peak crash (Lehman + Mar-2009 bottom),-0.0006021596491336823,-1,0.0416802279651165,1,-0.0416802279651165,-0.1881690630398225,,,,0,-416.802279651165,-0.026753176003694534,0.04749481379985809,-0.0006021596491336823,1.9894501200614343
2009-01-21,fold_1,GFC peak crash (Lehman + Mar-2009 bottom),-0.010718191042542458,-1,-0.013469614088535309,-1,0.013469614088535309,-0.1746994489512872,,,,1,134.6961408853531,-0.042890340089797974,0.04034192115068436,-0.010718191042542458,-0.5892937199583155
2009-01-22,fold_1,GFC peak crash (Lehman + Mar-2009 bottom),0.002298688516020775,1,0.004856044892221689,1,0.004856044892221689,-0.1698434040590655,,,,1,48.56044892221689,-0.01238252129405737,0.02811305969953537,0.002298688516020775,0.21559962684167613
2009-01-23,fold_1,GFC peak crash (Lehman + Mar-2009 bottom),-0.01567436009645462,-1,0.00724044069647789,1,-0.00724044069647789,-0.1770838447555434,,,,0,-72.4044069647789,-0.043599601835012436,0.005520956590771675,-0.01567436009645462,0.32150893117112656
2009-01-26,fold_1,GFC peak crash (Lehman + Mar-2009 bottom),-2.261623740196228e-05,-1,0.007187714800238609,1,-0.007187714800238609,-0.184271559555782,,,,0,-71.8771480023861,-0.03049546852707863,0.01025271974503994,-2.261623740196228e-05,0.318464132859641
2009-01-27,fold_1,GFC peak crash (Lehman + Mar-2009 bottom),0.02424544282257557,1,0.034527335315942764,1,0.034527335315942764,-0.14974422423983924,,,,1,345.27335315942764,-0.04147881269454956,0.018584955483675003,0.02424544282257557,1.5259379429002036
2009-01-28,fold_1,GFC peak crash (Lehman + Mar-2009 bottom),0.00932362861931324,1,-0.025698475539684296,-1,-0.025698475539684296,-0.17544269977952354,,,,0,-256.98475539684296,-0.03515966609120369,-0.01460401713848114,0.00932362861931324,-1.0781286776485335
2009-01-29,fold_1,GFC peak crash (Lehman + Mar-2009 bottom),0.019632091745734215,1,-0.017736058682203293,-1,-0.017736058682203293,-0.19317875846172683,,,,0,-177.36058682203293,-0.028076570481061935,0.032920949161052704,0.019632091745734215,-0.7364133233704658
2009-01-30,fold_1,GFC peak crash (Lehman + Mar-2009 bottom),0.031842418015003204,1,0.011972203850746155,1,0.011972203850746155,-0.18120655461098067,,,,1,119.72203850746155,-0.01943052001297474,0.07648946344852448,0.031842418015003204,0.4919620198706491
2009-02-02,fold_1,GFC peak crash (Lehman + Mar-2009 bottom),0.03224211186170578,1,0.015519951470196247,1,0.015519951470196247,-0.16568660314078443,,,,1,155.19951470196247,-0.030604079365730286,0.06865273416042328,0.03224211186170578,0.6877479031448788
2009-02-03,fold_1,GFC peak crash (Lehman + Mar-2009 bottom),0.026109522208571434,1,0.0013383622281253338,1,0.0013383622281253338,-0.1643482409126591,,,,1,13.383622281253338,-0.023634210228919983,0.015612514689564705,0.026109522208571434,0.05861908332521261
2009-02-04,fold_1,GFC peak crash (Lehman + Mar-2009 bottom),0.020745450630784035,1,0.021826492622494698,1,0.021826492622494698,-0.1425217482901644,,,,1,218.26492622494698,-0.03063964657485485,0.009649120271205902,0.020745450630784035,0.9604636281767396
2009-02-05,fold_1,GFC peak crash (Lehman + Mar-2009 bottom),0.012224866077303886,1,0.02583245187997818,1,0.02583245187997818,-0.11668929641018622,,,,1,258.3245187997818,-0.059369638562202454,0.0,0.012224866077303886,1.1567459466344763
2009-02-06,fold_1,GFC peak crash (Lehman + Mar-2009 bottom),0.015068942680954933,1,0.004135478753596544,1,0.004135478753596544,-0.11255381765658967,,,,1,41.35478753596544,-0.02445530705153942,-0.030422896146774292,0.015068942680954933,0.18020994654689176
2009-02-09,fold_1,GFC peak crash (Lehman + Mar-2009 bottom),0.004203362390398979,1,-0.03752027079463005,-1,-0.03752027079463005,-0.15007408845121972,,,,0,-375.2027079463005,-0.0144208874553442,-0.07513406872749329,0.004203362390398979,-1.6750522774946477
2009-02-10,fold_1,GFC peak crash (Lehman + Mar-2009 bottom),0.0014582853764295578,1,-0.004625031724572182,-1,-0.004625031724572182,-0.1546991201757919,,,,0,-46.25031724572182,-0.014404123649001122,-0.03692920506000519,0.0014582853764295578,-0.1963064211528487
2009-02-11,fold_1,GFC peak crash (Lehman + Mar-2009 bottom),0.00384310819208622,1,0.01217737141996622,1,0.01217737141996622,-0.14252174875582568,,,,1,121.77371419966221,-0.0200665146112442,-0.04781389608979225,0.00384310819208622,0.5163659305223878
2009-02-12,fold_1,GFC peak crash (Lehman + Mar-2009 bottom),0.007482392713427544,1,-0.004590444266796112,-1,-0.004590444266796112,-0.1471121930226218,,,,0,-45.90444266796112,-0.028777049854397774,-0.057216279208660126,0.007482392713427544,-0.20214900412444273
2009-02-13,fold_1,GFC peak crash (Lehman + Mar-2009 bottom),0.01627872698009014,1,-0.04057569429278374,-1,-0.04057569429278374,-0.18768788731540553,,,,0,-405.7569429278374,-0.058498408645391464,-0.08823682367801666,0.01627872698009014,-1.8083558163302977
2009-02-17,fold_1,GFC peak crash (Lehman + Mar-2009 bottom),0.020627399906516075,1,0.000684593163896352,1,0.000684593163896352,-0.18700329415150918,,,,1,6.8459316389635205,-0.04061159864068031,-0.015172178857028484,0.020627399906516075,0.02843112078509613
2009-02-18,fold_1,GFC peak crash (Lehman + Mar-2009 bottom),0.01863826997578144,1,-0.015509720891714096,-1,-0.015509720891714096,-0.20251301504322328,,,,0,-155.09720891714096,-0.04501941055059433,-0.022480914369225502,0.01863826997578144,-0.7309061935277794
2009-02-19,fold_1,GFC peak crash (Lehman + Mar-2009 bottom),0.018888747319579124,1,0.002774988068267703,1,0.002774988068267703,-0.19973802697495557,,,,1,27.74988068267703,-0.035312894731760025,-0.03535139560699463,0.018888747319579124,0.14321432013255497
2009-02-20,fold_1,GFC peak crash (Lehman + Mar-2009 bottom),0.01182701624929905,1,-0.03561098873615265,-1,-0.03561098873615265,-0.23534901571110822,,,,0,-356.1098873615265,-0.01850842498242855,-0.04752684384584427,0.01182701624929905,-1.8594837500008825
2009-02-23,fold_1,GFC peak crash (Lehman + Mar-2009 bottom),0.017038898542523384,1,0.032488949596881866,1,0.032488949596881866,-0.20286006611422636,,,,1,324.88949596881866,-0.019708912819623947,-0.04477813467383385,0.017038898542523384,1.5686010459481285
2009-02-24,fold_1,GFC peak crash (Lehman + Mar-2009 bottom),0.026719512417912483,1,-0.00662414263933897,-1,-0.00662414263933897,-0.20948420875356533,,,,0,-66.2414263933897,-0.047619618475437164,-0.0780186802148819,0.026719512417912483,-0.3026191429693795
2009-02-25,fold_1,GFC peak crash (Lehman + Mar-2009 bottom),0.01915115676820278,1,-0.028380202129483223,-1,-0.028380202129483223,-0.23786441088304855,,,,0,-283.80202129483223,-0.04867580905556679,-0.04507232457399368,0.01915115676820278,-1.2970558461101405
2009-02-26,fold_1,GFC peak crash (Lehman + Mar-2009 bottom),0.024203984066843987,1,-0.009400458075106144,-1,-0.009400458075106144,-0.2472648689581547,,,,0,-94.00458075106144,-0.03960737958550453,-0.04715467616915703,0.024203984066843987,-0.4385750530238969
2009-02-27,fold_1,GFC peak crash (Lehman + Mar-2009 bottom),0.0238774623721838,1,-0.03286227956414223,-1,-0.03286227956414223,-0.2801271485222969,,,,0,-328.6227956414223,-0.019292622804641724,-0.045707352459430695,0.0238774623721838,-1.5832543341428431
2009-03-02,fold_1,GFC peak crash (Lehman + Mar-2009 bottom),0.025297081097960472,1,-0.000751598970964551,-1,-0.000751598970964551,-0.28087874749326147,,,,0,-7.51598970964551,-0.006572824437171221,-0.03436747193336487,0.025297081097960472,-0.034702426339665096
2009-03-03,fold_1,GFC peak crash (Lehman + Mar-2009 bottom),0.03217519819736481,1,0.026322215795516968,1,0.026322215795516968,-0.2545565316977445,,,,1,263.2221579551697,0.0016757999546825886,0.026322215795516968,0.03217519819736481,1.2246895328254972
2009-03-04,fold_1,GFC peak crash (Lehman + Mar-2009 bottom),0.019041890278458595,1,-0.030462555587291718,-1,-0.030462555587291718,-0.2850190872850362,,,,0,-304.6255558729172,-0.0029408643022179604,0.015251108445227146,0.019041890278458595,-1.3838793595797154
2009-03-05,fold_1,GFC peak crash (Lehman + Mar-2009 bottom),0.01921951211988926,1,-0.007953135296702385,-1,-0.007953135296702385,-0.2929722225817386,,,,0,-79.53135296702385,0.0022366493940353394,0.0783289447426796,0.01921951211988926,-0.34518343722180445
2009-03-06,fold_1,GFC peak crash (Lehman + Mar-2009 bottom),0.027497107163071632,1,-0.0215223990380764,-1,-0.0215223990380764,-0.314494621619815,,,,0,-215.223990380764,0.002683883998543024,0.08872090280056,0.027497107163071632,-0.9528420129139734
2009-03-09,fold_1,GFC peak crash (Lehman + Mar-2009 bottom),0.030172789469361305,1,0.059938088059425354,1,0.059938088059425354,-0.25455653356038965,,,,1,599.3808805942535,-0.009437479078769684,0.093400739133358,0.030172789469361305,2.6805293227550755
2009-03-10,fold_1,GFC peak crash (Lehman + Mar-2009 bottom),0.024792490527033806,1,0.015251108445227146,1,0.015251108445227146,-0.2393054251151625,,,,1,152.51108445227146,-0.03467375040054321,0.07062570750713348,0.024792490527033806,0.5853840661056128
2009-03-11,fold_1,GFC peak crash (Lehman + Mar-2009 bottom),0.009853677824139595,1,0.03261528164148331,1,0.03261528164148331,-0.2066901434736792,,,,1,326.15281641483307,-0.02351546846330166,0.0679113119840622,0.009853677824139595,1.3098519365463446
2009-03-12,fold_1,GFC peak crash (Lehman + Mar-2009 bottom),0.003749484196305275,1,0.0024388229940086603,1,0.0024388229940086603,-0.20425132047967054,,,,1,24.388229940086603,-0.02793371118605137,0.03462249040603638,0.003749484196305275,0.09407075065924828
2009-03-13,fold_1,GFC peak crash (Lehman + Mar-2009 bottom),0.0012741442769765854,1,-0.016842564567923546,-1,-0.016842564567923546,-0.22109388504759409,,,,0,-168.42564567923546,-0.013301709666848183,0.0168460663408041,0.0012741442769765854,-0.6531217118920715
2009-03-16,fold_1,GFC peak crash (Lehman + Mar-2009 bottom),0.003933249041438103,1,0.037163060158491135,1,0.037163060158491135,-0.18393082488910295,,,,1,371.63060158491135,-0.007446402218192816,0.09096124023199081,0.003933249041438103,1.4270914904074783
2009-03-17,fold_1,GFC peak crash (Lehman + Mar-2009 bottom),0.005212714895606041,1,0.012536708265542984,1,0.012536708265542984,-0.17139411662355997,,,,1,125.36708265542984,-0.008871073834598064,0.03517917916178703,0.005212714895606041,0.48619827721992376
2009-03-18,fold_1,GFC peak crash (Lehman + Mar-2009 bottom),-0.003608664497733116,-1,-0.000673539936542511,-1,0.000673539936542511,-0.17072057668701746,,,,1,6.73539936542511,-0.012442884035408497,0.02724788524210453,-0.003608664497733116,-0.025968645943417606
2009-03-19,fold_1,GFC peak crash (Lehman + Mar-2009 bottom),0.005795588716864586,1,-0.015337600372731686,-1,-0.015337600372731686,-0.18605817705974914,,,,0,-153.37600372731686,-0.0016536095645278692,0.05830502137541771,0.005795588716864586,-0.5966964858352954
2009-03-20,fold_1,GFC peak crash (Lehman + Mar-2009 bottom),0.014620883390307426,1,0.05727260932326317,1,0.05727260932326317,-0.12878556773648597,,,,1,572.7260932326317,0.01456538587808609,0.05468008294701576,0.014620883390307426,2.2092033033287364
2009-03-23,fold_1,GFC peak crash (Lehman + Mar-2009 bottom),0.00419454462826252,1,-0.018618999049067497,-1,-0.018618999049067497,-0.14740456678555347,,,,0,-186.18999049067497,-0.004946176894009113,-0.027560722082853317,0.00419454462826252,-0.6698162405411248
2009-03-24,fold_1,GFC peak crash (Lehman + Mar-2009 bottom),0.002121279016137123,1,0.0046054162085056305,1,0.0046054162085056305,-0.14279915057704784,,,,1,46.054162085056305,0.005534499417990446,-0.00033004675060510635,0.002121279016137123,0.16961509548873643
2009-03-25,fold_1,GFC peak crash (Lehman + Mar-2009 bottom),-0.0016595236957073212,-1,0.03038359433412552,1,-0.03038359433412552,-0.17318274491117336,,,,0,-303.8359433412552,-0.006216266192495823,0.00979765597730875,-0.0016595236957073212,1.1198733440510578
2009-03-26,fold_1,GFC peak crash (Lehman + Mar-2009 bottom),-0.004424994811415672,-1,-0.018962539732456207,-1,0.018962539732456207,-0.15422020517871715,,,,1,189.62539732456207,-0.005530227907001972,0.011081703938543797,-0.004424994811415672,-0.6961401824098795
2009-03-27,fold_1,GFC peak crash (Lehman + Mar-2009 bottom),0.0015147719532251358,1,-0.024968193843960762,-1,-0.024968193843960762,-0.1791883990226779,,,,0,-249.68193843960762,0.0002541751600801945,0.048450127243995667,0.0015147719532251358,-0.9083529903405672
2009-03-30,fold_1,GFC peak crash (Lehman + Mar-2009 bottom),0.001657159999012947,1,0.008611675351858139,1,0.008611675351858139,-0.17057672367081977,,,,1,86.11675351858139,0.003905832301825285,0.0709424838423729,0.001657159999012947,0.31813871412694694
2011-09-15,fold_2,2011 US-downgrade + EU debt,-0.003726659342646599,-1,0.009124577045440674,1,-0.009124577045440674,-0.009124577045440674,,,,0,-91.24577045440674,0.00012687081471085548,-0.04553168639540672,-0.003726659342646599,0.4347056708931124
2011-09-16,fold_2,2011 US-downgrade + EU debt,0.007551154121756554,1,0.0003535690775606781,1,0.0003535690775606781,-0.008771007967879996,,,,1,3.5356907756067812,0.009613707661628723,-0.04407443106174469,0.007551154121756554,0.01982427670138496
2011-09-19,fold_2,2011 US-downgrade + EU debt,-0.0010708961635828018,-1,-0.004426280502229929,-1,0.004426280502229929,-0.004344727465650067,,,,1,44.26280502229929,0.011935703456401825,-0.032860659062862396,-0.0010708961635828018,-0.2549162745851953
2011-09-20,fold_2,2011 US-downgrade + EU debt,0.0009075496345758438,1,-0.01754116453230381,-1,-0.01754116453230381,-0.021885891997953877,,,,0,-175.4116453230381,0.011112947016954422,-0.018082918599247932,0.0009075496345758438,-1.0096621780694353
2011-09-21,fold_2,2011 US-downgrade + EU debt,-0.0005571916699409485,-1,-0.033042386174201965,-1,0.033042386174201965,0.011156494176248088,,,,1,330.42386174201965,0.001013957429677248,-0.015467620454728603,-0.0005571916699409485,-2.152660066156558
2011-09-22,fold_2,2011 US-downgrade + EU debt,0.0070459190756082535,1,0.010581832379102707,1,0.010581832379102707,0.021738326555350795,,,,1,105.81832379102707,-0.004598150495439768,0.005583454854786396,0.0070459190756082535,0.6244651039168694
2011-09-23,fold_2,2011 US-downgrade + EU debt,0.007103657349944115,1,0.011567340232431889,1,0.011567340232431889,0.033305666787782684,,,,1,115.67340232431889,-0.0036446498706936836,-0.031135154888033867,0.007103657349944115,0.6922635135380182
2011-09-26,fold_2,2011 US-downgrade + EU debt,0.010048231109976768,1,0.010351460427045822,1,0.010351460427045822,0.043657127214828506,,,,1,103.51460427045822,0.009472476318478584,-0.06875809282064438,0.010048231109976768,0.647964709418546
2011-09-27,fold_2,2011 US-downgrade + EU debt,0.014501312747597694,1,-0.014925866387784481,-1,-0.014925866387784481,0.028731260827044025,,,,0,-149.2586638778448,0.01596231944859028,-0.058785609900951385,0.014501312747597694,-0.9999033511891946
2011-09-28,fold_2,2011 US-downgrade + EU debt,0.01577315293252468,1,-0.011991309933364391,-1,-0.011991309933364391,0.016739950893679634,,,,0,-119.91309933364391,0.007672891486436129,-0.018508419394493103,0.01577315293252468,-0.7875993579204961
2011-09-29,fold_2,2011 US-downgrade + EU debt,0.011062739416956902,1,-0.02613677829504013,-1,-0.02613677829504013,-0.009396827401360497,,,,0,-261.3677829504013,0.0021673678420484066,0.010155943222343922,0.011062739416956902,-1.691140593132799
2011-09-30,fold_2,2011 US-downgrade + EU debt,0.021671360358595848,1,-0.02605559676885605,-1,-0.02605559676885605,-0.035452424170216545,,,,0,-260.5559676885605,0.007288780529052019,0.029656758531928062,0.021671360358595848,-1.5890624264028668
2011-10-03,fold_2,2011 US-downgrade + EU debt,0.01932448334991932,1,0.020323943346738815,1,0.020323943346738815,-0.01512848082347773,,,,1,203.23943346738815,0.0103569645434618,0.08971229940652847,0.01932448334991932,1.2264255117918808
2011-10-04,fold_2,2011 US-downgrade + EU debt,0.02500845678150654,1,0.025351323187351227,1,0.025351323187351227,0.010222842363873497,,,,1,253.51323187351227,0.015010183677077293,0.07615866512060165,0.02500845678150654,1.4753303773046933
2011-10-05,fold_2,2011 US-downgrade + EU debt,0.02071540243923664,1,0.016673052683472633,1,0.016673052683472633,0.02689589504734613,,,,1,166.73052683472633,0.0016418728046119213,0.05576667934656143,0.02071540243923664,0.9689172428878959
2011-10-06,fold_2,2011 US-downgrade + EU debt,0.01683328114449978,1,-0.006635963451117277,-1,-0.006635963451117277,0.020259931596228853,,,,0,-66.35963451117277,-0.01723593659698963,0.04823896661400795,0.01683328114449978,-0.37753096585769524
2011-10-07,fold_2,2011 US-downgrade + EU debt,0.009263990446925163,1,0.03399994224309921,1,0.03399994224309921,0.054259873839328066,,,,1,339.9994224309921,-0.013518931344151497,0.07326241582632065,0.009263990446925163,2.0109698426755127
2011-10-10,fold_2,2011 US-downgrade + EU debt,0.018567519262433052,1,0.006770310457795858,1,0.006770310457795858,0.061030184297123924,,,,1,67.70310457795858,-4.9802474677562714e-05,0.023672057315707207,0.018567519262433052,0.36958041822768833
2011-10-11,fold_2,2011 US-downgrade + EU debt,0.014635855332016945,1,0.004959336947649717,1,0.004959336947649717,0.06598952124477364,,,,1,49.59336947649717,0.011127972975373268,0.029220879077911377,0.014635855332016945,0.27339337368955224
2011-10-12,fold_2,2011 US-downgrade + EU debt,0.014444435015320778,1,0.009145340882241726,1,0.009145340882241726,0.07513486212701537,,,,1,91.45340882241726,0.010394424200057983,0.004759124014526606,0.014444435015320778,0.5110648573448996
2011-10-13,fold_2,2011 US-downgrade + EU debt,0.005598599091172218,1,0.018387483432888985,1,0.018387483432888985,0.09352234555990435,,,,1,183.87483432888985,0.008813148364424706,-0.00932210311293602,0.005598599091172218,1.0383404829196792
2011-10-14,fold_2,2011 US-downgrade + EU debt,0.013225151225924492,1,-0.015590416267514229,-1,-0.015590416267514229,0.07793192929239012,,,,0,-155.9041626751423,0.011320874094963074,-0.015241407789289951,0.013225151225924492,-0.8630311332953978
2011-10-17,fold_2,2011 US-downgrade + EU debt,0.0006711464375257492,1,0.012319132685661316,1,0.012319132685661316,0.09025106197805144,,,,1,123.19132685661316,0.01145629771053791,0.02090400457382202,0.0006711464375257492,0.6695962803549923
2011-10-18,fold_2,2011 US-downgrade + EU debt,0.00537826307117939,1,-0.019502418115735054,-1,-0.019502418115735054,0.07074864386231638,,,,0,-195.02418115735054,0.007304574828594923,-0.011272321455180645,0.00537826307117939,-1.0498388879697274
2011-10-19,fold_2,2011 US-downgrade + EU debt,-0.008607571944594383,-1,-0.004935885779559612,-1,0.004935885779559612,0.075684529641876,,,,1,49.35885779559612,0.0058256653137505054,0.007008848246186972,-0.008607571944594383,-0.26431722574440353
2011-10-20,fold_2,2011 US-downgrade + EU debt,-0.010740438476204872,-1,0.012468178756535053,1,-0.012468178756535053,0.06321635088534094,,,,0,-124.68178756535053,0.0033135884441435337,0.03915964812040329,-0.010740438476204872,0.7254950301428739
2011-10-21,fold_2,2011 US-downgrade + EU debt,-0.0013613216578960419,-1,0.02055499702692032,1,-0.02055499702692032,0.042661353858420625,,,,0,-205.5499702692032,0.004435679409652948,0.028219684958457947,-0.0013613216578960419,1.1916707960141402
2011-10-24,fold_2,2011 US-downgrade + EU debt,0.0021748151630163193,1,-0.019857194274663925,-1,-0.019857194274663925,0.0228041595837567,,,,0,-198.57194274663925,0.00013768021017313004,-0.009274552576243877,0.0021748151630163193,-1.1242654227451692
2011-10-25,fold_2,2011 US-downgrade + EU debt,-0.004304725676774979,-1,-0.0012212475994601846,-1,0.0012212475994601846,0.024025407183216885,,,,1,12.212475994601846,0.015303222462534904,-0.01582009345293045,-0.004304725676774979,-0.06760576848215083
2011-10-26,fold_2,2011 US-downgrade + EU debt,0.0015944894403219223,1,0.027214914560317993,1,0.027214914560317993,0.05124032174353488,,,,1,272.14914560317993,0.014323210343718529,-0.006130612455308437,0.0015944894403219223,1.5327721267443946
2011-10-27,fold_2,2011 US-downgrade + EU debt,0.009272722527384758,1,0.0015282155945897102,1,0.0015282155945897102,0.05276853733812459,,,,1,15.282155945897102,0.008388958871364594,-0.012826281599700451,0.009272722527384758,0.08226495855020724
2011-10-28,fold_2,2011 US-downgrade + EU debt,0.005739858373999596,1,-0.01693923957645893,-1,-0.01693923957645893,0.03582929776166566,,,,0,-169.3923957645893,0.010150551795959473,-0.019531505182385445,0.005739858373999596,-0.9604499301628657
2011-10-31,fold_2,2011 US-downgrade + EU debt,-0.003163551911711693,-1,-0.026402734220027924,-1,0.026402734220027924,0.06223203198169358,,,,1,264.02734220027924,0.022097308188676834,0.004476445727050304,-0.003163551911711693,-1.5465390044523744
2011-11-01,fold_2,2011 US-downgrade + EU debt,-0.007329367101192474,-1,0.008468233048915863,1,-0.008468233048915863,0.05376379893277772,,,,0,-84.68233048915863,0.019237007945775986,0.04232337325811386,-0.007329367101192474,0.48436570043620525
2011-11-02,fold_2,2011 US-downgrade + EU debt,-0.00420350581407547,-1,0.02051924541592598,1,-0.02051924541592598,0.03324455351685174,,,,0,-205.1924541592598,0.0018546856008470058,-0.0019340838771313429,-0.00420350581407547,1.2326345198031936
2011-11-03,fold_2,2011 US-downgrade + EU debt,-0.007482301443815231,-1,-0.005177008453756571,-1,0.005177008453756571,0.03842156197060831,,,,1,51.77008453756571,-0.0037968438118696213,-0.022981518879532814,-0.007482301443815231,-0.3070564506044192
2011-11-04,fold_2,2011 US-downgrade + EU debt,-0.003483060747385025,-1,0.007068710867315531,1,-0.007068710867315531,0.03135285110329278,,,,0,-70.68710867315531,-0.001824109349399805,0.0008646357455290854,-0.003483060747385025,0.4198931974338946
2011-11-07,fold_2,2011 US-downgrade + EU debt,-0.005157805979251862,-1,0.011444195173680782,1,-0.011444195173680782,0.019908655929611996,,,,0,-114.44195173680782,-0.002437193877995014,-0.012446429580450058,-0.005157805979251862,0.7577434176658022
2011-11-08,fold_2,2011 US-downgrade + EU debt,0.0020745787769556046,1,-0.03578922525048256,-1,-0.03578922525048256,-0.015880569320870563,,,,0,-357.8922525048256,0.003711508121341467,-0.012819630093872547,0.0020745787769556046,-2.3478716767528267
2011-11-09,fold_2,2011 US-downgrade + EU debt,-0.0059674326330423355,-1,-0.0005281896446831524,-1,0.0005281896446831524,-0.015352379676187411,,,,1,5.281896446831524,0.017850864678621292,0.006316989194601774,-0.0059674326330423355,-0.030743494779457137
2011-11-10,fold_2,2011 US-downgrade + EU debt,0.0013520140200853348,1,0.018669145181775093,1,0.018669145181775093,0.003316765505587682,,,,1,186.69145181775093,0.011051511391997337,-0.016872424632310867,0.0013520140200853348,1.0943993430677403
2011-11-11,fold_2,2011 US-downgrade + EU debt,0.0037414971739053726,1,-0.006242354400455952,-1,-0.006242354400455952,-0.0029255888948682696,,,,0,-62.42354400455952,-0.002887546084821224,-0.04327357932925224,0.0037414971739053726,-0.3656038217529387
2011-11-14,fold_2,2011 US-downgrade + EU debt,-0.005438599735498428,-1,0.011070994660258293,1,-0.011070994660258293,-0.013996583555126563,,,,0,-110.70994660258293,0.028533002361655235,-0.056350450962781906,-0.005438599735498428,0.660064405187602
2011-11-15,fold_2,2011 US-downgrade + EU debt,-0.0008655823767185211,-1,-0.016652606427669525,-1,0.016652606427669525,0.0026560228725429624,,,,1,166.52606427669525,0.008950838819146156,-0.06411396712064743,-0.0008655823767185211,-0.9954319296180413
2011-11-16,fold_2,2011 US-downgrade + EU debt,-0.007212864235043526,-1,-0.023717602714896202,-1,0.023717602714896202,0.026373625587439165,,,,1,237.17602714896202,0.01576470397412777,-0.07028059661388397,-0.007212864235043526,-1.4309837360810318
2011-11-17,fold_2,2011 US-downgrade + EU debt,0.0013092663139104843,1,-0.007732008118182421,-1,-0.007732008118182421,0.018641617469256744,,,,0,-77.32008118182421,0.010159451514482498,-0.05428644269704819,0.0013092663139104843,-0.44520972628588534
2011-11-18,fold_2,2011 US-downgrade + EU debt,0.007694700732827187,1,-0.01931922696530819,-1,-0.01931922696530819,-0.0006776094960514456,,,,0,-193.1922696530819,-0.013511920347809792,-0.012350264005362988,0.007694700732827187,-1.1213304566334896
2011-11-21,fold_2,2011 US-downgrade + EU debt,0.00948411412537098,1,0.003307477105408907,1,0.003307477105408907,0.0026298676093574613,,,,1,33.07477105408907,-0.013514328747987747,0.0007365956553258002,0.00948411412537098,0.1927749391665025
2011-11-22,fold_2,2011 US-downgrade + EU debt,0.015855999663472176,1,-0.022819234058260918,-1,-0.022819234058260918,-0.020189366448903456,,,,0,-228.19234058260918,-0.013544688001275063,0.03372405469417572,0.015855999663472176,-1.3755493653767066
2011-11-23,fold_2,2011 US-downgrade + EU debt,0.015013808384537697,1,-0.00772344833239913,-1,-0.00772344833239913,-0.027912814781302586,,,,0,-77.2344833239913,-0.005983924958854914,0.06343542039394379,0.015013808384537697,-0.4450522951381622
2011-11-25,fold_2,2011 US-downgrade + EU debt,0.018155677244067192,1,0.03420417010784149,1,0.03420417010784149,0.0062913553265389055,,,,1,342.0417010784149,-0.0012010219506919384,0.06833713501691818,0.018155677244067192,2.0928216108284197
2011-11-28,fold_2,2011 US-downgrade + EU debt,0.007872844114899635,1,-0.006232367362827063,-1,-0.006232367362827063,5.8987963711842895e-05,,,,0,-62.323673628270626,-0.017906855791807175,0.045023635029792786,0.007872844114899635,-0.3454483536275587
2011-11-29,fold_2,2011 US-downgrade + EU debt,0.02024579606950283,1,0.03629493713378906,1,0.03629493713378906,0.036353925097500905,,,,1,362.9493713378906,-0.03242509812116623,0.048457056283950806,0.02024579606950283,2.051226385858985
2011-11-30,fold_2,2011 US-downgrade + EU debt,0.011623838916420937,1,0.006892128381878138,1,0.006892128381878138,0.04324605347937904,,,,1,68.92128381878138,-0.018050668761134148,0.012162119150161743,0.011623838916420937,0.37154584442518823
2011-12-01,fold_2,2011 US-downgrade + EU debt,0.010650353506207466,1,-0.002821733010932803,-1,-0.002821733010932803,0.04042432046844624,,,,0,-28.21733010932803,-0.0002865889109671116,-0.011691782623529434,0.010650353506207466,-0.15238429575365461
2011-12-02,fold_2,2011 US-downgrade + EU debt,0.010709414258599281,1,0.010890672914683819,1,0.010890672914683819,0.05131499338313006,,,,1,108.90672914683819,0.00704266456887126,0.007039838936179876,0.010709414258599281,0.6066935826487395
2011-12-05,fold_2,2011 US-downgrade + EU debt,0.004603622481226921,1,-0.0027989486698061228,-1,-0.0027989486698061228,0.048516044713323936,,,,0,-27.989486698061228,0.004406567197293043,-0.015138103626668453,0.004603622481226921,-0.15482394903360208
2011-12-06,fold_2,2011 US-downgrade + EU debt,0.003017416223883629,1,0.0,0,0.0,0.048516044713323936,,,,0,0.0,0.00586634362116456,-0.02339749038219452,0.003017416223883629,0.0
2011-12-07,fold_2,2011 US-downgrade + EU debt,-0.0027788840234279633,-1,-0.016961773857474327,-1,0.016961773857474327,0.06547781857079826,,,,1,169.61773857474327,0.008314309641718864,-0.039122771471738815,-0.0027788840234279633,-0.9509170080754884
2011-12-08,fold_2,2011 US-downgrade + EU debt,-0.00705224834382534,-1,0.015909889712929726,1,-0.015909889712929726,0.04956792885786854,,,,0,-159.09889712929726,0.007121906150132418,-0.024897422641515732,-0.00705224834382534,0.9709272968258564
2011-12-09,fold_2,2011 US-downgrade + EU debt,-0.0052170176059007645,-1,-0.011287270113825798,-1,0.011287270113825798,0.060855198971694335,,,,1,112.87270113825798,0.0034711058251559734,-0.035672057420015335,-0.0052170176059007645,-0.6731594202347267
2011-12-12,fold_2,2011 US-downgrade + EU debt,-0.00655619241297245,-1,-0.01105833426117897,-1,0.01105833426117897,0.0719135332328733,,,,1,110.5833426117897,0.0009391913190484047,-0.03427647426724434,-0.00655619241297245,-0.6728694141096118
2011-12-13,fold_2,2011 US-downgrade + EU debt,0.009104641154408455,1,-0.015725282952189445,-1,-0.015725282952189445,0.05618825028068386,,,,0,-157.25282952189445,-0.0029931615572422743,0.0059900484047830105,0.009104641154408455,-0.9495455651902264
2011-12-14,fold_2,2011 US-downgrade + EU debt,0.012895552441477776,1,-0.002736423397436738,-1,-0.002736423397436738,0.05345182688324712,,,,0,-27.36423397436738,0.0016858750022947788,0.007308221887797117,0.012895552441477776,-0.16338743523011157
2011-12-15,fold_2,2011 US-downgrade + EU debt,0.014676881954073906,1,0.005135253071784973,1,0.005135253071784973,0.058587079955032095,,,,1,51.35253071784973,-0.0015688790008425713,0.018533855676651,0.014676881954073906,0.3142684862593917
2011-12-16,fold_2,2011 US-downgrade + EU debt,0.01993281953036785,1,-0.009891687892377377,-1,-0.009891687892377377,0.04869539206265472,,,,0,-98.91687892377377,-0.010716600343585014,0.021994922310113907,0.01993281953036785,-0.6382412654649806
2011-12-19,fold_2,2011 US-downgrade + EU debt,0.019556092098355293,1,0.029208188876509666,1,0.029208188876509666,0.07790358093916439,,,,1,292.08188876509666,-0.009679189883172512,0.03560950607061386,0.019556092098355293,1.8771779916831859
2011-12-20,fold_2,2011 US-downgrade + EU debt,0.008388755843043327,1,-0.014407109469175339,-1,-0.014407109469175339,0.06349647146998905,,,,0,-144.0710946917534,-0.02353735826909542,-0.005223233252763748,0.008388755843043327,-0.8831967265206787
2011-12-21,fold_2,2011 US-downgrade + EU debt,-0.0023299455642700195,-1,0.008489210158586502,1,-0.008489210158586502,0.055007261311402544,,,,0,-84.89210158586502,-0.01839410327374935,0.016353648155927658,-0.0023299455642700195,0.5110574939016249
2011-12-22,fold_2,2011 US-downgrade + EU debt,-0.001555437222123146,-1,0.008596319705247879,1,-0.008596319705247879,0.046410941606154665,,,,0,-85.96319705247879,-0.0069896322675049305,0.005002554971724749,-0.001555437222123146,0.5399180228938677
2011-12-23,fold_2,2011 US-downgrade + EU debt,0.001474263146519661,1,0.0037228951696306467,1,0.0037228951696306467,0.05013383677578531,,,,1,37.22895169630647,-0.0009164544753730297,0.015389706939458847,0.001474263146519661,0.23349997107919782
2011-12-27,fold_2,2011 US-downgrade + EU debt,0.003391614183783531,1,-0.011624548584222794,-1,-0.011624548584222794,0.03850928819156252,,,,0,-116.24548584222794,-0.0028692767955362797,0.015876110643148422,0.003391614183783531,-0.8294704762865347
2011-12-28,fold_2,2011 US-downgrade + EU debt,-0.0038645435124635696,-1,0.007169771008193493,1,-0.007169771008193493,0.031339517183369026,,,,0,-71.69771008193493,0.0007626526057720184,0.03569252789020538,-0.0038645435124635696,0.5054421435318919
2011-12-29,fold_2,2011 US-downgrade + EU debt,-0.005102409049868584,-1,-0.002861881861463189,-1,0.002861881861463189,0.034201399044832215,,,,1,28.61881861463189,-0.006113412790000439,0.03198814019560814,-0.005102409049868584,-0.24368794404464716
2011-12-30,fold_2,2011 US-downgrade + EU debt,-0.001986568793654442,-1,0.018983472138643265,1,-0.018983472138643265,0.01521792690618895,,,,0,-189.83472138643265,-0.009831774048507214,0.03155828267335892,-0.001986568793654442,1.6280766304793013
2012-01-03,fold_2,2011 US-downgrade + EU debt,0.0007488597184419632,1,0.004209298174828291,1,0.004209298174828291,0.01942722508101724,,,,1,42.09298174828291,-0.0030789619777351618,0.019837142899632454,0.0007488597184419632,0.3396611501012018
2012-01-04,fold_2,2011 US-downgrade + EU debt,-0.006316147744655609,-1,0.008191867731511593,1,-0.008191867731511593,0.011235357349505648,,,,0,-81.91867731511593,0.0032357596792280674,0.01769336871802807,-0.006316147744655609,0.672157943262196
2012-01-05,fold_2,2011 US-downgrade + EU debt,-0.002922099083662033,-1,0.0034653828479349613,1,-0.0034653828479349613,0.007769974501570687,,,,0,-34.65382847934961,0.009423723444342613,0.01344839483499527,-0.002922099083662033,0.28154617876989074
2012-01-06,fold_2,2011 US-downgrade + EU debt,-0.0044144317507743835,-1,-0.0032917384523898363,-1,0.0032917384523898363,0.011061712953960523,,,,1,32.91738452389836,0.006144064944237471,0.00638009374961257,-0.0044144317507743835,-0.26690995994171485
2012-01-09,fold_2,2011 US-downgrade + EU debt,-0.004287948831915855,-1,0.0072623323649168015,1,-0.0072623323649168015,0.0037993805890437216,,,,0,-72.62332364916801,0.008497308939695358,0.018740149214863777,-0.004287948831915855,0.6176430054681394
2012-01-10,fold_2,2011 US-downgrade + EU debt,-0.0013047903776168823,-1,0.0020655242260545492,1,-0.0020655242260545492,0.0017338563629891723,,,,0,-20.655242260545492,0.006371437106281519,0.024675680324435234,-0.0013047903776168823,0.18240113183113085
2012-01-11,fold_2,2011 US-downgrade + EU debt,-0.0030284933745861053,-1,0.003946894314140081,1,-0.003946894314140081,-0.002213037951150909,,,,0,-39.468943141400814,0.00954052247107029,0.028810633346438408,-0.0030284933745861053,0.3572210027434997
2012-01-12,fold_2,2011 US-downgrade + EU debt,-0.002627171576023102,-1,-0.0036029184702783823,-1,0.0036029184702783823,0.0013898805191274732,,,,1,36.02918470278382,0.010364841669797897,0.023359356448054314,-0.002627171576023102,-0.33345716869875647
2012-01-13,fold_2,2011 US-downgrade + EU debt,-0.0017115268856287003,-1,0.009068316780030727,1,-0.009068316780030727,-0.007678436260903254,,,,0,-90.68316780030727,0.01683592051267624,0.027296697720885277,-0.0017115268856287003,0.8848621991021048
2012-01-17,fold_2,2011 US-downgrade + EU debt,0.003317819908261299,1,0.013197863474488258,1,0.013197863474488258,0.005519427213585004,,,,1,131.97863474488258,0.015262627974152565,0.01638673059642315,0.003317819908261299,1.2654933739685277
2012-01-18,fold_2,2011 US-downgrade + EU debt,0.0008110310882329941,1,0.006200478412210941,1,0.006200478412210941,0.011719905625795946,,,,1,62.00478412210941,0.014120548963546753,0.015677636489272118,0.0008110310882329941,0.5753151595477494
2012-01-19,fold_2,2011 US-downgrade + EU debt,0.0004807543009519577,1,-0.0015043833991512656,-1,-0.0015043833991512656,0.01021552222664468,,,,0,-15.043833991512656,0.01447240263223648,0.005996078252792358,0.0004807543009519577,-0.14140463209322943
2012-01-20,fold_2,2011 US-downgrade + EU debt,0.001554807648062706,1,0.0003344228898640722,1,0.0003344228898640722,0.010549945116508752,,,,1,3.344228898640722,0.014501163735985756,0.010485036298632622,0.001554807648062706,0.039788999324111236
2012-01-23,fold_2,2011 US-downgrade + EU debt,0.0037468429654836655,1,-0.001841651159338653,-1,-0.001841651159338653,0.008708293957170099,,,,0,-18.41651159338653,0.020619792863726616,0.010978174395859241,0.0037468429654836655,-0.23722331805890484
2012-01-24,fold_2,2011 US-downgrade + EU debt,0.0014630425721406937,1,0.012488769367337227,1,0.012488769367337227,0.021197063324507326,,,,1,124.88769367337227,0.020309848710894585,0.014142458327114582,0.0014630425721406937,1.6565615210635705
2012-01-25,fold_2,2011 US-downgrade + EU debt,0.0027965549379587173,1,-0.0034810793586075306,-1,-0.0034810793586075306,0.017715983965899795,,,,0,-34.810793586075306,0.015233518555760384,0.009716147556900978,0.0027965549379587173,-0.44592694704213065
2012-01-26,fold_2,2011 US-downgrade + EU debt,0.00427253358066082,1,0.0029845747631043196,1,0.0029845747631043196,0.020700558729004115,,,,1,29.845747631043196,0.01372167281806469,0.01630597747862339,0.00427253358066082,0.38259811683906547
2012-01-27,fold_2,2011 US-downgrade + EU debt,0.0029735881835222244,1,0.000827561307232827,1,0.000827561307232827,0.021528120036236942,,,,1,8.27561307232827,0.016865422949194908,0.026951424777507782,0.0029735881835222244,0.11205640185162051
2012-01-30,fold_2,2011 US-downgrade + EU debt,0.0034691262990236282,1,0.0013226325390860438,1,0.0013226325390860438,0.022850752575322986,,,,1,13.226325390860438,0.009185966104269028,0.025317996740341187,0.0034691262990236282,0.18340650606887668
2012-01-31,fold_2,2011 US-downgrade + EU debt,0.005083469673991203,1,0.008062458597123623,1,0.008062458597123623,0.03091321117244661,,,,1,80.62458597123623,0.008854690939188004,0.026089711114764214,0.005083469673991203,1.1214809968773007
2012-02-01,fold_2,2011 US-downgrade + EU debt,-0.0005873683840036392,-1,0.003108750795945525,1,-0.003108750795945525,0.027804460376501083,,,,0,-31.08750795945525,0.009362518787384033,0.023324616253376007,-0.0005873683840036392,0.5116638443727852
2012-02-02,fold_2,2011 US-downgrade + EU debt,0.0007582399994134903,1,0.01363002136349678,1,0.01363002136349678,0.041434481739997864,,,,1,136.3002136349678,0.010095054283738136,0.027394801378250122,0.0007582399994134903,2.2556782061599634
2012-02-03,fold_2,2011 US-downgrade + EU debt,-0.0006538908928632736,-1,-0.0008058656821958721,-1,0.0008058656821958721,0.042240347422193736,,,,1,8.05865682195872,0.010096808895468712,0.006745867431163788,-0.0006538908928632736,-0.12369304079839814
2012-02-06,fold_2,2011 US-downgrade + EU debt,0.002208651974797249,1,0.0020943458657711744,1,0.0020943458657711744,0.04433469328796491,,,,1,20.943458657711744,0.011506838724017143,0.01679355278611183,0.002208651974797249,0.3236356149482816
2012-02-07,fold_2,2011 US-downgrade + EU debt,0.003589307889342308,1,0.005297363270074129,1,0.005297363270074129,0.04963205655803904,,,,1,52.97363270074129,0.013280587270855904,0.01723337359726429,0.003589307889342308,0.8217622714312218
2012-02-08,fold_2,2011 US-downgrade + EU debt,0.0008855964988470078,1,0.0071789356879889965,1,0.0071789356879889965,0.056810992246028036,,,,1,71.78935687988997,0.012922734022140503,0.004950869362801313,0.0008855964988470078,1.130556543370586
2012-02-09,fold_2,2011 US-downgrade + EU debt,0.0025028157979249954,1,-0.007018911652266979,-1,-0.007018911652266979,0.04979208059376106,,,,0,-70.18911652266979,0.012433361262083054,0.01137989480048418,0.0025028157979249954,-1.074317083326856
2012-02-10,fold_2,2011 US-downgrade + EU debt,0.0018859151750802994,1,0.009241819381713867,1,0.009241819381713867,0.059033899975474924,,,,1,92.41819381713867,0.008764088153839111,0.015250276774168015,0.0018859151750802994,1.3874465085316885
2012-02-13,fold_2,2011 US-downgrade + EU debt,0.0028216708451509476,1,0.00253416714258492,1,0.00253416714258492,0.061568067118059844,,,,1,25.3416714258492,0.014109360054135323,0.00884240958839655,0.0028216708451509476,0.3658105560002509
2012-02-14,fold_2,2011 US-downgrade + EU debt,-0.0007090996950864792,-1,-0.006985141430050135,-1,0.006985141430050135,0.06855320854810998,,,,1,69.85141430050135,-0.0003638472408056259,0.001738892518915236,-0.0007090996950864792,-1.0506623351197235
2012-02-15,fold_2,2011 US-downgrade + EU debt,-0.003328908234834671,-1,0.013607961125671864,1,-0.013607961125671864,0.054945247422438115,,,,0,-136.07961125671864,0.00014578783884644508,0.015335114672780037,-0.003328908234834671,2.209520931384703
2012-02-16,fold_2,2011 US-downgrade + EU debt,-0.00528513640165329,-1,-0.003148529212921858,-1,0.003148529212921858,0.05809377663535997,,,,1,31.48529212921858,0.001258715521544218,0.005172334145754576,-0.00528513640165329,-0.4679680087542468
2012-02-17,fold_2,2011 US-downgrade + EU debt,-0.0028664488345384598,-1,0.0028339524287730455,1,-0.0028339524287730455,0.05525982420658693,,,,0,-28.339524287730455,0.0015751724131405354,0.009727438911795616,-0.0028664488345384598,0.41944385103734144
2012-02-21,fold_2,2011 US-downgrade + EU debt,0.0013779569417238235,1,-0.004569350276142359,-1,-0.004569350276142359,0.05069047393044457,,,,0,-45.69350276142359,0.004835458938032389,0.016990341246128082,0.0013779569417238235,-0.6733801069912754
2012-02-22,fold_2,2011 US-downgrade + EU debt,-0.0013275053352117538,-1,0.006611080374568701,1,-0.006611080374568701,0.04407939355587587,,,,0,-66.11080374568701,0.011483650654554367,0.01706789620220661,-0.0013275053352117538,0.9651470783620054
2012-02-23,fold_2,2011 US-downgrade + EU debt,0.0011481251567602158,1,0.003445180831477046,1,0.003445180831477046,0.047524574387352914,,,,1,34.45180831477046,0.01133938878774643,0.018343226984143257,0.0011481251567602158,0.5360447494646549
2012-02-24,fold_2,2011 US-downgrade + EU debt,-0.0003248397260904312,-1,0.001406575320288539,1,-0.001406575320288539,0.046117999067064375,,,,0,-14.06575320288539,0.0038732695393264294,0.014127819798886776,-0.0003248397260904312,0.21888569425971233
2012-02-27,fold_2,2011 US-downgrade + EU debt,0.0007124263793230057,1,0.010096855461597443,1,0.010096855461597443,0.05621485452866182,,,,1,100.96855461597443,0.006641931366175413,0.002339030848816037,0.0007124263793230057,1.5778658998156045
2012-02-28,fold_2,2011 US-downgrade + EU debt,0.001191040500998497,1,-0.004491796251386404,-1,-0.004491796251386404,0.05172305827727541,,,,0,-44.91796251386404,0.005584829021245241,-0.01761925034224987,0.001191040500998497,-0.662199871345816
2012-02-29,fold_2,2011 US-downgrade + EU debt,-0.0026602353900671005,-1,0.007886411622166634,1,-0.007886411622166634,0.04383664665510878,,,,0,-78.86411622166634,0.0025786706246435642,-0.005449074786156416,-0.0026602353900671005,1.151179852539622
2012-03-01,fold_2,2011 US-downgrade + EU debt,-0.0017099156975746155,-1,-0.0007702261791564524,-1,0.0007702261791564524,0.04460687283426523,,,,1,7.702261791564524,0.0013869325630366802,-0.0026220991276204586,-0.0017099156975746155,-0.1125984819999919
2012-03-02,fold_2,2011 US-downgrade + EU debt,0.0007030423730611801,1,-0.0103822136297822,-1,-0.0103822136297822,0.03422465920448303,,,,0,-103.822136297822,0.000643434002995491,0.0023094317875802517,0.0007030423730611801,-1.5251736877537474
2012-03-05,fold_2,2011 US-downgrade + EU debt,-0.00039174221456050873,-1,-0.009861424565315247,-1,0.009861424565315247,0.04408608376979828,,,,1,98.61424565315247,0.001855440903455019,0.013153144158422947,-0.00039174221456050873,-1.5137589597575667
2012-03-06,fold_2,2011 US-downgrade + EU debt,0.000992240384221077,1,0.007678378373384476,1,0.007678378373384476,0.051764462143182755,,,,1,76.78378373384476,0.0021247039549052715,0.04144495725631714,0.000992240384221077,1.1168153240786654
2012-03-07,fold_2,2011 US-downgrade + EU debt,-0.0038787201046943665,-1,0.010713387280702591,1,-0.010713387280702591,0.041051074862480164,,,,0,-107.13387280702591,0.009885668754577637,0.037231557071208954,-0.0038787201046943665,1.5151388808677082
2012-03-08,fold_2,2011 US-downgrade + EU debt,-0.0056837256997823715,-1,0.004161304794251919,1,-0.004161304794251919,0.036889770068228245,,,,0,-41.61304794251919,0.00356091046705842,0.029371794313192368,-0.0056837256997823715,0.5645424096506517
2012-03-09,fold_2,2011 US-downgrade + EU debt,-0.004340304061770439,-1,0.0004614990612026304,1,-0.0004614990612026304,0.036428271007025614,,,,0,-4.614990612026304,0.005490259733051062,0.024503981694579124,-0.004340304061770439,0.06361889606810102
2012-03-12,fold_2,2011 US-downgrade + EU debt,-0.004995526745915413,-1,0.01843038946390152,1,-0.01843038946390152,0.017997881543124095,,,,0,-184.3038946390152,0.004728056024760008,0.03108314424753189,-0.004995526745915413,2.602040314567907
2012-03-13,fold_2,2011 US-downgrade + EU debt,-0.0015531368553638458,-1,0.0034649777226150036,1,-0.0034649777226150036,0.014532903820509091,,,,0,-34.649777226150036,0.0042585586197674274,0.01444236095994711,-0.0015531368553638458,0.43695195041424706
2012-03-14,fold_2,2011 US-downgrade + EU debt,-0.0013857092708349228,-1,0.0028536233585327864,1,-0.0028536233585327864,0.011679280461976305,,,,0,-28.536233585327864,0.009453771635890007,0.011126581579446793,-0.0013857092708349228,0.35906071161865233
2012-03-15,fold_2,2011 US-downgrade + EU debt,0.0012224484235048294,1,-0.0007065081736072898,-1,-0.0007065081736072898,0.010972772288369015,,,,0,-7.065081736072898,0.008833978325128555,0.006184988189488649,0.0012224484235048294,-0.09036301955303956
2012-03-16,fold_2,2011 US-downgrade + EU debt,-0.001189975067973137,-1,0.007040662225335836,1,-0.007040662225335836,0.0039321100630331784,,,,0,-70.40662225335836,0.008777892217040062,0.006294159684330225,-0.001189975067973137,0.9773428193550118
2012-03-19,fold_2,2011 US-downgrade + EU debt,0.0008292961865663528,1,0.0017896058270707726,1,0.0017896058270707726,0.005721715890103951,,,,1,17.896058270707726,0.014308679848909378,0.016580747440457344,0.0008292961865663528,0.24380827020648896
2012-03-20,fold_2,2011 US-downgrade + EU debt,-0.001881234347820282,-1,0.0001491978910053149,1,-0.0001491978910053149,0.005572517999098636,,,,0,-1.4919789100531489,0.017240971326828003,0.01625809818506241,-0.001881234347820282,0.020371779229221194
2012-03-21,fold_2,2011 US-downgrade + EU debt,-0.0024402979761362076,-1,-0.002087969798594713,-1,0.002087969798594713,0.007660487797693349,,,,1,20.879697985947132,0.011650977656245232,0.01214273739606142,-0.0024402979761362076,-0.2879080999137984
2012-03-22,fold_2,2011 US-downgrade + EU debt,-0.0045165568590164185,-1,-0.0005973368533886969,-1,0.0005973368533886969,0.008257824651082046,,,,1,5.973368533886969,0.011684814468026161,0.010396905243396759,-0.0045165568590164185,-0.0839512847838132
2012-03-23,fold_2,2011 US-downgrade + EU debt,-0.0035102572292089462,-1,0.01732725091278553,1,-0.01732725091278553,-0.009069426261703484,,,,0,-173.2725091278553,0.01258242130279541,0.009071050211787224,-0.0035102572292089462,2.4491804812367133
2012-03-26,fold_2,2011 US-downgrade + EU debt,-0.0029802434146404266,-1,0.001466956571675837,1,-0.001466956571675837,-0.01053638283337932,,,,0,-14.66956571675837,0.007665583398193121,0.0020533644128590822,-0.0029802434146404266,0.18200350488989153
2012-03-27,fold_2,2011 US-downgrade + EU debt,-0.0035626422613859177,-1,-0.003966162912547588,-1,0.003966162912547588,-0.0065702199208317325,,,,1,39.66162912547588,0.0062612672336399555,0.0002936256059911102,-0.0035626422613859177,-0.5121378390983127
2012-03-28,fold_2,2011 US-downgrade + EU debt,-0.002344762906432152,-1,-0.0038338019512593746,-1,0.0038338019512593746,-0.002736417969572358,,,,1,38.338019512593746,0.011449316516518593,-0.0094646867364645,-0.002344762906432152,-0.49596645392931077
2012-03-29,fold_2,2011 US-downgrade + EU debt,-0.004966629669070244,-1,-0.001923191943205893,-1,0.001923191943205893,-0.0008132260263664648,,,,1,19.23191943205893,0.0062512741424143314,0.000590998271945864,-0.004966629669070244,-0.2538937655513964
2014-01-15,fold_3,Taper tantrum and 2014 H1,-0.0031843073666095734,-1,0.0001126616625697352,1,-0.0001126616625697352,-0.0001126616625697352,,,,0,-1.126616625697352,0.0033089728094637394,0.0012436264660209417,-0.0031843073666095734,0.013950900778237539
2014-01-16,fold_3,Taper tantrum and 2014 H1,-0.0025262348353862762,-1,-0.005673323292285204,-1,0.005673323292285204,0.005560661629715469,,,,1,56.73323292285204,0.004852793645113707,-0.01873062178492546,-0.0025262348353862762,-0.7035983118439286
2014-01-17,fold_3,Taper tantrum and 2014 H1,-0.0023678746074438095,-1,0.007595003116875887,1,-0.007595003116875887,-0.002034341487160418,,,,0,-75.95003116875887,0.009030785411596298,-0.022787921130657196,-0.0023678746074438095,0.9809625016845549
2014-01-21,fold_3,Taper tantrum and 2014 H1,0.0003196299076080322,1,0.002594240242615342,1,0.002594240242615342,0.000559898755454924,,,,1,25.94240242615342,0.005639964248985052,-0.03096586838364601,0.0003196299076080322,0.32830651915834724
2014-01-22,fold_3,Taper tantrum and 2014 H1,-0.0031788237392902374,-1,-0.003384955460205674,-1,0.003384955460205674,0.003944854215660598,,,,1,33.84955460205674,0.006069307681173086,-0.04433417320251465,-0.0031788237392902374,-0.44583861680612996
2014-01-23,fold_3,Taper tantrum and 2014 H1,0.0002054460346698761,1,-0.019861586391925812,-1,-0.019861586391925812,-0.015916732176265214,,,,0,-198.61586391925812,0.01395903155207634,-0.022632019594311714,0.0002054460346698761,-2.7349038759462183
2014-01-24,fold_3,Taper tantrum and 2014 H1,0.0089500043541193,1,-0.009730622172355652,-1,-0.009730622172355652,-0.025647354348620865,,,,0,-97.30622172355652,0.011401209980249405,-0.00543285021558404,0.0089500043541193,-1.1431654320502362
2014-01-27,fold_3,Taper tantrum and 2014 H1,0.005342388525605202,1,-0.000582944368943572,-1,-0.000582944368943572,-0.026230298717564438,,,,0,-5.82944368943572,0.0029871868900954723,-0.01892089657485485,0.005342388525605202,-0.06658835206544884
2014-01-28,fold_3,Taper tantrum and 2014 H1,0.007270416244864464,1,-0.010774065740406513,-1,-0.010774065740406513,-0.03700436445797095,,,,0,-107.74065740406513,-0.005978929810225964,-0.01100925076752901,0.007270416244864464,-1.2330962221756665
2014-01-29,fold_3,Taper tantrum and 2014 H1,0.003904065117239952,1,0.018317200243473053,1,0.018317200243473053,-0.018687164214497898,,,,1,183.17200243473053,-0.015695301815867424,-0.002829657169058919,0.003904065117239952,2.022355057104581
2014-01-30,fold_3,Taper tantrum and 2014 H1,-0.0007771272212266922,-1,-0.002662418410181999,-1,0.002662418410181999,-0.0160247458043159,,,,1,26.624184101819992,-0.014887049794197083,-0.008475491777062416,-0.0007771272212266922,-0.27074895491327616
2014-01-31,fold_3,Taper tantrum and 2014 H1,0.003819728270173073,1,-0.0232186671346426,-1,-0.0232186671346426,-0.0392434129389585,,,,0,-232.186671346426,-0.028392920270562172,0.011868431232869625,0.003819728270173073,-2.3954371602570377
2014-02-03,fold_3,Taper tantrum and 2014 H1,0.009495647624135017,1,0.00732870027422905,1,0.00732870027422905,-0.03191471266472945,,,,1,73.2870027422905,-0.004215656314045191,0.04079838842153549,0.009495647624135017,0.6738547334707149
2014-02-04,fold_3,Taper tantrum and 2014 H1,0.011662954464554787,1,-0.0025944721419364214,-1,-0.0025944721419364214,-0.03450918480666587,,,,0,-25.944721419364214,-0.008694042451679707,0.044794484972953796,0.011662954464554787,-0.2365624843890007
2014-02-05,fold_3,Taper tantrum and 2014 H1,0.01551654003560543,1,0.012671365402638912,1,0.012671365402638912,-0.02183781940402696,,,,1,126.71365402638912,-0.003621249459683895,0.04930127039551735,0.01551654003560543,1.1746588584135984
2014-02-06,fold_3,Taper tantrum and 2014 H1,0.012835172936320305,1,0.017681505531072617,1,0.017681505531072617,-0.0041563138729543425,,,,1,176.81505531072617,-0.004612061195075512,0.044020943343639374,0.012835172936320305,1.586847935678539
2014-02-07,fold_3,Taper tantrum and 2014 H1,0.005706196650862694,1,0.005711291451007128,1,0.005711291451007128,0.0015549775780527852,,,,1,57.11291451007128,-0.012658609077334404,0.02834596298635006,0.005706196650862694,0.4840179030918917
2014-02-10,fold_3,Taper tantrum and 2014 H1,0.007310854271054268,1,0.01132479403167963,1,0.01132479403167963,0.012879771609732416,,,,1,113.2479403167963,-0.00033523235470056534,0.027522001415491104,0.007310854271054268,0.9559290777305137
2014-02-11,fold_3,Taper tantrum and 2014 H1,0.005857514217495918,1,0.0019123154925182462,1,0.0019123154925182462,0.014792087102250662,,,,1,19.12315492518246,0.00299395015463233,0.009303354658186436,0.005857514217495918,0.1641730970530303
2014-02-12,fold_3,Taper tantrum and 2014 H1,0.005648547783493996,1,0.007391038816422224,1,0.007391038816422224,0.022183125918672886,,,,1,73.91038816422224,0.0038022263906896114,0.012065837159752846,0.005648547783493996,0.6803320448787504
2014-02-13,fold_3,Taper tantrum and 2014 H1,0.0024234000593423843,1,0.002006523311138153,1,0.002006523311138153,0.02418964922981104,,,,1,20.06523311138153,0.0005814637988805771,0.003341410309076309,0.0024234000593423843,0.18518020522137435
2014-02-14,fold_3,Taper tantrum and 2014 H1,0.002698207274079323,1,0.004887329414486885,1,0.004887329414486885,0.029076978644297924,,,,1,48.87329414486885,0.004072827752679586,0.006658549886196852,0.002698207274079323,0.4506622092338748
2014-02-18,fold_3,Taper tantrum and 2014 H1,0.0011579189449548721,1,-0.006893852725625038,-1,-0.006893852725625038,0.022183125918672886,,,,0,-68.93852725625038,0.002925130072981119,0.0006642256048507988,0.0011579189449548721,-0.6368089736087781
2014-02-19,fold_3,Taper tantrum and 2014 H1,-0.0026866942644119263,-1,0.004674798343330622,1,-0.004674798343330622,0.017508327575342264,,,,0,-46.74798343330622,0.004063915926963091,0.006672346033155918,-0.0026866942644119263,0.4327661199719058
2014-02-20,fold_3,Taper tantrum and 2014 H1,-0.0008312016725540161,-1,-0.0013333880342543125,-1,0.0013333880342543125,0.018841715609596577,,,,1,13.333880342543125,0.004543615039438009,0.008464290760457516,-0.0008312016725540161,-0.12303941265819411
2014-02-21,fold_3,Taper tantrum and 2014 H1,-0.0005105175077915192,-1,0.005323662888258696,1,-0.005323662888258696,0.013518052721337881,,,,0,-53.236628882586956,0.0026408392004668713,0.008691264316439629,-0.0005105175077915192,0.49226051732137377
2014-02-24,fold_3,Taper tantrum and 2014 H1,-0.0008580461144447327,-1,-0.001106994808651507,-1,0.001106994808651507,0.014625047529989388,,,,1,11.069948086515069,0.006765451747924089,-0.00407614978030324,-0.0008580461144447327,-0.11145365394766149
2014-02-25,fold_3,Taper tantrum and 2014 H1,0.0005081202834844589,1,-0.000885732239112258,-1,-0.000885732239112258,0.01373931529087713,,,,0,-8.85732239112258,0.006744046229869127,0.009663728065788746,0.0005081202834844589,-0.09136686309462048
2014-02-26,fold_3,Taper tantrum and 2014 H1,-0.003345472738146782,-1,0.006466743536293507,1,-0.006466743536293507,0.007272571754583623,,,,0,-64.66743536293507,0.006604720372706652,0.013298643752932549,-0.003345472738146782,0.6669918548421834
2014-02-27,fold_3,Taper tantrum and 2014 H1,-0.00019392743706703186,-1,-0.0011064147111028433,-1,0.0011064147111028433,0.008378986465686467,,,,1,11.064147111028433,0.006778207141906023,0.005953503772616386,-0.00019392743706703186,-0.1164405687605777
2014-02-28,fold_3,Taper tantrum and 2014 H1,-0.0018295850604772568,-1,-0.007443751208484173,-1,0.007443751208484173,0.01582273767417064,,,,1,74.43751208484173,0.004440548364073038,0.002101438818499446,-0.0018295850604772568,-0.8678280809274966
2014-03-03,fold_3,Taper tantrum and 2014 H1,-0.0041887518018484116,-1,0.0126328831538558,1,-0.0126328831538558,0.0031898545203148387,,,,0,-126.328831538558,0.0048604984767735004,0.010427766479551792,-0.0041887518018484116,1.449198935767308
2014-03-04,fold_3,Taper tantrum and 2014 H1,0.00016962923109531403,1,0.002749183913692832,1,0.002749183913692832,0.005939038434007671,,,,1,27.49183913692832,0.008227860555052757,-0.006517944857478142,0.00016962923109531403,0.36409727286672033
2014-03-05,fold_3,Taper tantrum and 2014 H1,0.000267811119556427,1,-0.000878396793268621,-1,-0.000878396793268621,0.00506064164073905,,,,0,-8.78396793268621,0.011796846985816956,-0.00550622446462512,0.000267811119556427,-0.11876164717620236
2014-03-06,fold_3,Taper tantrum and 2014 H1,0.001196185126900673,1,-0.004958479665219784,-1,-0.004958479665219784,0.00010216197551926598,,,,0,-49.58479665219784,0.012372838333249092,-0.018862556666135788,0.001196185126900673,-0.6722333900953021
2014-03-07,fold_3,Taper tantrum and 2014 H1,-0.001136021688580513,-1,0.0008825759869068861,1,-0.0008825759869068861,-0.0007804140113876201,,,,0,-8.825759869068861,0.013983184471726418,-0.020760266110301018,-0.001136021688580513,0.1279116911000885
2014-03-10,fold_3,Taper tantrum and 2014 H1,0.00012589991092681885,1,-0.004312828183174133,-1,-0.004312828183174133,-0.005093242194561753,,,,0,-43.12828183174133,0.011038048192858696,-0.012884118594229221,0.00012589991092681885,-0.7622219523205848
2014-03-11,fold_3,Taper tantrum and 2014 H1,-0.0023262817412614822,-1,0.0037609043065458536,1,-0.0037609043065458536,-0.008854146501107607,,,,0,-37.609043065458536,0.008911862969398499,0.003430252429097891,-0.0023262817412614822,0.6720760088848108
2014-03-12,fold_3,Taper tantrum and 2014 H1,-0.0031096450984477997,-1,-0.01423472911119461,-1,0.01423472911119461,0.0053805826100870036,,,,1,142.3472911119461,0.012144660577178001,-0.00575813977047801,-0.0031096450984477997,-2.812872408524843
2014-03-13,fold_3,Taper tantrum and 2014 H1,-0.0015714876353740692,-1,-0.006856187712401152,-1,0.006856187712401152,0.012236770322488155,,,,1,68.56187712401152,0.004235733766108751,0.01124925073236227,-0.0015714876353740692,-1.1497802921245706
2014-03-14,fold_3,Taper tantrum and 2014 H1,0.0027618873864412308,1,0.008758722804486752,1,0.008758722804486752,0.020995493126974907,,,,1,87.58722804486752,0.006638097111135721,0.005999579560011625,0.0027618873864412308,1.4767679021712654
2014-03-17,fold_3,Taper tantrum and 2014 H1,-0.0035203807055950165,-1,0.012001542374491692,1,-0.012001542374491692,0.008993950752483215,,,,0,-120.01542374491692,0.007380399387329817,-0.011562190018594265,-0.0035203807055950165,1.926450667269544
2014-03-18,fold_3,Taper tantrum and 2014 H1,-0.004176700487732887,-1,-0.005427488125860691,-1,0.005427488125860691,0.014421438878343906,,,,1,54.27488125860691,-0.0021705683320760727,-0.020281963050365448,-0.004176700487732887,-0.8107154202653549
2014-03-19,fold_3,Taper tantrum and 2014 H1,-0.004402875900268555,-1,0.0027726609259843826,1,-0.0027726609259843826,0.011648777952359524,,,,0,-27.726609259843826,-0.0028604690451174974,-0.02781808003783226,-0.004402875900268555,0.41839638687375774
2014-03-20,fold_3,Taper tantrum and 2014 H1,-0.00877966545522213,-1,-0.012105858884751797,-1,0.012105858884751797,0.02375463683711132,,,,1,121.05858884751797,-0.0025915862061083317,-0.03621464595198631,-0.00877966545522213,-1.8416946564998837
2014-03-21,fold_3,Taper tantrum and 2014 H1,-0.010011984035372734,-1,-0.008803046308457851,-1,0.008803046308457851,0.03255768314556917,,,,1,88.03046308457851,-0.011104743927717209,-0.02215406857430935,-0.010011984035372734,-1.239424755320805
2014-03-24,fold_3,Taper tantrum and 2014 H1,-0.002222428098320961,-1,0.003281768411397934,1,-0.003281768411397934,0.029275914734171238,,,,0,-32.81768411397934,0.0047966004349291325,-0.0062537225894629955,-0.002222428098320961,0.4511965566791618
2014-03-25,fold_3,Taper tantrum and 2014 H1,-0.0029720552265644073,-1,-0.012963604182004929,-1,0.012963604182004929,0.042239518916176166,,,,1,129.6360418200493,2.3484695702791214e-05,0.00787755660712719,-0.0029720552265644073,-1.7743265739366645
2014-03-26,fold_3,Taper tantrum and 2014 H1,0.010027697309851646,1,-0.005623903591185808,-1,-0.005623903591185808,0.03661561532499036,,,,0,-56.23903591185808,-0.002909739501774311,0.02341604046523571,0.010027697309851646,-0.7157141756594412
2014-03-27,fold_3,Taper tantrum and 2014 H1,0.018521497026085854,1,0.0019547175616025925,1,0.0019547175616025925,0.03857033288659295,,,,1,19.547175616025925,-0.009711772203445435,0.02107001282274723,0.018521497026085854,0.24979581633408446
2014-03-28,fold_3,Taper tantrum and 2014 H1,0.019436081871390343,1,0.0070972987450659275,1,0.0070972987450659275,0.04566763163165888,,,,1,70.97298745065928,-0.009959403425455093,-0.007842288352549076,0.019436081871390343,0.9060127079641355
2014-03-31,fold_3,Taper tantrum and 2014 H1,0.014077043160796165,1,0.017413048073649406,1,0.017413048073649406,0.06308067970530828,,,,1,174.13048073649406,-0.0017013275064527988,-0.0244788508862257,0.014077043160796165,2.2274561662872308
2014-04-01,fold_3,Taper tantrum and 2014 H1,0.006246587261557579,1,0.0025748794432729483,1,0.0025748794432729483,0.06565555914858123,,,,1,25.748794432729483,0.003113372717052698,-0.03270028531551361,0.006246587261557579,0.31157741244076076
2014-04-02,fold_3,Taper tantrum and 2014 H1,0.0063674356788396835,1,-0.007969930768013,-1,-0.007969930768013,0.05768562838056823,,,,0,-79.69930768013,0.003920478280633688,-0.018278267234563828,0.0063674356788396835,-0.9647420670863133
2014-04-03,fold_3,Taper tantrum and 2014 H1,0.005415836349129677,1,-0.02695758268237114,-1,-0.02695758268237114,0.030728045698197093,,,,0,-269.5758268237114,0.005118210334330797,-0.04177101328969002,0.005415836349129677,-3.1906397371676727
2014-04-04,fold_3,Taper tantrum and 2014 H1,0.009607786312699318,1,-0.009539262391626835,-1,-0.009539262391626835,0.021188783306570258,,,,0,-95.39262391626835,0.006708316970616579,-0.026514969766139984,0.009607786312699318,-0.9243960077394551
2014-04-07,fold_3,Taper tantrum and 2014 H1,0.015940340235829353,1,0.009191613644361496,1,0.009191613644361496,0.030380396950931754,,,,1,91.91613644361496,0.010077672079205513,-0.00915968231856823,0.015940340235829353,0.8724212064864433
2014-04-08,fold_3,Taper tantrum and 2014 H1,0.014518966898322105,1,0.016996895894408226,1,0.016996895894408226,0.04737729284533998,,,,1,169.96895894408226,-0.0001333574764430523,-0.015053289011120796,0.014518966898322105,1.5898401667635498
2014-04-09,fold_3,Taper tantrum and 2014 H1,0.005011832341551781,1,-0.03146267682313919,-1,-0.03146267682313919,0.01591461602220079,,,,0,-314.6267682313919,0.0001360289752483368,-0.018851255998015404,0.005011832341551781,-2.7805663507372933
2014-04-10,fold_3,Taper tantrum and 2014 H1,0.02160649187862873,1,-0.01170154195278883,-1,-0.01170154195278883,0.0042130740694119595,,,,0,-117.0154195278883,-0.003487003967165947,0.012843403033912182,0.02160649187862873,-0.9044168442628483
2014-04-11,fold_3,Taper tantrum and 2014 H1,0.024570731446146965,1,0.007816024124622345,1,0.007816024124622345,0.012029098194034304,,,,1,78.16024124622345,-0.007748216390609741,0.031941864639520645,0.024570731446146965,0.5961510368720718
2014-04-14,fold_3,Taper tantrum and 2014 H1,0.02326817996799946,1,0.0032980076503008604,1,0.0032980076503008604,0.015327105844335165,,,,1,32.980076503008604,-0.011518670246005058,0.0320403128862381,0.02326817996799946,0.25212227676228055
2014-04-15,fold_3,Taper tantrum and 2014 H1,0.02735080011188984,1,0.013198929838836193,1,0.013198929838836193,0.028526035683171358,,,,1,131.98929838836193,5.025463178753853e-05,0.01990613155066967,0.02735080011188984,1.029239149505944
2014-04-16,fold_3,Taper tantrum and 2014 H1,0.018084248527884483,1,0.0002319830673513934,1,0.0002319830673513934,0.02875801875052275,,,,1,2.319830673513934,0.0004923269152641296,0.016228817403316498,0.018084248527884483,0.017704409515367756
2014-04-17,fold_3,Taper tantrum and 2014 H1,0.015399491414427757,1,0.007396920118480921,1,0.007396920118480921,0.03615493886900367,,,,1,73.96920118480921,-0.0027519920840859413,-0.00011613046081038192,0.015399491414427757,0.5651443196261554
2014-04-21,fold_3,Taper tantrum and 2014 H1,0.008695369586348534,1,0.007914471440017223,1,0.007914471440017223,0.044069410309020896,,,,1,79.14471440017223,-0.001291148830205202,-0.004269872326403856,0.008695369586348534,0.6129573868021266
2014-04-22,fold_3,Taper tantrum and 2014 H1,0.006006082519888878,1,-0.008836171589791775,-1,-0.008836171589791775,0.03523323871922912,,,,0,-88.36171589791775,-0.0002924608998000622,-0.004236620385199785,0.006006082519888878,-0.685870461320646
2014-04-23,fold_3,Taper tantrum and 2014 H1,0.003808470442891121,1,0.009521614760160446,1,0.009521614760160446,0.04475485347938957,,,,1,95.21614760160446,0.0035878955386579037,0.007235391531139612,0.003808470442891121,0.7316941727822702
2014-04-24,fold_3,Taper tantrum and 2014 H1,0.002132052555680275,1,-0.01611296460032463,-1,-0.01611296460032463,0.028641888879064936,,,,0,-161.1296460032463,0.0015817475505173206,0.0006843045121058822,0.002132052555680275,-1.252605071352228
2014-04-25,fold_3,Taper tantrum and 2014 H1,0.0035706255584955215,1,0.0032431783620268106,1,0.0032431783620268106,0.03188506724109175,,,,1,32.43178362026811,0.008535217493772507,0.01497045811265707,0.0035706255584955215,0.2438609425001167
2014-04-28,fold_3,Taper tantrum and 2014 H1,0.0032891910523176193,1,0.00794772244989872,1,0.00794772244989872,0.03983278969099047,,,,1,79.4772244989872,0.005043645855039358,0.016970984637737274,0.0032891910523176193,0.5970399685811895
2014-04-29,fold_3,Taper tantrum and 2014 H1,0.004607504233717918,1,0.0026358403265476227,1,0.0026358403265476227,0.04246863001753809,,,,1,26.358403265476227,-0.0027147161308676004,-0.004023039247840643,0.004607504233717918,0.19765020906525657
2014-04-30,fold_3,Taper tantrum and 2014 H1,-0.0005541816353797913,-1,0.002970527159050107,1,-0.002970527159050107,0.03949810285848798,,,,0,-29.70527159050107,0.003776430618017912,-0.00954312551766634,-0.0005541816353797913,0.2326464559028697
2014-05-01,fold_3,Taper tantrum and 2014 H1,-0.0001887138932943344,-1,-0.0018268103012815118,-1,0.0018268103012815118,0.041324913159769494,,,,1,18.268103012815118,0.0035168626345694065,-0.013438626192510128,-0.0001887138932943344,-0.14302445624634064
2014-05-02,fold_3,Taper tantrum and 2014 H1,0.0005608219653367996,1,0.005243705119937658,1,0.005243705119937658,0.04656861827970715,,,,1,52.43705119937658,-0.002404487691819668,-0.007918200455605984,0.0005608219653367996,0.41437903964715017
2014-05-05,fold_3,Taper tantrum and 2014 H1,-0.0030472446233034134,-1,-0.013046301901340485,-1,0.013046301901340485,0.05961492018104764,,,,1,130.46301901340485,-0.0003637378104031086,0.003178476123139262,-0.0030472446233034134,-1.1660932572157228
2014-05-06,fold_3,Taper tantrum and 2014 H1,0.0004383344203233719,1,-0.002884245477616787,-1,-0.002884245477616787,0.05673067470343085,,,,0,-28.84245477616787,0.003088937606662512,0.016904594376683235,0.0004383344203233719,-0.25381310969980364
2014-05-07,fold_3,Taper tantrum and 2014 H1,-0.0028494950383901596,-1,-0.0009249738068319857,-1,0.0009249738068319857,0.057655648510262836,,,,1,9.249738068319857,0.0034747752360999584,0.01456519030034542,-0.0028494950383901596,-0.08262502824968634
2014-05-08,fold_3,Taper tantrum and 2014 H1,0.00013211742043495178,1,0.003693615784868598,1,0.003693615784868598,0.061349264295131434,,,,1,36.93615784868598,0.0050224862061440945,0.00760283088311553,0.00013211742043495178,0.3507050202758788
2014-05-09,fold_3,Taper tantrum and 2014 H1,0.0028491858392953873,1,0.016340382397174835,1,0.016340382397174835,0.07768964669230627,,,,1,163.40382397174835,0.00412036431953311,0.010429514572024345,0.0028491858392953873,2.073398925339283
2014-05-12,fold_3,Taper tantrum and 2014 H1,-0.00021018832921981812,-1,0.0006798167596571147,1,-0.0006798167596571147,0.07700982993264915,,,,0,-6.798167596571147,-0.002968704327940941,0.0010198835516348481,-0.00021018832921981812,0.08207038410880037
2014-05-13,fold_3,Taper tantrum and 2014 H1,0.0013788659125566483,1,-0.005223650485277176,-1,-0.005223650485277176,0.07178617944737198,,,,0,-52.23650485277176,0.00041337404400110245,-0.00328986463136971,0.0013788659125566483,-0.6450313470035096
2014-05-14,fold_3,Taper tantrum and 2014 H1,0.0016875509172677994,1,-0.007887332700192928,-1,-0.007887332700192928,0.06389884674717905,,,,0,-78.87332700192928,0.004498951602727175,0.011433972977101803,0.0016875509172677994,-0.9679146831549944
2014-05-15,fold_3,Taper tantrum and 2014 H1,0.004977865144610405,1,0.006520299706608057,1,0.006520299706608057,0.07041914645378711,,,,1,65.20299706608057,0.00012955907732248306,0.023701516911387444,0.004977865144610405,0.8361923425833073
2014-05-16,fold_3,Taper tantrum and 2014 H1,0.0015667062252759933,1,0.0069307503290474415,1,0.0069307503290474415,0.07734989678283455,,,,1,69.30750329047441,0.00026064226403832436,0.02443923056125641,0.0015667062252759933,0.8737077739859721
2014-05-19,fold_3,Taper tantrum and 2014 H1,0.001207226887345314,1,-0.0036299314815551043,-1,-0.0036299314815551043,0.07371996530127944,,,,0,-36.29931481555104,0.003056890796869993,0.029892729595303535,0.001207226887345314,-0.45881738372934977
2014-05-20,fold_3,Taper tantrum and 2014 H1,0.0050270576030015945,1,0.009500186890363693,1,0.009500186890363693,0.08322015219164314,,,,1,95.00186890363693,0.0034046215005218983,0.03044099360704422,0.0050270576030015945,1.225258190591561
2014-05-21,fold_3,Taper tantrum and 2014 H1,0.0003838520497083664,1,0.004380210768431425,1,0.004380210768431425,0.08760036296007456,,,,1,43.80210768431425,0.006326844450086355,0.027313604950904846,0.0003838520497083664,0.5620858252523185
2014-05-22,fold_3,Taper tantrum and 2014 H1,0.0017799567431211472,1,0.007258014287799597,1,0.007258014287799597,0.09485837724787416,,,,1,72.58014287799597,0.00529699819162488,0.023042934015393257,0.0017799567431211472,0.9600542360580507
2014-05-23,fold_3,Taper tantrum and 2014 H1,0.002499295398592949,1,0.012384248897433281,1,0.012384248897433281,0.10724262614530744,,,,1,123.84248897433281,0.006267158780246973,0.014798999764025211,0.002499295398592949,1.8101637895137987
2014-05-27,fold_3,Taper tantrum and 2014 H1,-0.0008117780089378357,-1,-0.0030816674698144197,-1,0.0030816674698144197,0.11032429361512186,,,,1,30.816674698144197,0.00424593361094594,0.0019759966526180506,-0.0008117780089378357,-0.4195607894926704
2014-05-28,fold_3,Taper tantrum and 2014 H1,-0.0033752452582120895,-1,0.006372798699885607,1,-0.006372798699885607,0.10395149491523625,,,,0,-63.72798699885607,0.005674902815371752,0.008779807947576046,-0.0033752452582120895,0.8900581927586882
2014-05-29,fold_3,Taper tantrum and 2014 H1,-0.0022026244550943375,-1,0.00010953944001812488,1,-0.00010953944001812488,0.10384195547521813,,,,0,-1.0953944001812488,0.006017875391989946,0.010785252787172794,-0.0022026244550943375,0.015053706886225565
2014-05-30,fold_3,Taper tantrum and 2014 H1,-0.003086516633629799,-1,-0.0009859201963990927,-1,0.0009859201963990927,0.10482787567161722,,,,1,9.859201963990927,0.0036481604911386967,0.01640191674232483,-0.003086516633629799,-0.13605960599780215
2014-06-02,fold_3,Taper tantrum and 2014 H1,-0.0012131612747907639,-1,-0.00043875392293557525,-1,0.00043875392293557525,0.1052666295945528,,,,1,4.3875392293557525,0.007122477050870657,0.016633290797472,-0.0012131612747907639,-0.060617508986671356
2014-06-03,fold_3,Taper tantrum and 2014 H1,0.0002625472843647003,1,0.003722143592312932,1,0.003722143592312932,0.10898877318686573,,,,1,37.22143592312932,0.008385268971323967,0.018795523792505264,0.0002625472843647003,0.52107920808085
2014-06-04,fold_3,Taper tantrum and 2014 H1,-0.00034026429057121277,-1,0.008378244005143642,1,-0.008378244005143642,0.10061052918172209,,,,0,-83.78244005143642,0.014368854463100433,0.014858423732221127,-0.00034026429057121277,1.2746072309545615
2014-06-05,fold_3,Taper tantrum and 2014 H1,-0.0014216694980859756,-1,0.005726202856749296,1,-0.005726202856749296,0.09488432632497279,,,,0,-57.26202856749296,0.011626873165369034,-0.002603821223601699,-0.0014216694980859756,0.841536314923747
2014-06-06,fold_3,Taper tantrum and 2014 H1,-0.00036252662539482117,-1,-0.0007545453845523298,-1,0.0007545453845523298,0.09563887170952512,,,,1,7.545453845523298,0.010406440123915672,-0.005401598289608955,-0.00036252662539482117,-0.1090258095653863
2014-06-09,fold_3,Taper tantrum and 2014 H1,-0.0001550428569316864,-1,0.0017234788974747062,1,-0.0017234788974747062,0.09391539281205041,,,,0,-17.23478897474706,0.007767089176923037,-0.0037802942097187042,-0.0001550428569316864,0.2507459024618815
2014-06-10,fold_3,Taper tantrum and 2014 H1,0.00043997354805469513,1,-0.00021495713735930622,-1,-0.00021495713735930622,0.09370043567469111,,,,0,-2.149571373593062,0.006837883498519659,-0.004963437560945749,0.00043997354805469513,-0.036842175568203905
2014-06-11,fold_3,Taper tantrum and 2014 H1,-0.0016485340893268585,-1,-0.009084000252187252,-1,0.009084000252187252,0.10278443592687836,,,,1,90.84000252187252,0.007799264509230852,0.0008610818767920136,-0.0016485340893268585,-1.557411019774264
2014-06-12,fold_3,Taper tantrum and 2014 H1,-0.004193004220724106,-1,0.0029284260235726833,1,-0.0029284260235726833,0.09985600990330568,,,,0,-29.284260235726833,0.007328877691179514,0.009298957884311676,-0.004193004220724106,0.48285032094804403
2014-06-13,fold_3,Taper tantrum and 2014 H1,-0.001505821943283081,-1,0.0008667586953379214,1,-0.0008667586953379214,0.09898925120796775,,,,0,-8.667586953379214,0.01092887669801712,0.007546482607722282,-0.001505821943283081,0.1484276600289527
2014-06-16,fold_3,Taper tantrum and 2014 H1,-0.004078995436429977,-1,0.0005403357790783048,1,-0.0005403357790783048,0.09844891542888945,,,,0,-5.403357790783048,0.008727895095944405,0.006895371712744236,-0.004078995436429977,0.09549964981027752
2014-06-17,fold_3,Taper tantrum and 2014 H1,-0.0010234061628580093,-1,0.005609562154859304,1,-0.005609562154859304,0.09283935327403015,,,,0,-56.095621548593044,0.012120483443140984,0.005384569056332111,-0.0010234061628580093,1.0306115744567852
2014-06-18,fold_3,Taper tantrum and 2014 H1,-0.004235783591866493,-1,-0.000646124710328877,-1,0.000646124710328877,0.09348547798435902,,,,1,6.46124710328877,0.009214328601956367,0.006119376048445702,-0.004235783591866493,-0.11691776295906459
2014-06-19,fold_3,Taper tantrum and 2014 H1,-0.0014971587806940079,-1,0.001175950514152646,1,-0.001175950514152646,0.09230952747020638,,,,0,-11.75950514152646,0.007799724582582712,0.007301395758986473,-0.0014971587806940079,0.2304085862318534
2014-06-20,fold_3,Taper tantrum and 2014 H1,-0.0002960115671157837,-1,0.0002156479167751968,1,-0.0002156479167751968,0.09209387955343118,,,,0,-2.156479167751968,0.008370015770196915,0.010508253239095211,-0.0002960115671157837,0.04299375123078296
2014-06-23,fold_3,Taper tantrum and 2014 H1,-0.0006039794534444809,-1,-0.0009704668773338199,-1,0.0009704668773338199,0.093064346430765,,,,1,9.704668773338199,0.007535131182521582,0.011997771449387074,-0.0006039794534444809,-0.20447154155560207
2014-06-24,fold_3,Taper tantrum and 2014 H1,-0.0007599163800477982,-1,0.006344369146972895,1,-0.006344369146972895,0.0867199772837921,,,,0,-63.44369146972895,0.006251913961023092,0.023876363411545753,-0.0007599163800477982,1.643309511582408
2014-06-25,fold_3,Taper tantrum and 2014 H1,-0.0035521257668733597,-1,0.0005358947673812509,1,-0.0005358947673812509,0.08618408251641085,,,,0,-5.358947673812509,0.008902404457330704,0.019215893000364304,-0.0035521257668733597,0.13215691458243795
2014-06-26,fold_3,Taper tantrum and 2014 H1,-0.004422739148139954,-1,0.00438280776143074,1,-0.00438280776143074,0.08180127475498011,,,,0,-43.828077614307404,0.003561347257345915,0.024969423189759254,-0.004422739148139954,1.1539035577103673
2014-06-27,fold_3,Taper tantrum and 2014 H1,-0.001503627747297287,-1,0.0017051667673513293,1,-0.0017051667673513293,0.08009610798762878,,,,0,-17.051667673513293,0.005997867789119482,0.01755196787416935,-0.001503627747297287,0.4347071467681163
2014-06-30,fold_3,Taper tantrum and 2014 H1,-0.0022939052432775497,-1,0.010908124968409538,1,-0.010908124968409538,0.06918798301921925,,,,0,-109.08124968409538,0.004389145877212286,0.0037202120292931795,-0.0022939052432775497,2.7721612507452202
2014-07-01,fold_3,Taper tantrum and 2014 H1,-0.0020386483520269394,-1,0.0016838997835293412,1,-0.0016838997835293412,0.0675040832356899,,,,0,-16.838997835293412,0.007897824048995972,0.0002107195177813992,-0.0020386483520269394,0.36381104072122655
2014-07-02,fold_3,Taper tantrum and 2014 H1,0.0001881048083305359,1,0.00628942484036088,1,0.00628942484036088,0.07379350807605078,,,,1,62.8942484036088,0.015094475820660591,-0.0046371459029614925,0.0001881048083305359,1.3766643287193563
2014-07-03,fold_3,Taper tantrum and 2014 H1,0.0018991250544786453,1,-0.0030346480198204517,-1,-0.0030346480198204517,0.07075886005623033,,,,0,-30.346480198204517,0.01581561379134655,-0.004503125324845314,0.0018991250544786453,-0.6900461447877146
2014-07-07,fold_3,Taper tantrum and 2014 H1,0.0017349440604448318,1,-0.012126589193940163,-1,-0.012126589193940163,0.05863227086229017,,,,0,-121.26589193940163,0.013414744287729263,0.004496706649661064,0.0017349440604448318,-2.8455543192125514
2014-07-08,fold_3,Taper tantrum and 2014 H1,-0.0006186347454786301,-1,0.007398632355034351,1,-0.007398632355034351,0.05123363850725582,,,,0,-73.98632355034351,0.012117616832256317,0.013173858635127544,-0.0006186347454786301,1.4655670883826315
2014-07-09,fold_3,Taper tantrum and 2014 H1,-0.001368839293718338,-1,-0.0031639656517654657,-1,0.0031639656517654657,0.054397604159021284,,,,1,31.639656517654657,0.014796482399106026,0.00974604208022356,-0.001368839293718338,-0.5971461092102441
2014-07-10,fold_3,Taper tantrum and 2014 H1,-0.0016919467598199844,-1,0.006423445418477058,1,-0.006423445418477058,0.047974158740544226,,,,0,-64.23445418477058,0.008248493075370789,-0.0004228194011375308,-0.0016919467598199844,1.2017025952140485
2014-07-11,fold_3,Taper tantrum and 2014 H1,0.0038031842559576035,1,0.0059651839546859264,1,0.0059651839546859264,0.05393934269523015,,,,1,59.651839546859264,0.013664031401276588,0.008882122114300728,0.0038031842559576035,1.1585792441699563
2014-07-14,fold_3,Taper tantrum and 2014 H1,0.0006144549697637558,1,-0.003449437441304326,-1,-0.003449437441304326,0.050489905253925826,,,,0,-34.49437441304326,0.01289273239672184,0.0016677516978234053,0.0006144549697637558,-0.6535234140812817
2014-07-15,fold_3,Taper tantrum and 2014 H1,0.0010897908359766006,1,0.003970816265791655,1,0.003970816265791655,0.05446072151971748,,,,1,39.708162657916546,0.010683011263608932,0.01145125925540924,0.0010897908359766006,0.7448884330714018
2014-07-16,fold_3,Taper tantrum and 2014 H1,-0.001520225778222084,-1,-0.013332827016711235,-1,0.013332827016711235,0.06779354853642872,,,,1,133.32827016711235,0.013036422431468964,0.013877581804990768,-0.001520225778222084,-2.467743478875805
2014-07-17,fold_3,Taper tantrum and 2014 H1,0.00036955997347831726,1,0.015728386119008064,1,0.015728386119008064,0.08352193465543678,,,,1,157.28386119008064,0.01166675053536892,0.026078633964061737,0.00036955997347831726,2.603183061654549
2014-07-18,fold_3,Taper tantrum and 2014 H1,-0.0039451271295547485,-1,-0.0012491863453760743,-1,0.0012491863453760743,0.08477112100081285,,,,1,12.491863453760743,0.013852057978510857,0.006429646164178848,-0.0039451271295547485,-0.17872204598867492
2014-07-21,fold_3,Taper tantrum and 2014 H1,-0.0016005467623472214,-1,0.006334070116281509,1,-0.006334070116281509,0.07843705088453135,,,,0,-63.340701162815094,0.010929260402917862,0.007989144884049892,-0.0016005467623472214,0.9061378421587718
2014-07-22,fold_3,Taper tantrum and 2014 H1,0.000935019925236702,1,0.00639713928103447,1,0.00639713928103447,0.08483419016556581,,,,1,63.971392810344696,0.010877290740609169,-0.00010333875979995355,0.000935019925236702,0.8969545824667564
2014-07-23,fold_3,Taper tantrum and 2014 H1,0.00011810846626758575,1,-0.0011317766038700938,-1,-0.0011317766038700938,0.08370241356169572,,,,0,-11.317766038700938,0.011437183246016502,-0.002574207494035363,0.00011810846626758575,-0.15565918702123097
2014-07-24,fold_3,Taper tantrum and 2014 H1,-0.00017973780632019043,-1,-0.003920600283890963,-1,0.003920600283890963,0.08762301384558668,,,,1,39.206002838909626,0.00905846431851387,-0.021860044449567795,-0.00017973780632019043,-0.5494414230069968
2014-07-25,fold_3,Taper tantrum and 2014 H1,0.00405755452811718,1,0.0003103120543528348,1,0.0003103120543528348,0.08793332589993952,,,,1,3.103120543528348,0.014008143916726112,-0.021629933267831802,0.00405755452811718,0.04316926421390465
2014-07-28,fold_3,Taper tantrum and 2014 H1,0.00219806469976902,1,-0.001758413389325142,-1,-0.001758413389325142,0.08617491251061438,,,,0,-17.58413389325142,0.014231111854314804,-0.015097670257091522,0.00219806469976902,-0.24691679954321788
2014-07-29,fold_3,Taper tantrum and 2014 H1,0.004145422950387001,1,0.003926270641386509,1,0.003926270641386509,0.09010118315200089,,,,1,39.26270641386509,0.01541997492313385,-0.02102711983025074,0.004145422950387001,0.5512776424635283
2014-07-30,fold_3,Taper tantrum and 2014 H1,0.0007887054234743118,1,-0.02041761204600334,-1,-0.02041761204600334,0.06968357110599754,,,,0,-204.17612046003342,0.011183181777596474,-0.025693856179714203,0.0007887054234743118,-3.0253746553661913
2014-07-31,fold_3,Taper tantrum and 2014 H1,0.005111014470458031,1,-0.003690489800646901,-1,-0.003690489800646901,0.06599308130535064,,,,0,-36.90489800646901,0.013133693486452103,-0.008454873226583004,0.005111014470458031,-0.4534157647166218
2014-08-01,fold_3,Taper tantrum and 2014 H1,0.0057771336287260056,1,0.0068425750359892845,1,0.0068425750359892845,0.07283565634133993,,,,1,68.42575035989285,0.004370084498077631,0.0024269213899970055,0.0057771336287260056,0.8490340969905606
2014-08-04,fold_3,Taper tantrum and 2014 H1,0.00978999026119709,1,-0.007687862496823072,-1,-0.007687862496823072,0.06514779384451685,,,,0,-76.87862496823072,0.00039085419848561287,0.001467795460484922,0.00978999026119709,-0.9404013445423478
2014-08-05,fold_3,Taper tantrum and 2014 H1,0.015732450410723686,1,-0.0007404669304378331,-1,-0.0007404669304378331,0.06440732691407902,,,,0,-7.404669304378331,0.00524240592494607,0.008736382238566875,0.015732450410723686,-0.0937116027863874
2014-08-06,fold_3,Taper tantrum and 2014 H1,0.013239311054348946,1,-0.00317862955853343,-1,-0.00317862955853343,0.06122869735554559,,,,0,-31.7862955853343,0.0006558308377861977,0.02000616118311882,0.013239311054348946,-0.41130322963078586
2014-08-07,fold_3,Taper tantrum and 2014 H1,0.02130579762160778,1,0.007191305048763752,1,0.007191305048763752,0.06842000240430934,,,,1,71.91305048763752,0.006773249711841345,0.028356796130537987,0.02130579762160778,0.9304928116568347
2014-08-08,fold_3,Taper tantrum and 2014 H1,0.017133517190814018,1,0.005883449222892523,1,0.005883449222892523,0.07430345162720187,,,,1,58.83449222892523,-0.002763675060123205,0.02600216120481491,0.017133517190814018,0.757958197237931
2014-08-11,fold_3,Taper tantrum and 2014 H1,0.014083577319979668,1,-0.0004192753112874925,-1,-0.0004192753112874925,0.07388417631591437,,,,0,-4.192753112874925,-0.003542007179930806,0.02778947539627552,0.014083577319979668,-0.05403648788866629
2014-08-12,fold_3,Taper tantrum and 2014 H1,0.012847205623984337,1,0.010529312305152416,1,0.010529312305152416,0.08441348862106679,,,,1,105.29312305152416,-0.0023829236160963774,0.03379705175757408,0.012847205623984337,1.363679603234186
2014-08-13,fold_3,Taper tantrum and 2014 H1,0.0033927541226148605,1,0.0051720053888857365,1,0.0051720053888857365,0.08958549400995253,,,,1,51.720053888857365,-0.0038589462637901306,0.02326774038374424,0.0033927541226148605,0.6446265908960627
2014-08-14,fold_3,Taper tantrum and 2014 H1,0.001690628007054329,1,0.004836669657379389,1,0.004836669657379389,0.09442216366733192,,,,1,48.36669657379389,0.0010830904357135296,0.020119888707995415,0.001690628007054329,0.6416355422554882
2014-08-15,fold_3,Taper tantrum and 2014 H1,0.0003996361047029495,1,0.007670763414353132,1,0.007670763414353132,0.10209292708168505,,,,1,76.70763414353132,0.0005466761067509651,0.016798965632915497,0.0003996361047029495,1.135661916793589
2014-08-18,fold_3,Taper tantrum and 2014 H1,0.001039421185851097,1,0.005588300991803408,1,0.005588300991803408,0.10768122807348846,,,,1,55.88300991803408,0.005227309186011553,0.012655028142035007,0.001039421185851097,0.8025449421832442
2014-08-19,fold_3,Taper tantrum and 2014 H1,0.0017228145152330399,1,0.0,0,0.0,0.10768122807348846,,,,0,0.0,0.004925924818962812,0.008072314783930779,0.0017228145152330399,0.0
2014-08-20,fold_3,Taper tantrum and 2014 H1,2.272985875606537e-05,1,0.0020241537131369114,1,0.0020241537131369114,0.10970538178662537,,,,1,20.241537131369114,0.006107645574957132,0.008273630402982235,2.272985875606537e-05,0.2984589132808147
2014-08-21,fold_3,Taper tantrum and 2014 H1,-0.0017480384558439255,-1,0.0015157470479607582,1,-0.0015157470479607582,0.10818963473866461,,,,0,-15.157470479607582,0.008089445531368256,0.005143505055457354,-0.0017480384558439255,0.22315366394154962
2014-08-22,fold_3,Taper tantrum and 2014 H1,-0.0003586653620004654,-1,0.00352682638913393,1,-0.00352682638913393,0.10466280834953068,,,,0,-35.2682638913393,0.008735036477446556,0.007342625875025988,-0.0003586653620004654,0.5229497782812355
2014-08-25,fold_3,Taper tantrum and 2014 H1,-0.0007148701697587967,-1,0.0010055879829451442,1,-0.0010055879829451442,0.10365722036658553,,,,0,-10.055879829451442,0.009844701737165451,0.00671806838363409,-0.0007148701697587967,0.14810494098229504
2014-08-26,fold_3,Taper tantrum and 2014 H1,-0.0011963434517383575,-1,0.0002013150224229321,1,-0.0002013150224229321,0.1034559053441626,,,,0,-2.013150224229321,0.009514184668660164,-0.00020076821965631098,-0.0011963434517383575,0.029683580416780462
2014-08-27,fold_3,Taper tantrum and 2014 H1,-0.0011037234216928482,-1,-0.0011059711687266827,-1,0.0011059711687266827,0.10456187651288928,,,,1,11.059711687266827,0.012395856902003288,-0.0013072571018710732,-0.0011037234216928482,-0.16445378893942256
2014-08-28,fold_3,Taper tantrum and 2014 H1,-0.0010322146117687225,-1,0.0037148678675293922,1,-0.0037148678675293922,0.10084700864535989,,,,0,-37.14867867529392,0.014328587800264359,0.004816656932234764,-0.0010322146117687225,0.7513692050723919
2014-08-29,fold_3,Taper tantrum and 2014 H1,-0.0014258921146392822,-1,0.002902268897742033,1,-0.002902268897742033,0.09794473974761786,,,,0,-29.02268897742033,0.01239091344177723,0.0030023581348359585,-0.0014258921146392822,0.5869045800932715
2014-09-02,fold_3,Taper tantrum and 2014 H1,-0.0003548935055732727,-1,-0.005913248751312494,-1,0.005913248751312494,0.10385798849893035,,,,1,59.13248751312494,0.01575234904885292,-0.008227802813053131,-0.0003548935055732727,-1.2456932093143112
2014-09-03,fold_3,Taper tantrum and 2014 H1,-0.0006883498281240463,-1,-0.0009051738306879997,-1,0.0009051738306879997,0.10476316232961835,,,,1,9.051738306879997,0.021061263978481293,0.005913248751312494,-0.0006883498281240463,-0.19600618181372603
2014-09-04,fold_3,Taper tantrum and 2014 H1,-0.0008541308343410492,-1,0.005017942748963833,1,-0.005017942748963833,0.09974521958065452,,,,0,-50.17942748963833,0.020279228687286377,0.0060186004266142845,-0.0008541308343410492,1.0862393282937621
2014-09-05,fold_3,Taper tantrum and 2014 H1,-0.0010803211480379105,-1,0.0019005690701305866,1,-0.0019005690701305866,0.09784465051052393,,,,0,-19.005690701305866,0.01290905475616455,-0.004112768918275833,-0.0010803211480379105,0.40433892746950595
2014-09-08,fold_3,Taper tantrum and 2014 H1,-0.002964325249195099,-1,-0.008327892050147057,-1,0.008327892050147057,0.10617254256067099,,,,1,83.27892050147057,0.01458662562072277,-0.01571054756641388,-0.002964325249195099,-1.8768245623151516
2014-09-09,fold_3,Taper tantrum and 2014 H1,-0.0030091796070337296,-1,0.008227802813053131,1,-0.008227802813053131,0.09794473974761786,,,,0,-82.27802813053131,0.019321756437420845,0.001308427657932043,-0.0030091796070337296,1.777519263451231
2014-09-10,fold_3,Taper tantrum and 2014 H1,-0.003914074972271919,-1,-0.0007998223882168531,-1,0.0007998223882168531,0.09874456213583471,,,,1,7.998223882168531,0.016748473048210144,-0.00541094271466136,-0.003914074972271919,-0.16060189297344188
2014-09-11,fold_3,Taper tantrum and 2014 H1,-0.006791381165385246,-1,-0.005113426595926285,-1,0.005113426595926285,0.103857988731761,,,,1,51.13426595926285,0.010877296328544617,0.0028961822390556335,-0.006791381165385246,-1.1642305984975365
2014-09-12,fold_3,Taper tantrum and 2014 H1,-5.391053855419159e-05,-1,-0.009697210043668747,-1,0.009697210043668747,0.11355519877542974,,,,1,96.97210043668747,0.023177897557616234,0.007389549165964127,-5.391053855419159e-05,-2.2095975746885537
2014-09-15,fold_3,Taper tantrum and 2014 H1,-0.0022256560623645782,-1,0.008691084571182728,1,-0.008691084571182728,0.10486411420424702,,,,0,-86.91084571182728,0.016615478321909904,0.00774153508245945,-0.0022256560623645782,1.8204422697855847
2014-09-16,fold_3,Taper tantrum and 2014 H1,-0.007487989962100983,-1,0.0015084322076290846,1,-0.0015084322076290846,0.10335568199661793,,,,0,-15.084322076290846,0.006611792836338282,-0.003679014276713133,-0.007487989962100983,0.3103262284268353
2014-09-17,fold_3,Taper tantrum and 2014 H1,-0.01344725675880909,-1,0.0075073023326694965,1,-0.0075073023326694965,0.09584837966394844,,,,0,-75.07302332669497,0.0010281829163432121,0.005486177280545235,-0.01344725675880909,1.594067302481406
2014-09-18,fold_3,Taper tantrum and 2014 H1,-0.007637945935130119,-1,-0.0006200594361871481,-1,0.0006200594361871481,0.09646843910013558,,,,1,6.200594361871481,0.006219774018973112,-0.0232794601470232,-0.007637945935130119,-0.12401778789185415
2014-09-19,fold_3,Taper tantrum and 2014 H1,-0.00842251256108284,-1,-0.009345224127173424,-1,0.009345224127173424,0.10581366322730901,,,,1,93.45224127173424,0.0026667905040085316,-0.012074689380824566,-0.00842251256108284,-1.876112941336521
2014-09-22,fold_3,Taper tantrum and 2014 H1,-0.004203047603368759,-1,-0.002729465253651142,-1,0.002729465253651142,0.10854312848096015,,,,1,27.29465253651142,0.008159628137946129,-0.0040466017089784145,-0.004203047603368759,-0.5062925958727779
2014-09-23,fold_3,Taper tantrum and 2014 H1,-0.001223212108016014,-1,0.010673623532056808,1,-0.010673623532056808,0.09786950494890334,,,,0,-106.73623532056808,0.012001214548945427,0.00010115558688994497,-0.001223212108016014,1.9884172085794183
2014-09-24,fold_3,Taper tantrum and 2014 H1,-0.008484307676553726,-1,-0.021258333697915077,-1,0.021258333697915077,0.11912783864681842,,,,1,212.58333697915077,0.011466225609183311,-0.026695234701037407,-0.008484307676553726,-3.6213541307532724
2014-09-25,fold_3,Taper tantrum and 2014 H1,0.008151208981871605,1,0.010584711097180843,1,0.010584711097180843,0.12971254974399926,,,,1,105.84711097180843,0.01264113001525402,-0.005436900071799755,0.008151208981871605,1.4013167095476196
2014-09-26,fold_3,Taper tantrum and 2014 H1,0.0051080044358968735,1,-0.0013171363389119506,-1,-0.0013171363389119506,0.1283954134050873,,,,0,-13.171363389119506,0.008684223517775536,-0.0061947559006512165,0.0051080044358968735,-0.1664801500173341
2014-09-29,fold_3,Taper tantrum and 2014 H1,0.002876361832022667,1,0.0014182919403538108,1,0.0014182919403538108,0.12981370534544112,,,,1,14.182919403538108,0.008459486067295074,-0.007019097916781902,0.002876361832022667,0.1801359166050565
2015-09-15,fold_4,China devaluation and oil crash,0.019174719229340553,1,0.005618483759462833,1,0.005618483759462833,0.005618483759462833,,,,1,56.184837594628334,-0.009543072432279587,-0.02026941254734993,0.019174719229340553,0.2423541223530864
2015-09-16,fold_4,China devaluation and oil crash,0.007557181641459465,1,0.00037324512959457934,1,0.00037324512959457934,0.005991728889057413,,,,1,3.7324512959457934,-0.021312758326530457,-0.025119448080658913,0.007557181641459465,0.01609604162384066
2015-09-17,fold_4,China devaluation and oil crash,0.007081096991896629,1,-0.014325105585157871,-1,-0.014325105585157871,-0.008333376696100459,,,,0,-143.2510558515787,-0.03762559965252876,-0.02914709784090519,0.007081096991896629,-0.6190175770752189
2015-09-18,fold_4,China devaluation and oil crash,0.010337112471461296,1,0.0031276640947908163,1,0.0031276640947908163,-0.005205712601309642,,,,1,31.276640947908163,-0.03523004800081253,-0.023336129263043404,0.010337112471461296,0.13899245747091407
2015-09-21,fold_4,China devaluation and oil crash,0.010624079033732414,1,-0.015063699334859848,-1,-0.015063699334859848,-0.02026941193616949,,,,0,-150.63699334859848,-0.049728889018297195,-0.055345356464385986,0.010624079033732414,-0.746687887394059
2015-09-22,fold_4,China devaluation and oil crash,0.011399315670132637,1,0.0007684477022849023,1,0.0007684477022849023,-0.019500964233884588,,,,1,7.684477022849023,-0.05246874690055847,-0.04549579694867134,0.011399315670132637,0.04159180316692615
2015-09-23,fold_4,China devaluation and oil crash,0.016506189480423927,1,-0.003654405241832137,-1,-0.003654405241832137,-0.023155369475716725,,,,0,-36.54405241832137,-0.04723760858178139,-0.02350310981273651,0.016506189480423927,-0.19798969234792727
2015-09-24,fold_4,China devaluation and oil crash,0.018122123554348946,1,-0.00851413607597351,-1,-0.00851413607597351,-0.031669505551690236,,,,0,-85.14136075973511,-0.04147414118051529,-0.015338551253080368,0.018122123554348946,-0.5731943020936433
2015-09-25,fold_4,China devaluation and oil crash,0.024515928700566292,1,-0.028881562873721123,-1,-0.028881562873721123,-0.06055106842541136,,,,0,-288.8156287372112,-0.020665444433689117,0.010535220615565777,0.024515928700566292,-2.07910398068912
2015-09-28,fold_4,China devaluation and oil crash,0.0223307553678751,1,-0.005214141681790352,-1,-0.005214141681790352,-0.06576521010720171,,,,0,-52.14141681790352,-0.007494100369513035,0.053640756756067276,0.0223307553678751,-0.34036847806668635
2015-09-29,fold_4,China devaluation and oil crash,0.02404278703033924,1,0.022761136293411255,1,0.022761136293411255,-0.043004073813790455,,,,1,227.61136293411255,-0.00026252493262290955,0.05410434678196907,0.02404278703033924,1.5065800472282846
2015-09-30,fold_4,China devaluation and oil crash,0.01319541223347187,1,0.004510152153670788,1,0.004510152153670788,-0.03849392166011967,,,,1,45.10152153670788,-0.019019264727830887,0.03732498735189438,0.01319541223347187,0.31597404724577227
2015-10-01,fold_4,China devaluation and oil crash,0.01696021668612957,1,0.01735963486135006,1,0.01735963486135006,-0.021134286798769608,,,,1,173.5963486135006,-0.009875327348709106,0.036783184856176376,0.01696021668612957,1.3470453856996372
2015-10-02,fold_4,China devaluation and oil crash,0.01290786825120449,1,0.014223971404135227,1,0.014223971404135227,-0.006910315394634381,,,,1,142.23971404135227,-0.02209010161459446,0.02393958531320095,0.01290786825120449,1.0603778627484988
2015-10-05,fold_4,China devaluation and oil crash,0.006482580676674843,1,-0.0047505502589046955,-1,-0.0047505502589046955,-0.011660865653539076,,,,0,-47.505502589046955,-0.0037226343993097544,0.012153252959251404,0.006482580676674843,-0.3512746338909319
2015-10-06,fold_4,China devaluation and oil crash,0.006404062733054161,1,0.005981777794659138,1,0.005981777794659138,-0.005679087858879939,,,,1,59.81777794659138,-0.0038246538024395704,0.010421394370496273,0.006404062733054161,0.4961165984798305
2015-10-07,fold_4,China devaluation and oil crash,0.009014798328280449,1,0.003968350123614073,1,0.003968350123614073,-0.001710737735265866,,,,1,39.68350123614073,-0.0015152869746088982,0.0028364972677081823,0.009014798328280449,0.33445216226270147
2015-10-08,fold_4,China devaluation and oil crash,0.010582124814391136,1,0.004516035784035921,1,0.004516035784035921,0.002805298048770055,,,,1,45.16035784035921,-0.00425712252035737,0.015160449780523777,0.010582124814391136,0.3876521817562764
2015-10-09,fold_4,China devaluation and oil crash,0.008259022608399391,1,0.002437639283016324,1,0.002437639283016324,0.005242937331786379,,,,1,24.37639283016324,-0.0005724611692130566,0.014815110713243484,0.008259022608399391,0.20962937932366787
2015-10-12,fold_4,China devaluation and oil crash,0.0017227400094270706,1,-0.006482408381998539,-1,-0.006482408381998539,-0.0012394710502121598,,,,0,-64.82408381998539,0.004179807845503092,0.018095392733812332,0.0017227400094270706,-0.5578045619965765
2015-10-13,fold_4,China devaluation and oil crash,-0.0008678287267684937,-1,-0.0016031190752983093,-1,0.0016031190752983093,0.0003636480250861496,,,,1,16.031190752983093,0.0037967213429510593,0.019414884969592094,-0.0008678287267684937,-0.14044291647671067
2015-10-14,fold_4,China devaluation and oil crash,-0.00662580318748951,-1,0.016292301937937737,1,-0.016292301937937737,-0.015928653912851587,,,,0,-162.92301937937737,0.008833929896354675,0.014898093417286873,-0.00662580318748951,1.4353121076134057
2015-10-15,fold_4,China devaluation and oil crash,-0.004384351894259453,-1,0.004170697182416916,1,-0.004170697182416916,-0.020099351095268503,,,,0,-41.70697182416916,0.005113320890814066,0.01876967027783394,-0.004384351894259453,0.34985995436791084
2015-10-16,fold_4,China devaluation and oil crash,-0.0032127536833286285,-1,0.005717921536415815,1,-0.005717921536415815,-0.025817272631684318,,,,0,-57.17921536415815,0.0045117842964828014,0.042197540402412415,-0.0032127536833286285,0.4963281646211488
2015-10-19,fold_4,China devaluation and oil crash,-0.004175055772066116,-1,-0.005162917543202639,-1,0.005162917543202639,-0.02065435508848168,,,,1,51.629175432026386,0.01185009628534317,0.03709967061877251,-0.004175055772066116,-0.4462308188451556
2015-10-20,fold_4,China devaluation and oil crash,-0.0006973538547754288,-1,-0.006119910627603531,-1,0.006119910627603531,-0.014534444460878149,,,,1,61.19910627603531,0.011487724259495735,0.04429900646209717,-0.0006973538547754288,-0.549909513091617
2015-10-21,fold_4,China devaluation and oil crash,-0.002713073045015335,-1,0.02016388066112995,1,-0.02016388066112995,-0.0346983251220081,,,,0,-201.63880661129951,0.015131477266550064,0.05869702249765396,-0.002713073045015335,1.7985088349856173
2015-10-22,fold_4,China devaluation and oil crash,-0.004745744168758392,-1,0.02759856916964054,1,-0.02759856916964054,-0.06229689429164864,,,,0,-275.9856916964054,0.007242170628160238,0.03695332258939743,-0.004745744168758392,2.2891135509366194
2015-10-23,fold_4,China devaluation and oil crash,-0.004053302109241486,-1,0.0006200486677698791,1,-0.0006200486677698791,-0.06291694295941852,,,,0,-6.200486677698791,0.010979296639561653,0.004864683840423822,-0.004053302109241486,0.046239165445014885
2015-10-26,fold_4,China devaluation and oil crash,0.003662286326289177,1,0.0020364215597510338,1,0.0020364215597510338,-0.06088052139966749,,,,1,20.364215597510338,0.019094321876764297,0.015475906431674957,0.003662286326289177,0.17327052468370258
2015-10-27,fold_4,China devaluation and oil crash,0.0014556776732206345,1,0.008278105407953262,1,0.008278105407953262,-0.052602415991714224,,,,1,82.78105407953262,0.01787237450480461,0.0169235672801733,0.0014556776732206345,0.7073047718117413
2015-10-28,fold_4,China devaluation and oil crash,0.004202606156468391,1,-0.001579819479957223,-1,-0.001579819479957223,-0.05418223547167145,,,,0,-15.79819479957223,0.015075480565428734,0.008732274174690247,0.004202606156468391,-0.1476400958413283
2015-10-29,fold_4,China devaluation and oil crash,-0.0037351734936237335,-1,-0.0044900719076395035,-1,0.0044900719076395035,-0.049692163564031944,,,,1,44.900719076395035,0.014680987223982811,0.0076130894012749195,-0.0037351734936237335,-0.42125876748744795
2015-10-30,fold_4,China devaluation and oil crash,-0.0034403949975967407,-1,0.011231271550059319,1,-0.011231271550059319,-0.06092343511409126,,,,0,-112.31271550059319,0.01596537046134472,0.012800556607544422,-0.0034403949975967407,1.125673331570117
2015-11-02,fold_4,China devaluation and oil crash,-0.006024545058608055,-1,0.0034840821754187346,1,-0.0034840821754187346,-0.06440751728951,,,,0,-34.840821754187346,0.013299230486154556,-0.009115763008594513,-0.006024545058608055,0.35607678947438853
2015-11-03,fold_4,China devaluation and oil crash,-0.006403844803571701,-1,8.681241888552904e-05,1,-8.681241888552904e-05,-0.06449432970839553,,,,0,-0.8681241888552904,0.009792787954211235,-0.015156766399741173,-0.006403844803571701,0.008896579534874601
2015-11-04,fold_4,China devaluation and oil crash,-0.007798818871378899,-1,-0.0026990047190338373,-1,0.0026990047190338373,-0.06179532498936169,,,,1,26.990047190338373,0.01701931282877922,-0.0164802223443985,-0.007798818871378899,-0.27923049992307447
2015-11-05,fold_4,China devaluation and oil crash,-0.005402447655797005,-1,0.0006973955896683037,1,-0.0006973955896683037,-0.06249272057902999,,,,0,-6.973955896683037,0.016048524528741837,-0.02355119399726391,-0.005402447655797005,0.07231429521597253
2015-11-06,fold_4,China devaluation and oil crash,-0.007236657664179802,-1,-0.010685048997402191,-1,0.010685048997402191,-0.0518076715816278,,,,1,106.85048997402191,0.013513341546058655,-0.044079799205064774,-0.007236657664179802,-1.113930360360376
2015-11-09,fold_4,China devaluation and oil crash,-0.007628884166479111,-1,-0.002556920750066638,-1,0.002556920750066638,-0.04925075083156116,,,,1,25.56920750066638,0.013232817873358727,-0.01911265403032303,-0.007628884166479111,-0.2590533167347578
2015-11-10,fold_4,China devaluation and oil crash,-0.00922323763370514,-1,-0.0012366441078484058,-1,0.0012366441078484058,-0.04801410672371276,,,,1,12.366441078484058,0.015825698152184486,-0.0159277506172657,-0.00922323763370514,-0.12644673556114616
2015-11-11,fold_4,China devaluation and oil crash,-0.006714707240462303,-1,-0.009769977070391178,-1,0.009769977070391178,-0.03824412965332158,,,,1,97.69977070391178,0.018334537744522095,0.004321797750890255,-0.006714707240462303,-0.9992510511783043
2015-11-12,fold_4,China devaluation and oil crash,0.008753238245844841,1,-0.019831210374832153,-1,-0.019831210374832153,-0.05807534002815373,,,,0,-198.31210374832153,0.018075574189424515,0.014795579016208649,0.008753238245844841,-2.124953703021285
2015-11-13,fold_4,China devaluation and oil crash,0.017664173617959023,1,0.014282097108662128,1,0.014282097108662128,-0.043793242919491604,,,,1,142.82097108662128,0.00485859764739871,0.041375380009412766,0.017664173617959023,1.3879178394405955
2015-11-16,fold_4,China devaluation and oil crash,0.012103261426091194,1,0.0006279842928051949,1,0.0006279842928051949,-0.04316525862668641,,,,1,6.2798429280519485,-0.0009483504109084606,0.024206893518567085,0.012103261426091194,0.058699210833415644
2015-11-17,fold_4,China devaluation and oil crash,0.020563142374157906,1,0.019012903794646263,1,0.019012903794646263,-0.024152354832040146,,,,1,190.12903794646263,0.006391498725861311,0.022702451795339584,0.020563142374157906,1.7874648466146612
2015-11-18,fold_4,China devaluation and oil crash,-0.00019877031445503235,-1,0.0007038041949272156,1,-0.0007038041949272156,-0.02485615902696736,,,,0,-7.038041949272156,-0.0008229129016399384,0.004566005896776915,-0.00019877031445503235,0.06188420412372024
2015-11-19,fold_4,China devaluation and oil crash,-0.002817656844854355,-1,0.006748592015355825,1,-0.006748592015355825,-0.03160475104232319,,,,0,-67.48592015355825,-0.0029597184620797634,0.005262549035251141,-0.002817656844854355,0.6462822591666338
2015-11-20,fold_4,China devaluation and oil crash,-0.0029571987688541412,-1,-0.0028863900806754827,-1,0.0028863900806754827,-0.028718360961647704,,,,1,28.863900806754827,0.0014775460585951805,-0.004026245791465044,-0.0029571987688541412,-0.33729056284664266
2015-11-23,fold_4,China devaluation and oil crash,-0.001405259594321251,-1,-0.0008764576632529497,-1,0.0008764576632529497,-0.027841903298394755,,,,1,8.764576632529497,0.002325837966054678,0.008809004910290241,-0.001405259594321251,-0.10214217951414425
2015-11-24,fold_4,China devaluation and oil crash,0.0011521447449922562,1,0.0008764576632529497,1,0.0008764576632529497,-0.026965445635141805,,,,1,8.764576632529497,0.001098494976758957,0.0035007991828024387,0.0011521447449922562,0.10225956340385596
2015-11-25,fold_4,China devaluation and oil crash,-0.002002488821744919,-1,0.0014003473334014416,1,-0.0014003473334014416,-0.028365792968543246,,,,0,-14.003473334014416,0.004154335241764784,-0.014471632428467274,-0.002002488821744919,0.16728680282196637
2015-11-27,fold_4,China devaluation and oil crash,-0.0024806447327136993,-1,-0.002540202811360359,-1,0.002540202811360359,-0.025825590157182887,,,,1,25.402028113603592,0.003335892688483,0.0072346641682088375,-0.0024806447327136993,-0.3035129411512779
2015-11-30,fold_4,China devaluation and oil crash,-0.0016943905502557755,-1,0.009948860853910446,1,-0.009948860853910446,-0.03577445101109333,,,,0,-99.48860853910446,0.004363103304058313,0.005248351488262415,-0.0016943905502557755,1.194586063857271
2015-12-01,fold_4,China devaluation and oil crash,-0.006336241960525513,-1,-0.006184663623571396,-1,0.006184663623571396,-0.029589787387521937,,,,1,61.84663623571396,0.004358066711574793,-0.0046132574789226055,-0.006336241960525513,-0.7499876485171226
2015-12-02,fold_4,China devaluation and oil crash,0.0024878811091184616,1,-0.01709597371518612,-1,-0.01709597371518612,-0.04668576110270806,,,,0,-170.9597371518612,0.017533602192997932,-0.013724218122661114,0.0024878811091184616,-2.0535364294682603
2015-12-03,fold_4,China devaluation and oil crash,0.013013048097491264,1,0.023106643930077553,1,0.023106643930077553,-0.023579117172630504,,,,1,231.06643930077553,0.018877366557717323,0.007879506796598434,0.013013048097491264,2.5223255326409033
2015-12-04,fold_4,China devaluation and oil crash,-0.005567518994212151,-1,-0.004526515491306782,-1,0.004526515491306782,-0.019052601681323722,,,,1,45.26515491306782,0.014376919716596603,-0.038512103259563446,-0.005567518994212151,-0.43109129945658503
2015-12-07,fold_4,China devaluation and oil crash,0.0001231115311384201,1,8.725155930733308e-05,1,8.725155930733308e-05,-0.01896535012201639,,,,1,0.8725155930733308,0.013371242210268974,-0.026432102546095848,0.0001231115311384201,0.008272132186391416
2015-12-08,fold_4,China devaluation and oil crash,0.0035556610673666,1,-0.015295623801648617,-1,-0.015295623801648617,-0.034260973923665006,,,,0,-152.95623801648617,0.011216085404157639,-0.020446723327040672,0.0035556610673666,-1.4888426203459677
2015-12-09,fold_4,China devaluation and oil crash,0.008037155494093895,1,0.004507751204073429,1,0.004507751204073429,-0.029753222719591577,,,,1,45.07751204073429,0.016363266855478287,0.00960917305201292,0.008037155494093895,0.4168919601981546
2015-12-10,fold_4,China devaluation and oil crash,0.006077161058783531,1,-0.02328496426343918,-1,-0.02328496426343918,-0.053038186983030755,,,,0,-232.84964263439178,0.009416496381163597,-0.009569364599883556,0.006077161058783531,-2.144870930139299
2015-12-11,fold_4,China devaluation and oil crash,0.02349245361983776,1,0.007553484290838242,1,0.007553484290838242,-0.045484702692192513,,,,1,75.53484290838242,0.01188579574227333,-0.005653249565511942,0.02349245361983776,0.6379484307264066
2015-12-14,fold_4,China devaluation and oil crash,0.013586951419711113,1,0.006072630640119314,1,0.006072630640119314,-0.0394120720520732,,,,1,60.72630640119314,0.009203428402543068,-0.00215992983430624,0.013586951419711113,0.5467045773028342
2015-12-15,fold_4,China devaluation and oil crash,0.02158254198729992,1,0.014760272577404976,1,0.014760272577404976,-0.024651799474668223,,,,1,147.60272577404976,-0.006668261252343655,-0.00168037845287472,0.02158254198729992,1.376247394325145
2015-12-16,fold_4,China devaluation and oil crash,0.0012723077088594437,1,-0.014670786447823048,-1,-0.014670786447823048,-0.03932258592249127,,,,0,-146.70786447823048,-0.01259998232126236,-0.009042750112712383,0.0012723077088594437,-1.3074991347175047
2015-12-17,fold_4,China devaluation and oil crash,0.01875053532421589,1,-0.01936884969472885,-1,-0.01936884969472885,-0.05869143561722012,,,,0,-193.6884969472885,-0.007177559658885002,0.005450133234262466,0.01875053532421589,-1.7786319863299034
2015-12-18,fold_4,China devaluation and oil crash,0.020545119419693947,1,0.011046803556382656,1,0.011046803556382656,-0.047644632060837466,,,,1,110.46803556382656,-0.0021957396529614925,0.02428596094250679,0.020545119419693947,0.9426938408301507
2015-12-21,fold_4,China devaluation and oil crash,0.00937214307487011,1,0.006552181672304869,1,0.006552181672304869,-0.0410924503885326,,,,1,65.52181672304869,-0.015187015756964684,0.028845859691500664,0.00937214307487011,0.5515120227529856
2015-12-22,fold_4,China devaluation and oil crash,0.006868230178952217,1,0.007397900801151991,1,0.007397900801151991,-0.03369454958738061,,,,1,73.97900801151991,-0.01753503642976284,0.013241508975625038,0.006868230178952217,0.6189166429136861
2015-12-23,fold_4,China devaluation and oil crash,-0.0023976415395736694,-1,-0.00017790279525797814,-1,0.00017790279525797814,-0.03351664679212263,,,,1,1.7790279525797814,-0.01791056990623474,-0.006682647857815027,-0.0023976415395736694,-0.014744975855360434
2015-12-24,fold_4,China devaluation and oil crash,-3.842636942863464e-06,-1,-0.0005330225685611367,-1,0.0005330225685611367,-0.03298362422356149,,,,1,5.330225685611367,-0.0158782247453928,-0.027828186750411987,-3.842636942863464e-06,-0.04418367105827519
2015-12-28,fold_4,China devaluation and oil crash,0.003264976665377617,1,0.01560670230537653,1,0.01560670230537653,-0.017376921918184962,,,,1,156.0670230537653,-0.011350587010383606,-0.02903185784816742,0.003264976665377617,1.2940542927429068
2015-12-29,fold_4,China devaluation and oil crash,0.006997743621468544,1,-0.00905216857790947,-1,-0.00905216857790947,-0.02642909049609443,,,,0,-90.5216857790947,-0.01805976964533329,-0.05429093912243843,0.006997743621468544,-0.7217363218677224
2015-12-30,fold_4,China devaluation and oil crash,0.004195863381028175,1,-0.012526256032288074,-1,-0.012526256032288074,-0.038955346528382506,,,,0,-125.26256032288074,-0.011341865174472332,-0.07705271244049072,0.004195863381028175,-1.0014434086057409
2015-12-31,fold_4,China devaluation and oil crash,0.00475676916539669,1,-0.021323442459106445,-1,-0.021323442459106445,-0.06027878898748895,,,,0,-213.23442459106445,-0.0029528301674872637,-0.07276111096143723,0.00475676916539669,-1.6733253467462836
2016-01-04,fold_4,China devaluation and oil crash,0.007405148819088936,1,-0.0017366929678246379,-1,-0.0017366929678246379,-0.06201548195531359,,,,0,-17.36692967824638,0.0037081842310726643,-0.048365604132413864,0.007405148819088936,-0.13299938311556678
2016-01-05,fold_4,China devaluation and oil crash,0.012083766981959343,1,-0.009652378037571907,-1,-0.009652378037571907,-0.0716678599928855,,,,0,-96.52378037571907,-0.008660104125738144,-0.03509790077805519,0.012083766981959343,-0.804466051931289
2016-01-06,fold_4,China devaluation and oil crash,0.018001681193709373,1,-0.03181394189596176,-1,-0.03181394189596176,-0.10348180188884726,,,,0,-318.1394189596176,-0.006959323771297932,-0.06054344400763512,0.018001681193709373,-2.618651198542985
2016-01-07,fold_4,China devaluation and oil crash,0.02788822539150715,1,-0.008234658278524876,-1,-0.008234658278524876,-0.11171646016737213,,,,0,-82.34658278524876,0.001567833125591278,-0.007657906971871853,0.02788822539150715,-0.5849109099819225
2016-01-08,fold_4,China devaluation and oil crash,0.025437263771891594,1,0.0030720664653927088,1,0.0030720664653927088,-0.10864439370197942,,,,1,30.720664653927088,0.008124325424432755,-0.030952053144574165,0.025437263771891594,0.22293194032832703
2016-01-11,fold_4,China devaluation and oil crash,0.0238222423940897,1,0.011531009338796139,1,0.011531009338796139,-0.09711338436318329,,,,1,115.31009338796139,0.004711059387773275,-0.031844522804021835,0.0238222423940897,0.8379769965657005
2016-01-12,fold_4,China devaluation and oil crash,0.024050259962677956,1,-0.03509791940450668,-1,-0.03509791940450668,-0.13221130376768997,,,,0,-350.97919404506683,-0.0020604380406439304,-0.04644802585244179,0.024050259962677956,-2.7007112948895324
2016-01-13,fold_4,China devaluation and oil crash,0.026874752715229988,1,0.021071596071124077,1,0.021071596071124077,-0.11113970769656589,,,,1,210.71596071124077,0.005522672552615404,-0.010357847437262535,0.026874752715229988,1.396629864588817
2016-01-14,fold_4,China devaluation and oil crash,0.02246916852891445,1,-0.03152880445122719,-1,-0.03152880445122719,-0.14266851214779308,,,,0,-315.2880445122719,0.0013636494986712933,-0.0028869316447526217,0.02246916852891445,-2.0021287642035857
2016-01-15,fold_4,China devaluation and oil crash,0.02482607774436474,1,0.002179595874622464,1,0.002179595874622464,-0.14048891627317062,,,,1,21.795958746224642,-0.0010828897356987,0.013690323568880558,0.02482607774436474,0.12870273806938973
2016-01-19,fold_4,China devaluation and oil crash,0.02577170915901661,1,-0.0030724939424544573,-1,-0.0030724939424544573,-0.14356141021562507,,,,0,-30.724939424544573,0.0006031976081430912,0.020469823852181435,0.02577170915901661,-0.1848506249669811
2016-01-20,fold_4,China devaluation and oil crash,0.019396333023905754,1,0.0009922586614266038,1,0.0009922586614266038,-0.14256915155419847,,,,1,9.922586614266038,-0.0030470378696918488,-0.0016886454541236162,0.019396333023905754,0.061776704168400025
2016-01-21,fold_4,China devaluation and oil crash,0.018718978390097618,1,0.02854251302778721,1,0.02854251302778721,-0.11402663852641126,,,,1,285.4251302778721,-0.012577446177601814,0.011338510550558567,0.018718978390097618,1.7982371089670433
2016-01-22,fold_4,China devaluation and oil crash,0.015628019347786903,1,-0.014951549470424652,-1,-0.014951549470424652,-0.1289781879968359,,,,0,-149.51549470424652,-0.026568399742245674,0.0034633507020771503,0.015628019347786903,-0.8771940457603843
2016-01-25,fold_4,China devaluation and oil crash,0.016902370378375053,1,0.008959095925092697,1,0.008959095925092697,-0.12001909207174322,,,,1,89.59095925092697,-0.0195779986679554,0.021100182086229324,0.016902370378375053,0.5181487944941808
2016-01-26,fold_4,China devaluation and oil crash,0.015292210504412651,1,-0.02523096278309822,-1,-0.02523096278309822,-0.14525005485484144,,,,0,-252.3096278309822,-0.021557260304689407,-0.00974215380847454,0.015292210504412651,-1.4495383138895608
2016-01-27,fold_4,China devaluation and oil crash,0.01740885339677334,1,0.014019414782524109,1,0.014019414782524109,-0.13123064007231733,,,,1,140.1941478252411,-0.009220978245139122,0.01068068016320467,0.01740885339677334,0.7662004856589724
2016-01-28,fold_4,China devaluation and oil crash,0.017480963841080666,1,0.02066735178232193,1,0.02066735178232193,-0.1105632882899954,,,,1,206.6735178232193,-0.016589950770139694,-0.003437303937971592,0.017480963841080666,1.1335163489035494
2016-01-29,fold_4,China devaluation and oil crash,0.014388127252459526,1,0.0026852828450500965,1,0.0026852828450500965,-0.1078780054449453,,,,1,26.852828450500965,-0.010041465982794762,-0.059448905289173126,0.014388127252459526,0.14359585346548528
2016-02-01,fold_4,China devaluation and oil crash,0.014601482078433037,1,-0.021883239969611168,-1,-0.021883239969611168,-0.12976124541455647,,,,0,-218.83239969611168,-0.009402183815836906,-0.07753972709178925,0.014601482078433037,-1.182937129687806
2016-02-02,fold_4,China devaluation and oil crash,0.01281263493001461,1,-0.004808129742741585,-1,-0.004808129742741585,-0.13456937515729805,,,,0,-48.08129742741585,0.014320148155093193,-0.05876627564430237,0.01281263493001461,-0.25945388234654193
2016-02-03,fold_4,China devaluation and oil crash,0.009843925014138222,1,-9.856902761384845e-05,-1,-9.856902761384845e-05,-0.1346679441849119,,,,0,-0.9856902761384845,-0.010214757174253464,-0.05012403801083565,0.009843925014138222,-0.005311166214399696
2016-02-04,fold_4,China devaluation and oil crash,0.011706175282597542,1,-0.03534424677491188,-1,-0.03534424677491188,-0.17001219095982378,,,,0,-353.4424677491188,-0.0075424667447805405,-0.05147428438067436,0.011706175282597542,-1.9174533501424986
2016-02-05,fold_4,China devaluation and oil crash,0.013404617086052895,1,-0.015405537560582161,-1,-0.015405537560582161,-0.18541772852040594,,,,0,-154.0553756058216,0.011124730110168457,-0.0010195453651249409,0.013404617086052895,-0.8215536769418437
2016-02-08,fold_4,China devaluation and oil crash,0.014056334272027016,1,-0.0031097931787371635,-1,-0.0031097931787371635,-0.1885275216991431,,,,0,-31.097931787371635,-0.008379345759749413,0.03668167442083359,0.014056334272027016,-0.16387711720760295
2016-02-09,fold_4,China devaluation and oil crash,0.01674223132431507,1,0.0038341099862009287,1,0.0038341099862009287,-0.18469341171294218,,,,1,38.34109986200929,0.003528235014528036,0.06218694522976875,0.01674223132431507,0.2020432474718451
2016-02-10,fold_4,China devaluation and oil crash,0.01575835607945919,1,-0.0014488183660432696,-1,-0.0014488183660432696,-0.18614223007898545,,,,0,-14.488183660432696,-0.0010615107603371143,0.04687260091304779,0.01575835607945919,-0.07698195258095755
2016-02-11,fold_4,China devaluation and oil crash,0.013922875747084618,1,0.015110493637621403,1,0.015110493637621403,-0.17103173644136405,,,,1,151.10493637621403,-0.017079796642065048,0.05127744376659393,0.013922875747084618,0.8831972019828036
2016-02-12,fold_4,China devaluation and oil crash,0.014293180778622627,1,0.02229568362236023,1,0.02229568362236023,-0.14873605281900382,,,,1,222.9568362236023,-0.02370736189186573,0.052272047847509384,0.014293180778622627,1.3278565186649587
2016-02-16,fold_4,China devaluation and oil crash,0.014085700735449791,1,0.022395476698875427,1,0.022395476698875427,-0.1263405761201284,,,,1,223.95476698875427,-0.020941264927387238,0.013379471376538277,0.014085700735449791,1.3967733286032078
2016-02-17,fold_4,China devaluation and oil crash,0.011758802458643913,1,-0.011480232700705528,-1,-0.011480232700705528,-0.13782080882083392,,,,0,-114.80232700705528,-0.00711333192884922,0.0004877016763202846,0.011758802458643913,-0.6837341414653121
2016-02-18,fold_4,China devaluation and oil crash,0.007010029628872871,1,0.0029560215771198273,1,0.0029560215771198273,-0.1348647872437141,,,,1,29.560215771198273,-0.0019269529730081558,0.02176855504512787,0.007010029628872871,0.17417363544250247
2016-02-19,fold_4,China devaluation and oil crash,0.0037088152021169662,1,0.016105100512504578,1,0.016105100512504578,-0.11875968673120951,,,,1,161.05100512504578,0.005808776710182428,0.017556218430399895,0.0037088152021169662,0.9483009542696542
2016-02-22,fold_4,China devaluation and oil crash,0.00257987342774868,1,-0.016596894711256027,-1,-0.016596894711256027,-0.13535658144246554,,,,0,-165.96894711256027,-0.0013335347175598145,-0.007580889854580164,0.00257987342774868,-1.027989766492414
2016-02-23,fold_4,China devaluation and oil crash,0.00176163949072361,1,0.00950370728969574,1,0.00950370728969574,-0.1258528741527698,,,,1,95.0370728969574,0.008416244760155678,0.040609244257211685,0.00176163949072361,0.5857381864444753
2016-02-24,fold_4,China devaluation and oil crash,0.00047080032527446747,1,0.009800620377063751,1,0.009800620377063751,-0.11605225377570605,,,,1,98.00620377063751,0.00410471623763442,0.031483400613069534,0.00047080032527446747,0.603461779103473
2016-02-25,fold_4,China devaluation and oil crash,8.484348654747009e-05,1,-0.001256314804777503,-1,-0.001256314804777503,-0.11730856858048355,,,,0,-12.56314804777503,-0.000516179483383894,0.019791029393672943,8.484348654747009e-05,-0.08165264511119744
2016-02-26,fold_4,China devaluation and oil crash,-0.0026130955666303635,-1,-0.009032007306814194,-1,0.009032007306814194,-0.10827656127366936,,,,1,90.32007306814194,0.009352842345833778,0.021426400169730186,-0.0026130955666303635,-0.599497246806656
2016-02-29,fold_4,China devaluation and oil crash,-0.002340223640203476,-1,0.031593240797519684,1,-0.031593240797519684,-0.13986980207118904,,,,0,-315.93240797519684,-0.0008653844706714153,0.02428814396262169,-0.002340223640203476,2.1816719207427404
2016-03-01,fold_4,China devaluation and oil crash,0.004130994901061058,1,0.00037786204484291375,1,0.00037786204484291375,-0.13949194002634613,,,,1,3.7786204484291375,0.0016179257072508335,-0.015623753890395164,0.004130994901061058,0.023467816817346564
2016-03-02,fold_4,China devaluation and oil crash,0.006199916824698448,1,-0.0018917503766715527,-1,-0.0018917503766715527,-0.14138369040301768,,,,0,-18.917503766715527,0.003562066238373518,-0.009589391760528088,0.006199916824698448,-0.12332163128581751
2016-03-03,fold_4,China devaluation and oil crash,0.005322197452187538,1,0.000379056204110384,1,0.000379056204110384,-0.1410046341989073,,,,1,3.79056204110384,0.0056343707256019115,-0.009225158020853996,0.005322197452187538,0.024761813468867088
2016-03-04,fold_4,China devaluation and oil crash,0.006232241168618202,1,-0.006170264445245266,-1,-0.006170264445245266,-0.14717489864415256,,,,0,-61.70264445245266,0.0006726980209350586,0.0077295913361012936,0.006232241168618202,-0.40306623955910803
2016-03-07,fold_4,China devaluation and oil crash,0.005960928276181221,1,-0.00831865705549717,-1,-0.00831865705549717,-0.15549355569964973,,,,0,-83.1865705549717,-0.004295038059353828,0.01558910682797432,0.005960928276181221,-0.6310215495998357
2016-03-08,fold_4,China devaluation and oil crash,0.0005276110023260117,1,0.0064122239127755165,1,0.0064122239127755165,-0.14908133178687422,,,,1,64.12223912775517,-0.00021673506125807762,0.023532414808869362,0.0005276110023260117,0.49861595348445165
2016-03-09,fold_4,China devaluation and oil crash,0.0001168660819530487,1,-0.0015275164041668177,-1,-0.0015275164041668177,-0.15060884819104103,,,,0,-15.275164041668177,-0.006504451856017113,0.025990260764956474,0.0001168660819530487,-0.11821938015982
2016-03-10,fold_4,China devaluation and oil crash,-0.00011463277041912079,-1,0.017333805561065674,1,-0.017333805561065674,-0.1679426537521067,,,,0,-173.33805561065674,-0.001707710325717926,0.026959849521517754,-0.00011463277041912079,1.3440099143160127
2016-03-11,fold_4,China devaluation and oil crash,-0.0012072566896677017,-1,0.001689250930212438,1,-0.001689250930212438,-0.16963190468231915,,,,0,-16.89250930212438,-0.0011838031932711601,0.011191518045961857,-0.0012072566896677017,0.12547344482987752
2016-03-14,fold_4,China devaluation and oil crash,-0.0007641129195690155,-1,-0.0003753479686565697,-1,0.0003753479686565697,-0.16925655671366258,,,,1,3.753479686565697,0.0019576894119381905,0.01340685784816742,-0.0007641129195690155,-0.028789643508014145
2016-03-15,fold_4,China devaluation and oil crash,0.00033056363463401794,1,0.008870068937540054,1,0.008870068937540054,-0.16038648777612252,,,,1,88.70068937540054,0.002182064112275839,0.016838986426591873,0.00033056363463401794,0.7362859028048112
2016-03-16,fold_4,China devaluation and oil crash,-0.002164240926504135,-1,-0.0005579286371357739,-1,0.0005579286371357739,-0.15982855913898675,,,,1,5.579286371357739,-0.004728533793240786,-0.00029687152709811926,-0.002164240926504135,-0.050106030756215725
2016-03-17,fold_4,China devaluation and oil crash,0.004855690523982048,1,0.0015654738526791334,1,0.0015654738526791334,-0.15826308528630761,,,,1,15.654738526791334,-0.002597781829535961,0.000540980021469295,0.004855690523982048,0.14447327970051663
2016-03-18,fold_4,China devaluation and oil crash,-0.004402128979563713,-1,0.0039045915473252535,1,-0.0039045915473252535,-0.16216767683363287,,,,0,-39.045915473252535,-0.004006646107882261,-0.0024239751510322094,-0.004402128979563713,0.36082740226055715
2016-03-21,fold_4,China devaluation and oil crash,-0.002390289679169655,-1,0.003056779270991683,1,-0.003056779270991683,-0.16522445610462455,,,,0,-30.56779270991683,-0.004433691967278719,0.009602147154510021,-0.002390289679169655,0.2984641932522144
2016-03-22,fold_4,China devaluation and oil crash,-0.002568410709500313,-1,-0.008265787735581398,-1,0.008265787735581398,-0.15695866836904315,,,,1,82.65787735581398,-0.0010882560163736343,0.011403592303395271,-0.002568410709500313,-0.8637103386924586
2016-03-23,fold_4,China devaluation and oil crash,-0.004430318251252174,-1,0.0002799229114316404,1,-0.0002799229114316404,-0.1572385912804748,,,,0,-2.799229114316404,0.0027472306974232197,0.01820463314652443,-0.004430318251252174,0.029426987994186592
2016-03-24,fold_4,China devaluation and oil crash,-0.0044414810836315155,-1,-0.001399481319822371,-1,0.001399481319822371,-0.15583910996065242,,,,1,13.99481319822371,0.0006555207073688507,0.028491921722888947,-0.0044414810836315155,-0.1511843418165445
2016-03-28,fold_4,China devaluation and oil crash,-0.0013479236513376236,-1,0.015930714085698128,1,-0.015930714085698128,-0.17176982404635055,,,,0,-159.30714085698128,0.0020021339878439903,0.02607828378677368,-0.0013479236513376236,1.720785580467
2016-03-29,fold_4,China devaluation and oil crash,-0.0008275117725133896,-1,0.004858225118368864,1,-0.004858225118368864,-0.17662804916471941,,,,0,-48.58225118368864,0.0035534645430743694,0.0004590361495502293,-0.0008275117725133896,0.5002431355891801
2016-03-30,fold_4,China devaluation and oil crash,-0.00421108677983284,-1,-0.0014647470088675618,-1,0.0014647470088675618,-0.17516330215585185,,,,1,14.647470088675618,0.00522938696667552,0.011907192878425121,-0.00421108677983284,-0.2169314072734547
2016-03-31,fold_4,China devaluation and oil crash,-0.002635771408677101,-1,0.010567210614681244,1,-0.010567210614681244,-0.1857305127705331,,,,0,-105.67210614681244,0.002853491809219122,-0.0010990502778440714,-0.002635771408677101,1.5633052445202813
2016-04-01,fold_4,China devaluation and oil crash,-0.00439663790166378,-1,-0.003813117742538452,-1,0.003813117742538452,-0.18191739502799464,,,,1,38.13117742538452,0.003450328018516302,-0.012399908155202866,-0.00439663790166378,-0.5334434279302764
2016-04-04,fold_4,China devaluation and oil crash,-0.0029572974890470505,-1,-0.009688534773886204,-1,0.009688534773886204,-0.17222886025410844,,,,1,96.88534773886204,0.00497332913801074,-0.012263499200344086,-0.0029572974890470505,-1.3459487874714837
2016-04-05,fold_4,China devaluation and oil crash,0.001531669870018959,1,0.016306381672620773,1,0.016306381672620773,-0.15592247858148767,,,,1,163.06381672620773,0.010289294645190239,0.005769746843725443,0.001531669870018959,2.206686146330935
2016-04-06,fold_4,China devaluation and oil crash,-0.006118817254900932,-1,-0.014470990747213364,-1,0.014470990747213364,-0.1414514878342743,,,,1,144.70990747213364,0.004849585238844156,0.0021664733067154884,-0.006118817254900932,-1.8026860920018872
2016-04-07,fold_4,China devaluation and oil crash,-0.002650616690516472,-1,-0.0007336472626775503,-1,0.0007336472626775503,-0.14071784057159675,,,,1,7.336472626775503,0.012933120131492615,0.016727684065699577,-0.002650616690516472,-0.0859524674195636
2016-04-08,fold_4,China devaluation and oil crash,-0.00020980462431907654,-1,-0.0036767087876796722,-1,0.0036767087876796722,-0.13704113178391708,,,,1,36.76708787679672,0.01715545542538166,0.014934007078409195,-0.00020980462431907654,-0.4310205214851261
2016-04-11,fold_4,China devaluation and oil crash,-0.0015789810568094254,-1,0.008344711735844612,1,-0.008344711735844612,-0.1453858435197617,,,,0,-83.44711735844612,0.015522044152021408,0.023929070681333542,-0.0015789810568094254,1.0917883100498842
2016-04-12,fold_4,China devaluation and oil crash,0.003525255247950554,1,0.012703108601272106,1,0.012703108601272106,-0.1326827349184896,,,,1,127.03108601272106,0.003999623004347086,0.009451969526708126,0.003525255247950554,1.6164684369758442
2016-04-13,fold_4,China devaluation and oil crash,-0.0002536475658416748,-1,9.022023732541129e-05,1,-9.022023732541129e-05,-0.132772955155815,,,,0,-0.9022023732541129,0.010941239073872566,-0.002437104005366564,-0.0002536475658416748,0.010797402454357615
2016-04-14,fold_4,China devaluation and oil crash,-0.0005509462207555771,-1,-0.0025273242499679327,-1,0.0025273242499679327,-0.13024563090584707,,,,1,25.273242499679327,0.01013588160276413,-0.002437179908156395,-0.0005509462207555771,-0.3113639257109552
2016-04-15,fold_4,China devaluation and oil crash,0.0019706320017576218,1,0.005318354815244675,1,0.005318354815244675,-0.12492727609060239,,,,1,53.18354815244675,0.007386425044387579,-0.01511763408780098,0.0019706320017576218,0.6537108107086823
2016-04-18,fold_4,China devaluation and oil crash,-0.00021766871213912964,-1,-0.006132390350103378,-1,0.006132390350103378,-0.11879488574049901,,,,1,61.32390350103378,0.004884668160229921,-0.020435988903045654,-0.00021766871213912964,-0.746519575063396
2016-04-19,fold_4,China devaluation and oil crash,0.002791156992316246,1,0.0008140353602357209,1,0.0008140353602357209,-0.11798085038026329,,,,1,8.140353602357209,0.002991816494613886,-0.019178731366991997,0.002791156992316246,0.09828481736239875
2016-04-20,fold_4,China devaluation and oil crash,0.00030312128365039825,1,9.014434181153774e-05,1,9.014434181153774e-05,-0.11789070603845175,,,,1,0.9014434181153774,0.01372724212706089,-0.028047095984220505,0.00030312128365039825,0.01091842629886139
2016-04-21,fold_4,China devaluation and oil crash,-0.00035800226032733917,-1,-0.015207778662443161,-1,0.015207778662443161,-0.10268292737600859,,,,1,152.0777866244316,0.014221670106053352,-0.04029499739408493,-0.00035800226032733917,-1.889952292367294
2016-04-22,fold_4,China devaluation and oil crash,-0.0020887423306703568,-1,0.0,0,-0.0,-0.10268292737600859,,,,0,-0.0,0.01870149001479149,-0.0303702000528574,-0.0020887423306703568,0.0
2016-04-25,fold_4,China devaluation and oil crash,-0.0029194578528404236,-1,-0.0048751323483884335,-1,0.0048751323483884335,-0.09780779502762016,,,,1,48.751323483884335,0.007416520733386278,-0.020955650135874748,-0.0029194578528404236,-0.5584431452323555
2016-04-26,fold_4,China devaluation and oil crash,-0.0016385186463594437,-1,-0.008054329082369804,-1,0.008054329082369804,-0.08975346594525035,,,,1,80.54329082369804,0.003313088323920965,-0.025400573387742043,-0.0016385186463594437,-1.0012567341013854
2016-04-27,fold_4,China devaluation and oil crash,0.0013731513172388077,1,-0.012157757766544819,-1,-0.012157757766544819,-0.10191122371179517,,,,0,-121.57757766544819,-0.009432408027350903,-0.023798203095793724,0.0013731513172388077,-1.4878294773292926
2016-04-28,fold_4,China devaluation and oil crash,0.010657252743840218,1,-0.005282980855554342,-1,-0.005282980855554342,-0.10719420456734952,,,,0,-52.82980855554342,-0.00962037593126297,-0.011926179751753807,0.010657252743840218,-0.6139008000621646
2018-08-14,fold_5,2018 Vol-mageddon + Q4 sell-off,-0.001917775720357895,-1,-0.012310362420976162,-1,0.012310362420976162,0.012310362420976162,,,,1,123.10362420976162,0.009474871680140495,-0.006025122478604317,-0.001917775720357895,-1.5377193445424446
2018-08-15,fold_5,2018 Vol-mageddon + Q4 sell-off,0.00041892193257808685,1,0.0032866154797375202,1,0.0032866154797375202,0.015596977900713682,,,,1,32.8661547973752,0.011220954358577728,0.01015878189355135,0.00041892193257808685,0.3887142468544823
2018-08-16,fold_5,2018 Vol-mageddon + Q4 sell-off,-0.0033126454800367355,-1,0.00022241576516535133,1,-0.00022241576516535133,0.01537456213554833,,,,0,-2.2241576516535133,0.006287569645792246,0.005435173399746418,-0.0033126454800367355,0.026438458137545466
2018-08-17,fold_5,2018 Vol-mageddon + Q4 sell-off,-0.00508858822286129,-1,-0.0008900492684915662,-1,0.0008900492684915662,0.016264611404039897,,,,1,8.900492684915662,0.0035929051227867603,0.01446197833865881,-0.00508858822286129,-0.10579976211303016
2018-08-20,fold_5,2018 Vol-mageddon + Q4 sell-off,-0.006904155015945435,-1,0.0036662581842392683,1,-0.0036662581842392683,0.012598353219800629,,,,0,-36.66258184239268,0.005137857515364885,0.02549304999411106,-0.006904155015945435,0.43724791695062576
2018-08-21,fold_5,2018 Vol-mageddon + Q4 sell-off,-0.004949493333697319,-1,0.0038735417183488607,1,-0.0038735417183488607,0.008724811501451768,,,,0,-38.73541718348861,0.006822213996201754,0.023290682584047318,-0.004949493333697319,0.46254067897825857
2018-08-22,fold_5,2018 Vol-mageddon + Q4 sell-off,-0.006078112870454788,-1,-0.0014369931304827332,-1,0.0014369931304827332,0.010161804631934501,,,,1,14.369931304827332,0.007404425647109747,0.03088875114917755,-0.006078112870454788,-0.1836131444658376
2018-08-23,fold_5,2018 Vol-mageddon + Q4 sell-off,-0.0030857641249895096,-1,0.009249220602214336,1,-0.009249220602214336,0.0009125840297201648,,,,0,-92.49220602214336,0.010560872033238411,0.030556749552488327,-0.0030857641249895096,1.312007862239074
2018-08-24,fold_5,2018 Vol-mageddon + Q4 sell-off,-0.0002266503870487213,-1,0.010141022503376007,1,-0.010141022503376007,-0.009228438473655842,,,,0,-101.41022503376007,0.005837395321577787,0.022594677284359932,-0.0002266503870487213,1.5160676042116923
2018-08-27,fold_5,2018 Vol-mageddon + Q4 sell-off,0.0004220474511384964,1,0.0014638900756835938,1,0.0014638900756835938,-0.0077645483979722485,,,,1,14.638900756835938,0.006348732393234968,0.008158083073794842,0.0004220474511384964,0.23216552607430826
2018-08-28,fold_5,2018 Vol-mageddon + Q4 sell-off,-0.00040352344512939453,-1,0.011471610516309738,1,-0.011471610516309738,-0.019236158914281987,,,,0,-114.71610516309738,0.00859019160270691,-0.0063036587089300156,-0.00040352344512939453,1.8869571273454948
2018-08-29,fold_5,2018 Vol-mageddon + Q4 sell-off,-0.0008915327489376068,-1,-0.0017689941450953484,-1,0.0017689941450953484,-0.01746716476918664,,,,1,17.689941450953484,0.010534234344959259,-0.026754802092909813,-0.0008915327489376068,-0.2703320881805462
2018-08-30,fold_5,2018 Vol-mageddon + Q4 sell-off,-0.001821400597691536,-1,0.0012871483340859413,1,-0.0012871483340859413,-0.01875431310327258,,,,0,-12.871483340859413,0.010015306994318962,-0.028843693435192108,-0.001821400597691536,0.22124895708706202
2018-08-31,fold_5,2018 Vol-mageddon + Q4 sell-off,0.0010049548000097275,1,-0.00429557217285037,-1,-0.00429557217285037,-0.02304988527612295,,,,0,-42.955721728503704,0.013851532712578773,-0.026768488809466362,0.0010049548000097275,-0.7426059889692106
2018-09-04,fold_5,2018 Vol-mageddon + Q4 sell-off,0.00014495849609375,1,-0.012997850775718689,-1,-0.012997850775718689,-0.03604773605184164,,,,0,-129.9785077571869,0.01391255296766758,-0.014797898940742016,0.00014495849609375,-2.274368868583156
2018-09-05,fold_5,2018 Vol-mageddon + Q4 sell-off,-0.003217395395040512,-1,-0.00897953286767006,-1,0.00897953286767006,-0.02706820318417158,,,,1,89.79532867670059,0.014786191284656525,-0.004753672983497381,-0.003217395395040512,-1.4119354233931694
2018-09-06,fold_5,2018 Vol-mageddon + Q4 sell-off,-0.0045263078063726425,-1,-0.0038578850217163563,-1,0.0038578850217163563,-0.023210318162455224,,,,1,38.57885021716356,0.011166324838995934,0.014849498867988586,-0.0045263078063726425,-0.5789416532339245
2018-09-07,fold_5,2018 Vol-mageddon + Q4 sell-off,-0.0037033241242170334,-1,0.0033623524941504,1,-0.0033623524941504,-0.026572670656605624,,,,0,-33.623524941504,0.007211816031485796,0.015776794403791428,-0.0037033241242170334,0.5005041863548502
2018-09-10,fold_5,2018 Vol-mageddon + Q4 sell-off,-0.004067385569214821,-1,0.007675017695873976,1,-0.007675017695873976,-0.0342476883524796,,,,0,-76.75017695873976,0.007286848034709692,-0.0020932797342538834,-0.004067385569214821,1.1737890568017
2018-09-11,fold_5,2018 Vol-mageddon + Q4 sell-off,-0.007208587601780891,-1,-0.0029536255169659853,-1,0.0029536255169659853,-0.031294062835513614,,,,1,29.536255169659853,0.0029805474914610386,-0.0015308947768062353,-0.007208587601780891,-0.4372117422280712
2018-09-12,fold_5,2018 Vol-mageddon + Q4 sell-off,-0.006153197959065437,-1,0.010623639449477196,1,-0.010623639449477196,-0.04191770228499081,,,,0,-106.23639449477196,0.0017149713821709156,0.0006569302058778703,-0.006153197959065437,1.5993389285599509
2018-09-13,fold_5,2018 Vol-mageddon + Q4 sell-off,-0.0012518540024757385,-1,-0.002930588787421584,-1,0.002930588787421584,-0.038987113497569226,,,,1,29.30588787421584,0.0035489113070070744,0.0010289637139067054,-0.0012518540024757385,-0.45118622445558054
2018-09-14,fold_5,2018 Vol-mageddon + Q4 sell-off,-0.00043235160410404205,-1,-0.014507722109556198,-1,0.014507722109556198,-0.024479391388013028,,,,1,145.07722109556198,0.0007770070806145668,-0.0015230397693812847,-0.00043235160410404205,-2.2365085644815483
2018-09-17,fold_5,2018 Vol-mageddon + Q4 sell-off,-0.0006728898733854294,-1,0.008237402886152267,1,-0.008237402886152267,-0.032716794274165295,,,,0,-82.37402886152267,0.002902647014707327,0.01576199196279049,-0.0006728898733854294,1.13579438217693
2018-09-18,fold_5,2018 Vol-mageddon + Q4 sell-off,-0.001156732439994812,-1,-0.0007658004760742188,-1,0.0007658004760742188,-0.031950993798091076,,,,1,7.6580047607421875,0.0013181199319660664,0.00888301432132721,-0.001156732439994812,-0.10237775008834965
2018-09-19,fold_5,2018 Vol-mageddon + Q4 sell-off,-0.0028715673834085464,-1,0.010995673015713692,1,-0.010995673015713692,-0.04294666681380477,,,,0,-109.95673015713692,0.0018400680273771286,0.010354790836572647,-0.0028715673834085464,1.4784977216211306
2018-09-20,fold_5,2018 Vol-mageddon + Q4 sell-off,-0.0031527597457170486,-1,-0.00548259261995554,-1,0.00548259261995554,-0.03746407419384923,,,,1,54.8259261995554,0.0039037694223225117,0.007789247203618288,-0.0031527597457170486,-0.7042587737554218
2018-09-21,fold_5,2018 Vol-mageddon + Q4 sell-off,-0.008275503292679787,-1,0.002777309622615576,1,-0.002777309622615576,-0.040241383816464804,,,,0,-27.773096226155758,-0.0014258627779781818,0.013056525960564613,-0.008275503292679787,0.35270575058628745
2018-09-24,fold_5,2018 Vol-mageddon + Q4 sell-off,-0.0031564943492412567,-1,0.0013584248954430223,1,-0.0013584248954430223,-0.041599808711907826,,,,0,-13.584248954430223,-0.002472032094374299,0.01232261210680008,-0.0031564943492412567,0.17819671546611277
2018-09-25,fold_5,2018 Vol-mageddon + Q4 sell-off,0.00031002238392829895,1,0.0007059755735099316,1,0.0007059755735099316,-0.040893833138397895,,,,1,7.059755735099316,0.00567564507946372,0.008705517277121544,0.00031002238392829895,0.09691556136553459
2018-09-26,fold_5,2018 Vol-mageddon + Q4 sell-off,-0.004068629816174507,-1,0.00843012984842062,1,-0.00843012984842062,-0.049323962986818515,,,,0,-84.3012984842062,0.0030992641113698483,0.009075534529983997,-0.004068629816174507,1.1581767856288074
2018-09-27,fold_5,2018 Vol-mageddon + Q4 sell-off,-0.002097165212035179,-1,-0.0002153137611458078,-1,0.0002153137611458078,-0.04910864922567271,,,,1,2.153137611458078,0.003483485896140337,-0.018739888444542885,-0.002097165212035179,-0.030463890037563997
2018-09-28,fold_5,2018 Vol-mageddon + Q4 sell-off,0.0008282531052827835,1,0.002043396234512329,1,0.002043396234512329,-0.04706525299116038,,,,1,20.43396234512329,0.005174478981643915,-0.030826954171061516,0.0008282531052827835,0.28955915449981495
2018-10-01,fold_5,2018 Vol-mageddon + Q4 sell-off,0.0004061330109834671,1,-0.0022586702834814787,-1,-0.0022586702834814787,-0.04932392327464186,,,,0,-22.586702834814787,0.0015798727981746197,-0.03899511694908142,0.0004061330109834671,-0.3196605862331189
2018-10-02,fold_5,2018 Vol-mageddon + Q4 sell-off,0.0019384343177080154,1,0.0010759925935417414,1,0.0010759925935417414,-0.048247930681100115,,,,1,10.759925935417414,0.0028378325514495373,-0.0335022509098053,0.0019384343177080154,0.1533092755250861
2018-10-03,fold_5,2018 Vol-mageddon + Q4 sell-off,0.003869174048304558,1,-0.019385293126106262,-1,-0.019385293126106262,-0.06763322380720638,,,,0,-193.85293126106262,0.006945224944502115,-0.07955434173345566,0.003869174048304558,-3.032313178191907
2018-10-04,fold_5,2018 Vol-mageddon + Q4 sell-off,0.0035437624901533127,1,-0.012302380055189133,-1,-0.012302380055189133,-0.07993560386239551,,,,0,-123.02380055189133,0.013919945806264877,-0.07264971733093262,0.0035437624901533127,-1.649475386727381
2018-10-05,fold_5,2018 Vol-mageddon + Q4 sell-off,0.00824679620563984,1,-0.006124766077846289,-1,-0.006124766077846289,-0.0860603699402418,,,,0,-61.24766077846289,0.003736122976988554,-0.032896917313337326,0.00824679620563984,-0.7750360940234491
2018-10-08,fold_5,2018 Vol-mageddon + Q4 sell-off,0.01533523015677929,1,0.003234193893149495,1,0.003234193893149495,-0.0828261760470923,,,,1,32.34193893149495,-0.0030114250257611275,-0.03895066678524017,0.01533523015677929,0.4050319915801271
2018-10-09,fold_5,2018 Vol-mageddon + Q4 sell-off,0.019162310287356377,1,-0.04497610032558441,-1,-0.04497610032558441,-0.12780227637267672,,,,0,-449.7610032558441,-0.004776196554303169,-0.013507483527064323,0.019162310287356377,-5.74268986795803
2018-10-10,fold_5,2018 Vol-mageddon + Q4 sell-off,0.030929943546652794,1,-0.012480662204325199,-1,-0.012480662204325199,-0.14028293857700191,,,,0,-124.80662204325199,0.008593829348683357,0.03186367079615593,0.030929943546652794,-0.9804380361378571
2018-10-11,fold_5,2018 Vol-mageddon + Q4 sell-off,0.02712290547788143,1,0.02745041809976101,1,0.02745041809976101,-0.1128325204772409,,,,1,274.5041809976101,0.010842282325029373,0.020888805389404297,0.02712290547788143,2.142276908545707
2018-10-12,fold_5,2018 Vol-mageddon + Q4 sell-off,0.0158280860632658,1,-0.012178515084087849,-1,-0.012178515084087849,-0.12501103556132875,,,,0,-121.78515084087849,-0.011201763525605202,-0.007485735230147839,0.0158280860632658,-0.8580742505676323
2018-10-15,fold_5,2018 Vol-mageddon + Q4 sell-off,0.023105120286345482,1,0.028677375987172127,1,0.028677375987172127,-0.09633365957415663,,,,1,286.77375987172127,-0.003354123327881098,0.009823471307754517,0.023105120286345482,2.0363214130848357
2018-10-16,fold_5,2018 Vol-mageddon + Q4 sell-off,0.015395162627100945,1,0.0003950525133404881,1,0.0003950525133404881,-0.09593860706081614,,,,1,3.9505251334048808,-0.0013286187313497066,-0.022540796548128128,0.015395162627100945,0.025712687103086888
2018-10-17,fold_5,2018 Vol-mageddon + Q4 sell-off,0.02015990950167179,1,-0.023455524817109108,-1,-0.023455524817109108,-0.11939413187792525,,,,0,-234.55524817109108,-0.006397595629096031,-0.0697828084230423,0.02015990950167179,-1.526713668475972
2018-10-18,fold_5,2018 Vol-mageddon + Q4 sell-off,0.027637844905257225,1,-0.00092412339290604,-1,-0.00092412339290604,-0.12031825527083129,,,,0,-9.2412339290604,-0.008218996226787567,-0.012317018583416939,0.027637844905257225,-0.05758955729145474
2018-10-19,fold_5,2018 Vol-mageddon + Q4 sell-off,0.027366770431399345,1,0.005130691919475794,1,0.005130691919475794,-0.1151875633513555,,,,1,51.30691919475794,-0.00953415222465992,-0.037451568990945816,0.027366770431399345,0.3206451188195099
2018-10-22,fold_5,2018 Vol-mageddon + Q4 sell-off,0.024669798091053963,1,-0.003686893032863736,-1,-0.003686893032863736,-0.11887445638421923,,,,0,-36.86893032863736,-0.014885636046528816,-0.06337808072566986,0.024669798091053963,-0.22999663911757656
2018-10-23,fold_5,2018 Vol-mageddon + Q4 sell-off,0.023772967979311943,1,-0.04684695973992348,-1,-0.04684695973992348,-0.1657214161241427,,,,0,-468.4695973992348,-0.008645801804959774,-0.04334544390439987,0.023772967979311943,-2.9190838441089455
2018-10-24,fold_5,2018 Vol-mageddon + Q4 sell-off,0.03123803250491619,1,0.03401026502251625,1,0.03401026502251625,-0.13171115110162646,,,,1,340.1026502251625,-0.002114868024364114,0.026734814047813416,0.03123803250491619,1.77468860016443
2018-10-25,fold_5,2018 Vol-mageddon + Q4 sell-off,0.019217388704419136,1,-0.026058673858642578,-1,-0.026058673858642578,-0.15776982496026903,,,,0,-260.5867385864258,-0.012888316065073013,0.00582903204485774,0.019217388704419136,-1.2692032756157483
2018-10-26,fold_5,2018 Vol-mageddon + Q4 sell-off,0.024591853842139244,1,-0.02079581841826439,-1,-0.02079581841826439,-0.17856564337853342,,,,0,-207.9581841826439,-0.008549187332391739,0.016188867390155792,0.024591853842139244,-0.9743944970941217
2018-10-29,fold_5,2018 Vol-mageddon + Q4 sell-off,0.03064253367483616,1,0.01634574495255947,1,0.01634574495255947,-0.16221989842597395,,,,1,163.4574495255947,0.002375905867666006,0.03450203314423561,0.03064253367483616,0.7484921883353494
2018-10-30,fold_5,2018 Vol-mageddon + Q4 sell-off,0.02449854277074337,1,0.02323329448699951,1,0.02323329448699951,-0.13898660393897444,,,,1,232.33294486999512,-0.00668608583509922,0.025703391060233116,0.02449854277074337,1.0495600485665344
2018-10-31,fold_5,2018 Vol-mageddon + Q4 sell-off,0.02006777934730053,1,0.013104485347867012,1,0.013104485347867012,-0.12588211859110743,,,,1,131.04485347867012,-0.031917914748191833,0.03335581719875336,0.02006777934730053,0.5763659324773915
2018-11-01,fold_5,2018 Vol-mageddon + Q4 sell-off,0.009581217542290688,1,-0.015698837116360664,-1,-0.015698837116360664,-0.1415809557074681,,,,0,-156.98837116360664,-0.030140439048409462,0.013852041214704514,0.009581217542290688,-0.6973882163455799
2018-11-02,fold_5,2018 Vol-mageddon + Q4 sell-off,0.012387832626700401,1,-0.002482652897015214,-1,-0.002482652897015214,-0.1440636086044833,,,,0,-24.82652897015214,-0.008510581217706203,0.012555296532809734,0.012387832626700401,-0.10977283931015479
2018-11-05,fold_5,2018 Vol-mageddon + Q4 sell-off,0.002537870779633522,1,0.007547101005911827,1,0.007547101005911827,-0.13651650759857148,,,,1,75.47101005911827,-0.011368786916136742,-0.01568807289004326,0.002537870779633522,0.33421468347266076
2018-11-06,fold_5,2018 Vol-mageddon + Q4 sell-off,0.0014961827546358109,1,0.0308857224881649,1,0.0308857224881649,-0.10563078511040658,,,,1,308.857224881649,-0.004818595014512539,-0.022393720224499702,0.0014961827546358109,1.3646313407784774
2018-11-07,fold_5,2018 Vol-mageddon + Q4 sell-off,0.0033416617661714554,1,-0.006399292498826981,-1,-0.006399292498826981,-0.11203007760923356,,,,0,-63.992924988269806,-0.010893652215600014,-0.0609380342066288,0.0033416617661714554,-0.2987561094118364
2018-11-08,fold_5,2018 Vol-mageddon + Q4 sell-off,-0.004956018179655075,-1,-0.01699558086693287,-1,0.01699558086693287,-0.09503449674230069,,,,1,169.9558086693287,-0.020513106137514114,-0.03719615936279297,-0.004956018179655075,-0.7984634592381895
2018-11-09,fold_5,2018 Vol-mageddon + Q4 sell-off,0.00012880750000476837,1,-0.030726023018360138,-1,-0.030726023018360138,-0.12576051976066083,,,,0,-307.2602301836014,-0.009615208022296429,-0.023716740310192108,0.00012880750000476837,-1.4820286766987243
2018-11-12,fold_5,2018 Vol-mageddon + Q4 sell-off,0.006285643205046654,1,0.000841454544570297,1,0.000841454544570297,-0.12491906521609053,,,,1,8.41454544570297,-0.008188825100660324,-0.026007166132330894,0.006285643205046654,0.03882904903812807
2018-11-13,fold_5,2018 Vol-mageddon + Q4 sell-off,0.01672842539846897,1,-0.007658591028302908,-1,-0.007658591028302908,-0.13257765624439344,,,,0,-76.58591028302908,0.00046300655230879784,-0.044905394315719604,0.01672842539846897,-0.3699598816985418
2018-11-14,fold_5,2018 Vol-mageddon + Q4 sell-off,0.017468975856900215,1,0.01734258234500885,1,0.01734258234500885,-0.11523507389938459,,,,1,173.4258234500885,-0.015773039311170578,-0.029672911390662193,0.017468975856900215,0.8349153533134935
2018-11-15,fold_5,2018 Vol-mageddon + Q4 sell-off,0.014584878459572792,1,-0.0035161625128239393,-1,-0.0035161625128239393,-0.11875123641220853,,,,0,-35.16162512823939,-0.01959972083568573,-0.05427509918808937,0.014584878459572792,-0.17177737056518852
2018-11-16,fold_5,2018 Vol-mageddon + Q4 sell-off,0.013626156374812126,1,-0.033016450703144073,-1,-0.033016450703144073,-0.1517676871153526,,,,0,-330.16450703144073,-0.01573008857667446,-0.027908116579055786,0.013626156374812126,-1.611867493491997
2018-11-19,fold_5,2018 Vol-mageddon + Q4 sell-off,0.0174777340143919,1,-0.018056772649288177,-1,-0.018056772649288177,-0.16982445976464078,,,,0,-180.56772649288177,-0.011010954156517982,0.008479170501232147,0.0174777340143919,-0.8304656952937203
2018-11-20,fold_5,2018 Vol-mageddon + Q4 sell-off,0.022900575771927834,1,0.007573891896754503,1,0.007573891896754503,-0.16225056786788628,,,,1,75.73891896754503,-0.013228550553321838,0.058211855590343475,0.022900575771927834,0.342721089958986
2018-11-21,fold_5,2018 Vol-mageddon + Q4 sell-off,0.014530370011925697,1,-0.007259607780724764,-1,-0.007259607780724764,-0.16951017564861104,,,,0,-72.59607780724764,-0.023107510060071945,0.047372590750455856,0.014530370011925697,-0.37166995530783903
2018-11-23,fold_5,2018 Vol-mageddon + Q4 sell-off,0.023438019677996635,1,0.022850820794701576,1,0.022850820794701576,-0.14665935485390946,,,,1,228.50820794701576,-0.007429683580994606,0.06186139956116676,0.023438019677996635,1.2649789142725905
2018-11-26,fold_5,2018 Vol-mageddon + Q4 sell-off,0.017299240455031395,1,0.0033708387054502964,1,0.0033708387054502964,-0.14328851614845917,,,,1,33.708387054502964,-0.023548129945993423,0.05633609741926193,0.017299240455031395,0.1888876302400691
2018-11-27,fold_5,2018 Vol-mageddon + Q4 sell-off,0.018690595403313637,1,0.03167591243982315,1,0.03167591243982315,-0.11161260370863602,,,,1,316.7591243982315,-0.01683112606406212,0.013853813521564007,0.018690595403313637,1.8367398910174983
2018-11-28,fold_5,2018 Vol-mageddon + Q4 sell-off,0.007642628625035286,1,-0.0032653752714395523,-1,-0.0032653752714395523,-0.11487797898007557,,,,0,-32.65375271439552,-0.017298750579357147,-0.01078720297664404,0.007642628625035286,-0.17861348239722183
2018-11-29,fold_5,2018 Vol-mageddon + Q4 sell-off,-0.0034366752952337265,-1,0.007229202892631292,1,-0.007229202892631292,-0.12210718187270686,,,,0,-72.29202892631292,-0.011049967259168625,-0.04109470173716545,-0.0034366752952337265,0.4120773526837548
2018-11-30,fold_5,2018 Vol-mageddon + Q4 sell-off,0.0037268195301294327,1,0.017325518652796745,1,0.017325518652796745,-0.10478166321991012,,,,1,173.25518652796745,-0.0017754076980054379,-0.037905894219875336,0.0037268195301294327,0.997310767714053
2018-12-03,fold_5,2018 Vol-mageddon + Q4 sell-off,0.0026768017560243607,1,-0.03911144658923149,-1,-0.03911144658923149,-0.1438931098091416,,,,0,-391.1144658923149,-0.00745752826333046,-0.05192564055323601,0.0026768017560243607,-2.241424192443102
2018-12-04,fold_5,2018 Vol-mageddon + Q4 sell-off,0.002813996747136116,1,0.007034897338598967,1,0.007034897338598967,-0.13685821247054264,,,,1,70.34897338598967,0.009814200922846794,-0.004051308147609234,0.002813996747136116,0.3605707093956329
2018-12-06,fold_5,2018 Vol-mageddon + Q4 sell-off,0.001857297495007515,1,-0.03357287496328354,-1,-0.03357287496328354,-0.17043108743382618,,,,0,-335.7287496328354,-0.00180746428668499,-0.010783231817185879,0.001857297495007515,-1.7216083160429345
2018-12-07,fold_5,2018 Vol-mageddon + Q4 sell-off,0.011678209528326988,1,0.01041800994426012,1,0.01041800994426012,-0.16001307748956606,,,,1,104.1800994426012,-0.013690827414393425,-0.0018603972857818007,0.011678209528326988,0.5282515780582366
2018-12-10,fold_5,2018 Vol-mageddon + Q4 sell-off,0.010609647259116173,1,0.003305772552266717,1,0.003305772552266717,-0.15670730493729934,,,,1,33.05772552266717,-0.017043674364686012,-0.03519889712333679,0.010609647259116173,0.16689777918986154
2018-12-11,fold_5,2018 Vol-mageddon + Q4 sell-off,0.014522748067975044,1,0.008762886747717857,1,0.008762886747717857,-0.14794441818958148,,,,1,87.62886747717857,-0.022805767133831978,-0.032235823571681976,0.014522748067975044,0.45045938463094426
2018-12-12,fold_5,2018 Vol-mageddon + Q4 sell-off,0.009726418182253838,1,0.0003029732615686953,1,0.0003029732615686953,-0.1476414449280128,,,,1,3.029732615686953,-0.017830289900302887,-0.06586034595966339,0.009726418182253838,0.016551644777471525
2018-12-13,fold_5,2018 Vol-mageddon + Q4 sell-off,0.012342838570475578,1,-0.02465003915131092,-1,-0.02465003915131092,-0.1722914840793237,,,,0,-246.5003915131092,-0.017113598063588142,-0.08076487481594086,0.012342838570475578,-1.3467111284400528
2018-12-14,fold_5,2018 Vol-mageddon + Q4 sell-off,0.01338469423353672,1,-0.02292048931121826,-1,-0.02292048931121826,-0.19521197339054197,,,,0,-229.20489311218262,-0.0008648908697068691,-0.08759868144989014,0.01338469423353672,-1.2038753790062104
2018-12-17,fold_5,2018 Vol-mageddon + Q4 sell-off,0.012378653511404991,1,0.006268845871090889,1,0.006268845871090889,-0.18894312751945108,,,,1,62.68845871090889,-0.0035357533488422632,-0.08978883922100067,0.012378653511404991,0.3242801571004377
2018-12-18,fold_5,2018 Vol-mageddon + Q4 sell-off,0.02037837915122509,1,-0.024861635640263557,-1,-0.024861635640263557,-0.21380476315971464,,,,0,-248.61635640263557,-0.0008985009044408798,-0.035490769892930984,0.02037837915122509,-1.283752666124262
2018-12-19,fold_5,2018 Vol-mageddon + Q4 sell-off,0.019585734233260155,1,-0.014601556584239006,-1,-0.014601556584239006,-0.22840631974395365,,,,0,-146.01556584239006,-0.0042039258405566216,-0.006766404490917921,0.019585734233260155,-0.7788662930931695
2018-12-20,fold_5,2018 Vol-mageddon + Q4 sell-off,0.02262098528444767,1,-0.03148384019732475,-1,-0.03148384019732475,-0.2598901599412784,,,,0,-314.8384019732475,-0.0012033460661768913,0.007312349509447813,0.02262098528444767,-1.6930339809025827
2018-12-21,fold_5,2018 Vol-mageddon + Q4 sell-off,0.023027339950203896,1,-0.025110647082328796,-1,-0.025110647082328796,-0.2850008070236072,,,,0,-251.10647082328796,-0.002986290492117405,0.047193724662065506,0.023027339950203896,-1.2674572673187545
2018-12-24,fold_5,2018 Vol-mageddon + Q4 sell-off,0.026496732607483864,1,0.06056690961122513,1,0.06056690961122513,-0.22443389741238207,,,,1,605.6690961122513,-0.0031417557038366795,0.07631570100784302,0.026496732607483864,2.950446690963408
2018-12-26,fold_5,2018 Vol-mageddon + Q4 sell-off,0.004437418654561043,1,0.0038627306930720806,1,0.0038627306930720806,-0.22057116671930999,,,,1,38.627306930720806,-0.019000891596078873,-0.017467688769102097,0.004437418654561043,0.1605697928539248
2018-12-27,fold_5,2018 Vol-mageddon + Q4 sell-off,0.013643285259604454,1,-0.0005228033987805247,-1,-0.0005228033987805247,-0.2210939701180905,,,,0,-5.228033987805247,-0.008749312721192837,0.020564427599310875,0.013643285259604454,-0.021729065604608522
2018-12-28,fold_5,2018 Vol-mageddon + Q4 sell-off,0.01921663247048855,1,0.008397532626986504,1,0.008397532626986504,-0.212696437491104,,,,1,83.97532626986504,0.0011331713758409023,0.03292231634259224,0.01921663247048855,0.36520208009465255
2018-12-31,fold_5,2018 Vol-mageddon + Q4 sell-off,0.005588667467236519,1,0.00401133019477129,1,0.00401133019477129,-0.20868510729633272,,,,1,40.1133019477129,-0.022865695878863335,0.03352988138794899,0.005588667467236519,0.17395794166586181
2019-01-02,fold_5,2018 Vol-mageddon + Q4 sell-off,-0.0012303274124860764,-1,-0.033216480165719986,-1,0.033216480165719986,-0.17546862713061273,,,,1,332.16480165719986,-0.021387552842497826,0.03763500228524208,-0.0012303274124860764,-1.4429433525971453
2019-01-03,fold_5,2018 Vol-mageddon + Q4 sell-off,0.01220797561109066,1,0.04189484566450119,1,0.04189484566450119,-0.13357378146611154,,,,1,418.9484566450119,-0.013783037662506104,0.07370780408382416,0.01220797561109066,1.7546651131761455
2019-01-04,fold_5,2018 Vol-mageddon + Q4 sell-off,0.00147954560816288,1,0.011835084296762943,1,0.011835084296762943,-0.1217386971693486,,,,1,118.35084296762943,-0.037863925099372864,0.028147896751761436,0.00147954560816288,0.4908543546392967
2019-01-07,fold_5,2018 Vol-mageddon + Q4 sell-off,-0.009726189076900482,-1,0.009005100466310978,1,-0.009005100466310978,-0.13074379763565958,,,,0,-90.05100466310978,-0.025830956175923347,0.0074369218200445175,-0.009726189076900482,0.37203579793221414
2019-01-08,fold_5,2018 Vol-mageddon + Q4 sell-off,-0.004672333598136902,-1,0.008116450160741806,1,-0.008116450160741806,-0.13886024779640138,,,,0,-81.16450160741806,-0.020978134125471115,0.01776972971856594,-0.004672333598136902,0.3513725713332447
2019-01-09,fold_5,2018 Vol-mageddon + Q4 sell-off,-0.0035904143005609512,-1,0.0028563211672008038,1,-0.0028563211672008038,-0.14171656896360219,,,,0,-28.563211672008038,-0.023626159876585007,0.009468733333051205,-0.0035904143005609512,0.12390206631015782
2019-01-10,fold_5,2018 Vol-mageddon + Q4 sell-off,0.0034788530319929123,1,-0.0036650579422712326,-1,-0.0036650579422712326,-0.14538162690587342,,,,0,-36.650579422712326,-0.017877640202641487,0.014465805143117905,0.0034788530319929123,-0.15900432044947757
2019-01-11,fold_5,2018 Vol-mageddon + Q4 sell-off,-0.0048102643340826035,-1,-0.00887589156627655,-1,0.00887589156627655,-0.13650573533959687,,,,1,88.7589156627655,-0.012526114471256733,0.027982445433735847,-0.0048102643340826035,-0.3862234557550303
2019-01-14,fold_5,2018 Vol-mageddon + Q4 sell-off,-0.0039907898753881454,-1,0.019337907433509827,1,-0.019337907433509827,-0.1558436427731067,,,,0,-193.37907433509827,-0.011664341203868389,0.016624685376882553,-0.0039907898753881454,0.8383482210297947
2019-01-15,fold_5,2018 Vol-mageddon + Q4 sell-off,-0.004940114915370941,-1,-0.0001845464576035738,-1,0.0001845464576035738,-0.15565909631550312,,,,1,1.845464576035738,-0.019874166697263718,-0.0014171712100505829,-0.004940114915370941,-0.00808987921917732
2019-01-16,fold_5,2018 Vol-mageddon + Q4 sell-off,-0.006538445129990578,-1,0.007853393442928791,1,-0.007853393442928791,-0.1635124897584319,,,,0,-78.53393442928791,-0.02052205242216587,0.0052218688651919365,-0.006538445129990578,0.35329712750900966
2019-01-17,fold_5,2018 Vol-mageddon + Q4 sell-off,-0.007196364924311638,-1,0.009851583279669285,1,-0.009851583279669285,-0.1733640730381012,,,,0,-98.51583279669285,-0.027668047696352005,0.009246372617781162,-0.007196364924311638,0.4426878625243031
2019-01-18,fold_5,2018 Vol-mageddon + Q4 sell-off,-0.0043480731546878815,-1,-0.020233651623129845,-1,0.020233651623129845,-0.15313042141497135,,,,1,202.33651623129845,-0.016527974978089333,-0.013034457340836525,-0.0043480731546878815,-0.9341151823620253
2019-01-22,fold_5,2018 Vol-mageddon + Q4 sell-off,-0.00413498654961586,-1,0.0012960510794073343,1,-0.0012960510794073343,-0.15442647249437869,,,,0,-12.960510794073343,-0.003957327455282211,-0.002287453506141901,-0.00413498654961586,0.05921816890991798
2019-01-23,fold_5,2018 Vol-mageddon + Q4 sell-off,-0.0034353304654359818,-1,0.006454493384808302,1,-0.006454493384808302,-0.160880965879187,,,,0,-64.54493384808302,-0.00414819223806262,0.0215363297611475,-0.0034353304654359818,0.31143682154349095
2019-01-24,fold_5,2018 Vol-mageddon + Q4 sell-off,-0.00650331936776638,-1,0.011877898126840591,1,-0.011877898126840591,-0.17275886400602758,,,,0,-118.77898126840591,-0.0013093464076519012,0.02993958815932274,-0.00650331936776638,0.5938378744339285
2019-01-25,fold_5,2018 Vol-mageddon + Q4 sell-off,-0.0022360514849424362,-1,-0.012429247610270977,-1,0.012429247610270977,-0.1603296163957566,,,,1,124.29247610270977,5.6895893067121506e-05,0.013830570504069328,-0.0022360514849424362,-0.8309956368039547
2019-01-28,fold_5,2018 Vol-mageddon + Q4 sell-off,-0.005018163472414017,-1,-0.009486648254096508,-1,0.009486648254096508,-0.1508429681416601,,,,1,94.86648254096508,0.012704215943813324,0.038604870438575745,-0.005018163472414017,-0.62459246102514
2019-01-29,fold_5,2018 Vol-mageddon + Q4 sell-off,0.00047417543828487396,1,0.025119835510849953,1,0.025119835510849953,-0.12572313263081014,,,,1,251.19835510849953,0.00489444425329566,0.05690077319741249,0.00047417543828487396,1.6380173508875673
2019-01-30,fold_5,2018 Vol-mageddon + Q4 sell-off,0.001201556995511055,1,0.01485775038599968,1,0.01485775038599968,-0.11086538224481046,,,,1,148.5775038599968,-0.0032100167591124773,0.028794310986995697,0.001201556995511055,0.9158159736361503
2019-01-31,fold_5,2018 Vol-mageddon + Q4 sell-off,0.0017527621239423752,1,-0.004231119528412819,-1,-0.004231119528412819,-0.11509650177322328,,,,0,-42.31119528412819,-0.0003134133294224739,0.00041609382606111467,0.0017527621239423752,-0.25587502014519004
2019-02-01,fold_5,2018 Vol-mageddon + Q4 sell-off,0.0008359085768461227,1,0.01234505232423544,1,0.01234505232423544,-0.10275144944898784,,,,1,123.4505232423544,-0.006698012817651033,0.006606902461498976,0.0008359085768461227,0.8338895394396779
2019-02-04,fold_5,2018 Vol-mageddon + Q4 sell-off,-0.0006724037230014801,-1,0.008809252642095089,1,-0.008809252642095089,-0.11156070209108293,,,,0,-88.09252642095089,-0.005718924105167389,-0.006687937770038843,-0.0006724037230014801,0.7471241039746336
2019-02-05,fold_5,2018 Vol-mageddon + Q4 sell-off,-0.0021434947848320007,-1,-0.0029866250697523355,-1,0.0029866250697523355,-0.1085740770213306,,,,1,29.866250697523355,-0.003563764737918973,-0.0008191018714569509,-0.0021434947848320007,-0.25619367299360474
2019-02-06,fold_5,2018 Vol-mageddon + Q4 sell-off,-0.002357723191380501,-1,-0.013520467095077038,-1,0.013520467095077038,-0.09505360992625356,,,,1,135.20467095077038,0.00018888432532548904,0.002869384828954935,-0.002357723191380501,-1.175501688232634
2019-02-07,fold_5,2018 Vol-mageddon + Q4 sell-off,-0.002854401245713234,-1,0.001959689659997821,1,-0.001959689659997821,-0.09701329958625138,,,,0,-19.59689659997821,0.0043587167747318745,0.017617112025618553,-0.002854401245713234,0.1667357073202623
2019-02-08,fold_5,2018 Vol-mageddon + Q4 sell-off,4.791468381881714e-05,1,-0.0009497877908870578,-1,-0.0009497877908870578,-0.09796308737713844,,,,0,-9.497877908870578,-0.00041101500391960144,0.019853880628943443,4.791468381881714e-05,-0.08087375287144566
2019-02-11,fold_5,2018 Vol-mageddon + Q4 sell-off,-0.0008741915225982666,-1,0.014678088948130608,1,-0.014678088948130608,-0.11264117632526904,,,,0,-146.78088948130608,-0.001610252307727933,0.022779028862714767,-0.0008741915225982666,1.2526771766344347
2019-02-12,fold_5,2018 Vol-mageddon + Q4 sell-off,-0.0006892848759889603,-1,0.0007018616888672113,1,-0.0007018616888672113,-0.11334303801413625,,,,0,-7.018616888672113,-0.002381694270297885,0.00792672112584114,-0.0006892848759889603,0.05846206533534345
2019-02-13,fold_5,2018 Vol-mageddon + Q4 sell-off,-0.0019339490681886673,-1,0.001227260334417224,1,-0.001227260334417224,-0.11457029834855348,,,,0,-12.27260334417224,0.0010197344236075878,0.0035608201287686825,-0.0019339490681886673,0.10956938104039882
2019-02-14,fold_5,2018 Vol-mageddon + Q4 sell-off,-0.0018925517797470093,-1,0.004196458030492067,1,-0.004196458030492067,-0.11876675637904555,,,,0,-41.96458030492067,0.00047197286039590836,0.00970625039190054,-0.0018925517797470093,0.3745484592003061
2019-02-15,fold_5,2018 Vol-mageddon + Q4 sell-off,-0.002397000789642334,-1,0.001975360093638301,1,-0.001975360093638301,-0.12074211647268385,,,,0,-19.75360093638301,-0.0015611175913363695,0.009147333912551403,-0.002397000789642334,0.1778756870323239
2019-02-19,fold_5,2018 Vol-mageddon + Q4 sell-off,-0.000299086794257164,-1,-0.00017421865777578205,-1,0.00017421865777578205,-0.12056789781490806,,,,1,1.7421865777578205,-0.00041910121217370033,0.008208819665014744,-0.000299086794257164,-0.015992804153815002
2019-02-20,fold_5,2018 Vol-mageddon + Q4 sell-off,-0.0029206499457359314,-1,-0.0036640395410358906,-1,0.0036640395410358906,-0.11690385827387217,,,,1,36.640395410358906,0.0026593967340886593,0.007749252486974001,-0.0029206499457359314,-0.3697444191702923
2019-02-21,fold_5,2018 Vol-mageddon + Q4 sell-off,-0.0029793046414852142,-1,0.007372690364718437,1,-0.007372690364718437,-0.12427654863859061,,,,0,-73.72690364718437,0.0034497291781008244,0.009106521494686604,-0.0029793046414852142,0.7417759552143991
2019-02-22,fold_5,2018 Vol-mageddon + Q4 sell-off,-0.0016582794487476349,-1,0.0036375417839735746,1,-0.0036375417839735746,-0.1279140904225642,,,,0,-36.375417839735746,0.0017892871983349323,0.00863878894597292,-0.0016582794487476349,0.36480757635248523
2019-02-25,fold_5,2018 Vol-mageddon + Q4 sell-off,-0.0032272525131702423,-1,0.0010368457296863198,1,-0.0010368457296863198,-0.1289509361522505,,,,0,-10.368457296863198,0.006003083195537329,0.005173328332602978,-0.0032272525131702423,0.10749815623397956
2019-02-26,fold_5,2018 Vol-mageddon + Q4 sell-off,-8.337758481502533e-05,-1,-0.0006337863160297275,-1,0.0006337863160297275,-0.12831714983622078,,,,1,6.337863160297275,0.007864728569984436,0.004881580825895071,-8.337758481502533e-05,-0.06859860697891929
2019-02-27,fold_5,2018 Vol-mageddon + Q4 sell-off,-0.0026413071900606155,-1,-0.002306770533323288,-1,0.002306770533323288,-0.1260103793028975,,,,1,23.06770533323288,0.0068961079232394695,-0.00017281183681916445,-0.0026413071900606155,-0.2564972928000794
2019-02-28,fold_5,2018 Vol-mageddon + Q4 sell-off,-0.0012441165745258331,-1,0.006904958747327328,1,-0.006904958747327328,-0.13291533805022482,,,,0,-69.04958747327328,0.005660074297338724,-0.010214511305093765,-0.0012441165745258331,0.9804763321443797
2019-03-01,fold_5,2018 Vol-mageddon + Q4 sell-off,-0.003309914842247963,-1,0.00017208090866915882,1,-0.00017208090866915882,-0.13308741895889398,,,,0,-1.7208090866915882,0.004824051167815924,-0.018637001514434814,-0.003309914842247963,0.026893411076215196
2019-03-04,fold_5,2018 Vol-mageddon + Q4 sell-off,-0.0033401399850845337,-1,0.0007450981065630913,1,-0.0007450981065630913,-0.13383251706545707,,,,0,-7.450981065630913,0.002200803253799677,0.0017753717256709933,-0.0033401399850845337,0.11773856278902868
2019-03-05,fold_5,2018 Vol-mageddon + Q4 sell-off,5.7132914662361145e-05,1,-0.005688178818672895,-1,-0.005688178818672895,-0.13952069588412996,,,,0,-56.881788186728954,0.005403407383710146,0.0065093920566141605,5.7132914662361145e-05,-0.9984404366472546
2019-03-06,fold_5,2018 Vol-mageddon + Q4 sell-off,0.001596277579665184,1,-0.012348470278084278,-1,-0.012348470278084278,-0.15186916616221424,,,,0,-123.48470278084278,0.009850576519966125,0.01968303509056568,0.001596277579665184,-2.2472515457824884
2019-03-07,fold_5,2018 Vol-mageddon + Q4 sell-off,0.0076537299901247025,1,-0.0015175314620137215,-1,-0.0015175314620137215,-0.15338669762422796,,,,0,-15.175314620137215,-5.764514207839966e-05,0.030335213989019394,0.0076537299901247025,-0.2482345434549959
2019-03-08,fold_5,2018 Vol-mageddon + Q4 sell-off,0.013022476807236671,1,0.020584454759955406,1,0.020584454759955406,-0.13280224286427256,,,,1,205.84454759955406,-0.005351093597710133,0.041090596467256546,0.013022476807236671,3.8661865610744894
2019-03-11,fold_5,2018 Vol-mageddon + Q4 sell-off,-0.0018454957753419876,-1,0.005479118321090937,1,-0.005479118321090937,-0.1382813611853635,,,,0,-54.79118321090937,-0.010457383468747139,0.022885199636220932,-0.0018454957753419876,0.7800188928272659
2019-03-12,fold_5,2018 Vol-mageddon + Q4 sell-off,7.62939453125e-06,1,0.007485463283956051,1,0.007485463283956051,-0.13079589790140744,,,,1,74.85463283956051,-0.004528409335762262,0.020762847736477852,7.62939453125e-06,1.0502638374398423
2019-03-13,fold_5,2018 Vol-mageddon + Q4 sell-off,-0.002104915678501129,-1,-0.0016962912632152438,-1,0.0016962912632152438,-0.1290996066381922,,,,1,16.962912632152438,0.00021566543728113174,0.01723448745906353,-0.002104915678501129,-0.259205191477666
2019-03-14,fold_5,2018 Vol-mageddon + Q4 sell-off,-0.0018320810049772263,-1,0.009237850084900856,1,-0.009237850084900856,-0.13833745672309306,,,,0,-92.37850084900856,-0.0009650844149291515,0.03444202244281769,-0.0018320810049772263,1.409647264496538
2019-03-15,fold_5,2018 Vol-mageddon + Q4 sell-off,-0.0017729513347148895,-1,0.0023790590930730104,1,-0.0023790590930730104,-0.14071651581616607,,,,0,-23.790590930730104,-0.0013540945947170258,0.0029952730983495712,-0.0017729513347148895,0.34651527241994967
2019-03-18,fold_5,2018 Vol-mageddon + Q4 sell-off,-0.0009834300726652145,-1,0.003356766188517213,1,-0.003356766188517213,-0.14407328200468328,,,,0,-33.56766188517213,-0.0003774082288146019,-0.0012897165725007653,-0.0009834300726652145,0.49204903498740066
2019-03-19,fold_5,2018 Vol-mageddon + Q4 sell-off,-0.0009611435234546661,-1,0.003957103006541729,1,-0.003957103006541729,-0.148030385011225,,,,0,-39.57103006541729,0.002766235265880823,0.0,-0.0009611435234546661,0.5777674207829703
2019-03-20,fold_5,2018 Vol-mageddon + Q4 sell-off,-0.003363063558936119,-1,0.015511245466768742,1,-0.015511245466768742,-0.16354163047799375,,,,0,-155.11245466768742,0.004838184919208288,-0.010400827042758465,-0.003363063558936119,2.2461296638731625
2019-03-21,fold_5,2018 Vol-mageddon + Q4 sell-off,-0.0012944620102643967,-1,-0.02220890112221241,-1,0.02220890112221241,-0.14133272935578134,,,,1,222.0890112221241,0.00027376972138881683,-0.023610059171915054,-0.0012944620102643967,-2.890170330312154
2019-03-22,fold_5,2018 Vol-mageddon + Q4 sell-off,0.0008344817906618118,1,-0.001905930577777326,-1,-0.001905930577777326,-0.14323865993355867,,,,0,-19.05930577777326,0.012690337374806404,0.006141345482319593,0.0008344817906618118,-0.21178024690818373
2019-03-25,fold_5,2018 Vol-mageddon + Q4 sell-off,0.006366631016135216,1,0.004646482411772013,1,0.004646482411772013,-0.13859217752178665,,,,1,46.46482411772013,0.012295808643102646,0.021207502111792564,0.006366631016135216,0.5178372879620403
2019-03-26,fold_5,2018 Vol-mageddon + Q4 sell-off,0.005817139521241188,1,-0.006443724036216736,-1,-0.006443724036216736,-0.1450359015580034,,,,0,-64.43724036216736,0.0044449870474636555,0.02034425549209118,0.005817139521241188,-0.7136034369894386
2019-03-27,fold_5,2018 Vol-mageddon + Q4 sell-off,0.006768347695469856,1,0.0023020142689347267,1,0.0023020142689347267,-0.14273388728906866,,,,1,23.020142689347267,0.01350102387368679,0.03251755237579346,0.006768347695469856,0.25177956690205505
2019-03-28,fold_5,2018 Vol-mageddon + Q4 sell-off,0.0069738831371068954,1,0.007542503532022238,1,0.007542503532022238,-0.13519138375704642,,,,1,75.42503532022238,0.00517331762239337,0.029834916815161705,0.0069738831371068954,0.8249561163490199
2019-03-29,fold_5,2018 Vol-mageddon + Q4 sell-off,-0.0009415056556463242,-1,0.013160225003957748,1,-0.013160225003957748,-0.14835160876100417,,,,0,-131.60225003957748,-0.0014095967635512352,0.027450084686279297,-0.0009415056556463242,1.4354417979438217
2019-04-01,fold_5,2018 Vol-mageddon + Q4 sell-off,-0.0005842894315719604,-1,0.0037832369562238455,1,-0.0037832369562238455,-0.15213484571722802,,,,0,-37.832369562238455,-0.001792408525943756,0.01683189906179905,-0.0005842894315719604,0.3929132302604623
2019-04-02,fold_5,2018 Vol-mageddon + Q4 sell-off,-0.0008265301585197449,-1,0.005729572847485542,1,-0.005729572847485542,-0.15786441856471356,,,,0,-57.29572847485542,0.0022106654942035675,0.009531304240226746,-0.0008265301585197449,0.5928572924656258
2019-04-03,fold_5,2018 Vol-mageddon + Q4 sell-off,-0.0002401750534772873,-1,-0.0003806223103310913,-1,0.0003806223103310913,-0.15748379625438247,,,,1,3.806223103310913,0.007419760804623365,0.009153859689831734,-0.0002401750534772873,-0.03937922860941791
2019-04-04,fold_5,2018 Vol-mageddon + Q4 sell-off,0.0010470803827047348,1,0.00515767140313983,1,0.00515767140313983,-0.15232612485124264,,,,1,51.576714031398296,0.007984757423400879,0.007159198634326458,0.0010470803827047348,0.5567941972777216
2019-04-05,fold_5,2018 Vol-mageddon + Q4 sell-off,0.0016209986060857773,1,0.0025420398451387882,1,0.0025420398451387882,-0.14978408500610385,,,,1,25.420398451387882,0.004918015096336603,0.006315842270851135,0.0016209986060857773,0.2725024093881886
2019-04-08,fold_5,2018 Vol-mageddon + Q4 sell-off,0.0029884669929742813,1,-0.0035173578653484583,-1,-0.0035173578653484583,-0.1533014428714523,,,,0,-35.17357865348458,0.006030982825905085,0.003935340326279402,0.0029884669929742813,-0.43243918616901417
2019-04-09,fold_5,2018 Vol-mageddon + Q4 sell-off,0.00427759625017643,1,0.005352128762751818,1,0.005352128762751818,-0.1479493141087005,,,,1,53.52128762751818,0.012069076299667358,0.010890415869653225,0.00427759625017643,0.6624467096671369
2019-04-10,fold_5,2018 Vol-mageddon + Q4 sell-off,0.004002666100859642,1,-0.0023752839770168066,-1,-0.0023752839770168066,-0.1503245980857173,,,,0,-23.752839770168066,0.01065240427851677,0.009017187170684338,0.004002666100859642,-0.29712804898278294
2019-04-11,fold_5,2018 Vol-mageddon + Q4 sell-off,0.0018388014286756516,1,0.004314315505325794,1,0.004314315505325794,-0.1460102825803915,,,,1,43.14315505325794,0.00956454873085022,0.012674174271523952,0.0018388014286756516,0.5391018631979752
2019-04-12,fold_5,2018 Vol-mageddon + Q4 sell-off,0.0031683947890996933,1,0.0001615378278074786,1,0.0001615378278074786,-0.14584874475258403,,,,1,1.615378278074786,0.010453158989548683,0.011184216476976871,0.0031683947890996933,0.020732427437063147
2019-04-15,fold_5,2018 Vol-mageddon + Q4 sell-off,0.0007104668766260147,1,0.0034377172123640776,1,0.0034377172123640776,-0.14241102754021995,,,,1,34.377172123640776,0.01259729452431202,0.02366057224571705,0.0007104668766260147,0.4422379245469731
2019-04-16,fold_5,2018 Vol-mageddon + Q4 sell-off,0.0015399139374494553,1,0.0034789007622748613,1,0.0034789007622748613,-0.1389321267779451,,,,1,34.78900762274861,0.010148372501134872,0.0170652624219656,0.0015399139374494553,0.44743409613884627
2019-04-17,fold_5,2018 Vol-mageddon + Q4 sell-off,0.0026522818952798843,1,0.001281703356653452,1,0.001281703356653452,-0.13765042342129163,,,,1,12.81703356653452,0.010955065488815308,0.017636874690651894,0.0026522818952798843,0.16508748451011285
2019-04-18,fold_5,2018 Vol-mageddon + Q4 sell-off,0.000292336568236351,1,0.002824357245117426,1,0.002824357245117426,-0.1348260661761742,,,,1,28.24357245117426,0.01079053059220314,0.01724712736904621,0.000292336568236351,0.4062728922046816
2019-04-22,fold_5,2018 Vol-mageddon + Q4 sell-off,0.003360902890563011,1,0.012637894600629807,1,0.012637894600629807,-0.1221881715755444,,,,1,126.37894600629807,0.005308006424456835,0.016361890360713005,0.003360902890563011,2.5761801972299163
2019-04-23,fold_5,2018 Vol-mageddon + Q4 sell-off,0.0004462171345949173,1,-0.0031575928442180157,-1,-0.0031575928442180157,-0.12534576441976242,,,,0,-31.575928442180157,0.00809590145945549,-0.004054222255945206,0.0004462171345949173,-0.5593278337476337
2019-04-24,fold_5,2018 Vol-mageddon + Q4 sell-off,0.00342663936316967,1,0.004050512798130512,1,0.004050512798130512,-0.1212952516216319,,,,1,40.50512798130512,0.012530438601970673,-0.004119951277971268,0.00342663936316967,0.7241279199257808
2019-04-25,fold_5,2018 Vol-mageddon + Q4 sell-off,0.003068378195166588,1,0.0008919559768401086,1,0.0008919559768401086,-0.1204032956447918,,,,1,8.919559768401086,0.013415543362498283,-0.012520142830908298,0.003068378195166588,0.16275839997497182
2019-04-26,fold_5,2018 Vol-mageddon + Q4 sell-off,0.0030803997069597244,1,0.0019391197711229324,1,0.0019391197711229324,-0.11846417587366886,,,,1,19.391197711229324,0.009899897500872612,0.002410326385870576,0.0030803997069597244,0.3551721476100761
2019-04-29,fold_5,2018 Vol-mageddon + Q4 sell-off,0.0014609713107347488,1,-0.007778218016028404,-1,-0.007778218016028404,-0.12624239388969727,,,,0,-77.78218016028404,0.006265875417739153,-0.005670021288096905,0.0014609713107347488,-1.4927381154327648
2020-02-14,fold_6,COVID crash and V-recovery,-0.002273058518767357,-1,0.00038334113196469843,1,-0.00038334113196469843,-0.00038334113196469843,,,,0,-3.8334113196469843,0.0036488682962954044,-0.058126457035541534,-0.002273058518767357,0.037054692594182814
2020-02-18,fold_6,COVID crash and V-recovery,-0.001394784078001976,-1,0.009539753198623657,1,-0.009539753198623657,-0.009923094330588356,,,,0,-95.39753198623657,0.008421352133154869,-0.0860784575343132,-0.001394784078001976,0.9273987048674636
2020-02-19,fold_6,COVID crash and V-recovery,-0.0009936336427927017,-1,-0.00932669173926115,-1,0.00932669173926115,-0.0005964025913272053,,,,1,93.2669173926115,0.007075888570398092,-0.09047750383615494,-0.0009936336427927017,-0.8878382572068921
2020-02-20,fold_6,COVID crash and V-recovery,-0.0008322112262248993,-1,-0.019396374002099037,-1,0.019396374002099037,0.018799971410771832,,,,1,193.96374002099037,0.011098003014922142,-0.1325218379497528,-0.0008322112262248993,-1.8138145511056467
2020-02-21,fold_6,COVID crash and V-recovery,0.0018290523439645767,1,-0.03932648524641991,-1,-0.03932648524641991,-0.020526513835648075,,,,0,-393.26485246419907,0.015911825001239777,-0.1123478040099144,0.0018290523439645767,-3.4145285841041195
2020-02-24,fold_6,COVID crash and V-recovery,0.0038194190710783005,1,-0.02756866067647934,-1,-0.02756866067647934,-0.048095174512127414,,,,0,-275.6866067647934,-0.0025592599995434284,-0.022704971954226494,0.0038194190710783005,-1.9188995714738115
2020-02-25,fold_6,COVID crash and V-recovery,0.01425323449075222,1,0.005140705965459347,1,0.005140705965459347,-0.04295446854666807,,,,1,51.40705965459347,-0.02068985253572464,-0.027729181572794914,0.01425323449075222,0.3445345680463664
2020-02-26,fold_6,COVID crash and V-recovery,0.012788334861397743,1,-0.051371023058891296,-1,-0.051371023058891296,-0.09432549160555936,,,,0,-513.710230588913,-0.022595632821321487,0.008005531504750252,0.012788334861397743,-3.5254205032207495
2020-02-27,fold_6,COVID crash and V-recovery,0.023143375292420387,1,0.0007776540005579591,1,0.0007776540005579591,-0.0935478376050014,,,,1,7.776540005579591,-0.00821647047996521,0.02852322906255722,0.023143375292420387,0.041919228265831186
2020-02-28,fold_6,COVID crash and V-recovery,0.019397547468543053,1,0.05031634867191315,1,0.05031634867191315,-0.04323148893308826,,,,1,503.16348671913147,-0.00306046474725008,0.010729601606726646,0.019397547468543053,2.714663724904528
2020-03-02,fold_6,COVID crash and V-recovery,0.003147011622786522,1,-0.03259287029504776,-1,-0.03259287029504776,-0.07582435922813602,,,,0,-325.9287029504776,-0.024699486792087555,-0.11158188432455063,0.003147011622786522,-1.524033495503508
2020-03-03,fold_6,COVID crash and V-recovery,0.015527637675404549,1,0.04087541997432709,1,0.04087541997432709,-0.03494893925380893,,,,1,408.7541997432709,-0.014682391658425331,-0.02596919983625412,0.015527637675404549,1.8294166450010205
2020-03-04,fold_6,COVID crash and V-recovery,0.008673349395394325,1,-0.03085332363843918,-1,-0.03085332363843918,-0.06580226289224811,,,,0,-308.5332363843918,-0.019538680091500282,-0.11137661337852478,0.008673349395394325,-1.3071079771292768
2020-03-05,fold_6,COVID crash and V-recovery,0.013629274442791939,1,-0.01701597310602665,-1,-0.01701597310602665,-0.08281823599827476,,,,0,-170.1597310602665,-0.015224674716591835,-0.17669427394866943,0.013629274442791939,-0.6922464338547529
2020-03-06,fold_6,COVID crash and V-recovery,0.03385211527347565,1,-0.07199513912200928,-1,-0.07199513912200928,-0.15481337512028404,,,,0,-719.9513912200928,0.0032672672532498837,-0.07836981117725372,0.03385211527347565,-2.9031253955405036
2020-03-09,fold_6,COVID crash and V-recovery,0.02077660523355007,1,0.05301981791853905,1,0.05301981791853905,-0.10179355720174499,,,,1,530.1981791853905,-0.00804454181343317,-0.13396690785884857,0.02077660523355007,1.7942068231919444
2020-03-10,fold_6,COVID crash and V-recovery,0.021650714799761772,1,-0.04453199356794357,-1,-0.04453199356794357,-0.14632555076968856,,,,0,-445.31993567943573,-0.00806663278490305,-0.11388345062732697,0.021650714799761772,-1.4036184204922437
2020-03-11,fold_6,COVID crash and V-recovery,0.01932753063738346,1,-0.09617097675800323,-1,-0.09617097675800323,-0.2424965275276918,,,,0,-961.7097675800323,-0.002652565250173211,-0.10023970156908035,0.01932753063738346,-2.892143262870561
2020-03-12,fold_6,COVID crash and V-recovery,0.018562613055109978,1,0.08130848407745361,1,0.08130848407745361,-0.16118804345023818,,,,1,813.0848407745361,-0.012940362095832825,0.0019156171474605799,0.018562613055109978,2.0563200326309063
2020-03-13,fold_6,COVID crash and V-recovery,0.004987260326743126,1,-0.12759223580360413,-1,-0.12759223580360413,-0.2887802792538423,,,,0,-1275.9223580360413,0.01245199516415596,-0.11935686320066452,0.004987260326743126,-2.9318428061847235
2020-03-16,fold_6,COVID crash and V-recovery,0.02179706282913685,1,0.07310327887535095,1,0.07310327887535095,-0.21567700037849136,,,,1,731.0327887535095,-0.0033727423287928104,0.008956932462751865,0.02179706282913685,1.4049170246314153
2020-03-17,fold_6,COVID crash and V-recovery,0.017611002549529076,1,-0.03088824450969696,-1,-0.03088824450969696,-0.24656524488818832,,,,0,-308.8824450969696,0.0073226639069616795,0.01043920498341322,0.017611002549529076,-0.5663306840910367
2020-03-18,fold_6,COVID crash and V-recovery,0.020499451085925102,1,0.005984340328723192,1,0.005984340328723192,-0.24058090455946513,,,,1,59.84340328723192,-0.016631267964839935,0.03389502316713333,0.020499451085925102,0.10893455432192647
2020-03-19,fold_6,COVID crash and V-recovery,0.021001646295189857,1,-0.03996399790048599,-1,-0.03996399790048599,-0.2805449024599511,,,,0,-399.6399790048599,-0.005972872022539377,0.07923150807619095,0.021001646295189857,-0.7277839597663036
2020-03-20,fold_6,COVID crash and V-recovery,0.0257845651358366,1,0.0007215568330138922,1,0.0007215568330138922,-0.2798233456269372,,,,1,7.215568330138922,-0.009375350549817085,0.08419716358184814,0.0257845651358366,0.013009237616722924
2020-03-23,fold_6,COVID crash and V-recovery,0.02459271065890789,1,0.07458554953336716,1,0.07458554953336716,-0.20523779609357007,,,,1,745.8554953336716,-0.01773969456553459,0.11920323222875595,0.02459271065890789,1.3619532583716727
2020-03-24,fold_6,COVID crash and V-recovery,0.0281494352966547,1,-0.007432425860315561,-1,-0.007432425860315561,-0.21267022195388563,,,,0,-74.32425860315561,-0.027134239673614502,0.03604106232523918,0.0281494352966547,-0.13059038406955709
2020-03-25,fold_6,COVID crash and V-recovery,0.02879745326936245,1,0.05132082477211952,1,0.05132082477211952,-0.1613493971817661,,,,1,513.2082477211952,0.0015592388808727264,5.4859290685271844e-05,0.02879745326936245,0.9015247831095355
2020-03-26,fold_6,COVID crash and V-recovery,0.019960762932896614,1,-0.034998346120119095,-1,-0.034998346120119095,-0.1963477433018852,,,,0,-349.98346120119095,-0.0015772590413689613,-0.031174037605524063,0.019960762932896614,-0.6148211832518793
2020-03-27,fold_6,COVID crash and V-recovery,0.01684795506298542,1,0.03572762385010719,1,0.03572762385010719,-0.160620119451778,,,,1,357.27623850107193,0.018773967400193214,-0.010470139794051647,0.01684795506298542,0.6217869710557287
2020-03-30,fold_6,COVID crash and V-recovery,0.0215811375528574,1,-0.008576614782214165,-1,-0.008576614782214165,-0.16919673423399217,,,,0,-85.76614782214165,-0.004997198469936848,0.02285684272646904,0.0215811375528574,-0.15070272679850347
2020-03-31,fold_6,COVID crash and V-recovery,0.024601103737950325,1,-0.043418630957603455,-1,-0.043418630957603455,-0.21261536519159563,,,,0,-434.18630957603455,0.009249666705727577,0.031026244163513184,0.024601103737950325,-0.7688141008966403
2020-04-01,fold_6,COVID crash and V-recovery,0.035405464470386505,1,0.02009192667901516,1,0.02009192667901516,-0.19252343851258047,,,,1,200.9192667901516,0.009162619709968567,0.09545475989580154,0.035405464470386505,0.355171613440864
2020-04-02,fold_6,COVID crash and V-recovery,0.02743859775364399,1,-0.014294445514678955,-1,-0.014294445514678955,-0.20681788402725942,,,,0,-142.94445514678955,-0.01861466094851494,0.07680775225162506,0.02743859775364399,-0.25377689003712767
2020-04-03,fold_6,COVID crash and V-recovery,0.026457758620381355,1,0.06905461102724075,1,0.06905461102724075,-0.13776327300001867,,,,1,690.5461102724075,-0.01814310997724533,0.10184760391712189,0.026457758620381355,1.2267871397796892
2020-04-06,fold_6,COVID crash and V-recovery,0.012245552614331245,1,-0.00040721436380408704,-1,-0.00040721436380408704,-0.13817048736382276,,,,0,-4.07214363804087,-0.06310108304023743,0.07536505907773972,0.012245552614331245,-0.007258143756962585
2020-04-07,fold_6,COVID crash and V-recovery,0.0021554697304964066,1,0.021009888499975204,1,0.021009888499975204,-0.11716059886384755,,,,1,210.09888499975204,-0.03921938315033913,0.0642361268401146,0.0021554697304964066,0.38312905774086525
2020-04-08,fold_6,COVID crash and V-recovery,0.007805762812495232,1,0.0014449184527620673,1,0.0014449184527620673,-0.11571568041108549,,,,1,14.449184527620673,-0.018040819093585014,0.06130203232169151,0.007805762812495232,0.026693376605347516
2020-04-09,fold_6,COVID crash and V-recovery,0.011588050052523613,1,0.010745402425527573,1,0.010745402425527573,-0.10497027798555791,,,,1,107.45402425527573,-0.010058430023491383,0.0693778470158577,0.011588050052523613,0.2163080765123416
2020-04-13,fold_6,COVID crash and V-recovery,0.007514083757996559,1,0.04257206618785858,1,0.04257206618785858,-0.06239821179769933,,,,1,425.7206618785858,-0.00590360164642334,0.046717315912246704,0.007514083757996559,0.9196391109077393
2020-04-14,fold_6,COVID crash and V-recovery,-0.0007901433855295181,-1,-0.011536145582795143,-1,0.011536145582795143,-0.05086206621490419,,,,1,115.36145582795143,-0.0017247956711798906,-0.03345223888754845,-0.0007901433855295181,-0.3061814340177442
2020-04-15,fold_6,COVID crash and V-recovery,-0.00744340755045414,-1,0.018075792118906975,1,-0.018075792118906975,-0.06893785833381116,,,,0,-180.75792118906975,-0.004053405486047268,0.007326609455049038,-0.00744340755045414,0.5309427510377467
2020-04-16,fold_6,COVID crash and V-recovery,-0.0008724424988031387,-1,0.00952073186635971,1,-0.00952073186635971,-0.07845859020017087,,,,0,-95.2073186635971,0.002741089556366205,-0.012884554453194141,-0.0008724424988031387,0.28351655070026416
2020-04-17,fold_6,COVID crash and V-recovery,-0.006071081385016441,-1,-0.011915127746760845,-1,0.011915127746760845,-0.06654346245341003,,,,1,119.15127746760845,-0.0015016854740679264,-0.006757906638085842,-0.006071081385016441,-0.35438838311293325
2020-04-20,fold_6,COVID crash and V-recovery,-0.005673578009009361,-1,-0.03759749233722687,-1,0.03759749233722687,-0.028945970116183162,,,,1,375.9749233722687,0.004884327296167612,0.013168531470000744,-0.005673578009009361,-1.156075156829076
2020-04-21,fold_6,COVID crash and V-recovery,-0.006212947890162468,-1,0.029242703691124916,1,-0.029242703691124916,-0.05818867380730808,,,,0,-292.42703691124916,0.02341564930975437,0.031751591712236404,-0.006212947890162468,0.8705687119503405
2020-04-22,fold_6,COVID crash and V-recovery,-0.01639719493687153,-1,-0.002135372254997492,-1,0.002135372254997492,-0.056053301552310586,,,,1,21.35372254997492,-0.009536461904644966,0.03735563904047012,-0.01639719493687153,-0.07146079430570496
2020-04-23,fold_6,COVID crash and V-recovery,-0.011424047872424126,-1,0.01564737968146801,1,-0.01564737968146801,-0.0717006812337786,,,,0,-156.4737968146801,-0.00896463729441166,0.03907999396324158,-0.011424047872424126,0.524388295378778
2020-04-24,fold_6,COVID crash and V-recovery,-0.00893658772110939,-1,0.00801131036132574,1,-0.00801131036132574,-0.07971199159510434,,,,0,-80.11310361325741,-0.005834369920194149,-0.005157221108675003,-0.00893658772110939,0.28853254756205166
2020-04-27,fold_6,COVID crash and V-recovery,-0.005721172317862511,-1,-0.019014431163668633,-1,0.019014431163668633,-0.060697560431435704,,,,1,190.14431163668633,-0.0037912423722445965,-0.0015784892020747066,-0.005721172317862511,-0.7121462546267044
2020-04-28,fold_6,COVID crash and V-recovery,0.0058668870478868484,1,0.034846752882003784,1,0.034846752882003784,-0.02585080754943192,,,,1,348.46752882003784,-0.0013847113586962223,0.02870927006006241,0.0058668870478868484,1.349116258860208
2020-04-29,fold_6,COVID crash and V-recovery,0.0061600785702466965,1,-0.00041101736132986844,-1,-0.00041101736132986844,-0.02626182491076179,,,,0,-4.110173613298684,-0.018955962732434273,0.0,0.0061600785702466965,-0.015273329603258962
2020-04-30,fold_6,COVID crash and V-recovery,-0.00844423845410347,-1,-0.02858983725309372,-1,0.02858983725309372,0.002328012342331931,,,,1,285.8983725309372,-0.02117464505136013,0.013205603696405888,-0.00844423845410347,-1.139100475499464
2020-05-01,fold_6,COVID crash and V-recovery,-0.013197265565395355,-1,0.011590042151510715,1,-0.011590042151510715,-0.009262029809178784,,,,0,-115.90042151510715,-0.013994663953781128,0.05540729686617851,-0.013197265565395355,0.454380527434365
2020-05-04,fold_6,COVID crash and V-recovery,-0.003207975998520851,-1,0.011273329146206379,1,-0.011273329146206379,-0.020535358955385163,,,,0,-112.73329146206379,-0.03845483064651489,0.05271638184785843,-0.003207975998520851,0.4431575926811178
2020-05-05,fold_6,COVID crash and V-recovery,-0.010465448722243309,-1,0.006137482821941376,1,-0.006137482821941376,-0.02667284177732654,,,,0,-61.37482821941376,-0.032706353813409805,0.020283684134483337,-0.010465448722243309,0.3012582525123526
2020-05-06,fold_6,COVID crash and V-recovery,-0.02037723734974861,-1,0.012794585898518562,1,-0.012794585898518562,-0.0394674276758451,,,,0,-127.94585898518562,-0.029052073135972023,0.0015512654790654778,-0.02037723734974861,0.6266082108417178
2020-05-07,fold_6,COVID crash and V-recovery,-0.008030705153942108,-1,0.013611855916678905,1,-0.013611855916678905,-0.05307928359252401,,,,0,-136.11855916678905,-0.026024892926216125,4.5156863052397966e-05,-0.008030705153942108,0.6780198336118983
2020-05-08,fold_6,COVID crash and V-recovery,0.0011556465178728104,1,0.008899128064513206,1,0.008899128064513206,-0.0441801555280108,,,,1,88.99128064513206,-0.0218861922621727,-0.007096275221556425,0.0011556465178728104,0.4383214928755762
2020-05-11,fold_6,COVID crash and V-recovery,-0.007273262366652489,-1,-0.021159369498491287,-1,0.021159369498491287,-0.023020786029519513,,,,1,211.59369498491287,-0.01599457487463951,0.002465191762894392,-0.007273262366652489,-1.0444928112474263
2020-05-12,fold_6,COVID crash and V-recovery,-0.01766263321042061,-1,-0.012594935484230518,-1,0.012594935484230518,-0.010425850545288995,,,,1,125.94935484230518,-0.021091945469379425,0.021115215495228767,-0.01766263321042061,-0.6809020398622824
2020-05-13,fold_6,COVID crash and V-recovery,-0.021644344553351402,-1,0.011288478039205074,1,-0.011288478039205074,-0.02171432858449407,,,,0,-112.88478039205074,-0.015262749046087265,0.053481537848711014,-0.021644344553351402,0.6091367844048735
2020-05-14,fold_6,COVID crash and V-recovery,-0.02665749564766884,-1,0.006470423191785812,1,-0.006470423191785812,-0.02818475177627988,,,,0,-64.70423191785812,-0.04946572706103325,0.031242623925209045,-0.02665749564766884,0.3543286206546096
2020-05-15,fold_6,COVID crash and V-recovery,-0.03250143304467201,-1,0.018460595980286598,1,-0.018460595980286598,-0.04664534775656648,,,,0,-184.60595980286598,-0.05705628916621208,0.028218109160661697,-0.03250143304467201,1.0146429521600169
2020-05-18,fold_6,COVID crash and V-recovery,-0.007834454998373985,-1,-0.002509345533326268,-1,0.002509345533326268,-0.04413600222324021,,,,1,25.093455333262682,-0.032279372215270996,0.0070541235618293285,-0.007834454998373985,-0.1358947902996018
2020-05-19,fold_6,COVID crash and V-recovery,-0.015604961663484573,-1,0.019771385937929153,1,-0.019771385937929153,-0.06390738816116937,,,,0,-197.71385937929153,-0.015575719997286797,0.015006253495812416,-0.015604961663484573,1.2019011447599568
2020-05-20,fold_6,COVID crash and V-recovery,0.002262631431221962,1,-0.010950435884296894,-1,-0.010950435884296894,-0.07485782404546626,,,,0,-109.50435884296894,-0.000808201264590025,-0.006068696733564138,0.002262631431221962,-0.6962042515893885
2020-05-21,fold_6,COVID crash and V-recovery,-0.00754568912088871,-1,0.003445908660069108,1,-0.003445908660069108,-0.07830373270553537,,,,0,-34.45908660069108,-0.00527081498876214,0.01942809484899044,-0.00754568912088871,0.21657318928388547
2020-05-22,fold_6,COVID crash and V-recovery,-0.0016345828771591187,-1,-0.0027033903170377016,-1,0.0027033903170377016,-0.07560034238849767,,,,1,27.033903170377016,-0.00233876658603549,0.018977487459778786,-0.0016345828771591187,-0.17395546199459244
2020-05-26,fold_6,COVID crash and V-recovery,-0.009424006566405296,-1,0.005442784167826176,1,-0.005442784167826176,-0.08104312655632384,,,,0,-54.42784167826176,-0.00478124525398016,0.028366241604089737,-0.009424006566405296,0.3523078665915714
2020-05-27,fold_6,COVID crash and V-recovery,-0.0008638165891170502,-1,-0.00130356359295547,-1,0.00130356359295547,-0.07973956296336837,,,,1,13.0356359295547,-0.00017151981592178345,0.02741178125143051,-0.0008638165891170502,-0.08747495646310993
2020-05-28,fold_6,COVID crash and V-recovery,-0.004398167133331299,-1,0.014546356163918972,1,-0.014546356163918972,-0.09428591912728734,,,,0,-145.46356163918972,-0.00889170914888382,0.02167745679616928,-0.004398167133331299,1.144836825768415
2020-05-29,fold_6,COVID crash and V-recovery,0.0007415767759084702,1,0.002995300805196166,1,0.002995300805196166,-0.09129061832209118,,,,1,29.95300805196166,-0.0011683418415486813,0.026764295995235443,0.0007415767759084702,0.22837949258839393
2020-06-01,fold_6,COVID crash and V-recovery,0.0009514372795820236,1,0.006685362663120031,1,0.006685362663120031,-0.08460525565897115,,,,1,66.85362663120031,0.0011893431656062603,0.03149901330471039,0.0009514372795820236,0.5827813231771511
2020-06-02,fold_6,COVID crash and V-recovery,-0.0036973021924495697,-1,0.004488324746489525,1,-0.004488324746489525,-0.08909358040546067,,,,0,-44.88324746489525,-0.001852633897215128,0.032032568007707596,-0.0036973021924495697,0.3980972830499163
2020-06-03,fold_6,COVID crash and V-recovery,-0.0039561036974191666,-1,-0.007037887815386057,-1,0.007037887815386057,-0.08205569259007461,,,,1,70.37887815386057,0.0004100422374904156,0.03947428986430168,-0.0039561036974191666,-0.6377926107384717
2020-06-04,fold_6,COVID crash and V-recovery,-0.002712974324822426,-1,0.01963319443166256,1,-0.01963319443166256,-0.10168888702173717,,,,0,-196.3319443166256,0.002117609605193138,-0.0043064602650702,-0.002712974324822426,1.7748960173917738
2020-06-05,fold_6,COVID crash and V-recovery,0.0034995581954717636,1,0.00773001741617918,1,0.00773001741617918,-0.09395886960555799,,,,1,77.3001741617918,-0.0009578089229762554,-0.016023224219679832,0.0034995581954717636,0.6691537153486794
2020-06-08,fold_6,COVID crash and V-recovery,0.007667729631066322,1,0.007218916900455952,1,0.007218916900455952,-0.08673995270510204,,,,1,72.18916900455952,0.0018902658484876156,-0.011659504845738411,0.007667729631066322,0.6401453804806366
2020-06-09,fold_6,COVID crash and V-recovery,-0.003331851214170456,-1,0.01193004846572876,1,-0.01193004846572876,-0.0986700011708308,,,,0,-119.3004846572876,-0.002802979201078415,-0.0018512934911996126,-0.003331851214170456,1.0635877806641232
2020-06-10,fold_6,COVID crash and V-recovery,-0.00848122127354145,-1,-0.050818637013435364,-1,0.050818637013435364,-0.04785136415739544,,,,1,508.18637013435364,-0.0004137190990149975,-0.01061584148555994,-0.00848122127354145,-4.833366497560921
2020-06-11,fold_6,COVID crash and V-recovery,-6.50845468044281e-05,-1,0.007916430942714214,1,-0.007916430942714214,-0.05576779510010965,,,,0,-79.16430942714214,0.007899340242147446,0.04290812090039253,-6.50845468044281e-05,0.5200283997094477
2020-06-12,fold_6,COVID crash and V-recovery,0.011373395100235939,1,0.012093736790120602,1,0.012093736790120602,-0.04367405830998905,,,,1,120.93736790120602,-0.014575188979506493,0.0348283015191555,0.011373395100235939,0.8000435567549711
2020-06-15,fold_6,COVID crash and V-recovery,-0.0014477390795946121,-1,0.017027128487825394,1,-0.017027128487825394,-0.060701186797814444,,,,0,-170.27128487825394,-0.015932926908135414,0.03465566039085388,-0.0014477390795946121,1.1137561430626872
2020-06-16,fold_6,COVID crash and V-recovery,-0.00815027765929699,-1,0.0031655009370297194,1,-0.0031655009370297194,-0.06386668773484416,,,,0,-31.655009370297194,0.0013643382117152214,0.026103550568223,-0.00815027765929699,0.20819354101787516
2020-06-17,fold_6,COVID crash and V-recovery,-0.005210358649492264,-1,0.002705324674025178,1,-0.002705324674025178,-0.06657201240886934,,,,0,-27.05324674025178,0.016278978437185287,0.002107067499309778,-0.005210358649492264,0.1778563538394904
2020-06-18,fold_6,COVID crash and V-recovery,-0.0010986197739839554,-1,-0.00016339019930455834,-1,0.00016339019930455834,-0.06640862220956478,,,,1,1.6339019930455834,0.002240506000816822,0.008876042440533638,-0.0010986197739839554,-0.011216744710318296
2020-06-19,fold_6,COVID crash and V-recovery,0.0005486588925123215,1,0.01192109752446413,1,0.01192109752446413,-0.05448752468510065,,,,1,119.2109752446413,0.012603407725691795,-0.01485886238515377,0.0005486588925123215,0.8301943175953945
2020-06-22,fold_6,COVID crash and V-recovery,0.0017393585294485092,1,0.008475018665194511,1,0.008475018665194511,-0.04601250601990614,,,,1,84.75018665194511,0.009858159348368645,-0.01593226008117199,0.0017393585294485092,0.5811019860795387
2020-06-23,fold_6,COVID crash and V-recovery,0.002330528572201729,1,-0.02083098329603672,-1,-0.02083098329603672,-0.06684348931594286,,,,0,-208.3098329603672,0.013391677290201187,-0.004995599389076233,0.002330528572201729,-1.4175974704980616
2020-06-24,fold_6,COVID crash and V-recovery,0.0041162725538015366,1,0.009474299848079681,1,0.009474299848079681,-0.05736918946786318,,,,1,94.74299848079681,0.020477408543229103,0.02743980661034584,0.0041162725538015366,0.6165341995312399
2020-06-25,fold_6,COVID crash and V-recovery,0.0034333374351263046,1,-0.023898296058177948,-1,-0.023898296058177948,-0.08126748552604113,,,,0,-238.98296058177948,0.012985942885279655,0.02472933940589428,0.0034333374351263046,-1.5408676806680528
2020-06-26,fold_6,COVID crash and V-recovery,0.007806854322552681,1,0.010847700759768486,1,0.010847700759768486,-0.07041978476627264,,,,1,108.47700759768486,0.01339951902627945,0.07291491329669952,0.007806854322552681,0.6746617427209867
2020-06-29,fold_6,COVID crash and V-recovery,0.002980446442961693,1,0.01941167749464512,1,0.01941167749464512,-0.05100810727162752,,,,1,194.1167749464512,3.479095175862312e-05,0.05515451729297638,0.002980446442961693,1.1947957833765366
2020-06-30,fold_6,COVID crash and V-recovery,0.0007263030856847763,1,0.011604422703385353,1,0.011604422703385353,-0.03940368456824217,,,,1,116.04422703385353,0.00512729911133647,0.048828642815351486,0.0007263030856847763,0.692796584541074
2020-07-01,fold_6,COVID crash and V-recovery,0.0001201629638671875,1,0.00676383264362812,1,0.00676383264362812,-0.03263985192461405,,,,1,67.6383264362812,0.0031030788086354733,0.04561207443475723,0.0001201629638671875,0.39974959804786203
2020-07-02,fold_6,COVID crash and V-recovery,0.0014589633792638779,1,0.024287275969982147,1,0.024287275969982147,-0.008352575954631902,,,,1,242.87275969982147,0.00223452877253294,0.04565257206559181,0.0014589633792638779,1.4358778581058032
2020-07-06,fold_6,COVID crash and V-recovery,0.0027343984693288803,1,-0.006912693381309509,-1,-0.006912693381309509,-0.015265269335941412,,,,0,-69.12693381309509,0.0048890565522015095,0.0005803222302347422,0.0027343984693288803,-0.40157268428087856
2020-07-07,fold_6,COVID crash and V-recovery,0.002314271405339241,1,0.01308580581098795,1,0.01308580581098795,-0.002179463524953462,,,,1,130.8580581098795,0.008896920830011368,0.014546205289661884,0.002314271405339241,0.760950319818398
2020-07-08,fold_6,COVID crash and V-recovery,0.0038012471050024033,1,0.008387851528823376,1,0.008387851528823376,0.0062083880038699135,,,,1,83.87851528823376,0.011828770861029625,0.0034939206670969725,0.0038012471050024033,0.4829213491086964
2020-07-09,fold_6,COVID crash and V-recovery,0.002157120034098625,1,0.006804332137107849,1,0.006804332137107849,0.013012720140977763,,,,1,68.04332137107849,0.010691531002521515,-0.01173989288508892,0.002157120034098625,0.39410950525264227
2020-07-10,fold_6,COVID crash and V-recovery,0.0024905335158109665,1,-0.020784974098205566,-1,-0.020784974098205566,-0.007772253957227804,,,,0,-207.84974098205566,0.007220853585749865,-0.017386941239237785,0.0024905335158109665,-1.5882076019087286
2020-07-13,fold_6,COVID crash and V-recovery,0.0022153500467538834,1,0.007053189445286989,1,0.007053189445286989,-0.0007190645119408146,,,,1,70.53189445286989,0.013801788911223412,0.031374141573905945,0.0022153500467538834,0.5120446139780346
2020-07-14,fold_6,COVID crash and V-recovery,-0.0018574129790067673,-1,0.0020335218869149685,1,-0.0020335218869149685,-0.002752586398855783,,,,0,-20.335218869149685,0.010542819276452065,0.013845482841134071,-0.0018574129790067673,0.14954269287114882
2020-07-15,fold_6,COVID crash and V-recovery,-0.0020151641219854355,-1,-0.006845961790531874,-1,0.006845961790531874,0.004093375391676091,,,,1,68.45961790531874,0.007386564742773771,0.01532869040966034,-0.0020151641219854355,-0.5241009812391734
2020-07-16,fold_6,COVID crash and V-recovery,0.0020770933479070663,1,0.0011572843650355935,1,0.0011572843650355935,0.005250659756711684,,,,1,11.572843650355935,0.006317946594208479,-0.004292608238756657,0.0020770933479070663,0.08812283189001813
2020-07-17,fold_6,COVID crash and V-recovery,0.002133062109351158,1,0.027976106852293015,1,0.027976106852293015,0.0332267666090047,,,,1,279.76106852293015,0.0075331018306314945,-0.01499137282371521,0.002133062109351158,2.132123708338193
2020-07-20,fold_6,COVID crash and V-recovery,-0.0013531595468521118,-1,-0.010475467890501022,-1,0.010475467890501022,0.04370223449950572,,,,1,104.75467890501022,-0.0018181903287768364,-0.025281477719545364,-0.0013531595468521118,-0.7206510227050099
2020-07-21,fold_6,COVID crash and V-recovery,0.0014168377965688705,1,0.0035167301539331675,1,0.0035167301539331675,0.04721896465343889,,,,1,35.167301539331675,0.0002850480377674103,-0.027612756937742233,0.0014168377965688705,0.24286262614215368
2020-07-22,fold_6,COVID crash and V-recovery,0.0014298763126134872,1,-0.026467259973287582,-1,-0.026467259973287582,0.020751704680151306,,,,0,-264.6725997328758,0.007828308269381523,-0.019669238477945328,0.0014298763126134872,-1.8409053843650716
2020-07-23,fold_6,COVID crash and V-recovery,0.002344159409403801,1,-0.009541480801999569,-1,-0.009541480801999569,0.011210223878151737,,,,0,-95.41480801999569,0.007828973233699799,0.012019885703921318,0.002344159409403801,-0.6432334964953011
2020-07-24,fold_6,COVID crash and V-recovery,-0.001448245719075203,-1,0.01768600009381771,1,-0.01768600009381771,-0.006475776215665974,,,,0,-176.8600009381771,0.017243023961782455,0.03924935311079025,-0.001448245719075203,1.1921186983156284
2020-07-27,fold_6,COVID crash and V-recovery,0.004454316571354866,1,-0.012806747108697891,-1,-0.012806747108697891,-0.019282523324363865,,,,0,-128.0674710869789,0.001471102237701416,0.034980401396751404,0.004454316571354866,-0.8897363445671662
2020-07-28,fold_6,COVID crash and V-recovery,0.0007531512528657913,1,0.011460249312222004,1,0.011460249312222004,-0.007822274012141861,,,,1,114.60249312222004,0.007685340475291014,0.05149209499359131,0.0007531512528657913,0.7917747031445751
2020-07-29,fold_6,COVID crash and V-recovery,-0.0023039113730192184,-1,0.0052218628115952015,1,-0.0052218628115952015,-0.013044136823737063,,,,0,-52.218628115952015,-0.006031173747032881,0.042506542056798935,-0.0023039113730192184,0.3718284970110825
2020-07-30,fold_6,COVID crash and V-recovery,0.00034665875136852264,1,0.01768798753619194,1,0.01768798753619194,0.004643850712454878,,,,1,176.8798753619194,0.0005077235400676727,0.05044260248541832,0.00034665875136852264,1.2769965562045513
2020-07-31,fold_6,COVID crash and V-recovery,0.003280503675341606,1,0.013417048379778862,1,0.013417048379778862,0.01806089909223374,,,,1,134.17048379778862,-0.0030719484202563763,0.021145181730389595,0.003280503675341606,0.9366016124301634
2020-08-03,fold_6,COVID crash and V-recovery,0.00034943222999572754,1,0.003704946953803301,1,0.003704946953803301,0.02176584604603704,,,,1,37.04946953803301,-0.011164666153490543,0.0034460306633263826,0.00034943222999572754,0.27259952974596996
2020-08-04,fold_6,COVID crash and V-recovery,0.0028152745217084885,1,0.0024746968410909176,1,0.0024746968410909176,0.024240542887127958,,,,1,24.746968410909176,-0.006510038394480944,-0.01938198134303093,0.0028152745217084885,0.18292635050540385
2020-08-05,fold_6,COVID crash and V-recovery,0.001017661765217781,1,0.013157923705875874,1,0.013157923705875874,0.03739846659300383,,,,1,131.57923705875874,-0.004858158994466066,0.0029841316863894463,0.001017661765217781,0.9953246352301299
2020-08-06,fold_6,COVID crash and V-recovery,-0.0005278941243886948,-1,-0.011609433218836784,-1,0.011609433218836784,0.049007899811840616,,,,1,116.09433218836784,-0.006687050685286522,-0.00789579376578331,-0.0005278941243886948,-0.8655564505121134
2020-08-07,fold_6,COVID crash and V-recovery,-0.004384828731417656,-1,-0.004282103851437569,-1,0.004282103851437569,0.053290003663278185,,,,1,42.82103851437569,-0.002339613623917103,0.002538258209824562,-0.004384828731417656,-0.315403274167436
2020-08-10,fold_6,COVID crash and V-recovery,0.001345338299870491,1,-0.01912306621670723,-1,-0.01912306621670723,0.034166937446570955,,,,0,-191.2306621670723,-0.01212591677904129,0.018364673480391502,0.001345338299870491,-1.4949017218268141
2020-08-11,fold_6,COVID crash and V-recovery,-0.010175125673413277,-1,0.024840809404850006,1,-0.024840809404850006,0.009326128041720949,,,,0,-248.40809404850006,-0.008570033125579357,0.04706699773669243,-0.010175125673413277,1.854425462059186
2020-08-12,fold_6,COVID crash and V-recovery,-0.0027744807302951813,-1,0.002277998486533761,1,-0.002277998486533761,0.007048129555187188,,,,0,-22.77998486533761,-0.010436042211949825,0.015475744381546974,-0.0027744807302951813,0.1571654526123982
2020-08-13,fold_6,COVID crash and V-recovery,-0.0024512391537427902,-1,-0.0011753810103982687,-1,0.0011753810103982687,0.008223510565585457,,,,1,11.753810103982687,-0.005584229715168476,0.026974011212587357,-0.0024512391537427902,-0.08149801908205123
2020-08-14,fold_6,COVID crash and V-recovery,-0.0038357749581336975,-1,0.011544312350451946,1,-0.011544312350451946,-0.0033208017848664895,,,,0,-115.44312350451946,-0.014183497056365013,0.03505614399909973,-0.0038357749581336975,0.8004500661944717
2020-08-17,fold_6,COVID crash and V-recovery,0.0012924578040838242,1,0.009579257108271122,1,0.009579257108271122,0.0062584553234046325,,,,1,95.79257108271122,-0.009476174600422382,0.029736364260315895,0.0012924578040838242,0.7230246261558297
2020-08-18,fold_6,COVID crash and V-recovery,0.0033057015389204025,1,-0.006750442553311586,-1,-0.006750442553311586,-0.0004919872299069539,,,,0,-67.50442553311586,-0.007553074974566698,0.027988793328404427,0.0033057015389204025,-0.510820204822413
2020-08-19,fold_6,COVID crash and V-recovery,0.0026566032320261,1,0.013776266016066074,1,0.013776266016066074,0.01328427878615912,,,,1,137.76266016066074,-0.0054195658303797245,0.05585353076457977,0.0026566032320261,1.037559246659717
2020-08-20,fold_6,COVID crash and V-recovery,-0.00027342140674591064,-1,0.0069067515432834625,1,-0.0069067515432834625,0.006377527242875658,,,,0,-69.06751543283463,-0.009044238366186619,0.038955897092819214,-0.00027342140674591064,0.5625156236933915
2020-08-21,fold_6,COVID crash and V-recovery,0.0006511379033327103,1,0.006224532146006823,1,0.006224532146006823,0.01260205938888248,,,,1,62.245321460068226,-0.008765464648604393,0.0371214896440506,0.0006511379033327103,0.5106356876868382
2020-08-24,fold_6,COVID crash and V-recovery,-0.0010305121541023254,-1,0.007831685245037079,1,-0.007831685245037079,0.004770374143845402,,,,0,-78.31685245037079,-0.005893757566809654,0.038897957652807236,-0.0010305121541023254,0.6743238686894301
2020-08-25,fold_6,COVID crash and V-recovery,-0.0010024700313806534,-1,0.021114297211170197,1,-0.021114297211170197,-0.016343923067324795,,,,0,-211.14297211170197,-0.0017467057332396507,0.04801339656114578,-0.0010024700313806534,1.8535998038712649
2020-08-26,fold_6,COVID crash and V-recovery,0.005599459633231163,1,-0.003121370915323496,-1,-0.003121370915323496,-0.01946529398264829,,,,0,-31.21370915323496,0.005506912712007761,0.036324240267276764,0.005599459633231163,-0.2587895593319744
2020-08-27,fold_6,COVID crash and V-recovery,-0.0019730161875486374,-1,0.005072346422821283,1,-0.005072346422821283,-0.024537640405469574,,,,0,-50.72346422821283,0.001983300317078829,-0.012585151940584183,-0.0019730161875486374,0.42181512853870085
2020-08-28,fold_6,COVID crash and V-recovery,0.00043437816202640533,1,0.008001000620424747,1,0.008001000620424747,-0.016536639785044827,,,,1,80.01000620424747,-0.0017454256303608418,-0.03107313998043537,0.00043437816202640533,0.7010740917333799
2020-08-31,fold_6,COVID crash and V-recovery,-7.469020783901215e-05,-1,0.016947124153375626,1,-0.016947124153375626,-0.03348376393842045,,,,0,-169.47124153375626,-0.0011978866532444954,-0.08833174407482147,-7.469020783901215e-05,1.519174036231336
2020-09-01,fold_6,COVID crash and V-recovery,-0.002327835187315941,-1,0.009425140917301178,1,-0.009425140917301178,-0.04290890485572163,,,,0,-94.25140917301178,0.00030136713758111,-0.07632622867822647,-0.002327835187315941,0.8019761973282619
2020-09-02,fold_6,COVID crash and V-recovery,-0.007714567705988884,-1,-0.052030764520168304,-1,0.052030764520168304,0.009121859664446674,,,,1,520.307645201683,0.0040323869325220585,-0.10588965564966202,-0.007714567705988884,-4.362421233254415
2020-09-03,fold_6,COVID crash and V-recovery,0.0014014150947332382,1,-0.013415642082691193,-1,-0.013415642082691193,-0.004293782418244518,,,,0,-134.15642082691193,0.010375361889600754,-0.0608224980533123,0.0014014150947332382,-0.8180304219831065
2020-09-04,fold_6,COVID crash and V-recovery,-4.227645695209503e-05,-1,-0.04925760254263878,-1,0.04925760254263878,0.04496382012439426,,,,1,492.5760254263878,0.005207288544625044,-0.03014158084988594,-4.227645695209503e-05,-2.99098501352186
2020-09-08,fold_6,COVID crash and V-recovery,0.014889126643538475,1,0.028952637687325478,1,0.028952637687325478,0.07391645781171974,,,,1,289.5263768732548,0.010091578587889671,0.033189885318279266,0.014889126643538475,1.4630448928429223
2020-09-09,fold_6,COVID crash and V-recovery,0.0013333987444639206,1,-0.020138287916779518,-1,-0.020138287916779518,0.05377816989494022,,,,0,-201.38287916779518,0.002568619791418314,-0.011837474070489407,0.0013333987444639206,-0.9882583616877233
2020-09-10,fold_6,COVID crash and V-recovery,0.015239814296364784,1,-0.006963605526834726,-1,-0.006963605526834726,0.046814564368105493,,,,0,-69.63605526834726,-0.009525857865810394,-0.007444728631526232,0.015239814296364784,-0.3461658618806676
2020-09-11,fold_6,COVID crash and V-recovery,0.022188348695635796,1,0.017265276983380318,1,0.017265276983380318,0.06407984135148581,,,,1,172.65276983380318,0.00043696770444512367,-0.01332566887140274,0.022188348695635796,0.8559825585801524
2020-09-14,fold_6,COVID crash and V-recovery,0.01651751808822155,1,0.014073864556849003,1,0.014073864556849003,0.07815370590833481,,,,1,140.73864556849003,-0.019565783441066742,-0.028195757418870926,0.01651751808822155,0.6853734804594767
2020-09-15,fold_6,COVID crash and V-recovery,0.01820642687380314,1,-0.01607472263276577,-1,-0.01607472263276577,0.062078983275569044,,,,0,-160.7472263276577,-0.012091729789972305,-0.023861397057771683,0.01820642687380314,-0.7798215646588044
2020-09-16,fold_6,COVID crash and V-recovery,0.012200495228171349,1,-0.01574554108083248,-1,-0.01574554108083248,0.04633344219473656,,,,0,-157.4554108083248,-0.019700052216649055,-0.03879699110984802,0.012200495228171349,-0.7564717033725888
2020-09-17,fold_6,COVID crash and V-recovery,0.015514208003878593,1,-0.01284454483538866,-1,-0.01284454483538866,0.0334888973593479,,,,0,-128.4454483538866,-0.006696411874145269,-0.018405728042125702,0.015514208003878593,-0.6100156525437823
2020-09-18,fold_6,COVID crash and V-recovery,0.019488101825118065,1,0.0023951882030814886,1,0.0023951882030814886,0.03588408556242939,,,,1,23.951882030814886,0.005215207580476999,0.017421115189790726,0.019488101825118065,0.11391217076698176
2020-09-21,fold_6,COVID crash and V-recovery,0.012468485161662102,1,0.01840822398662567,1,0.01840822398662567,0.05429230954905506,,,,1,184.0822398662567,-0.014171306043863297,0.035582274198532104,0.012468485161662102,0.8775572328014063
2020-09-22,fold_6,COVID crash and V-recovery,0.012617992237210274,1,-0.03101031668484211,-1,-0.03101031668484211,0.023281992864212953,,,,0,-310.1031668484211,-0.031397443264722824,0.012654685415327549,0.012617992237210274,-1.4537438731940597
2020-09-23,fold_6,COVID crash and V-recovery,0.020830130204558372,1,0.0046457210555672646,1,0.0046457210555672646,0.027927713919780217,,,,1,46.457210555672646,-0.005549776833504438,0.050490401685237885,0.020830130204558372,0.20775431739486164
2020-09-24,fold_6,COVID crash and V-recovery,0.017001429572701454,1,0.022982297465205193,1,0.022982297465205193,0.05091001138498541,,,,1,229.82297465205193,-0.00808353628963232,0.061592526733875275,0.017001429572701454,1.0502742819316198
2020-09-25,fold_6,COVID crash and V-recovery,0.015620799735188484,1,0.02055634744465351,1,0.02055634744465351,0.07146635882963892,,,,1,205.5634744465351,-0.031592853367328644,0.010075737722218037,0.015620799735188484,0.9149699726863618
2020-09-28,fold_6,COVID crash and V-recovery,0.02402232401072979,1,-0.004519365727901459,-1,-0.004519365727901459,0.06694699310173746,,,,0,-45.19365727901459,-0.021168062463402748,0.010621445253491402,0.02402232401072979,-0.1973176015235255
2020-09-29,fold_6,COVID crash and V-recovery,0.02033996395766735,1,0.0068253991194069386,1,0.0068253991194069386,0.0737723922211444,,,,1,68.25399119406939,0.011240573599934578,-0.002867152215912938,0.02033996395766735,0.298621087736763
2020-09-30,fold_6,COVID crash and V-recovery,0.016337787732481956,1,0.01574784703552723,1,0.01574784703552723,0.08952023925667163,,,,1,157.4784703552723,-0.00733525026589632,0.007458656560629606,0.016337787732481956,0.697064423708603
2020-10-01,fold_6,COVID crash and V-recovery,0.006001168861985207,1,-0.02853449247777462,-1,-0.02853449247777462,0.06098574677889701,,,,0,-285.3449247777462,0.0028541930951178074,-0.0029803828801959753,0.006001168861985207,-1.2533205081188008
2020-10-02,fold_6,COVID crash and V-recovery,0.012576641514897346,1,0.02110205590724945,1,0.02110205590724945,0.08208780268614646,,,,1,211.0205590724945,0.0244305320084095,0.04071858525276184,0.012576641514897346,1.0251783952435474
2020-10-05,fold_6,COVID crash and V-recovery,0.0028897617012262344,1,-0.01800796203315258,-1,-0.01800796203315258,0.06407984065299388,,,,0,-180.0796203315258,-0.005992737598717213,0.0500197559595108,0.0028897617012262344,-0.8614788499208522
2020-10-06,fold_6,COVID crash and V-recovery,0.009086264297366142,1,0.017151206731796265,1,0.017151206731796265,0.08123104738479014,,,,1,171.51206731796265,0.010405074805021286,0.06799398362636566,0.009086264297366142,0.9414975943994984
2020-10-07,fold_6,COVID crash and V-recovery,0.0040507446974515915,1,0.005308808758854866,1,0.005308808758854866,0.08653985614364501,,,,1,53.08808758854866,0.0030416888184845448,0.0424555167555809,0.0040507446974515915,0.30415484714686564
2020-10-08,fold_6,COVID crash and V-recovery,0.010766712948679924,1,0.015164476819336414,1,0.015164476819336414,0.10170433296298143,,,,1,151.64476819336414,-0.006157647352665663,0.03041280247271061,0.010766712948679924,0.8970329885777675
2020-10-09,fold_6,COVID crash and V-recovery,0.008647428825497627,1,0.030403228476643562,1,0.030403228476643562,0.132107561439625,,,,1,304.0322847664356,0.004490330349653959,0.009752639569342136,0.008647428825497627,1.770571887040376
2020-10-12,fold_6,COVID crash and V-recovery,0.003097282722592354,1,-3.373719300725497e-05,-1,-3.373719300725497e-05,0.13207382424661773,,,,0,-0.33737193007254973,0.0022843163460493088,-0.037110790610313416,0.003097282722592354,-0.0018680407759308338
2020-10-13,fold_6,COVID crash and V-recovery,-0.002946663647890091,-1,-0.00838725920766592,-1,0.00838725920766592,0.14046108345428365,,,,1,83.8725920766592,-0.00025153299793601036,-0.03492961823940277,-0.002946663647890091,-0.4716208204510821
2020-10-14,fold_6,COVID crash and V-recovery,0.0012179743498563766,1,-0.006733904592692852,-1,-0.006733904592692852,0.1337271788615908,,,,0,-67.33904592692852,0.004242390859872103,-0.0273162629455328,0.0012179743498563766,-0.38440893439136203
2020-10-15,fold_6,COVID crash and V-recovery,-0.0011354871094226837,-1,-0.005495686549693346,-1,0.005495686549693346,0.13922286541128415,,,,1,54.95686549693346,0.0016779303550720215,-0.020617766305804253,-0.0011354871094226837,-0.31903396928304123
2020-10-16,fold_6,COVID crash and V-recovery,-0.002784872427582741,-1,-0.016460204496979713,-1,0.016460204496979713,0.15568306990826386,,,,1,164.60204496979713,0.009728042408823967,-0.013153640553355217,-0.002784872427582741,-0.9665816644113905
2020-10-19,fold_6,COVID crash and V-recovery,-0.004437625408172607,-1,0.002147437771782279,1,-0.002147437771782279,0.15353563213648158,,,,0,-21.47437771782279,0.013558944687247276,-0.011803005822002888,-0.004437625408172607,0.12331480174769346
2020-10-20,fold_6,COVID crash and V-recovery,-0.007978683337569237,-1,-0.0007739050779491663,-1,0.0007739050779491663,0.15430953721443075,,,,1,7.739050779491663,0.003458090592175722,-0.006172140594571829,-0.007978683337569237,-0.04571847515718098
2020-10-21,fold_6,COVID crash and V-recovery,-0.00770491361618042,-1,-3.5408695111982524e-05,-1,3.5408695111982524e-05,0.15434494590954273,,,,1,0.35408695111982524,0.014713594689965248,-0.045165520161390305,-0.00770491361618042,-0.0022928343745738243
2020-10-22,fold_6,COVID crash and V-recovery,-0.01051178015768528,-1,0.001968440366908908,1,-0.001968440366908908,0.15237650554263382,,,,0,-19.68440366908908,0.0037495684809982777,-0.02779475226998329,-0.01051178015768528,0.12775259426091953
2020-10-23,fold_6,COVID crash and V-recovery,-0.007720082998275757,-1,-0.015109569765627384,-1,0.015109569765627384,0.1674860753082612,,,,1,151.09569765627384,0.009358903393149376,-0.055452797561883926,-0.007720082998275757,-1.039698635608039
2020-10-26,fold_6,COVID crash and V-recovery,-0.00206935778260231,-1,0.007778302300721407,1,-0.007778302300721407,0.1597077730075398,,,,0,-77.78302300721407,0.01921328343451023,-0.03811882436275482,-0.00206935778260231,0.5479790991713467
2020-10-27,fold_6,COVID crash and V-recovery,-0.00653168186545372,-1,-0.03976728767156601,-1,0.03976728767156601,0.1994750606791058,,,,1,397.6728767156601,0.004130690824240446,-0.028747210279107094,-0.00653168186545372,-2.787764890068613
2020-10-28,fold_6,COVID crash and V-recovery,0.0068478453904390335,1,0.01733536086976528,1,0.01733536086976528,0.2168104215488711,,,,1,173.35360869765282,0.0016860356554389,0.054690517485141754,0.0068478453904390335,1.0355589815970991
2020-10-29,fold_6,COVID crash and V-recovery,0.004829348996281624,1,-0.025689605623483658,-1,-0.025689605623483658,0.19112081592538743,,,,0,-256.8960562348366,-0.012447675690054893,0.06309220939874649,0.004829348996281624,-1.5274747106782163
2020-10-30,fold_6,COVID crash and V-recovery,0.015394045040011406,1,0.0022244045976549387,1,0.0022244045976549387,0.19334522052304237,,,,1,22.244045976549387,0.001986744347959757,0.08952881395816803,0.015394045040011406,0.13410157396693856
2020-11-02,fold_6,COVID crash and V-recovery,0.019027655944228172,1,0.017149915918707848,1,0.017149915918707848,0.21049513644175022,,,,1,171.49915918707848,-0.016537010669708252,0.06665904819965363,0.019027655944228172,1.0779367386887289
2020-11-03,fold_6,COVID crash and V-recovery,0.022800667211413383,1,0.04367043823003769,1,0.04367043823003769,0.2541655746717879,,,,1,436.7043823003769,-0.023907460272312164,0.031432218849658966,0.022800667211413383,2.75306621443569
2020-11-04,fold_6,COVID crash and V-recovery,0.016538700088858604,1,0.025737054646015167,1,0.025737054646015167,0.2799026293178031,,,,1,257.3705464601517,-0.010327022522687912,0.009885048493742943,0.016538700088858604,1.4119405213839278
2020-11-05,fold_6,COVID crash and V-recovery,0.011326195672154427,1,0.0007469941047020257,1,0.0007469941047020257,0.2806496234225051,,,,1,7.4699410470202565,-0.0036521018482744694,-0.020557139068841934,0.011326195672154427,0.03915442701452015
2020-11-06,fold_6,COVID crash and V-recovery,0.004642104730010033,1,-0.02064535580575466,-1,-0.02064535580575466,0.26000426761675044,,,,0,-206.45355805754662,-0.0031766651663929224,-0.012569820508360863,0.004642104730010033,-1.099611526163606
2020-11-09,fold_6,COVID crash and V-recovery,0.008150001987814903,1,-0.01807691529393196,-1,-0.01807691529393196,0.24192735232281848,,,,0,-180.7691529393196,-0.003689196892082691,0.015848102048039436,0.008150001987814903,-0.9987407535989247
2020-11-10,fold_6,COVID crash and V-recovery,0.004610138013958931,1,0.022123269736766815,1,0.022123269736766815,0.2640506220595853,,,,1,221.23269736766815,-0.0014678160659968853,0.030747581273317337,0.004610138013958931,1.1929141000624843
2020-11-11,fold_6,COVID crash and V-recovery,0.0048935916274785995,1,-0.0047051324509084225,-1,-0.0047051324509084225,0.25934548960867687,,,,0,-47.051324509084225,-0.0057993787340819836,0.0012066756607964635,0.0048935916274785995,-0.24631408484931272
2020-11-12,fold_6,COVID crash and V-recovery,-0.0036839041858911514,-1,0.00873431283980608,1,-0.00873431283980608,0.2506111767688708,,,,0,-87.3431283980608,-0.012978481128811836,0.013706258498132229,-0.0036839041858911514,0.45797074181542646
2020-11-13,fold_6,COVID crash and V-recovery,0.005561722442507744,1,0.007772567216306925,1,0.007772567216306925,0.2583837439851777,,,,1,77.72567216306925,-0.010999428108334541,-0.0018917557317763567,0.005561722442507744,0.4062582307615261
2020-11-16,fold_6,COVID crash and V-recovery,0.003912361338734627,1,-0.0031774360686540604,-1,-0.0031774360686540604,0.25520630791652366,,,,0,-31.774360686540604,-0.017237214371562004,-0.009630321525037289,0.003912361338734627,-0.16851969730067273
2020-11-17,fold_6,COVID crash and V-recovery,-0.004710210487246513,-1,-0.007417635060846806,-1,0.007417635060846806,0.26262394297737046,,,,1,74.17635060846806,-0.015711260959506035,0.007499608676880598,-0.004710210487246513,-0.3932528488787517
2020-11-18,fold_6,COVID crash and V-recovery,-0.009406182914972305,-1,0.007794450502842665,1,-0.007794450502842665,0.2548294924745278,,,,0,-77.94450502842665,-0.014527533203363419,0.021044887602329254,-0.009406182914972305,0.41165884580625633
2020-11-19,fold_6,COVID crash and V-recovery,-0.005040882155299187,-1,-0.006863702088594437,-1,0.006863702088594437,0.26169319456312223,,,,1,68.63702088594437,-0.01333891786634922,0.02242281287908554,-0.005040882155299187,-0.36097592278577006
2020-11-20,fold_6,COVID crash and V-recovery,-0.004680383950471878,-1,3.400091009098105e-05,1,-3.400091009098105e-05,0.26165919365303125,,,,0,-0.3400091009098105,-0.017137860879302025,0.03132430091500282,-0.004680383950471878,0.0017828542565550293
2020-11-23,fold_6,COVID crash and V-recovery,-0.004527686163783073,-1,0.013952494598925114,1,-0.013952494598925114,0.24770669905410614,,,,0,-139.52494598925114,-0.024993492290377617,0.04402534291148186,-0.004527686163783073,0.7433640469029835
2020-11-24,fold_6,COVID crash and V-recovery,-0.0031243283301591873,-1,0.006127643398940563,1,-0.006127643398940563,0.24157905565516558,,,,0,-61.27643398940563,-0.02414078637957573,0.03135693445801735,-0.0031243283301591873,0.3234052070137997
2020-11-25,fold_6,COVID crash and V-recovery,-0.0029963981360197067,-1,0.009172377176582813,1,-0.009172377176582813,0.23240667847858276,,,,0,-91.72377176582813,-0.01842685602605343,0.02664339542388916,-0.0029963981360197067,0.5463967394333243
2020-11-27,fold_6,COVID crash and V-recovery,-0.006246600300073624,-1,0.0020377866458147764,1,-0.0020377866458147764,0.23036889183276799,,,,0,-20.377866458147764,-0.01090521551668644,0.02153753489255905,-0.006246600300073624,0.12379010218913579
2020-11-30,fold_6,COVID crash and V-recovery,-0.008974416181445122,-1,0.012735040858387947,1,-0.012735040858387947,0.21763385097438004,,,,0,-127.35040858387947,-0.010052870027720928,0.025146711617708206,-0.008974416181445122,0.825152095544987
2020-12-01,fold_6,COVID crash and V-recovery,-0.00240509957075119,-1,0.0012840845156461,1,-0.0012840845156461,0.21634976645873394,,,,0,-12.840845156461,-0.0041996752843260765,0.0157906636595726,-0.00240509957075119,0.08186080873771634
2020-12-02,fold_6,COVID crash and V-recovery,-0.0020205359905958176,-1,0.0014141055289655924,1,-0.0014141055289655924,0.21493566092976835,,,,0,-14.141055289655924,-0.0012687318958342075,-0.008394548669457436,-0.0020205359905958176,0.09295420381384639
2020-12-03,fold_6,COVID crash and V-recovery,-0.0035068392753601074,-1,0.004066517110913992,1,-0.004066517110913992,0.21086914381885435,,,,0,-40.66517110913992,-0.00626036711037159,-0.005801084917038679,-0.0035068392753601074,0.34847327562232994
2020-12-04,fold_6,COVID crash and V-recovery,-0.0014639757573604584,-1,0.005646963603794575,1,-0.005646963603794575,0.20522218021505978,,,,0,-56.46963603794575,-0.003205107059329748,-0.012084580026566982,-0.0014639757573604584,0.5540372958545712
2020-12-07,fold_6,COVID crash and V-recovery,0.003421517089009285,1,0.003378992434591055,1,0.003378992434591055,0.20860117264965083,,,,1,33.78992434591055,-0.0012830882333219051,-0.010502398945391178,0.003421517089009285,0.329049495914118
2020-12-08,fold_6,COVID crash and V-recovery,0.00031099840998649597,1,-0.022901127114892006,-1,-0.022901127114892006,0.18570004553475883,,,,0,-229.01127114892006,-0.000599689781665802,-0.0032489225268363953,0.00031099840998649597,-2.4882146420684146
2020-12-09,fold_6,COVID crash and V-recovery,-0.003968795761466026,-1,0.004007569048553705,1,-0.004007569048553705,0.18169247648620512,,,,0,-40.07569048553705,0.0035811620764434338,0.025136673822999,-0.003968795761466026,0.4120471886712415
2020-12-10,fold_6,COVID crash and V-recovery,-0.0011576171964406967,-1,-0.0022169779986143112,-1,0.0022169779986143112,0.18390945448481943,,,,1,22.169779986143112,-0.0044883014634251595,0.0276457741856575,-0.0011576171964406967,-0.2632439802492302
2020-12-11,fold_6,COVID crash and V-recovery,0.0024218950420618057,1,0.007229145150631666,1,0.007229145150631666,0.1911385996354511,,,,1,72.29145150631666,0.007013983558863401,0.0268356055021286,0.0024218950420618057,0.8636478044932318
2020-12-14,fold_6,COVID crash and V-recovery,0.00023588351905345917,1,0.01063246838748455,1,0.01063246838748455,0.20177106802293565,,,,1,106.3246838748455,0.0033811465837061405,0.017734089866280556,0.00023588351905345917,1.2812665826263265
2020-12-15,fold_6,COVID crash and V-recovery,-0.0005353223532438278,-1,0.0054844701662659645,1,-0.0054844701662659645,0.1962865978566697,,,,0,-54.844701662659645,-0.0022654100321233273,0.00981712993234396,-0.0005353223532438278,0.6486281134756449
2020-12-16,fold_6,COVID crash and V-recovery,-0.0002106986939907074,-1,0.006516668945550919,1,-0.006516668945550919,0.18976992891111877,,,,0,-65.16668945550919,-0.0020442837849259377,-0.0007163272821344435,-0.0002106986939907074,0.7653729375236511
2020-12-17,fold_6,COVID crash and V-recovery,0.0030754562467336655,1,-0.0030271466821432114,-1,-0.0030271466821432114,0.18674278222897556,,,,0,-30.271466821432114,-0.0032454156316816807,-0.002830306999385357,0.0030754562467336655,-0.3570831286606675
2020-12-18,fold_6,COVID crash and V-recovery,0.0020450297743082047,1,-0.001872371882200241,-1,-0.001872371882200241,0.18487041034677532,,,,0,-18.72371882200241,-0.007789958268404007,0.010225623846054077,0.0020450297743082047,-0.22493926581037224
2020-12-21,fold_6,COVID crash and V-recovery,0.0037316400557756424,1,0.002715509617701173,1,0.002715509617701173,0.1875859199644765,,,,1,27.15509617701173,0.0005120374262332916,0.01299302838742733,0.0037316400557756424,0.3314875297474319
2020-12-22,fold_6,COVID crash and V-recovery,0.001167813315987587,1,-0.005048987455666065,-1,-0.005048987455666065,0.18253693250881042,,,,0,-50.48987455666065,0.00568516505882144,0.010309210978448391,0.001167813315987587,-0.6146537584216499
2020-12-23,fold_6,COVID crash and V-recovery,0.002161676064133644,1,0.004402689635753632,1,0.004402689635753632,0.18693962214456405,,,,1,44.026896357536316,0.0062645901925861835,0.017815537750720978,0.002161676064133644,0.5731001337807812
2020-12-24,fold_6,COVID crash and V-recovery,0.0010318811982870102,1,0.010028784163296223,1,0.010028784163296223,0.19696840630786028,,,,1,100.28784163296223,0.014946190640330315,-0.0008076458470895886,0.0010318811982870102,1.3156138038421608
2020-12-28,fold_6,COVID crash and V-recovery,9.710527956485748e-05,1,0.0008950326009653509,1,0.0008950326009653509,0.19786343890882563,,,,1,8.950326009653509,0.012161405757069588,-0.0026263040490448475,9.710527956485748e-05,0.11659180941941093
2020-12-29,fold_6,COVID crash and V-recovery,0.0026801656931638718,1,3.169193587382324e-05,1,3.169193587382324e-05,0.19789513084469945,,,,1,0.3169193587382324,0.005701194982975721,-0.017470380291342735,0.0026801656931638718,0.004134245642294804
2020-12-30,fold_6,COVID crash and V-recovery,0.004873150959610939,1,0.0024573400150984526,1,0.0024573400150984526,0.2003524708597979,,,,1,24.573400150984526,0.0026962836273014545,0.00640215864405036,0.004873150959610939,0.34526923346710536
2024-04-12,fold_7,"Inflation bear, AI rally and 2025",0.016680171713232994,1,-0.016587810590863228,-1,-0.016587810590863228,-0.016587810590863228,,,,0,-165.87810590863228,0.01834043301641941,-0.05540034547448158,0.016680171713232994,-1.915637977737409
2024-04-15,fold_7,"Inflation bear, AI rally and 2025",0.013274474069476128,1,9.28273075260222e-05,1,9.28273075260222e-05,-0.016494983283337206,,,,1,0.928273075260222,0.006801234092563391,-0.028806107118725777,0.013274474069476128,0.010276851524955881
2024-04-16,fold_7,"Inflation bear, AI rally and 2025",0.016301700845360756,1,-0.012276514433324337,-1,-0.012276514433324337,-0.028771497716661543,,,,0,-122.76514433324337,0.001119706779718399,-0.014086250215768814,0.016301700845360756,-1.398273534739221
2024-04-17,fold_7,"Inflation bear, AI rally and 2025",0.021804610267281532,1,-0.005722694098949432,-1,-0.005722694098949432,-0.034494191815610975,,,,0,-57.226940989494324,0.001170941162854433,0.0015721198869869113,0.021804610267281532,-0.6232469284784488
2024-04-18,fold_7,"Inflation bear, AI rally and 2025",0.029386935755610466,1,-0.020906154066324234,-1,-0.020906154066324234,-0.05540034588193521,,,,0,-209.06154066324234,0.002816293854266405,0.002453271532431245,0.029386935755610466,-2.3521081873632403
2024-04-19,fold_7,"Inflation bear, AI rally and 2025",0.030425263568758965,1,0.010006428696215153,1,0.010006428696215153,-0.045393917185720056,,,,1,100.06428696215153,-0.002744814846664667,0.038673385977745056,0.030425263568758965,1.001945669500256
2024-04-22,fold_7,"Inflation bear, AI rally and 2025",0.03161356598138809,1,0.014812683686614037,1,0.014812683686614037,-0.03058123349910602,,,,1,148.12683686614037,-0.00747982133179903,0.03271905705332756,0.03161356598138809,1.4477695045384535
2024-04-23,fold_7,"Inflation bear, AI rally and 2025",0.031949758529663086,1,0.0033818555530160666,1,0.0033818555530160666,-0.027199377946089953,,,,1,33.818555530160666,-0.017710108309984207,-0.0011298799654468894,0.031949758529663086,0.3153720124031093
2024-04-24,fold_7,"Inflation bear, AI rally and 2025",0.028938615694642067,1,-0.004841542802751064,-1,-0.004841542802751064,-0.03204092074884102,,,,0,-48.41542802751064,-0.01783294975757599,-0.011768510565161705,0.028938615694642067,-0.4514034651311373
2024-04-25,fold_7,"Inflation bear, AI rally and 2025",0.028362033888697624,1,0.015313959680497646,1,0.015313959680497646,-0.01672696106834337,,,,1,153.13959680497646,-0.018636886030435562,0.005755472928285599,0.028362033888697624,1.4241324448891393
2024-04-26,fold_7,"Inflation bear, AI rally and 2025",0.017974233254790306,1,0.004052098840475082,1,0.004052098840475082,-0.012674862227868289,,,,1,40.520988404750824,-0.007186302915215492,0.010340644046664238,0.017974233254790306,0.3593017104789151
2024-04-29,fold_7,"Inflation bear, AI rally and 2025",0.007985034957528114,1,-0.019036252051591873,-1,-0.019036252051591873,-0.03171111427946016,,,,0,-190.36252051591873,-0.0029021373484283686,0.01718253269791603,0.007985034957528114,-1.684004190632592
2024-04-30,fold_7,"Inflation bear, AI rally and 2025",0.01670093648135662,1,-0.007256774697452784,-1,-0.007256774697452784,-0.038967888976912946,,,,0,-72.56774697452784,0.005353589076548815,0.036377713084220886,0.01670093648135662,-0.6086610786073906
2024-05-01,fold_7,"Inflation bear, AI rally and 2025",0.014486340805888176,1,0.01268244069069624,1,0.01268244069069624,-0.026285448286216706,,,,1,126.8244069069624,-0.017538296058773994,0.043043844401836395,0.014486340805888176,1.0549368441432632
2024-05-02,fold_7,"Inflation bear, AI rally and 2025",0.016039295122027397,1,0.01989912986755371,1,0.01989912986755371,-0.006386318418662995,,,,1,198.9912986755371,-0.020660219714045525,0.03254050761461258,0.016039295122027397,1.6776006709564757
2024-05-03,fold_7,"Inflation bear, AI rally and 2025",0.009612655267119408,1,0.01089398842304945,1,0.01089398842304945,0.004507670004386455,,,,1,108.9398842304945,-0.00806501042097807,0.014996875077486038,0.009612655267119408,0.8789025385636756
2024-05-06,fold_7,"Inflation bear, AI rally and 2025",0.003686303272843361,1,0.00015892888768576086,1,0.00015892888768576086,0.004666598892072216,,,,1,1.5892888768576086,-0.003670758567750454,0.006407518871128559,0.003686303272843361,0.012581531524142072
2024-05-07,fold_7,"Inflation bear, AI rally and 2025",0.0038799401372671127,1,-0.0005906449514441192,-1,-0.0005906449514441192,0.0040759539406280965,,,,0,-5.906449514441192,0.0011650449596345425,0.012660286389291286,0.0038799401372671127,-0.04685816338663532
2024-05-08,fold_7,"Inflation bear, AI rally and 2025",0.002794140949845314,1,0.002179105766117573,1,0.002179105766117573,0.006255059706745669,,,,1,21.791057661175728,0.005368508864194155,0.028760163113474846,0.002794140949845314,0.1749964145930725
2024-05-09,fold_7,"Inflation bear, AI rally and 2025",0.0032110046595335007,1,0.002355497097596526,1,0.002355497097596526,0.008610556804342195,,,,1,23.55497097596526,0.0034971446730196476,0.02454777993261814,0.0032110046595335007,0.19715011812391026
2024-05-10,fold_7,"Inflation bear, AI rally and 2025",0.003918727859854698,1,0.002304631983861327,1,0.002304631983861327,0.010915188788203523,,,,1,23.04631983861327,0.009625187143683434,0.02170546166598797,0.003918727859854698,0.20204176077495256
2024-05-13,fold_7,"Inflation bear, AI rally and 2025",0.0019198860973119736,1,0.006411696784198284,1,0.006411696784198284,0.017326885572401807,,,,1,64.11696784198284,0.00797942467033863,0.026349298655986786,0.0019198860973119736,0.5937243334603832
2024-05-14,fold_7,"Inflation bear, AI rally and 2025",-0.0009826663881540298,-1,0.015509231947362423,1,-0.015509231947362423,0.0018176536250393838,,,,0,-155.09231947362423,0.009615577757358551,0.02189207263290882,-0.0009826663881540298,1.4236688665281578
2024-05-15,fold_7,"Inflation bear, AI rally and 2025",-0.0023593902587890625,-1,-0.002033278113231063,-1,0.002033278113231063,0.0038509317382704467,,,,1,20.33278113231063,0.004562246147543192,0.006185304373502731,-0.0023593902587890625,-0.18321011445197363
2024-05-16,fold_7,"Inflation bear, AI rally and 2025",-0.0016221106052398682,-1,-0.0004868214309681207,-1,0.0004868214309681207,0.004337753169238567,,,,1,4.868214309681207,0.006137609016150236,0.00371000450104475,-0.0016221106052398682,-0.044122443394488634
2024-05-17,fold_7,"Inflation bear, AI rally and 2025",-0.0013500209897756577,-1,0.006948469206690788,1,-0.006948469206690788,-0.002610716037452221,,,,0,-69.48469206690788,0.006479763891547918,0.013608839362859726,-0.0013500209897756577,0.6952125898010301
2024-05-20,fold_7,"Inflation bear, AI rally and 2025",-0.0009800828993320465,-1,0.0019544712267816067,1,-0.0019544712267816067,-0.004565187264233828,,,,0,-19.544712267816067,0.007430618163198233,0.010431037284433842,-0.0009800828993320465,0.19813782720354398
2024-05-21,fold_7,"Inflation bear, AI rally and 2025",-0.0016308631747961044,-1,-0.00019753658853005618,-1,0.00019753658853005618,-0.004367650675703771,,,,1,1.9753658853005618,0.006093477364629507,0.00140322744846344,-0.0016308631747961044,-0.02123648203471224
2024-05-22,fold_7,"Inflation bear, AI rally and 2025",-0.0006622448563575745,-1,-0.0045085777528584,-1,0.0045085777528584,0.00014092707715462893,,,,1,45.085777528584,0.01247536763548851,-0.00917046144604683,-0.0006622448563575745,-0.4863059884639499
2024-05-23,fold_7,"Inflation bear, AI rally and 2025",0.00041325949132442474,1,0.009412013925611973,1,0.009412013925611973,0.009552941002766602,,,,1,94.12013925611973,0.013565238565206528,-0.006523867137730122,0.00041325949132442474,1.0161228281011665
2024-05-24,fold_7,"Inflation bear, AI rally and 2025",-0.0022060107439756393,-1,0.003770666429772973,1,-0.003770666429772973,0.005782274572993629,,,,0,-37.70666429772973,0.01257028616964817,-0.0105808787047863,-0.0022060107439756393,0.42558054147400476
2024-05-28,fold_7,"Inflation bear, AI rally and 2025",0.0009128879755735397,1,-0.007073338143527508,-1,-0.007073338143527508,-0.001291063570533879,,,,0,-70.73338143527508,0.013392729684710503,-0.011618755757808685,0.0009128879755735397,-0.7989006844998127
2024-05-29,fold_7,"Inflation bear, AI rally and 2025",0.0029292497783899307,1,-0.010771225206553936,-1,-0.010771225206553936,-0.012062288777087815,,,,0,-107.71225206553936,0.02003517374396324,0.015413827262818813,0.0029292497783899307,-1.3594968419813447
2024-05-30,fold_7,"Inflation bear, AI rally and 2025",0.0026120487600564957,1,-0.0018619840266183019,-1,-0.0018619840266183019,-0.013924272803706117,,,,0,-18.61984026618302,0.01174044981598854,0.02583981119096279,0.0026120487600564957,-0.2292967954822727
2024-05-31,fold_7,"Inflation bear, AI rally and 2025",-0.003109421581029892,-1,0.005355002358555794,1,-0.005355002358555794,-0.01927927516226191,,,,0,-53.55002358555794,0.011727390810847282,0.026816576719284058,-0.003109421581029892,0.7027090494998068
2024-06-03,fold_7,"Inflation bear, AI rally and 2025",0.0036395806819200516,1,0.002732788911089301,1,0.002732788911089301,-0.01654648625117261,,,,1,27.32788911089301,0.015583707019686699,0.025492563843727112,0.0036395806819200516,0.43368193802744326
2024-06-04,fold_7,"Inflation bear, AI rally and 2025",0.0026342030614614487,1,0.01995924487709999,1,0.01995924487709999,0.0034127586259273812,,,,1,199.5924487709999,0.017776254564523697,0.02959909848868847,0.0026342030614614487,3.4156224962840676
2024-06-05,fold_7,"Inflation bear, AI rally and 2025",-0.001446213573217392,-1,-0.0003452417440712452,-1,0.0003452417440712452,0.0037580003699986264,,,,1,3.452417440712452,0.006299065891653299,0.022652629762887955,-0.001446213573217392,-0.04695363633241321
2024-06-06,fold_7,"Inflation bear, AI rally and 2025",0.0015520360320806503,1,-0.0008852180326357484,-1,-0.0008852180326357484,0.002872782337362878,,,,0,-8.852180326357484,0.007410470861941576,0.028403399512171745,0.0015520360320806503,-0.12040439171168577
2024-06-07,fold_7,"Inflation bear, AI rally and 2025",0.002278560772538185,1,0.004030989948660135,1,0.004030989948660135,0.006903772286023013,,,,1,40.30989948660135,0.009887903928756714,0.03445643186569214,0.002278560772538185,0.5492899450229848
2024-06-10,fold_7,"Inflation bear, AI rally and 2025",0.004065109416842461,1,0.006839322857558727,1,0.006839322857558727,0.01374309514358174,,,,1,68.39322857558727,0.009815368801355362,0.04260094463825226,0.004065109416842461,0.9273771940684392
2024-06-11,fold_7,"Inflation bear, AI rally and 2025",0.003490159288048744,1,0.013012777082622051,1,0.013012777082622051,0.026755872226203792,,,,1,130.1277708262205,0.0060597374103963375,0.03607082739472389,0.003490159288048744,1.731768227856263
2024-06-12,fold_7,"Inflation bear, AI rally and 2025",0.004735404625535011,1,0.005405528470873833,1,0.005405528470873833,0.032161400697077624,,,,1,54.05528470873833,0.012736910954117775,0.015320060774683952,0.004735404625535011,0.6817164243853996
2024-06-13,fold_7,"Inflation bear, AI rally and 2025",-0.0014249179512262344,-1,0.005167814902961254,1,-0.005167814902961254,0.02699358579411637,,,,0,-51.67814902961254,0.004850041586905718,0.0072316755540668964,-0.0014249179512262344,0.71453510413117
2024-06-14,fold_7,"Inflation bear, AI rally and 2025",0.005638139322400093,1,0.012175502255558968,1,0.012175502255558968,0.03916908804967534,,,,1,121.75502255558968,0.006662630010396242,-0.009386073797941208,0.005638139322400093,1.6655900350437747
2024-06-17,fold_7,"Inflation bear, AI rally and 2025",0.0038161780685186386,1,0.0003092046536039561,1,0.0003092046536039561,0.039478292703279294,,,,1,3.092046536039561,0.003784493077546358,-0.010190867818892002,0.0038161780685186386,0.03964268442676233
2024-06-18,fold_7,"Inflation bear, AI rally and 2025",0.005079424008727074,1,-0.007737989537417889,-1,-0.007737989537417889,0.031740303165861405,,,,0,-77.37989537417889,0.005225649569183588,-0.008436965756118298,0.005079424008727074,-1.0123242809306967
2024-06-20,fold_7,"Inflation bear, AI rally and 2025",0.004158450290560722,1,-0.002682856749743223,-1,-0.002682856749743223,0.029057446416118182,,,,0,-26.828567497432232,0.014070525765419006,0.0018790541216731071,0.004158450290560722,-0.34285804932426206
2024-06-21,fold_7,"Inflation bear, AI rally and 2025",0.0012983661144971848,1,-0.011449933983385563,-1,-0.011449933983385563,0.01760751243273262,,,,0,-114.49933983385563,0.011415081098675728,-0.00064253801247105,0.0012983661144971848,-1.4589962236954837
2024-06-24,fold_7,"Inflation bear, AI rally and 2025",0.00022334791719913483,1,0.011370707303285599,1,0.011370707303285599,0.028978219736018218,,,,1,113.70707303285599,0.011305948719382286,0.01665533147752285,0.00022334791719913483,1.387839319558593
2024-06-25,fold_7,"Inflation bear, AI rally and 2025",-0.0009742826223373413,-1,0.002063107443973422,1,-0.002063107443973422,0.026915112292044796,,,,0,-20.63107443973422,0.012865951284766197,0.015729578211903572,-0.0009742826223373413,0.2480774401688555
2024-06-26,fold_7,"Inflation bear, AI rally and 2025",0.002698982134461403,1,0.0025780298747122288,1,0.0025780298747122288,0.029493142166757025,,,,1,25.780298747122288,0.015085957944393158,0.021968942135572433,0.002698982134461403,0.3111163482075264
2024-06-27,fold_7,"Inflation bear, AI rally and 2025",0.0016721058636903763,1,-0.005204448942095041,-1,-0.005204448942095041,0.024288693224661984,,,,0,-52.04448942095041,0.013064222410321236,0.029763752594590187,0.0016721058636903763,-0.6382350260450105
2024-06-28,fold_7,"Inflation bear, AI rally and 2025",0.0020450036972761154,1,0.005847935099154711,1,0.005847935099154711,0.030136628323816694,,,,1,58.47935099154711,0.018433475866913795,0.037343580275774,0.0020450036972761154,0.7423997926176615
2024-07-01,fold_7,"Inflation bear, AI rally and 2025",0.006953967735171318,1,0.010444954968988895,1,0.010444954968988895,0.04058158329280559,,,,1,104.44954968988895,0.01884428970515728,0.032359976321458817,0.006953967735171318,1.3098751779381625
2024-07-02,fold_7,"Inflation bear, AI rally and 2025",0.003638720139861107,1,0.008302470669150352,1,0.008302470669150352,0.04888405396195594,,,,1,83.02470669150352,0.018566813319921494,0.032287489622831345,0.003638720139861107,1.0097531611324242
2024-07-03,fold_7,"Inflation bear, AI rally and 2025",0.004933958873152733,1,0.010372839868068695,1,0.010372839868068695,0.05925689383002464,,,,1,103.72839868068695,0.015213580802083015,0.0018107411451637745,0.004933958873152733,1.2338218881148515
2024-07-05,fold_7,"Inflation bear, AI rally and 2025",0.002782681956887245,1,0.002375379903241992,1,0.002375379903241992,0.06163227373326663,,,,1,23.75379903241992,0.015130527317523956,-0.0027043852023780346,0.002782681956887245,0.3170268540244118
2024-07-08,fold_7,"Inflation bear, AI rally and 2025",0.0012966226786375046,1,0.0008643296314403415,1,0.0008643296314403415,0.06249660336470697,,,,1,8.643296314403415,0.00953192263841629,-0.0023955574724823236,0.0012966226786375046,0.11507389364579725
2024-07-09,fold_7,"Inflation bear, AI rally and 2025",0.0028658676892518997,1,0.010372469201683998,1,0.010372469201683998,0.07286907256639097,,,,1,103.72469201683998,0.00931532122194767,-0.002877016318961978,0.0028658676892518997,1.3809774385746778
2024-07-10,fold_7,"Inflation bear, AI rally and 2025",0.0011157859116792679,1,-0.022174276411533356,-1,-0.022174276411533356,0.05069479615485761,,,,0,-221.74276411533356,0.005484978202730417,-0.0430438406765461,0.0011157859116792679,-2.8395556157698416
2024-07-11,fold_7,"Inflation bear, AI rally and 2025",-0.0013172682374715805,-1,0.005857713054865599,1,-0.005857713054865599,0.044837083099992014,,,,0,-58.57713054865599,0.010452721267938614,-0.025613289326429367,-0.0013172682374715805,0.6420877278904823
2024-07-12,fold_7,"Inflation bear, AI rally and 2025",-0.004188379272818565,-1,0.002684207633137703,1,-0.002684207633137703,0.04215287546685431,,,,0,-26.84207633137703,0.01001567579805851,-0.040374159812927246,-0.004188379272818565,0.30693872466430683
2024-07-15,fold_7,"Inflation bear, AI rally and 2025",-0.0002076420933008194,-1,0.00038287072675302625,1,-0.00038287072675302625,0.041770004740101285,,,,0,-3.8287072675302625,0.010764975100755692,-0.028270574286580086,-0.0002076420933008194,0.044099727267770325
2024-07-16,fold_7,"Inflation bear, AI rally and 2025",0.002026854082942009,1,-0.02979435585439205,-1,-0.02979435585439205,0.011975648885709234,,,,0,-297.9435585439205,0.012234924361109734,-0.03218429908156395,0.002026854082942009,-3.462402666184191
2024-07-17,fold_7,"Inflation bear, AI rally and 2025",0.005380237475037575,1,-0.004743724595755339,-1,-0.004743724595755339,0.007231924289953895,,,,0,-47.43724595755339,0.019408823922276497,-0.038919322192668915,0.005380237475037575,-0.45021193175523166
2024-07-18,fold_7,"Inflation bear, AI rally and 2025",-0.0019092187285423279,-1,-0.008903156965970993,-1,0.008903156965970993,0.016135081255924888,,,,1,89.03156965970993,0.015337599441409111,-0.045264601707458496,-0.0019092187285423279,-0.8407390180070969
2024-07-19,fold_7,"Inflation bear, AI rally and 2025",-0.0007056985050439835,-1,0.014787793159484863,1,-0.014787793159484863,0.0013472880964400247,,,,0,-147.87793159484863,0.004969719331711531,-0.026157695800065994,-0.0007056985050439835,1.3904370170925573
2024-07-22,fold_7,"Inflation bear, AI rally and 2025",-0.0035217981785535812,-1,-0.0035308548249304295,-1,0.0035308548249304295,0.004878142921370454,,,,1,35.308548249304295,0.0014162585139274597,-0.038938675075769424,-0.0035217981785535812,-0.31748379855643816
2024-07-23,fold_7,"Inflation bear, AI rally and 2025",-0.0012006796896457672,-1,-0.03652937710285187,-1,0.03652937710285187,0.04140752002422232,,,,1,365.2937710285187,0.004163673613220453,-0.049234386533498764,-0.0012006796896457672,-3.366324504216688
2024-07-24,fold_7,"Inflation bear, AI rally and 2025",0.002982368692755699,1,-0.011089004576206207,-1,-0.011089004576206207,0.030318515448016115,,,,0,-110.89004576206207,-0.0008789771236479282,0.016459202393889427,0.002982368692755699,-0.8311367073785129
2024-07-25,fold_7,"Inflation bear, AI rally and 2025",0.010814366862177849,1,0.01020374707877636,1,0.01020374707877636,0.040522262526792474,,,,1,102.0374707877636,-0.01664409227669239,0.003028667066246271,0.010814366862177849,0.7523452168158241
2024-07-26,fold_7,"Inflation bear, AI rally and 2025",0.006515374407172203,1,0.0020068141166120768,1,0.0020068141166120768,0.04252907664340455,,,,1,20.068141166120768,-0.010477151721715927,-0.031196199357509613,0.006515374407172203,0.14604485969080083
2024-07-29,fold_7,"Inflation bear, AI rally and 2025",0.008376331999897957,1,-0.013826565816998482,-1,-0.013826565816998482,0.02870251082640607,,,,0,-138.26565816998482,-0.010030334815382957,-0.063472680747509,0.008376331999897957,-1.0093074248608767
2024-07-30,fold_7,"Inflation bear, AI rally and 2025",0.01789550669491291,1,0.029164211824536324,1,0.029164211824536324,0.05786672265094239,,,,1,291.64211824536324,-0.006337572820484638,-0.04013648256659508,0.01789550669491291,2.085750291487153
2024-07-31,fold_7,"Inflation bear, AI rally and 2025",-0.0038414765149354935,-1,-0.02451954036951065,-1,0.02451954036951065,0.08238626302045304,,,,1,245.1954036951065,-0.02033868618309498,-0.080189548432827,-0.0038414765149354935,-1.6077581412371202
2024-08-01,fold_7,"Inflation bear, AI rally and 2025",0.007155360653996468,1,-0.024021118879318237,-1,-0.024021118879318237,0.058365144141134806,,,,0,-240.21118879318237,-0.009851044975221157,-0.025537710636854172,0.007155360653996468,-1.4920247357675547
2024-08-02,fold_7,"Inflation bear, AI rally and 2025",0.01478620432317257,1,-0.030269667506217957,-1,-0.030269667506217957,0.02809547663491685,,,,0,-302.69667506217957,-0.005338415969163179,0.0036923731677234173,0.01478620432317257,-1.8003931776647635
2024-08-05,fold_7,"Inflation bear, AI rally and 2025",0.021994588896632195,1,0.009509631432592869,1,0.009509631432592869,0.03760510806750972,,,,1,95.09631432592869,-0.0021408807951956987,0.03611313924193382,0.021994588896632195,0.524920691891243
2024-08-06,fold_7,"Inflation bear, AI rally and 2025",0.018990403041243553,1,-0.01088885311037302,-1,-0.01088885311037302,0.026716254957136698,,,,0,-108.8885311037302,-0.007536508142948151,0.05111347883939743,0.018990403041243553,-0.5969875219152809
2024-08-07,fold_7,"Inflation bear, AI rally and 2025",0.02510450966656208,1,0.030132297426462173,1,0.030132297426462173,0.05684855238359887,,,,1,301.32297426462173,-0.0025634411722421646,0.062326643615961075,0.02510450966656208,1.6506589822195037
2024-08-08,fold_7,"Inflation bear, AI rally and 2025",0.008280744776129723,1,0.005208965390920639,1,0.005208965390920639,0.06205751777451951,,,,1,52.08965390920639,-0.014796989038586617,0.05714362487196922,0.008280744776129723,0.2768349311927352
2024-08-09,fold_7,"Inflation bear, AI rally and 2025",0.012591151520609856,1,0.0021510969381779432,1,0.0021510969381779432,0.06420861471269745,,,,1,21.510969381779432,-0.005136645864695311,0.05321963131427765,0.012591151520609856,0.1143798882170997
2024-08-12,fold_7,"Inflation bear, AI rally and 2025",0.014784200116991997,1,0.02450997196137905,1,0.02450997196137905,0.0887185866740765,,,,1,245.0997196137905,-0.005126353353261948,0.06411891430616379,0.014784200116991997,1.303501943679819
2024-08-13,fold_7,"Inflation bear, AI rally and 2025",0.00511317141354084,1,0.00032431332510896027,1,0.00032431332510896027,0.08904289999918547,,,,1,3.2431332510896027,0.0009088502265512943,0.03750813379883766,0.00511317141354084,0.01655891126018704
2024-08-14,fold_7,"Inflation bear, AI rally and 2025",0.001142827793955803,1,0.024949276819825172,1,0.024949276819825172,0.11399217681901064,,,,1,249.49276819825172,-0.006193078123033047,0.041837096214294434,0.001142827793955803,1.3546411923098562
2024-08-15,fold_7,"Inflation bear, AI rally and 2025",0.0018742214888334274,1,0.0012849696213379502,1,0.0012849696213379502,0.11527714644034859,,,,1,12.849696213379502,-0.00763630960136652,0.0009060029406100512,0.0018742214888334274,0.0668740747706282
2024-08-16,fold_7,"Inflation bear, AI rally and 2025",0.005099998787045479,1,0.0130503810942173,1,0.0130503810942173,0.1283275275345659,,,,1,130.503810942173,-0.0006440817378461361,0.010408023372292519,0.005099998787045479,0.6827829402239022
2024-08-19,fold_7,"Inflation bear, AI rally and 2025",0.0019315611571073532,1,-0.002100807148963213,-1,-0.002100807148963213,0.12622672038560268,,,,0,-21.00807148963213,0.0004035285674035549,-0.012398049235343933,0.0019315611571073532,-0.11027773996348064
2024-08-20,fold_7,"Inflation bear, AI rally and 2025",0.003682376816868782,1,0.004653274081647396,1,0.004653274081647396,0.13087999446725007,,,,1,46.53274081647396,0.0076681156642735004,-0.007314376067370176,0.003682376816868782,0.2444000893406978
2024-08-21,fold_7,"Inflation bear, AI rally and 2025",0.0015031453222036362,1,-0.01598181575536728,-1,-0.01598181575536728,0.11489817871188279,,,,0,-159.8181575536728,0.007037388626486063,-0.023379897698760033,0.0015031453222036362,-0.9275646245457356
2024-08-22,fold_7,"Inflation bear, AI rally and 2025",0.0037010181695222855,1,0.010786990635097027,1,0.010786990635097027,0.12568516934697982,,,,1,107.86990635097027,0.007538838777691126,-0.008863111026585102,0.0037010181695222855,0.6191949924164502
2024-08-23,fold_7,"Inflation bear, AI rally and 2025",-0.0016074180603027344,-1,-0.009755691513419151,-1,0.009755691513419151,0.13544086086039897,,,,1,97.55691513419151,0.005380653310567141,-0.007801180239766836,-0.0016074180603027344,-0.559432470656507
2024-08-26,fold_7,"Inflation bear, AI rally and 2025",-0.00016185268759727478,-1,0.0029828662518411875,1,-0.0029828662518411875,0.13245799460855778,,,,0,-29.828662518411875,-0.001397330779582262,-0.028876792639493942,-0.00016185268759727478,0.16978265810020524
2024-08-27,fold_7,"Inflation bear, AI rally and 2025",-0.0013677813112735748,-1,-0.011412248015403748,-1,0.011412248015403748,0.14387024262396153,,,,1,114.12248015403748,0.008124157786369324,-0.03446156159043312,-0.0013677813112735748,-0.659384942491126
2024-08-28,fold_7,"Inflation bear, AI rally and 2025",0.0021762046962976456,1,-0.0014650279190391302,-1,-0.0014650279190391302,0.1424052147049224,,,,0,-14.650279190391302,0.013314016163349152,-0.02211609296500683,0.0021762046962976456,-0.0902464387601881
2024-08-29,fold_7,"Inflation bear, AI rally and 2025",0.001384163275361061,1,0.011848920956254005,1,0.011848920956254005,0.1542541356611764,,,,1,118.48920956254005,0.001602334901690483,-0.04780372232198715,0.001384163275361061,0.7752877777932282
2024-08-30,fold_7,"Inflation bear, AI rally and 2025",-0.005561621859669685,-1,-0.03083130531013012,-1,0.03083130531013012,0.18508544097130653,,,,1,308.3130531013012,0.0008994308300316334,-0.046875014901161194,-0.005561621859669685,-2.118767250124786
2024-09-03,fold_7,"Inflation bear, AI rally and 2025",0.0032481085509061813,1,-0.0026019022334367037,-1,-0.0026019022334367037,0.18248353873786982,,,,0,-26.019022334367037,0.006140845362097025,-0.006844343151897192,0.0032481085509061813,-0.17808602031578946
2024-09-04,fold_7,"Inflation bear, AI rally and 2025",-0.0005448032170534134,-1,0.0009332209010608494,1,-0.0009332209010608494,0.18155031783680897,,,,0,-9.332209010608494,0.001987108029425144,0.017240503802895546,-0.0005448032170534134,0.06450909024050137
2024-09-05,fold_7,"Inflation bear, AI rally and 2025",-0.0008106660097837448,-1,-0.02715265564620495,-1,0.02715265564620495,0.20870297348301392,,,,1,271.5265564620495,-0.002726511098444462,0.026075517758727074,-0.0008106660097837448,-1.9038919504433214
2024-09-06,fold_7,"Inflation bear, AI rally and 2025",0.011302327737212181,1,0.012777626514434814,1,0.012777626514434814,0.22148059999744873,,,,1,127.77626514434814,-0.02061653509736061,0.05769813060760498,0.011302327737212181,0.9153524726053623
2024-09-09,fold_7,"Inflation bear, AI rally and 2025",0.006066983565688133,1,0.009199365973472595,1,0.009199365973472595,0.23067996597092133,,,,1,91.99365973472595,-0.03838710859417915,0.040492791682481766,0.006066983565688133,0.6477990684838638
2024-09-10,fold_7,"Inflation bear, AI rally and 2025",0.006393330171704292,1,0.02148294448852539,1,0.02148294448852539,0.2521629104594467,,,,1,214.8294448852539,-0.015958841890096664,0.03182163089513779,0.006393330171704292,1.4979981112463576
2024-09-11,fold_7,"Inflation bear, AI rally and 2025",-0.0002589542418718338,-1,0.009768233634531498,1,-0.009768233634531498,0.24239467682491522,,,,0,-97.68233634531498,-0.01125052198767662,0.005999751389026642,-0.0002589542418718338,0.6929635978910342
2024-09-12,fold_7,"Inflation bear, AI rally and 2025",-0.0040528904646635056,-1,0.004469958133995533,1,-0.004469958133995533,0.2379247186909197,,,,0,-44.69958133995533,-0.01127643883228302,0.02120135724544525,-0.0040528904646635056,0.31336561528243373
2024-09-13,fold_7,"Inflation bear, AI rally and 2025",0.002323666587471962,1,-0.004427712876349688,-1,-0.004427712876349688,0.23349700581457,,,,0,-44.277128763496876,-0.0018267552368342876,0.014826271682977676,0.002323666587471962,-0.3362951999478053
2024-09-16,fold_7,"Inflation bear, AI rally and 2025",0.004517076537013054,1,0.0005282060010358691,1,0.0005282060010358691,0.23402521181560587,,,,1,5.282060010358691,-0.0034529450349509716,0.021901145577430725,0.004517076537013054,0.04001501336320814
2024-09-17,fold_7,"Inflation bear, AI rally and 2025",0.006645383313298225,1,-0.0043389336206018925,-1,-0.0043389336206018925,0.22968627819500398,,,,0,-43.389336206018925,-2.323649823665619e-06,0.026184871792793274,0.006645383313298225,-0.33702704962507524
2024-09-18,fold_7,"Inflation bear, AI rally and 2025",0.003982597962021828,1,0.024969838559627533,1,0.024969838559627533,0.2546561167546315,,,,1,249.69838559627533,-0.008413707837462425,0.031450558453798294,0.003982597962021828,1.9353316350330982
2024-09-19,fold_7,"Inflation bear, AI rally and 2025",0.006633305922150612,1,-0.001905126846395433,-1,-0.001905126846395433,0.2527509899082361,,,,0,-19.05126846395433,-0.0019066801760345697,0.013965615071356297,0.006633305922150612,-0.13588783905280025
2024-09-20,fold_7,"Inflation bear, AI rally and 2025",0.00043031759560108185,1,0.00264716031961143,1,0.00264716031961143,0.2553981502278475,,,,1,26.4716031961143,-0.008494045585393906,0.010298335924744606,0.00043031759560108185,0.19516890485055438
2024-09-23,fold_7,"Inflation bear, AI rally and 2025",0.0015643667429685593,1,0.004811933264136314,1,0.004811933264136314,0.2602100834919838,,,,1,48.119332641363144,-0.002017468214035034,0.010359362699091434,0.0015643667429685593,0.3601650575373757
2024-09-24,fold_7,"Inflation bear, AI rally and 2025",0.00198969803750515,1,0.000926753506064415,1,0.000926753506064415,0.26113683699804824,,,,1,9.26753506064415,0.004476579371839762,-0.00848300475627184,0.00198969803750515,0.07007636915393543
2024-09-25,fold_7,"Inflation bear, AI rally and 2025",-0.00023183226585388184,-1,0.007484894711524248,1,-0.007484894711524248,0.253651942286524,,,,0,-74.84894711524248,0.00817195326089859,-0.0079979058355093,-0.00023183226585388184,0.5666209948426726
2024-09-26,fold_7,"Inflation bear, AI rally and 2025",0.0002965480089187622,1,-0.005572405643761158,-1,-0.005572405643761158,0.24807953664276283,,,,0,-55.72405643761158,0.013644328340888023,-0.01623002626001835,0.0002965480089187622,-0.42640010528638966
2024-09-27,fold_7,"Inflation bear, AI rally and 2025",-0.001769930124282837,-1,0.002708186861127615,1,-0.002708186861127615,0.24537134978163522,,,,0,-27.08186861127615,0.013816937804222107,0.0011703327763825655,-0.001769930124282837,0.20635895787142886
2024-09-30,fold_7,"Inflation bear, AI rally and 2025",-7.82497227191925e-06,-1,-0.01403043419122696,-1,0.01403043419122696,0.2594017839728622,,,,1,140.3043419122696,0.011549517512321472,-0.01230729091912508,-7.82497227191925e-06,-1.0903610458416224
2024-10-01,fold_7,"Inflation bear, AI rally and 2025",0.004472536966204643,1,0.0014118520775809884,1,0.0014118520775809884,0.26081363605044317,,,,1,14.118520775809884,0.008292203769087791,0.01654731296002865,0.004472536966204643,0.12484405696456018
2024-10-02,fold_7,"Inflation bear, AI rally and 2025",-0.0013494417071342468,-1,-0.0007472253055311739,-1,0.0007472253055311739,0.26156086135597434,,,,1,7.4722530553117394,0.0064481464214622974,0.022973094135522842,-0.0013494417071342468,-0.06613572954546378
2024-10-03,fold_7,"Inflation bear, AI rally and 2025",0.00436093844473362,1,0.011827953159809113,1,0.011827953159809113,0.27338881451578345,,,,1,118.27953159809113,-0.009742029011249542,0.022584062069654465,0.00436093844473362,1.0469375004229724
2024-10-04,fold_7,"Inflation bear, AI rally and 2025",0.0027199294418096542,1,-0.010769437067210674,-1,-0.010769437067210674,0.2626193774485728,,,,0,-107.69437067210674,0.000453330110758543,0.012317989021539688,0.0027199294418096542,-1.0891617760661183
2024-10-07,fold_7,"Inflation bear, AI rally and 2025",0.0016575586050748825,1,0.014824170619249344,1,0.014824170619249344,0.2774435480678221,,,,1,148.24170619249344,-0.008469918742775917,0.03144397586584091,0.0016575586050748825,1.5176988523165102
2024-10-08,fold_7,"Inflation bear, AI rally and 2025",0.0026004742830991745,1,0.007837631739675999,1,0.007837631739675999,0.2852811798074981,,,,1,78.37631739675999,0.016120314598083496,0.0031628955621272326,0.0026004742830991745,0.7754292898477891
2024-10-09,fold_7,"Inflation bear, AI rally and 2025",0.004287930205464363,1,-0.0011362562654539943,-1,-0.0011362562654539943,0.2841449235420441,,,,0,-11.362562654539943,0.02419847622513771,-0.004552541300654411,0.004287930205464363,-0.1253588476074635
2024-10-10,fold_7,"Inflation bear, AI rally and 2025",0.006624428555369377,1,0.001561879413202405,1,0.001561879413202405,0.28570680295524653,,,,1,15.61879413202405,0.022633248940110207,-0.0027240037452429533,0.006624428555369377,0.17747454318489056
2024-10-11,fold_7,"Inflation bear, AI rally and 2025",0.007487135007977486,1,0.008356551639735699,1,0.008356551639735699,0.29406335459498223,,,,1,83.56551639735699,0.020259764045476913,0.002247402211651206,0.007487135007977486,0.9549677424647902
2024-10-14,fold_7,"Inflation bear, AI rally and 2025",0.0071604009717702866,1,-0.013456911779940128,-1,-0.013456911779940128,0.2806064428150421,,,,0,-134.56911779940128,0.0092812180519104,-0.004189664032310247,0.0071604009717702866,-1.5132110812818254
2024-10-15,fold_7,"Inflation bear, AI rally and 2025",0.005499420687556267,1,0.0001221949642058462,1,0.0001221949642058462,0.28072863777924795,,,,1,1.221949642058462,0.02521071583032608,0.010356641374528408,0.005499420687556267,0.013016782504661328
2024-10-16,fold_7,"Inflation bear, AI rally and 2025",0.0012023281306028366,1,0.0006922814645804465,1,0.0006922814645804465,0.2814209192438284,,,,1,6.922814645804465,0.010472036898136139,-0.005208073649555445,0.0012023281306028366,0.07414180294465159
2024-10-17,fold_7,"Inflation bear, AI rally and 2025",0.0032793115824460983,1,0.006533285602927208,1,0.006533285602927208,0.2879542048467556,,,,1,65.33285602927208,0.009891295805573463,0.002175822388380766,0.0032793115824460983,0.8727836942491176
2024-10-18,fold_7,"Inflation bear, AI rally and 2025",0.0041732583194971085,1,0.0019194857450202107,1,0.0019194857450202107,0.2898736905917758,,,,1,19.194857450202107,0.017620813101530075,0.0017176733817905188,0.0041732583194971085,0.2520701414263569
2024-10-21,fold_7,"Inflation bear, AI rally and 2025",0.006847856566309929,1,0.0010893935104832053,1,0.0010893935104832053,0.290963084102259,,,,1,10.893935104832053,0.016696926206350327,-4.0421302401227877e-05,0.006847856566309929,0.1432664185763382
2024-10-22,fold_7,"Inflation bear, AI rally and 2025",0.005807580426335335,1,-0.015442520380020142,-1,-0.015442520380020142,0.2755205637222389,,,,0,-154.42520380020142,0.021221838891506195,0.008432736620306969,0.005807580426335335,-2.05041872134211
2024-10-23,fold_7,"Inflation bear, AI rally and 2025",0.004542982205748558,1,0.008076177909970284,1,0.008076177909970284,0.28359674163220916,,,,1,80.76177909970284,0.018110748380422592,0.016289012506604195,0.004542982205748558,0.975069619641989
2024-10-24,fold_7,"Inflation bear, AI rally and 2025",0.01100916974246502,1,0.006075136363506317,1,0.006075136363506317,0.2896718779957155,,,,1,60.75136363506317,0.016414638608694077,-0.01735398918390274,0.01100916974246502,0.7310287339358255
2024-10-25,fold_7,"Inflation bear, AI rally and 2025",0.007890610024333,1,0.00016139104263857007,1,0.00016139104263857007,0.28983326903835405,,,,1,1.6139104263857007,0.015923278406262398,-0.016057491302490234,0.007890610024333,0.019379350634746075
2024-10-28,fold_7,"Inflation bear, AI rally and 2025",0.016076112166047096,1,0.00956255104392767,1,0.00956255104392767,0.2993958200822817,,,,1,95.6255104392767,0.018819784745573997,-0.019136182963848114,0.016076112166047096,1.1512792631994628
2024-10-29,fold_7,"Inflation bear, AI rally and 2025",0.019230736419558525,1,-0.007586243096739054,-1,-0.007586243096739054,0.29180957698554266,,,,0,-75.86243096739054,0.03513868898153305,-0.016022659838199615,0.019230736419558525,-0.9503655323814653
2024-10-30,fold_7,"Inflation bear, AI rally and 2025",0.020255262032151222,1,-0.02556682378053665,-1,-0.02556682378053665,0.266242753205006,,,,0,-255.66823780536652,0.03155118599534035,0.018364498391747475,0.020255262032151222,-3.135267415563969
2024-10-31,fold_7,"Inflation bear, AI rally and 2025",0.0254767294973135,1,0.007371632847934961,1,0.007371632847934961,0.27361438605294097,,,,1,73.71632847934961,0.017030583694577217,0.05955290049314499,0.0254767294973135,0.7403067553257175
2024-11-01,fold_7,"Inflation bear, AI rally and 2025",0.025719521567225456,1,-0.0029172992799431086,-1,-0.0029172992799431086,0.27069708677299786,,,,0,-29.172992799431086,0.0008028848096728325,0.05334897339344025,0.025719521567225456,-0.29950634869518994
2024-11-04,fold_7,"Inflation bear, AI rally and 2025",0.022964337840676308,1,0.012676074169576168,1,0.012676074169576168,0.28337316094257403,,,,1,126.76074169576168,-0.0014725914224982262,0.055682770907878876,0.022964337840676308,1.3398945483494553
2024-11-05,fold_7,"Inflation bear, AI rally and 2025",0.02539818547666073,1,0.026800915598869324,1,0.026800915598869324,0.31017407654144336,,,,1,268.00915598869324,-0.020362425595521927,0.04119488596916199,0.02539818547666073,2.8808626073089583
2024-11-06,fold_7,"Inflation bear, AI rally and 2025",0.011481469497084618,1,0.015621576458215714,1,0.015621576458215714,0.32579565299965907,,,,1,156.21576458215714,-0.013429911807179451,0.01310655102133751,0.011481469497084618,1.4296840550942842
2024-11-07,fold_7,"Inflation bear, AI rally and 2025",0.008151905611157417,1,0.0011677085421979427,1,0.0011677085421979427,0.326963361541857,,,,1,11.677085421979427,-0.0015904095489531755,-0.00948903989046812,0.008151905611157417,0.10181834569816123
2024-11-08,fold_7,"Inflation bear, AI rally and 2025",0.0030824225395917892,1,-0.0005835042102262378,-1,-0.0005835042102262378,0.3263798573316308,,,,0,-5.835042102262378,0.0037002055905759335,-0.034771133214235306,0.0030824225395917892,-0.05088905969453027
2024-11-11,fold_7,"Inflation bear, AI rally and 2025",0.0015821810811758041,1,-0.0018118094885721803,-1,-0.0018118094885721803,0.3245680478430586,,,,0,-18.118094885721803,0.011290758848190308,-0.02726396732032299,0.0015821810811758041,-0.16014334393689053
2024-11-12,fold_7,"Inflation bear, AI rally and 2025",0.0019846614450216293,1,-0.0012874208623543382,-1,-0.0012874208623543382,0.32328062698070426,,,,0,-12.874208623543382,0.01648375205695629,-0.018596025183796883,0.0019846614450216293,-0.11796369941144873
2024-11-13,fold_7,"Inflation bear, AI rally and 2025",0.005791669711470604,1,-0.006974013987928629,-1,-0.006974013987928629,0.3163066129927756,,,,0,-69.74013987928629,0.006285412702709436,-0.01788480579853058,0.005791669711470604,-0.6387942340020782
2024-11-14,fold_7,"Inflation bear, AI rally and 2025",0.012339463457465172,1,-0.02411438338458538,-1,-0.02411438338458538,0.29219222960819025,,,,0,-241.1438338458538,0.011569170281291008,-0.00732002779841423,0.012339463457465172,-2.1868111876517204
2024-11-15,fold_7,"Inflation bear, AI rally and 2025",0.020670225843787193,1,0.006923658773303032,1,0.006923658773303032,0.2991158883814933,,,,1,69.23658773303032,0.00047376472502946854,0.018397189676761627,0.020670225843787193,0.5680860031384004
2024-11-18,fold_7,"Inflation bear, AI rally and 2025",0.01579715870320797,1,0.006856133230030537,1,0.006856133230030537,0.3059720216115238,,,,1,68.56133230030537,-0.011231180280447006,0.01305388379842043,0.01579715870320797,0.558401971919163
2024-11-19,fold_7,"Inflation bear, AI rally and 2025",0.01293983869254589,1,-0.0005762007203884423,-1,-0.0005762007203884423,0.30539582089113537,,,,0,-5.762007203884423,-0.008456705138087273,0.01155262440443039,0.01293983869254589,-0.046576442710721276
2024-11-20,fold_7,"Inflation bear, AI rally and 2025",0.007696064189076424,1,0.0035907637793570757,1,0.0035907637793570757,0.30898658467049245,,,,1,35.90763779357076,0.000341939739882946,0.0042242552153766155,0.007696064189076424,0.30225052300490235
2024-11-21,fold_7,"Inflation bear, AI rally and 2025",0.004727216437458992,1,0.0016028343234211206,1,0.0016028343234211206,0.31058941899391357,,,,1,16.028343234211206,0.0021342081017792225,0.00938198808580637,0.004727216437458992,0.1361859766994263
2024-11-22,fold_7,"Inflation bear, AI rally and 2025",0.007238497957587242,1,0.0015803531277924776,1,0.0015803531277924776,0.31216977212170605,,,,1,15.803531277924776,0.0056215007789433,0.01860809698700905,0.007238497957587242,0.13511581519797833
2024-11-25,fold_7,"Inflation bear, AI rally and 2025",-0.0001980755478143692,-1,0.0053548733703792095,1,-0.0053548733703792095,0.30681489875132684,,,,0,-53.548733703792095,0.0037897764705121517,0.020089376717805862,-0.0001980755478143692,0.457620211764222
2024-11-26,fold_7,"Inflation bear, AI rally and 2025",0.002142401412129402,1,-0.007904569618403912,-1,-0.007904569618403912,0.2989103291329229,,,,0,-79.04569618403912,0.0040082563646137714,0.027021605521440506,0.002142401412129402,-0.6833908702918953
2024-11-27,fold_7,"Inflation bear, AI rally and 2025",0.002752324566245079,1,0.008748495951294899,1,0.008748495951294899,0.3076588250842178,,,,1,87.48495951294899,0.004513443913310766,0.03215114027261734,0.002752324566245079,0.7556567176370566
2024-11-29,fold_7,"Inflation bear, AI rally and 2025",0.003942636772990227,1,0.010828942991793156,1,0.010828942991793156,0.318487768076011,,,,1,108.28942991793156,0.00478806858882308,0.03231269493699074,0.003942636772990227,1.055899376910174
2024-12-02,fold_7,"Inflation bear, AI rally and 2025",-0.002141432836651802,-1,0.003061633324250579,1,-0.003061633324250579,0.3154261347517604,,,,0,-30.61633324250579,0.007145978976041079,0.013665560632944107,-0.002141432836651802,0.29416382393420215
2024-12-03,fold_7,"Inflation bear, AI rally and 2025",0.0026584509760141373,1,0.01228710263967514,1,0.01228710263967514,0.32771323739143554,,,,1,122.8710263967514,0.011287553235888481,0.007190646603703499,0.0026584509760141373,1.180318253081192
2024-12-04,fold_7,"Inflation bear, AI rally and 2025",0.0017907749861478806,1,-0.0027750355657190084,-1,-0.0027750355657190084,0.32493820182571653,,,,0,-27.750355657190084,0.015203826129436493,0.012647631578147411,0.0017907749861478806,-0.2671733985316268
2024-12-05,fold_7,"Inflation bear, AI rally and 2025",0.002198806032538414,1,0.008910051546990871,1,0.008910051546990871,0.3338482533727074,,,,1,89.10051546990871,0.008756456896662712,0.008947910740971565,0.002198806032538414,1.0474948066388639
2024-12-06,fold_7,"Inflation bear, AI rally and 2025",0.0018009785562753677,1,-0.007818191312253475,-1,-0.007818191312253475,0.32603006206045393,,,,0,-78.18191312253475,0.011744404211640358,0.007663036696612835,0.0018009785562753677,-0.9763530416449152
2024-12-09,fold_7,"Inflation bear, AI rally and 2025",0.008734704926609993,1,-0.0034132804721593857,-1,-0.0034132804721593857,0.32261678158829454,,,,0,-34.13280472159386,0.015236267820000648,0.029779212549328804,0.008734704926609993,-0.41666036610704454
2024-12-10,fold_7,"Inflation bear, AI rally and 2025",0.013166764751076698,1,0.017744088545441628,1,0.017744088545441628,0.34036087013373617,,,,1,177.44088545441628,0.014653122052550316,0.028778880834579468,0.013166764751076698,2.1569583437642637
2024-12-11,fold_7,"Inflation bear, AI rally and 2025",0.009904475882649422,1,-0.006474756635725498,-1,-0.006474756635725498,0.3338861134980107,,,,0,-64.74756635725498,0.013235922902822495,-0.025708824396133423,0.009904475882649422,-0.7096169509710132
2024-12-12,fold_7,"Inflation bear, AI rally and 2025",0.006650516763329506,1,0.007625177036970854,1,0.007625177036970854,0.3415112905349815,,,,1,76.25177036970854,0.013090472668409348,-0.023697493597865105,0.006650516763329506,0.8257751735954242
2024-12-13,fold_7,"Inflation bear, AI rally and 2025",0.006854420527815819,1,0.01429798360913992,1,0.01429798360913992,0.35580927414412145,,,,1,142.9798360913992,0.022905290126800537,-0.022628068923950195,0.006854420527815819,1.5441146298969766
2024-12-16,fold_7,"Inflation bear, AI rally and 2025",0.004158312454819679,1,-0.004413610324263573,-1,-0.004413610324263573,0.3513956638198579,,,,0,-44.13610324263573,0.013686366379261017,-0.02723037078976631,0.004158312454819679,-0.5396602766272658
2024-12-17,fold_7,"Inflation bear, AI rally and 2025",0.0041938479989767075,1,-0.03674361854791641,-1,-0.03674361854791641,0.31465204527194146,,,,0,-367.4361854791641,0.017010070383548737,-0.00934807863086462,0.0041938479989767075,-4.541270883179465
2024-12-18,fold_7,"Inflation bear, AI rally and 2025",0.007892923429608345,1,-0.004463426768779755,-1,-0.004463426768779755,0.3101886185031617,,,,0,-44.634267687797546,0.015455948188900948,0.026716021820902824,0.007892923429608345,-0.39053926853043847
2024-12-19,fold_7,"Inflation bear, AI rally and 2025",0.016035491600632668,1,0.00869460217654705,1,0.00869460217654705,0.31888322067970876,,,,1,86.9460217654705,0.011971862986683846,0.017797116190195084,0.016035491600632668,0.7579205871356646
2024-12-20,fold_7,"Inflation bear, AI rally and 2025",0.016565216705203056,1,0.009695682674646378,1,0.009695682674646378,0.32857890335435513,,,,1,96.95682674646378,0.004749555606395006,-0.004286685958504677,0.016565216705203056,0.8352949709807537
2024-12-23,fold_7,"Inflation bear, AI rally and 2025",0.019868826493620872,1,0.013468680903315544,1,0.013468680903315544,0.3420475842576707,,,,1,134.68680903315544,0.013257790356874466,-0.02251328155398369,0.019868826493620872,1.1411439948871818
2024-12-24,fold_7,"Inflation bear, AI rally and 2025",0.017099956050515175,1,-0.000679517223034054,-1,-0.000679517223034054,0.3413680670346366,,,,0,-6.79517223034054,0.0005846158601343632,-0.03793996945023537,0.017099956050515175,-0.05580862951838488
2024-12-26,fold_7,"Inflation bear, AI rally and 2025",0.013839492574334145,1,-0.01338233333081007,-1,-0.01338233333081007,0.32798573370382655,,,,0,-133.8233333081007,-0.0012853085063397884,-0.02102765068411827,0.013839492574334145,-1.104355311002339
2024-12-27,fold_7,"Inflation bear, AI rally and 2025",0.02141856588423252,1,-0.013389199040830135,-1,-0.013389199040830135,0.3145965346629964,,,,0,-133.89199040830135,0.008365228772163391,0.0037819980643689632,0.02141856588423252,-1.0836190505276386
2024-12-30,fold_7,"Inflation bear, AI rally and 2025",0.030644437298178673,1,-0.008530912920832634,-1,-0.008530912920832634,0.3060656217421638,,,,0,-85.30912920832634,0.014192009344696999,-0.0008342231158167124,0.030644437298178673,-0.6790967534261981
2024-12-31,fold_7,"Inflation bear, AI rally and 2025",0.025451092049479485,1,-0.001958006527274847,-1,-0.001958006527274847,0.30410761521488894,,,,0,-19.58006527274847,-0.011263428255915642,0.007871338166296482,0.025451092049479485,-0.15697591873959477
2025-01-02,fold_7,"Inflation bear, AI rally and 2025",0.017101241275668144,1,0.016232801601290703,1,0.016232801601290703,0.32034041681617964,,,,1,162.32801601290703,-0.02745075337588787,-0.005975963082164526,0.017101241275668144,1.302564693849145
2025-01-03,fold_7,"Inflation bear, AI rally and 2025",0.017998194321990013,1,0.011427314952015877,1,0.011427314952015877,0.3317677317681955,,,,1,114.27314952015877,-0.05158824473619461,-0.025427700951695442,0.017998194321990013,0.9007871628095191
2025-01-06,fold_7,"Inflation bear, AI rally and 2025",0.022577675059437752,1,-0.01800542138516903,-1,-0.01800542138516903,0.3137623103830265,,,,0,-180.0542138516903,-0.03215605393052101,-0.037804875522851944,0.022577675059437752,-1.3929812999224083
2025-01-07,fold_7,"Inflation bear, AI rally and 2025",0.017976997420191765,1,0.00017464857955928892,1,0.00017464857955928892,0.3139369589625858,,,,1,1.7464857955928892,-0.01250144001096487,0.0029459847137331963,0.017976997420191765,0.013042302412667819
2025-01-08,fold_7,"Inflation bear, AI rally and 2025",0.018074648454785347,1,-0.015805307775735855,-1,-0.015805307775735855,0.2981316511868499,,,,0,-158.05307775735855,-0.012495173141360283,-0.004259203560650349,0.018074648454785347,-1.1904829162064468
2025-01-10,fold_7,"Inflation bear, AI rally and 2025",0.02166026271879673,1,-0.0032189367339015007,-1,-0.0032189367339015007,0.2949127144529484,,,,0,-32.18936733901501,-0.010696756653487682,0.028283799067139626,0.02166026271879673,-0.23465888856546038
2025-01-13,fold_7,"Inflation bear, AI rally and 2025",0.025218559429049492,1,-0.0009498588042333722,-1,-0.0009498588042333722,0.29396285564871505,,,,0,-9.498588042333722,-0.030798383057117462,0.03735056519508362,0.025218559429049492,-0.07222777190658458
2025-01-14,fold_7,"Inflation bear, AI rally and 2025",0.024393850937485695,1,0.022745439782738686,1,0.022745439782738686,0.31670829543145373,,,,1,227.45439782738686,-0.025760186836123466,0.05100506544113159,0.024393850937485695,1.7399232613692317
2025-01-15,fold_7,"Inflation bear, AI rally and 2025",0.020169103518128395,1,-0.007030539680272341,-1,-0.007030539680272341,0.3096777557511814,,,,0,-70.30539680272341,-0.044914279133081436,0.030383583158254623,0.020169103518128395,-0.5049517597581288
2025-01-16,fold_7,"Inflation bear, AI rally and 2025",0.017585137858986855,1,0.016737693920731544,1,0.016737693920731544,0.32641544967191294,,,,1,167.37693920731544,-0.005732731893658638,0.03174690529704094,0.017585137858986855,1.2269209099107852
2025-01-17,fold_7,"Inflation bear, AI rally and 2025",0.015274224802851677,1,0.005847829394042492,1,0.005847829394042492,0.33226327906595543,,,,1,58.47829394042492,0.000947063323110342,-0.014537647366523743,0.015274224802851677,0.4143973905147078
2025-01-21,fold_7,"Inflation bear, AI rally and 2025",0.0057091135531663895,1,0.012704640626907349,1,0.012704640626907349,0.3449679196928628,,,,1,127.04640626907349,0.0005750423297286034,-0.005713867023587227,0.0057091135531663895,1.100211193259038
2025-01-22,fold_7,"Inflation bear, AI rally and 2025",0.0012825708836317062,1,0.0021239574998617172,1,0.0021239574998617172,0.3470918771927245,,,,1,21.239574998617172,0.003992773126810789,-0.02029821276664734,0.0012825708836317062,0.1792397771662967
2025-01-23,fold_7,"Inflation bear, AI rally and 2025",0.0018032994121313095,1,-0.005667216144502163,-1,-0.005667216144502163,0.34142466104822233,,,,0,-56.67216144502163,0.006958350073546171,-0.018168844282627106,0.0018032994121313095,-0.4844238379339672
2025-01-24,fold_7,"Inflation bear, AI rally and 2025",0.0024812836199998856,1,-0.029546858742833138,-1,-0.029546858742833138,0.3118778023053892,,,,0,-295.4685874283314,0.0117946807295084,-0.013955770991742611,0.0024812836199998856,-2.554659461653467
2025-01-27,fold_7,"Inflation bear, AI rally and 2025",0.0037361811846494675,1,0.014671609736979008,1,0.014671609736979008,0.3265494120423682,,,,1,146.71609736979008,0.019341880455613136,0.007555878255516291,0.0037361811846494675,1.1307622690069064
2025-01-28,fold_7,"Inflation bear, AI rally and 2025",0.0048061031848192215,1,-0.0018797048833221197,-1,-0.0018797048833221197,0.3246697071590461,,,,0,-18.797048833221197,0.0035817171446979046,0.00508470181375742,0.0048061031848192215,-0.14046057405372117
2025-01-29,fold_7,"Inflation bear, AI rally and 2025",0.0072213467210531235,1,0.004253325052559376,1,0.004253325052559376,0.32892303221160546,,,,1,42.53325052559376,-0.004041248932480812,0.011492137797176838,0.0072213467210531235,0.3259162506482828
2025-01-30,fold_7,"Inflation bear, AI rally and 2025",0.003349313512444496,1,-0.0014541425043717027,-1,-0.0014541425043717027,0.32746888970723376,,,,0,-14.541425043717027,0.0038757272996008396,0.01244503352791071,0.003349313512444496,-0.11415912596668515
2025-01-31,fold_7,"Inflation bear, AI rally and 2025",-0.003865877166390419,-1,-0.008035209029912949,-1,0.008035209029912949,0.3355040987371467,,,,1,80.35209029912949,0.011356960982084274,0.0012055110419169068,-0.003865877166390419,-0.6377956415929221
2025-02-03,fold_7,"Inflation bear, AI rally and 2025",-0.0010398514568805695,-1,0.01220043282955885,1,-0.01220043282955885,0.32330366590758786,,,,0,-122.0043282955885,0.0035288804210722446,0.021273206919431686,-0.0010398514568805695,0.9592780334475167
2025-02-04,fold_7,"Inflation bear, AI rally and 2025",0.001733226701617241,1,0.004527731332927942,1,0.004527731332927942,0.3278313972405158,,,,1,45.27731332927942,0.003431933466345072,0.006689184810966253,0.001733226701617241,0.36248105051066565
2025-02-05,fold_7,"Inflation bear, AI rally and 2025",0.00199178047478199,1,0.00520622031763196,1,0.00520622031763196,0.33303761755814776,,,,1,52.0622031763196,0.006820197682827711,0.0027484078891575336,0.00199178047478199,0.424351776164534
2025-02-06,fold_7,"Inflation bear, AI rally and 2025",0.0004922430962324142,1,-0.01269366405904293,-1,-0.01269366405904293,0.3203439534991048,,,,0,-126.9366405904293,0.004352350253611803,0.011825453490018845,0.0004922430962324142,-1.0898155390432156
2025-02-07,fold_7,"Inflation bear, AI rally and 2025",0.0024273600429296494,1,0.012032486498355865,1,0.012032486498355865,0.3323764399974607,,,,1,120.32486498355865,0.010412989184260368,0.028708897531032562,0.0024273600429296494,1.0036834697670374
2025-02-10,fold_7,"Inflation bear, AI rally and 2025",-0.0008538570255041122,-1,-0.002383588580414653,-1,0.002383588580414653,0.33476002857787535,,,,1,23.83588580414653,-0.0007155057974159718,0.018940920010209084,-0.0008538570255041122,-0.20256088020514224
2025-02-11,fold_7,"Inflation bear, AI rally and 2025",-0.0006534624844789505,-1,0.0005869545857422054,1,-0.0005869545857422054,0.33417307399213314,,,,0,-5.869545857422054,0.004921989981085062,0.021602557972073555,-0.0006534624844789505,0.04992246657520241
2025-02-12,fold_7,"Inflation bear, AI rally and 2025",-0.0030498579144477844,-1,0.014283265918493271,1,-0.014283265918493271,0.31988980807363987,,,,0,-142.8326591849327,0.0068312338553369045,0.016762059181928635,-0.0030498579144477844,1.2149625157575195
2025-02-13,fold_7,"Inflation bear, AI rally and 2025",-0.0014258846640586853,-1,0.004189779050648212,1,-0.004189779050648212,0.31570002902299166,,,,0,-41.897790506482124,0.004729859065264463,-0.01849435083568096,-0.0014258846640586853,0.3784886720745663
2025-02-14,fold_7,"Inflation bear, AI rally and 2025",-0.0003850366920232773,-1,0.002264508744701743,1,-0.002264508744701743,0.3134355202782899,,,,0,-22.64508744701743,0.0097234807908535,-0.034558553248643875,-0.0003850366920232773,0.20591048791693217
2025-02-18,fold_7,"Inflation bear, AI rally and 2025",0.005320915952324867,1,0.0002780499344225973,1,0.0002780499344225973,0.3137135702127125,,,,1,2.780499344225973,0.009306805208325386,-0.049502383917570114,0.005320915952324867,0.02685567236901609
2025-02-19,fold_7,"Inflation bear, AI rally and 2025",0.0019079912453889847,1,-0.00425354391336441,-1,-0.00425354391336441,0.3094600262993481,,,,0,-42.535439133644104,0.007874881848692894,-0.04736772179603577,0.0019079912453889847,-0.4141406173823227
2025-02-20,fold_7,"Inflation bear, AI rally and 2025",0.006414653733372688,1,-0.020973144099116325,-1,-0.020973144099116325,0.2884868822002318,,,,0,-209.73144099116325,0.0034450949169695377,-0.07127831876277924,0.006414653733372688,-2.115124717352403
2025-02-21,fold_7,"Inflation bear, AI rally and 2025",0.009773233905434608,1,-0.011874424293637276,-1,-0.011874424293637276,0.2766124579065945,,,,0,-118.74424293637276,0.002479748334735632,-0.03463706746697426,0.009773233905434608,-1.083570530091159
2025-02-24,fold_7,"Inflation bear, AI rally and 2025",0.009783392772078514,1,-0.012679321691393852,-1,-0.012679321691393852,0.26393313621520065,,,,0,-126.79321691393852,-0.0138620026409626,-0.04488817974925041,0.009783392772078514,-1.1316524071712148
2025-02-25,fold_7,"Inflation bear, AI rally and 2025",0.01478014700114727,1,0.002412711502984166,1,0.002412711502984166,0.2663458477181848,,,,1,24.12711502984166,-0.01974440924823284,-0.035231202840805054,0.01478014700114727,0.2544313760054517
2025-02-26,fold_7,"Inflation bear, AI rally and 2025",0.014280596747994423,1,-0.02816414088010788,-1,-0.02816414088010788,0.23818170683807693,,,,0,-281.6414088010788,-0.02237580344080925,-0.02469206415116787,0.014280596747994423,-3.1597074203238327
2025-02-27,fold_7,"Inflation bear, AI rally and 2025",0.017334068194031715,1,0.015668107196688652,1,0.015668107196688652,0.2538498140347656,,,,1,156.68107196688652,-0.027644984424114227,-0.02442282810807228,0.017334068194031715,1.436683933453293
2025-02-28,fold_7,"Inflation bear, AI rally and 2025",0.016772085800766945,1,-0.02212553843855858,-1,-0.02212553843855858,0.231724275596207,,,,0,-221.25538438558578,-0.030472051352262497,-0.0327642448246479,0.016772085800766945,-1.9382641638574425
2025-03-03,fold_7,"Inflation bear, AI rally and 2025",0.021252842620015144,1,-0.0030223436187952757,-1,-0.0030223436187952757,0.22870193197741173,,,,0,-30.223436187952757,-0.004921147599816322,-0.05016609653830528,0.021252842620015144,-0.2430142505803539
2025-03-04,fold_7,"Inflation bear, AI rally and 2025",0.024533314630389214,1,0.012951849959790707,1,0.012951849959790707,0.24165378193720244,,,,1,129.51849959790707,-0.012781446799635887,-0.04953701049089432,0.024533314630389214,1.0508624067943906
2025-03-05,fold_7,"Inflation bear, AI rally and 2025",0.015386095270514488,1,-0.02789490483701229,-1,-0.02789490483701229,0.21375887710019015,,,,0,-278.9490483701229,-0.016178254038095474,-0.05127124860882759,0.015386095270514488,-2.2562760531011747
2025-03-06,fold_7,"Inflation bear, AI rally and 2025",0.024940287694334984,1,0.007326692808419466,1,0.007326692808419466,0.2210855699086096,,,,1,73.26692808419466,-0.009055880829691887,-0.04153061285614967,0.024940287694334984,0.530514293447537
2025-03-07,fold_7,"Inflation bear, AI rally and 2025",0.024165498092770576,1,-0.039527393877506256,-1,-0.039527393877506256,0.18155817603110336,,,,0,-395.27393877506256,-0.018213698640465736,-0.024974392727017403,0.024165498092770576,-2.8521982387636458
2025-03-10,fold_7,"Inflation bear, AI rally and 2025",0.024937210604548454,1,-0.002393258037045598,-1,-0.002393258037045598,0.17916491799405776,,,,0,-23.93258037045598,-0.015535643324255943,0.021015793085098267,0.024937210604548454,-0.14782092154955517
2025-03-11,fold_7,"Inflation bear, AI rally and 2025",0.023714004084467888,1,0.011217612773180008,1,0.011217612773180008,0.19038253076723777,,,,1,112.17612773180008,-0.014205314218997955,0.0062147388234734535,0.023714004084467888,0.7022379003606621
2025-03-12,fold_7,"Inflation bear, AI rally and 2025",0.014143725857138634,1,-0.018154267221689224,-1,-0.018154267221689224,0.17222826354554854,,,,0,-181.54267221689224,-0.0161785576492548,0.008289692923426628,0.014143725857138634,-1.1233351275181127
2025-03-13,fold_7,"Inflation bear, AI rally and 2025",0.017696158960461617,1,0.0238829106092453,1,0.0238829106092453,0.19611117415479384,,,,1,238.829106092453,-0.011537794023752213,0.023048678413033485,0.017696158960461617,1.433327728065527
2025-03-14,fold_7,"Inflation bear, AI rally and 2025",0.008104352280497551,1,0.006462794728577137,1,0.006462794728577137,0.20257396888337098,,,,1,64.62794728577137,-0.027208654209971428,0.002457075286656618,0.008104352280497551,0.3756676896084284
2025-03-17,fold_7,"Inflation bear, AI rally and 2025",0.0025569479912519455,1,-0.017194312065839767,-1,-0.017194312065839767,0.1853796568175312,,,,0,-171.94312065839767,-0.03486610949039459,0.017701327800750732,0.0025569479912519455,-0.997428633637089
2025-03-18,fold_7,"Inflation bear, AI rally and 2025",0.00987078808248043,1,0.013292566873133183,1,0.013292566873133183,0.1986722236906644,,,,1,132.92566873133183,-0.0034421475138515234,0.040585990995168686,0.00987078808248043,0.7529097085664618
2025-03-19,fold_7,"Inflation bear, AI rally and 2025",0.010882662609219551,1,-0.0033952805679291487,-1,-0.0033952805679291487,0.19527694312273525,,,,0,-33.95280567929149,-0.021124163642525673,0.00872135628014803,0.010882662609219551,-0.189645777621097
2025-03-20,fold_7,"Inflation bear, AI rally and 2025",0.009217808023095131,1,0.0032913063187152147,1,0.0032913063187152147,0.19856824944145046,,,,1,32.91306318715215,-0.017586620524525642,0.006402337457984686,0.009217808023095131,0.18393242786491146
2025-03-21,fold_7,"Inflation bear, AI rally and 2025",0.010752340778708458,1,0.021707046777009964,1,0.021707046777009964,0.22027529621846043,,,,1,217.07046777009964,-0.02368132397532463,-0.023569578304886818,0.010752340778708458,1.2558823168990274
2025-03-24,fold_7,"Inflation bear, AI rally and 2025",-0.0011049415916204453,-1,0.005690351594239473,1,-0.005690351594239473,0.21458494462422095,,,,0,-56.90351594239473,-0.03189942240715027,-0.04531926289200783,-0.0011049415916204453,0.32048442258407656
2025-03-25,fold_7,"Inflation bear, AI rally and 2025",0.008258337154984474,1,-0.018572067841887474,-1,-0.018572067841887474,0.19601287678233348,,,,0,-185.72067841887474,-0.015018206089735031,-0.04298087954521179,0.008258337154984474,-1.0568059807657881
2025-03-26,fold_7,"Inflation bear, AI rally and 2025",0.012988930568099022,1,-0.005714299622923136,-1,-0.005714299622923136,0.19029857715941034,,,,0,-57.14299622923136,-0.04337182268500328,-0.017136819660663605,0.012988930568099022,-0.3165865709902819
2025-03-27,fold_7,"Inflation bear, AI rally and 2025",0.017408760264515877,1,-0.026680609211325645,-1,-0.026680609211325645,0.1636179679480847,,,,0,-266.80609211325645,-0.06044617295265198,-0.06644228845834732,0.017408760264515877,-1.5728139846911706
2025-03-28,fold_7,"Inflation bear, AI rally and 2025",0.027998631820082664,1,-4.263700975570828e-05,-1,-4.263700975570828e-05,0.163575330938329,,,,0,-0.4263700975570828,-0.03611830994486809,-0.10388310998678207,0.027998631820082664,-0.002417402521640605
2025-03-31,fold_7,"Inflation bear, AI rally and 2025",0.018110239878296852,1,0.008028735406696796,1,0.008028735406696796,0.17160406634502579,,,,1,80.28735406696796,-0.043641556054353714,-0.10143010318279266,0.018110239878296852,0.4742472209972108
2025-04-01,fold_7,"Inflation bear, AI rally and 2025",0.017788870260119438,1,0.007271991111338139,1,0.007271991111338139,0.17887605745636392,,,,1,72.71991111338139,-0.034877464175224304,-0.12763145565986633,0.017788870260119438,0.42748922377433163
2025-04-02,fold_7,"Inflation bear, AI rally and 2025",0.00747331790626049,1,-0.055019769817590714,-1,-0.055019769817590714,0.12385628763877321,,,,0,-550.1976981759071,-0.03269452974200249,-0.021547358483076096,0.00747331790626049,-3.2669603826950797
2025-04-03,fold_7,"Inflation bear, AI rally and 2025",0.030210481956601143,1,-0.06412143260240555,-1,-0.06412143260240555,0.05973485503636766,,,,0,-641.2143260240555,-0.01005251333117485,-0.009990752674639225,0.030210481956601143,-3.2218939204937738
2025-04-04,fold_7,"Inflation bear, AI rally and 2025",0.029151512309908867,1,0.0024103696923702955,1,0.0024103696923702955,0.06214522472873796,,,,1,24.103696923702955,-0.009500956162810326,0.07238619029521942,0.029151512309908867,0.09848710582561052
2025-04-07,fold_7,"Inflation bear, AI rally and 2025",0.02701757661998272,1,-0.01817261427640915,-1,-0.01817261427640915,0.04397261045232881,,,,0,-181.7261427640915,-0.005019632168114185,0.0767311081290245,0.02701757661998272,-0.796046233471477
2025-04-08,fold_7,"Inflation bear, AI rally and 2025",0.02945133112370968,1,0.1133560836315155,1,0.1133560836315155,0.1573286940838443,,,,1,1133.560836315155,0.003181810025125742,0.09601788967847824,0.02945133112370968,4.889990120928103
2025-04-09,fold_7,"Inflation bear, AI rally and 2025",-0.009010622277855873,-1,-0.04346316307783127,-1,0.04346316307783127,0.20079185716167558,,,,1,434.6316307783127,-0.027018185704946518,-0.0479557141661644,-0.009010622277855873,-1.2687291452129743
2025-04-10,fold_7,"Inflation bear, AI rally and 2025",0.012207912281155586,1,0.01825551502406597,1,0.01825551502406597,0.21904737218574155,,,,1,182.5551502406597,-0.00876070000231266,-0.004672687966376543,0.012207912281155586,0.5160277596305618
2025-04-11,fold_7,"Inflation bear, AI rally and 2025",0.011786969378590584,1,0.006755282171070576,1,0.006755282171070576,0.22580265435681213,,,,1,67.55282171070576,-0.022300638258457184,-0.04798625782132149,0.011786969378590584,0.19186220783259403
2025-04-14,fold_7,"Inflation bear, AI rally and 2025",0.010701602324843407,1,0.0011141699505969882,1,0.0011141699505969882,0.22691682430740912,,,,1,11.141699505969882,-0.002839256776496768,-0.028828177601099014,0.010701602324843407,0.0316419716434806
2025-04-15,fold_7,"Inflation bear, AI rally and 2025",0.014403389766812325,1,-0.030617518350481987,-1,-0.030617518350481987,0.19629930595692713,,,,0,-306.17518350481987,-0.003994686529040337,-0.007517511025071144,0.014403389766812325,-0.8747330783313502
2025-04-16,fold_7,"Inflation bear, AI rally and 2025",0.01662878878414631,1,-0.00018013635417446494,-1,-0.00018013635417446494,0.19611916960275266,,,,0,-1.8013635417446494,-0.01102035865187645,0.05084860697388649,0.01662878878414631,-0.005068363389150477
2025-04-17,fold_7,"Inflation bear, AI rally and 2025",0.02110557071864605,1,-0.02505805715918541,-1,-0.02505805715918541,0.17106111244356725,,,,0,-250.5805715918541,-0.01746002398431301,0.06211496889591217,0.02110557071864605,-0.7052004373844853
2025-04-21,fold_7,"Inflation bear, AI rally and 2025",0.024593332782387733,1,0.025913363322615623,1,0.025913363322615623,0.19697447576618288,,,,1,259.13363322615623,-0.02270386554300785,0.08685559034347534,0.024593332782387733,0.720520723984611
2025-04-22,fold_7,"Inflation bear, AI rally and 2025",0.024317407980561256,1,0.022424837574362755,1,0.022424837574362755,0.21939931334054563,,,,1,224.24837574362755,-0.031142620369791985,0.06752496212720871,0.024317407980561256,0.6211222406699431
2025-04-23,fold_7,"Inflation bear, AI rally and 2025",0.025233613327145576,1,0.027748601511120796,1,0.027748601511120796,0.24714791485166643,,,,1,277.48601511120796,-0.018259219825267792,0.04497391730546951,0.025233613327145576,0.7617366307611424
2025-04-24,fold_7,"Inflation bear, AI rally and 2025",0.005184998735785484,1,0.01108622271567583,1,0.01108622271567583,0.25823413756734226,,,,1,110.86222715675831,-0.030323024839162827,0.03020145744085312,0.005184998735785484,0.30192364164997343
2025-04-25,fold_7,"Inflation bear, AI rally and 2025",0.0020268242806196213,1,-0.00031743646832183003,-1,-0.00031743646832183003,0.25791670109902043,,,,0,-3.1743646832183003,-0.022810334339737892,0.03385004773736,0.0020268242806196213,-0.008630674926025761
2025-04-28,fold_7,"Inflation bear, AI rally and 2025",0.0055825430899858475,1,0.0065827397629618645,1,0.0065827397629618645,0.2644994408619823,,,,1,65.82739762961864,-0.020924478769302368,0.028217311948537827,0.0055825430899858475,0.18137760637662514
2025-04-29,fold_7,"Inflation bear, AI rally and 2025",0.0034828241914510727,1,-0.00012620817869901657,-1,-0.00012620817869901657,0.2643732326832833,,,,0,-1.2620817869901657,-0.017597196623682976,0.012289345264434814,0.0034828241914510727,-0.0034746220771629953
2025-04-30,fold_7,"Inflation bear, AI rally and 2025",0.003940733149647713,1,0.012976137921214104,1,0.012976137921214104,0.2773493706044974,,,,1,129.76137921214104,-0.01785612292587757,0.01633375883102417,0.003940733149647713,0.35768155522795286
2025-05-01,fold_7,"Inflation bear, AI rally and 2025",-0.008927339687943459,-1,0.014734814874827862,1,-0.014734814874827862,0.2626145557296695,,,,0,-147.34814874827862,-0.041741278022527695,0.013629618100821972,-0.008927339687943459,0.40527054453153283
2025-05-02,fold_7,"Inflation bear, AI rally and 2025",-0.006875721737742424,-1,-0.005950172431766987,-1,0.005950172431766987,0.2685647281614365,,,,1,59.50172431766987,-0.04049663245677948,-0.0017607435584068298,-0.006875721737742424,-0.17311363003944677
2025-05-05,fold_7,"Inflation bear, AI rally and 2025",-0.00733109749853611,-1,-0.009345225989818573,-1,0.009345225989818573,0.2779099541512551,,,,1,93.45225989818573,-0.04720652848482132,0.0441216379404068,-0.00733109749853611,-0.29888984103191907
2025-05-06,fold_7,"Inflation bear, AI rally and 2025",-0.006712816655635834,-1,0.003918205387890339,1,-0.003918205387890339,0.27399174876336474,,,,0,-39.18205387890339,-0.053774189203977585,0.06859263777732849,-0.006712816655635834,0.1250561344734105
2025-05-07,fold_7,"Inflation bear, AI rally and 2025",-0.009478135034441948,-1,0.010271997191011906,1,-0.010271997191011906,0.26371975157235283,,,,0,-102.71997191011906,-0.056399766355752945,0.07064971327781677,-0.009478135034441948,0.3305092844591725
2025-05-08,fold_7,"Inflation bear, AI rally and 2025",-0.011300457641482353,-1,-0.00065554742468521,-1,0.00065554742468521,0.26437529899703804,,,,1,6.5554742468521,-0.040631506592035294,0.06147606670856476,-0.011300457641482353,-0.036156972066067466
2025-05-09,fold_7,"Inflation bear, AI rally and 2025",-0.0037591569125652313,-1,0.03993220627307892,1,-0.03993220627307892,0.22444309272395913,,,,0,-399.3220627307892,-0.02802242897450924,0.06647443026304245,-0.0037591569125652313,2.6088471223946046
2025-05-12,fold_7,"Inflation bear, AI rally and 2025",-0.004384564235806465,-1,0.01512577198445797,1,-0.01512577198445797,0.20931732073950116,,,,0,-151.2577198445797,-0.01993490196764469,0.027500687167048454,-0.004384564235806465,0.8771644078400747
2025-05-13,fold_7,"Inflation bear, AI rally and 2025",0.0005380231887102127,1,0.005975283216685057,1,0.005975283216685057,0.2152926039561862,,,,1,59.75283216685057,-0.014211514964699745,0.009036059491336346,0.0005380231887102127,0.34129920720393586
2025-05-14,fold_7,"Inflation bear, AI rally and 2025",-0.000764753669500351,-1,0.0010983524844050407,1,-0.0010983524844050407,0.21419425147178117,,,,0,-10.983524844050407,-0.007107577286660671,-0.010933410376310349,-0.000764753669500351,0.06256064208819194
2025-05-15,fold_7,"Inflation bear, AI rally and 2025",0.004539432004094124,1,0.004342813044786453,1,0.004342813044786453,0.21853706451656763,,,,1,43.42813044786453,-0.006430844310671091,-0.010162297636270523,0.004539432004094124,0.26859577139762664
2025-05-16,fold_7,"Inflation bear, AI rally and 2025",-0.003532273694872856,-1,0.0009584668441675603,1,-0.0009584668441675603,0.21757859767240006,,,,0,-9.584668441675603,-0.002311359392479062,-0.023808997124433517,-0.003532273694872856,0.059173135968984825
2025-05-19,fold_7,"Inflation bear, AI rally and 2025",-0.0019883662462234497,-1,-0.00333885638974607,-1,0.00333885638974607,0.22091745406214613,,,,1,33.3885638974607,0.00016040587797760963,-0.0015147612430155277,-0.0019883662462234497,-0.21967344676553358
2025-05-20,fold_7,"Inflation bear, AI rally and 2025",-0.001083284616470337,-1,-0.01399418618530035,-1,0.01399418618530035,0.23491164024744648,,,,1,139.9418618530035,0.004826564807444811,-0.002617579186335206,-0.001083284616470337,-0.9945301163410145
2025-05-21,fold_7,"Inflation bear, AI rally and 2025",0.0014113914221525192,1,0.0018694656901061535,1,0.0018694656901061535,0.23678110593755264,,,,1,18.694656901061535,0.011632032692432404,0.013340315781533718,0.0014113914221525192,0.13832889935319634
2025-05-22,fold_7,"Inflation bear, AI rally and 2025",0.001634223386645317,1,-0.009303887374699116,-1,-0.009303887374699116,0.22747721856285352,,,,0,-93.03887374699116,0.0022990419529378414,0.009892607107758522,0.001634223386645317,-0.774461020632546
2025-05-23,fold_7,"Inflation bear, AI rally and 2025",-4.057399928569794e-05,-1,0.0232527032494545,1,-0.0232527032494545,0.20422451531339902,,,,0,-232.52703249454498,0.0015227454714477062,0.027063505724072456,-4.057399928569794e-05,1.9478699600537477
2025-05-27,fold_7,"Inflation bear, AI rally and 2025",-0.004430104047060013,-1,-0.004441674333065748,-1,0.004441674333065748,0.20866618964646477,,,,1,44.41674333065748,-0.0030301408842206,0.011597446165978909,-0.004430104047060013,-0.34112939391963787
2025-05-28,fold_7,"Inflation bear, AI rally and 2025",1.309812068939209e-05,1,0.0019637085497379303,1,0.0019637085497379303,0.2106298981962027,,,,1,19.637085497379303,-0.0005503511056303978,0.018823090940713882,1.309812068939209e-05,0.15134440968446183
2025-05-29,fold_7,"Inflation bear, AI rally and 2025",0.0025177020579576492,1,-0.0015782431000843644,-1,-0.0015782431000843644,0.20905165509611834,,,,0,-15.782431000843644,-0.0035243206657469273,0.009304034523665905,0.0025177020579576492,-0.12156701262634625
2025-05-30,fold_7,"Inflation bear, AI rally and 2025",0.0012259762734174728,1,0.007867010310292244,1,0.007867010310292244,0.21691866540641058,,,,1,78.67010310292244,-0.0016394220292568207,0.02061014249920845,0.0012259762734174728,0.62145509353276
2025-06-02,fold_7,"Inflation bear, AI rally and 2025",0.0006050001829862595,1,0.007786644622683525,1,0.007786644622683525,0.2247053100290941,,,,1,77.86644622683525,-0.004069389309734106,0.014214090071618557,0.0006050001829862595,0.630565866011398
2025-06-03,fold_7,"Inflation bear, AI rally and 2025",-0.00033152103424072266,-1,0.0027839706744998693,1,-0.0027839706744998693,0.22192133935459424,,,,0,-27.839706744998693,-0.003942186012864113,0.013019595295190811,-0.00033152103424072266,0.22452047709836354
2025-06-04,fold_7,"Inflation bear, AI rally and 2025",0.0008258763700723648,1,-0.0075553483329713345,-1,-0.0075553483329713345,0.2143659910216229,,,,0,-75.55348332971334,0.006107766646891832,0.006860374938696623,0.0008258763700723648,-0.617361654631516
2025-06-05,fold_7,"Inflation bear, AI rally and 2025",0.0001870524138212204,1,0.009727864526212215,1,0.009727864526212215,0.22409385554783512,,,,1,97.27864526212215,0.009298225864768028,0.01676086150109768,0.0001870524138212204,0.7894022209341992
2025-06-06,fold_7,"Inflation bear, AI rally and 2025",-0.0004992596805095673,-1,0.001470958348363638,1,-0.001470958348363638,0.22262289719947148,,,,0,-14.70958348363638,0.002532046753913164,-0.00560140423476696,-0.0004992596805095673,0.11958058444466334
2025-06-09,fold_7,"Inflation bear, AI rally and 2025",-0.0005976967513561249,-1,0.006592150311917067,1,-0.006592150311917067,0.21603074688755441,,,,0,-65.92150311917067,0.0009188828989863396,0.0067417314276099205,-0.0005976967513561249,0.5357510440066177
2025-06-10,fold_7,"Inflation bear, AI rally and 2025",-0.0015404317528009415,-1,-0.003375249681994319,-1,0.003375249681994319,0.21940599656954873,,,,1,33.75249681994319,-0.0007798965089023113,-0.009649480693042278,-0.0015404317528009415,-0.3927775601112056
2025-06-11,fold_7,"Inflation bear, AI rally and 2025",-0.0005820654332637787,-1,0.002345137996599078,1,-0.002345137996599078,0.21706085857294966,,,,0,-23.451379965990782,-0.0009501390159130096,-0.0064444150775671005,-0.0005820654332637787,0.2955188983284086
2025-06-12,fold_7,"Inflation bear, AI rally and 2025",0.00193721242249012,1,-0.012634401209652424,-1,-0.012634401209652424,0.20442645736329723,,,,0,-126.34401209652424,-0.004241305869072676,-0.012881052680313587,0.00193721242249012,-1.6115450914958678
2025-06-13,fold_7,"Inflation bear, AI rally and 2025",0.0005940031260251999,1,0.013814094476401806,1,0.013814094476401806,0.21824055183969904,,,,1,138.14094476401806,-0.00011658063158392906,0.009983260184526443,0.0005940031260251999,1.658394163013713
2025-06-16,fold_7,"Inflation bear, AI rally and 2025",0.0015297140926122665,1,-0.00979906227439642,-1,-0.00979906227439642,0.20844148956530262,,,,0,-97.9906227439642,-0.003907723352313042,0.011345419101417065,0.0015297140926122665,-1.109638710114522
2025-06-17,fold_7,"Inflation bear, AI rally and 2025",0.003759751096367836,1,-0.00017018403741531074,-1,-0.00017018403741531074,0.2082713055278873,,,,0,-1.7018403741531074,-0.011362031102180481,0.02369767054915428,0.003759751096367836,-0.018709541966715384
2025-06-18,fold_7,"Inflation bear, AI rally and 2025",0.0037589911371469498,1,-0.004091499838978052,-1,-0.004091499838978052,0.20417980568890925,,,,0,-40.91499838978052,-0.013446986675262451,0.03317466005682945,0.0037589911371469498,-0.45132657086905426
2025-06-20,fold_7,"Inflation bear, AI rally and 2025",0.00033861584961414337,1,0.010229912586510181,1,0.010229912586510181,0.21440971827541944,,,,1,102.29912586510181,-0.0179812740534544,0.04068398103117943,0.00033861584961414337,1.1954519155541303
2025-06-23,fold_7,"Inflation bear, AI rally and 2025",-0.0010326988995075226,-1,0.015176253393292427,1,-0.015176253393292427,0.199233464882127,,,,0,-151.76253393292427,-0.00023337313905358315,0.03691010922193527,-0.0010326988995075226,1.7152282168837871
2025-06-24,fold_7,"Inflation bear, AI rally and 2025",-0.004608450457453728,-1,0.002553190104663372,1,-0.002553190104663372,0.19668027477746364,,,,0,-25.53190104663372,0.003524197731167078,0.01326880045235157,-0.004608450457453728,0.2761633476020483
2025-06-25,fold_7,"Inflation bear, AI rally and 2025",-0.0013313386589288712,-1,0.009306803345680237,1,-0.009306803345680237,0.1873734714317834,,,,0,-93.06803345680237,0.00947367399930954,0.0176568441092968,-0.0013313386589288712,1.2140570495435146
2025-06-26,fold_7,"Inflation bear, AI rally and 2025",-0.0003392733633518219,-1,0.0034178236965090036,1,-0.0034178236965090036,0.1839556477352744,,,,0,-34.178236965090036,0.006608413066715002,0.018142199143767357,-0.0003392733633518219,0.4336796183005765
2025-06-27,fold_7,"Inflation bear, AI rally and 2025",-0.005240973085165024,-1,0.006456038448959589,1,-0.006456038448959589,0.1774996092863148,,,,0,-64.56038448959589,0.010296307504177094,0.007162868976593018,-0.005240973085165024,0.8166233479195625
2025-06-30,fold_7,"Inflation bear, AI rally and 2025",-0.002596745267510414,-1,-0.008465055376291275,-1,0.008465055376291275,0.18596466466260608,,,,1,84.65055376291275,0.007545324508100748,0.0012683197855949402,-0.002596745267510414,-1.0543437575637744
2025-07-01,fold_7,"Inflation bear, AI rally and 2025",-0.0009069554507732391,-1,0.006941234227269888,1,-0.006941234227269888,0.1790234304353362,,,,0,-69.41234227269888,0.012075409293174744,0.016787249594926834,-0.0009069554507732391,0.8612915520447721
2025-07-02,fold_7,"Inflation bear, AI rally and 2025",-0.000493958592414856,-1,0.009792158380150795,1,-0.009792158380150795,0.1692312720551854,,,,0,-97.92158380150795,0.007936405017971992,0.00840685609728098,-0.000493958592414856,1.2209093004921368
2025-07-03,fold_7,"Inflation bear, AI rally and 2025",-0.0012535899877548218,-1,-0.007561507169157267,-1,0.007561507169157267,0.17679277922434267,,,,1,75.61507169157267,0.007093779277056456,-0.003638129448518157,-0.0012535899877548218,-0.912062731944434
2025-07-07,fold_7,"Inflation bear, AI rally and 2025",0.002283027395606041,1,0.0005614891997538507,1,0.0005614891997538507,0.17735426842409652,,,,1,5.614891997538507,0.010452693328261375,0.007543554063886404,0.002283027395606041,0.06772407021490523
2025-07-08,fold_7,"Inflation bear, AI rally and 2025",-0.0020269714295864105,-1,0.007053874898701906,1,-0.007053874898701906,0.1703003935253946,,,,0,-70.53874898701906,0.006375567521899939,0.007898572832345963,-0.0020269714295864105,0.8815816587750563
2025-07-09,fold_7,"Inflation bear, AI rally and 2025",-0.0017772447317838669,-1,-0.0014391591539606452,-1,0.0014391591539606452,0.17173955267935526,,,,1,14.391591539606452,0.009601056575775146,0.0018679917557165027,-0.0017772447317838669,-0.17661141588879875
2025-07-10,fold_7,"Inflation bear, AI rally and 2025",-0.002649907022714615,-1,-0.0022528269328176975,-1,0.0022528269328176975,0.17399237961217295,,,,1,22.528269328176975,0.007910599932074547,0.011367371305823326,-0.002649907022714615,-0.2808745383451295
2025-07-11,fold_7,"Inflation bear, AI rally and 2025",0.0010136235505342484,1,0.003620176576077938,1,0.003620176576077938,0.1776125561882509,,,,1,36.20176576077938,0.0105506032705307,0.012658500112593174,0.0010136235505342484,0.4524629565912329
2025-07-14,fold_7,"Inflation bear, AI rally and 2025",0.0004465710371732712,1,0.0009165076771751046,1,0.0009165076771751046,0.178529063865426,,,,1,9.165076771751046,0.010971290990710258,0.014209684915840626,0.0004465710371732712,0.11420975350014795
2025-07-15,fold_7,"Inflation bear, AI rally and 2025",0.0033045802265405655,1,0.0010232938220724463,1,0.0010232938220724463,0.17955235768749844,,,,1,10.232938220724463,0.016912980005145073,0.008103914558887482,0.0033045802265405655,0.13618806482870882
2025-07-16,fold_7,"Inflation bear, AI rally and 2025",0.003491723909974098,1,0.008060220628976822,1,0.008060220628976822,0.18761257831647526,,,,1,80.60220628976822,0.02038603462278843,0.011631511151790619,0.003491723909974098,1.1760979880152769
2025-07-17,fold_7,"Inflation bear, AI rally and 2025",0.0021676700562238693,1,-0.0009616987663321197,-1,-0.0009616987663321197,0.18665087955014315,,,,0,-9.616987663321197,0.014269936829805374,0.005697506945580244,0.0021676700562238693,-0.14270382450815308
2025-07-18,fold_7,"Inflation bear, AI rally and 2025",0.002201249822974205,1,0.005171361844986677,1,0.005171361844986677,0.19182224139512982,,,,1,51.71361844986677,0.011408664286136627,0.00906337145715952,0.002201249822974205,0.7669859185624802
2025-07-21,fold_7,"Inflation bear, AI rally and 2025",0.00375320203602314,1,-0.005189262330532074,-1,-0.005189262330532074,0.18663297906459775,,,,0,-51.89262330532074,0.016656069085001945,0.007012150716036558,0.00375320203602314,-0.7654419130645659
2025-07-22,fold_7,"Inflation bear, AI rally and 2025",0.0034349393099546432,1,0.004550890065729618,1,0.004550890065729618,0.19118386913032737,,,,1,45.50890065729618,0.012795550748705864,0.0106513611972332,0.0034349393099546432,0.7015949302939439
2025-07-23,fold_7,"Inflation bear, AI rally and 2025",0.0005733836442232132,1,0.0021262161899358034,1,0.0021262161899358034,0.19331008532026317,,,,1,21.262161899358034,0.012981504201889038,0.007439480163156986,0.0005733836442232132,0.37827171020139594
2025-07-24,fold_7,"Inflation bear, AI rally and 2025",0.002879226580262184,1,0.002404165454208851,1,0.002404165454208851,0.19571425077447202,,,,1,24.04165454208851,0.009547125548124313,0.0,0.002879226580262184,0.4283990359534204
2025-07-25,fold_7,"Inflation bear, AI rally and 2025",0.001353548839688301,1,0.0031201415695250034,1,0.0031201415695250034,0.19883439234399702,,,,1,31.201415695250034,0.010205375030636787,-0.022299613803625107,0.001353548839688301,0.595502653685041
2025-07-28,fold_7,"Inflation bear, AI rally and 2025",0.002100551500916481,1,-0.0015500520821660757,-1,-0.0015500520821660757,0.19728434026183095,,,,0,-15.500520821660757,0.010617943480610847,-0.007136274129152298,0.002100551500916481,-0.2963649319322456
2025-07-29,fold_7,"Inflation bear, AI rally and 2025",0.004775723442435265,1,0.001339009148068726,1,0.001339009148068726,0.19862334940989967,,,,1,13.39009148068726,0.009599126875400543,-0.012398889288306236,0.004775723442435265,0.26573052952608295
2025-07-30,fold_7,"Inflation bear, AI rally and 2025",0.002009311690926552,1,-0.005313263740390539,-1,-0.005313263740390539,0.19331008566950914,,,,0,-53.13263740390539,0.014250526204705238,-0.0012331786565482616,0.002009311690926552,-1.1354257306530724
2025-07-31,fold_7,"Inflation bear, AI rally and 2025",-0.003239724785089493,-1,-0.01989544928073883,-1,0.01989544928073883,0.21320553495024797,,,,1,198.9544928073883,0.03292772173881531,0.00745871476829052,-0.003239724785089493,-4.351860117887104
2025-08-01,fold_7,"Inflation bear, AI rally and 2025",0.012005692347884178,1,0.018283480778336525,1,0.018283480778336525,0.2314890157285845,,,,1,182.83480778336525,0.008445687592029572,0.03663913160562515,0.012005692347884178,3.051587052731937
2025-08-04,fold_7,"Inflation bear, AI rally and 2025",-0.0017441287636756897,-1,-0.006812667474150658,-1,0.006812667474150658,0.23830168320273515,,,,1,68.12667474150658,0.020039809867739677,0.015392293222248554,-0.0017441287636756897,-0.9658439511808814
2025-08-05,fold_7,"Inflation bear, AI rally and 2025",0.004038700833916664,1,0.012504720129072666,1,0.012504720129072666,0.2508064033318078,,,,1,125.04720129072666,0.017612239345908165,0.03469543159008026,0.004038700833916664,1.7331264565623796
2025-08-06,fold_7,"Inflation bear, AI rally and 2025",0.0076519642025232315,1,0.0033786294516175985,1,0.0033786294516175985,0.2541850327834254,,,,1,33.786294516175985,0.015273170545697212,0.0226906705647707,0.0076519642025232315,0.44599293756289404
2025-08-07,fold_7,"Inflation bear, AI rally and 2025",0.0007087085396051407,1,0.009284966625273228,1,0.009284966625273228,0.26346999940869864,,,,1,92.84966625273228,0.011068690568208694,0.01853628270328045,0.0007087085396051407,1.2206949690026645
2025-08-08,fold_7,"Inflation bear, AI rally and 2025",-0.000235825777053833,-1,-0.002963355975225568,-1,0.002963355975225568,0.2664333553839242,,,,1,29.633559752255678,0.012426327913999557,0.004844300914555788,-0.000235825777053833,-0.3766124078785977
2025-08-11,fold_7,"Inflation bear, AI rally and 2025",0.0023595858365297318,1,0.012490469962358475,1,0.012490469962358475,0.2789238253462827,,,,1,124.90469962358475,0.01855507679283619,0.007409026846289635,0.0023595858365297318,1.5901907501999453
2025-08-12,fold_7,"Inflation bear, AI rally and 2025",3.342144191265106e-05,1,0.0004999605007469654,1,0.0004999605007469654,0.27942378584702965,,,,1,4.999605007469654,0.007122971583157778,-0.018741806969046593,3.342144191265106e-05,0.059990749109096714
2025-08-13,fold_7,"Inflation bear, AI rally and 2025",-0.0014246199280023575,-1,-0.000775758468080312,-1,0.000775758468080312,0.28019954431510996,,,,1,7.75758468080312,0.007300787139683962,-0.02519688941538334,-0.0014246199280023575,-0.09311073597075677
2025-08-14,fold_7,"Inflation bear, AI rally and 2025",-0.002139454707503319,-1,-0.004407014697790146,-1,0.004407014697790146,0.2846065590129001,,,,1,44.07014697790146,0.00819210521876812,-0.029061537235975266,-0.002139454707503319,-0.5416591906536531
2025-08-15,fold_7,"Inflation bear, AI rally and 2025",-0.0005834978073835373,-1,-0.0003986301308032125,-1,0.0003986301308032125,0.2850051891437033,,,,1,3.9863013080321252,0.008223583921790123,-0.00934495497494936,-0.0005834978073835373,-0.04865628722997111
2025-08-18,fold_7,"Inflation bear, AI rally and 2025",0.003607003018260002,1,-0.013660364784300327,-1,-0.013660364784300327,0.271344824359403,,,,0,-136.60364784300327,0.0115581676363945,-0.011835196986794472,0.003607003018260002,-1.68412534415897
2025-08-19,fold_7,"Inflation bear, AI rally and 2025",0.00033502839505672455,1,-0.005955122411251068,-1,-0.005955122411251068,0.2653897019481519,,,,0,-59.55122411251068,0.015969503670930862,0.005832357332110405,0.00033502839505672455,-0.6933178700891818
2025-08-20,fold_7,"Inflation bear, AI rally and 2025",-0.0044573824852705,-1,-0.004640405066311359,-1,0.004640405066311359,0.2700301070144633,,,,1,46.404050663113594,0.013864109292626381,0.013323167338967323,-0.0044573824852705,-0.5375727616004295
2025-08-21,fold_7,"Inflation bear, AI rally and 2025",0.00023882277309894562,1,0.01530956756323576,1,0.01530956756323576,0.28533967457769904,,,,1,153.0956756323576,0.010069835931062698,0.024203982204198837,0.00023882277309894562,1.7635160886517867
2025-08-22,fold_7,"Inflation bear, AI rally and 2025",-0.0006195846945047379,-1,-0.0028888722881674767,-1,0.0028888722881674767,0.2882285468658665,,,,1,28.888722881674767,0.004525844473391771,-0.0027484886813908815,-0.0006195846945047379,-0.31008575290815854
2025-08-25,fold_7,"Inflation bear, AI rally and 2025",-0.0010969322174787521,-1,0.004007190000265837,1,-0.004007190000265837,0.2842213568656007,,,,0,-40.07190000265837,0.003445784095674753,-0.008275248110294342,-0.0010969322174787521,0.43029600122841694
2025-08-26,fold_7,"Inflation bear, AI rally and 2025",0.004782887175679207,1,0.001535687712021172,1,0.001535687712021172,0.28575704457762185,,,,1,15.35687712021172,0.008841926231980324,-0.0044456529431045055,0.004782887175679207,0.16425835506509845
2025-08-27,fold_7,"Inflation bear, AI rally and 2025",0.00429900549352169,1,0.006240409333258867,1,0.006240409333258867,0.2919974539108807,,,,1,62.40409333258867,0.0032179062254726887,0.003029386978596449,0.00429900549352169,0.667371148535967
2025-08-28,fold_7,"Inflation bear, AI rally and 2025",0.0044381339102983475,1,-0.011642903089523315,-1,-0.011642903089523315,0.2803545508213574,,,,0,-116.42903089523315,0.0008037840016186237,-0.0017690984532237053,0.0044381339102983475,-1.241336584782596
2025-08-29,fold_7,"Inflation bear, AI rally and 2025",0.007178289815783501,1,-0.00841563194990158,-1,-0.00841563194990158,0.2719389188714558,,,,0,-84.15631949901581,0.010041723027825356,0.01473993994295597,0.007178289815783501,-0.9720242852407744
2025-09-02,fold_7,"Inflation bear, AI rally and 2025",0.006775887683033943,1,0.007836785167455673,1,0.007836785167455673,0.2797757040389115,,,,1,78.36785167455673,0.009985297918319702,0.025984633713960648,0.006775887683033943,0.9970023351283237
2025-09-03,fold_7,"Inflation bear, AI rally and 2025",0.007197914645075798,1,0.009010727517306805,1,0.009010727517306805,0.2887864315562183,,,,1,90.10727517306805,0.008852589875459671,0.018475046381354332,0.007197914645075798,1.1394559757618208
2025-09-04,fold_7,"Inflation bear, AI rally and 2025",0.0073510389775037766,1,0.0014419236686080694,1,0.0014419236686080694,0.2902283552248264,,,,1,14.419236686080694,0.006064824294298887,0.015268106013536453,0.0073510389775037766,0.18807909607239273
2025-09-05,fold_7,"Inflation bear, AI rally and 2025",0.0069106575101614,1,0.004866134840995073,1,0.004866134840995073,0.29509449006582145,,,,1,48.66134840995073,0.013812636956572533,0.01823362335562706,0.0069106575101614,0.6372558726449794
2025-09-08,fold_7,"Inflation bear, AI rally and 2025",0.007263420149683952,1,0.002829062519595027,1,0.002829062519595027,0.2979235525854165,,,,1,28.29062519595027,0.012726670131087303,0.02188795804977417,0.007263420149683952,0.38083729456508125
2025-09-09,fold_7,"Inflation bear, AI rally and 2025",0.007727203890681267,1,0.0003271980385761708,1,0.0003271980385761708,0.29825075062399264,,,,1,3.271980385761708,0.011625953018665314,0.018213454633951187,0.007727203890681267,0.04406164831320266
2025-09-10,fold_7,"Inflation bear, AI rally and 2025",0.006947671994566917,1,0.005803787149488926,1,0.005803787149488926,0.30405453777348157,,,,1,58.03787149488926,0.0069330488331615925,0.01588842086493969,0.006947671994566917,0.8434438852361171
2025-09-11,fold_7,"Inflation bear, AI rally and 2025",0.003344232216477394,1,0.004407439846545458,1,0.004407439846545458,0.30846197762002703,,,,1,44.07439846545458,0.007978172972798347,0.019061127677559853,0.003344232216477394,0.6295015227957373
2025-09-12,fold_7,"Inflation bear, AI rally and 2025",0.001935301348567009,1,0.00852047000080347,1,0.00852047000080347,0.3169824476208305,,,,1,85.2047000080347,0.009240847080945969,0.021400216966867447,0.001935301348567009,1.2054363075401078
2025-09-15,fold_7,"Inflation bear, AI rally and 2025",0.0015292372554540634,1,-0.0008454403723590076,-1,-0.0008454403723590076,0.3161370072484715,,,,0,-8.454403723590076,0.008963597938418388,0.01878230646252632,0.0015292372554540634,-0.11654796916406615
2025-09-16,fold_7,"Inflation bear, AI rally and 2025",0.0053587500005960464,1,-0.0019978368654847145,-1,-0.0019978368654847145,0.3141391703829868,,,,0,-19.978368654847145,0.011268984526395798,0.012963303364813328,0.0053587500005960464,-0.2753385942654289
2025-09-17,fold_7,"Inflation bear, AI rally and 2025",0.0016785282641649246,1,0.008976494893431664,1,0.008976494893431664,0.32311566527641844,,,,1,89.76494893431664,0.008718153461813927,0.01144441682845354,0.0016785282641649246,1.3607346414331145
2025-09-18,fold_7,"Inflation bear, AI rally and 2025",0.0016624201089143753,1,0.006746530067175627,1,0.006746530067175627,0.32986219534359407,,,,1,67.46530067175627,0.011200636625289917,-0.001852678949944675,0.0016624201089143753,0.9971799293033602
2025-09-19,fold_7,"Inflation bear, AI rally and 2025",0.0036584194749593735,1,0.005902559962123632,1,0.005902559962123632,0.3357647553057177,,,,1,59.025599621236324,0.01051262766122818,-0.004496766719967127,0.0036584194749593735,0.8612280707817476
2025-09-22,fold_7,"Inflation bear, AI rally and 2025",0.006210437044501305,1,-0.00666444469243288,-1,-0.00666444469243288,0.3291003106132848,,,,0,-66.6444469243288,0.016102608293294907,-0.005778889171779156,0.006210437044501305,-1.095695263592265
2025-09-23,fold_7,"Inflation bear, AI rally and 2025",0.004078486934304237,1,-0.003516722936183214,-1,-0.003516722936183214,0.3255835876771016,,,,0,-35.16722936183214,0.016700727865099907,0.0036210042890161276,0.004078486934304237,-0.5645837122021672
2025-09-24,fold_7,"Inflation bear, AI rally and 2025",0.0021828729659318924,1,-0.004320601467043161,-1,-0.004320601467043161,0.32126298621005844,,,,0,-43.206014670431614,0.012663662433624268,0.011923212558031082,0.0021828729659318924,-0.6952956867216374
2025-09-25,fold_7,"Inflation bear, AI rally and 2025",0.001521209254860878,1,0.004102441947907209,1,0.004102441947907209,0.32536542815796565,,,,1,41.024419479072094,0.01927625946700573,0.02034645900130272,0.001521209254860878,0.6533257981723073
2025-09-26,fold_7,"Inflation bear, AI rally and 2025",0.002512959763407707,1,0.0046204375103116035,1,0.0046204375103116035,0.32998586566827726,,,,1,46.204375103116035,0.018826264888048172,0.012025424279272556,0.002512959763407707,0.746356600807675
2025-09-29,fold_7,"Inflation bear, AI rally and 2025",0.0024192240089178085,1,0.002735448768362403,1,0.002735448768362403,0.33272131443663966,,,,1,27.35448768362403,0.012595217674970627,0.014887053519487381,0.0024192240089178085,0.4789916015347059
2025-09-30,fold_7,"Inflation bear, AI rally and 2025",-0.0012445822358131409,-1,0.004785485565662384,1,-0.004785485565662384,0.3279358288709773,,,,0,-47.85485565662384,0.014277596026659012,0.006872063037008047,-0.0012445822358131409,0.881875034282518
2025-10-01,fold_7,"Inflation bear, AI rally and 2025",-0.0002764556556940079,-1,0.004102644510567188,1,-0.004102644510567188,0.3238331843604101,,,,0,-41.02644510567188,0.012694276869297028,0.01348517369478941,-0.0002764556556940079,0.7820441076156708
2025-10-02,fold_7,"Inflation bear, AI rally and 2025",-0.0016543082892894745,-1,-0.004218591842800379,-1,0.004218591842800379,0.32805177620321047,,,,1,42.18591842800379,0.007408452685922384,0.008171569555997849,-0.0016543082892894745,-0.8557317218921436
2025-10-03,fold_7,"Inflation bear, AI rally and 2025",-0.000599302351474762,-1,0.007482066750526428,1,-0.007482066750526428,0.32056970945268404,,,,0,-74.82066750526428,0.011750834062695503,-0.02294095605611801,-0.000599302351474762,1.4937609204365878
2025-10-06,fold_7,"Inflation bear, AI rally and 2025",0.002123260870575905,1,-0.005279541946947575,-1,-0.005279541946947575,0.31529016750573646,,,,0,-52.795419469475746,0.009477678686380386,-0.00942372065037489,0.002123260870575905,-1.0216646254540132
2025-10-07,fold_7,"Inflation bear, AI rally and 2025",0.00015156902372837067,1,0.01139859575778246,1,0.01139859575778246,0.3266887632635189,,,,1,113.98595757782459,0.009765896946191788,-0.010827412828803062,0.00015156902372837067,2.165864902452659
2025-10-08,fold_7,"Inflation bear, AI rally and 2025",0.0009424742311239243,1,-0.0012109596282243729,-1,-0.0012109596282243729,0.32547780363529455,,,,0,-12.109596282243729,0.013563593849539757,-0.015193992294371128,0.0009424742311239243,-0.20710450937279112
2025-10-09,fold_7,"Inflation bear, AI rally and 2025",-0.001170983538031578,-1,-0.0353311188519001,-1,0.0353311188519001,0.36080892248719465,,,,1,353.311188519001,0.012287342920899391,-0.01769283600151539,-0.001170983538031578,-6.190099209469844
2025-10-10,fold_7,"Inflation bear, AI rally and 2025",0.006590874865651131,1,0.020999303087592125,1,0.020999303087592125,0.3818082255747868,,,,1,209.99303087592125,0.03130485862493515,0.024183519184589386,0.006590874865651131,2.1656736954973526
2025-10-13,fold_7,"Inflation bear, AI rally and 2025",0.0036845598369836807,1,-0.006683234125375748,-1,-0.006683234125375748,0.375124991449411,,,,0,-66.83234125375748,0.013084400445222855,0.01570628583431244,0.0036845598369836807,-0.6302711987652501
2025-10-14,fold_7,"Inflation bear, AI rally and 2025",0.004230087623000145,1,0.007032016292214394,1,0.007032016292214394,0.3821570077416254,,,,1,70.32016292214394,0.019009744748473167,0.022127928212285042,0.004230087623000145,0.656776523455626
2025-10-15,fold_7,"Inflation bear, AI rally and 2025",0.0043035838752985,1,-0.0037098024040460587,-1,-0.0037098024040460587,0.37844720533757936,,,,0,-37.09802404046059,0.019137030467391014,0.005415184423327446,0.0043035838752985,-0.3431036216291272
2025-10-16,fold_7,"Inflation bear, AI rally and 2025",0.004181908443570137,1,0.006545236799865961,1,0.006545236799865961,0.3849924421374453,,,,1,65.45236799865961,0.020275484770536423,0.017496326938271523,0.004181908443570137,0.6141795166647341
2025-10-17,fold_7,"Inflation bear, AI rally and 2025",0.006461011245846748,1,0.012522069737315178,1,0.012522069737315178,0.3975145118747605,,,,1,125.22069737315178,0.01646367274224758,0.021572764962911606,0.006461011245846748,1.1757149166181942
2025-10-20,fold_7,"Inflation bear, AI rally and 2025",0.00739164836704731,1,-0.00026159174740314484,-1,-0.00026159174740314484,0.39725292012735736,,,,0,-2.6159174740314484,0.012115972116589546,0.02670317515730858,0.00739164836704731,-0.023926513409431638
2025-10-21,fold_7,"Inflation bear, AI rally and 2025",0.004629848524928093,1,-0.009680728428065777,-1,-0.009680728428065777,0.3875721916992916,,,,0,-96.80728428065777,0.008354540914297104,0.03462529554963112,0.004629848524928093,-0.8937772036216127
2025-10-22,fold_7,"Inflation bear, AI rally and 2025",0.005948884412646294,1,0.008371341042220592,1,0.008371341042220592,0.39594353274151217,,,,1,83.71341042220592,0.007712995167821646,0.04879889264702797,0.005948884412646294,0.7598277720253334
2025-10-23,fold_7,"Inflation bear, AI rally and 2025",0.005100855603814125,1,0.010621673427522182,1,0.010621673427522182,0.40656520616903435,,,,1,106.21673427522182,0.0015195277519524097,0.025020860135555267,0.005100855603814125,0.9540309455168327
2025-10-24,fold_7,"Inflation bear, AI rally and 2025",0.002038387581706047,1,0.01765247993171215,1,0.01765247993171215,0.4242176861007465,,,,1,176.5247993171215,0.005385600496083498,0.019211603328585625,0.002038387581706047,1.5557006495301577
2025-10-27,fold_7,"Inflation bear, AI rally and 2025",-0.004854291677474976,-1,0.007660527713596821,1,-0.007660527713596821,0.4165571583871497,,,,0,-76.60527713596821,-0.0016124006360769272,0.006332420278340578,-0.004854291677474976,0.6400089901114824
2025-10-28,fold_7,"Inflation bear, AI rally and 2025",-0.0023762285709381104,-1,0.004492870531976223,1,-0.004492870531976223,0.41206428785517346,,,,0,-44.92870531976223,0.0027712308801710606,-0.021835021674633026,-0.0023762285709381104,0.37205342136019226
2025-10-29,fold_7,"Inflation bear, AI rally and 2025",0.0008199270814657211,1,-0.015406693331897259,-1,-0.015406693331897259,0.3966575945232762,,,,0,-154.0669333189726,0.008287034928798676,-0.019840959459543228,0.0008199270814657211,-1.2764184630714328
2025-10-30,fold_7,"Inflation bear, AI rally and 2025",0.0037587005645036697,1,0.00481241662055254,1,0.00481241662055254,0.40147001114382874,,,,1,48.1241662055254,0.015444166958332062,-0.02323727495968342,0.0037587005645036697,0.3844184108543597
2025-10-31,fold_7,"Inflation bear, AI rally and 2025",0.006160864606499672,1,0.004773298278450966,1,0.004773298278450966,0.4062433094222797,,,,1,47.73298278450966,0.015598312020301819,-0.03121001087129116,0.006160864606499672,0.3809678203254386
2025-11-03,fold_7,"Inflation bear, AI rally and 2025",0.005983306095004082,1,-0.02050691470503807,-1,-0.02050691470503807,0.38573639471724164,,,,0,-205.0691470503807,0.015508456155657768,-0.014100291766226292,0.005983306095004082,-1.645425497330582
2025-11-04,fold_7,"Inflation bear, AI rally and 2025",0.0030985940247774124,1,0.006486933678388596,1,0.006486933678388596,0.39222332839563023,,,,1,64.86933678388596,0.017492884770035744,0.003739549545571208,0.0030985940247774124,0.4904235227950415
2025-11-05,fold_7,"Inflation bear, AI rally and 2025",-0.001024225726723671,-1,-0.018803009763360023,-1,0.018803009763360023,0.41102633815899026,,,,1,188.03009763360023,0.010942569002509117,-0.0035360476467758417,-0.001024225726723671,-1.4397275540722754
2025-11-06,fold_7,"Inflation bear, AI rally and 2025",0.004809970036149025,1,-0.0031603185925632715,-1,-0.0031603185925632715,0.407866019566427,,,,0,-31.603185925632715,0.005493410397320986,-0.005360324867069721,0.004809970036149025,-0.23038518248782683
2025-11-07,fold_7,"Inflation bear, AI rally and 2025",0.0050199199467897415,1,0.02188301645219326,1,0.02188301645219326,0.42974903601862025,,,,1,218.8301645219326,0.004184311721473932,-0.0014442570973187685,0.0050199199467897415,1.9475170148969252
2025-11-10,fold_7,"Inflation bear, AI rally and 2025",0.005439819768071175,1,-0.002667073393240571,-1,-0.002667073393240571,0.4270819626253797,,,,0,-26.67073393240571,-0.011246636509895325,-0.03190450370311737,0.005439819768071175,-0.23559951962183132
2025-11-11,fold_7,"Inflation bear, AI rally and 2025",0.010237129405140877,1,-0.0007886635139584541,-1,-0.0007886635139584541,0.4262932991114212,,,,0,-7.886635139584541,0.004619263578206301,-0.04148799180984497,0.010237129405140877,-0.07018370771346462
2025-11-12,fold_7,"Inflation bear, AI rally and 2025",0.009974727407097816,1,-0.020627286285161972,-1,-0.020627286285161972,0.40566601282625925,,,,0,-206.27286285161972,0.019901374354958534,-0.034746989607810974,0.009974727407097816,-1.853642922140871
2025-11-13,fold_7,"Inflation bear, AI rally and 2025",0.006531132385134697,1,0.0007557492353953421,1,0.0007557492353953421,0.4064217620616546,,,,1,7.557492353953421,0.014805147424340248,-0.03807619959115982,0.006531132385134697,0.06288792179286838
2025-11-14,fold_7,"Inflation bear, AI rally and 2025",0.006049012765288353,1,-0.008577228523790836,-1,-0.008577228523790836,0.39784453353786375,,,,0,-85.77228523790836,0.0006175567395985126,-0.03134717792272568,0.006049012765288353,-0.7190147203950206
2025-11-17,fold_7,"Inflation bear, AI rally and 2025",0.005491150543093681,1,-0.012250563129782677,-1,-0.012250563129782677,0.3855939704080811,,,,0,-122.50563129782677,-0.003959525376558304,0.0024817129597067833,0.005491150543093681,-1.042298205062926
2025-11-18,fold_7,"Inflation bear, AI rally and 2025",0.013902520760893822,1,0.0059523372910916805,1,0.0059523372910916805,0.39154630769917276,,,,1,59.523372910916805,-0.010462701320648193,0.020877135917544365,0.013902520760893822,0.49322207919352573
2025-11-19,fold_7,"Inflation bear, AI rally and 2025",0.011674618348479271,1,-0.02395649440586567,-1,-0.02395649440586567,0.3675898132933071,,,,0,-239.5649440586567,-0.015830716118216515,0.02372167818248272,0.011674618348479271,-2.0052447494274688
2025-11-20,fold_7,"Inflation bear, AI rally and 2025",0.023197447881102562,1,0.007484769448637962,1,0.007484769448637962,0.37507458274194505,,,,1,74.84769448637962,-0.009538480080664158,0.055752597749233246,0.023197447881102562,0.5775990910985691
2025-11-21,fold_7,"Inflation bear, AI rally and 2025",0.021581923589110374,1,0.025251662358641624,1,0.025251662358641624,0.4003262451005867,,,,1,252.51662358641624,-0.017980003729462624,0.04490327462553978,0.021581923589110374,1.9653590753917458
2025-11-24,fold_7,"Inflation bear, AI rally and 2025",0.014108153060078621,1,0.006144860293716192,1,0.006144860293716192,0.40647110539430287,,,,1,61.44860293716192,-0.0361110158264637,0.027447156608104706,0.014108153060078621,0.45626205881541687
2025-11-25,fold_7,"Inflation bear, AI rally and 2025",0.010589977726340294,1,0.008796879090368748,1,0.008796879090368748,0.4152679844846716,,,,1,87.96879090368748,-0.018119432032108307,0.02374311164021492,0.010589977726340294,0.6550691216377408
2025-11-26,fold_7,"Inflation bear, AI rally and 2025",0.003601623699069023,1,0.008074427023530006,1,0.008074427023530006,0.4233424115082016,,,,1,80.74427023530006,-0.012229467742145061,0.014015650376677513,0.003601623699069023,0.5965591048813538
2025-11-28,fold_7,"Inflation bear, AI rally and 2025",0.0036001671105623245,1,-0.0033645550720393658,-1,-0.0033645550720393658,0.41997785643616226,,,,0,-33.64555072039366,-0.0041299015283584595,0.010010326281189919,0.0036001671105623245,-0.25463658553309576
2025-12-01,fold_7,"Inflation bear, AI rally and 2025",0.004126051440834999,1,0.007795544341206551,1,0.007795544341206551,0.4277734007773688,,,,1,77.9554434120655,-0.006255425047129393,0.011454490013420582,0.004126051440834999,0.5909859154765658
2025-12-02,fold_7,"Inflation bear, AI rally and 2025",0.004537204280495644,1,0.0024408164899796247,1,0.0024408164899796247,0.43021421726734843,,,,1,24.408164899796247,0.0026068114675581455,0.004891549237072468,0.004537204280495644,0.18403833411928913
2025-12-03,fold_7,"Inflation bear, AI rally and 2025",0.0036364179104566574,1,-0.0009305825224146247,-1,-0.0009305825224146247,0.4292836347449338,,,,0,-9.305825224146247,-0.008080845698714256,0.00653810752555728,0.0036364179104566574,-0.07470613097210492
2025-12-04,fold_7,"Inflation bear, AI rally and 2025",0.0015970151871442795,1,0.004069102928042412,1,0.004069102928042412,0.4333527376729762,,,,1,40.69102928042412,-0.00453607551753521,0.004229042213410139,0.0015970151871442795,0.3288540497593342
2025-12-05,fold_7,"Inflation bear, AI rally and 2025",0.002104317769408226,1,-0.0019203914562240243,-1,-0.0019203914562240243,0.4314323462167522,,,,0,-19.203914562240243,0.0015141097828745842,-0.01914352923631668,0.002104317769408226,-0.16451758365576602
2025-12-08,fold_7,"Inflation bear, AI rally and 2025",0.00048854760825634,1,0.0012326041469350457,1,0.0012326041469350457,0.43266495036368724,,,,1,12.326041469350457,0.0021561142057180405,-0.02225513942539692,0.00048854760825634,0.10571795040473164
2025-12-09,fold_7,"Inflation bear, AI rally and 2025",0.005093572661280632,1,0.00408737501129508,1,0.00408737501129508,0.4367523253749823,,,,1,40.8737501129508,0.010669117793440819,-0.02150787226855755,0.005093572661280632,0.3860940742634263
2025-12-10,fold_7,"Inflation bear, AI rally and 2025",0.0025254879146814346,1,-0.0032396477181464434,-1,-0.0032396477181464434,0.4335126776568359,,,,0,-32.396477181464434,0.0049735247157514095,-0.04430621117353439,0.0025254879146814346,-0.305364873438464
2025-12-11,fold_7,"Inflation bear, AI rally and 2025",0.0062724519520998,1,-0.019303468987345695,-1,-0.019303468987345695,0.4142092086694902,,,,0,-193.03468987345695,0.009045101702213287,-0.02668045461177826,0.0062724519520998,-1.8155420144186112
2025-12-12,fold_7,"Inflation bear, AI rally and 2025",0.004461375996470451,1,-0.005032000597566366,-1,-0.005032000597566366,0.4091772080719238,,,,0,-50.32000597566366,0.019559374079108238,0.005574300419539213,0.004461375996470451,-0.47890443142588723
2025-12-15,fold_7,"Inflation bear, AI rally and 2025",0.009548591449856758,1,0.0019798711873590946,1,0.0019798711873590946,0.4111570792592829,,,,1,19.798711873590946,0.015585709363222122,0.01538827270269394,0.009548591449856758,0.18738061852739712
2025-12-16,fold_7,"Inflation bear, AI rally and 2025",0.00910097174346447,1,-0.018710967153310776,-1,-0.018710967153310776,0.39244611210597213,,,,0,-187.10967153310776,0.02375284768640995,0.018080780282616615,0.00910097174346447,-1.7991417330474324
2025-12-17,fold_7,"Inflation bear, AI rally and 2025",0.01009269617497921,1,0.014386109076440334,1,0.014386109076440334,0.40683222118241247,,,,1,143.86109076440334,0.004585354123264551,0.039713069796562195,0.01009269617497921,1.3234520309883862
2025-12-18,fold_7,"Inflation bear, AI rally and 2025",0.01119733415544033,1,0.012951286509633064,1,0.012951286509633064,0.41978350769204553,,,,1,129.51286509633064,-0.007499223574995995,0.025262802839279175,0.01119733415544033,1.1504351940592996
2025-12-19,fold_7,"Inflation bear, AI rally and 2025",0.005106894299387932,1,0.00478197168558836,1,0.00478197168558836,0.4245654793776339,,,,1,47.8197168558836,0.008873265236616135,0.007459201384335756,0.005106894299387932,0.4635322635963407
